variant,n_hvg,rep,heads_beat_mean,heads_beat_std,val_mse_mean,n_total
hvg5000,5000,X_pca,211.8,72.80494488700613,0.010525633543968783,545
hvg5000,5000,X_scGPT,189.2,94.03276024875586,0.010680982093939756,545
