rep,seed,drug,cell_line,n_cells,within_line_sd,line_mean_pred
X_pca,42,doxorubicin,NCIH2126_LUNG,264,0.08279803900578407,0.5476203026870886
X_pca,42,doxorubicin,SW579_THYROID,217,0.08401524879271177,0.5887581137468189
X_pca,42,doxorubicin,NCIH446_LUNG,196,0.09844896283440577,0.4510988717784687
X_pca,42,doxorubicin,HEC251_ENDOMETRIUM,107,0.09314097430125873,0.5758250241524705
X_pca,42,doxorubicin,MFE319_ENDOMETRIUM,191,0.10242360068606544,0.513082604289679
X_pca,42,doxorubicin,SKNAS_AUTONOMIC_GANGLIA,226,0.09485053141864115,0.38459166185518284
X_pca,42,doxorubicin,NCIH2452_PLEURA,538,0.07797401133701032,0.6074897535560743
X_pca,42,doxorubicin,COLO741_SKIN,329,0.0960491210707457,0.46506433664484226
X_pca,42,doxorubicin,KNS42_CENTRAL_NERVOUS_SYSTEM,172,0.1270719394961055,0.5873710688116939
X_pca,42,doxorubicin,MCF7_BREAST,143,0.07546937402407433,0.880169677150833
X_pca,42,doxorubicin,HT1197_URINARY_TRACT,74,0.10591004441524773,0.5569335363201193
X_pca,42,doxorubicin,SNU899_UPPER_AERODIGESTIVE_TRACT,83,0.06826002012815353,0.4143246448183634
X_pca,42,doxorubicin,HCC38_BREAST,200,0.11780411356685833,0.6424624109268189
X_pca,42,doxorubicin,SNU308_BILIARY_TRACT,94,0.09853421337717924,0.596688577786405
X_pca,42,doxorubicin,SW1271_LUNG,115,0.12650674558273145,0.6432389508122983
X_pca,42,doxorubicin,TM31_CENTRAL_NERVOUS_SYSTEM,116,0.08855007406826139,0.5157133582337149
X_pca,42,doxorubicin,NCIH747_LARGE_INTESTINE,80,0.08467768300030931,0.7005089286714792
X_pca,42,doxorubicin,KPNSI9S_AUTONOMIC_GANGLIA,129,0.10150594858976662,0.3954194382179615
X_pca,42,doxorubicin,SQ1_LUNG,238,0.0816840043948641,0.5693108399375146
X_pca,42,doxorubicin,IALM_LUNG,322,0.11662263074111917,0.44405258109110485
X_pca,42,doxorubicin,BT474_BREAST,125,0.09369287255271945,0.6954623072147369
X_pca,42,doxorubicin,DKMG_CENTRAL_NERVOUS_SYSTEM,271,0.10418111119262738,0.4810443877953885
X_pca,42,doxorubicin,BT549_BREAST,266,0.10906118363392625,0.5287037187052849
X_pca,42,doxorubicin,BICR6_UPPER_AERODIGESTIVE_TRACT,286,0.09003706517747732,0.6044052564180814
X_pca,42,doxorubicin,SH10TC_STOMACH,351,0.08843604368771212,0.7717716343212672
X_pca,42,doxorubicin,UMUC1_URINARY_TRACT,197,0.08136849140255085,0.5060994879243338
X_pca,42,doxorubicin,LS1034_LARGE_INTESTINE,146,0.10167321317340884,0.6390051396742259
X_pca,42,doxorubicin,CCFSTTG1_CENTRAL_NERVOUS_SYSTEM,246,0.09870565005235706,0.5459577761045317
X_pca,42,doxorubicin,NCIH226_LUNG,235,0.11915535493657013,0.656543259417757
X_pca,42,doxorubicin,LNCAPCLONEFGC_PROSTATE,129,0.10103465291689051,0.4407840084659961
X_pca,42,doxorubicin,RCC10RGB_KIDNEY,233,0.09364027229235945,0.6420878582502128
X_pca,42,doxorubicin,RERFLCAD1_LUNG,243,0.1004857942173806,0.6473063777503654
X_pca,42,doxorubicin,SKMEL2_SKIN,276,0.1295181337688083,0.6004250098181807
X_pca,42,doxorubicin,BICR31_UPPER_AERODIGESTIVE_TRACT,248,0.08556848769770481,0.5442442835098312
X_pca,42,doxorubicin,RCM1_LARGE_INTESTINE,128,0.08886182596054683,0.6833508531562984
X_pca,42,doxorubicin,COV434_OVARY,88,0.1404355767401631,0.5079488530755043
X_pca,42,doxorubicin,SNU1079_BILIARY_TRACT,73,0.14940877427924876,0.7599573804907602
X_pca,42,doxorubicin,YD38_UPPER_AERODIGESTIVE_TRACT,624,0.11672749879975944,0.5470201674466714
X_pca,42,doxorubicin,NCIH1299_LUNG,534,0.10936267409772833,0.5468561916650457
X_pca,42,doxorubicin,IGR37_SKIN,347,0.11543112835860381,0.48921422887947785
X_pca,42,doxorubicin,BFTC909_KIDNEY,379,0.12028166075216386,0.60433622762207
X_pca,42,doxorubicin,NCIH460_LUNG,837,0.09127118440469395,0.4778710719077818
X_pca,42,doxorubicin,IGR1_SKIN,725,0.08377646113834772,0.6103479930861243
X_pca,42,doxorubicin,VMCUB1_URINARY_TRACT,478,0.1234539246134137,0.5306977430771584
X_pca,42,doxorubicin,JHOC5_OVARY,145,0.10555188507207365,0.5875246064416293
X_pca,42,doxorubicin,42MGBA_CENTRAL_NERVOUS_SYSTEM,518,0.14717382184136735,0.46061246143114615
X_pca,42,doxorubicin,HT1080_SOFT_TISSUE,516,0.10260303660635127,0.4556296903264615
X_pca,42,doxorubicin,LI7_LIVER,196,0.15747722985824522,0.6825553159020386
X_pca,42,doxorubicin,A375_SKIN,593,0.09350434788244597,0.5837350463083181
X_pca,42,doxorubicin,FTC133_THYROID,140,0.09664804158422975,0.6387814319559506
X_pca,42,doxorubicin,OVK18_OVARY,178,0.10786100510065985,0.5285729094502631
X_pca,42,doxorubicin,ACCMESO1_PLEURA,162,0.12719844466310162,0.7358553959631625
X_pca,42,doxorubicin,HMC18_BREAST,293,0.10175088151713384,0.5136671190375761
X_pca,42,doxorubicin,TOV112D_OVARY,78,0.08912873737001033,0.3447615110721344
X_pca,42,doxorubicin,JHH6_LIVER,206,0.0963304966584287,0.682019083968644
X_pca,42,doxorubicin,A2058_SKIN,294,0.10815362418722553,0.5551102701701275
X_pca,42,doxorubicin,NCIH2110_LUNG,1990,0.08786950320902279,0.6228170740394736
X_pca,42,doxorubicin,NCIH650_LUNG,271,0.1005050725776734,0.5606282278620449
X_pca,42,doxorubicin,EFE184_ENDOMETRIUM,86,0.12250611004553379,0.5972868328870728
X_pca,42,doxorubicin,HUPT3_PANCREAS,136,0.10714133362307442,0.6839881745331428
X_pca,42,doxorubicin,MDAMB361_BREAST,135,0.08629117552606333,0.7366435256269243
X_pca,42,doxorubicin,BCPAP_THYROID,152,0.10503723729112274,0.4660234425805117
X_pca,42,doxorubicin,PECAPJ49_UPPER_AERODIGESTIVE_TRACT,202,0.1195196463871014,0.5569025418250868
X_pca,42,doxorubicin,EKVX_LUNG,146,0.1139411434576586,0.5861325327255954
X_pca,42,doxorubicin,BICR56_UPPER_AERODIGESTIVE_TRACT,81,0.06010088387906072,0.4418797055144369
X_pca,42,doxorubicin,NCIH2170_LUNG,142,0.12170403759304114,0.5230390991963131
X_pca,42,doxorubicin,DETROIT562_UPPER_AERODIGESTIVE_TRACT,163,0.10097730487472621,0.506605312319621
X_pca,42,doxorubicin,SW1088_CENTRAL_NERVOUS_SYSTEM,128,0.13523293000459458,0.5161758118774742
X_pca,42,doxorubicin,BHY_UPPER_AERODIGESTIVE_TRACT,145,0.08125612409761064,0.530590563601461
X_pca,42,doxorubicin,CAS1_CENTRAL_NERVOUS_SYSTEM,133,0.11209760151351685,0.5317005432189855
X_pca,42,doxorubicin,HCC1428_BREAST,127,0.0806547207040475,0.713259650027658
X_pca,42,doxorubicin,HDQP1_BREAST,64,0.10601525374805665,0.5865253945812583
X_pca,42,doxorubicin,OSRC2_KIDNEY,126,0.07504743697548377,0.7832388731222304
X_pca,42,doxorubicin,HUPT4_PANCREAS,56,0.08914091857727577,0.6588261340345655
X_pca,42,doxorubicin,TCCSUP_URINARY_TRACT,316,0.09240775471534171,0.5948133154571811
X_pca,42,doxorubicin,VMRCRCZ_KIDNEY,300,0.11114499394708648,0.7333704560001691
X_pca,42,doxorubicin,PK59_PANCREAS,174,0.09552714188469495,0.7372537700609229
X_pca,42,doxorubicin,HUH6_LIVER,338,0.11670928577453117,0.6338639462135247
X_pca,42,doxorubicin,MSTO211H_PLEURA,297,0.1087107760160846,0.6563806382293251
X_pca,42,doxorubicin,HS852T_SKIN,162,0.09174046190409633,0.6902032303221431
X_pca,42,doxorubicin,SKMEL30_SKIN,353,0.11580764475132041,0.6890755137877154
X_pca,42,doxorubicin,T47D_BREAST,221,0.09484188336256674,0.6325992546739622
X_pca,42,doxorubicin,CALU6_LUNG,258,0.11344081440059155,0.6889041024585103
X_pca,42,doxorubicin,NCIH522_LUNG,208,0.08002276829281166,0.31385333965031
X_pca,42,doxorubicin,LMSU_STOMACH,255,0.09672232996847603,0.4723162573926589
X_pca,42,doxorubicin,SNUC4_LARGE_INTESTINE,467,0.10174488729386279,0.5821560854191954
X_pca,42,doxorubicin,RVH421_SKIN,239,0.14607932846944666,0.5939440742197396
X_pca,42,doxorubicin,OVSAHO_OVARY,227,0.10033201650272391,0.5947711037119054
X_pca,42,doxorubicin,GOS3_CENTRAL_NERVOUS_SYSTEM,191,0.13306524028125152,0.6193528601324371
X_pca,42,doxorubicin,SNU738_CENTRAL_NERVOUS_SYSTEM,379,0.10281270101024596,0.6078478307868685
X_pca,42,doxorubicin,PC3_PROSTATE,169,0.11727486524494486,0.7393003190762898
X_pca,42,doxorubicin,PATU8988S_PANCREAS,244,0.10642586670536441,0.9167923216448456
X_pca,42,doxorubicin,OVTOKO_OVARY,209,0.0750969687922997,0.7448283513767298
X_pca,42,doxorubicin,TE1_OESOPHAGUS,206,0.1222124489572593,0.5056450614362087
X_pca,42,doxorubicin,NCIH2087_LUNG,219,0.10137099628621274,0.5654000005765593
X_pca,42,doxorubicin,EFM192A_BREAST,333,0.077585401894327,0.5978494636468343
X_pca,42,doxorubicin,SNU423_LIVER,212,0.11142144493176498,0.5484595072438132
X_pca,42,doxorubicin,KPL1_BREAST,276,0.06782396430094612,0.6937512138831443
X_pca,42,doxorubicin,NCIH358_LUNG,336,0.12845969445667688,0.5696699294660773
X_pca,42,doxorubicin,COLO792_SKIN,271,0.1197995264421785,0.5048763570530388
X_pca,42,doxorubicin,KYSE520_OESOPHAGUS,323,0.08580405531494859,0.5656799713709036
X_pca,42,doxorubicin,KMRC3_KIDNEY,245,0.09480012348493769,0.7876427064136583
X_pca,42,doxorubicin,MKN7_STOMACH,258,0.09452091754756631,0.6532409454500953
X_pca,42,doxorubicin,NCIH1944_LUNG,414,0.1209756377616453,0.5314242312873619
X_pca,42,doxorubicin,TE6_OESOPHAGUS,551,0.08991834710437109,0.5131448999507024
X_pca,42,doxorubicin,ZR751_BREAST,309,0.08839614002666887,0.6966704202508464
X_pca,42,doxorubicin,PANC0203_PANCREAS,506,0.07308282899279894,0.504519279177481
X_pca,42,doxorubicin,SW1990_PANCREAS,307,0.102450052760167,0.7379583327117882
X_pca,42,doxorubicin,RD_SOFT_TISSUE,261,0.12900440656991005,0.5579174728457499
X_pca,42,doxorubicin,NCIH1792_LUNG,111,0.15882596484060368,0.427081005261825
X_pca,42,doxorubicin,PK45H_PANCREAS,271,0.12489402463437475,0.6035295033146975
X_pca,42,doxorubicin,LS180_LARGE_INTESTINE,361,0.07982446297735388,0.7470807546228583
X_pca,42,doxorubicin,RERFLCAI_LUNG,763,0.07958175863027599,0.7403686857082897
X_pca,42,doxorubicin,CAMA1_BREAST,291,0.07697976809169625,0.6355937646631523
X_pca,42,doxorubicin,SNU449_LIVER,282,0.07329933769814398,0.635569210910628
X_pca,42,doxorubicin,A204_SOFT_TISSUE,250,0.12479155966785155,0.4185538362264633
X_pca,42,doxorubicin,MKN45_STOMACH,118,0.09498550791606078,0.6301348603377908
X_pca,42,doxorubicin,HEP3B217_LIVER,118,0.07690659096045122,0.5159443316318221
X_pca,42,doxorubicin,HOS_BONE,829,0.1354174153929532,0.4393771175739992
X_pca,42,doxorubicin,EBC1_LUNG,186,0.09025844949833804,0.5399711673618645
X_pca,42,doxorubicin,NCIH292_LUNG,213,0.07796028094656719,0.47561960237126955
X_pca,42,doxorubicin,OUMS23_LARGE_INTESTINE,107,0.07272081239299374,0.574769082470475
X_pca,42,doxorubicin,HEC151_ENDOMETRIUM,250,0.10953304310688966,0.5581782788038254
X_pca,42,doxorubicin,NCIH1373_LUNG,164,0.10088101253427276,0.6916541486251645
X_pca,42,doxorubicin,TE9_OESOPHAGUS,248,0.07891987262786013,0.5408599183203713
X_pca,42,doxorubicin,HCC56_LARGE_INTESTINE,99,0.07053536834047801,0.7190511341046806
X_pca,42,doxorubicin,HT55_LARGE_INTESTINE,211,0.07722074204332659,0.7801628398104301
X_pca,42,doxorubicin,RT4_URINARY_TRACT,106,0.08384010908859678,0.5804652268031858
X_pca,42,doxorubicin,SKES1_BONE,91,0.09743201147641452,0.48422941663763025
X_pca,42,doxorubicin,NCIH1435_LUNG,267,0.07638523332242164,0.5424269954586743
X_pca,42,doxorubicin,8305C_THYROID,459,0.1116757381542304,0.42740458626632855
X_pca,42,doxorubicin,NCIH2228_LUNG,367,0.07167360680354963,0.6695886471128594
X_pca,42,doxorubicin,TE10_OESOPHAGUS,219,0.11996814806675489,0.61932087053447
X_pca,42,doxorubicin,ASPC1_PANCREAS,290,0.1149328587355807,0.7521483277452403
X_pca,42,doxorubicin,HCC366_LUNG,202,0.0954318333022838,0.645849212266431
X_pca,42,doxorubicin,BICR16_UPPER_AERODIGESTIVE_TRACT,212,0.0882177399961407,0.5467625623041729
X_pca,42,doxorubicin,HEC6_ENDOMETRIUM,161,0.13358458899602565,0.5265595605654746
X_pca,42,doxorubicin,KALS1_CENTRAL_NERVOUS_SYSTEM,288,0.09696277831960289,0.5546628672422634
X_pca,42,doxorubicin,NCIH2444_LUNG,237,0.07262223730195075,0.523994865171014
X_pca,42,doxorubicin,SNU46_UPPER_AERODIGESTIVE_TRACT,236,0.1433269343754403,0.5569076474945424
X_pca,42,doxorubicin,OAW28_OVARY,161,0.06311859906641445,0.5833126969218995
X_pca,42,doxorubicin,SNU1214_UPPER_AERODIGESTIVE_TRACT,188,0.08683506081434011,0.6812065605153429
X_pca,42,doxorubicin,SKMEL5_SKIN,297,0.1636836617808095,0.7249057252800425
X_pca,42,doxorubicin,OVCAR4_OVARY,283,0.08839343407896198,0.7509716559635877
X_pca,42,doxorubicin,UACC257_SKIN,239,0.10127551914843518,0.6303319460926694
X_pca,42,doxorubicin,ONCODG1_OVARY,270,0.08314223473129242,0.7008216935175436
X_pca,42,doxorubicin,HUH28_BILIARY_TRACT,139,0.10973210510994286,0.538931108421559
X_pca,42,doxorubicin,IM95_STOMACH,185,0.10803458475230941,0.7975475736566492
X_pca,42,doxorubicin,TE14_OESOPHAGUS,474,0.09116127936224043,0.576371776340883
X_pca,42,doxorubicin,CAKI2_KIDNEY,278,0.1176601031412322,0.6681754494742523
X_pca,42,doxorubicin,SU8686_PANCREAS,82,0.09172403266984108,0.6506403906316292
X_pca,42,doxorubicin,SCC25_UPPER_AERODIGESTIVE_TRACT,898,0.06334835108115104,0.510893896255302
X_pca,42,doxorubicin,SCC9_UPPER_AERODIGESTIVE_TRACT,475,0.08398525498131156,0.5393121751358635
X_pca,42,platin,NCIH2126_LUNG,264,0.07796690378697717,0.9226580727280993
X_pca,42,platin,SW579_THYROID,217,0.05745985381053159,0.9647889499840099
X_pca,42,platin,NCIH446_LUNG,196,0.05904127116546971,1.0316135898536565
X_pca,42,platin,HEC251_ENDOMETRIUM,107,0.05131250257628388,1.0418114879420985
X_pca,42,platin,MFE319_ENDOMETRIUM,191,0.07635408934384091,1.0244656280073197
X_pca,42,platin,SKNAS_AUTONOMIC_GANGLIA,226,0.06230817639048708,0.9725870598206477
X_pca,42,platin,NCIH2452_PLEURA,538,0.06749221844030892,0.9493596311173917
X_pca,42,platin,COLO741_SKIN,329,0.056609188283217496,1.060693733235623
X_pca,42,platin,KNS42_CENTRAL_NERVOUS_SYSTEM,172,0.0853387756220496,1.0923985267101333
X_pca,42,platin,MCF7_BREAST,143,0.06026187842700719,1.024690626384495
X_pca,42,platin,HT1197_URINARY_TRACT,74,0.10216559693349161,0.9148028847333547
X_pca,42,platin,SNU899_UPPER_AERODIGESTIVE_TRACT,83,0.04304543734382172,1.0036254654447716
X_pca,42,platin,HCC38_BREAST,200,0.07103822288346288,1.025087223947048
X_pca,42,platin,SNU308_BILIARY_TRACT,94,0.0881733483822318,0.9888134408504405
X_pca,42,platin,SW1271_LUNG,115,0.067501036466596,0.9873268179271533
X_pca,42,platin,TM31_CENTRAL_NERVOUS_SYSTEM,116,0.06569160070140609,1.0329466641976917
X_pca,42,platin,NCIH747_LARGE_INTESTINE,80,0.0631964049152019,0.9828274115920067
X_pca,42,platin,KPNSI9S_AUTONOMIC_GANGLIA,129,0.07087348392629579,0.9891567599865817
X_pca,42,platin,SQ1_LUNG,238,0.060242499965432475,1.0203063352769162
X_pca,42,platin,IALM_LUNG,322,0.11035165310756566,1.0112174697544263
X_pca,42,platin,BT474_BREAST,125,0.0682324609351155,0.9821161360740661
X_pca,42,platin,DKMG_CENTRAL_NERVOUS_SYSTEM,271,0.06650821040269246,1.0162668309528449
X_pca,42,platin,BT549_BREAST,266,0.07855960366244628,0.9727041566730442
X_pca,42,platin,BICR6_UPPER_AERODIGESTIVE_TRACT,286,0.06314961402454067,0.989831267536937
X_pca,42,platin,SH10TC_STOMACH,351,0.06795914840704517,0.9870757221156715
X_pca,42,platin,UMUC1_URINARY_TRACT,197,0.055857860861498514,0.9660674729928147
X_pca,42,platin,LS1034_LARGE_INTESTINE,146,0.07838216357753021,1.0172090064989376
X_pca,42,platin,CCFSTTG1_CENTRAL_NERVOUS_SYSTEM,246,0.0734058442775821,1.0792209416385588
X_pca,42,platin,NCIH226_LUNG,235,0.0795967998790854,0.9958699277106752
X_pca,42,platin,LNCAPCLONEFGC_PROSTATE,129,0.06861004872068445,0.9834346272224603
X_pca,42,platin,RCC10RGB_KIDNEY,233,0.06742339421794531,0.9441305396382901
X_pca,42,platin,RERFLCAD1_LUNG,243,0.08015064952038478,0.9151953260103861
X_pca,42,platin,SKMEL2_SKIN,276,0.07765893820034858,1.0826980890571207
X_pca,42,platin,BICR31_UPPER_AERODIGESTIVE_TRACT,248,0.059971883245743034,1.0554997630177005
X_pca,42,platin,RCM1_LARGE_INTESTINE,128,0.04318721303287813,1.0434827911667526
X_pca,42,platin,COV434_OVARY,88,0.10249748751058739,1.0211329785260288
X_pca,42,platin,SNU1079_BILIARY_TRACT,73,0.08107809713579499,1.0013129482530567
X_pca,42,platin,YD38_UPPER_AERODIGESTIVE_TRACT,624,0.0850122099549182,0.9954612335333457
X_pca,42,platin,NCIH1299_LUNG,534,0.08833840484841886,1.0628955963622317
X_pca,42,platin,IGR37_SKIN,347,0.06661079632104912,1.0670281653789004
X_pca,42,platin,BFTC909_KIDNEY,379,0.08132437222270016,0.9897887661148816
X_pca,42,platin,NCIH460_LUNG,837,0.06382853805959486,1.0975489917621817
X_pca,42,platin,IGR1_SKIN,725,0.06939372712803557,1.0643097828996593
X_pca,42,platin,VMCUB1_URINARY_TRACT,478,0.09241828582113533,0.9948736093782481
X_pca,42,platin,JHOC5_OVARY,145,0.06993778151000998,1.0420043637012613
X_pca,42,platin,42MGBA_CENTRAL_NERVOUS_SYSTEM,518,0.1219711645852478,1.0068086493889798
X_pca,42,platin,HT1080_SOFT_TISSUE,516,0.0736464653203418,1.0413054510835529
X_pca,42,platin,LI7_LIVER,196,0.10852226135031216,1.0208932693515504
X_pca,42,platin,A375_SKIN,593,0.05990991742809648,1.1087997946731156
X_pca,42,platin,FTC133_THYROID,140,0.0791292548082226,1.0607571665729796
X_pca,42,platin,OVK18_OVARY,178,0.06627011491732747,1.021682653869136
X_pca,42,platin,ACCMESO1_PLEURA,162,0.07011309044705931,0.9570367726278893
X_pca,42,platin,HMC18_BREAST,293,0.07784241639621861,1.0111162709294732
X_pca,42,platin,TOV112D_OVARY,78,0.07792372117766885,0.9800124099621406
X_pca,42,platin,JHH6_LIVER,206,0.0615859736760609,1.070572014283208
X_pca,42,platin,A2058_SKIN,294,0.08771464447539529,1.0301423883762488
X_pca,42,platin,NCIH2110_LUNG,1990,0.06324989141913306,0.9428008426074407
X_pca,42,platin,NCIH650_LUNG,271,0.0629521639693046,0.9222389310048515
X_pca,42,platin,EFE184_ENDOMETRIUM,86,0.1001397888311499,0.9908129829306935
X_pca,42,platin,HUPT3_PANCREAS,136,0.07313598979388114,1.0516918910776867
X_pca,42,platin,MDAMB361_BREAST,135,0.0648756014627913,1.070029169541818
X_pca,42,platin,BCPAP_THYROID,152,0.1055895309705972,0.9603141412923211
X_pca,42,platin,PECAPJ49_UPPER_AERODIGESTIVE_TRACT,202,0.06897455286058082,1.011789996140074
X_pca,42,platin,EKVX_LUNG,146,0.075003733896536,1.0161777412238187
X_pca,42,platin,BICR56_UPPER_AERODIGESTIVE_TRACT,81,0.05061252752744327,1.1315367781085732
X_pca,42,platin,NCIH2170_LUNG,142,0.09903267959398432,0.887098899189855
X_pca,42,platin,DETROIT562_UPPER_AERODIGESTIVE_TRACT,163,0.05951650093051681,1.0050127758570244
X_pca,42,platin,SW1088_CENTRAL_NERVOUS_SYSTEM,128,0.10746786762991131,0.9984830673784018
X_pca,42,platin,BHY_UPPER_AERODIGESTIVE_TRACT,145,0.05792992090601323,1.0303138231409008
X_pca,42,platin,CAS1_CENTRAL_NERVOUS_SYSTEM,133,0.07630697316720038,1.0259429090901424
X_pca,42,platin,HCC1428_BREAST,127,0.0640675266621321,1.0044859638364296
X_pca,42,platin,HDQP1_BREAST,64,0.06023422171345372,1.0329677145928144
X_pca,42,platin,OSRC2_KIDNEY,126,0.05183585657121995,1.1127642676943825
X_pca,42,platin,HUPT4_PANCREAS,56,0.07560850714384831,0.9316957656826291
X_pca,42,platin,TCCSUP_URINARY_TRACT,316,0.06418856670434674,1.0057454712783234
X_pca,42,platin,VMRCRCZ_KIDNEY,300,0.0816651762570788,1.0001475991805395
X_pca,42,platin,PK59_PANCREAS,174,0.0657966728113279,0.9103743430526777
X_pca,42,platin,HUH6_LIVER,338,0.07357437568889058,0.884883369214436
X_pca,42,platin,MSTO211H_PLEURA,297,0.0865007451709774,0.9451332393318715
X_pca,42,platin,HS852T_SKIN,162,0.06401491463537569,1.0368197372666113
X_pca,42,platin,SKMEL30_SKIN,353,0.08304516802246133,1.0467469633132136
X_pca,42,platin,T47D_BREAST,221,0.07425654101230482,1.0374416541729579
X_pca,42,platin,CALU6_LUNG,258,0.06602847500799897,0.9827523693557858
X_pca,42,platin,NCIH522_LUNG,208,0.060276728249225406,0.9391087391055547
X_pca,42,platin,LMSU_STOMACH,255,0.05969465445013348,0.9745058127478057
X_pca,42,platin,SNUC4_LARGE_INTESTINE,467,0.06972018407976699,0.9950516808466942
X_pca,42,platin,RVH421_SKIN,239,0.11504330071777953,1.0254796768332126
X_pca,42,platin,OVSAHO_OVARY,227,0.0582980754991877,0.9794407423897462
X_pca,42,platin,GOS3_CENTRAL_NERVOUS_SYSTEM,191,0.08113140784680054,1.0085561197465627
X_pca,42,platin,SNU738_CENTRAL_NERVOUS_SYSTEM,379,0.07372411249175098,0.9765849745682488
X_pca,42,platin,PC3_PROSTATE,169,0.10021300547494838,0.9931613358520192
X_pca,42,platin,PATU8988S_PANCREAS,244,0.0618985092118995,0.9439960139208152
X_pca,42,platin,OVTOKO_OVARY,209,0.05956626819673988,1.001647183484438
X_pca,42,platin,TE1_OESOPHAGUS,206,0.0913942159109804,0.97229307658464
X_pca,42,platin,NCIH2087_LUNG,219,0.07164999104613841,0.9321809372945463
X_pca,42,platin,EFM192A_BREAST,333,0.06039904378566251,0.9468324852061343
X_pca,42,platin,SNU423_LIVER,212,0.10326425610245152,0.9484116041435385
X_pca,42,platin,KPL1_BREAST,276,0.051491259279906505,0.992444046381591
X_pca,42,platin,NCIH358_LUNG,336,0.08530649793640455,0.9785746467255411
X_pca,42,platin,COLO792_SKIN,271,0.07250530021585058,1.026024939829133
X_pca,42,platin,KYSE520_OESOPHAGUS,323,0.07667358309967391,0.997880710721385
X_pca,42,platin,KMRC3_KIDNEY,245,0.09380341615594448,1.041123474130825
X_pca,42,platin,MKN7_STOMACH,258,0.0777505165326929,0.9285354713598887
X_pca,42,platin,NCIH1944_LUNG,414,0.10188796004413422,0.9222829985445824
X_pca,42,platin,TE6_OESOPHAGUS,551,0.07522221395082286,0.9892792710375223
X_pca,42,platin,ZR751_BREAST,309,0.08263516930922404,0.9945505342437225
X_pca,42,platin,PANC0203_PANCREAS,506,0.06580634050777345,0.9923127699982036
X_pca,42,platin,SW1990_PANCREAS,307,0.06703661897842178,0.9074251164442553
X_pca,42,platin,RD_SOFT_TISSUE,261,0.09289414821970642,0.9678238506974846
X_pca,42,platin,NCIH1792_LUNG,111,0.117536511394553,0.9195078831535202
X_pca,42,platin,PK45H_PANCREAS,271,0.09840575573324532,0.835825170977969
X_pca,42,platin,LS180_LARGE_INTESTINE,361,0.047446590146673746,1.0561920103934332
X_pca,42,platin,RERFLCAI_LUNG,763,0.06369302744583372,0.9937817096553967
X_pca,42,platin,CAMA1_BREAST,291,0.046607471278049276,1.0214455860996574
X_pca,42,platin,SNU449_LIVER,282,0.06044554005092479,1.1094036193181438
X_pca,42,platin,A204_SOFT_TISSUE,250,0.10829455927778395,0.9053927047252655
X_pca,42,platin,MKN45_STOMACH,118,0.07264102663924159,0.9986421390105102
X_pca,42,platin,HEP3B217_LIVER,118,0.0506267093078098,0.9868364733154491
X_pca,42,platin,HOS_BONE,829,0.10455994937895959,0.9554203420841507
X_pca,42,platin,EBC1_LUNG,186,0.05686903577132908,0.928107601019644
X_pca,42,platin,NCIH292_LUNG,213,0.06004169265305266,1.013999966108743
X_pca,42,platin,OUMS23_LARGE_INTESTINE,107,0.06446245301484992,1.08838940669443
X_pca,42,platin,HEC151_ENDOMETRIUM,250,0.1076094098316654,0.8982941012382507
X_pca,42,platin,NCIH1373_LUNG,164,0.05981470581667301,0.9969550305750312
X_pca,42,platin,TE9_OESOPHAGUS,248,0.07391737416482924,1.0068173533485782
X_pca,42,platin,HCC56_LARGE_INTESTINE,99,0.04761816961775064,1.0520411934515443
X_pca,42,platin,HT55_LARGE_INTESTINE,211,0.05738100647782848,1.0096847979943335
X_pca,42,platin,RT4_URINARY_TRACT,106,0.06156787266473732,0.9196884688341392
X_pca,42,platin,SKES1_BONE,91,0.05813409718741878,0.9635150530836084
X_pca,42,platin,NCIH1435_LUNG,267,0.049461658793272134,1.0390438167343425
X_pca,42,platin,8305C_THYROID,459,0.10496280663169427,0.9086966092550157
X_pca,42,platin,NCIH2228_LUNG,367,0.05600556404796553,1.0170280493247736
X_pca,42,platin,TE10_OESOPHAGUS,219,0.09792105238571616,0.8432970615826785
X_pca,42,platin,ASPC1_PANCREAS,290,0.0840805441201676,0.9355523197815336
X_pca,42,platin,HCC366_LUNG,202,0.06891370997792554,0.9914450028745254
X_pca,42,platin,BICR16_UPPER_AERODIGESTIVE_TRACT,212,0.06276287169953501,0.9004196358739205
X_pca,42,platin,HEC6_ENDOMETRIUM,161,0.08068968757593882,0.9218349134699898
X_pca,42,platin,KALS1_CENTRAL_NERVOUS_SYSTEM,288,0.04987641413928246,0.9566564030117459
X_pca,42,platin,NCIH2444_LUNG,237,0.0597983395820832,0.8875963632567523
X_pca,42,platin,SNU46_UPPER_AERODIGESTIVE_TRACT,236,0.11829027270615829,0.8370973023317628
X_pca,42,platin,OAW28_OVARY,161,0.06562184404264287,0.9059473783333108
X_pca,42,platin,SNU1214_UPPER_AERODIGESTIVE_TRACT,188,0.07155577054007342,0.9570508732440624
X_pca,42,platin,SKMEL5_SKIN,297,0.09826536877819696,1.0606976723430133
X_pca,42,platin,OVCAR4_OVARY,283,0.061243082492971654,1.025390037378237
X_pca,42,platin,UACC257_SKIN,239,0.0874995388876577,1.0325423718496347
X_pca,42,platin,ONCODG1_OVARY,270,0.04629236475478736,0.9264942321512434
X_pca,42,platin,HUH28_BILIARY_TRACT,139,0.05062486113552732,0.9616872715435439
X_pca,42,platin,IM95_STOMACH,185,0.07254505919188353,0.9895075098888294
X_pca,42,platin,TE14_OESOPHAGUS,474,0.06267455449095048,0.9334631340916146
X_pca,42,platin,CAKI2_KIDNEY,278,0.09781692590359525,0.9159733254274876
X_pca,42,platin,SU8686_PANCREAS,82,0.0661012017083605,0.9038677171963018
X_pca,42,platin,SCC25_UPPER_AERODIGESTIVE_TRACT,898,0.05619784969260475,0.950140853302516
X_pca,42,platin,SCC9_UPPER_AERODIGESTIVE_TRACT,475,0.05569417698338169,0.9599286157206485
X_pca,42,etoposide,NCIH2126_LUNG,264,0.08647349542336862,0.6965969252315435
X_pca,42,etoposide,SW579_THYROID,217,0.061731052717290825,0.9589206441756217
X_pca,42,etoposide,NCIH446_LUNG,196,0.07630759157220784,0.8221562681149464
X_pca,42,etoposide,HEC251_ENDOMETRIUM,107,0.06777889888053437,0.9934104603027629
X_pca,42,etoposide,MFE319_ENDOMETRIUM,191,0.09206535899035431,0.9062126709528618
X_pca,42,etoposide,SKNAS_AUTONOMIC_GANGLIA,226,0.09149435448456386,0.759095242461272
X_pca,42,etoposide,NCIH2452_PLEURA,538,0.07198902036613695,0.8720441619038138
X_pca,42,etoposide,COLO741_SKIN,329,0.08014542744772275,0.8532466109400462
X_pca,42,etoposide,KNS42_CENTRAL_NERVOUS_SYSTEM,172,0.12917093706415103,0.8168652967311615
X_pca,42,etoposide,MCF7_BREAST,143,0.07070803742411116,0.9970843879492967
X_pca,42,etoposide,HT1197_URINARY_TRACT,74,0.09490648665937985,0.854276371968759
X_pca,42,etoposide,SNU899_UPPER_AERODIGESTIVE_TRACT,83,0.045123880825819446,0.8646753358553692
X_pca,42,etoposide,HCC38_BREAST,200,0.08754842511058214,0.8788007366657257
X_pca,42,etoposide,SNU308_BILIARY_TRACT,94,0.08768410331453881,0.896128607557175
X_pca,42,etoposide,SW1271_LUNG,115,0.1011371763719306,0.8901243396427321
X_pca,42,etoposide,TM31_CENTRAL_NERVOUS_SYSTEM,116,0.08089838991394914,0.8781241219619225
X_pca,42,etoposide,NCIH747_LARGE_INTESTINE,80,0.07223536510001496,0.8605292744934558
X_pca,42,etoposide,KPNSI9S_AUTONOMIC_GANGLIA,129,0.08172548046520924,0.818834008172501
X_pca,42,etoposide,SQ1_LUNG,238,0.05818697551977822,0.8917953186676282
X_pca,42,etoposide,IALM_LUNG,322,0.13147181957590368,0.725974944252405
X_pca,42,etoposide,BT474_BREAST,125,0.09051201968171035,0.8449961714744568
X_pca,42,etoposide,DKMG_CENTRAL_NERVOUS_SYSTEM,271,0.08040221268830838,0.8270030298796087
X_pca,42,etoposide,BT549_BREAST,266,0.09163329522241608,0.7554229918055069
X_pca,42,etoposide,BICR6_UPPER_AERODIGESTIVE_TRACT,286,0.07303837941857567,0.9105446805487146
X_pca,42,etoposide,SH10TC_STOMACH,351,0.0720030032682816,0.9762131361200599
X_pca,42,etoposide,UMUC1_URINARY_TRACT,197,0.06807866969852444,0.8614180151581159
X_pca,42,etoposide,LS1034_LARGE_INTESTINE,146,0.08895338320440505,0.9589453053801027
X_pca,42,etoposide,CCFSTTG1_CENTRAL_NERVOUS_SYSTEM,246,0.08456680069483101,0.8073226504209565
X_pca,42,etoposide,NCIH226_LUNG,235,0.10953856081835427,0.7628608189998789
X_pca,42,etoposide,LNCAPCLONEFGC_PROSTATE,129,0.08552506019423366,0.8166665402493736
X_pca,42,etoposide,RCC10RGB_KIDNEY,233,0.08116982982510258,0.8633439819700216
X_pca,42,etoposide,RERFLCAD1_LUNG,243,0.08155626219540826,0.8125202062198654
X_pca,42,etoposide,SKMEL2_SKIN,276,0.11457874880519281,0.8649906360584757
X_pca,42,etoposide,BICR31_UPPER_AERODIGESTIVE_TRACT,248,0.07113934857904936,0.8750482288099104
X_pca,42,etoposide,RCM1_LARGE_INTESTINE,128,0.059952213476968885,0.9419923322275281
X_pca,42,etoposide,COV434_OVARY,88,0.10996416624390387,0.9526133083484389
X_pca,42,etoposide,SNU1079_BILIARY_TRACT,73,0.13966269712368973,0.9966494718643084
X_pca,42,etoposide,YD38_UPPER_AERODIGESTIVE_TRACT,624,0.09145546948228434,0.8779403504270774
X_pca,42,etoposide,NCIH1299_LUNG,534,0.08239326790540662,0.801483656359969
X_pca,42,etoposide,IGR37_SKIN,347,0.0884314576863433,0.9604162444985909
X_pca,42,etoposide,BFTC909_KIDNEY,379,0.09422366032978285,0.8055841616087035
X_pca,42,etoposide,NCIH460_LUNG,837,0.06922010388846458,0.7408922445674381
X_pca,42,etoposide,IGR1_SKIN,725,0.0892739971038296,0.8818714070320129
X_pca,42,etoposide,VMCUB1_URINARY_TRACT,478,0.10054524930740495,0.816781451637276
X_pca,42,etoposide,JHOC5_OVARY,145,0.0947991795049688,0.8280541765278784
X_pca,42,etoposide,42MGBA_CENTRAL_NERVOUS_SYSTEM,518,0.1344027473602131,0.7936257186658594
X_pca,42,etoposide,HT1080_SOFT_TISSUE,516,0.09828995860430166,0.8573093427013058
X_pca,42,etoposide,LI7_LIVER,196,0.1146065145934737,0.9339973214937716
X_pca,42,etoposide,A375_SKIN,593,0.079183579389694,0.8479266530546732
X_pca,42,etoposide,FTC133_THYROID,140,0.08738165919539596,1.013435910003526
X_pca,42,etoposide,OVK18_OVARY,178,0.07682392559545496,0.8980553853377867
X_pca,42,etoposide,ACCMESO1_PLEURA,162,0.09752831449943057,0.9232128494315677
X_pca,42,etoposide,HMC18_BREAST,293,0.08079373724436108,0.7754220238317808
X_pca,42,etoposide,TOV112D_OVARY,78,0.08117948820385561,0.7439111876182067
X_pca,42,etoposide,JHH6_LIVER,206,0.0749372289183754,0.7656926414341603
X_pca,42,etoposide,A2058_SKIN,294,0.09728047146929991,0.8754402319995724
X_pca,42,etoposide,NCIH2110_LUNG,1990,0.08690561928656655,0.843216047125246
X_pca,42,etoposide,NCIH650_LUNG,271,0.07703880269345306,0.9612213425970605
X_pca,42,etoposide,EFE184_ENDOMETRIUM,86,0.08458792702386096,0.9926205221996751
X_pca,42,etoposide,HUPT3_PANCREAS,136,0.07447245178619223,0.852895690676044
X_pca,42,etoposide,MDAMB361_BREAST,135,0.0770322014541465,0.9969331132041084
X_pca,42,etoposide,BCPAP_THYROID,152,0.10321505655506882,0.8868307157566673
X_pca,42,etoposide,PECAPJ49_UPPER_AERODIGESTIVE_TRACT,202,0.08951284423971011,0.8980712793251076
X_pca,42,etoposide,EKVX_LUNG,146,0.09338973670560727,0.9082366440394153
X_pca,42,etoposide,BICR56_UPPER_AERODIGESTIVE_TRACT,81,0.059812468224345765,0.7914830034161792
X_pca,42,etoposide,NCIH2170_LUNG,142,0.12038150076299359,0.8441698983521528
X_pca,42,etoposide,DETROIT562_UPPER_AERODIGESTIVE_TRACT,163,0.08315656391899923,0.8491555671750403
X_pca,42,etoposide,SW1088_CENTRAL_NERVOUS_SYSTEM,128,0.15089968520811037,0.7986882922705263
X_pca,42,etoposide,BHY_UPPER_AERODIGESTIVE_TRACT,145,0.06070458969375054,0.8905239787595025
X_pca,42,etoposide,CAS1_CENTRAL_NERVOUS_SYSTEM,133,0.09030599312977412,0.8180689081213528
X_pca,42,etoposide,HCC1428_BREAST,127,0.06165721607894006,0.9429585769420533
X_pca,42,etoposide,HDQP1_BREAST,64,0.06578011097484746,0.8795732595026493
X_pca,42,etoposide,OSRC2_KIDNEY,126,0.06054473687064578,0.9626412386932071
X_pca,42,etoposide,HUPT4_PANCREAS,56,0.06543601300516054,0.8493890655892236
X_pca,42,etoposide,TCCSUP_URINARY_TRACT,316,0.0793380777027302,0.9053915718310996
X_pca,42,etoposide,VMRCRCZ_KIDNEY,300,0.08834318469609481,0.9403087029854457
X_pca,42,etoposide,PK59_PANCREAS,174,0.06673021384037905,0.919623662000415
X_pca,42,etoposide,HUH6_LIVER,338,0.09464851055651755,0.9817487015526676
X_pca,42,etoposide,MSTO211H_PLEURA,297,0.10052020194404337,0.7420603548637544
X_pca,42,etoposide,HS852T_SKIN,162,0.0637664909127778,0.8450508687967135
X_pca,42,etoposide,SKMEL30_SKIN,353,0.11736898846778186,0.9370321197482749
X_pca,42,etoposide,T47D_BREAST,221,0.09608915566782697,0.9123912178553067
X_pca,42,etoposide,CALU6_LUNG,258,0.07435378681256909,0.8482918889485589
X_pca,42,etoposide,NCIH522_LUNG,208,0.07118812329226318,0.7217118086723181
X_pca,42,etoposide,LMSU_STOMACH,255,0.09085953706031402,0.7804690559705099
X_pca,42,etoposide,SNUC4_LARGE_INTESTINE,467,0.08281753734605646,0.9166377379501147
X_pca,42,etoposide,RVH421_SKIN,239,0.13432490399558655,0.904786125636001
X_pca,42,etoposide,OVSAHO_OVARY,227,0.09401295484450668,0.8842031191624209
X_pca,42,etoposide,GOS3_CENTRAL_NERVOUS_SYSTEM,191,0.10737506191836854,0.8740775104592607
X_pca,42,etoposide,SNU738_CENTRAL_NERVOUS_SYSTEM,379,0.0920061282264998,0.8680434184527335
X_pca,42,etoposide,PC3_PROSTATE,169,0.11889900551990362,0.9567800375836841
X_pca,42,etoposide,PATU8988S_PANCREAS,244,0.08196769739727766,0.9687745644420874
X_pca,42,etoposide,OVTOKO_OVARY,209,0.07295518802940745,0.9859130245646791
X_pca,42,etoposide,TE1_OESOPHAGUS,206,0.10255712669179709,0.8657980031758836
X_pca,42,etoposide,NCIH2087_LUNG,219,0.07695621546355673,0.9379645447208457
X_pca,42,etoposide,EFM192A_BREAST,333,0.06554529495972376,0.9538681449832859
X_pca,42,etoposide,SNU423_LIVER,212,0.10821178217964363,0.8688476884140158
X_pca,42,etoposide,KPL1_BREAST,276,0.05589858706058162,0.8530014442360919
X_pca,42,etoposide,NCIH358_LUNG,336,0.10895743234659576,0.8991332029302915
X_pca,42,etoposide,COLO792_SKIN,271,0.10167275584416711,0.8833271225440106
X_pca,42,etoposide,KYSE520_OESOPHAGUS,323,0.08558490546091721,0.9181837374949972
X_pca,42,etoposide,KMRC3_KIDNEY,245,0.11316064004423293,0.9563576800482614
X_pca,42,etoposide,MKN7_STOMACH,258,0.08164528752199805,0.8985797871452893
X_pca,42,etoposide,NCIH1944_LUNG,414,0.10634280683557563,0.9155042275138523
X_pca,42,etoposide,TE6_OESOPHAGUS,551,0.09095436418478009,0.8949171935365334
X_pca,42,etoposide,ZR751_BREAST,309,0.09598784554281763,0.9398072614638937
X_pca,42,etoposide,PANC0203_PANCREAS,506,0.05750086824109642,0.8069929113029962
X_pca,42,etoposide,SW1990_PANCREAS,307,0.07783780303829065,0.9074722610001456
X_pca,42,etoposide,RD_SOFT_TISSUE,261,0.10806542120311345,0.7874691231725773
X_pca,42,etoposide,NCIH1792_LUNG,111,0.1292398130154569,0.8677658739390673
X_pca,42,etoposide,PK45H_PANCREAS,271,0.11178472014777645,0.9949994771243021
X_pca,42,etoposide,LS180_LARGE_INTESTINE,361,0.06358600375779119,1.0070065768471714
X_pca,42,etoposide,RERFLCAI_LUNG,763,0.06961693334921747,0.8685568898408472
X_pca,42,etoposide,CAMA1_BREAST,291,0.060385921388178845,0.8229631275655478
X_pca,42,etoposide,SNU449_LIVER,282,0.06358564070244994,0.8232212529537526
X_pca,42,etoposide,A204_SOFT_TISSUE,250,0.12295174655348791,0.7157833898067474
X_pca,42,etoposide,MKN45_STOMACH,118,0.09266976224110149,0.8636027655359042
X_pca,42,etoposide,HEP3B217_LIVER,118,0.07859319764086209,0.8218104536250487
X_pca,42,etoposide,HOS_BONE,829,0.1255745087046271,0.699965157396687
X_pca,42,etoposide,EBC1_LUNG,186,0.06784322242677716,0.8972928767563194
X_pca,42,etoposide,NCIH292_LUNG,213,0.05961872879300109,0.8735143556281435
X_pca,42,etoposide,OUMS23_LARGE_INTESTINE,107,0.05791236349313476,0.8630858615180043
X_pca,42,etoposide,HEC151_ENDOMETRIUM,250,0.11065486405101249,0.9063426496982574
X_pca,42,etoposide,NCIH1373_LUNG,164,0.06981063764765666,0.8992381437522609
X_pca,42,etoposide,TE9_OESOPHAGUS,248,0.09695276944457526,1.0487718781636608
X_pca,42,etoposide,HCC56_LARGE_INTESTINE,99,0.049799349933894344,1.0038205216629337
X_pca,42,etoposide,HT55_LARGE_INTESTINE,211,0.08266024609650517,0.9839177626004151
X_pca,42,etoposide,RT4_URINARY_TRACT,106,0.07217995723977884,0.9232286895221135
X_pca,42,etoposide,SKES1_BONE,91,0.08414103022089078,0.8688323746670733
X_pca,42,etoposide,NCIH1435_LUNG,267,0.07027565965036589,0.8618971198685607
X_pca,42,etoposide,8305C_THYROID,459,0.12859908953286786,0.9015528842774352
X_pca,42,etoposide,NCIH2228_LUNG,367,0.058030574402606866,0.83053895628095
X_pca,42,etoposide,TE10_OESOPHAGUS,219,0.10945301381262411,0.9163355258501829
X_pca,42,etoposide,ASPC1_PANCREAS,290,0.09654187966227258,0.9258952354562694
X_pca,42,etoposide,HCC366_LUNG,202,0.08041232348722616,0.9641118028966507
X_pca,42,etoposide,BICR16_UPPER_AERODIGESTIVE_TRACT,212,0.08193943552706266,0.9577644987488693
X_pca,42,etoposide,HEC6_ENDOMETRIUM,161,0.09996802827913878,0.9154561883914545
X_pca,42,etoposide,KALS1_CENTRAL_NERVOUS_SYSTEM,288,0.07830993183769523,0.9091572867085537
X_pca,42,etoposide,NCIH2444_LUNG,237,0.06400401399618628,0.8994171586720753
X_pca,42,etoposide,SNU46_UPPER_AERODIGESTIVE_TRACT,236,0.13223661362871408,0.8822239783860869
X_pca,42,etoposide,OAW28_OVARY,161,0.06307588802755157,0.9911524879266016
X_pca,42,etoposide,SNU1214_UPPER_AERODIGESTIVE_TRACT,188,0.07959027911011388,1.0047755276269101
X_pca,42,etoposide,SKMEL5_SKIN,297,0.12085636889003187,0.927446293108391
X_pca,42,etoposide,OVCAR4_OVARY,283,0.07725849054270964,1.0146762945626735
X_pca,42,etoposide,UACC257_SKIN,239,0.12191954625917545,0.8514418527172201
X_pca,42,etoposide,ONCODG1_OVARY,270,0.06653561393476172,1.0562313201250852
X_pca,42,etoposide,HUH28_BILIARY_TRACT,139,0.06869899249102435,0.9060780281643216
X_pca,42,etoposide,IM95_STOMACH,185,0.0815364335229677,0.9471384148339967
X_pca,42,etoposide,TE14_OESOPHAGUS,474,0.08305103875836448,0.9084262099698626
X_pca,42,etoposide,CAKI2_KIDNEY,278,0.09192744209204436,0.8480906334283541
X_pca,42,etoposide,SU8686_PANCREAS,82,0.0896727210646378,1.02790186245267
X_pca,42,etoposide,SCC25_UPPER_AERODIGESTIVE_TRACT,898,0.05816959363561189,0.8015478765778659
X_pca,42,etoposide,SCC9_UPPER_AERODIGESTIVE_TRACT,475,0.07259959291622438,0.8355337147963674
X_pca,42,paclitaxel,NCIH2126_LUNG,264,0.14488746748934025,0.366457117552107
X_pca,42,paclitaxel,SW579_THYROID,217,0.08604203989308999,0.7631565920218893
X_pca,42,paclitaxel,NCIH446_LUNG,196,0.14233803504180326,0.3971848664235096
X_pca,42,paclitaxel,HEC251_ENDOMETRIUM,107,0.12483908134873274,0.647117777962551
X_pca,42,paclitaxel,MFE319_ENDOMETRIUM,191,0.14014385844401062,0.5251620521096034
X_pca,42,paclitaxel,SKNAS_AUTONOMIC_GANGLIA,226,0.12396007251819322,0.4227058207039284
X_pca,42,paclitaxel,NCIH2452_PLEURA,538,0.11911789687168599,0.8444618909000021
X_pca,42,paclitaxel,COLO741_SKIN,329,0.145820918737016,0.695044758019114
X_pca,42,paclitaxel,KNS42_CENTRAL_NERVOUS_SYSTEM,172,0.16204624494005435,0.295428229106027
X_pca,42,paclitaxel,MCF7_BREAST,143,0.11075030795881301,0.9635443153914872
X_pca,42,paclitaxel,HT1197_URINARY_TRACT,74,0.1650876122093624,0.5996218811015825
X_pca,42,paclitaxel,SNU899_UPPER_AERODIGESTIVE_TRACT,83,0.09285691732845008,0.2446627186005374
X_pca,42,paclitaxel,HCC38_BREAST,200,0.1675689070923333,0.3574204932153225
X_pca,42,paclitaxel,SNU308_BILIARY_TRACT,94,0.14125735826130265,0.6123362567196501
X_pca,42,paclitaxel,SW1271_LUNG,115,0.1710214732047712,0.7094211764957594
X_pca,42,paclitaxel,TM31_CENTRAL_NERVOUS_SYSTEM,116,0.13847659232379836,0.4880322551932828
X_pca,42,paclitaxel,NCIH747_LARGE_INTESTINE,80,0.11748852673640717,0.7850083120167255
X_pca,42,paclitaxel,KPNSI9S_AUTONOMIC_GANGLIA,129,0.13561792995399566,0.48929228154263754
X_pca,42,paclitaxel,SQ1_LUNG,238,0.11277960727869933,0.6659668658961769
X_pca,42,paclitaxel,IALM_LUNG,322,0.18483284903171202,0.49613488377621456
X_pca,42,paclitaxel,BT474_BREAST,125,0.13138514378061864,0.5984534001350403
X_pca,42,paclitaxel,DKMG_CENTRAL_NERVOUS_SYSTEM,271,0.1479362232201993,0.5423850618385301
X_pca,42,paclitaxel,BT549_BREAST,266,0.18204357269503194,0.5647306704431548
X_pca,42,paclitaxel,BICR6_UPPER_AERODIGESTIVE_TRACT,286,0.1441326275746062,0.6026409728960558
X_pca,42,paclitaxel,SH10TC_STOMACH,351,0.1388899258787872,0.8228390192204391
X_pca,42,paclitaxel,UMUC1_URINARY_TRACT,197,0.12114278131849397,0.533856764965251
X_pca,42,paclitaxel,LS1034_LARGE_INTESTINE,146,0.11470938410596179,0.8248750379640762
X_pca,42,paclitaxel,CCFSTTG1_CENTRAL_NERVOUS_SYSTEM,246,0.15607998727474998,0.5428710526567164
X_pca,42,paclitaxel,NCIH226_LUNG,235,0.1498166356480171,0.6475995582468966
X_pca,42,paclitaxel,LNCAPCLONEFGC_PROSTATE,129,0.12883457237101786,0.6185996664124865
X_pca,42,paclitaxel,RCC10RGB_KIDNEY,233,0.13653964671920488,0.7775681683945553
X_pca,42,paclitaxel,RERFLCAD1_LUNG,243,0.14505447895376375,0.6133981143496164
X_pca,42,paclitaxel,SKMEL2_SKIN,276,0.17431613516038166,0.535349614918232
X_pca,42,paclitaxel,BICR31_UPPER_AERODIGESTIVE_TRACT,248,0.13375657047825304,0.42591127885445473
X_pca,42,paclitaxel,RCM1_LARGE_INTESTINE,128,0.11849073725552854,0.5743434440810233
X_pca,42,paclitaxel,COV434_OVARY,88,0.15574810198415595,0.4731968587095087
X_pca,42,paclitaxel,SNU1079_BILIARY_TRACT,73,0.16910222190061988,0.7672706728112207
X_pca,42,paclitaxel,YD38_UPPER_AERODIGESTIVE_TRACT,624,0.14586870167201027,0.326618737135178
X_pca,42,paclitaxel,NCIH1299_LUNG,534,0.16936204145473574,0.39644594434718516
X_pca,42,paclitaxel,IGR37_SKIN,347,0.1472915024298408,0.7460262817505113
X_pca,42,paclitaxel,BFTC909_KIDNEY,379,0.17340386830544757,0.5132775870508128
X_pca,42,paclitaxel,NCIH460_LUNG,837,0.12377512470867932,0.2785259124910817
X_pca,42,paclitaxel,IGR1_SKIN,725,0.16242065077480033,0.572465059716126
X_pca,42,paclitaxel,VMCUB1_URINARY_TRACT,478,0.15942076159670643,0.1623672750704458
X_pca,42,paclitaxel,JHOC5_OVARY,145,0.18246952728791643,0.5888290288119481
X_pca,42,paclitaxel,42MGBA_CENTRAL_NERVOUS_SYSTEM,518,0.20030980305057086,0.3160343328382978
X_pca,42,paclitaxel,HT1080_SOFT_TISSUE,516,0.15505128661524184,0.4076812137929044
X_pca,42,paclitaxel,LI7_LIVER,196,0.19291369607374828,0.6281625344132891
X_pca,42,paclitaxel,A375_SKIN,593,0.1449469413618068,0.5394597252042458
X_pca,42,paclitaxel,FTC133_THYROID,140,0.16035171295200254,0.6959434011152812
X_pca,42,paclitaxel,OVK18_OVARY,178,0.13847942301968308,0.5313556406939968
X_pca,42,paclitaxel,ACCMESO1_PLEURA,162,0.14893897691992491,0.7437666012549106
X_pca,42,paclitaxel,HMC18_BREAST,293,0.14806853424791447,0.5612163451141058
X_pca,42,paclitaxel,TOV112D_OVARY,78,0.15088333084041397,0.5243332829230871
X_pca,42,paclitaxel,JHH6_LIVER,206,0.1223838176907921,0.46592588534632934
X_pca,42,paclitaxel,A2058_SKIN,294,0.17841598289841318,0.7272435504765737
X_pca,42,paclitaxel,NCIH2110_LUNG,1990,0.1369801855093192,0.6257257506326215
X_pca,42,paclitaxel,NCIH650_LUNG,271,0.13153122442553133,0.7406119324844261
X_pca,42,paclitaxel,EFE184_ENDOMETRIUM,86,0.13450621104329477,0.7666301876306534
X_pca,42,paclitaxel,HUPT3_PANCREAS,136,0.132258100075344,0.6113653038354481
X_pca,42,paclitaxel,MDAMB361_BREAST,135,0.11703187115414439,0.5991662354380997
X_pca,42,paclitaxel,BCPAP_THYROID,152,0.15290046635121524,0.667857042072635
X_pca,42,paclitaxel,PECAPJ49_UPPER_AERODIGESTIVE_TRACT,202,0.1427457350944554,0.41320739804518103
X_pca,42,paclitaxel,EKVX_LUNG,146,0.1289604283581645,0.577962585099756
X_pca,42,paclitaxel,BICR56_UPPER_AERODIGESTIVE_TRACT,81,0.10270740253728602,0.33813112826994907
X_pca,42,paclitaxel,NCIH2170_LUNG,142,0.18728702480786116,0.3633781010416192
X_pca,42,paclitaxel,DETROIT562_UPPER_AERODIGESTIVE_TRACT,163,0.12052316348234174,0.37631003330090296
X_pca,42,paclitaxel,SW1088_CENTRAL_NERVOUS_SYSTEM,128,0.2034247362104202,0.478320098714903
X_pca,42,paclitaxel,BHY_UPPER_AERODIGESTIVE_TRACT,145,0.12304984081378918,0.3358411344988593
X_pca,42,paclitaxel,CAS1_CENTRAL_NERVOUS_SYSTEM,133,0.13395280751459515,0.4177130433849822
X_pca,42,paclitaxel,HCC1428_BREAST,127,0.12010341974362033,0.8009407686905599
X_pca,42,paclitaxel,HDQP1_BREAST,64,0.11340455814239675,0.6133856172673404
X_pca,42,paclitaxel,OSRC2_KIDNEY,126,0.08463291785776998,0.8557543205836463
X_pca,42,paclitaxel,HUPT4_PANCREAS,56,0.14706832805019396,0.6709984892180988
X_pca,42,paclitaxel,TCCSUP_URINARY_TRACT,316,0.10272760715273457,0.6882625121293189
X_pca,42,paclitaxel,VMRCRCZ_KIDNEY,300,0.1377197944174212,0.7630149015784263
X_pca,42,paclitaxel,PK59_PANCREAS,174,0.12140708298454182,0.5905579422739731
X_pca,42,paclitaxel,HUH6_LIVER,338,0.13875792210390595,0.804733137495419
X_pca,42,paclitaxel,MSTO211H_PLEURA,297,0.1624890846139433,0.4003258200004847
X_pca,42,paclitaxel,HS852T_SKIN,162,0.13243009851259982,0.6854526889912876
X_pca,42,paclitaxel,SKMEL30_SKIN,353,0.16079182682978577,0.6768104881470332
X_pca,42,paclitaxel,T47D_BREAST,221,0.14622078292229396,0.6889108307491061
X_pca,42,paclitaxel,CALU6_LUNG,258,0.1322462293213189,0.7062795639269112
X_pca,42,paclitaxel,NCIH522_LUNG,208,0.11817687579968594,0.4583498742431402
X_pca,42,paclitaxel,LMSU_STOMACH,255,0.15028399339552026,0.21976836370486838
X_pca,42,paclitaxel,SNUC4_LARGE_INTESTINE,467,0.11861015625931398,0.49873742097450274
X_pca,42,paclitaxel,RVH421_SKIN,239,0.17137013195068765,0.7900709854010258
X_pca,42,paclitaxel,OVSAHO_OVARY,227,0.1277836377289605,0.7879033403774716
X_pca,42,paclitaxel,GOS3_CENTRAL_NERVOUS_SYSTEM,191,0.16993293940838317,0.5986002243626181
X_pca,42,paclitaxel,SNU738_CENTRAL_NERVOUS_SYSTEM,379,0.13958059306932932,0.7738116853784446
X_pca,42,paclitaxel,PC3_PROSTATE,169,0.17543205992012975,0.6324844295103874
X_pca,42,paclitaxel,PATU8988S_PANCREAS,244,0.11581089931051533,0.8928165289222217
X_pca,42,paclitaxel,OVTOKO_OVARY,209,0.10551934103974417,0.7740659953304455
X_pca,42,paclitaxel,TE1_OESOPHAGUS,206,0.16415763601357364,0.5158237997189309
X_pca,42,paclitaxel,NCIH2087_LUNG,219,0.14701142785387097,0.5925635966263949
X_pca,42,paclitaxel,EFM192A_BREAST,333,0.11984061907983072,0.7131729079438401
X_pca,42,paclitaxel,SNU423_LIVER,212,0.14030365133364647,0.7618522263079319
X_pca,42,paclitaxel,KPL1_BREAST,276,0.09897956332042783,0.6592851527359175
X_pca,42,paclitaxel,NCIH358_LUNG,336,0.16330297508996802,0.6698046493388358
X_pca,42,paclitaxel,COLO792_SKIN,271,0.1584833813705563,0.7652553028506106
X_pca,42,paclitaxel,KYSE520_OESOPHAGUS,323,0.12255188491786845,0.46106274153795035
X_pca,42,paclitaxel,KMRC3_KIDNEY,245,0.14886831274477832,0.910992803378981
X_pca,42,paclitaxel,MKN7_STOMACH,258,0.16020462303861088,0.6878396462100421
X_pca,42,paclitaxel,NCIH1944_LUNG,414,0.13445082295338082,0.5293839194492441
X_pca,42,paclitaxel,TE6_OESOPHAGUS,551,0.14651214135240714,0.48987980768382006
X_pca,42,paclitaxel,ZR751_BREAST,309,0.1309331000150026,0.6842269738322323
X_pca,42,paclitaxel,PANC0203_PANCREAS,506,0.12597309519215838,0.6127484341855106
X_pca,42,paclitaxel,SW1990_PANCREAS,307,0.13958782684457272,0.6730780805360999
X_pca,42,paclitaxel,RD_SOFT_TISSUE,261,0.16052121372258107,0.45215402229535623
X_pca,42,paclitaxel,NCIH1792_LUNG,111,0.18753084084259686,0.5399199573843328
X_pca,42,paclitaxel,PK45H_PANCREAS,271,0.1524291034296693,0.7597811729045811
X_pca,42,paclitaxel,LS180_LARGE_INTESTINE,361,0.13700505612555705,0.34800658562837217
X_pca,42,paclitaxel,RERFLCAI_LUNG,763,0.12707580985568598,0.669138641727705
X_pca,42,paclitaxel,CAMA1_BREAST,291,0.12548491184108693,0.7090078325001234
X_pca,42,paclitaxel,SNU449_LIVER,282,0.11858244353530807,0.6842186708822318
X_pca,42,paclitaxel,A204_SOFT_TISSUE,250,0.1544070704584743,0.4314111763238907
X_pca,42,paclitaxel,MKN45_STOMACH,118,0.14769236581738898,0.6372801067970567
X_pca,42,paclitaxel,HEP3B217_LIVER,118,0.12091225072768104,0.6119392542010647
X_pca,42,paclitaxel,HOS_BONE,829,0.2027103567561835,0.328641555133861
X_pca,42,paclitaxel,EBC1_LUNG,186,0.12001142757081222,0.6791144295405316
X_pca,42,paclitaxel,NCIH292_LUNG,213,0.12178291651593637,0.4318206075211646
X_pca,42,paclitaxel,OUMS23_LARGE_INTESTINE,107,0.12285998447157562,0.8882891351931563
X_pca,42,paclitaxel,HEC151_ENDOMETRIUM,250,0.16564843946636987,0.7607405247688294
X_pca,42,paclitaxel,NCIH1373_LUNG,164,0.1212490922691351,0.7247251840989765
X_pca,42,paclitaxel,TE9_OESOPHAGUS,248,0.11924503359361673,0.3960291625511262
X_pca,42,paclitaxel,HCC56_LARGE_INTESTINE,99,0.108581881943542,0.5919195865139817
X_pca,42,paclitaxel,HT55_LARGE_INTESTINE,211,0.14881322980512798,0.7900212465021847
X_pca,42,paclitaxel,RT4_URINARY_TRACT,106,0.09090377091093572,0.5636030533966029
X_pca,42,paclitaxel,SKES1_BONE,91,0.14657811902651616,0.5741851830875481
X_pca,42,paclitaxel,NCIH1435_LUNG,267,0.11864678734048184,0.5431914116336165
X_pca,42,paclitaxel,8305C_THYROID,459,0.16590712013583253,0.6230755117853742
X_pca,42,paclitaxel,NCIH2228_LUNG,367,0.08517555623854925,0.7724999618140488
X_pca,42,paclitaxel,TE10_OESOPHAGUS,219,0.19047996747153106,0.4039581888886892
X_pca,42,paclitaxel,ASPC1_PANCREAS,290,0.12029882854419591,0.7502996439563817
X_pca,42,paclitaxel,HCC366_LUNG,202,0.14193941021684678,0.7231014087648675
X_pca,42,paclitaxel,BICR16_UPPER_AERODIGESTIVE_TRACT,212,0.14672153753385872,0.4617113029619433
X_pca,42,paclitaxel,HEC6_ENDOMETRIUM,161,0.13126719502728612,0.675070613807773
X_pca,42,paclitaxel,KALS1_CENTRAL_NERVOUS_SYSTEM,288,0.1386829016588448,0.6091413573465414
X_pca,42,paclitaxel,NCIH2444_LUNG,237,0.09172942492777879,0.7171034467119708
X_pca,42,paclitaxel,SNU46_UPPER_AERODIGESTIVE_TRACT,236,0.18289417725964324,0.5026756492206605
X_pca,42,paclitaxel,OAW28_OVARY,161,0.10220169109229336,0.727761163104395
X_pca,42,paclitaxel,SNU1214_UPPER_AERODIGESTIVE_TRACT,188,0.10905345099689796,0.5598376204675817
X_pca,42,paclitaxel,SKMEL5_SKIN,297,0.16856297521097507,0.7462718107483604
X_pca,42,paclitaxel,OVCAR4_OVARY,283,0.11697631653672695,0.793650395036165
X_pca,42,paclitaxel,UACC257_SKIN,239,0.17418713565566715,0.5915431679542095
X_pca,42,paclitaxel,ONCODG1_OVARY,270,0.10350821967757465,0.8260013577010896
X_pca,42,paclitaxel,HUH28_BILIARY_TRACT,139,0.12391131843212466,0.4512429366008841
X_pca,42,paclitaxel,IM95_STOMACH,185,0.13418888875899648,0.6153026286009196
X_pca,42,paclitaxel,TE14_OESOPHAGUS,474,0.13383781573442047,0.38875712504618276
X_pca,42,paclitaxel,CAKI2_KIDNEY,278,0.10564955631689016,0.8936223891570414
X_pca,42,paclitaxel,SU8686_PANCREAS,82,0.14474230879268138,0.6974099783635721
X_pca,42,paclitaxel,SCC25_UPPER_AERODIGESTIVE_TRACT,898,0.08413057460859223,0.45517373901433034
X_pca,42,paclitaxel,SCC9_UPPER_AERODIGESTIVE_TRACT,475,0.10509558325782198,0.5248117544149098
X_pca,42,gemcitabine,NCIH2126_LUNG,264,0.18342344790202664,0.4462031503066872
X_pca,42,gemcitabine,SW579_THYROID,217,0.09926285757511656,0.7074713382852792
X_pca,42,gemcitabine,NCIH446_LUNG,196,0.13707986507620706,0.5948728984411882
X_pca,42,gemcitabine,HEC251_ENDOMETRIUM,107,0.1187128239307568,0.7601948305268154
X_pca,42,gemcitabine,MFE319_ENDOMETRIUM,191,0.12420460868260347,0.7592085509400093
X_pca,42,gemcitabine,SKNAS_AUTONOMIC_GANGLIA,226,0.13423802955425654,0.5786212314810373
X_pca,42,gemcitabine,NCIH2452_PLEURA,538,0.121426770035289,0.8134070058737546
X_pca,42,gemcitabine,COLO741_SKIN,329,0.1266311058363737,0.7705449866849963
X_pca,42,gemcitabine,KNS42_CENTRAL_NERVOUS_SYSTEM,172,0.16045422808982343,0.5739411202281021
X_pca,42,gemcitabine,MCF7_BREAST,143,0.10210197486065647,0.8971198788889638
X_pca,42,gemcitabine,HT1197_URINARY_TRACT,74,0.14153190165941193,0.9026250670085082
X_pca,42,gemcitabine,SNU899_UPPER_AERODIGESTIVE_TRACT,83,0.11204543772872969,0.8142901895994163
X_pca,42,gemcitabine,HCC38_BREAST,200,0.1557717151616582,0.8588297070562839
X_pca,42,gemcitabine,SNU308_BILIARY_TRACT,94,0.16359949885403055,0.6791855838704617
X_pca,42,gemcitabine,SW1271_LUNG,115,0.160946816439594,0.6630257002685381
X_pca,42,gemcitabine,TM31_CENTRAL_NERVOUS_SYSTEM,116,0.11389687854992767,0.7604124091308693
X_pca,42,gemcitabine,NCIH747_LARGE_INTESTINE,80,0.11657929778753799,0.7640180867165327
X_pca,42,gemcitabine,KPNSI9S_AUTONOMIC_GANGLIA,129,0.13516276886489992,0.6689669755540153
X_pca,42,gemcitabine,SQ1_LUNG,238,0.0926352107612025,0.7486005946367729
X_pca,42,gemcitabine,IALM_LUNG,322,0.19372047057374286,0.8587880487212484
X_pca,42,gemcitabine,BT474_BREAST,125,0.15540146085734874,0.8299155895709991
X_pca,42,gemcitabine,DKMG_CENTRAL_NERVOUS_SYSTEM,271,0.1414028037961939,0.6146026533028296
X_pca,42,gemcitabine,BT549_BREAST,266,0.1653385659732455,0.711963871928086
X_pca,42,gemcitabine,BICR6_UPPER_AERODIGESTIVE_TRACT,286,0.12597119720163077,0.8030941776045553
X_pca,42,gemcitabine,SH10TC_STOMACH,351,0.15811437030355174,1.119337011096824
X_pca,42,gemcitabine,UMUC1_URINARY_TRACT,197,0.10317603380642527,0.6959721220628864
X_pca,42,gemcitabine,LS1034_LARGE_INTESTINE,146,0.1233515104152853,0.815175035636719
X_pca,42,gemcitabine,CCFSTTG1_CENTRAL_NERVOUS_SYSTEM,246,0.13491294080372507,0.6311997949350171
X_pca,42,gemcitabine,NCIH226_LUNG,235,0.18748292766730135,0.8510430538907964
X_pca,42,gemcitabine,LNCAPCLONEFGC_PROSTATE,129,0.15119214724548408,0.9184014649354211
X_pca,42,gemcitabine,RCC10RGB_KIDNEY,233,0.12421347807146006,0.7828228734593534
X_pca,42,gemcitabine,RERFLCAD1_LUNG,243,0.14285050583047196,0.7761014040114949
X_pca,42,gemcitabine,SKMEL2_SKIN,276,0.1706627067598155,0.8270479183698046
X_pca,42,gemcitabine,BICR31_UPPER_AERODIGESTIVE_TRACT,248,0.12100894435715265,0.6250679459302656
X_pca,42,gemcitabine,RCM1_LARGE_INTESTINE,128,0.12095136557247033,0.6798740462400019
X_pca,42,gemcitabine,COV434_OVARY,88,0.1721354868373209,0.7071041353046894
X_pca,42,gemcitabine,SNU1079_BILIARY_TRACT,73,0.1854702219683877,0.7719369449027597
X_pca,42,gemcitabine,YD38_UPPER_AERODIGESTIVE_TRACT,624,0.1806363130839135,0.8166286260462724
X_pca,42,gemcitabine,NCIH1299_LUNG,534,0.14985853522731285,0.8334460562646165
X_pca,42,gemcitabine,IGR37_SKIN,347,0.19541374968311898,0.844243510312237
X_pca,42,gemcitabine,BFTC909_KIDNEY,379,0.17773393621087408,0.7992611798730563
X_pca,42,gemcitabine,NCIH460_LUNG,837,0.12717871183941454,0.5206398660564081
X_pca,42,gemcitabine,IGR1_SKIN,725,0.16253668017940096,0.5030293595790863
X_pca,42,gemcitabine,VMCUB1_URINARY_TRACT,478,0.20530848278210914,0.7958116982147784
X_pca,42,gemcitabine,JHOC5_OVARY,145,0.16711013209764514,0.5565570779915514
X_pca,42,gemcitabine,42MGBA_CENTRAL_NERVOUS_SYSTEM,518,0.2067957467981973,0.5721548247981716
X_pca,42,gemcitabine,HT1080_SOFT_TISSUE,516,0.16146722446074813,0.5687027972682502
X_pca,42,gemcitabine,LI7_LIVER,196,0.20545532545455084,0.8071938937111777
X_pca,42,gemcitabine,A375_SKIN,593,0.16632382121936967,0.9695474306407305
X_pca,42,gemcitabine,FTC133_THYROID,140,0.13333419960042495,0.8255274310708046
X_pca,42,gemcitabine,OVK18_OVARY,178,0.1440359792928729,0.6846018894
X_pca,42,gemcitabine,ACCMESO1_PLEURA,162,0.15322048921725356,1.0493920309308133
X_pca,42,gemcitabine,HMC18_BREAST,293,0.14768383759533926,0.7272411672328519
X_pca,42,gemcitabine,TOV112D_OVARY,78,0.15057885835451237,0.7418229709833096
X_pca,42,gemcitabine,JHH6_LIVER,206,0.12496772696274687,0.6246375875565612
X_pca,42,gemcitabine,A2058_SKIN,294,0.1944845504899522,0.751045556802328
X_pca,42,gemcitabine,NCIH2110_LUNG,1990,0.1126826801299654,0.5606792998373809
X_pca,42,gemcitabine,NCIH650_LUNG,271,0.15473675870184628,0.7176329457231994
X_pca,42,gemcitabine,EFE184_ENDOMETRIUM,86,0.14068215428140782,0.603128066589666
X_pca,42,gemcitabine,HUPT3_PANCREAS,136,0.14825573165684108,0.8405729637426489
X_pca,42,gemcitabine,MDAMB361_BREAST,135,0.10564941380473837,1.037369355890486
X_pca,42,gemcitabine,BCPAP_THYROID,152,0.19126498668095115,0.8514589067352446
X_pca,42,gemcitabine,PECAPJ49_UPPER_AERODIGESTIVE_TRACT,202,0.12470026100236609,0.7211846785970254
X_pca,42,gemcitabine,EKVX_LUNG,146,0.14809934524000615,0.7145704175919703
X_pca,42,gemcitabine,BICR56_UPPER_AERODIGESTIVE_TRACT,81,0.11084990409287848,0.5209063905992626
X_pca,42,gemcitabine,NCIH2170_LUNG,142,0.18992560144047516,0.4775520699544692
X_pca,42,gemcitabine,DETROIT562_UPPER_AERODIGESTIVE_TRACT,163,0.12300111706581761,0.52959765832117
X_pca,42,gemcitabine,SW1088_CENTRAL_NERVOUS_SYSTEM,128,0.2410580132191105,0.7802788342814893
X_pca,42,gemcitabine,BHY_UPPER_AERODIGESTIVE_TRACT,145,0.10889029509495324,0.6265648765810605
X_pca,42,gemcitabine,CAS1_CENTRAL_NERVOUS_SYSTEM,133,0.14404703948003844,0.5141099135678514
X_pca,42,gemcitabine,HCC1428_BREAST,127,0.11148141653506675,0.9898586507857315
X_pca,42,gemcitabine,HDQP1_BREAST,64,0.11410845438563126,0.7519562095403671
X_pca,42,gemcitabine,OSRC2_KIDNEY,126,0.07126674516104449,0.740254101772157
X_pca,42,gemcitabine,HUPT4_PANCREAS,56,0.13313102727371548,0.8032202294894627
X_pca,42,gemcitabine,TCCSUP_URINARY_TRACT,316,0.11229686638544156,0.8365663668211503
X_pca,42,gemcitabine,VMRCRCZ_KIDNEY,300,0.14204015009782536,0.7908481629689534
X_pca,42,gemcitabine,PK59_PANCREAS,174,0.12230680580182289,0.8470799090533421
X_pca,42,gemcitabine,HUH6_LIVER,338,0.1463893902430477,0.8810661562977458
X_pca,42,gemcitabine,MSTO211H_PLEURA,297,0.16654520165344225,0.7069600889779101
X_pca,42,gemcitabine,HS852T_SKIN,162,0.11742669609938586,0.9703342605520178
X_pca,42,gemcitabine,SKMEL30_SKIN,353,0.17877687412633023,0.8724389075388652
X_pca,42,gemcitabine,T47D_BREAST,221,0.12121891745486932,0.9616415729889503
X_pca,42,gemcitabine,CALU6_LUNG,258,0.10956487295808837,0.6885776512844618
X_pca,42,gemcitabine,NCIH522_LUNG,208,0.10964755452376401,0.6145420959935739
X_pca,42,gemcitabine,LMSU_STOMACH,255,0.14230452302162425,0.5416037010211571
X_pca,42,gemcitabine,SNUC4_LARGE_INTESTINE,467,0.14002194994501876,0.6265744003417405
X_pca,42,gemcitabine,RVH421_SKIN,239,0.1899778377127519,0.7542406160961135
X_pca,42,gemcitabine,OVSAHO_OVARY,227,0.12548583852542358,0.8330556482470508
X_pca,42,gemcitabine,GOS3_CENTRAL_NERVOUS_SYSTEM,191,0.1444317044982757,0.9177834209035204
X_pca,42,gemcitabine,SNU738_CENTRAL_NERVOUS_SYSTEM,379,0.15369518398194676,0.9990486762139916
X_pca,42,gemcitabine,PC3_PROSTATE,169,0.20138057861190628,0.8951846086061918
X_pca,42,gemcitabine,PATU8988S_PANCREAS,244,0.11838851222343316,0.9136279061680934
X_pca,42,gemcitabine,OVTOKO_OVARY,209,0.10750639316594528,0.7140880853080294
X_pca,42,gemcitabine,TE1_OESOPHAGUS,206,0.16173124368905445,0.6713942591715785
X_pca,42,gemcitabine,NCIH2087_LUNG,219,0.1441353358590984,0.657986828725632
X_pca,42,gemcitabine,EFM192A_BREAST,333,0.11552696697481322,0.8236167651038986
X_pca,42,gemcitabine,SNU423_LIVER,212,0.16181377174634237,0.9217576761290712
X_pca,42,gemcitabine,KPL1_BREAST,276,0.0737850429989428,0.8465250639811807
X_pca,42,gemcitabine,NCIH358_LUNG,336,0.15528262628568038,0.6402543463877269
X_pca,42,gemcitabine,COLO792_SKIN,271,0.18190509832273544,0.986959788962044
X_pca,42,gemcitabine,KYSE520_OESOPHAGUS,323,0.14529557316186015,0.6730880861865478
X_pca,42,gemcitabine,KMRC3_KIDNEY,245,0.16936403265657443,0.8225508798141868
X_pca,42,gemcitabine,MKN7_STOMACH,258,0.1512776292615553,0.9637505666230076
X_pca,42,gemcitabine,NCIH1944_LUNG,414,0.20946634235346473,0.7541643391916717
X_pca,42,gemcitabine,TE6_OESOPHAGUS,551,0.14973201925126778,0.6323976107279748
X_pca,42,gemcitabine,ZR751_BREAST,309,0.12865213702920936,0.9010990661324807
X_pca,42,gemcitabine,PANC0203_PANCREAS,506,0.089153710397699,0.6236019406629645
X_pca,42,gemcitabine,SW1990_PANCREAS,307,0.14194764851667946,0.9377667573841852
X_pca,42,gemcitabine,RD_SOFT_TISSUE,261,0.14560161281980694,0.7146664254966824
X_pca,42,gemcitabine,NCIH1792_LUNG,111,0.20101958743334764,0.7242937665264886
X_pca,42,gemcitabine,PK45H_PANCREAS,271,0.16280543807105005,0.8179229159196805
X_pca,42,gemcitabine,LS180_LARGE_INTESTINE,361,0.10425472980984968,0.801705887443141
X_pca,42,gemcitabine,RERFLCAI_LUNG,763,0.13325096439750223,0.8124289645045644
X_pca,42,gemcitabine,CAMA1_BREAST,291,0.11274770790890687,0.9555199553876398
X_pca,42,gemcitabine,SNU449_LIVER,282,0.09227894176060712,0.6734348100127904
X_pca,42,gemcitabine,A204_SOFT_TISSUE,250,0.17913492867867406,0.43103010499477384
X_pca,42,gemcitabine,MKN45_STOMACH,118,0.11570760654465052,0.6986107169571569
X_pca,42,gemcitabine,HEP3B217_LIVER,118,0.10564889830498356,0.6212580272201764
X_pca,42,gemcitabine,HOS_BONE,829,0.17078631152892304,0.5629588903722199
X_pca,42,gemcitabine,EBC1_LUNG,186,0.10209376237346854,0.6723750201604699
X_pca,42,gemcitabine,NCIH292_LUNG,213,0.11105502116287391,0.6448803814084317
X_pca,42,gemcitabine,OUMS23_LARGE_INTESTINE,107,0.11486204435117593,0.872911274433136
X_pca,42,gemcitabine,HEC151_ENDOMETRIUM,250,0.1970376295174204,0.8094682513475419
X_pca,42,gemcitabine,NCIH1373_LUNG,164,0.09980970203324561,0.7509709796527537
X_pca,42,gemcitabine,TE9_OESOPHAGUS,248,0.13831155020879912,0.6243655157666053
X_pca,42,gemcitabine,HCC56_LARGE_INTESTINE,99,0.08962884060065608,0.7537762360139326
X_pca,42,gemcitabine,HT55_LARGE_INTESTINE,211,0.09381374146934747,0.7137106481886588
X_pca,42,gemcitabine,RT4_URINARY_TRACT,106,0.09249494253265521,0.6488641778815467
X_pca,42,gemcitabine,SKES1_BONE,91,0.1435255809965854,0.6449314928971804
X_pca,42,gemcitabine,NCIH1435_LUNG,267,0.09753392835639807,0.756678648209304
X_pca,42,gemcitabine,8305C_THYROID,459,0.16841589360300954,0.7975185547259378
X_pca,42,gemcitabine,NCIH2228_LUNG,367,0.0774350769661798,0.7077495828473925
X_pca,42,gemcitabine,TE10_OESOPHAGUS,219,0.19002860784357029,0.9955011785846867
X_pca,42,gemcitabine,ASPC1_PANCREAS,290,0.14066383270342206,0.6620530321680266
X_pca,42,gemcitabine,HCC366_LUNG,202,0.15176374428270611,0.8517837859321349
X_pca,42,gemcitabine,BICR16_UPPER_AERODIGESTIVE_TRACT,212,0.13535849169357908,0.7082213392516352
X_pca,42,gemcitabine,HEC6_ENDOMETRIUM,161,0.1511780604147249,0.6944394676211458
X_pca,42,gemcitabine,KALS1_CENTRAL_NERVOUS_SYSTEM,288,0.12618190088131948,0.770955416166948
X_pca,42,gemcitabine,NCIH2444_LUNG,237,0.08278548542792709,0.7674015295153429
X_pca,42,gemcitabine,SNU46_UPPER_AERODIGESTIVE_TRACT,236,0.1892786942252016,0.7761824984671706
X_pca,42,gemcitabine,OAW28_OVARY,161,0.11391711879486381,0.8660934330513759
X_pca,42,gemcitabine,SNU1214_UPPER_AERODIGESTIVE_TRACT,188,0.11988177191076071,0.8897754511934646
X_pca,42,gemcitabine,SKMEL5_SKIN,297,0.23131849756940803,1.091135120351708
X_pca,42,gemcitabine,OVCAR4_OVARY,283,0.12334640896749609,0.7891663316071245
X_pca,42,gemcitabine,UACC257_SKIN,239,0.1710768757023257,0.8210653779895735
X_pca,42,gemcitabine,ONCODG1_OVARY,270,0.11313085696415041,0.7422407939478203
X_pca,42,gemcitabine,HUH28_BILIARY_TRACT,139,0.14364540845252935,0.9016413975962632
X_pca,42,gemcitabine,IM95_STOMACH,185,0.1384333801145624,0.7137924042907922
X_pca,42,gemcitabine,TE14_OESOPHAGUS,474,0.12282250142779495,0.7166184813161439
X_pca,42,gemcitabine,CAKI2_KIDNEY,278,0.13626681522875722,0.6510422053954584
X_pca,42,gemcitabine,SU8686_PANCREAS,82,0.11555637784425704,0.67980619647154
X_pca,42,gemcitabine,SCC25_UPPER_AERODIGESTIVE_TRACT,898,0.10714197514484454,0.7364525002798684
X_pca,42,gemcitabine,SCC9_UPPER_AERODIGESTIVE_TRACT,475,0.12558700947656304,0.8207553704161393
X_pca,42,imatinib,NCIH2126_LUNG,264,0.1036666143685945,0.8656489025011207
X_pca,42,imatinib,SW579_THYROID,217,0.07167551204789528,0.9231836858982315
X_pca,42,imatinib,NCIH446_LUNG,196,0.06756114287106804,1.0105351319118423
X_pca,42,imatinib,HEC251_ENDOMETRIUM,107,0.06226038022108261,1.0232321826097006
X_pca,42,imatinib,MFE319_ENDOMETRIUM,191,0.08730097037020532,0.9886953334533731
X_pca,42,imatinib,SKNAS_AUTONOMIC_GANGLIA,226,0.09089574873149345,0.9274792879556133
X_pca,42,imatinib,NCIH2452_PLEURA,538,0.07275174622300604,0.9290013842866324
X_pca,42,imatinib,COLO741_SKIN,329,0.0635342779084721,0.9695784315512173
X_pca,42,imatinib,KNS42_CENTRAL_NERVOUS_SYSTEM,172,0.11363407557821681,1.0384774644707524
X_pca,42,imatinib,MCF7_BREAST,143,0.0520699807656044,0.9923242818225514
X_pca,42,imatinib,HT1197_URINARY_TRACT,74,0.09221141804650738,1.0824184675474424
X_pca,42,imatinib,SNU899_UPPER_AERODIGESTIVE_TRACT,83,0.05085749959257324,0.9736865335200207
X_pca,42,imatinib,HCC38_BREAST,200,0.08512262478831875,0.9445974895358086
X_pca,42,imatinib,SNU308_BILIARY_TRACT,94,0.08996571067819084,1.0112843094988073
X_pca,42,imatinib,SW1271_LUNG,115,0.09619208592717608,0.7772140673969103
X_pca,42,imatinib,TM31_CENTRAL_NERVOUS_SYSTEM,116,0.07918453387322728,0.9820018020169489
X_pca,42,imatinib,NCIH747_LARGE_INTESTINE,80,0.07900083577602163,0.9994880847632885
X_pca,42,imatinib,KPNSI9S_AUTONOMIC_GANGLIA,129,0.09318013683248234,0.9486793409022249
X_pca,42,imatinib,SQ1_LUNG,238,0.060798830958914266,0.9904895347206533
X_pca,42,imatinib,IALM_LUNG,322,0.13637848419735296,1.1982846271177257
X_pca,42,imatinib,BT474_BREAST,125,0.06814483671774012,0.8696866130828858
X_pca,42,imatinib,DKMG_CENTRAL_NERVOUS_SYSTEM,271,0.09047217043962266,0.89853256962836
X_pca,42,imatinib,BT549_BREAST,266,0.0883101926451744,0.8052812290370912
X_pca,42,imatinib,BICR6_UPPER_AERODIGESTIVE_TRACT,286,0.07203829493349023,1.0111004426762775
X_pca,42,imatinib,SH10TC_STOMACH,351,0.08596846040018251,1.105841651091888
X_pca,42,imatinib,UMUC1_URINARY_TRACT,197,0.06912023962723376,0.9520713756532233
X_pca,42,imatinib,LS1034_LARGE_INTESTINE,146,0.08414277895905072,0.9950984606187637
X_pca,42,imatinib,CCFSTTG1_CENTRAL_NERVOUS_SYSTEM,246,0.10693141271148333,0.9254269025674681
X_pca,42,imatinib,NCIH226_LUNG,235,0.10126289626417131,0.9230531989259922
X_pca,42,imatinib,LNCAPCLONEFGC_PROSTATE,129,0.07639480508447667,1.0133060706678287
X_pca,42,imatinib,RCC10RGB_KIDNEY,233,0.08343035931574871,0.9501583852481432
X_pca,42,imatinib,RERFLCAD1_LUNG,243,0.09548122919971376,1.0283944631309667
X_pca,42,imatinib,SKMEL2_SKIN,276,0.09447213868703007,1.0242950585873232
X_pca,42,imatinib,BICR31_UPPER_AERODIGESTIVE_TRACT,248,0.0728200729799768,0.9782131081146579
X_pca,42,imatinib,RCM1_LARGE_INTESTINE,128,0.0600015997185517,0.860690928529948
X_pca,42,imatinib,COV434_OVARY,88,0.11355519301905166,1.1011860837990588
X_pca,42,imatinib,SNU1079_BILIARY_TRACT,73,0.09748998684656711,1.027802491024749
X_pca,42,imatinib,YD38_UPPER_AERODIGESTIVE_TRACT,624,0.1063548335492826,1.0988189992614281
X_pca,42,imatinib,NCIH1299_LUNG,534,0.0869057463141108,0.9877331048138579
X_pca,42,imatinib,IGR37_SKIN,347,0.08893605791791205,0.9959492200733262
X_pca,42,imatinib,BFTC909_KIDNEY,379,0.09104640219216797,0.926105649930506
X_pca,42,imatinib,NCIH460_LUNG,837,0.07055946237996068,0.884845254455416
X_pca,42,imatinib,IGR1_SKIN,725,0.08452791328961416,1.048523680423868
X_pca,42,imatinib,VMCUB1_URINARY_TRACT,478,0.12091019732954199,0.9445476339950721
X_pca,42,imatinib,JHOC5_OVARY,145,0.07806719326387235,0.9730737254537385
X_pca,42,imatinib,42MGBA_CENTRAL_NERVOUS_SYSTEM,518,0.1496208489074964,0.9478313489079936
X_pca,42,imatinib,HT1080_SOFT_TISSUE,516,0.09879896228464993,1.0032306909561157
X_pca,42,imatinib,LI7_LIVER,196,0.13959774981695977,0.9057166673699204
X_pca,42,imatinib,A375_SKIN,593,0.07949387922727284,0.9171226420651801
X_pca,42,imatinib,FTC133_THYROID,140,0.0652701639910922,1.0301761784723826
X_pca,42,imatinib,OVK18_OVARY,178,0.07970669005799037,0.9502473413274529
X_pca,42,imatinib,ACCMESO1_PLEURA,162,0.08333723286175622,0.9792662461598715
X_pca,42,imatinib,HMC18_BREAST,293,0.10407658318255313,0.9429069672021443
X_pca,42,imatinib,TOV112D_OVARY,78,0.08848995271401584,0.941323248239664
X_pca,42,imatinib,JHH6_LIVER,206,0.0703939948427431,0.8443848146396933
X_pca,42,imatinib,A2058_SKIN,294,0.09110516188505635,1.0176675702844347
X_pca,42,imatinib,NCIH2110_LUNG,1990,0.07032726055242922,1.00064209573832
X_pca,42,imatinib,NCIH650_LUNG,271,0.08068128610019998,1.071476639636768
X_pca,42,imatinib,EFE184_ENDOMETRIUM,86,0.10904966180202652,1.179708122514015
X_pca,42,imatinib,HUPT3_PANCREAS,136,0.08048885002072204,1.1142699367859785
X_pca,42,imatinib,MDAMB361_BREAST,135,0.059763837996950016,0.8959962235556709
X_pca,42,imatinib,BCPAP_THYROID,152,0.09679565699845685,1.1015912866906117
X_pca,42,imatinib,PECAPJ49_UPPER_AERODIGESTIVE_TRACT,202,0.07637217870485885,0.9530142168007275
X_pca,42,imatinib,EKVX_LUNG,146,0.07834974773662616,0.9586015845814796
X_pca,42,imatinib,BICR56_UPPER_AERODIGESTIVE_TRACT,81,0.07799724892047617,1.038662404189875
X_pca,42,imatinib,NCIH2170_LUNG,142,0.11415424001181161,0.942992561719787
X_pca,42,imatinib,DETROIT562_UPPER_AERODIGESTIVE_TRACT,163,0.07080520005195737,0.9164524433071628
X_pca,42,imatinib,SW1088_CENTRAL_NERVOUS_SYSTEM,128,0.1420990527318316,0.9551210599020123
X_pca,42,imatinib,BHY_UPPER_AERODIGESTIVE_TRACT,145,0.06681535562464706,1.0539523030149525
X_pca,42,imatinib,CAS1_CENTRAL_NERVOUS_SYSTEM,133,0.10458843419625322,0.8697552461373178
X_pca,42,imatinib,HCC1428_BREAST,127,0.06062603931079005,1.0248984168833635
X_pca,42,imatinib,HDQP1_BREAST,64,0.05798005429157464,0.9927720027044415
X_pca,42,imatinib,OSRC2_KIDNEY,126,0.05002886396071376,0.8804488745000627
X_pca,42,imatinib,HUPT4_PANCREAS,56,0.06834866471983889,1.0071680301002093
X_pca,42,imatinib,TCCSUP_URINARY_TRACT,316,0.05858392123767563,0.9466200120086912
X_pca,42,imatinib,VMRCRCZ_KIDNEY,300,0.09118603012451199,0.9031543672084809
X_pca,42,imatinib,PK59_PANCREAS,174,0.06920347905306404,1.0061433890770222
X_pca,42,imatinib,HUH6_LIVER,338,0.08955574291977847,0.915166569532022
X_pca,42,imatinib,MSTO211H_PLEURA,297,0.10319757015228163,0.8529213161179514
X_pca,42,imatinib,HS852T_SKIN,162,0.05414476351266848,0.882605622580022
X_pca,42,imatinib,SKMEL30_SKIN,353,0.09907488774054976,0.9227101151058424
X_pca,42,imatinib,T47D_BREAST,221,0.06789785661522889,0.9033882110906403
X_pca,42,imatinib,CALU6_LUNG,258,0.06566110244669596,0.8536341613115266
X_pca,42,imatinib,NCIH522_LUNG,208,0.07865664219653452,0.9066188962986836
X_pca,42,imatinib,LMSU_STOMACH,255,0.09889470538817079,0.8828303531104443
X_pca,42,imatinib,SNUC4_LARGE_INTESTINE,467,0.07686161790302753,0.972268659374188
X_pca,42,imatinib,RVH421_SKIN,239,0.11440384907056465,1.0501921251727946
X_pca,42,imatinib,OVSAHO_OVARY,227,0.07523407990640273,0.9630957757849
X_pca,42,imatinib,GOS3_CENTRAL_NERVOUS_SYSTEM,191,0.08639204050008897,0.9577104343169647
X_pca,42,imatinib,SNU738_CENTRAL_NERVOUS_SYSTEM,379,0.08728144146311977,0.9673643297759084
X_pca,42,imatinib,PC3_PROSTATE,169,0.12234859315800355,1.0285025951425
X_pca,42,imatinib,PATU8988S_PANCREAS,244,0.07655424084677755,1.004999880419403
X_pca,42,imatinib,OVTOKO_OVARY,209,0.06349038954669096,0.9604525069871017
X_pca,42,imatinib,TE1_OESOPHAGUS,206,0.10599839381273336,1.0919154500498356
X_pca,42,imatinib,NCIH2087_LUNG,219,0.08633565006161313,1.0826459605944212
X_pca,42,imatinib,EFM192A_BREAST,333,0.06134553345387424,1.0319295287490249
X_pca,42,imatinib,SNU423_LIVER,212,0.10455070506959009,1.066822978404333
X_pca,42,imatinib,KPL1_BREAST,276,0.04200794553959551,1.0096402749203253
X_pca,42,imatinib,NCIH358_LUNG,336,0.08954568039867321,1.0966778108406634
X_pca,42,imatinib,COLO792_SKIN,271,0.08818161044727277,0.9886180538532918
X_pca,42,imatinib,KYSE520_OESOPHAGUS,323,0.08055842762314869,0.9473423754836753
X_pca,42,imatinib,KMRC3_KIDNEY,245,0.09035190179247884,0.9480891463707904
X_pca,42,imatinib,MKN7_STOMACH,258,0.08788693229971403,1.1055278766524883
X_pca,42,imatinib,NCIH1944_LUNG,414,0.08917608786370612,0.9259706796079442
X_pca,42,imatinib,TE6_OESOPHAGUS,551,0.08289136106910142,0.9972048838861192
X_pca,42,imatinib,ZR751_BREAST,309,0.07045227288731024,0.8811479112476979
X_pca,42,imatinib,PANC0203_PANCREAS,506,0.0705083085541201,0.9433461082547079
X_pca,42,imatinib,SW1990_PANCREAS,307,0.08780422281886233,0.9784903710750493
X_pca,42,imatinib,RD_SOFT_TISSUE,261,0.10623407412187931,0.7459425094940654
X_pca,42,imatinib,NCIH1792_LUNG,111,0.13279771439349658,1.0286282660724881
X_pca,42,imatinib,PK45H_PANCREAS,271,0.10072461371641325,1.0807270687004737
X_pca,42,imatinib,LS180_LARGE_INTESTINE,361,0.057001542377491145,0.926532815863221
X_pca,42,imatinib,RERFLCAI_LUNG,763,0.07351943175076114,0.9643852570110036
X_pca,42,imatinib,CAMA1_BREAST,291,0.04857302276368763,0.8931309738519675
X_pca,42,imatinib,SNU449_LIVER,282,0.06616813598471603,0.8562998638508168
X_pca,42,imatinib,A204_SOFT_TISSUE,250,0.1008338120191206,0.9577660517692566
X_pca,42,imatinib,MKN45_STOMACH,118,0.07610696907188738,1.0251533964932975
X_pca,42,imatinib,HEP3B217_LIVER,118,0.08851061442917817,0.9470719220274586
X_pca,42,imatinib,HOS_BONE,829,0.11571936382560552,1.0271281140560984
X_pca,42,imatinib,EBC1_LUNG,186,0.06828174584790342,0.9823951695555
X_pca,42,imatinib,NCIH292_LUNG,213,0.05699757781278188,1.0001620899343715
X_pca,42,imatinib,OUMS23_LARGE_INTESTINE,107,0.0547319865464399,1.0053427743020458
X_pca,42,imatinib,HEC151_ENDOMETRIUM,250,0.10646539198743141,1.0662107660770417
X_pca,42,imatinib,NCIH1373_LUNG,164,0.06726776090051334,0.9928508887930614
X_pca,42,imatinib,TE9_OESOPHAGUS,248,0.08236549464294951,0.9672674632841541
X_pca,42,imatinib,HCC56_LARGE_INTESTINE,99,0.06364254954654748,0.8780101110236813
X_pca,42,imatinib,HT55_LARGE_INTESTINE,211,0.0685836858545539,0.9590145374926345
X_pca,42,imatinib,RT4_URINARY_TRACT,106,0.06664280256617994,0.9309497992947416
X_pca,42,imatinib,SKES1_BONE,91,0.0935140511190528,0.8692568357174213
X_pca,42,imatinib,NCIH1435_LUNG,267,0.06255091810539513,0.9418017091822535
X_pca,42,imatinib,8305C_THYROID,459,0.11135747531506572,1.0314727934617103
X_pca,42,imatinib,NCIH2228_LUNG,367,0.05729689618127418,0.9776190621651486
X_pca,42,imatinib,TE10_OESOPHAGUS,219,0.09411633947128435,0.9933310191925258
X_pca,42,imatinib,ASPC1_PANCREAS,290,0.09720677621269586,0.9572646046506947
X_pca,42,imatinib,HCC366_LUNG,202,0.09369646726545915,1.073112031315813
X_pca,42,imatinib,BICR16_UPPER_AERODIGESTIVE_TRACT,212,0.0747297032147687,0.9432199968481964
X_pca,42,imatinib,HEC6_ENDOMETRIUM,161,0.11478536579773896,0.9740560865550307
X_pca,42,imatinib,KALS1_CENTRAL_NERVOUS_SYSTEM,288,0.07697014380632188,0.989175366030799
X_pca,42,imatinib,NCIH2444_LUNG,237,0.06394007183132093,1.0209621912819424
X_pca,42,imatinib,SNU46_UPPER_AERODIGESTIVE_TRACT,236,0.10650998976658102,1.0074312694497027
X_pca,42,imatinib,OAW28_OVARY,161,0.05831113758433549,0.9677621018812523
X_pca,42,imatinib,SNU1214_UPPER_AERODIGESTIVE_TRACT,188,0.06051894829621297,0.9945473185879119
X_pca,42,imatinib,SKMEL5_SKIN,297,0.10073622190085751,0.9525799496406658
X_pca,42,imatinib,OVCAR4_OVARY,283,0.08208650824217861,0.9955451541149153
X_pca,42,imatinib,UACC257_SKIN,239,0.10193455648200068,0.9180382295632462
X_pca,42,imatinib,ONCODG1_OVARY,270,0.06218300382340141,0.9743198012864148
X_pca,42,imatinib,HUH28_BILIARY_TRACT,139,0.08973976959791123,1.1117025725275493
X_pca,42,imatinib,IM95_STOMACH,185,0.09025625404599712,1.0387228546915828
X_pca,42,imatinib,TE14_OESOPHAGUS,474,0.07312257688116398,0.9165216578712946
X_pca,42,imatinib,CAKI2_KIDNEY,278,0.08230283083547384,0.8801475735448248
X_pca,42,imatinib,SU8686_PANCREAS,82,0.07000883123948047,1.0594632705537284
X_pca,42,imatinib,SCC25_UPPER_AERODIGESTIVE_TRACT,898,0.050439055142508876,0.9819332522512279
X_pca,42,imatinib,SCC9_UPPER_AERODIGESTIVE_TRACT,475,0.06471919058283997,1.0382189512252809
X_pca,42,erlotinib,NCIH2126_LUNG,264,0.11612442504225011,0.7507298524406824
X_pca,42,erlotinib,SW579_THYROID,217,0.07484185607148805,1.15680190385212
X_pca,42,erlotinib,NCIH446_LUNG,196,0.09920953146938773,1.0132440806043392
X_pca,42,erlotinib,HEC251_ENDOMETRIUM,107,0.09412066926807568,0.7354049231404456
X_pca,42,erlotinib,MFE319_ENDOMETRIUM,191,0.0982431991104581,0.8920003774902583
X_pca,42,erlotinib,SKNAS_AUTONOMIC_GANGLIA,226,0.11154141926182694,0.9975915719977523
X_pca,42,erlotinib,NCIH2452_PLEURA,538,0.09451341772613596,1.0034676037978063
X_pca,42,erlotinib,COLO741_SKIN,329,0.07470583415197311,0.9699971583476545
X_pca,42,erlotinib,KNS42_CENTRAL_NERVOUS_SYSTEM,172,0.13261258903497478,1.0003050416707993
X_pca,42,erlotinib,MCF7_BREAST,143,0.06551557182124274,1.0605733728075362
X_pca,42,erlotinib,HT1197_URINARY_TRACT,74,0.10337415043653614,0.6609310254051879
X_pca,42,erlotinib,SNU899_UPPER_AERODIGESTIVE_TRACT,83,0.05955769337151841,0.6290694733700121
X_pca,42,erlotinib,HCC38_BREAST,200,0.10780939740526442,0.8709082680940629
X_pca,42,erlotinib,SNU308_BILIARY_TRACT,94,0.09700840904689922,0.9219478831646291
X_pca,42,erlotinib,SW1271_LUNG,115,0.11661853119780345,1.050667559063953
X_pca,42,erlotinib,TM31_CENTRAL_NERVOUS_SYSTEM,116,0.09574214365663945,0.9715805269520859
X_pca,42,erlotinib,NCIH747_LARGE_INTESTINE,80,0.10914449925182033,1.036775068938732
X_pca,42,erlotinib,KPNSI9S_AUTONOMIC_GANGLIA,129,0.08111004402039772,0.9877781424411508
X_pca,42,erlotinib,SQ1_LUNG,238,0.09041782202784322,0.7863446010761902
X_pca,42,erlotinib,IALM_LUNG,322,0.1348440440986654,1.0090391086125226
X_pca,42,erlotinib,BT474_BREAST,125,0.07604522856656341,0.9119756155014038
X_pca,42,erlotinib,DKMG_CENTRAL_NERVOUS_SYSTEM,271,0.09163488571247894,1.0738497932898603
X_pca,42,erlotinib,BT549_BREAST,266,0.1303523579273273,1.1389088397635554
X_pca,42,erlotinib,BICR6_UPPER_AERODIGESTIVE_TRACT,286,0.09827022336815755,0.7921276830293081
X_pca,42,erlotinib,SH10TC_STOMACH,351,0.10255689298166645,0.9318446494914867
X_pca,42,erlotinib,UMUC1_URINARY_TRACT,197,0.07537492345689911,0.7754960172067439
X_pca,42,erlotinib,LS1034_LARGE_INTESTINE,146,0.09483576439837438,0.6199840631795256
X_pca,42,erlotinib,CCFSTTG1_CENTRAL_NERVOUS_SYSTEM,246,0.10716305316551218,0.9837122203373327
X_pca,42,erlotinib,NCIH226_LUNG,235,0.10830474882522995,0.9318775364693175
X_pca,42,erlotinib,LNCAPCLONEFGC_PROSTATE,129,0.08889315251090117,0.9178647010825401
X_pca,42,erlotinib,RCC10RGB_KIDNEY,233,0.11387626860026552,0.863352977666732
X_pca,42,erlotinib,RERFLCAD1_LUNG,243,0.11425422979549198,1.0128229135348472
X_pca,42,erlotinib,SKMEL2_SKIN,276,0.11331179891841027,1.0267415657855463
X_pca,42,erlotinib,BICR31_UPPER_AERODIGESTIVE_TRACT,248,0.102210292556747,0.7703590917010461
X_pca,42,erlotinib,RCM1_LARGE_INTESTINE,128,0.09747796454728438,0.7474095534998924
X_pca,42,erlotinib,COV434_OVARY,88,0.12801785896904122,0.9884372333234007
X_pca,42,erlotinib,SNU1079_BILIARY_TRACT,73,0.11533687493416123,0.8935533859958388
X_pca,42,erlotinib,YD38_UPPER_AERODIGESTIVE_TRACT,624,0.11206979866382429,0.7807779030826612
X_pca,42,erlotinib,NCIH1299_LUNG,534,0.1062523110861613,0.9620236499925677
X_pca,42,erlotinib,IGR37_SKIN,347,0.11406888370730911,1.0574592089103347
X_pca,42,erlotinib,BFTC909_KIDNEY,379,0.10741328393107358,1.0505875281419477
X_pca,42,erlotinib,NCIH460_LUNG,837,0.09990121068262038,0.7275897307920057
X_pca,42,erlotinib,IGR1_SKIN,725,0.10079508320134413,1.0046734244247963
X_pca,42,erlotinib,VMCUB1_URINARY_TRACT,478,0.1245358501716443,0.7477604367119498
X_pca,42,erlotinib,JHOC5_OVARY,145,0.11936505066163887,0.8018131461636774
X_pca,42,erlotinib,42MGBA_CENTRAL_NERVOUS_SYSTEM,518,0.13797965644123752,1.0931757213296116
X_pca,42,erlotinib,HT1080_SOFT_TISSUE,516,0.12152990465624304,0.9348340478631877
X_pca,42,erlotinib,LI7_LIVER,196,0.15254323986986257,0.8347253904354816
X_pca,42,erlotinib,A375_SKIN,593,0.09293849003209032,0.8671154315515875
X_pca,42,erlotinib,FTC133_THYROID,140,0.10953666839859148,0.9615918299981526
X_pca,42,erlotinib,OVK18_OVARY,178,0.08333143175499552,0.9385756351304858
X_pca,42,erlotinib,ACCMESO1_PLEURA,162,0.08696998089149653,1.080519562886085
X_pca,42,erlotinib,HMC18_BREAST,293,0.0894069061470273,0.8741864727829096
X_pca,42,erlotinib,TOV112D_OVARY,78,0.11127804522638297,0.9052423208187788
X_pca,42,erlotinib,JHH6_LIVER,206,0.09482677675073144,0.8367632364185111
X_pca,42,erlotinib,A2058_SKIN,294,0.11947997899658837,0.9294919876419768
X_pca,42,erlotinib,NCIH2110_LUNG,1990,0.08535568413619367,0.8369334426657039
X_pca,42,erlotinib,NCIH650_LUNG,271,0.08765094715748382,0.8781442802770552
X_pca,42,erlotinib,EFE184_ENDOMETRIUM,86,0.08952457452997976,0.7301345062117244
X_pca,42,erlotinib,HUPT3_PANCREAS,136,0.1050053789886144,0.9529082959189135
X_pca,42,erlotinib,MDAMB361_BREAST,135,0.07185604696403275,0.9442658172713385
X_pca,42,erlotinib,BCPAP_THYROID,152,0.11689575094853753,1.016895778477192
X_pca,42,erlotinib,PECAPJ49_UPPER_AERODIGESTIVE_TRACT,202,0.09156507879581899,0.6744107844510882
X_pca,42,erlotinib,EKVX_LUNG,146,0.10562304849011771,0.9204662197256741
X_pca,42,erlotinib,BICR56_UPPER_AERODIGESTIVE_TRACT,81,0.08143579794536569,0.5619226999488878
X_pca,42,erlotinib,NCIH2170_LUNG,142,0.13617662751872928,0.784990529569102
X_pca,42,erlotinib,DETROIT562_UPPER_AERODIGESTIVE_TRACT,163,0.0948918998596417,0.7084746011561411
X_pca,42,erlotinib,SW1088_CENTRAL_NERVOUS_SYSTEM,128,0.13135375809337196,1.108575265854597
X_pca,42,erlotinib,BHY_UPPER_AERODIGESTIVE_TRACT,145,0.10302787613667004,0.6288391865532974
X_pca,42,erlotinib,CAS1_CENTRAL_NERVOUS_SYSTEM,133,0.11031913636088754,1.1359637222791974
X_pca,42,erlotinib,HCC1428_BREAST,127,0.0875734239610021,0.8984020183405538
X_pca,42,erlotinib,HDQP1_BREAST,64,0.08871167150151657,0.9028095360845327
X_pca,42,erlotinib,OSRC2_KIDNEY,126,0.09269309530764826,0.7875717627623725
X_pca,42,erlotinib,HUPT4_PANCREAS,56,0.09971788183463992,0.9742275465812001
X_pca,42,erlotinib,TCCSUP_URINARY_TRACT,316,0.08404083737260357,0.8815733748900739
X_pca,42,erlotinib,VMRCRCZ_KIDNEY,300,0.10218211031110941,0.7892285371820132
X_pca,42,erlotinib,PK59_PANCREAS,174,0.09543914970626309,0.9731872177672112
X_pca,42,erlotinib,HUH6_LIVER,338,0.09263227120861493,0.7923603370873886
X_pca,42,erlotinib,MSTO211H_PLEURA,297,0.10197881623060408,0.9477434377076248
X_pca,42,erlotinib,HS852T_SKIN,162,0.0788003901657684,0.9043095729969166
X_pca,42,erlotinib,SKMEL30_SKIN,353,0.10460666468424962,1.0831606778139433
X_pca,42,erlotinib,T47D_BREAST,221,0.09302733966288987,1.013304465766406
X_pca,42,erlotinib,CALU6_LUNG,258,0.08680087308238028,0.8966136895870978
X_pca,42,erlotinib,NCIH522_LUNG,208,0.10201011431706075,0.8977054271560448
X_pca,42,erlotinib,LMSU_STOMACH,255,0.10755122534828655,0.8885902818511514
X_pca,42,erlotinib,SNUC4_LARGE_INTESTINE,467,0.09067857396361377,0.7364758006765705
X_pca,42,erlotinib,RVH421_SKIN,239,0.12685003113193472,0.998670704444582
X_pca,42,erlotinib,OVSAHO_OVARY,227,0.07833975490744918,0.8298284936581414
X_pca,42,erlotinib,GOS3_CENTRAL_NERVOUS_SYSTEM,191,0.12057899015385384,0.9631281432681059
X_pca,42,erlotinib,SNU738_CENTRAL_NERVOUS_SYSTEM,379,0.10048618056247074,0.9558903109429694
X_pca,42,erlotinib,PC3_PROSTATE,169,0.13745704261375918,1.0041404521676915
X_pca,42,erlotinib,PATU8988S_PANCREAS,244,0.07265668832994572,0.8506314285465928
X_pca,42,erlotinib,OVTOKO_OVARY,209,0.06335004077052421,0.7958040551135415
X_pca,42,erlotinib,TE1_OESOPHAGUS,206,0.12085961796081185,0.8749574399688869
X_pca,42,erlotinib,NCIH2087_LUNG,219,0.10307646817789487,0.8600339100241117
X_pca,42,erlotinib,EFM192A_BREAST,333,0.07765829206143855,0.9031174975830514
X_pca,42,erlotinib,SNU423_LIVER,212,0.10736982389491126,1.0231573207760758
X_pca,42,erlotinib,KPL1_BREAST,276,0.0642166266723166,0.9620604636012644
X_pca,42,erlotinib,NCIH358_LUNG,336,0.1151301369056574,1.025622781188715
X_pca,42,erlotinib,COLO792_SKIN,271,0.11687819934791294,0.9489566380247418
X_pca,42,erlotinib,KYSE520_OESOPHAGUS,323,0.09646674803401313,0.7205982775695553
X_pca,42,erlotinib,KMRC3_KIDNEY,245,0.116287374058669,0.9562399487106168
X_pca,42,erlotinib,MKN7_STOMACH,258,0.10797086606679974,0.9340109571005947
X_pca,42,erlotinib,NCIH1944_LUNG,414,0.10863043648505279,0.8632866324146012
X_pca,42,erlotinib,TE6_OESOPHAGUS,551,0.10032254684608888,0.6703419979600854
X_pca,42,erlotinib,ZR751_BREAST,309,0.08579027894590568,0.9992261762372112
X_pca,42,erlotinib,PANC0203_PANCREAS,506,0.09933359192666112,0.7527921013681314
X_pca,42,erlotinib,SW1990_PANCREAS,307,0.11558369160136645,1.031059174467764
X_pca,42,erlotinib,RD_SOFT_TISSUE,261,0.10880568440324875,0.9843487554583056
X_pca,42,erlotinib,NCIH1792_LUNG,111,0.1418864568109735,0.8609785378516257
X_pca,42,erlotinib,PK45H_PANCREAS,271,0.10920649311030865,0.9205747913170564
X_pca,42,erlotinib,LS180_LARGE_INTESTINE,361,0.08467164337215399,0.8054954330346591
X_pca,42,erlotinib,RERFLCAI_LUNG,763,0.10252821016562398,1.0771464915606797
X_pca,42,erlotinib,CAMA1_BREAST,291,0.07963116272269435,0.9454777654503629
X_pca,42,erlotinib,SNU449_LIVER,282,0.10046527058969608,0.7457917575717817
X_pca,42,erlotinib,A204_SOFT_TISSUE,250,0.11944457288822725,1.1002321190834046
X_pca,42,erlotinib,MKN45_STOMACH,118,0.08224087346624573,0.9623469316353233
X_pca,42,erlotinib,HEP3B217_LIVER,118,0.07738222162901368,0.8050172935097905
X_pca,42,erlotinib,HOS_BONE,829,0.11656706594464945,0.9975930197103751
X_pca,42,erlotinib,EBC1_LUNG,186,0.08414387253758882,0.9596302621467139
X_pca,42,erlotinib,NCIH292_LUNG,213,0.10493215117127752,0.7240879099133989
X_pca,42,erlotinib,OUMS23_LARGE_INTESTINE,107,0.06714127486178115,0.9549069660846318
X_pca,42,erlotinib,HEC151_ENDOMETRIUM,250,0.11649514057672104,0.7532789207696915
X_pca,42,erlotinib,NCIH1373_LUNG,164,0.08253403820731785,0.9261632118283248
X_pca,42,erlotinib,TE9_OESOPHAGUS,248,0.08613449264552199,0.6849404681594141
X_pca,42,erlotinib,HCC56_LARGE_INTESTINE,99,0.08335200290537813,0.7752991740149681
X_pca,42,erlotinib,HT55_LARGE_INTESTINE,211,0.0890370598939896,0.9388642367593485
X_pca,42,erlotinib,RT4_URINARY_TRACT,106,0.08187770805263275,0.8499403410362747
X_pca,42,erlotinib,SKES1_BONE,91,0.10462672063851541,1.0368123539201506
X_pca,42,erlotinib,NCIH1435_LUNG,267,0.08581618778761133,0.7650386793783095
X_pca,42,erlotinib,8305C_THYROID,459,0.10532279266133013,0.9423477017282141
X_pca,42,erlotinib,NCIH2228_LUNG,367,0.09734852911492117,0.774490601847542
X_pca,42,erlotinib,TE10_OESOPHAGUS,219,0.11542053761721639,0.7945962036581344
X_pca,42,erlotinib,ASPC1_PANCREAS,290,0.10244224531018115,0.8661193736668291
X_pca,42,erlotinib,HCC366_LUNG,202,0.09870643738965297,0.9019589320857926
X_pca,42,erlotinib,BICR16_UPPER_AERODIGESTIVE_TRACT,212,0.08867460090410897,0.7167012056089798
X_pca,42,erlotinib,HEC6_ENDOMETRIUM,161,0.1112013073598593,0.7078472377720827
X_pca,42,erlotinib,KALS1_CENTRAL_NERVOUS_SYSTEM,288,0.09900617247681616,1.0205883623825178
X_pca,42,erlotinib,NCIH2444_LUNG,237,0.08527462327393881,0.8788928248711276
X_pca,42,erlotinib,SNU46_UPPER_AERODIGESTIVE_TRACT,236,0.15432035796453658,0.9309379279108371
X_pca,42,erlotinib,OAW28_OVARY,161,0.08215850854969327,0.862470923743633
X_pca,42,erlotinib,SNU1214_UPPER_AERODIGESTIVE_TRACT,188,0.08351705269704013,0.7086412060133954
X_pca,42,erlotinib,SKMEL5_SKIN,297,0.11970217718329317,0.9864671842417733
X_pca,42,erlotinib,OVCAR4_OVARY,283,0.08438682924042872,0.8464007164901222
X_pca,42,erlotinib,UACC257_SKIN,239,0.11182222877967384,0.95481655163745
X_pca,42,erlotinib,ONCODG1_OVARY,270,0.06139322574767413,0.9048389278076313
X_pca,42,erlotinib,HUH28_BILIARY_TRACT,139,0.09979525012920412,0.8269607857834521
X_pca,42,erlotinib,IM95_STOMACH,185,0.089827515856777,0.7099708107677666
X_pca,42,erlotinib,TE14_OESOPHAGUS,474,0.08545922721787515,0.7190834618318936
X_pca,42,erlotinib,CAKI2_KIDNEY,278,0.1097049619199059,0.6739807888972673
X_pca,42,erlotinib,SU8686_PANCREAS,82,0.09016667769378063,0.8654973121677957
X_pca,42,erlotinib,SCC25_UPPER_AERODIGESTIVE_TRACT,898,0.0781411755535004,0.6646559648298739
X_pca,42,erlotinib,SCC9_UPPER_AERODIGESTIVE_TRACT,475,0.09306288313651695,0.8441619684821681
X_pca,42,sorafenib,NCIH2126_LUNG,264,0.09038675861537733,0.9077326093207706
X_pca,42,sorafenib,SW579_THYROID,217,0.07075790305638831,0.9207709788726771
X_pca,42,sorafenib,NCIH446_LUNG,196,0.07668811609811871,0.8367102121820256
X_pca,42,sorafenib,HEC251_ENDOMETRIUM,107,0.07415162657893042,0.9253141328553173
X_pca,42,sorafenib,MFE319_ENDOMETRIUM,191,0.09008973296150753,0.8567362259195738
X_pca,42,sorafenib,SKNAS_AUTONOMIC_GANGLIA,226,0.08412776230616062,0.8188123365419101
X_pca,42,sorafenib,NCIH2452_PLEURA,538,0.08183819849447309,0.914176826029462
X_pca,42,sorafenib,COLO741_SKIN,329,0.07081019071506008,0.8233040120101627
X_pca,42,sorafenib,KNS42_CENTRAL_NERVOUS_SYSTEM,172,0.11925478092604891,1.0037155210278754
X_pca,42,sorafenib,MCF7_BREAST,143,0.06189776760856457,0.9304527135995718
X_pca,42,sorafenib,HT1197_URINARY_TRACT,74,0.09824604042101288,1.0310687897978603
X_pca,42,sorafenib,SNU899_UPPER_AERODIGESTIVE_TRACT,83,0.06509854000911451,0.9062877311763993
X_pca,42,sorafenib,HCC38_BREAST,200,0.09653663864835764,0.9394419685006141
X_pca,42,sorafenib,SNU308_BILIARY_TRACT,94,0.08636499051324739,1.0809807891541339
X_pca,42,sorafenib,SW1271_LUNG,115,0.09724248763873616,0.7632038007611813
X_pca,42,sorafenib,TM31_CENTRAL_NERVOUS_SYSTEM,116,0.09077994787756598,0.8429990508433046
X_pca,42,sorafenib,NCIH747_LARGE_INTESTINE,80,0.1043091069789674,0.955300685763359
X_pca,42,sorafenib,KPNSI9S_AUTONOMIC_GANGLIA,129,0.08184592590759038,0.7737435107083284
X_pca,42,sorafenib,SQ1_LUNG,238,0.0689199226579125,0.8189730050684023
X_pca,42,sorafenib,IALM_LUNG,322,0.11917675295846511,0.8412679573578864
X_pca,42,sorafenib,BT474_BREAST,125,0.0980974344664411,0.9030471343994141
X_pca,42,sorafenib,DKMG_CENTRAL_NERVOUS_SYSTEM,271,0.09857059267049524,0.8845610710967511
X_pca,42,sorafenib,BT549_BREAST,266,0.10971153407474292,0.6893651752095473
X_pca,42,sorafenib,BICR6_UPPER_AERODIGESTIVE_TRACT,286,0.07767975285583913,0.9841816150225126
X_pca,42,sorafenib,SH10TC_STOMACH,351,0.09800551534148813,0.9408120183523564
X_pca,42,sorafenib,UMUC1_URINARY_TRACT,197,0.07418874350361576,1.0627856327192433
X_pca,42,sorafenib,LS1034_LARGE_INTESTINE,146,0.0891958129765152,1.0070187747478485
X_pca,42,sorafenib,CCFSTTG1_CENTRAL_NERVOUS_SYSTEM,246,0.11645306631679977,0.8942442192294733
X_pca,42,sorafenib,NCIH226_LUNG,235,0.10879087811416818,0.8813014743175912
X_pca,42,sorafenib,LNCAPCLONEFGC_PROSTATE,129,0.10333008803726042,0.8302273126535638
X_pca,42,sorafenib,RCC10RGB_KIDNEY,233,0.08292714768398719,0.9398194311002805
X_pca,42,sorafenib,RERFLCAD1_LUNG,243,0.0905266605317331,0.824693254482599
X_pca,42,sorafenib,SKMEL2_SKIN,276,0.09545865067573125,0.8918312556933665
X_pca,42,sorafenib,BICR31_UPPER_AERODIGESTIVE_TRACT,248,0.07332181527052314,0.9459029027531224
X_pca,42,sorafenib,RCM1_LARGE_INTESTINE,128,0.05868669145501291,0.8723822203464806
X_pca,42,sorafenib,COV434_OVARY,88,0.10826460805402102,0.9925502606413581
X_pca,42,sorafenib,SNU1079_BILIARY_TRACT,73,0.09348058019553422,0.9404540682492191
X_pca,42,sorafenib,YD38_UPPER_AERODIGESTIVE_TRACT,624,0.0862435110188125,0.987837374687959
X_pca,42,sorafenib,NCIH1299_LUNG,534,0.09352386019752938,0.8462680282440971
X_pca,42,sorafenib,IGR37_SKIN,347,0.09489858477727307,0.9928242782350919
X_pca,42,sorafenib,BFTC909_KIDNEY,379,0.0973048568736669,0.8471658882490878
X_pca,42,sorafenib,NCIH460_LUNG,837,0.081675944305744,0.8223204312216281
X_pca,42,sorafenib,IGR1_SKIN,725,0.0979242229984746,0.8517650518746211
X_pca,42,sorafenib,VMCUB1_URINARY_TRACT,478,0.10212057354611837,1.0061477077306564
X_pca,42,sorafenib,JHOC5_OVARY,145,0.09671612560143968,0.9139842349907448
X_pca,42,sorafenib,42MGBA_CENTRAL_NERVOUS_SYSTEM,518,0.125480694821951,0.8587355271384522
X_pca,42,sorafenib,HT1080_SOFT_TISSUE,516,0.10896102208078193,0.8643624930418738
X_pca,42,sorafenib,LI7_LIVER,196,0.13534106734378729,0.9045685879429992
X_pca,42,sorafenib,A375_SKIN,593,0.07998675703541715,0.8813344462323953
X_pca,42,sorafenib,FTC133_THYROID,140,0.08401803575951095,0.9484142703669411
X_pca,42,sorafenib,OVK18_OVARY,178,0.0789647588550213,0.8198649387681083
X_pca,42,sorafenib,ACCMESO1_PLEURA,162,0.09523186218832184,0.8786187922513043
X_pca,42,sorafenib,HMC18_BREAST,293,0.09972774284286702,0.8539929819188428
X_pca,42,sorafenib,TOV112D_OVARY,78,0.08617481572995808,0.8607635406347421
X_pca,42,sorafenib,JHH6_LIVER,206,0.07950649088370448,0.7387927565181139
X_pca,42,sorafenib,A2058_SKIN,294,0.10795817369651772,0.8884056107122071
X_pca,42,sorafenib,NCIH2110_LUNG,1990,0.0712065588079857,0.9924166267541186
X_pca,42,sorafenib,NCIH650_LUNG,271,0.09046110581462292,0.8958326679314195
X_pca,42,sorafenib,EFE184_ENDOMETRIUM,86,0.07315344653218496,1.0541523778161337
X_pca,42,sorafenib,HUPT3_PANCREAS,136,0.09721905647241198,0.9972748348818106
X_pca,42,sorafenib,MDAMB361_BREAST,135,0.06876152359131997,0.8184331350856358
X_pca,42,sorafenib,BCPAP_THYROID,152,0.09304101740170795,0.9949128267012144
X_pca,42,sorafenib,PECAPJ49_UPPER_AERODIGESTIVE_TRACT,202,0.09350489200410846,0.9800204466475119
X_pca,42,sorafenib,EKVX_LUNG,146,0.06760319408434888,1.0456162936066928
X_pca,42,sorafenib,BICR56_UPPER_AERODIGESTIVE_TRACT,81,0.06196353906971687,0.9728737363108882
X_pca,42,sorafenib,NCIH2170_LUNG,142,0.11745834349466512,0.9463660952071069
X_pca,42,sorafenib,DETROIT562_UPPER_AERODIGESTIVE_TRACT,163,0.07657290299021419,0.9718600540804717
X_pca,42,sorafenib,SW1088_CENTRAL_NERVOUS_SYSTEM,128,0.12586017314153544,0.8857478676363826
X_pca,42,sorafenib,BHY_UPPER_AERODIGESTIVE_TRACT,145,0.06284942850027016,1.007344650400096
X_pca,42,sorafenib,CAS1_CENTRAL_NERVOUS_SYSTEM,133,0.11532613093986394,0.8218751955301242
X_pca,42,sorafenib,HCC1428_BREAST,127,0.10643494582129928,1.0910729212085093
X_pca,42,sorafenib,HDQP1_BREAST,64,0.07351551443247163,0.9590297760441899
X_pca,42,sorafenib,OSRC2_KIDNEY,126,0.0620761108809785,0.8972600854578472
X_pca,42,sorafenib,HUPT4_PANCREAS,56,0.1092358425756798,0.9663019084504673
X_pca,42,sorafenib,TCCSUP_URINARY_TRACT,316,0.07092184685246092,0.9144398958622655
X_pca,42,sorafenib,VMRCRCZ_KIDNEY,300,0.0790416327818618,0.8435696883996328
X_pca,42,sorafenib,PK59_PANCREAS,174,0.06725631382831804,0.9002460974386368
X_pca,42,sorafenib,HUH6_LIVER,338,0.08477746256236778,0.9713544801494779
X_pca,42,sorafenib,MSTO211H_PLEURA,297,0.11019870792343056,0.782616647506001
X_pca,42,sorafenib,HS852T_SKIN,162,0.07142744953872565,0.8703227506743537
X_pca,42,sorafenib,SKMEL30_SKIN,353,0.10064593684930882,0.9113674704143752
X_pca,42,sorafenib,T47D_BREAST,221,0.08509597737651997,0.877869388906125
X_pca,42,sorafenib,CALU6_LUNG,258,0.08325893448319761,0.8684053892313048
X_pca,42,sorafenib,NCIH522_LUNG,208,0.0754653918423861,0.7576517419746289
X_pca,42,sorafenib,LMSU_STOMACH,255,0.10074561287238139,0.8243892218552383
X_pca,42,sorafenib,SNUC4_LARGE_INTESTINE,467,0.08558270934356779,0.8639846358615786
X_pca,42,sorafenib,RVH421_SKIN,239,0.1178180126049958,1.0747750069805768
X_pca,42,sorafenib,OVSAHO_OVARY,227,0.07785567797281752,1.0018646798469948
X_pca,42,sorafenib,GOS3_CENTRAL_NERVOUS_SYSTEM,191,0.09448057479572437,0.9534014647543743
X_pca,42,sorafenib,SNU738_CENTRAL_NERVOUS_SYSTEM,379,0.08402683108853289,0.9726998950686493
X_pca,42,sorafenib,PC3_PROSTATE,169,0.11968799849428773,0.8534726493457365
X_pca,42,sorafenib,PATU8988S_PANCREAS,244,0.07099520920586218,0.9716617328221681
X_pca,42,sorafenib,OVTOKO_OVARY,209,0.06525018048145514,0.9326056455881402
X_pca,42,sorafenib,TE1_OESOPHAGUS,206,0.09404309197777495,1.0175818965851682
X_pca,42,sorafenib,NCIH2087_LUNG,219,0.10258336691131377,0.9350372996504448
X_pca,42,sorafenib,EFM192A_BREAST,333,0.07479759798326087,0.9536209124344606
X_pca,42,sorafenib,SNU423_LIVER,212,0.10396649710552125,0.954744353046957
X_pca,42,sorafenib,KPL1_BREAST,276,0.04891749182396347,1.001030433005181
X_pca,42,sorafenib,NCIH358_LUNG,336,0.08373357605295033,0.9079592882522515
X_pca,42,sorafenib,COLO792_SKIN,271,0.1011764218169094,0.8380210023524577
X_pca,42,sorafenib,KYSE520_OESOPHAGUS,323,0.08307746182244237,0.9981948140974015
X_pca,42,sorafenib,KMRC3_KIDNEY,245,0.10430048966846106,0.8769583025757147
X_pca,42,sorafenib,MKN7_STOMACH,258,0.09456876478371236,0.9711721946102704
X_pca,42,sorafenib,NCIH1944_LUNG,414,0.100686705692268,0.9476663434275107
X_pca,42,sorafenib,TE6_OESOPHAGUS,551,0.0929890903619887,0.8720176126909343
X_pca,42,sorafenib,ZR751_BREAST,309,0.08640350337380115,0.846546392803439
X_pca,42,sorafenib,PANC0203_PANCREAS,506,0.06844139730390249,0.8918880470421003
X_pca,42,sorafenib,SW1990_PANCREAS,307,0.08615951506596903,0.9230451106248538
X_pca,42,sorafenib,RD_SOFT_TISSUE,261,0.1101722346768268,0.7742645079377054
X_pca,42,sorafenib,NCIH1792_LUNG,111,0.12803412037944276,0.9273050019332955
X_pca,42,sorafenib,PK45H_PANCREAS,271,0.09855267627769396,0.9344381030195313
X_pca,42,sorafenib,LS180_LARGE_INTESTINE,361,0.05609090098703164,0.8337944391031344
X_pca,42,sorafenib,RERFLCAI_LUNG,763,0.08073613838947345,0.8561234437466293
X_pca,42,sorafenib,CAMA1_BREAST,291,0.058795518322030255,0.9465830027032963
X_pca,42,sorafenib,SNU449_LIVER,282,0.06937537524603035,0.8064385500360043
X_pca,42,sorafenib,A204_SOFT_TISSUE,250,0.10182471554913816,0.9645590631961822
X_pca,42,sorafenib,MKN45_STOMACH,118,0.09092092939454825,0.9285210269992634
X_pca,42,sorafenib,HEP3B217_LIVER,118,0.07395758793513235,0.8659993319188134
X_pca,42,sorafenib,HOS_BONE,829,0.10976525664374878,0.9052496648093615
X_pca,42,sorafenib,EBC1_LUNG,186,0.07070542849728068,0.8151248590920561
X_pca,42,sorafenib,NCIH292_LUNG,213,0.06947631981338319,0.9600541037572942
X_pca,42,sorafenib,OUMS23_LARGE_INTESTINE,107,0.07269387719894038,0.9017553296044608
X_pca,42,sorafenib,HEC151_ENDOMETRIUM,250,0.0976435947916352,0.9643125610351563
X_pca,42,sorafenib,NCIH1373_LUNG,164,0.0712260913124061,0.8906598014802467
X_pca,42,sorafenib,TE9_OESOPHAGUS,248,0.08877141861146796,1.093376824452031
X_pca,42,sorafenib,HCC56_LARGE_INTESTINE,99,0.04685743414705404,0.8895897160876881
X_pca,42,sorafenib,HT55_LARGE_INTESTINE,211,0.06525001005455316,0.8875642625076511
X_pca,42,sorafenib,RT4_URINARY_TRACT,106,0.0727363382286997,0.8087839697891811
X_pca,42,sorafenib,SKES1_BONE,91,0.0949534743357807,0.7726049495267344
X_pca,42,sorafenib,NCIH1435_LUNG,267,0.06169416480406374,0.8274878096044733
X_pca,42,sorafenib,8305C_THYROID,459,0.10459330351455451,0.8965577309167982
X_pca,42,sorafenib,NCIH2228_LUNG,367,0.05581580024727672,0.8784156500156309
X_pca,42,sorafenib,TE10_OESOPHAGUS,219,0.10603814122528521,1.0224341480699304
X_pca,42,sorafenib,ASPC1_PANCREAS,290,0.07929650510016834,0.9422577769591891
X_pca,42,sorafenib,HCC366_LUNG,202,0.09239200302659246,1.00069857971503
X_pca,42,sorafenib,BICR16_UPPER_AERODIGESTIVE_TRACT,212,0.07461172725835569,0.9092023063380763
X_pca,42,sorafenib,HEC6_ENDOMETRIUM,161,0.0881275815195774,0.8941334089877443
X_pca,42,sorafenib,KALS1_CENTRAL_NERVOUS_SYSTEM,288,0.085561974339592,0.860371176360382
X_pca,42,sorafenib,NCIH2444_LUNG,237,0.06424756580604214,0.954793763060107
X_pca,42,sorafenib,SNU46_UPPER_AERODIGESTIVE_TRACT,236,0.11250834764655762,0.982710828973075
X_pca,42,sorafenib,OAW28_OVARY,161,0.07660746075135327,1.0050078604532324
X_pca,42,sorafenib,SNU1214_UPPER_AERODIGESTIVE_TRACT,188,0.07749427559772958,1.1019673911814993
X_pca,42,sorafenib,SKMEL5_SKIN,297,0.13583161400577712,0.9628147561140735
X_pca,42,sorafenib,OVCAR4_OVARY,283,0.07030876891262958,1.005646680353387
X_pca,42,sorafenib,UACC257_SKIN,239,0.08548519028549978,0.8469933393610073
X_pca,42,sorafenib,ONCODG1_OVARY,270,0.06811278571182959,1.0226437369982402
X_pca,42,sorafenib,HUH28_BILIARY_TRACT,139,0.06912126263612894,0.9309428608674797
X_pca,42,sorafenib,IM95_STOMACH,185,0.07400535008376904,0.9560283857422907
X_pca,42,sorafenib,TE14_OESOPHAGUS,474,0.08747991973095878,1.0628399911812085
X_pca,42,sorafenib,CAKI2_KIDNEY,278,0.08684368577513255,0.9192241985592053
X_pca,42,sorafenib,SU8686_PANCREAS,82,0.08501765092131106,0.867899114765772
X_pca,42,sorafenib,SCC25_UPPER_AERODIGESTIVE_TRACT,898,0.06328458432105942,0.8888281454354989
X_pca,42,sorafenib,SCC9_UPPER_AERODIGESTIVE_TRACT,475,0.07244430411900928,0.8580487504758333
X_pca,42,dasatinib,NCIH2126_LUNG,264,0.13952308611904202,0.6326635174001708
X_pca,42,dasatinib,SW579_THYROID,217,0.09667620127843572,0.6249296247684462
X_pca,42,dasatinib,NCIH446_LUNG,196,0.12268545678017757,0.8275190369815243
X_pca,42,dasatinib,HEC251_ENDOMETRIUM,107,0.11481905601812631,0.5231312699964114
X_pca,42,dasatinib,MFE319_ENDOMETRIUM,191,0.13785923789334445,0.7291352391555047
X_pca,42,dasatinib,SKNAS_AUTONOMIC_GANGLIA,226,0.11806069348860747,0.5917358540855677
X_pca,42,dasatinib,NCIH2452_PLEURA,538,0.11452545891696206,0.7047149778852676
X_pca,42,dasatinib,COLO741_SKIN,329,0.10450370692674966,1.0501338359432741
X_pca,42,dasatinib,KNS42_CENTRAL_NERVOUS_SYSTEM,172,0.14661949027911153,0.7761122217012006
X_pca,42,dasatinib,MCF7_BREAST,143,0.07268197927894879,0.7173080392233975
X_pca,42,dasatinib,HT1197_URINARY_TRACT,74,0.1288334654285027,0.6305906430289552
X_pca,42,dasatinib,SNU899_UPPER_AERODIGESTIVE_TRACT,83,0.07555676672986665,0.3547652026256883
X_pca,42,dasatinib,HCC38_BREAST,200,0.12900292911714656,0.5986601112782955
X_pca,42,dasatinib,SNU308_BILIARY_TRACT,94,0.13050447745123195,0.7037518994605287
X_pca,42,dasatinib,SW1271_LUNG,115,0.11505762547474413,0.8076301984165026
X_pca,42,dasatinib,TM31_CENTRAL_NERVOUS_SYSTEM,116,0.12013779018002509,0.7513832157028133
X_pca,42,dasatinib,NCIH747_LARGE_INTESTINE,80,0.10949643545835903,0.7732977524399758
X_pca,42,dasatinib,KPNSI9S_AUTONOMIC_GANGLIA,129,0.12419016597597533,0.7091347170892612
X_pca,42,dasatinib,SQ1_LUNG,238,0.10616727306958643,0.41661080142029194
X_pca,42,dasatinib,IALM_LUNG,322,0.15265102606231293,0.7287483664217943
X_pca,42,dasatinib,BT474_BREAST,125,0.12913648436668534,1.0544809975624085
X_pca,42,dasatinib,DKMG_CENTRAL_NERVOUS_SYSTEM,271,0.13684094089857815,0.5692922024269386
X_pca,42,dasatinib,BT549_BREAST,266,0.134328488164297,0.6618501475655046
X_pca,42,dasatinib,BICR6_UPPER_AERODIGESTIVE_TRACT,286,0.11847549597038622,0.5861632896886839
X_pca,42,dasatinib,SH10TC_STOMACH,351,0.12428704535372706,0.8011182124628301
X_pca,42,dasatinib,UMUC1_URINARY_TRACT,197,0.09767688229079438,0.4824183530311294
X_pca,42,dasatinib,LS1034_LARGE_INTESTINE,146,0.15861557327334955,0.8189961985774237
X_pca,42,dasatinib,CCFSTTG1_CENTRAL_NERVOUS_SYSTEM,246,0.14228376139497176,0.5184543904492526
X_pca,42,dasatinib,NCIH226_LUNG,235,0.1474157054218794,0.5271420997508028
X_pca,42,dasatinib,LNCAPCLONEFGC_PROSTATE,129,0.12194349319381775,0.9424689379773399
X_pca,42,dasatinib,RCC10RGB_KIDNEY,233,0.15423955031883296,0.4198135997092775
X_pca,42,dasatinib,RERFLCAD1_LUNG,243,0.13916765781104254,0.7182404306935676
X_pca,42,dasatinib,SKMEL2_SKIN,276,0.14486237881053834,0.8199447746510091
X_pca,42,dasatinib,BICR31_UPPER_AERODIGESTIVE_TRACT,248,0.11879935105143942,0.5201469409850336
X_pca,42,dasatinib,RCM1_LARGE_INTESTINE,128,0.10261622878400796,0.7923628413118422
X_pca,42,dasatinib,COV434_OVARY,88,0.12723957583948003,0.8428188365968791
X_pca,42,dasatinib,SNU1079_BILIARY_TRACT,73,0.1251231297534902,0.755964359191999
X_pca,42,dasatinib,YD38_UPPER_AERODIGESTIVE_TRACT,624,0.15722858106037602,0.4544030734552787
X_pca,42,dasatinib,NCIH1299_LUNG,534,0.142140845114264,0.8132848794317424
X_pca,42,dasatinib,IGR37_SKIN,347,0.13873940308468194,1.10850312610181
X_pca,42,dasatinib,BFTC909_KIDNEY,379,0.1329383960455138,0.7421568820061344
X_pca,42,dasatinib,NCIH460_LUNG,837,0.13463031703793324,0.9071785252154088
X_pca,42,dasatinib,IGR1_SKIN,725,0.14260246022423345,0.9512653834655367
X_pca,42,dasatinib,VMCUB1_URINARY_TRACT,478,0.1560424923481941,0.6734350894784329
X_pca,42,dasatinib,JHOC5_OVARY,145,0.16101551718464055,0.5649106381268337
X_pca,42,dasatinib,42MGBA_CENTRAL_NERVOUS_SYSTEM,518,0.16603589500879154,0.572914370123484
X_pca,42,dasatinib,HT1080_SOFT_TISSUE,516,0.16477843657691263,0.697477136355962
X_pca,42,dasatinib,LI7_LIVER,196,0.1787725121457852,0.8897136291679071
X_pca,42,dasatinib,A375_SKIN,593,0.13539041534777077,0.8921385065701116
X_pca,42,dasatinib,FTC133_THYROID,140,0.1496065279756775,0.8404769101313182
X_pca,42,dasatinib,OVK18_OVARY,178,0.13012479638437335,0.7887833731228047
X_pca,42,dasatinib,ACCMESO1_PLEURA,162,0.12034672085522262,0.7463291120014073
X_pca,42,dasatinib,HMC18_BREAST,293,0.15829129316026158,0.9060637560313879
X_pca,42,dasatinib,TOV112D_OVARY,78,0.14867126201976716,0.7388539895033225
X_pca,42,dasatinib,JHH6_LIVER,206,0.13710524929663853,0.6804945403800428
X_pca,42,dasatinib,A2058_SKIN,294,0.15341502749833788,0.9915570567051569
X_pca,42,dasatinib,NCIH2110_LUNG,1990,0.10937350768987818,0.7457877475262886
X_pca,42,dasatinib,NCIH650_LUNG,271,0.12647357836956583,0.521742978769035
X_pca,42,dasatinib,EFE184_ENDOMETRIUM,86,0.13248206020410405,0.7190226070409598
X_pca,42,dasatinib,HUPT3_PANCREAS,136,0.13244393894717613,0.6418953242109102
X_pca,42,dasatinib,MDAMB361_BREAST,135,0.09582148088183343,0.9043176854098285
X_pca,42,dasatinib,BCPAP_THYROID,152,0.14715326275078405,0.5553550079072777
X_pca,42,dasatinib,PECAPJ49_UPPER_AERODIGESTIVE_TRACT,202,0.10758193795193782,0.38596788033990576
X_pca,42,dasatinib,EKVX_LUNG,146,0.16698625903078537,0.6266146443069798
X_pca,42,dasatinib,BICR56_UPPER_AERODIGESTIVE_TRACT,81,0.1045179070444826,0.29802471804030145
X_pca,42,dasatinib,NCIH2170_LUNG,142,0.1528353263886652,1.0213187030503448
X_pca,42,dasatinib,DETROIT562_UPPER_AERODIGESTIVE_TRACT,163,0.13188690851221607,0.5769036165410024
X_pca,42,dasatinib,SW1088_CENTRAL_NERVOUS_SYSTEM,128,0.17375736011752715,0.6382908888626844
X_pca,42,dasatinib,BHY_UPPER_AERODIGESTIVE_TRACT,145,0.11947523217473657,0.5042650465307564
X_pca,42,dasatinib,CAS1_CENTRAL_NERVOUS_SYSTEM,133,0.12674593934040893,0.6167147361246267
X_pca,42,dasatinib,HCC1428_BREAST,127,0.11182215905077132,0.9008285572209697
X_pca,42,dasatinib,HDQP1_BREAST,64,0.12181367710778519,0.6883802972733974
X_pca,42,dasatinib,OSRC2_KIDNEY,126,0.11133456518471706,0.6846998220398313
X_pca,42,dasatinib,HUPT4_PANCREAS,56,0.14324362341482205,0.7998422863227981
X_pca,42,dasatinib,TCCSUP_URINARY_TRACT,316,0.11923983382522321,0.5677312491815302
X_pca,42,dasatinib,VMRCRCZ_KIDNEY,300,0.13094831185948047,0.5549935528635979
X_pca,42,dasatinib,PK59_PANCREAS,174,0.10570360326607042,0.7930474719781985
X_pca,42,dasatinib,HUH6_LIVER,338,0.10919076655310501,0.8774738114261063
X_pca,42,dasatinib,MSTO211H_PLEURA,297,0.16647635822241993,0.7722487453659777
X_pca,42,dasatinib,HS852T_SKIN,162,0.10100067133350245,0.8565595834343521
X_pca,42,dasatinib,SKMEL30_SKIN,353,0.12791387078611963,0.9549691493045169
X_pca,42,dasatinib,T47D_BREAST,221,0.10495576140793948,0.9141162477467395
X_pca,42,dasatinib,CALU6_LUNG,258,0.10848083569780599,0.7829238125520159
X_pca,42,dasatinib,NCIH522_LUNG,208,0.11589379093952303,0.9498286625513663
X_pca,42,dasatinib,LMSU_STOMACH,255,0.13113545687144093,0.4553941006753959
X_pca,42,dasatinib,SNUC4_LARGE_INTESTINE,467,0.12627980557418753,0.8279381842378375
X_pca,42,dasatinib,RVH421_SKIN,239,0.17617554441591507,0.8009597388520899
X_pca,42,dasatinib,OVSAHO_OVARY,227,0.1333339392602604,0.7160715297980456
X_pca,42,dasatinib,GOS3_CENTRAL_NERVOUS_SYSTEM,191,0.17098923637271185,0.7180287944084687
X_pca,42,dasatinib,SNU738_CENTRAL_NERVOUS_SYSTEM,379,0.12124390081402818,0.5902538710816869
X_pca,42,dasatinib,PC3_PROSTATE,169,0.15713725622768035,0.659783313260276
X_pca,42,dasatinib,PATU8988S_PANCREAS,244,0.12024067543389949,0.8332397528603429
X_pca,42,dasatinib,OVTOKO_OVARY,209,0.10173258657161507,0.3873416466290871
X_pca,42,dasatinib,TE1_OESOPHAGUS,206,0.1385522885836234,0.7174606180017434
X_pca,42,dasatinib,NCIH2087_LUNG,219,0.13724017795976964,0.6086392714280516
X_pca,42,dasatinib,EFM192A_BREAST,333,0.10774575694912136,0.8827136089135935
X_pca,42,dasatinib,SNU423_LIVER,212,0.14584439761676782,0.5767678327436717
X_pca,42,dasatinib,KPL1_BREAST,276,0.07495169990524606,0.9384480822777402
X_pca,42,dasatinib,NCIH358_LUNG,336,0.1360779443584925,0.6923933568454924
X_pca,42,dasatinib,COLO792_SKIN,271,0.13935633056704805,0.9728996874661463
X_pca,42,dasatinib,KYSE520_OESOPHAGUS,323,0.11123760524538219,0.4708912790559763
X_pca,42,dasatinib,KMRC3_KIDNEY,245,0.14383538761377276,0.7575436311108725
X_pca,42,dasatinib,MKN7_STOMACH,258,0.11540531182612142,0.635397872721502
X_pca,42,dasatinib,NCIH1944_LUNG,414,0.1698541244634077,0.7650266548861628
X_pca,42,dasatinib,TE6_OESOPHAGUS,551,0.1393055365605219,0.7249738777397765
X_pca,42,dasatinib,ZR751_BREAST,309,0.09929701345732066,0.9729585165344782
X_pca,42,dasatinib,PANC0203_PANCREAS,506,0.11482415396684373,0.4396549852587018
X_pca,42,dasatinib,SW1990_PANCREAS,307,0.1109984345295005,0.6932772147538996
X_pca,42,dasatinib,RD_SOFT_TISSUE,261,0.14768545748985507,0.7076688757116311
X_pca,42,dasatinib,NCIH1792_LUNG,111,0.16603125731062313,0.8063442349970877
X_pca,42,dasatinib,PK45H_PANCREAS,271,0.13889945759520503,0.676720312600646
X_pca,42,dasatinib,LS180_LARGE_INTESTINE,361,0.09633856789524864,0.8893215420173476
X_pca,42,dasatinib,RERFLCAI_LUNG,763,0.1096927045911708,0.730423465625018
X_pca,42,dasatinib,CAMA1_BREAST,291,0.09811996036633949,1.011188605192191
X_pca,42,dasatinib,SNU449_LIVER,282,0.13908860940293985,0.5452200522025427
X_pca,42,dasatinib,A204_SOFT_TISSUE,250,0.11063954744680866,0.7693945007324219
X_pca,42,dasatinib,MKN45_STOMACH,118,0.10489077647173592,0.7355209705183061
X_pca,42,dasatinib,HEP3B217_LIVER,118,0.115674714027811,0.5274212234101053
X_pca,42,dasatinib,HOS_BONE,829,0.15693180082067795,0.7149708787264668
X_pca,42,dasatinib,EBC1_LUNG,186,0.1109876990569025,0.4794795154243387
X_pca,42,dasatinib,NCIH292_LUNG,213,0.1272727897756537,0.6023611977626461
X_pca,42,dasatinib,OUMS23_LARGE_INTESTINE,107,0.09381895765310509,0.7155721563602162
X_pca,42,dasatinib,HEC151_ENDOMETRIUM,250,0.16062451939775887,0.7180464587211609
X_pca,42,dasatinib,NCIH1373_LUNG,164,0.11339545907060898,0.6435045803465494
X_pca,42,dasatinib,TE9_OESOPHAGUS,248,0.11911124131332544,0.551457843713222
X_pca,42,dasatinib,HCC56_LARGE_INTESTINE,99,0.10935288266650428,0.8644159767362807
X_pca,42,dasatinib,HT55_LARGE_INTESTINE,211,0.07150557928045298,0.9390578289732548
X_pca,42,dasatinib,RT4_URINARY_TRACT,106,0.11071349524245516,0.9245634646910541
X_pca,42,dasatinib,SKES1_BONE,91,0.11168112394667817,0.8166831482897748
X_pca,42,dasatinib,NCIH1435_LUNG,267,0.11114128384802587,0.6381127030661936
X_pca,42,dasatinib,8305C_THYROID,459,0.15509762123562815,0.4956077054175416
X_pca,42,dasatinib,NCIH2228_LUNG,367,0.10114918804887921,0.41698102705809986
X_pca,42,dasatinib,TE10_OESOPHAGUS,219,0.1608703565775187,0.5634939986276845
X_pca,42,dasatinib,ASPC1_PANCREAS,290,0.12880662140128502,0.5791782432589038
X_pca,42,dasatinib,HCC366_LUNG,202,0.11281438913945777,0.6159747853727624
X_pca,42,dasatinib,BICR16_UPPER_AERODIGESTIVE_TRACT,212,0.09721581693484738,0.43112181394167665
X_pca,42,dasatinib,HEC6_ENDOMETRIUM,161,0.13323245112419457,0.6469771051258775
X_pca,42,dasatinib,KALS1_CENTRAL_NERVOUS_SYSTEM,288,0.12231393835317703,0.6159077684084574
X_pca,42,dasatinib,NCIH2444_LUNG,237,0.11705942442522425,0.45431268705597405
X_pca,42,dasatinib,SNU46_UPPER_AERODIGESTIVE_TRACT,236,0.14695769185132082,0.6333741872745046
X_pca,42,dasatinib,OAW28_OVARY,161,0.08937273628118517,0.6482030632703201
X_pca,42,dasatinib,SNU1214_UPPER_AERODIGESTIVE_TRACT,188,0.09936809113253994,0.5531168004616778
X_pca,42,dasatinib,SKMEL5_SKIN,297,0.12578569211807905,0.9948559232833811
X_pca,42,dasatinib,OVCAR4_OVARY,283,0.09894172401488519,0.48273602791472797
X_pca,42,dasatinib,UACC257_SKIN,239,0.1212809797160654,1.0108683558188722
X_pca,42,dasatinib,ONCODG1_OVARY,270,0.0992344601785115,0.6545565832544256
X_pca,42,dasatinib,HUH28_BILIARY_TRACT,139,0.13734476168506607,0.49946684631512317
X_pca,42,dasatinib,IM95_STOMACH,185,0.14090801469485614,0.6782427663738663
X_pca,42,dasatinib,TE14_OESOPHAGUS,474,0.10480857831651037,0.5438790410002575
X_pca,42,dasatinib,CAKI2_KIDNEY,278,0.12996247696567345,0.4336384883244261
X_pca,42,dasatinib,SU8686_PANCREAS,82,0.09832436617470126,0.41671755510132485
X_pca,42,dasatinib,SCC25_UPPER_AERODIGESTIVE_TRACT,898,0.0968506156249131,0.38076600057377846
X_pca,42,dasatinib,SCC9_UPPER_AERODIGESTIVE_TRACT,475,0.12212116672622783,0.5838667956778878
X_pca,42,crizotinib,NCIH2126_LUNG,264,0.091188332206774,0.8633975777210612
X_pca,42,crizotinib,SW579_THYROID,217,0.05739285717064849,0.8193555924749594
X_pca,42,crizotinib,NCIH446_LUNG,196,0.07167962570062696,0.84398616272576
X_pca,42,crizotinib,HEC251_ENDOMETRIUM,107,0.06278137898148951,0.8358935942159635
X_pca,42,crizotinib,MFE319_ENDOMETRIUM,191,0.07318706034077051,0.8850048459013095
X_pca,42,crizotinib,SKNAS_AUTONOMIC_GANGLIA,226,0.07912238995599483,0.7070332728655992
X_pca,42,crizotinib,NCIH2452_PLEURA,538,0.07419177440394074,0.8229129257920064
X_pca,42,crizotinib,COLO741_SKIN,329,0.07372758518035515,0.8093575262733506
X_pca,42,crizotinib,KNS42_CENTRAL_NERVOUS_SYSTEM,172,0.11059611503758968,0.8341826768808587
X_pca,42,crizotinib,MCF7_BREAST,143,0.07065201224919042,0.7898944141147853
X_pca,42,crizotinib,HT1197_URINARY_TRACT,74,0.11508673961164297,0.8368141683372291
X_pca,42,crizotinib,SNU899_UPPER_AERODIGESTIVE_TRACT,83,0.058956634396399116,0.7603686602718859
X_pca,42,crizotinib,HCC38_BREAST,200,0.09129273492748459,0.815926550924778
X_pca,42,crizotinib,SNU308_BILIARY_TRACT,94,0.09986222569168542,0.766198068857193
X_pca,42,crizotinib,SW1271_LUNG,115,0.10699827816026454,0.7660026203031125
X_pca,42,crizotinib,TM31_CENTRAL_NERVOUS_SYSTEM,116,0.08144267170985747,0.8498879352520252
X_pca,42,crizotinib,NCIH747_LARGE_INTESTINE,80,0.08246651799151096,0.9164366379380227
X_pca,42,crizotinib,KPNSI9S_AUTONOMIC_GANGLIA,129,0.08619366129310937,0.8225501817326213
X_pca,42,crizotinib,SQ1_LUNG,238,0.055206163793770906,0.8202683762842867
X_pca,42,crizotinib,IALM_LUNG,322,0.11768339369834423,0.8922513660436832
X_pca,42,crizotinib,BT474_BREAST,125,0.0852185733856303,1.0665141673088074
X_pca,42,crizotinib,DKMG_CENTRAL_NERVOUS_SYSTEM,271,0.08172672542686414,0.7955924327523066
X_pca,42,crizotinib,BT549_BREAST,266,0.11369811856774528,0.8381781351745576
X_pca,42,crizotinib,BICR6_UPPER_AERODIGESTIVE_TRACT,286,0.07312140981906862,0.8823402476060641
X_pca,42,crizotinib,SH10TC_STOMACH,351,0.08119190776173323,0.8261441894066639
X_pca,42,crizotinib,UMUC1_URINARY_TRACT,197,0.059092423933521994,0.7307212640186251
X_pca,42,crizotinib,LS1034_LARGE_INTESTINE,146,0.09849942125276799,0.8632062269400244
X_pca,42,crizotinib,CCFSTTG1_CENTRAL_NERVOUS_SYSTEM,246,0.07164348056262311,0.8221933025170148
X_pca,42,crizotinib,NCIH226_LUNG,235,0.120831237191628,0.7384406028909886
X_pca,42,crizotinib,LNCAPCLONEFGC_PROSTATE,129,0.08220075809888479,1.000993062359418
X_pca,42,crizotinib,RCC10RGB_KIDNEY,233,0.06795050815831097,0.7765718273850469
X_pca,42,crizotinib,RERFLCAD1_LUNG,243,0.08662071333891973,0.7635871937245499
X_pca,42,crizotinib,SKMEL2_SKIN,276,0.11024711443217938,0.8512851470622463
X_pca,42,crizotinib,BICR31_UPPER_AERODIGESTIVE_TRACT,248,0.0658038162403629,0.7944720291322277
X_pca,42,crizotinib,RCM1_LARGE_INTESTINE,128,0.05763334958425866,0.8886841712519526
X_pca,42,crizotinib,COV434_OVARY,88,0.09877450318733332,0.9776016527956183
X_pca,42,crizotinib,SNU1079_BILIARY_TRACT,73,0.13517661692350552,0.8488593705712932
X_pca,42,crizotinib,YD38_UPPER_AERODIGESTIVE_TRACT,624,0.09732939255609711,0.8154833844074836
X_pca,42,crizotinib,NCIH1299_LUNG,534,0.08624992760158018,0.9433287079637863
X_pca,42,crizotinib,IGR37_SKIN,347,0.08855751267215851,0.8855488544238748
X_pca,42,crizotinib,BFTC909_KIDNEY,379,0.09097845502837212,0.8546340608659709
X_pca,42,crizotinib,NCIH460_LUNG,837,0.07489695810016338,0.8024399656548722
X_pca,42,crizotinib,IGR1_SKIN,725,0.08617007259164587,0.8266788147235739
X_pca,42,crizotinib,VMCUB1_URINARY_TRACT,478,0.10007968482637895,0.9068176753850162
X_pca,42,crizotinib,JHOC5_OVARY,145,0.09688770012168921,0.918828193894748
X_pca,42,crizotinib,42MGBA_CENTRAL_NERVOUS_SYSTEM,518,0.12646707504218097,0.830331359475736
X_pca,42,crizotinib,HT1080_SOFT_TISSUE,516,0.08902471619285778,0.7834197616045789
X_pca,42,crizotinib,LI7_LIVER,196,0.1325543419893226,0.8989076842458881
X_pca,42,crizotinib,A375_SKIN,593,0.08360380565426967,0.8220013623293898
X_pca,42,crizotinib,FTC133_THYROID,140,0.09148136193797352,0.8466926570449557
X_pca,42,crizotinib,OVK18_OVARY,178,0.07461445842957662,0.9624792123108767
X_pca,42,crizotinib,ACCMESO1_PLEURA,162,0.0799558155609983,0.939340164999903
X_pca,42,crizotinib,HMC18_BREAST,293,0.08016949345823901,0.8624842419152374
X_pca,42,crizotinib,TOV112D_OVARY,78,0.09863715401585006,0.7895560073546875
X_pca,42,crizotinib,JHH6_LIVER,206,0.09075010463744555,0.8247785675294191
X_pca,42,crizotinib,A2058_SKIN,294,0.09918241376497532,0.8332742965545784
X_pca,42,crizotinib,NCIH2110_LUNG,1990,0.0754854443697922,0.7356992660455368
X_pca,42,crizotinib,NCIH650_LUNG,271,0.06680508103284175,0.8798117817987815
X_pca,42,crizotinib,EFE184_ENDOMETRIUM,86,0.07994429687969752,0.8505056320234786
X_pca,42,crizotinib,HUPT3_PANCREAS,136,0.08755734512924296,0.8758968101704822
X_pca,42,crizotinib,MDAMB361_BREAST,135,0.07561516557490314,0.8047727152153298
X_pca,42,crizotinib,BCPAP_THYROID,152,0.10450017246663756,0.8878378754383639
X_pca,42,crizotinib,PECAPJ49_UPPER_AERODIGESTIVE_TRACT,202,0.08553571761716257,0.8421706011389741
X_pca,42,crizotinib,EKVX_LUNG,146,0.08372744640106168,0.8865018021570493
X_pca,42,crizotinib,BICR56_UPPER_AERODIGESTIVE_TRACT,81,0.04887054940513178,0.7347849261613539
X_pca,42,crizotinib,NCIH2170_LUNG,142,0.10597184290554382,0.8610244939025019
X_pca,42,crizotinib,DETROIT562_UPPER_AERODIGESTIVE_TRACT,163,0.07168608883904937,0.7931323940037218
X_pca,42,crizotinib,SW1088_CENTRAL_NERVOUS_SYSTEM,128,0.1394260607591954,0.8573097069747746
X_pca,42,crizotinib,BHY_UPPER_AERODIGESTIVE_TRACT,145,0.05724571685287965,0.7466721230539782
X_pca,42,crizotinib,CAS1_CENTRAL_NERVOUS_SYSTEM,133,0.11034530458246776,0.7915344843290802
X_pca,42,crizotinib,HCC1428_BREAST,127,0.08029328362979503,0.8804005769294078
X_pca,42,crizotinib,HDQP1_BREAST,64,0.059251728445104235,0.7755876984447241
X_pca,42,crizotinib,OSRC2_KIDNEY,126,0.059148419448882154,0.9338585445805202
X_pca,42,crizotinib,HUPT4_PANCREAS,56,0.07635965053946643,0.8045510117496762
X_pca,42,crizotinib,TCCSUP_URINARY_TRACT,316,0.056559172427787685,0.7891674298274366
X_pca,42,crizotinib,VMRCRCZ_KIDNEY,300,0.07689105359819999,0.9514320629835129
X_pca,42,crizotinib,PK59_PANCREAS,174,0.0738403529519506,0.794083207160577
X_pca,42,crizotinib,HUH6_LIVER,338,0.10260099832653362,0.8562360379470171
X_pca,42,crizotinib,MSTO211H_PLEURA,297,0.0919007735895663,0.762546921217883
X_pca,42,crizotinib,HS852T_SKIN,162,0.0763728011276683,0.7574256997049591
X_pca,42,crizotinib,SKMEL30_SKIN,353,0.11367229800136523,0.742490017718026
X_pca,42,crizotinib,T47D_BREAST,221,0.10029048531178761,0.817963590988746
X_pca,42,crizotinib,CALU6_LUNG,258,0.0662665080254125,0.8058046063249426
X_pca,42,crizotinib,NCIH522_LUNG,208,0.06527279751265785,0.7598107434236087
X_pca,42,crizotinib,LMSU_STOMACH,255,0.07678502727552143,0.7610488309579737
X_pca,42,crizotinib,SNUC4_LARGE_INTESTINE,467,0.08826278979146429,0.806161485213539
X_pca,42,crizotinib,RVH421_SKIN,239,0.12183568049881695,0.7998476516003389
X_pca,42,crizotinib,OVSAHO_OVARY,227,0.07013976289778516,0.9273778596638583
X_pca,42,crizotinib,GOS3_CENTRAL_NERVOUS_SYSTEM,191,0.09570768779114391,0.8849068399499224
X_pca,42,crizotinib,SNU738_CENTRAL_NERVOUS_SYSTEM,379,0.1000781416175674,0.7455479684322679
X_pca,42,crizotinib,PC3_PROSTATE,169,0.13332329682989572,0.843568935902161
X_pca,42,crizotinib,PATU8988S_PANCREAS,244,0.06419214485893587,0.8696323897017807
X_pca,42,crizotinib,OVTOKO_OVARY,209,0.053743831382176824,0.9701576603656751
X_pca,42,crizotinib,TE1_OESOPHAGUS,206,0.10402349552691531,0.8757785208595609
X_pca,42,crizotinib,NCIH2087_LUNG,219,0.1037012363906595,0.7726709181315279
X_pca,42,crizotinib,EFM192A_BREAST,333,0.07102339890171694,0.872946644151533
X_pca,42,crizotinib,SNU423_LIVER,212,0.09519776647108204,0.9027525816323623
X_pca,42,crizotinib,KPL1_BREAST,276,0.05037451462171681,0.7091741248749305
X_pca,42,crizotinib,NCIH358_LUNG,336,0.10909228522207584,0.6086223474038499
X_pca,42,crizotinib,COLO792_SKIN,271,0.08975146679937872,0.85746100248006
X_pca,42,crizotinib,KYSE520_OESOPHAGUS,323,0.07856737452287182,0.8620632536271039
X_pca,42,crizotinib,KMRC3_KIDNEY,245,0.11869627353878756,0.8164919575866387
X_pca,42,crizotinib,MKN7_STOMACH,258,0.08333591297898703,0.8663784625918366
X_pca,42,crizotinib,NCIH1944_LUNG,414,0.09540643811769671,0.9444778374427758
X_pca,42,crizotinib,TE6_OESOPHAGUS,551,0.09839307969149673,0.8616110777681839
X_pca,42,crizotinib,ZR751_BREAST,309,0.09561298257055381,0.7550121667315659
X_pca,42,crizotinib,PANC0203_PANCREAS,506,0.05684756419081949,0.7721504988406487
X_pca,42,crizotinib,SW1990_PANCREAS,307,0.08492141277544728,0.8577349286902611
X_pca,42,crizotinib,RD_SOFT_TISSUE,261,0.10556190088619488,0.783613921810384
X_pca,42,crizotinib,NCIH1792_LUNG,111,0.12844187321062836,0.7604823730013393
X_pca,42,crizotinib,PK45H_PANCREAS,271,0.10411410681902358,0.7385125138222951
X_pca,42,crizotinib,LS180_LARGE_INTESTINE,361,0.06862717730013268,0.8215099546717805
X_pca,42,crizotinib,RERFLCAI_LUNG,763,0.08865080297343783,0.878327343598262
X_pca,42,crizotinib,CAMA1_BREAST,291,0.06928277192400863,0.85452896602375
X_pca,42,crizotinib,SNU449_LIVER,282,0.06230015236768979,0.8638396806328009
X_pca,42,crizotinib,A204_SOFT_TISSUE,250,0.09810541625689435,0.8852386140823364
X_pca,42,crizotinib,MKN45_STOMACH,118,0.07810825711020822,0.7249291372501244
X_pca,42,crizotinib,HEP3B217_LIVER,118,0.061383627298305876,0.8398312209016185
X_pca,42,crizotinib,HOS_BONE,829,0.11279439351599639,0.8141096425574134
X_pca,42,crizotinib,EBC1_LUNG,186,0.06376549406585606,0.7742970367913605
X_pca,42,crizotinib,NCIH292_LUNG,213,0.053535785011812595,0.7628562721847928
X_pca,42,crizotinib,OUMS23_LARGE_INTESTINE,107,0.06037738826039405,0.717300982118767
X_pca,42,crizotinib,HEC151_ENDOMETRIUM,250,0.09965297804481152,0.8558956520557404
X_pca,42,crizotinib,NCIH1373_LUNG,164,0.0660635915814378,0.7777518659103207
X_pca,42,crizotinib,TE9_OESOPHAGUS,248,0.08646646288563126,0.8747404921920069
X_pca,42,crizotinib,HCC56_LARGE_INTESTINE,99,0.0643507410469739,0.8647830895703248
X_pca,42,crizotinib,HT55_LARGE_INTESTINE,211,0.07332798718150384,0.9024105682192256
X_pca,42,crizotinib,RT4_URINARY_TRACT,106,0.06796831001747143,0.6635686749557279
X_pca,42,crizotinib,SKES1_BONE,91,0.08316083652027394,0.8179600140550635
X_pca,42,crizotinib,NCIH1435_LUNG,267,0.06520889407046548,0.7912051847365018
X_pca,42,crizotinib,8305C_THYROID,459,0.10146046501168983,0.8293204411442243
X_pca,42,crizotinib,NCIH2228_LUNG,367,0.053153417892147746,0.7397973626770831
X_pca,42,crizotinib,TE10_OESOPHAGUS,219,0.10254914294293282,0.7811875607325062
X_pca,42,crizotinib,ASPC1_PANCREAS,290,0.08580056019097346,0.7241168616146877
X_pca,42,crizotinib,HCC366_LUNG,202,0.08933525210936953,0.7804575556575661
X_pca,42,crizotinib,BICR16_UPPER_AERODIGESTIVE_TRACT,212,0.0781180214831136,0.7795408429964533
X_pca,42,crizotinib,HEC6_ENDOMETRIUM,161,0.10460207999982805,0.8193670990674392
X_pca,42,crizotinib,KALS1_CENTRAL_NERVOUS_SYSTEM,288,0.07566584496143958,0.7459475851307312
X_pca,42,crizotinib,NCIH2444_LUNG,237,0.04976604472006252,0.7649648856010115
X_pca,42,crizotinib,SNU46_UPPER_AERODIGESTIVE_TRACT,236,0.10357503468274208,0.7705750321432695
X_pca,42,crizotinib,OAW28_OVARY,161,0.07258423245721385,0.759675253252065
X_pca,42,crizotinib,SNU1214_UPPER_AERODIGESTIVE_TRACT,188,0.07589519846638937,0.8463812933323231
X_pca,42,crizotinib,SKMEL5_SKIN,297,0.10296106309528043,0.8083275994066438
X_pca,42,crizotinib,OVCAR4_OVARY,283,0.0808151395393027,0.7360043527801972
X_pca,42,crizotinib,UACC257_SKIN,239,0.09858371572949823,0.7007299659142434
X_pca,42,crizotinib,ONCODG1_OVARY,270,0.06404751535260901,0.8545845727125804
X_pca,42,crizotinib,HUH28_BILIARY_TRACT,139,0.08058150191466362,0.7783303333700989
X_pca,42,crizotinib,IM95_STOMACH,185,0.08004105291269978,0.773403657127071
X_pca,42,crizotinib,TE14_OESOPHAGUS,474,0.0766582253220706,0.7482241281477208
X_pca,42,crizotinib,CAKI2_KIDNEY,278,0.07533496698865622,0.8764930746966987
X_pca,42,crizotinib,SU8686_PANCREAS,82,0.10284240239601028,0.6262007261194834
X_pca,42,crizotinib,SCC25_UPPER_AERODIGESTIVE_TRACT,898,0.06121656112762982,0.716039669739377
X_pca,42,crizotinib,SCC9_UPPER_AERODIGESTIVE_TRACT,475,0.06902792772934913,0.7636882059197677
X_pca,42,afatinib,NCIH2126_LUNG,264,0.11257249146261791,0.5214657881720499
X_pca,42,afatinib,SW579_THYROID,217,0.06503041140352643,0.8477028064464095
X_pca,42,afatinib,NCIH446_LUNG,196,0.10264268156415593,0.7735107369264778
X_pca,42,afatinib,HEC251_ENDOMETRIUM,107,0.08998274212077927,0.5888773840721523
X_pca,42,afatinib,MFE319_ENDOMETRIUM,191,0.08468413555642584,0.6320703649083982
X_pca,42,afatinib,SKNAS_AUTONOMIC_GANGLIA,226,0.09113774418749417,0.6850444510974715
X_pca,42,afatinib,NCIH2452_PLEURA,538,0.08169832758487008,0.8045511210274963
X_pca,42,afatinib,COLO741_SKIN,329,0.08059538197767833,0.775907174432169
X_pca,42,afatinib,KNS42_CENTRAL_NERVOUS_SYSTEM,172,0.11486235273525451,0.8080066212041433
X_pca,42,afatinib,MCF7_BREAST,143,0.0856587479423593,0.8178645351549962
X_pca,42,afatinib,HT1197_URINARY_TRACT,74,0.11305538858875423,0.7445756354042001
X_pca,42,afatinib,SNU899_UPPER_AERODIGESTIVE_TRACT,83,0.06060360094393518,0.5277417144143438
X_pca,42,afatinib,HCC38_BREAST,200,0.12664349255559157,0.587435858398676
X_pca,42,afatinib,SNU308_BILIARY_TRACT,94,0.11070004001590401,0.5953976280511694
X_pca,42,afatinib,SW1271_LUNG,115,0.10256920123068582,0.8828915585642275
X_pca,42,afatinib,TM31_CENTRAL_NERVOUS_SYSTEM,116,0.08028758377243067,0.6993465218050726
X_pca,42,afatinib,NCIH747_LARGE_INTESTINE,80,0.11382908968218136,0.7520282343029976
X_pca,42,afatinib,KPNSI9S_AUTONOMIC_GANGLIA,129,0.09542848672030622,0.7206400143083675
X_pca,42,afatinib,SQ1_LUNG,238,0.07287729041250834,0.5758013303289894
X_pca,42,afatinib,IALM_LUNG,322,0.13028652440249436,0.7686256316507826
X_pca,42,afatinib,BT474_BREAST,125,0.09572648628696856,0.6045891461372376
X_pca,42,afatinib,DKMG_CENTRAL_NERVOUS_SYSTEM,271,0.11981113722581871,0.6688202904379236
X_pca,42,afatinib,BT549_BREAST,266,0.1279520675058288,0.9305657181972847
X_pca,42,afatinib,BICR6_UPPER_AERODIGESTIVE_TRACT,286,0.1109563236064859,0.6665626684060464
X_pca,42,afatinib,SH10TC_STOMACH,351,0.09050376271363084,0.9211385095560992
X_pca,42,afatinib,UMUC1_URINARY_TRACT,197,0.0882305150307825,0.4967829353615717
X_pca,42,afatinib,LS1034_LARGE_INTESTINE,146,0.09078212595153422,0.5726267095297983
X_pca,42,afatinib,CCFSTTG1_CENTRAL_NERVOUS_SYSTEM,246,0.12802775817764536,0.7601300451329084
X_pca,42,afatinib,NCIH226_LUNG,235,0.11350973397361765,0.7634595033970285
X_pca,42,afatinib,LNCAPCLONEFGC_PROSTATE,129,0.09765461813307282,0.6681136419606764
X_pca,42,afatinib,RCC10RGB_KIDNEY,233,0.10503530090560224,0.6679871375212854
X_pca,42,afatinib,RERFLCAD1_LUNG,243,0.1055490248694947,0.7763500785140834
X_pca,42,afatinib,SKMEL2_SKIN,276,0.12607165664878509,0.6986410439662312
X_pca,42,afatinib,BICR31_UPPER_AERODIGESTIVE_TRACT,248,0.09359144720769891,0.5794474120822645
X_pca,42,afatinib,RCM1_LARGE_INTESTINE,128,0.0784586754486654,0.6238347224425524
X_pca,42,afatinib,COV434_OVARY,88,0.1335497514875508,0.7473657903346148
X_pca,42,afatinib,SNU1079_BILIARY_TRACT,73,0.12724978624083366,0.7181851823035985
X_pca,42,afatinib,YD38_UPPER_AERODIGESTIVE_TRACT,624,0.11149203686797186,0.5401680261278764
X_pca,42,afatinib,NCIH1299_LUNG,534,0.10781962118575233,0.7607165279794722
X_pca,42,afatinib,IGR37_SKIN,347,0.1213245561674124,0.770918836425292
X_pca,42,afatinib,BFTC909_KIDNEY,379,0.13100210260035428,0.8408252870501818
X_pca,42,afatinib,NCIH460_LUNG,837,0.09169832749307581,0.48740126828138974
X_pca,42,afatinib,IGR1_SKIN,725,0.12163660897834232,0.8336252004524757
X_pca,42,afatinib,VMCUB1_URINARY_TRACT,478,0.11874221754018777,0.5855667652819446
X_pca,42,afatinib,JHOC5_OVARY,145,0.13765022361279652,0.6475127713433627
X_pca,42,afatinib,42MGBA_CENTRAL_NERVOUS_SYSTEM,518,0.137393540750768,0.8545697440166731
X_pca,42,afatinib,HT1080_SOFT_TISSUE,516,0.12818596484922032,0.7814204106612723
X_pca,42,afatinib,LI7_LIVER,196,0.15230209033101874,0.69420895345357
X_pca,42,afatinib,A375_SKIN,593,0.09454996213736085,0.663493757857038
X_pca,42,afatinib,FTC133_THYROID,140,0.10105292422252328,0.7636448389717511
X_pca,42,afatinib,OVK18_OVARY,178,0.1059349579315739,0.7706156028120705
X_pca,42,afatinib,ACCMESO1_PLEURA,162,0.08920223966236919,0.8499984789041826
X_pca,42,afatinib,HMC18_BREAST,293,0.10589851975256485,0.8098303397971208
X_pca,42,afatinib,TOV112D_OVARY,78,0.1005057426138622,0.6565489979126514
X_pca,42,afatinib,JHH6_LIVER,206,0.08395044790867746,0.7098983644860463
X_pca,42,afatinib,A2058_SKIN,294,0.1242230974142901,0.8624155815361308
X_pca,42,afatinib,NCIH2110_LUNG,1990,0.0922643666477622,0.5462028638352102
X_pca,42,afatinib,NCIH650_LUNG,271,0.11457461107850825,0.6754009831435566
X_pca,42,afatinib,EFE184_ENDOMETRIUM,86,0.10830584093565877,0.6463744654211887
X_pca,42,afatinib,HUPT3_PANCREAS,136,0.11225251031651186,0.6308914124965668
X_pca,42,afatinib,MDAMB361_BREAST,135,0.08274874398685202,0.5540591469517461
X_pca,42,afatinib,BCPAP_THYROID,152,0.11318948458444884,0.8065052883405435
X_pca,42,afatinib,PECAPJ49_UPPER_AERODIGESTIVE_TRACT,202,0.0964060501582853,0.4023233036888708
X_pca,42,afatinib,EKVX_LUNG,146,0.10995679957659335,0.7365845682686323
X_pca,42,afatinib,BICR56_UPPER_AERODIGESTIVE_TRACT,81,0.07373610078544846,0.40386767667016865
X_pca,42,afatinib,NCIH2170_LUNG,142,0.1454878472446845,0.6744808674278394
X_pca,42,afatinib,DETROIT562_UPPER_AERODIGESTIVE_TRACT,163,0.09869454367421368,0.5886144672800426
X_pca,42,afatinib,SW1088_CENTRAL_NERVOUS_SYSTEM,128,0.15109223979065112,0.869840872939676
X_pca,42,afatinib,BHY_UPPER_AERODIGESTIVE_TRACT,145,0.10929691837000212,0.5197997407666568
X_pca,42,afatinib,CAS1_CENTRAL_NERVOUS_SYSTEM,133,0.10533180309080342,0.8567242362445459
X_pca,42,afatinib,HCC1428_BREAST,127,0.12127274039848233,0.7634726316910091
X_pca,42,afatinib,HDQP1_BREAST,64,0.0779253040195097,0.6869701445102692
X_pca,42,afatinib,OSRC2_KIDNEY,126,0.06743786358336769,0.6922063113205017
X_pca,42,afatinib,HUPT4_PANCREAS,56,0.1424266393112373,0.7322700098156929
X_pca,42,afatinib,TCCSUP_URINARY_TRACT,316,0.0933802747824614,0.7812899356778664
X_pca,42,afatinib,VMRCRCZ_KIDNEY,300,0.08664057249627237,0.6284143645564715
X_pca,42,afatinib,PK59_PANCREAS,174,0.09793640722377882,0.903422085033066
X_pca,42,afatinib,HUH6_LIVER,338,0.10753150304163112,0.6159045711247879
X_pca,42,afatinib,MSTO211H_PLEURA,297,0.11265547126633205,1.0046012327325866
X_pca,42,afatinib,HS852T_SKIN,162,0.07854565850853129,0.7540202858271422
X_pca,42,afatinib,SKMEL30_SKIN,353,0.12414737606920988,0.7485768606743799
X_pca,42,afatinib,T47D_BREAST,221,0.10281806211575624,0.7995391326252691
X_pca,42,afatinib,CALU6_LUNG,258,0.0816038394016436,0.700099877608839
X_pca,42,afatinib,NCIH522_LUNG,208,0.08576998149557652,0.6954290356773597
X_pca,42,afatinib,LMSU_STOMACH,255,0.09890940836191732,0.6960965197460324
X_pca,42,afatinib,SNUC4_LARGE_INTESTINE,467,0.1107992382185901,0.6861332265033967
X_pca,42,afatinib,RVH421_SKIN,239,0.1463752702119187,0.7143211635336217
X_pca,42,afatinib,OVSAHO_OVARY,227,0.08330115445440706,0.6673932084690631
X_pca,42,afatinib,GOS3_CENTRAL_NERVOUS_SYSTEM,191,0.111334937047601,0.7492682688835404
X_pca,42,afatinib,SNU738_CENTRAL_NERVOUS_SYSTEM,379,0.09400305573306145,0.8860691743349967
X_pca,42,afatinib,PC3_PROSTATE,169,0.12472264260878517,0.8967165389709925
X_pca,42,afatinib,PATU8988S_PANCREAS,244,0.08999035913078161,0.813959826700023
X_pca,42,afatinib,OVTOKO_OVARY,209,0.08550063844668536,0.6276720673844004
X_pca,42,afatinib,TE1_OESOPHAGUS,206,0.11640623787088969,0.742854095778419
X_pca,42,afatinib,NCIH2087_LUNG,219,0.1405779561824798,0.5135303436348971
X_pca,42,afatinib,EFM192A_BREAST,333,0.0900616167121534,0.782829008481882
X_pca,42,afatinib,SNU423_LIVER,212,0.11337555090951267,0.80199526222247
X_pca,42,afatinib,KPL1_BREAST,276,0.05238180712746855,0.8004487485125444
X_pca,42,afatinib,NCIH358_LUNG,336,0.1101597678770206,0.6229762714356184
X_pca,42,afatinib,COLO792_SKIN,271,0.11029416302986683,0.6636100024314824
X_pca,42,afatinib,KYSE520_OESOPHAGUS,323,0.09279816581935413,0.569090488894436
X_pca,42,afatinib,KMRC3_KIDNEY,245,0.10767357491976011,0.7891055170370608
X_pca,42,afatinib,MKN7_STOMACH,258,0.12001441910666383,0.7001160404016805
X_pca,42,afatinib,NCIH1944_LUNG,414,0.10632862997564815,0.8024965634092617
X_pca,42,afatinib,TE6_OESOPHAGUS,551,0.09999625699795697,0.5373355357919544
X_pca,42,afatinib,ZR751_BREAST,309,0.11186271864946291,0.7751651015675184
X_pca,42,afatinib,PANC0203_PANCREAS,506,0.0715602179351619,0.5454914485630782
X_pca,42,afatinib,SW1990_PANCREAS,307,0.11923938335214286,0.7187564091496048
X_pca,42,afatinib,RD_SOFT_TISSUE,261,0.11350991748705926,0.8840182485251591
X_pca,42,afatinib,NCIH1792_LUNG,111,0.14540388992309752,0.8183933872360367
X_pca,42,afatinib,PK45H_PANCREAS,271,0.1214412953233885,0.8331328766812258
X_pca,42,afatinib,LS180_LARGE_INTESTINE,361,0.0912325935786963,0.6157361361458691
X_pca,42,afatinib,RERFLCAI_LUNG,763,0.101023894866587,0.7482118335495145
X_pca,42,afatinib,CAMA1_BREAST,291,0.06084311881266078,0.7482804414332938
X_pca,42,afatinib,SNU449_LIVER,282,0.09475431482588935,0.6328454658072046
X_pca,42,afatinib,A204_SOFT_TISSUE,250,0.12239141136147769,0.7753435490131378
X_pca,42,afatinib,MKN45_STOMACH,118,0.08784472964269477,0.6497832890284263
X_pca,42,afatinib,HEP3B217_LIVER,118,0.07858954918709446,0.6230467206845849
X_pca,42,afatinib,HOS_BONE,829,0.13792449296206097,0.7441547750635803
X_pca,42,afatinib,EBC1_LUNG,186,0.08149095866862828,0.641002219851299
X_pca,42,afatinib,NCIH292_LUNG,213,0.09747629745423407,0.652557050398258
X_pca,42,afatinib,OUMS23_LARGE_INTESTINE,107,0.08569797344884132,0.7501911041892577
X_pca,42,afatinib,HEC151_ENDOMETRIUM,250,0.1354475169133833,0.7058890982866287
X_pca,42,afatinib,NCIH1373_LUNG,164,0.08279088107138406,0.751717317031651
X_pca,42,afatinib,TE9_OESOPHAGUS,248,0.07718810749095394,0.5598379277413891
X_pca,42,afatinib,HCC56_LARGE_INTESTINE,99,0.06509472230581961,0.6644854181342654
X_pca,42,afatinib,HT55_LARGE_INTESTINE,211,0.07728383744169674,0.7793309332635165
X_pca,42,afatinib,RT4_URINARY_TRACT,106,0.10359519113678077,0.745294951605347
X_pca,42,afatinib,SKES1_BONE,91,0.10734133734076624,0.8216400428132696
X_pca,42,afatinib,NCIH1435_LUNG,267,0.08322795730124778,0.612845219029916
X_pca,42,afatinib,8305C_THYROID,459,0.11220809680237465,0.8497213064195803
X_pca,42,afatinib,NCIH2228_LUNG,367,0.07885609029942031,0.6546834090912375
X_pca,42,afatinib,TE10_OESOPHAGUS,219,0.11142144110412226,0.6034361021975948
X_pca,42,afatinib,ASPC1_PANCREAS,290,0.09110428811976069,0.7294539650966381
X_pca,42,afatinib,HCC366_LUNG,202,0.10463398111510595,0.6759415112509586
X_pca,42,afatinib,BICR16_UPPER_AERODIGESTIVE_TRACT,212,0.12884644078068602,0.5556647306624448
X_pca,42,afatinib,HEC6_ENDOMETRIUM,161,0.10948727125155164,0.6582551800316165
X_pca,42,afatinib,KALS1_CENTRAL_NERVOUS_SYSTEM,288,0.08594980398194678,0.8066299421091875
X_pca,42,afatinib,NCIH2444_LUNG,237,0.07442136871199713,0.6647526404274164
X_pca,42,afatinib,SNU46_UPPER_AERODIGESTIVE_TRACT,236,0.15277722400114965,0.7042745317695505
X_pca,42,afatinib,OAW28_OVARY,161,0.09543778047825241,0.5502763268370066
X_pca,42,afatinib,SNU1214_UPPER_AERODIGESTIVE_TRACT,188,0.0953231005249348,0.4321631304127105
X_pca,42,afatinib,SKMEL5_SKIN,297,0.13444953679210966,0.6267136089528851
X_pca,42,afatinib,OVCAR4_OVARY,283,0.10945952048782308,0.5950998236349531
X_pca,42,afatinib,UACC257_SKIN,239,0.11145504052487973,0.7162853499336721
X_pca,42,afatinib,ONCODG1_OVARY,270,0.07642341803698184,0.6865437533016558
X_pca,42,afatinib,HUH28_BILIARY_TRACT,139,0.08859779672981848,0.6856008006943216
X_pca,42,afatinib,IM95_STOMACH,185,0.1076349713048009,0.6587675120379474
X_pca,42,afatinib,TE14_OESOPHAGUS,474,0.10065171520013969,0.48236996803102616
X_pca,42,afatinib,CAKI2_KIDNEY,278,0.10569318657518027,0.5993994210692618
X_pca,42,afatinib,SU8686_PANCREAS,82,0.10384709579219786,0.6760346151706649
X_pca,42,afatinib,SCC25_UPPER_AERODIGESTIVE_TRACT,898,0.06706745502936735,0.5271335790444057
X_pca,42,afatinib,SCC9_UPPER_AERODIGESTIVE_TRACT,475,0.08485895585457899,0.6530056907001295
X_pca,43,doxorubicin,NCIH2126_LUNG,264,0.1256697325088125,0.36144643739768956
X_pca,43,doxorubicin,SW579_THYROID,217,0.1076613747812755,0.666435136635732
X_pca,43,doxorubicin,NCIH446_LUNG,196,0.1380311619948042,0.4239751565821317
X_pca,43,doxorubicin,HEC251_ENDOMETRIUM,107,0.10686067923090294,0.549006089428875
X_pca,43,doxorubicin,MFE319_ENDOMETRIUM,191,0.11016432745041789,0.5877265096959019
X_pca,43,doxorubicin,SKNAS_AUTONOMIC_GANGLIA,226,0.10082015193678641,0.3765046803560932
X_pca,43,doxorubicin,NCIH2452_PLEURA,538,0.1310186392479349,0.5875425912079758
X_pca,43,doxorubicin,COLO741_SKIN,329,0.12908764398439404,0.4668322500849205
X_pca,43,doxorubicin,KNS42_CENTRAL_NERVOUS_SYSTEM,172,0.14547190847577895,0.515077446955581
X_pca,43,doxorubicin,MCF7_BREAST,143,0.0841740677153191,1.0036143381278833
X_pca,43,doxorubicin,HT1197_URINARY_TRACT,74,0.11352509519964674,0.47774499131215586
X_pca,43,doxorubicin,SNU899_UPPER_AERODIGESTIVE_TRACT,83,0.08963892006254198,0.5062858153538532
X_pca,43,doxorubicin,HCC38_BREAST,200,0.09901219425949709,0.6674015621840954
X_pca,43,doxorubicin,SNU308_BILIARY_TRACT,94,0.14541535725942742,0.7516680388374531
X_pca,43,doxorubicin,SW1271_LUNG,115,0.1244023291574753,0.6022605515044669
X_pca,43,doxorubicin,TM31_CENTRAL_NERVOUS_SYSTEM,116,0.11552818676234383,0.6527717966457893
X_pca,43,doxorubicin,NCIH747_LARGE_INTESTINE,80,0.09218696830159244,0.6995046302676201
X_pca,43,doxorubicin,KPNSI9S_AUTONOMIC_GANGLIA,129,0.1086826082262083,0.4870509265005126
X_pca,43,doxorubicin,SQ1_LUNG,238,0.1048008107478821,0.6398644052884158
X_pca,43,doxorubicin,IALM_LUNG,322,0.1580226479347895,0.5910573799787842
X_pca,43,doxorubicin,BT474_BREAST,125,0.11625309976397458,0.8709869318008423
X_pca,43,doxorubicin,DKMG_CENTRAL_NERVOUS_SYSTEM,271,0.0898477330299353,0.4401220207504681
X_pca,43,doxorubicin,BT549_BREAST,266,0.1258181822443733,0.5540838833142044
X_pca,43,doxorubicin,BICR6_UPPER_AERODIGESTIVE_TRACT,286,0.07078518455999237,0.5561525336095503
X_pca,43,doxorubicin,SH10TC_STOMACH,351,0.09052287888561196,0.7687969718903218
X_pca,43,doxorubicin,UMUC1_URINARY_TRACT,197,0.08429874217288684,0.5623349161620067
X_pca,43,doxorubicin,LS1034_LARGE_INTESTINE,146,0.12435491643968048,0.6639157125394638
X_pca,43,doxorubicin,CCFSTTG1_CENTRAL_NERVOUS_SYSTEM,246,0.09618499845011146,0.5343633891363454
X_pca,43,doxorubicin,NCIH226_LUNG,235,0.13489475448967853,0.6642240913624459
X_pca,43,doxorubicin,LNCAPCLONEFGC_PROSTATE,129,0.10548611177192317,0.5224567189697147
X_pca,43,doxorubicin,RCC10RGB_KIDNEY,233,0.08084065953608369,0.6868202714449346
X_pca,43,doxorubicin,RERFLCAD1_LUNG,243,0.09585436283081744,0.5901313335807236
X_pca,43,doxorubicin,SKMEL2_SKIN,276,0.13452285429191807,0.5883011280194573
X_pca,43,doxorubicin,BICR31_UPPER_AERODIGESTIVE_TRACT,248,0.10696356396085717,0.5834734030067921
X_pca,43,doxorubicin,RCM1_LARGE_INTESTINE,128,0.12702273193212793,0.7157070925459266
X_pca,43,doxorubicin,COV434_OVARY,88,0.11606293962143192,0.3368773504414342
X_pca,43,doxorubicin,SNU1079_BILIARY_TRACT,73,0.13952752705588053,0.671409106826129
X_pca,43,doxorubicin,YD38_UPPER_AERODIGESTIVE_TRACT,624,0.11001012911564287,0.4872588988584586
X_pca,43,doxorubicin,NCIH1299_LUNG,534,0.14239963863142044,0.5277526697304364
X_pca,43,doxorubicin,IGR37_SKIN,347,0.13115871261332981,0.7401731342334912
X_pca,43,doxorubicin,BFTC909_KIDNEY,379,0.10535745588778252,0.5847480705199581
X_pca,43,doxorubicin,NCIH460_LUNG,837,0.11845481507652587,0.4761812286351317
X_pca,43,doxorubicin,IGR1_SKIN,725,0.09133284711082065,0.5923763403399237
X_pca,43,doxorubicin,VMCUB1_URINARY_TRACT,478,0.12978375510699278,0.5442825740351338
X_pca,43,doxorubicin,JHOC5_OVARY,145,0.10682869437704705,0.7018293187536042
X_pca,43,doxorubicin,42MGBA_CENTRAL_NERVOUS_SYSTEM,518,0.1406633238709075,0.4168669126899086
X_pca,43,doxorubicin,HT1080_SOFT_TISSUE,516,0.10897290574314154,0.5217834076331568
X_pca,43,doxorubicin,LI7_LIVER,196,0.16150427425968839,0.5843089531574931
X_pca,43,doxorubicin,A375_SKIN,593,0.1362554563185873,0.6470470498826412
X_pca,43,doxorubicin,FTC133_THYROID,140,0.14508225749987416,0.6381787617291723
X_pca,43,doxorubicin,OVK18_OVARY,178,0.11098503487168593,0.5091291836808237
X_pca,43,doxorubicin,ACCMESO1_PLEURA,162,0.13851741943213783,0.7124553188497638
X_pca,43,doxorubicin,HMC18_BREAST,293,0.11663431960584297,0.5348419822727047
X_pca,43,doxorubicin,TOV112D_OVARY,78,0.13566292379334124,0.38182655855631215
X_pca,43,doxorubicin,JHH6_LIVER,206,0.1209910464091283,0.7557884124876226
X_pca,43,doxorubicin,A2058_SKIN,294,0.11415777712631171,0.6617777598958438
X_pca,43,doxorubicin,NCIH2110_LUNG,1990,0.10657958635719429,0.6093622099364823
X_pca,43,doxorubicin,NCIH650_LUNG,271,0.08881663214825543,0.6703342994420731
X_pca,43,doxorubicin,EFE184_ENDOMETRIUM,86,0.11660316846513949,0.677963298767112
X_pca,43,doxorubicin,HUPT3_PANCREAS,136,0.08690519983782946,0.6800745679613422
X_pca,43,doxorubicin,MDAMB361_BREAST,135,0.09131285758069947,0.774013555932928
X_pca,43,doxorubicin,BCPAP_THYROID,152,0.12986978753090922,0.6026920386050877
X_pca,43,doxorubicin,PECAPJ49_UPPER_AERODIGESTIVE_TRACT,202,0.1065189659316273,0.6338688893483417
X_pca,43,doxorubicin,EKVX_LUNG,146,0.16234487245973667,0.5188628608641559
X_pca,43,doxorubicin,BICR56_UPPER_AERODIGESTIVE_TRACT,81,0.0774620951082714,0.39856537367090766
X_pca,43,doxorubicin,NCIH2170_LUNG,142,0.15907781863446138,0.5570256229437572
X_pca,43,doxorubicin,DETROIT562_UPPER_AERODIGESTIVE_TRACT,163,0.10843490311957821,0.513189237724784
X_pca,43,doxorubicin,SW1088_CENTRAL_NERVOUS_SYSTEM,128,0.13999707872093486,0.5149310359265655
X_pca,43,doxorubicin,BHY_UPPER_AERODIGESTIVE_TRACT,145,0.09777561989967283,0.5476448835997746
X_pca,43,doxorubicin,CAS1_CENTRAL_NERVOUS_SYSTEM,133,0.10210176396168881,0.5113262236118317
X_pca,43,doxorubicin,HCC1428_BREAST,127,0.06033753958627035,0.7061406134620426
X_pca,43,doxorubicin,HDQP1_BREAST,64,0.10995473682578881,0.5677417069673538
X_pca,43,doxorubicin,OSRC2_KIDNEY,126,0.1197024226394101,0.8836811814043257
X_pca,43,doxorubicin,HUPT4_PANCREAS,56,0.09774863848303221,0.5701728681368488
X_pca,43,doxorubicin,TCCSUP_URINARY_TRACT,316,0.12422774931509342,0.6002732605873784
X_pca,43,doxorubicin,VMRCRCZ_KIDNEY,300,0.14037711215486015,0.7704128423333167
X_pca,43,doxorubicin,PK59_PANCREAS,174,0.08499169111958846,0.7184452013722782
X_pca,43,doxorubicin,HUH6_LIVER,338,0.1319948795350803,0.6371777406811009
X_pca,43,doxorubicin,MSTO211H_PLEURA,297,0.11792784725259646,0.5719456985743359
X_pca,43,doxorubicin,HS852T_SKIN,162,0.10639810991800536,0.7697581939491225
X_pca,43,doxorubicin,SKMEL30_SKIN,353,0.12472878764834945,0.6552256911402046
X_pca,43,doxorubicin,T47D_BREAST,221,0.13001536014000992,0.741297354121014
X_pca,43,doxorubicin,CALU6_LUNG,258,0.1148791192446144,0.6537165335675542
X_pca,43,doxorubicin,NCIH522_LUNG,208,0.09519777259118062,0.4095396122966821
X_pca,43,doxorubicin,LMSU_STOMACH,255,0.12187665444609783,0.4340075395855249
X_pca,43,doxorubicin,SNUC4_LARGE_INTESTINE,467,0.07837314829035158,0.5642411365498823
X_pca,43,doxorubicin,RVH421_SKIN,239,0.1373044627634496,0.7262166499093985
X_pca,43,doxorubicin,OVSAHO_OVARY,227,0.11770398324503605,0.6175307074832496
X_pca,43,doxorubicin,GOS3_CENTRAL_NERVOUS_SYSTEM,191,0.1272809309360044,0.626769464677541
X_pca,43,doxorubicin,SNU738_CENTRAL_NERVOUS_SYSTEM,379,0.12829987205254864,0.5054724251060184
X_pca,43,doxorubicin,PC3_PROSTATE,169,0.11317780825319393,0.6305203439568626
X_pca,43,doxorubicin,PATU8988S_PANCREAS,244,0.1280505388190869,0.7991098934998278
X_pca,43,doxorubicin,OVTOKO_OVARY,209,0.12424362087090765,0.7337527490403664
X_pca,43,doxorubicin,TE1_OESOPHAGUS,206,0.12057698608778174,0.5660912806837304
X_pca,43,doxorubicin,NCIH2087_LUNG,219,0.0852541289762453,0.6489672120575491
X_pca,43,doxorubicin,EFM192A_BREAST,333,0.06272780569032305,0.6243002627704952
X_pca,43,doxorubicin,SNU423_LIVER,212,0.1300404892613484,0.5954226408645792
X_pca,43,doxorubicin,KPL1_BREAST,276,0.12949680523966473,0.6344003133151842
X_pca,43,doxorubicin,NCIH358_LUNG,336,0.13432543038082162,0.6380044931457156
X_pca,43,doxorubicin,COLO792_SKIN,271,0.14908210178155828,0.6540526394694494
X_pca,43,doxorubicin,KYSE520_OESOPHAGUS,323,0.1213054667721737,0.5982557037851021
X_pca,43,doxorubicin,KMRC3_KIDNEY,245,0.10812554697789915,0.8745104877316222
X_pca,43,doxorubicin,MKN7_STOMACH,258,0.10035527293149119,0.6477157577525737
X_pca,43,doxorubicin,NCIH1944_LUNG,414,0.16429114361877317,0.5994680341027209
X_pca,43,doxorubicin,TE6_OESOPHAGUS,551,0.12948360958965474,0.5459332856097802
X_pca,43,doxorubicin,ZR751_BREAST,309,0.10874772400703407,0.6611441007324022
X_pca,43,doxorubicin,PANC0203_PANCREAS,506,0.11361111446637008,0.5883476294194285
X_pca,43,doxorubicin,SW1990_PANCREAS,307,0.10853283074447777,0.7327877059821586
X_pca,43,doxorubicin,RD_SOFT_TISSUE,261,0.11211513182181992,0.5124239504794051
X_pca,43,doxorubicin,NCIH1792_LUNG,111,0.15297372391902692,0.5887718796730042
X_pca,43,doxorubicin,PK45H_PANCREAS,271,0.13538755874821867,0.6953501356043938
X_pca,43,doxorubicin,LS180_LARGE_INTESTINE,361,0.11753126225597423,0.7447043629234187
X_pca,43,doxorubicin,RERFLCAI_LUNG,763,0.08827563059958213,0.7140965182065652
X_pca,43,doxorubicin,CAMA1_BREAST,291,0.1263949441018481,0.6691225588936167
X_pca,43,doxorubicin,SNU449_LIVER,282,0.10241248596895908,0.783421314248802
X_pca,43,doxorubicin,A204_SOFT_TISSUE,250,0.11963496065200671,0.5181559979915619
X_pca,43,doxorubicin,MKN45_STOMACH,118,0.11807410821613258,0.7570571876683477
X_pca,43,doxorubicin,HEP3B217_LIVER,118,0.09934426990914424,0.6271359387595775
X_pca,43,doxorubicin,HOS_BONE,829,0.13476672319517746,0.5281870644472189
X_pca,43,doxorubicin,EBC1_LUNG,186,0.09458822601529829,0.6152642664088998
X_pca,43,doxorubicin,NCIH292_LUNG,213,0.09639713443818927,0.5331857538838901
X_pca,43,doxorubicin,OUMS23_LARGE_INTESTINE,107,0.06865936601562314,0.6164780949877802
X_pca,43,doxorubicin,HEC151_ENDOMETRIUM,250,0.1426470514545842,0.6892076151371003
X_pca,43,doxorubicin,NCIH1373_LUNG,164,0.11062780199884475,0.6570121949402298
X_pca,43,doxorubicin,TE9_OESOPHAGUS,248,0.13197424757990986,0.6113616789300595
X_pca,43,doxorubicin,HCC56_LARGE_INTESTINE,99,0.12279181860627938,0.6990358688012518
X_pca,43,doxorubicin,HT55_LARGE_INTESTINE,211,0.09871215124716297,0.949195558143453
X_pca,43,doxorubicin,RT4_URINARY_TRACT,106,0.07905254120317033,0.5633726496741457
X_pca,43,doxorubicin,SKES1_BONE,91,0.09633206298141725,0.5738401245939863
X_pca,43,doxorubicin,NCIH1435_LUNG,267,0.10332480457672179,0.5789742011032747
X_pca,43,doxorubicin,8305C_THYROID,459,0.13948390464084337,0.6379479982754244
X_pca,43,doxorubicin,NCIH2228_LUNG,367,0.10622433421970666,0.6852130954856769
X_pca,43,doxorubicin,TE10_OESOPHAGUS,219,0.12829725397081163,0.6442624303303897
X_pca,43,doxorubicin,ASPC1_PANCREAS,290,0.11024565944994269,0.7840332237810924
X_pca,43,doxorubicin,HCC366_LUNG,202,0.11501788479975417,0.6432141472797582
X_pca,43,doxorubicin,BICR16_UPPER_AERODIGESTIVE_TRACT,212,0.07529619811014988,0.5006390904199403
X_pca,43,doxorubicin,HEC6_ENDOMETRIUM,161,0.11218973357317864,0.4133151758531606
X_pca,43,doxorubicin,KALS1_CENTRAL_NERVOUS_SYSTEM,288,0.14136021206060662,0.5970472598241435
X_pca,43,doxorubicin,NCIH2444_LUNG,237,0.09100893346812775,0.48714053492505843
X_pca,43,doxorubicin,SNU46_UPPER_AERODIGESTIVE_TRACT,236,0.12974743929878838,0.5616264411453473
X_pca,43,doxorubicin,OAW28_OVARY,161,0.088434608356803,0.6144613910535848
X_pca,43,doxorubicin,SNU1214_UPPER_AERODIGESTIVE_TRACT,188,0.07904526052309642,0.656260795732762
X_pca,43,doxorubicin,SKMEL5_SKIN,297,0.15197356824175237,0.7962078285538388
X_pca,43,doxorubicin,OVCAR4_OVARY,283,0.08255778940909146,0.7091901332877129
X_pca,43,doxorubicin,UACC257_SKIN,239,0.09829365125748599,0.6115332543849945
X_pca,43,doxorubicin,ONCODG1_OVARY,270,0.09836392034077862,0.7316920698792846
X_pca,43,doxorubicin,HUH28_BILIARY_TRACT,139,0.14433040464240654,0.6159192291523913
X_pca,43,doxorubicin,IM95_STOMACH,185,0.12950403142161396,0.6725460936894287
X_pca,43,doxorubicin,TE14_OESOPHAGUS,474,0.1298895911204592,0.573521883301594
X_pca,43,doxorubicin,CAKI2_KIDNEY,278,0.12687768429493346,0.7151453750167819
X_pca,43,doxorubicin,SU8686_PANCREAS,82,0.09847640252850487,0.6764769634095634
X_pca,43,doxorubicin,SCC25_UPPER_AERODIGESTIVE_TRACT,898,0.09842067473889972,0.504870625806014
X_pca,43,doxorubicin,SCC9_UPPER_AERODIGESTIVE_TRACT,475,0.12613802420772147,0.5487173080444336
X_pca,43,platin,NCIH2126_LUNG,264,0.09268105243560038,1.0746456883621938
X_pca,43,platin,SW579_THYROID,217,0.08491638530118768,1.00339241016845
X_pca,43,platin,NCIH446_LUNG,196,0.08619166308340065,1.0281745745819442
X_pca,43,platin,HEC251_ENDOMETRIUM,107,0.07014801661029235,0.9834072489604772
X_pca,43,platin,MFE319_ENDOMETRIUM,191,0.07774844006640824,0.9861985229696902
X_pca,43,platin,SKNAS_AUTONOMIC_GANGLIA,226,0.08479986658965406,0.9980542411846397
X_pca,43,platin,NCIH2452_PLEURA,538,0.0816472172985849,0.9014366887315941
X_pca,43,platin,COLO741_SKIN,329,0.07886482840108111,1.0054695513835432
X_pca,43,platin,KNS42_CENTRAL_NERVOUS_SYSTEM,172,0.09915527900294455,1.1092091233924377
X_pca,43,platin,MCF7_BREAST,143,0.06344728019445396,1.0573229118660614
X_pca,43,platin,HT1197_URINARY_TRACT,74,0.09751090872027544,1.0324210903129063
X_pca,43,platin,SNU899_UPPER_AERODIGESTIVE_TRACT,83,0.08079442264893813,1.0415908019226718
X_pca,43,platin,HCC38_BREAST,200,0.07329469185069258,1.0546122434735299
X_pca,43,platin,SNU308_BILIARY_TRACT,94,0.091530730040686,0.9625047090205741
X_pca,43,platin,SW1271_LUNG,115,0.08798020712178999,1.0032094509705254
X_pca,43,platin,TM31_CENTRAL_NERVOUS_SYSTEM,116,0.09314376246300544,1.0751412999013374
X_pca,43,platin,NCIH747_LARGE_INTESTINE,80,0.06479033271077748,0.9408601872622967
X_pca,43,platin,KPNSI9S_AUTONOMIC_GANGLIA,129,0.07911754256307249,0.9435267942820409
X_pca,43,platin,SQ1_LUNG,238,0.07015880898628181,1.0357126122763176
X_pca,43,platin,IALM_LUNG,322,0.11633872925023789,1.0340281686057216
X_pca,43,platin,BT474_BREAST,125,0.09256240289563644,0.9509183931350708
X_pca,43,platin,DKMG_CENTRAL_NERVOUS_SYSTEM,271,0.06930692599366331,0.9723993592596581
X_pca,43,platin,BT549_BREAST,266,0.08596486802753447,1.0009879550539462
X_pca,43,platin,BICR6_UPPER_AERODIGESTIVE_TRACT,286,0.057598012814631255,0.9380082538077882
X_pca,43,platin,SH10TC_STOMACH,351,0.06439128688685797,0.9411874320092704
X_pca,43,platin,UMUC1_URINARY_TRACT,197,0.08231996716266766,0.9354061883718229
X_pca,43,platin,LS1034_LARGE_INTESTINE,146,0.07622570618945411,0.9724723092497212
X_pca,43,platin,CCFSTTG1_CENTRAL_NERVOUS_SYSTEM,246,0.07220594298119767,1.0147084637386043
X_pca,43,platin,NCIH226_LUNG,235,0.08945534895645163,0.9612145806880708
X_pca,43,platin,LNCAPCLONEFGC_PROSTATE,129,0.07019662140639377,1.0512959957122803
X_pca,43,platin,RCC10RGB_KIDNEY,233,0.07132640762943471,0.9511246335864578
X_pca,43,platin,RERFLCAD1_LUNG,243,0.07354160697758765,0.9716485522902061
X_pca,43,platin,SKMEL2_SKIN,276,0.0984967626213115,1.1026235641776652
X_pca,43,platin,BICR31_UPPER_AERODIGESTIVE_TRACT,248,0.08035908775372284,0.98415563351685
X_pca,43,platin,RCM1_LARGE_INTESTINE,128,0.07097388004808543,0.9963294896297157
X_pca,43,platin,COV434_OVARY,88,0.08392989510398872,1.0131522444161503
X_pca,43,platin,SNU1079_BILIARY_TRACT,73,0.11899769589609029,1.0098303899373093
X_pca,43,platin,YD38_UPPER_AERODIGESTIVE_TRACT,624,0.10474532631883642,1.0924640021836147
X_pca,43,platin,NCIH1299_LUNG,534,0.09288425478301042,0.992428554019678
X_pca,43,platin,IGR37_SKIN,347,0.07812971920892181,1.1080268599114431
X_pca,43,platin,BFTC909_KIDNEY,379,0.06832250561375494,0.9740452057138911
X_pca,43,platin,NCIH460_LUNG,837,0.08748940663322428,0.9982072938157951
X_pca,43,platin,IGR1_SKIN,725,0.07071543471395537,1.0329808768732793
X_pca,43,platin,VMCUB1_URINARY_TRACT,478,0.09956800158903502,1.0310473213884122
X_pca,43,platin,JHOC5_OVARY,145,0.0836560695785827,1.0440348473088494
X_pca,43,platin,42MGBA_CENTRAL_NERVOUS_SYSTEM,518,0.10426853927545525,1.078916072845459
X_pca,43,platin,HT1080_SOFT_TISSUE,516,0.07407252377580238,0.9934706902781199
X_pca,43,platin,LI7_LIVER,196,0.12485844822986618,0.9930070778545068
X_pca,43,platin,A375_SKIN,593,0.09815798507077668,1.078502485161085
X_pca,43,platin,FTC133_THYROID,140,0.1069097186216527,1.03059900530747
X_pca,43,platin,OVK18_OVARY,178,0.06678114410731553,1.0040978012460002
X_pca,43,platin,ACCMESO1_PLEURA,162,0.08140727922903687,1.0037213254857946
X_pca,43,platin,HMC18_BREAST,293,0.06727729829324854,0.9121989746142573
X_pca,43,platin,TOV112D_OVARY,78,0.07947446214616187,0.9864159065943497
X_pca,43,platin,JHH6_LIVER,206,0.08056449171058926,1.0275362993328316
X_pca,43,platin,A2058_SKIN,294,0.07425865113388488,1.0698737978529769
X_pca,43,platin,NCIH2110_LUNG,1990,0.08106601525848826,1.0116824202801116
X_pca,43,platin,NCIH650_LUNG,271,0.07967344160062749,0.9708208864025524
X_pca,43,platin,EFE184_ENDOMETRIUM,86,0.09250243466604127,1.0648718476295471
X_pca,43,platin,HUPT3_PANCREAS,136,0.06751369746266891,1.0266899229849087
X_pca,43,platin,MDAMB361_BREAST,135,0.07330050458639352,1.0662891193672464
X_pca,43,platin,BCPAP_THYROID,152,0.1031399462106241,1.1107874991078126
X_pca,43,platin,PECAPJ49_UPPER_AERODIGESTIVE_TRACT,202,0.08651927007590127,0.9535219312304317
X_pca,43,platin,EKVX_LUNG,146,0.09956349565783673,1.0604851776606417
X_pca,43,platin,BICR56_UPPER_AERODIGESTIVE_TRACT,81,0.08198298795731844,1.0513136386871338
X_pca,43,platin,NCIH2170_LUNG,142,0.12796759234519986,1.0149750973976834
X_pca,43,platin,DETROIT562_UPPER_AERODIGESTIVE_TRACT,163,0.08159925297745993,1.0125960199379482
X_pca,43,platin,SW1088_CENTRAL_NERVOUS_SYSTEM,128,0.10104405314814716,1.008078276179731
X_pca,43,platin,BHY_UPPER_AERODIGESTIVE_TRACT,145,0.07131857714669826,0.9679599363228371
X_pca,43,platin,CAS1_CENTRAL_NERVOUS_SYSTEM,133,0.07163940938833627,0.9729794595474587
X_pca,43,platin,HCC1428_BREAST,127,0.057657032032539496,0.9948805988304258
X_pca,43,platin,HDQP1_BREAST,64,0.08530301211654705,0.9628639556467533
X_pca,43,platin,OSRC2_KIDNEY,126,0.07795240164832888,1.1276987043638078
X_pca,43,platin,HUPT4_PANCREAS,56,0.06766615048382053,0.9003972868834224
X_pca,43,platin,TCCSUP_URINARY_TRACT,316,0.08706819748318166,0.9430332698776752
X_pca,43,platin,VMRCRCZ_KIDNEY,300,0.08233504395274076,1.0031659636894863
X_pca,43,platin,PK59_PANCREAS,174,0.06410214269036842,0.9126745208926584
X_pca,43,platin,HUH6_LIVER,338,0.07770956716444297,1.017182548194242
X_pca,43,platin,MSTO211H_PLEURA,297,0.07740122197890734,0.9861079602931886
X_pca,43,platin,HS852T_SKIN,162,0.08353337810215385,1.028250969486472
X_pca,43,platin,SKMEL30_SKIN,353,0.08906859957112255,1.046346182694854
X_pca,43,platin,T47D_BREAST,221,0.0658836817523598,1.0433625182415025
X_pca,43,platin,CALU6_LUNG,258,0.08070109052530007,0.944618494011635
X_pca,43,platin,NCIH522_LUNG,208,0.06466523096447838,0.9311582672481353
X_pca,43,platin,LMSU_STOMACH,255,0.0891737537298377,1.0533132634910882
X_pca,43,platin,SNUC4_LARGE_INTESTINE,467,0.050779085876671515,0.9632708763412541
X_pca,43,platin,RVH421_SKIN,239,0.0951980880438413,1.0031817218748595
X_pca,43,platin,OVSAHO_OVARY,227,0.07775421675922,0.9846348400157979
X_pca,43,platin,GOS3_CENTRAL_NERVOUS_SYSTEM,191,0.09266607394028502,1.0198074011278402
X_pca,43,platin,SNU738_CENTRAL_NERVOUS_SYSTEM,379,0.08655885148998332,0.9452030910351031
X_pca,43,platin,PC3_PROSTATE,169,0.09075723056889966,0.9908657613590625
X_pca,43,platin,PATU8988S_PANCREAS,244,0.07678647277312517,0.9827762246131897
X_pca,43,platin,OVTOKO_OVARY,209,0.08108774357051593,1.0414432258697217
X_pca,43,platin,TE1_OESOPHAGUS,206,0.09907418195244158,0.9839594775033229
X_pca,43,platin,NCIH2087_LUNG,219,0.0699078924696993,0.9443513840845187
X_pca,43,platin,EFM192A_BREAST,333,0.06404844291119124,0.9797849436779996
X_pca,43,platin,SNU423_LIVER,212,0.10784903844742569,1.0073578208684921
X_pca,43,platin,KPL1_BREAST,276,0.062469897927498116,1.0114226557206416
X_pca,43,platin,NCIH358_LUNG,336,0.09414687555296535,1.0384018364406766
X_pca,43,platin,COLO792_SKIN,271,0.07342726968784088,1.098219835670232
X_pca,43,platin,KYSE520_OESOPHAGUS,323,0.09697855886412202,1.018400530881557
X_pca,43,platin,KMRC3_KIDNEY,245,0.07665747027216792,1.0305722307185738
X_pca,43,platin,MKN7_STOMACH,258,0.06689147899419644,0.8896891708059829
X_pca,43,platin,NCIH1944_LUNG,414,0.096481803058673,0.9623720892097639
X_pca,43,platin,TE6_OESOPHAGUS,551,0.08913918414216584,0.9911747601850063
X_pca,43,platin,ZR751_BREAST,309,0.06807450580028587,1.0592348185943554
X_pca,43,platin,PANC0203_PANCREAS,506,0.08206762893896023,0.9345123054010595
X_pca,43,platin,SW1990_PANCREAS,307,0.070228747735465,0.8919942365407167
X_pca,43,platin,RD_SOFT_TISSUE,261,0.07337136916067154,1.0025679007800603
X_pca,43,platin,NCIH1792_LUNG,111,0.11271852040878094,0.9651470962945405
X_pca,43,platin,PK45H_PANCREAS,271,0.09148019317515853,0.9388849759453777
X_pca,43,platin,LS180_LARGE_INTESTINE,361,0.06655728867612207,0.9604615445282321
X_pca,43,platin,RERFLCAI_LUNG,763,0.06383566030465282,0.9846558473213316
X_pca,43,platin,CAMA1_BREAST,291,0.06607497380257321,1.0011339738606588
X_pca,43,platin,SNU449_LIVER,282,0.0799420720589388,1.0073537987174717
X_pca,43,platin,A204_SOFT_TISSUE,250,0.09350305013894925,1.096465250492096
X_pca,43,platin,MKN45_STOMACH,118,0.08672155110239281,1.0086526325193501
X_pca,43,platin,HEP3B217_LIVER,118,0.08351364940623313,0.9969036079059213
X_pca,43,platin,HOS_BONE,829,0.10674207884480921,1.0469310741660391
X_pca,43,platin,EBC1_LUNG,186,0.06927981334466725,0.8947054698903073
X_pca,43,platin,NCIH292_LUNG,213,0.07026687978643191,0.9627089592772471
X_pca,43,platin,OUMS23_LARGE_INTESTINE,107,0.056520377160842884,1.0323581595287146
X_pca,43,platin,HEC151_ENDOMETRIUM,250,0.09305101402429103,1.0067409675121308
X_pca,43,platin,NCIH1373_LUNG,164,0.07060671835019336,0.8993035387702104
X_pca,43,platin,TE9_OESOPHAGUS,248,0.08901095119241403,0.9619261084064361
X_pca,43,platin,HCC56_LARGE_INTESTINE,99,0.06777194176467445,0.9765060128587665
X_pca,43,platin,HT55_LARGE_INTESTINE,211,0.06690865976503094,0.9932213411511968
X_pca,43,platin,RT4_URINARY_TRACT,106,0.05748458935356887,0.9601620126445338
X_pca,43,platin,SKES1_BONE,91,0.08700690164342545,0.9819202285546523
X_pca,43,platin,NCIH1435_LUNG,267,0.07169420939692049,1.0107682351762435
X_pca,43,platin,8305C_THYROID,459,0.09532131628867414,1.0157976359583454
X_pca,43,platin,NCIH2228_LUNG,367,0.07343836188556822,0.8980505040945734
X_pca,43,platin,TE10_OESOPHAGUS,219,0.09709633648700063,0.8871678709983826
X_pca,43,platin,ASPC1_PANCREAS,290,0.08418504474715202,1.0306390622566486
X_pca,43,platin,HCC366_LUNG,202,0.09352094149157994,0.9414968891899185
X_pca,43,platin,BICR16_UPPER_AERODIGESTIVE_TRACT,212,0.06346525029534532,0.9039564967717765
X_pca,43,platin,HEC6_ENDOMETRIUM,161,0.08386568244894135,0.9763584111047827
X_pca,43,platin,KALS1_CENTRAL_NERVOUS_SYSTEM,288,0.10223114295379834,0.9101221110257838
X_pca,43,platin,NCIH2444_LUNG,237,0.0687298985102429,0.8778524647785139
X_pca,43,platin,SNU46_UPPER_AERODIGESTIVE_TRACT,236,0.10034737212814551,0.9252184104111235
X_pca,43,platin,OAW28_OVARY,161,0.05845932472250537,0.9368584033865366
X_pca,43,platin,SNU1214_UPPER_AERODIGESTIVE_TRACT,188,0.07820652539917111,0.9191945074720586
X_pca,43,platin,SKMEL5_SKIN,297,0.09619578822057169,0.9976236292408773
X_pca,43,platin,OVCAR4_OVARY,283,0.06756446607950045,0.9229364475176107
X_pca,43,platin,UACC257_SKIN,239,0.0826773544857897,1.0263483698896783
X_pca,43,platin,ONCODG1_OVARY,270,0.09046332303565655,1.0070784389972687
X_pca,43,platin,HUH28_BILIARY_TRACT,139,0.10032313412836151,0.9468286980827936
X_pca,43,platin,IM95_STOMACH,185,0.0965208649803341,1.0531203376280296
X_pca,43,platin,TE14_OESOPHAGUS,474,0.08805651994968762,0.8848997847440374
X_pca,43,platin,CAKI2_KIDNEY,278,0.07724656014470559,0.9412060611539608
X_pca,43,platin,SU8686_PANCREAS,82,0.08103935488442057,0.8759243982594188
X_pca,43,platin,SCC25_UPPER_AERODIGESTIVE_TRACT,898,0.07682907494938544,0.986537846929512
X_pca,43,platin,SCC9_UPPER_AERODIGESTIVE_TRACT,475,0.08472083419935274,1.0468132641440944
X_pca,43,etoposide,NCIH2126_LUNG,264,0.0962717261561367,0.7252605780959129
X_pca,43,etoposide,SW579_THYROID,217,0.10363093075294523,0.9927786550214214
X_pca,43,etoposide,NCIH446_LUNG,196,0.12366452994803222,0.7811729003276143
X_pca,43,etoposide,HEC251_ENDOMETRIUM,107,0.10720741445369986,0.9443766580563839
X_pca,43,etoposide,MFE319_ENDOMETRIUM,191,0.11223998146930808,0.9117008918867061
X_pca,43,etoposide,SKNAS_AUTONOMIC_GANGLIA,226,0.09632990970595628,0.7335928180048951
X_pca,43,etoposide,NCIH2452_PLEURA,538,0.11801955007361695,0.7915131900057917
X_pca,43,etoposide,COLO741_SKIN,329,0.11748647745731025,0.9220036654124506
X_pca,43,etoposide,KNS42_CENTRAL_NERVOUS_SYSTEM,172,0.13620948766566748,0.9161078843266465
X_pca,43,etoposide,MCF7_BREAST,143,0.07272137629310083,1.0652389476349304
X_pca,43,etoposide,HT1197_URINARY_TRACT,74,0.09394699216530202,0.8950596806165334
X_pca,43,etoposide,SNU899_UPPER_AERODIGESTIVE_TRACT,83,0.07260786816620331,0.8489558696746826
X_pca,43,etoposide,HCC38_BREAST,200,0.09117991954867752,0.8353410956263542
X_pca,43,etoposide,SNU308_BILIARY_TRACT,94,0.11838978676848888,0.8711995044921307
X_pca,43,etoposide,SW1271_LUNG,115,0.10496354763886806,0.9362209392630536
X_pca,43,etoposide,TM31_CENTRAL_NERVOUS_SYSTEM,116,0.09683466697619147,0.8949841990553099
X_pca,43,etoposide,NCIH747_LARGE_INTESTINE,80,0.06647503287589793,0.910765366256237
X_pca,43,etoposide,KPNSI9S_AUTONOMIC_GANGLIA,129,0.07552069707872675,0.8216660406238349
X_pca,43,etoposide,SQ1_LUNG,238,0.08478935347031985,0.9370885213383106
X_pca,43,etoposide,IALM_LUNG,322,0.15130757226396105,0.8808930156208714
X_pca,43,etoposide,BT474_BREAST,125,0.12750874187632294,0.8708316326141358
X_pca,43,etoposide,DKMG_CENTRAL_NERVOUS_SYSTEM,271,0.08581551205924731,0.7917334712299474
X_pca,43,etoposide,BT549_BREAST,266,0.1305904947426374,0.8640515436803488
X_pca,43,etoposide,BICR6_UPPER_AERODIGESTIVE_TRACT,286,0.06900384958245398,0.9093020056094323
X_pca,43,etoposide,SH10TC_STOMACH,351,0.07198013807873743,0.9879582087878148
X_pca,43,etoposide,UMUC1_URINARY_TRACT,197,0.09636289381114564,0.9826359364587038
X_pca,43,etoposide,LS1034_LARGE_INTESTINE,146,0.1099572344462909,0.8916544995895804
X_pca,43,etoposide,CCFSTTG1_CENTRAL_NERVOUS_SYSTEM,246,0.09441266869856821,0.7659422505677231
X_pca,43,etoposide,NCIH226_LUNG,235,0.11562160212112503,0.8407447723632163
X_pca,43,etoposide,LNCAPCLONEFGC_PROSTATE,129,0.08833403677525498,0.8202886955682621
X_pca,43,etoposide,RCC10RGB_KIDNEY,233,0.06964139870709826,0.9350884247235474
X_pca,43,etoposide,RERFLCAD1_LUNG,243,0.09275273651873282,0.819522198335624
X_pca,43,etoposide,SKMEL2_SKIN,276,0.12557985598465773,0.7846092982352644
X_pca,43,etoposide,BICR31_UPPER_AERODIGESTIVE_TRACT,248,0.09265904516396722,0.8651092434602399
X_pca,43,etoposide,RCM1_LARGE_INTESTINE,128,0.09501270392543153,0.9722679499536753
X_pca,43,etoposide,COV434_OVARY,88,0.13254409151913468,0.9276274584911086
X_pca,43,etoposide,SNU1079_BILIARY_TRACT,73,0.14116026403868984,0.8608266392799273
X_pca,43,etoposide,YD38_UPPER_AERODIGESTIVE_TRACT,624,0.11020183224706648,0.8997466767636629
X_pca,43,etoposide,NCIH1299_LUNG,534,0.1144389307170154,0.78648189491547
X_pca,43,etoposide,IGR37_SKIN,347,0.09799027888461412,0.9737785436234488
X_pca,43,etoposide,BFTC909_KIDNEY,379,0.0825122388184195,0.8315972383858975
X_pca,43,etoposide,NCIH460_LUNG,837,0.10758632010877334,0.6907013059374537
X_pca,43,etoposide,IGR1_SKIN,725,0.08003809400272145,0.8415615441059244
X_pca,43,etoposide,VMCUB1_URINARY_TRACT,478,0.11302488315144955,0.8509263783443922
X_pca,43,etoposide,JHOC5_OVARY,145,0.08397865399545816,0.8832917710830426
X_pca,43,etoposide,42MGBA_CENTRAL_NERVOUS_SYSTEM,518,0.15434974147001537,0.863413161350033
X_pca,43,etoposide,HT1080_SOFT_TISSUE,516,0.08127341648428704,0.8029182782006818
X_pca,43,etoposide,LI7_LIVER,196,0.1531848532104043,0.8059477871473955
X_pca,43,etoposide,A375_SKIN,593,0.1269869162480229,0.8432675832238608
X_pca,43,etoposide,FTC133_THYROID,140,0.11603225964954829,0.9343568431479591
X_pca,43,etoposide,OVK18_OVARY,178,0.06536592471887459,0.7593377373191748
X_pca,43,etoposide,ACCMESO1_PLEURA,162,0.1118236470740964,0.880794186283041
X_pca,43,etoposide,HMC18_BREAST,293,0.10018674356752608,0.7345631762372756
X_pca,43,etoposide,TOV112D_OVARY,78,0.09078028220351478,0.6671156524083554
X_pca,43,etoposide,JHH6_LIVER,206,0.09959397904039179,0.8274247258612253
X_pca,43,etoposide,A2058_SKIN,294,0.09287680887282698,0.955339636729688
X_pca,43,etoposide,NCIH2110_LUNG,1990,0.10561611646389975,0.8981164139419345
X_pca,43,etoposide,NCIH650_LUNG,271,0.08017322203815709,0.7379102541951675
X_pca,43,etoposide,EFE184_ENDOMETRIUM,86,0.11771028660837107,0.985984276893527
X_pca,43,etoposide,HUPT3_PANCREAS,136,0.07588271969226897,0.8643986670409932
X_pca,43,etoposide,MDAMB361_BREAST,135,0.09380705227260455,0.9235962589581808
X_pca,43,etoposide,BCPAP_THYROID,152,0.14214982002003465,0.8865180168496934
X_pca,43,etoposide,PECAPJ49_UPPER_AERODIGESTIVE_TRACT,202,0.10597783671208653,0.963630734693886
X_pca,43,etoposide,EKVX_LUNG,146,0.13769294252376463,0.8592244896986713
X_pca,43,etoposide,BICR56_UPPER_AERODIGESTIVE_TRACT,81,0.07595941419254248,0.7821334188367114
X_pca,43,etoposide,NCIH2170_LUNG,142,0.13916004343189098,0.7892482016288059
X_pca,43,etoposide,DETROIT562_UPPER_AERODIGESTIVE_TRACT,163,0.07798036389599605,0.8299199441459282
X_pca,43,etoposide,SW1088_CENTRAL_NERVOUS_SYSTEM,128,0.13594139186057444,0.885015245527029
X_pca,43,etoposide,BHY_UPPER_AERODIGESTIVE_TRACT,145,0.09404756571794129,0.9268978476524353
X_pca,43,etoposide,CAS1_CENTRAL_NERVOUS_SYSTEM,133,0.11423276583139401,0.7510793025332286
X_pca,43,etoposide,HCC1428_BREAST,127,0.06373553965343454,0.8645611555557552
X_pca,43,etoposide,HDQP1_BREAST,64,0.10167117525631177,0.8814618131145835
X_pca,43,etoposide,OSRC2_KIDNEY,126,0.08637832919388502,1.002350025706821
X_pca,43,etoposide,HUPT4_PANCREAS,56,0.08039892972850403,0.8916575355189187
X_pca,43,etoposide,TCCSUP_URINARY_TRACT,316,0.11101783464352714,0.8876993310036538
X_pca,43,etoposide,VMRCRCZ_KIDNEY,300,0.10288619195509784,0.9582427960634231
X_pca,43,etoposide,PK59_PANCREAS,174,0.07566141521557287,0.9264138710909876
X_pca,43,etoposide,HUH6_LIVER,338,0.11559577790817921,1.0473786685946425
X_pca,43,etoposide,MSTO211H_PLEURA,297,0.09733214967218182,0.7766420159877752
X_pca,43,etoposide,HS852T_SKIN,162,0.10292374322843784,0.9365355225256932
X_pca,43,etoposide,SKMEL30_SKIN,353,0.10529960198760077,0.8962150503150464
X_pca,43,etoposide,T47D_BREAST,221,0.10703804593497308,0.9438630285845623
X_pca,43,etoposide,CALU6_LUNG,258,0.10556815365698256,0.8463977951874104
X_pca,43,etoposide,NCIH522_LUNG,208,0.08415223817027885,0.6892368908111866
X_pca,43,etoposide,LMSU_STOMACH,255,0.1127824618134403,0.7864206342136159
X_pca,43,etoposide,SNUC4_LARGE_INTESTINE,467,0.07317083357522808,0.8434207053970729
X_pca,43,etoposide,RVH421_SKIN,239,0.1374410167017936,1.0235941624541662
X_pca,43,etoposide,OVSAHO_OVARY,227,0.08451074635247799,0.9637788402876665
X_pca,43,etoposide,GOS3_CENTRAL_NERVOUS_SYSTEM,191,0.1328621776981727,0.9245403674260484
X_pca,43,etoposide,SNU738_CENTRAL_NERVOUS_SYSTEM,379,0.1042800444194041,0.9266997294249824
X_pca,43,etoposide,PC3_PROSTATE,169,0.10568516554009061,0.9788570548655718
X_pca,43,etoposide,PATU8988S_PANCREAS,244,0.09402491218888985,0.978037814624974
X_pca,43,etoposide,OVTOKO_OVARY,209,0.09255705469392411,1.0004292889074846
X_pca,43,etoposide,TE1_OESOPHAGUS,206,0.1308780810532593,0.8789179680995571
X_pca,43,etoposide,NCIH2087_LUNG,219,0.08153088028713582,0.9169033196963132
X_pca,43,etoposide,EFM192A_BREAST,333,0.06265031099650745,0.907098636075899
X_pca,43,etoposide,SNU423_LIVER,212,0.12799013823871666,0.9714367541502107
X_pca,43,etoposide,KPL1_BREAST,276,0.07766744104069273,0.8309667427902636
X_pca,43,etoposide,NCIH358_LUNG,336,0.10687359915097419,0.9325412194288912
X_pca,43,etoposide,COLO792_SKIN,271,0.10102192275676476,0.97711278019796
X_pca,43,etoposide,KYSE520_OESOPHAGUS,323,0.11218759467248594,0.9371369285480157
X_pca,43,etoposide,KMRC3_KIDNEY,245,0.10804901221364861,0.981231326959571
X_pca,43,etoposide,MKN7_STOMACH,258,0.07923837811826452,0.9549181449782941
X_pca,43,etoposide,NCIH1944_LUNG,414,0.13154257684202603,0.8375739738129188
X_pca,43,etoposide,TE6_OESOPHAGUS,551,0.10420448750807221,0.8821057479308002
X_pca,43,etoposide,ZR751_BREAST,309,0.11774273761997667,0.9228211375116144
X_pca,43,etoposide,PANC0203_PANCREAS,506,0.08078368257606497,0.8701850419694727
X_pca,43,etoposide,SW1990_PANCREAS,307,0.08162681891851388,0.9444742393027687
X_pca,43,etoposide,RD_SOFT_TISSUE,261,0.12050234246751536,0.7576497280506339
X_pca,43,etoposide,NCIH1792_LUNG,111,0.157091435959198,0.8080398563866142
X_pca,43,etoposide,PK45H_PANCREAS,271,0.11850533708302255,0.9253419239582611
X_pca,43,etoposide,LS180_LARGE_INTESTINE,361,0.09945734732946228,1.0857787541735535
X_pca,43,etoposide,RERFLCAI_LUNG,763,0.07263737035533292,0.936245104510381
X_pca,43,etoposide,CAMA1_BREAST,291,0.0665686174455819,0.7718394046386903
X_pca,43,etoposide,SNU449_LIVER,282,0.09576447735830926,0.8731832789613846
X_pca,43,etoposide,A204_SOFT_TISSUE,250,0.1468402475246367,0.9991056971549988
X_pca,43,etoposide,MKN45_STOMACH,118,0.10741214519689965,0.9340774639178131
X_pca,43,etoposide,HEP3B217_LIVER,118,0.08171429652938007,0.7984053012678178
X_pca,43,etoposide,HOS_BONE,829,0.13777483138191854,0.6837579856376165
X_pca,43,etoposide,EBC1_LUNG,186,0.09136507966765176,0.9400774025788872
X_pca,43,etoposide,NCIH292_LUNG,213,0.07799851899565181,0.8783810373762964
X_pca,43,etoposide,OUMS23_LARGE_INTESTINE,107,0.06185803616216492,0.9056705949462462
X_pca,43,etoposide,HEC151_ENDOMETRIUM,250,0.132607300283373,0.9507768149375916
X_pca,43,etoposide,NCIH1373_LUNG,164,0.09356702326708329,0.9025458613546883
X_pca,43,etoposide,TE9_OESOPHAGUS,248,0.10867212763391161,0.9662326408490058
X_pca,43,etoposide,HCC56_LARGE_INTESTINE,99,0.09799966193166168,1.0378057733930723
X_pca,43,etoposide,HT55_LARGE_INTESTINE,211,0.08530754001183113,1.0492524103530776
X_pca,43,etoposide,RT4_URINARY_TRACT,106,0.06161968342061517,0.8575200342907096
X_pca,43,etoposide,SKES1_BONE,91,0.11994542706090508,0.8409051148446052
X_pca,43,etoposide,NCIH1435_LUNG,267,0.07405184467950561,0.8875649227631672
X_pca,43,etoposide,8305C_THYROID,459,0.13187952170484896,0.9099787285385049
X_pca,43,etoposide,NCIH2228_LUNG,367,0.08569787748719739,0.7758660573075837
X_pca,43,etoposide,TE10_OESOPHAGUS,219,0.12201973326935509,0.9194081651565691
X_pca,43,etoposide,ASPC1_PANCREAS,290,0.12271234403229024,0.9642739651532009
X_pca,43,etoposide,HCC366_LUNG,202,0.08443466367243632,0.9219810915465402
X_pca,43,etoposide,BICR16_UPPER_AERODIGESTIVE_TRACT,212,0.0659008280109765,0.9182109953659885
X_pca,43,etoposide,HEC6_ENDOMETRIUM,161,0.1028574820253544,0.8611487346406309
X_pca,43,etoposide,KALS1_CENTRAL_NERVOUS_SYSTEM,288,0.11984113257901931,0.7902697535852591
X_pca,43,etoposide,NCIH2444_LUNG,237,0.08304421775156172,0.9567517140243627
X_pca,43,etoposide,SNU46_UPPER_AERODIGESTIVE_TRACT,236,0.13055197948395844,0.8890458966715861
X_pca,43,etoposide,OAW28_OVARY,161,0.06534786324516963,0.9797418583994326
X_pca,43,etoposide,SNU1214_UPPER_AERODIGESTIVE_TRACT,188,0.09663748560967092,0.9736514221480552
X_pca,43,etoposide,SKMEL5_SKIN,297,0.1504229651978486,0.8911557454452772
X_pca,43,etoposide,OVCAR4_OVARY,283,0.0748693168566526,1.0213802911788752
X_pca,43,etoposide,UACC257_SKIN,239,0.10098377692159452,0.8789737281938976
X_pca,43,etoposide,ONCODG1_OVARY,270,0.09430408892126506,1.0638405704939806
X_pca,43,etoposide,HUH28_BILIARY_TRACT,139,0.11252551101206197,0.8479320985807789
X_pca,43,etoposide,IM95_STOMACH,185,0.1339350629364495,0.9306530707591288
X_pca,43,etoposide,TE14_OESOPHAGUS,474,0.11307006948310716,0.8814842366468051
X_pca,43,etoposide,CAKI2_KIDNEY,278,0.11061296246544677,0.8741759113270602
X_pca,43,etoposide,SU8686_PANCREAS,82,0.08890666478014823,0.969885899526317
X_pca,43,etoposide,SCC25_UPPER_AERODIGESTIVE_TRACT,898,0.0812210279162019,0.7759345467212736
X_pca,43,etoposide,SCC9_UPPER_AERODIGESTIVE_TRACT,475,0.10471396983839963,0.7706899030585038
X_pca,43,paclitaxel,NCIH2126_LUNG,264,0.15488712798575266,0.43697549289826193
X_pca,43,paclitaxel,SW579_THYROID,217,0.1417047810536878,0.7349096231746234
X_pca,43,paclitaxel,NCIH446_LUNG,196,0.15622039023416995,0.4857992645429105
X_pca,43,paclitaxel,HEC251_ENDOMETRIUM,107,0.14456459157141305,0.5218515312560251
X_pca,43,paclitaxel,MFE319_ENDOMETRIUM,191,0.17004344711471428,0.4841808213301354
X_pca,43,paclitaxel,SKNAS_AUTONOMIC_GANGLIA,226,0.17049269086724134,0.3308204719714359
X_pca,43,paclitaxel,NCIH2452_PLEURA,538,0.18051059174918407,0.8243418827265169
X_pca,43,paclitaxel,COLO741_SKIN,329,0.1817549000898514,0.6339766538976536
X_pca,43,paclitaxel,KNS42_CENTRAL_NERVOUS_SYSTEM,172,0.19671381234168883,0.6140377575228381
X_pca,43,paclitaxel,MCF7_BREAST,143,0.12459302074040103,0.919306997652654
X_pca,43,paclitaxel,HT1197_URINARY_TRACT,74,0.11053776822975626,0.8587219280165594
X_pca,43,paclitaxel,SNU899_UPPER_AERODIGESTIVE_TRACT,83,0.12175203685333914,0.28058891519006474
X_pca,43,paclitaxel,HCC38_BREAST,200,0.1482395592051757,0.35284242376685143
X_pca,43,paclitaxel,SNU308_BILIARY_TRACT,94,0.1697415063018603,0.5403438667033581
X_pca,43,paclitaxel,SW1271_LUNG,115,0.20998156144333247,0.6506197784257972
X_pca,43,paclitaxel,TM31_CENTRAL_NERVOUS_SYSTEM,116,0.1685607390268176,0.5165035131162611
X_pca,43,paclitaxel,NCIH747_LARGE_INTESTINE,80,0.13475213895091812,0.6602521412074566
X_pca,43,paclitaxel,KPNSI9S_AUTONOMIC_GANGLIA,129,0.16635272770560813,0.46701366772023284
X_pca,43,paclitaxel,SQ1_LUNG,238,0.13339372485649492,0.5857448710613892
X_pca,43,paclitaxel,IALM_LUNG,322,0.22074119385735969,0.5677365464453371
X_pca,43,paclitaxel,BT474_BREAST,125,0.16035782695255785,0.7973574903011322
X_pca,43,paclitaxel,DKMG_CENTRAL_NERVOUS_SYSTEM,271,0.1651021424110259,0.4613411191204817
X_pca,43,paclitaxel,BT549_BREAST,266,0.20317624788293087,0.468503896119003
X_pca,43,paclitaxel,BICR6_UPPER_AERODIGESTIVE_TRACT,286,0.13057641058716232,0.5611603944660066
X_pca,43,paclitaxel,SH10TC_STOMACH,351,0.11689986439572231,0.8667591171726542
X_pca,43,paclitaxel,UMUC1_URINARY_TRACT,197,0.11678399933353238,0.589812182835516
X_pca,43,paclitaxel,LS1034_LARGE_INTESTINE,146,0.13820068091141224,0.9785716309122843
X_pca,43,paclitaxel,CCFSTTG1_CENTRAL_NERVOUS_SYSTEM,246,0.18395439259691082,0.5667752967617377
X_pca,43,paclitaxel,NCIH226_LUNG,235,0.19482372696571743,0.6742901791917517
X_pca,43,paclitaxel,LNCAPCLONEFGC_PROSTATE,129,0.14367063645684575,0.6171664944452833
X_pca,43,paclitaxel,RCC10RGB_KIDNEY,233,0.1304996918368721,0.742363331655576
X_pca,43,paclitaxel,RERFLCAD1_LUNG,243,0.16778828317619351,0.7334238000122117
X_pca,43,paclitaxel,SKMEL2_SKIN,276,0.1941497723783879,0.46859697684429696
X_pca,43,paclitaxel,BICR31_UPPER_AERODIGESTIVE_TRACT,248,0.15435627301307764,0.4618906160035441
X_pca,43,paclitaxel,RCM1_LARGE_INTESTINE,128,0.13238906300997302,0.7349096166435629
X_pca,43,paclitaxel,COV434_OVARY,88,0.14274971334005052,0.333291466940533
X_pca,43,paclitaxel,SNU1079_BILIARY_TRACT,73,0.18895600089049044,0.7580738606518262
X_pca,43,paclitaxel,YD38_UPPER_AERODIGESTIVE_TRACT,624,0.16172763216772612,0.39872238245338965
X_pca,43,paclitaxel,NCIH1299_LUNG,534,0.19615257769929598,0.48321331378895693
X_pca,43,paclitaxel,IGR37_SKIN,347,0.16704255147475372,0.7597946186230574
X_pca,43,paclitaxel,BFTC909_KIDNEY,379,0.1732253022547339,0.4675579126088789
X_pca,43,paclitaxel,NCIH460_LUNG,837,0.15899289041935447,0.3854792089943675
X_pca,43,paclitaxel,IGR1_SKIN,725,0.16205555830252583,0.5161905234435509
X_pca,43,paclitaxel,VMCUB1_URINARY_TRACT,478,0.16099958813760912,0.21007821861670106
X_pca,43,paclitaxel,JHOC5_OVARY,145,0.18893129850138568,0.5544135484202155
X_pca,43,paclitaxel,42MGBA_CENTRAL_NERVOUS_SYSTEM,518,0.21048513175973405,0.39902866116821994
X_pca,43,paclitaxel,HT1080_SOFT_TISSUE,516,0.2121667343503764,0.4643006057355755
X_pca,43,paclitaxel,LI7_LIVER,196,0.22121232150993186,0.5267535480005401
X_pca,43,paclitaxel,A375_SKIN,593,0.19456797539147122,0.5333107290742369
X_pca,43,paclitaxel,FTC133_THYROID,140,0.20220128893178413,0.6579465487173626
X_pca,43,paclitaxel,OVK18_OVARY,178,0.13856436839905892,0.3951327633321955
X_pca,43,paclitaxel,ACCMESO1_PLEURA,162,0.155851619137501,0.7018654215850948
X_pca,43,paclitaxel,HMC18_BREAST,293,0.14664075761788717,0.5950333634741071
X_pca,43,paclitaxel,TOV112D_OVARY,78,0.17012534901640378,0.42267093750146717
X_pca,43,paclitaxel,JHH6_LIVER,206,0.15153742604336523,0.47747815060384063
X_pca,43,paclitaxel,A2058_SKIN,294,0.16937644695651105,0.6382944496715961
X_pca,43,paclitaxel,NCIH2110_LUNG,1990,0.1367379191382751,0.4520871750673457
X_pca,43,paclitaxel,NCIH650_LUNG,271,0.14065172953793292,0.669053163805571
X_pca,43,paclitaxel,EFE184_ENDOMETRIUM,86,0.16309102603119593,0.7882529237242633
X_pca,43,paclitaxel,HUPT3_PANCREAS,136,0.13838103245877542,0.6514018870451871
X_pca,43,paclitaxel,MDAMB361_BREAST,135,0.12231232965042743,0.5418027734314954
X_pca,43,paclitaxel,BCPAP_THYROID,152,0.20777662887621057,0.85456540866902
X_pca,43,paclitaxel,PECAPJ49_UPPER_AERODIGESTIVE_TRACT,202,0.13180286875562455,0.42887218576846736
X_pca,43,paclitaxel,EKVX_LUNG,146,0.18415548328572162,0.5620099659243675
X_pca,43,paclitaxel,BICR56_UPPER_AERODIGESTIVE_TRACT,81,0.1620331985318055,0.27671413620313007
X_pca,43,paclitaxel,NCIH2170_LUNG,142,0.1795782986369936,0.45671935799256175
X_pca,43,paclitaxel,DETROIT562_UPPER_AERODIGESTIVE_TRACT,163,0.16573134465044664,0.4401012454296182
X_pca,43,paclitaxel,SW1088_CENTRAL_NERVOUS_SYSTEM,128,0.22681061680149767,0.6791573450900614
X_pca,43,paclitaxel,BHY_UPPER_AERODIGESTIVE_TRACT,145,0.14767454551284942,0.35756305641141434
X_pca,43,paclitaxel,CAS1_CENTRAL_NERVOUS_SYSTEM,133,0.16251621635340965,0.37395858854279485
X_pca,43,paclitaxel,HCC1428_BREAST,127,0.11100603542033502,0.7700237432333428
X_pca,43,paclitaxel,HDQP1_BREAST,64,0.1839467770420774,0.5114102493971586
X_pca,43,paclitaxel,OSRC2_KIDNEY,126,0.12727967542527377,0.9158052083045717
X_pca,43,paclitaxel,HUPT4_PANCREAS,56,0.16226783536737427,0.541450730391911
X_pca,43,paclitaxel,TCCSUP_URINARY_TRACT,316,0.16480769116525634,0.7687315110918842
X_pca,43,paclitaxel,VMRCRCZ_KIDNEY,300,0.16481915935992694,0.833199980656306
X_pca,43,paclitaxel,PK59_PANCREAS,174,0.12535902950089528,0.5994415067393204
X_pca,43,paclitaxel,HUH6_LIVER,338,0.15060861744283757,0.8592902252659995
X_pca,43,paclitaxel,MSTO211H_PLEURA,297,0.15202154683270866,0.4002277671488046
X_pca,43,paclitaxel,HS852T_SKIN,162,0.1310215896031505,0.8869566203635416
X_pca,43,paclitaxel,SKMEL30_SKIN,353,0.20133796162908132,0.6586428575914237
X_pca,43,paclitaxel,T47D_BREAST,221,0.14629690975167547,0.6838863826445325
X_pca,43,paclitaxel,CALU6_LUNG,258,0.1788395448761582,0.5115327873202258
X_pca,43,paclitaxel,NCIH522_LUNG,208,0.13054198005196443,0.4327020809914057
X_pca,43,paclitaxel,LMSU_STOMACH,255,0.16406545310698833,0.26117198864618935
X_pca,43,paclitaxel,SNUC4_LARGE_INTESTINE,467,0.1180475165793922,0.46882824966687975
X_pca,43,paclitaxel,RVH421_SKIN,239,0.1779112062340135,1.0720440573273344
X_pca,43,paclitaxel,OVSAHO_OVARY,227,0.1417708267126047,0.7719840492708567
X_pca,43,paclitaxel,GOS3_CENTRAL_NERVOUS_SYSTEM,191,0.1928703035570844,0.688442818313369
X_pca,43,paclitaxel,SNU738_CENTRAL_NERVOUS_SYSTEM,379,0.18362622719847302,0.7660704609743838
X_pca,43,paclitaxel,PC3_PROSTATE,169,0.18291420287108645,0.7304286055663634
X_pca,43,paclitaxel,PATU8988S_PANCREAS,244,0.14167739294544987,1.0098511928417644
X_pca,43,paclitaxel,OVTOKO_OVARY,209,0.11701667106615478,0.8808714757410533
X_pca,43,paclitaxel,TE1_OESOPHAGUS,206,0.1508860295430988,0.7352370195886464
X_pca,43,paclitaxel,NCIH2087_LUNG,219,0.1655195272431995,0.692905442491514
X_pca,43,paclitaxel,EFM192A_BREAST,333,0.11794863693810503,0.620058568569275
X_pca,43,paclitaxel,SNU423_LIVER,212,0.23003439427413863,0.8634254950678574
X_pca,43,paclitaxel,KPL1_BREAST,276,0.12340243338609616,0.7650580190230107
X_pca,43,paclitaxel,NCIH358_LUNG,336,0.15082033992526006,0.6972832448248353
X_pca,43,paclitaxel,COLO792_SKIN,271,0.1860267031891827,0.6688088707598373
X_pca,43,paclitaxel,KYSE520_OESOPHAGUS,323,0.15838929152487094,0.4756016124143689
X_pca,43,paclitaxel,KMRC3_KIDNEY,245,0.16598791632841273,0.8405713702951159
X_pca,43,paclitaxel,MKN7_STOMACH,258,0.1571038861251898,0.5960322094056033
X_pca,43,paclitaxel,NCIH1944_LUNG,414,0.1988295543543578,0.5430602538556868
X_pca,43,paclitaxel,TE6_OESOPHAGUS,551,0.18359069260117464,0.40652670482758385
X_pca,43,paclitaxel,ZR751_BREAST,309,0.12999782603218527,0.564514296629668
X_pca,43,paclitaxel,PANC0203_PANCREAS,506,0.16248646314540663,0.48238517049508606
X_pca,43,paclitaxel,SW1990_PANCREAS,307,0.14642232006801748,0.704904708392457
X_pca,43,paclitaxel,RD_SOFT_TISSUE,261,0.19230632938727354,0.28259710036931823
X_pca,43,paclitaxel,NCIH1792_LUNG,111,0.18252288308026185,0.4635872593871108
X_pca,43,paclitaxel,PK45H_PANCREAS,271,0.19266970146425522,0.8293200343077473
X_pca,43,paclitaxel,LS180_LARGE_INTESTINE,361,0.15475358177078186,0.5625492903994721
X_pca,43,paclitaxel,RERFLCAI_LUNG,763,0.12345055497820301,0.6059585369117607
X_pca,43,paclitaxel,CAMA1_BREAST,291,0.14750989490500818,0.7242908970392037
X_pca,43,paclitaxel,SNU449_LIVER,282,0.14756052652611543,0.6376500665507419
X_pca,43,paclitaxel,A204_SOFT_TISSUE,250,0.1569617282262458,0.747239217877388
X_pca,43,paclitaxel,MKN45_STOMACH,118,0.17036613370117207,0.6403655538619575
X_pca,43,paclitaxel,HEP3B217_LIVER,118,0.12196218031698103,0.5551990990416479
X_pca,43,paclitaxel,HOS_BONE,829,0.18196449594746086,0.42146554431092753
X_pca,43,paclitaxel,EBC1_LUNG,186,0.14437113442443647,0.5134886085025726
X_pca,43,paclitaxel,NCIH292_LUNG,213,0.16126828889873251,0.31227549574744534
X_pca,43,paclitaxel,OUMS23_LARGE_INTESTINE,107,0.11514771119655523,0.8070670416421979
X_pca,43,paclitaxel,HEC151_ENDOMETRIUM,250,0.21295506338030568,0.8146631593704223
X_pca,43,paclitaxel,NCIH1373_LUNG,164,0.18347633318424802,0.5948594343371507
X_pca,43,paclitaxel,TE9_OESOPHAGUS,248,0.1516254882850276,0.4614760646175954
X_pca,43,paclitaxel,HCC56_LARGE_INTESTINE,99,0.11495032109325717,0.7757630227792143
X_pca,43,paclitaxel,HT55_LARGE_INTESTINE,211,0.1323653441729063,0.8249309527648003
X_pca,43,paclitaxel,RT4_URINARY_TRACT,106,0.11898876611774432,0.480116513259006
X_pca,43,paclitaxel,SKES1_BONE,91,0.1622664112846466,0.4885785445407197
X_pca,43,paclitaxel,NCIH1435_LUNG,267,0.15124225118219528,0.5044805501284224
X_pca,43,paclitaxel,8305C_THYROID,459,0.23021649365979455,0.9099998130647705
X_pca,43,paclitaxel,NCIH2228_LUNG,367,0.1782178289219636,0.7494506118895248
X_pca,43,paclitaxel,TE10_OESOPHAGUS,219,0.20752879418766534,0.588438419582637
X_pca,43,paclitaxel,ASPC1_PANCREAS,290,0.18018724880342724,0.7826861088645869
X_pca,43,paclitaxel,HCC366_LUNG,202,0.1727199097156556,0.790667917321224
X_pca,43,paclitaxel,BICR16_UPPER_AERODIGESTIVE_TRACT,212,0.15017894017445557,0.3811159060811097
X_pca,43,paclitaxel,HEC6_ENDOMETRIUM,161,0.11835419151047366,0.49556216930750735
X_pca,43,paclitaxel,KALS1_CENTRAL_NERVOUS_SYSTEM,288,0.18877306064366253,0.38893560071786243
X_pca,43,paclitaxel,NCIH2444_LUNG,237,0.1546404020659836,0.6073366108071452
X_pca,43,paclitaxel,SNU46_UPPER_AERODIGESTIVE_TRACT,236,0.19417723083780758,0.6811727112380125
X_pca,43,paclitaxel,OAW28_OVARY,161,0.12471198533312351,0.7240293220333431
X_pca,43,paclitaxel,SNU1214_UPPER_AERODIGESTIVE_TRACT,188,0.1198783830314288,0.49727846840594675
X_pca,43,paclitaxel,SKMEL5_SKIN,297,0.1641962372783626,0.7986457237490902
X_pca,43,paclitaxel,OVCAR4_OVARY,283,0.09591124343222082,0.7180027685822531
X_pca,43,paclitaxel,UACC257_SKIN,239,0.18809039866393468,0.501883083931073
X_pca,43,paclitaxel,ONCODG1_OVARY,270,0.13943269542272668,0.8822889396437892
X_pca,43,paclitaxel,HUH28_BILIARY_TRACT,139,0.16222339615468265,0.4478670935407817
X_pca,43,paclitaxel,IM95_STOMACH,185,0.17038089256702876,0.6320660465472453
X_pca,43,paclitaxel,TE14_OESOPHAGUS,474,0.14100086419654578,0.2993842917907087
X_pca,43,paclitaxel,CAKI2_KIDNEY,278,0.14368829389817842,0.9131668799643894
X_pca,43,paclitaxel,SU8686_PANCREAS,82,0.13325442948038724,0.7655470025975529
X_pca,43,paclitaxel,SCC25_UPPER_AERODIGESTIVE_TRACT,898,0.17772251940035413,0.33680535225666447
X_pca,43,paclitaxel,SCC9_UPPER_AERODIGESTIVE_TRACT,475,0.1511226788620722,0.4188103436168871
X_pca,43,gemcitabine,NCIH2126_LUNG,264,0.18112005020824426,0.6275596791370348
X_pca,43,gemcitabine,SW579_THYROID,217,0.15955891090416519,0.6943661334327839
X_pca,43,gemcitabine,NCIH446_LUNG,196,0.17559457537938453,0.5691896579703506
X_pca,43,gemcitabine,HEC251_ENDOMETRIUM,107,0.14910977467776618,0.7784898818653321
X_pca,43,gemcitabine,MFE319_ENDOMETRIUM,191,0.136169880148686,0.8201315443553225
X_pca,43,gemcitabine,SKNAS_AUTONOMIC_GANGLIA,226,0.16992919024177672,0.5980848749127008
X_pca,43,gemcitabine,NCIH2452_PLEURA,538,0.19221241708484524,0.7813845771506817
X_pca,43,gemcitabine,COLO741_SKIN,329,0.19526039934329392,0.7482352966957904
X_pca,43,gemcitabine,KNS42_CENTRAL_NERVOUS_SYSTEM,172,0.20265096284585557,0.7310335213361785
X_pca,43,gemcitabine,MCF7_BREAST,143,0.09508722119353316,0.9526301193070579
X_pca,43,gemcitabine,HT1197_URINARY_TRACT,74,0.16221263562349547,1.0302637960459735
X_pca,43,gemcitabine,SNU899_UPPER_AERODIGESTIVE_TRACT,83,0.1414302074644159,0.790266066430563
X_pca,43,gemcitabine,HCC38_BREAST,200,0.14960638708775606,0.6932437360286713
X_pca,43,gemcitabine,SNU308_BILIARY_TRACT,94,0.16606418837305703,0.7265069303994484
X_pca,43,gemcitabine,SW1271_LUNG,115,0.19144271556090928,0.6921709089175515
X_pca,43,gemcitabine,TM31_CENTRAL_NERVOUS_SYSTEM,116,0.18096740330752153,0.7530822137306477
X_pca,43,gemcitabine,NCIH747_LARGE_INTESTINE,80,0.13047662071944519,0.734419284760952
X_pca,43,gemcitabine,KPNSI9S_AUTONOMIC_GANGLIA,129,0.15454589119294218,0.6009200152962707
X_pca,43,gemcitabine,SQ1_LUNG,238,0.13654397713109045,0.8732548824378422
X_pca,43,gemcitabine,IALM_LUNG,322,0.24150585481917505,0.8971417823008129
X_pca,43,gemcitabine,BT474_BREAST,125,0.1537971501626728,1.1765567312240601
X_pca,43,gemcitabine,DKMG_CENTRAL_NERVOUS_SYSTEM,271,0.14237678902340464,0.576591141769367
X_pca,43,gemcitabine,BT549_BREAST,266,0.19908030263140433,0.7735962582037861
X_pca,43,gemcitabine,BICR6_UPPER_AERODIGESTIVE_TRACT,286,0.10359401666266321,0.6952727082726005
X_pca,43,gemcitabine,SH10TC_STOMACH,351,0.14420216944597508,1.0075023057963435
X_pca,43,gemcitabine,UMUC1_URINARY_TRACT,197,0.11588109555722363,0.7038584179079472
X_pca,43,gemcitabine,LS1034_LARGE_INTESTINE,146,0.15766456370238677,0.7712574717524934
X_pca,43,gemcitabine,CCFSTTG1_CENTRAL_NERVOUS_SYSTEM,246,0.14114807247690325,0.6343643406057745
X_pca,43,gemcitabine,NCIH226_LUNG,235,0.20375938467299573,0.9404153880920816
X_pca,43,gemcitabine,LNCAPCLONEFGC_PROSTATE,129,0.14855004490414794,1.0681148268455682
X_pca,43,gemcitabine,RCC10RGB_KIDNEY,233,0.12252897261215687,0.6286547031781192
X_pca,43,gemcitabine,RERFLCAD1_LUNG,243,0.15684118805533365,0.7213640065840733
X_pca,43,gemcitabine,SKMEL2_SKIN,276,0.19280402957906892,0.7857610415937244
X_pca,43,gemcitabine,BICR31_UPPER_AERODIGESTIVE_TRACT,248,0.1417000601617234,0.6701687901250778
X_pca,43,gemcitabine,RCM1_LARGE_INTESTINE,128,0.13120879744503428,0.7525010879617184
X_pca,43,gemcitabine,COV434_OVARY,88,0.1982368825042832,0.8621416921642694
X_pca,43,gemcitabine,SNU1079_BILIARY_TRACT,73,0.15949800312660428,0.673345782168924
X_pca,43,gemcitabine,YD38_UPPER_AERODIGESTIVE_TRACT,624,0.16876248866962998,0.6553156265081503
X_pca,43,gemcitabine,NCIH1299_LUNG,534,0.19886034831785823,0.7626322811462459
X_pca,43,gemcitabine,IGR37_SKIN,347,0.17240567106132734,0.945232101321564
X_pca,43,gemcitabine,BFTC909_KIDNEY,379,0.18218141623041928,0.7737469656643579
X_pca,43,gemcitabine,NCIH460_LUNG,837,0.16932531621173008,0.4676289517107545
X_pca,43,gemcitabine,IGR1_SKIN,725,0.17747975404226013,0.49527981511477764
X_pca,43,gemcitabine,VMCUB1_URINARY_TRACT,478,0.19368429887997718,0.7413127475328525
X_pca,43,gemcitabine,JHOC5_OVARY,145,0.15154603925130966,0.5136912633632792
X_pca,43,gemcitabine,42MGBA_CENTRAL_NERVOUS_SYSTEM,518,0.2776151042941309,0.7637345247747355
X_pca,43,gemcitabine,HT1080_SOFT_TISSUE,516,0.16992853232930638,0.4952026307582855
X_pca,43,gemcitabine,LI7_LIVER,196,0.23786162635718996,0.6130872849298983
X_pca,43,gemcitabine,A375_SKIN,593,0.2089857319684114,1.0691364715111396
X_pca,43,gemcitabine,FTC133_THYROID,140,0.21614776960919344,0.9164453140326909
X_pca,43,gemcitabine,OVK18_OVARY,178,0.16482506236170152,0.5615349031901091
X_pca,43,gemcitabine,ACCMESO1_PLEURA,162,0.1921135825717764,0.9585258611190466
X_pca,43,gemcitabine,HMC18_BREAST,293,0.17512123545375813,0.6798018171315308
X_pca,43,gemcitabine,TOV112D_OVARY,78,0.18568371076334497,0.6860465927001758
X_pca,43,gemcitabine,JHH6_LIVER,206,0.17378967673597073,0.6231476350606067
X_pca,43,gemcitabine,A2058_SKIN,294,0.18817375513655277,0.7561618757693946
X_pca,43,gemcitabine,NCIH2110_LUNG,1990,0.11668899136129683,0.5160626012626006
X_pca,43,gemcitabine,NCIH650_LUNG,271,0.13349802561066196,0.8168076702369536
X_pca,43,gemcitabine,EFE184_ENDOMETRIUM,86,0.17607321208734894,0.781532539531242
X_pca,43,gemcitabine,HUPT3_PANCREAS,136,0.1285843356804914,0.7627837324843687
X_pca,43,gemcitabine,MDAMB361_BREAST,135,0.13925612172058796,1.0170370216722842
X_pca,43,gemcitabine,BCPAP_THYROID,152,0.2525038018105693,1.0601686233360517
X_pca,43,gemcitabine,PECAPJ49_UPPER_AERODIGESTIVE_TRACT,202,0.1411300968785113,0.7687023982848271
X_pca,43,gemcitabine,EKVX_LUNG,146,0.20723461777466068,0.5394443424597178
X_pca,43,gemcitabine,BICR56_UPPER_AERODIGESTIVE_TRACT,81,0.1518356138904305,0.47448145202648495
X_pca,43,gemcitabine,NCIH2170_LUNG,142,0.18934679110311098,0.5611996379956393
X_pca,43,gemcitabine,DETROIT562_UPPER_AERODIGESTIVE_TRACT,163,0.16241351117053596,0.590475624872863
X_pca,43,gemcitabine,SW1088_CENTRAL_NERVOUS_SYSTEM,128,0.2612569582283746,0.8727336800657213
X_pca,43,gemcitabine,BHY_UPPER_AERODIGESTIVE_TRACT,145,0.14425527294481466,0.6884038146199851
X_pca,43,gemcitabine,CAS1_CENTRAL_NERVOUS_SYSTEM,133,0.17352633377525092,0.5965452844038942
X_pca,43,gemcitabine,HCC1428_BREAST,127,0.10095520084443775,0.9035592750301511
X_pca,43,gemcitabine,HDQP1_BREAST,64,0.14442165706216806,0.671014956664294
X_pca,43,gemcitabine,OSRC2_KIDNEY,126,0.13108010287732358,0.794082713269052
X_pca,43,gemcitabine,HUPT4_PANCREAS,56,0.1743451499613628,0.759427476142134
X_pca,43,gemcitabine,TCCSUP_URINARY_TRACT,316,0.1700134985697968,0.7123648017833505
X_pca,43,gemcitabine,VMRCRCZ_KIDNEY,300,0.14455109284944623,0.6965090105930964
X_pca,43,gemcitabine,PK59_PANCREAS,174,0.11280159294946106,0.9320604979306802
X_pca,43,gemcitabine,HUH6_LIVER,338,0.15442734383564338,1.127367014186622
X_pca,43,gemcitabine,MSTO211H_PLEURA,297,0.15704643601401092,0.6714620436682845
X_pca,43,gemcitabine,HS852T_SKIN,162,0.1475551227004625,1.079168685424475
X_pca,43,gemcitabine,SKMEL30_SKIN,353,0.21251365101193423,0.7731782842121449
X_pca,43,gemcitabine,T47D_BREAST,221,0.12551165988752727,0.9302512717462773
X_pca,43,gemcitabine,CALU6_LUNG,258,0.16509915763824742,0.7298279478568439
X_pca,43,gemcitabine,NCIH522_LUNG,208,0.13736827810784674,0.6313605073552865
X_pca,43,gemcitabine,LMSU_STOMACH,255,0.1656991819717982,0.41175994966544355
X_pca,43,gemcitabine,SNUC4_LARGE_INTESTINE,467,0.12915497916112842,0.5932628231589748
X_pca,43,gemcitabine,RVH421_SKIN,239,0.21799765298654694,1.0312259926706178
X_pca,43,gemcitabine,OVSAHO_OVARY,227,0.1460930567833724,0.8962155583146385
X_pca,43,gemcitabine,GOS3_CENTRAL_NERVOUS_SYSTEM,191,0.18239234838928414,0.9229421133458302
X_pca,43,gemcitabine,SNU738_CENTRAL_NERVOUS_SYSTEM,379,0.16334092086833477,0.7445616546752899
X_pca,43,gemcitabine,PC3_PROSTATE,169,0.20142638977634017,0.9497300873141317
X_pca,43,gemcitabine,PATU8988S_PANCREAS,244,0.14437931603266835,0.9290100134542731
X_pca,43,gemcitabine,OVTOKO_OVARY,209,0.14420109185564392,0.7525660750683415
X_pca,43,gemcitabine,TE1_OESOPHAGUS,206,0.1986235347272499,0.7774870213374351
X_pca,43,gemcitabine,NCIH2087_LUNG,219,0.1591002429753127,0.6716441879533741
X_pca,43,gemcitabine,EFM192A_BREAST,333,0.12854212225602102,0.8136092640974142
X_pca,43,gemcitabine,SNU423_LIVER,212,0.2315554045306208,1.0111915286419526
X_pca,43,gemcitabine,KPL1_BREAST,276,0.10361530707270873,0.882383734419726
X_pca,43,gemcitabine,NCIH358_LUNG,336,0.1936467441374445,0.6651038549663055
X_pca,43,gemcitabine,COLO792_SKIN,271,0.21519292566276418,0.986860341361528
X_pca,43,gemcitabine,KYSE520_OESOPHAGUS,323,0.17715891717374838,0.6787258411524096
X_pca,43,gemcitabine,KMRC3_KIDNEY,245,0.15044966433991735,0.6893173925730647
X_pca,43,gemcitabine,MKN7_STOMACH,258,0.14770510273194623,0.9594849410445191
X_pca,43,gemcitabine,NCIH1944_LUNG,414,0.22597423802660374,0.6496855964263281
X_pca,43,gemcitabine,TE6_OESOPHAGUS,551,0.20425950011403574,0.7469817309652179
X_pca,43,gemcitabine,ZR751_BREAST,309,0.13819262477449135,0.8937694342583901
X_pca,43,gemcitabine,PANC0203_PANCREAS,506,0.12530507887006478,0.6354092739434111
X_pca,43,gemcitabine,SW1990_PANCREAS,307,0.1626276799295934,0.8081033100716842
X_pca,43,gemcitabine,RD_SOFT_TISSUE,261,0.1783646037682043,0.7961103642123869
X_pca,43,gemcitabine,NCIH1792_LUNG,111,0.24570231099894166,0.5742699595185013
X_pca,43,gemcitabine,PK45H_PANCREAS,271,0.2289592999837099,0.8555945089822325
X_pca,43,gemcitabine,LS180_LARGE_INTESTINE,361,0.11868727885465855,0.815584833189391
X_pca,43,gemcitabine,RERFLCAI_LUNG,763,0.13505312485669854,0.6824879147122135
X_pca,43,gemcitabine,CAMA1_BREAST,291,0.10611425133687831,0.8822572014176149
X_pca,43,gemcitabine,SNU449_LIVER,282,0.14744996864662982,0.8141642409436246
X_pca,43,gemcitabine,A204_SOFT_TISSUE,250,0.2122205544366716,0.8468374266624451
X_pca,43,gemcitabine,MKN45_STOMACH,118,0.1446800829649856,0.6159290547593165
X_pca,43,gemcitabine,HEP3B217_LIVER,118,0.140247780919784,0.6742755790888253
X_pca,43,gemcitabine,HOS_BONE,829,0.21280244911925209,0.5722148703148339
X_pca,43,gemcitabine,EBC1_LUNG,186,0.13170935628633484,0.640902851377764
X_pca,43,gemcitabine,NCIH292_LUNG,213,0.11761228322127402,0.6635853620202329
X_pca,43,gemcitabine,OUMS23_LARGE_INTESTINE,107,0.10866968969147464,0.7835900477159803
X_pca,43,gemcitabine,HEC151_ENDOMETRIUM,250,0.22968106335950098,0.8983894628286362
X_pca,43,gemcitabine,NCIH1373_LUNG,164,0.13777258097150316,0.8502963903110202
X_pca,43,gemcitabine,TE9_OESOPHAGUS,248,0.17990529487434725,0.5743053811452081
X_pca,43,gemcitabine,HCC56_LARGE_INTESTINE,99,0.11531502162072703,0.8429030511114333
X_pca,43,gemcitabine,HT55_LARGE_INTESTINE,211,0.10799753603955617,0.6790432626319722
X_pca,43,gemcitabine,RT4_URINARY_TRACT,106,0.13437820067098788,0.5719155486462251
X_pca,43,gemcitabine,SKES1_BONE,91,0.15413998538953194,0.6740650302106208
X_pca,43,gemcitabine,NCIH1435_LUNG,267,0.13092835359285518,0.7638390774137518
X_pca,43,gemcitabine,8305C_THYROID,459,0.2508490812261752,1.0186118527694985
X_pca,43,gemcitabine,NCIH2228_LUNG,367,0.148433081347278,0.7714698986234068
X_pca,43,gemcitabine,TE10_OESOPHAGUS,219,0.1918899994893441,0.861159720649458
X_pca,43,gemcitabine,ASPC1_PANCREAS,290,0.18066684523153417,0.6116584162259924
X_pca,43,gemcitabine,HCC366_LUNG,202,0.15037797100395894,0.8327578500945969
X_pca,43,gemcitabine,BICR16_UPPER_AERODIGESTIVE_TRACT,212,0.14254882360720236,0.5229779373643533
X_pca,43,gemcitabine,HEC6_ENDOMETRIUM,161,0.13104252638102767,0.4663389876762532
X_pca,43,gemcitabine,KALS1_CENTRAL_NERVOUS_SYSTEM,288,0.18336368116884877,0.7721777672155036
X_pca,43,gemcitabine,NCIH2444_LUNG,237,0.1272151220055382,0.7461553669931517
X_pca,43,gemcitabine,SNU46_UPPER_AERODIGESTIVE_TRACT,236,0.2379119925253073,0.7039590565077329
X_pca,43,gemcitabine,OAW28_OVARY,161,0.10267703275634686,0.8030238440318137
X_pca,43,gemcitabine,SNU1214_UPPER_AERODIGESTIVE_TRACT,188,0.13666024587322026,0.9637191229044123
X_pca,43,gemcitabine,SKMEL5_SKIN,297,0.21028519848123525,0.9611325499786673
X_pca,43,gemcitabine,OVCAR4_OVARY,283,0.10569733495916028,0.8035133054526029
X_pca,43,gemcitabine,UACC257_SKIN,239,0.19681712335704546,0.6850264001341544
X_pca,43,gemcitabine,ONCODG1_OVARY,270,0.12183404434644989,0.8461182843755792
X_pca,43,gemcitabine,HUH28_BILIARY_TRACT,139,0.15493001549514282,0.848159407540191
X_pca,43,gemcitabine,IM95_STOMACH,185,0.16097485396466527,0.7700570902308902
X_pca,43,gemcitabine,TE14_OESOPHAGUS,474,0.1640569409360859,0.7462763315388925
X_pca,43,gemcitabine,CAKI2_KIDNEY,278,0.17133559851947322,0.46336754491860915
X_pca,43,gemcitabine,SU8686_PANCREAS,82,0.15182128671895923,0.8083250250031309
X_pca,43,gemcitabine,SCC25_UPPER_AERODIGESTIVE_TRACT,898,0.1474415110761951,0.7217317441258505
X_pca,43,gemcitabine,SCC9_UPPER_AERODIGESTIVE_TRACT,475,0.17293555642287162,0.7381699126017721
X_pca,43,imatinib,NCIH2126_LUNG,264,0.09815832533086034,0.8800097290765155
X_pca,43,imatinib,SW579_THYROID,217,0.0975802606441417,0.8934311825558886
X_pca,43,imatinib,NCIH446_LUNG,196,0.10095964406285092,0.9883416322421055
X_pca,43,imatinib,HEC251_ENDOMETRIUM,107,0.06520206597235721,0.962666899244362
X_pca,43,imatinib,MFE319_ENDOMETRIUM,191,0.0908452072603053,1.0863217964222294
X_pca,43,imatinib,SKNAS_AUTONOMIC_GANGLIA,226,0.10572869213840044,0.9191473529929608
X_pca,43,imatinib,NCIH2452_PLEURA,538,0.08901437170401813,0.9458503943615243
X_pca,43,imatinib,COLO741_SKIN,329,0.08974122401512265,0.971179462312565
X_pca,43,imatinib,KNS42_CENTRAL_NERVOUS_SYSTEM,172,0.11278125760664477,0.9430521927600684
X_pca,43,imatinib,MCF7_BREAST,143,0.08433669480560993,1.0786329682890352
X_pca,43,imatinib,HT1197_URINARY_TRACT,74,0.08534143109354762,1.06390828699679
X_pca,43,imatinib,SNU899_UPPER_AERODIGESTIVE_TRACT,83,0.08936628162338232,0.8844123432435185
X_pca,43,imatinib,HCC38_BREAST,200,0.10199102671925446,0.8600340688228607
X_pca,43,imatinib,SNU308_BILIARY_TRACT,94,0.10756175730373874,1.065874529011706
X_pca,43,imatinib,SW1271_LUNG,115,0.12994069649406875,0.8707826101261636
X_pca,43,imatinib,TM31_CENTRAL_NERVOUS_SYSTEM,116,0.10191770418551038,0.8678079915457758
X_pca,43,imatinib,NCIH747_LARGE_INTESTINE,80,0.07816375561409011,0.8726903446018696
X_pca,43,imatinib,KPNSI9S_AUTONOMIC_GANGLIA,129,0.0977319553805324,0.8631351839664371
X_pca,43,imatinib,SQ1_LUNG,238,0.057319667561516026,1.0275053111445003
X_pca,43,imatinib,IALM_LUNG,322,0.11982702312667613,0.9483295803114494
X_pca,43,imatinib,BT474_BREAST,125,0.08736443869437718,0.8762506470680237
X_pca,43,imatinib,DKMG_CENTRAL_NERVOUS_SYSTEM,271,0.09918589919876497,0.7965233985788268
X_pca,43,imatinib,BT549_BREAST,266,0.11258212078367343,0.854169927369383
X_pca,43,imatinib,BICR6_UPPER_AERODIGESTIVE_TRACT,286,0.07512020333896408,0.9925075031660654
X_pca,43,imatinib,SH10TC_STOMACH,351,0.0723542694094817,1.016521629444894
X_pca,43,imatinib,UMUC1_URINARY_TRACT,197,0.10909558747837689,1.0993837919937173
X_pca,43,imatinib,LS1034_LARGE_INTESTINE,146,0.09599840940662012,0.9454709569068804
X_pca,43,imatinib,CCFSTTG1_CENTRAL_NERVOUS_SYSTEM,246,0.10151850898822554,0.8328548502631303
X_pca,43,imatinib,NCIH226_LUNG,235,0.11188517755430012,0.9835247460831987
X_pca,43,imatinib,LNCAPCLONEFGC_PROSTATE,129,0.09411498028855037,1.025608873182489
X_pca,43,imatinib,RCC10RGB_KIDNEY,233,0.08196806809986514,1.0046324648058977
X_pca,43,imatinib,RERFLCAD1_LUNG,243,0.08776228184567943,1.0473750184592887
X_pca,43,imatinib,SKMEL2_SKIN,276,0.13574448262593083,1.1042021290547606
X_pca,43,imatinib,BICR31_UPPER_AERODIGESTIVE_TRACT,248,0.07771044352767452,0.9134225194011966
X_pca,43,imatinib,RCM1_LARGE_INTESTINE,128,0.06914261599953192,0.8655229061841965
X_pca,43,imatinib,COV434_OVARY,88,0.09944556315019365,0.902190508490259
X_pca,43,imatinib,SNU1079_BILIARY_TRACT,73,0.12430290977056668,1.0007097476149258
X_pca,43,imatinib,YD38_UPPER_AERODIGESTIVE_TRACT,624,0.09455448024642792,1.0433289444026275
X_pca,43,imatinib,NCIH1299_LUNG,534,0.11363666308266672,0.9746876399168808
X_pca,43,imatinib,IGR37_SKIN,347,0.11070900136498654,1.0334775384290074
X_pca,43,imatinib,BFTC909_KIDNEY,379,0.09846250742487067,0.8515214146284441
X_pca,43,imatinib,NCIH460_LUNG,837,0.09271181657686985,0.9109123806372338
X_pca,43,imatinib,IGR1_SKIN,725,0.08752839347422676,1.024766733153113
X_pca,43,imatinib,VMCUB1_URINARY_TRACT,478,0.102557726254189,0.8660973114698003
X_pca,43,imatinib,JHOC5_OVARY,145,0.08322553254491936,1.0243222113313346
X_pca,43,imatinib,42MGBA_CENTRAL_NERVOUS_SYSTEM,518,0.12835896054129461,0.8035776162929977
X_pca,43,imatinib,HT1080_SOFT_TISSUE,516,0.10462084150803246,1.0064889666183974
X_pca,43,imatinib,LI7_LIVER,196,0.13323237830415388,0.8849772652801202
X_pca,43,imatinib,A375_SKIN,593,0.10026945100501551,0.942032099373224
X_pca,43,imatinib,FTC133_THYROID,140,0.09390187448193026,0.9850631083760942
X_pca,43,imatinib,OVK18_OVARY,178,0.09255126136075419,0.9332196531670817
X_pca,43,imatinib,ACCMESO1_PLEURA,162,0.09543730538340027,1.0400340292188857
X_pca,43,imatinib,HMC18_BREAST,293,0.09503482549106466,0.9759410351209673
X_pca,43,imatinib,TOV112D_OVARY,78,0.1067002346563089,0.8961728314558665
X_pca,43,imatinib,JHH6_LIVER,206,0.06528865093948485,0.8445643134487485
X_pca,43,imatinib,A2058_SKIN,294,0.0998381508678675,0.9957691682439272
X_pca,43,imatinib,NCIH2110_LUNG,1990,0.09363272165183345,1.0069378287049393
X_pca,43,imatinib,NCIH650_LUNG,271,0.09019438887859225,1.0176524027247271
X_pca,43,imatinib,EFE184_ENDOMETRIUM,86,0.11323420230524676,1.0507013818552329
X_pca,43,imatinib,HUPT3_PANCREAS,136,0.08791992063457613,1.1089805307633736
X_pca,43,imatinib,MDAMB361_BREAST,135,0.09868909554448425,0.9920770243362144
X_pca,43,imatinib,BCPAP_THYROID,152,0.11680043170172073,1.0231718581758047
X_pca,43,imatinib,PECAPJ49_UPPER_AERODIGESTIVE_TRACT,202,0.11165441636834779,1.0405043747165414
X_pca,43,imatinib,EKVX_LUNG,146,0.11723649086970644,0.8735178729442701
X_pca,43,imatinib,BICR56_UPPER_AERODIGESTIVE_TRACT,81,0.0775074673271472,1.0438372154294708
X_pca,43,imatinib,NCIH2170_LUNG,142,0.1251626309426367,0.8691867904763826
X_pca,43,imatinib,DETROIT562_UPPER_AERODIGESTIVE_TRACT,163,0.09787850542622849,0.9609727446286956
X_pca,43,imatinib,SW1088_CENTRAL_NERVOUS_SYSTEM,128,0.13446577365781234,0.8799131959676743
X_pca,43,imatinib,BHY_UPPER_AERODIGESTIVE_TRACT,145,0.08575309198674885,0.9815559399539027
X_pca,43,imatinib,CAS1_CENTRAL_NERVOUS_SYSTEM,133,0.12501833532096507,0.7876192423185908
X_pca,43,imatinib,HCC1428_BREAST,127,0.06300691205516783,0.9842405070470074
X_pca,43,imatinib,HDQP1_BREAST,64,0.07853725333250958,0.9947284869849682
X_pca,43,imatinib,OSRC2_KIDNEY,126,0.0648140402236418,0.9464676153092157
X_pca,43,imatinib,HUPT4_PANCREAS,56,0.07954040841108352,0.9730477152126176
X_pca,43,imatinib,TCCSUP_URINARY_TRACT,316,0.08282348849295591,0.9326026994216291
X_pca,43,imatinib,VMRCRCZ_KIDNEY,300,0.10262134789200587,0.8094393386443456
X_pca,43,imatinib,PK59_PANCREAS,174,0.0794937858980018,0.8989074106874138
X_pca,43,imatinib,HUH6_LIVER,338,0.09434329302265815,0.9072691605993982
X_pca,43,imatinib,MSTO211H_PLEURA,297,0.10125022314946479,0.9768996278846304
X_pca,43,imatinib,HS852T_SKIN,162,0.08039904875910317,0.9289472592465672
X_pca,43,imatinib,SKMEL30_SKIN,353,0.13263774581522217,0.9071742573135635
X_pca,43,imatinib,T47D_BREAST,221,0.08667844301330951,1.0116547071016753
X_pca,43,imatinib,CALU6_LUNG,258,0.09630207760301811,0.942611754171608
X_pca,43,imatinib,NCIH522_LUNG,208,0.10904213511939204,0.9745622813128508
X_pca,43,imatinib,LMSU_STOMACH,255,0.10973074589357668,0.8759600286390267
X_pca,43,imatinib,SNUC4_LARGE_INTESTINE,467,0.081816419667397,0.9689408364592068
X_pca,43,imatinib,RVH421_SKIN,239,0.09780475444424867,1.1654932025087428
X_pca,43,imatinib,OVSAHO_OVARY,227,0.09589768202276792,1.0420864878246963
X_pca,43,imatinib,GOS3_CENTRAL_NERVOUS_SYSTEM,191,0.12113932697484145,1.0751142607933564
X_pca,43,imatinib,SNU738_CENTRAL_NERVOUS_SYSTEM,379,0.1182640196458536,1.0723800427995445
X_pca,43,imatinib,PC3_PROSTATE,169,0.11790570312138927,1.0206120617290926
X_pca,43,imatinib,PATU8988S_PANCREAS,244,0.08807813177493855,0.9400658211747154
X_pca,43,imatinib,OVTOKO_OVARY,209,0.08690630978724513,0.8534248793524418
X_pca,43,imatinib,TE1_OESOPHAGUS,206,0.11126851984231036,0.8940886455832175
X_pca,43,imatinib,NCIH2087_LUNG,219,0.08889023571193762,1.0604866106216222
X_pca,43,imatinib,EFM192A_BREAST,333,0.06875415819543089,0.9217930135426221
X_pca,43,imatinib,SNU423_LIVER,212,0.11047565177037878,1.0132029995603382
X_pca,43,imatinib,KPL1_BREAST,276,0.07667126549624281,1.0483565168536229
X_pca,43,imatinib,NCIH358_LUNG,336,0.11679298740933199,1.1023192047363235
X_pca,43,imatinib,COLO792_SKIN,271,0.1121991291773216,1.0684457335524893
X_pca,43,imatinib,KYSE520_OESOPHAGUS,323,0.10959670985961802,0.9459028437779784
X_pca,43,imatinib,KMRC3_KIDNEY,245,0.1064532681728851,0.9640548813099764
X_pca,43,imatinib,MKN7_STOMACH,258,0.08071767487675702,1.0724506817122763
X_pca,43,imatinib,NCIH1944_LUNG,414,0.11670956752212899,0.9241588819718015
X_pca,43,imatinib,TE6_OESOPHAGUS,551,0.11600832134514669,0.9896741063754918
X_pca,43,imatinib,ZR751_BREAST,309,0.07841973022239679,1.0172332818454137
X_pca,43,imatinib,PANC0203_PANCREAS,506,0.08271629256893369,0.9978369386064205
X_pca,43,imatinib,SW1990_PANCREAS,307,0.07859369317667687,0.9601540103409112
X_pca,43,imatinib,RD_SOFT_TISSUE,261,0.10625142321294455,0.9200583342391412
X_pca,43,imatinib,NCIH1792_LUNG,111,0.1336015521340776,0.8344055996821808
X_pca,43,imatinib,PK45H_PANCREAS,271,0.11257563951772813,0.9088238954983954
X_pca,43,imatinib,LS180_LARGE_INTESTINE,361,0.06804943400522058,0.953602003588901
X_pca,43,imatinib,RERFLCAI_LUNG,763,0.07559506367247147,1.0350459860942935
X_pca,43,imatinib,CAMA1_BREAST,291,0.07250700882569798,0.9746177626639297
X_pca,43,imatinib,SNU449_LIVER,282,0.06670609063336855,0.8715989513600126
X_pca,43,imatinib,A204_SOFT_TISSUE,250,0.09225342347121204,0.9813864912986755
X_pca,43,imatinib,MKN45_STOMACH,118,0.10714362908233507,1.0796396787893974
X_pca,43,imatinib,HEP3B217_LIVER,118,0.08957846767372518,0.8280484615746191
X_pca,43,imatinib,HOS_BONE,829,0.10387686703608423,0.7889202201179486
X_pca,43,imatinib,EBC1_LUNG,186,0.07709083670629302,0.9611833114777842
X_pca,43,imatinib,NCIH292_LUNG,213,0.07836271598553973,1.0581914782524109
X_pca,43,imatinib,OUMS23_LARGE_INTESTINE,107,0.07004811957021259,1.004284366268978
X_pca,43,imatinib,HEC151_ENDOMETRIUM,250,0.1102189445687153,0.9546211915016174
X_pca,43,imatinib,NCIH1373_LUNG,164,0.0740427261891134,0.9929620725352589
X_pca,43,imatinib,TE9_OESOPHAGUS,248,0.11345873298342489,0.9917286764229497
X_pca,43,imatinib,HCC56_LARGE_INTESTINE,99,0.07661362762758667,0.8567140493730102
X_pca,43,imatinib,HT55_LARGE_INTESTINE,211,0.09457182318906082,0.8957043343810673
X_pca,43,imatinib,RT4_URINARY_TRACT,106,0.07274499628971133,0.9143084231412636
X_pca,43,imatinib,SKES1_BONE,91,0.11040954838209825,1.053336052449195
X_pca,43,imatinib,NCIH1435_LUNG,267,0.07530922050273306,0.9696524399943119
X_pca,43,imatinib,8305C_THYROID,459,0.13378300932861695,0.9640169357941821
X_pca,43,imatinib,NCIH2228_LUNG,367,0.0779659678466777,0.9157096927107518
X_pca,43,imatinib,TE10_OESOPHAGUS,219,0.10907166663930817,0.8693890802936467
X_pca,43,imatinib,ASPC1_PANCREAS,290,0.09918316433861536,0.9315805887353832
X_pca,43,imatinib,HCC366_LUNG,202,0.08251887079912591,1.003536198693927
X_pca,43,imatinib,BICR16_UPPER_AERODIGESTIVE_TRACT,212,0.07968397140647156,0.8915112212581454
X_pca,43,imatinib,HEC6_ENDOMETRIUM,161,0.12546880977417377,1.075355369481981
X_pca,43,imatinib,KALS1_CENTRAL_NERVOUS_SYSTEM,288,0.12347361512340023,0.8901683968595333
X_pca,43,imatinib,NCIH2444_LUNG,237,0.07265405526525143,0.9983318025552774
X_pca,43,imatinib,SNU46_UPPER_AERODIGESTIVE_TRACT,236,0.10887748208516218,0.9572333802106017
X_pca,43,imatinib,OAW28_OVARY,161,0.06766885910264002,0.9722538086938561
X_pca,43,imatinib,SNU1214_UPPER_AERODIGESTIVE_TRACT,188,0.08685743902968036,1.0818943695185033
X_pca,43,imatinib,SKMEL5_SKIN,297,0.1292399353545846,0.996421192430888
X_pca,43,imatinib,OVCAR4_OVARY,283,0.08591273299217095,1.050933197403965
X_pca,43,imatinib,UACC257_SKIN,239,0.10324866273977341,0.9803944871016627
X_pca,43,imatinib,ONCODG1_OVARY,270,0.1003997768187372,1.0235336120481844
X_pca,43,imatinib,HUH28_BILIARY_TRACT,139,0.1115816421574204,1.0614131624750096
X_pca,43,imatinib,IM95_STOMACH,185,0.09068644302705244,1.05579580100807
X_pca,43,imatinib,TE14_OESOPHAGUS,474,0.09553172343653388,0.9276338282516737
X_pca,43,imatinib,CAKI2_KIDNEY,278,0.0864862765253331,0.8784281334859861
X_pca,43,imatinib,SU8686_PANCREAS,82,0.09506950908895904,1.0847783045070927
X_pca,43,imatinib,SCC25_UPPER_AERODIGESTIVE_TRACT,898,0.08580481040760216,1.0523257930586758
X_pca,43,imatinib,SCC9_UPPER_AERODIGESTIVE_TRACT,475,0.10625047595231348,0.9631070455751921
X_pca,43,erlotinib,NCIH2126_LUNG,264,0.1329963083880982,0.5855313388235641
X_pca,43,erlotinib,SW579_THYROID,217,0.12622375054667798,1.1590997291050749
X_pca,43,erlotinib,NCIH446_LUNG,196,0.14496864151490646,1.1038939548390252
X_pca,43,erlotinib,HEC251_ENDOMETRIUM,107,0.09886813814558285,0.9524667842365871
X_pca,43,erlotinib,MFE319_ENDOMETRIUM,191,0.11260422223994705,0.8353911510312745
X_pca,43,erlotinib,SKNAS_AUTONOMIC_GANGLIA,226,0.1180098095412806,0.9889550106187838
X_pca,43,erlotinib,NCIH2452_PLEURA,538,0.10466744097936971,1.1145300114021868
X_pca,43,erlotinib,COLO741_SKIN,329,0.12550319311431615,1.0997138581377395
X_pca,43,erlotinib,KNS42_CENTRAL_NERVOUS_SYSTEM,172,0.1721617209217312,0.9381547419484272
X_pca,43,erlotinib,MCF7_BREAST,143,0.06596481643576332,0.9976488589406847
X_pca,43,erlotinib,HT1197_URINARY_TRACT,74,0.14701265672164707,0.9133765834408838
X_pca,43,erlotinib,SNU899_UPPER_AERODIGESTIVE_TRACT,83,0.09931028282826623,0.45891900593975943
X_pca,43,erlotinib,HCC38_BREAST,200,0.09701263725032737,0.8505756771564483
X_pca,43,erlotinib,SNU308_BILIARY_TRACT,94,0.13608046199011054,0.8212578226911261
X_pca,43,erlotinib,SW1271_LUNG,115,0.11736846930089802,0.9583547566248023
X_pca,43,erlotinib,TM31_CENTRAL_NERVOUS_SYSTEM,116,0.1262126320866706,1.045246976202932
X_pca,43,erlotinib,NCIH747_LARGE_INTESTINE,80,0.08652799666983495,0.9737125016748905
X_pca,43,erlotinib,KPNSI9S_AUTONOMIC_GANGLIA,129,0.09001217399772997,1.0196041538733844
X_pca,43,erlotinib,SQ1_LUNG,238,0.10730354145944523,0.8706266589525367
X_pca,43,erlotinib,IALM_LUNG,322,0.16033069876836328,0.973287468833953
X_pca,43,erlotinib,BT474_BREAST,125,0.13115524098553843,1.1369196996688842
X_pca,43,erlotinib,DKMG_CENTRAL_NERVOUS_SYSTEM,271,0.10491834393051191,1.0643145730134747
X_pca,43,erlotinib,BT549_BREAST,266,0.12121382524327728,0.9761397701905186
X_pca,43,erlotinib,BICR6_UPPER_AERODIGESTIVE_TRACT,286,0.08708160428709176,0.7150089092604763
X_pca,43,erlotinib,SH10TC_STOMACH,351,0.07575633871817043,0.9363135569795245
X_pca,43,erlotinib,UMUC1_URINARY_TRACT,197,0.0983375566533636,0.6339490269948989
X_pca,43,erlotinib,LS1034_LARGE_INTESTINE,146,0.10859595720432987,0.827509101939528
X_pca,43,erlotinib,CCFSTTG1_CENTRAL_NERVOUS_SYSTEM,246,0.10663723797802165,0.9999250939221886
X_pca,43,erlotinib,NCIH226_LUNG,235,0.09477186057478905,0.8345448253002573
X_pca,43,erlotinib,LNCAPCLONEFGC_PROSTATE,129,0.0832388651134717,1.0708515228227127
X_pca,43,erlotinib,RCC10RGB_KIDNEY,233,0.07969052427698854,0.8082669858257147
X_pca,43,erlotinib,RERFLCAD1_LUNG,243,0.10719879957344972,0.8997690520659396
X_pca,43,erlotinib,SKMEL2_SKIN,276,0.12195698393556884,0.9002348303362944
X_pca,43,erlotinib,BICR31_UPPER_AERODIGESTIVE_TRACT,248,0.10232808697644129,0.8155770474864591
X_pca,43,erlotinib,RCM1_LARGE_INTESTINE,128,0.09868344454484262,0.8975280565209687
X_pca,43,erlotinib,COV434_OVARY,88,0.1606263143528487,0.8915912739255212
X_pca,43,erlotinib,SNU1079_BILIARY_TRACT,73,0.12606432369683016,0.8152216889270364
X_pca,43,erlotinib,YD38_UPPER_AERODIGESTIVE_TRACT,624,0.1454853686714762,0.6438437728927686
X_pca,43,erlotinib,NCIH1299_LUNG,534,0.13346382712163699,1.1083674550279696
X_pca,43,erlotinib,IGR37_SKIN,347,0.10732139428375383,1.0265208159812245
X_pca,43,erlotinib,BFTC909_KIDNEY,379,0.10693533214142951,0.9841205935364977
X_pca,43,erlotinib,NCIH460_LUNG,837,0.13338023996064124,0.8162196015442856
X_pca,43,erlotinib,IGR1_SKIN,725,0.09770795954316418,0.953478435730112
X_pca,43,erlotinib,VMCUB1_URINARY_TRACT,478,0.16415795936964808,0.5681220856047076
X_pca,43,erlotinib,JHOC5_OVARY,145,0.11368321307749932,0.6781227333792325
X_pca,43,erlotinib,42MGBA_CENTRAL_NERVOUS_SYSTEM,518,0.14831437760796048,1.2236361737186845
X_pca,43,erlotinib,HT1080_SOFT_TISSUE,516,0.11722022798476874,0.8751166611909866
X_pca,43,erlotinib,LI7_LIVER,196,0.16184632090036874,0.7736728846722719
X_pca,43,erlotinib,A375_SKIN,593,0.12095528348422828,0.8851550165155485
X_pca,43,erlotinib,FTC133_THYROID,140,0.14318679320103628,0.9723641825573784
X_pca,43,erlotinib,OVK18_OVARY,178,0.10719461391767451,0.8896658926197653
X_pca,43,erlotinib,ACCMESO1_PLEURA,162,0.1157912731176042,1.2092524590315643
X_pca,43,erlotinib,HMC18_BREAST,293,0.11371559061451708,0.9375734512309573
X_pca,43,erlotinib,TOV112D_OVARY,78,0.1238391251037071,0.9241690803796817
X_pca,43,erlotinib,JHH6_LIVER,206,0.10871980327349669,0.9227630950293495
X_pca,43,erlotinib,A2058_SKIN,294,0.11410611849806677,0.9735689678159701
X_pca,43,erlotinib,NCIH2110_LUNG,1990,0.09225964680021519,0.786971736792943
X_pca,43,erlotinib,NCIH650_LUNG,271,0.09704233285009613,0.8714966598032146
X_pca,43,erlotinib,EFE184_ENDOMETRIUM,86,0.17145201256191045,0.7434095560118209
X_pca,43,erlotinib,HUPT3_PANCREAS,136,0.08939883080680014,0.8690619858748773
X_pca,43,erlotinib,MDAMB361_BREAST,135,0.06640449880099417,0.9071487846197905
X_pca,43,erlotinib,BCPAP_THYROID,152,0.138358135655626,1.1052176850406747
X_pca,43,erlotinib,PECAPJ49_UPPER_AERODIGESTIVE_TRACT,202,0.09202296209904576,0.5837252972149612
X_pca,43,erlotinib,EKVX_LUNG,146,0.1245749840793524,0.9826202421155694
X_pca,43,erlotinib,BICR56_UPPER_AERODIGESTIVE_TRACT,81,0.09070381067572673,0.6496685636632237
X_pca,43,erlotinib,NCIH2170_LUNG,142,0.1629990632098938,0.7276989561571202
X_pca,43,erlotinib,DETROIT562_UPPER_AERODIGESTIVE_TRACT,163,0.12546465088495617,0.5997264794776777
X_pca,43,erlotinib,SW1088_CENTRAL_NERVOUS_SYSTEM,128,0.1546500020113497,1.1670051920227706
X_pca,43,erlotinib,BHY_UPPER_AERODIGESTIVE_TRACT,145,0.11648376795134753,0.7416553748065028
X_pca,43,erlotinib,CAS1_CENTRAL_NERVOUS_SYSTEM,133,0.11199788016274287,1.0390566972861612
X_pca,43,erlotinib,HCC1428_BREAST,127,0.08409379316795206,0.7855546098994458
X_pca,43,erlotinib,HDQP1_BREAST,64,0.10629292566540222,1.0020166588947177
X_pca,43,erlotinib,OSRC2_KIDNEY,126,0.09313292884208955,0.9246839767410642
X_pca,43,erlotinib,HUPT4_PANCREAS,56,0.09570346335013888,0.8265486348952565
X_pca,43,erlotinib,TCCSUP_URINARY_TRACT,316,0.12061772322763768,0.9389121423039255
X_pca,43,erlotinib,VMRCRCZ_KIDNEY,300,0.13360045236556942,0.7977354835470517
X_pca,43,erlotinib,PK59_PANCREAS,174,0.09039016365064872,0.9497738466865715
X_pca,43,erlotinib,HUH6_LIVER,338,0.11423801427171554,0.9464550371000753
X_pca,43,erlotinib,MSTO211H_PLEURA,297,0.0961679615786845,0.9625457946700279
X_pca,43,erlotinib,HS852T_SKIN,162,0.09965410080673356,1.0182666576203006
X_pca,43,erlotinib,SKMEL30_SKIN,353,0.11784073680923715,1.0149141884390422
X_pca,43,erlotinib,T47D_BREAST,221,0.07536138508349377,0.8449697602388546
X_pca,43,erlotinib,CALU6_LUNG,258,0.11632591919995527,0.8694324735985246
X_pca,43,erlotinib,NCIH522_LUNG,208,0.09000881385187849,0.8620711599404995
X_pca,43,erlotinib,LMSU_STOMACH,255,0.13206428036179257,0.9511143787234437
X_pca,43,erlotinib,SNUC4_LARGE_INTESTINE,467,0.08343785943044217,0.6914086679447387
X_pca,43,erlotinib,RVH421_SKIN,239,0.15513056620413848,1.3350516076367271
X_pca,43,erlotinib,OVSAHO_OVARY,227,0.1069135300633058,0.8429933775889191
X_pca,43,erlotinib,GOS3_CENTRAL_NERVOUS_SYSTEM,191,0.14187996078487633,1.0596448807192098
X_pca,43,erlotinib,SNU738_CENTRAL_NERVOUS_SYSTEM,379,0.09678373002819424,0.9775400509305868
X_pca,43,erlotinib,PC3_PROSTATE,169,0.10418006083760113,0.9923081718958341
X_pca,43,erlotinib,PATU8988S_PANCREAS,244,0.10911058758521174,0.8700263895949379
X_pca,43,erlotinib,OVTOKO_OVARY,209,0.10995242282221886,0.7581601101530796
X_pca,43,erlotinib,TE1_OESOPHAGUS,206,0.14586577686903107,0.9417491913999169
X_pca,43,erlotinib,NCIH2087_LUNG,219,0.09745861236339184,0.7914749552670135
X_pca,43,erlotinib,EFM192A_BREAST,333,0.09627728648282156,0.8252246474718546
X_pca,43,erlotinib,SNU423_LIVER,212,0.1328034383586065,1.028115988902326
X_pca,43,erlotinib,KPL1_BREAST,276,0.10491529226238169,0.9641458845656851
X_pca,43,erlotinib,NCIH358_LUNG,336,0.13283603924356926,0.8766543975188619
X_pca,43,erlotinib,COLO792_SKIN,271,0.1320568410548134,1.0183294778380447
X_pca,43,erlotinib,KYSE520_OESOPHAGUS,323,0.1418739616270894,0.7624195264219868
X_pca,43,erlotinib,KMRC3_KIDNEY,245,0.09448658026789636,0.9524890393626934
X_pca,43,erlotinib,MKN7_STOMACH,258,0.11335721815613481,0.8586249656455461
X_pca,43,erlotinib,NCIH1944_LUNG,414,0.14609674683391255,0.8969742145371322
X_pca,43,erlotinib,TE6_OESOPHAGUS,551,0.13350882954460505,0.6497681204182266
X_pca,43,erlotinib,ZR751_BREAST,309,0.07785127367034358,0.8825906499689836
X_pca,43,erlotinib,PANC0203_PANCREAS,506,0.1026326749329293,0.7950726257482537
X_pca,43,erlotinib,SW1990_PANCREAS,307,0.09293890107657587,1.0127102818085238
X_pca,43,erlotinib,RD_SOFT_TISSUE,261,0.10818189868103267,0.9910099278007888
X_pca,43,erlotinib,NCIH1792_LUNG,111,0.1481368460708307,0.9680840577091183
X_pca,43,erlotinib,PK45H_PANCREAS,271,0.15730142063897276,1.1300428274372847
X_pca,43,erlotinib,LS180_LARGE_INTESTINE,361,0.1095436440844431,0.8221600802816512
X_pca,43,erlotinib,RERFLCAI_LUNG,763,0.07584566420437402,1.0004921805499265
X_pca,43,erlotinib,CAMA1_BREAST,291,0.1026335779188044,0.9514359827713459
X_pca,43,erlotinib,SNU449_LIVER,282,0.10435372006679877,0.8243656147879066
X_pca,43,erlotinib,A204_SOFT_TISSUE,250,0.1456301832169106,1.3989317469596863
X_pca,43,erlotinib,MKN45_STOMACH,118,0.08686884974524872,0.9241858018656909
X_pca,43,erlotinib,HEP3B217_LIVER,118,0.11374588344026923,0.6431356908406242
X_pca,43,erlotinib,HOS_BONE,829,0.1455789721616962,1.2093973353918557
X_pca,43,erlotinib,EBC1_LUNG,186,0.10010737559524298,1.0110260459684557
X_pca,43,erlotinib,NCIH292_LUNG,213,0.09039554107116404,0.7634951857054177
X_pca,43,erlotinib,OUMS23_LARGE_INTESTINE,107,0.09770120977927216,0.8009006030091615
X_pca,43,erlotinib,HEC151_ENDOMETRIUM,250,0.17047861702719358,0.8300108946561814
X_pca,43,erlotinib,NCIH1373_LUNG,164,0.09835048307210566,0.8385250899122982
X_pca,43,erlotinib,TE9_OESOPHAGUS,248,0.11889068981666119,0.6561427503343551
X_pca,43,erlotinib,HCC56_LARGE_INTESTINE,99,0.10645168858150889,0.8219427436289161
X_pca,43,erlotinib,HT55_LARGE_INTESTINE,211,0.06757388129635082,1.0060925718167382
X_pca,43,erlotinib,RT4_URINARY_TRACT,106,0.08420352049078218,0.8578264617694998
X_pca,43,erlotinib,SKES1_BONE,91,0.09558633021386681,1.04148990046847
X_pca,43,erlotinib,NCIH1435_LUNG,267,0.10936645259445764,0.805319088898348
X_pca,43,erlotinib,8305C_THYROID,459,0.13533831088979908,1.049503919865311
X_pca,43,erlotinib,NCIH2228_LUNG,367,0.11622538046492624,0.8281626137790628
X_pca,43,erlotinib,TE10_OESOPHAGUS,219,0.16335985758965282,0.801969374831953
X_pca,43,erlotinib,ASPC1_PANCREAS,290,0.14599471355173851,0.8530701994895935
X_pca,43,erlotinib,HCC366_LUNG,202,0.08525435045201132,0.8585565804254891
X_pca,43,erlotinib,BICR16_UPPER_AERODIGESTIVE_TRACT,212,0.08908713058896456,0.654386006436258
X_pca,43,erlotinib,HEC6_ENDOMETRIUM,161,0.10485038758143718,0.8320210994400593
X_pca,43,erlotinib,KALS1_CENTRAL_NERVOUS_SYSTEM,288,0.12491622222110338,1.0908732941995065
X_pca,43,erlotinib,NCIH2444_LUNG,237,0.09256793093587773,0.9996959725512734
X_pca,43,erlotinib,SNU46_UPPER_AERODIGESTIVE_TRACT,236,0.20955640070543205,0.8517103907415422
X_pca,43,erlotinib,OAW28_OVARY,161,0.08524957799352297,0.8295479083653563
X_pca,43,erlotinib,SNU1214_UPPER_AERODIGESTIVE_TRACT,188,0.09042738448042974,0.6584555039063413
X_pca,43,erlotinib,SKMEL5_SKIN,297,0.1440104006411471,1.3020758165253534
X_pca,43,erlotinib,OVCAR4_OVARY,283,0.0796423002623867,0.8142985526748765
X_pca,43,erlotinib,UACC257_SKIN,239,0.10306619156457096,1.0198615617333098
X_pca,43,erlotinib,ONCODG1_OVARY,270,0.09958615359795228,0.8566214426800057
X_pca,43,erlotinib,HUH28_BILIARY_TRACT,139,0.1210134671705022,1.015670971475917
X_pca,43,erlotinib,IM95_STOMACH,185,0.12281827819479234,0.726936747737833
X_pca,43,erlotinib,TE14_OESOPHAGUS,474,0.11686583957345165,0.6175151344718812
X_pca,43,erlotinib,CAKI2_KIDNEY,278,0.1465808073639236,0.633622061327207
X_pca,43,erlotinib,SU8686_PANCREAS,82,0.10072176285482652,0.8664869426227197
X_pca,43,erlotinib,SCC25_UPPER_AERODIGESTIVE_TRACT,898,0.11836411389128601,0.6810683578186417
X_pca,43,erlotinib,SCC9_UPPER_AERODIGESTIVE_TRACT,475,0.1399734618213676,0.9623982438288237
X_pca,43,sorafenib,NCIH2126_LUNG,264,0.11793153114040426,0.8131672023146441
X_pca,43,sorafenib,SW579_THYROID,217,0.09721483422617697,0.8716897827139648
X_pca,43,sorafenib,NCIH446_LUNG,196,0.1188059330511429,0.9190728433278142
X_pca,43,sorafenib,HEC251_ENDOMETRIUM,107,0.07369815186098042,0.9212891169797595
X_pca,43,sorafenib,MFE319_ENDOMETRIUM,191,0.10112795926519785,0.8846166211897166
X_pca,43,sorafenib,SKNAS_AUTONOMIC_GANGLIA,226,0.12091526079480198,0.9309692414460984
X_pca,43,sorafenib,NCIH2452_PLEURA,538,0.10776152552178007,0.8905890817757433
X_pca,43,sorafenib,COLO741_SKIN,329,0.11088820841113597,0.8504429619000675
X_pca,43,sorafenib,KNS42_CENTRAL_NERVOUS_SYSTEM,172,0.16686096739471418,0.88488783722007
X_pca,43,sorafenib,MCF7_BREAST,143,0.08209196769936326,0.9843690949720103
X_pca,43,sorafenib,HT1197_URINARY_TRACT,74,0.11133360655560742,1.0379943976531159
X_pca,43,sorafenib,SNU899_UPPER_AERODIGESTIVE_TRACT,83,0.08425486941037666,0.9463937835521009
X_pca,43,sorafenib,HCC38_BREAST,200,0.10033171499013122,0.868564245402813
X_pca,43,sorafenib,SNU308_BILIARY_TRACT,94,0.09959362834690676,0.9862743337103661
X_pca,43,sorafenib,SW1271_LUNG,115,0.12368525730406468,0.8705799507058185
X_pca,43,sorafenib,TM31_CENTRAL_NERVOUS_SYSTEM,116,0.11363416830424015,0.878622446080734
X_pca,43,sorafenib,NCIH747_LARGE_INTESTINE,80,0.07380486797648458,0.938335508108139
X_pca,43,sorafenib,KPNSI9S_AUTONOMIC_GANGLIA,129,0.08041756449579242,0.7625098685885585
X_pca,43,sorafenib,SQ1_LUNG,238,0.08374249391817769,0.9378692172154659
X_pca,43,sorafenib,IALM_LUNG,322,0.1635872405990863,0.8269291177669668
X_pca,43,sorafenib,BT474_BREAST,125,0.11059499164154232,0.8025295343399048
X_pca,43,sorafenib,DKMG_CENTRAL_NERVOUS_SYSTEM,271,0.11029816376910351,0.8494858119320605
X_pca,43,sorafenib,BT549_BREAST,266,0.12162201326051389,0.8286623432672113
X_pca,43,sorafenib,BICR6_UPPER_AERODIGESTIVE_TRACT,286,0.06965408080283636,0.9239484988726102
X_pca,43,sorafenib,SH10TC_STOMACH,351,0.07845129554470706,0.9257918212488506
X_pca,43,sorafenib,UMUC1_URINARY_TRACT,197,0.07892621206312248,1.072657511924124
X_pca,43,sorafenib,LS1034_LARGE_INTESTINE,146,0.1239652230108286,0.8992822966347002
X_pca,43,sorafenib,CCFSTTG1_CENTRAL_NERVOUS_SYSTEM,246,0.10352646258498974,0.9185396418338869
X_pca,43,sorafenib,NCIH226_LUNG,235,0.1145276572153109,0.9348454734112354
X_pca,43,sorafenib,LNCAPCLONEFGC_PROSTATE,129,0.09607449722132844,0.9129574589951094
X_pca,43,sorafenib,RCC10RGB_KIDNEY,233,0.08539722951335071,0.8967953183620273
X_pca,43,sorafenib,RERFLCAD1_LUNG,243,0.11084946910032462,0.909617380350215
X_pca,43,sorafenib,SKMEL2_SKIN,276,0.13131667092197305,0.9013606035622997
X_pca,43,sorafenib,BICR31_UPPER_AERODIGESTIVE_TRACT,248,0.09685436132690925,0.9630861702945924
X_pca,43,sorafenib,RCM1_LARGE_INTESTINE,128,0.07655156169659619,0.833422648254782
X_pca,43,sorafenib,COV434_OVARY,88,0.13280431722851938,0.9189115329222246
X_pca,43,sorafenib,SNU1079_BILIARY_TRACT,73,0.11765582127372733,0.8541179021743879
X_pca,43,sorafenib,YD38_UPPER_AERODIGESTIVE_TRACT,624,0.11910032314006694,1.0570819148650537
X_pca,43,sorafenib,NCIH1299_LUNG,534,0.13151835771771142,0.9215150801430034
X_pca,43,sorafenib,IGR37_SKIN,347,0.10406424718091548,0.9358421062529946
X_pca,43,sorafenib,BFTC909_KIDNEY,379,0.09586632322056222,0.8217842201444279
X_pca,43,sorafenib,NCIH460_LUNG,837,0.1092681448478568,0.8473625534893934
X_pca,43,sorafenib,IGR1_SKIN,725,0.09741868714387729,0.911697152154199
X_pca,43,sorafenib,VMCUB1_URINARY_TRACT,478,0.13338033699788568,1.0797052112832728
X_pca,43,sorafenib,JHOC5_OVARY,145,0.10391700686638485,0.9364570588901125
X_pca,43,sorafenib,42MGBA_CENTRAL_NERVOUS_SYSTEM,518,0.18089317758340004,0.6696536692873392
X_pca,43,sorafenib,HT1080_SOFT_TISSUE,516,0.10527277427396403,0.9240367209264474
X_pca,43,sorafenib,LI7_LIVER,196,0.1796212920010711,0.8659879019369885
X_pca,43,sorafenib,A375_SKIN,593,0.10814808962061989,0.8590339756434121
X_pca,43,sorafenib,FTC133_THYROID,140,0.10375235289794316,0.9285314053297042
X_pca,43,sorafenib,OVK18_OVARY,178,0.0895477421976198,0.8546299934387207
X_pca,43,sorafenib,ACCMESO1_PLEURA,162,0.10427890631684762,0.8671299292717451
X_pca,43,sorafenib,HMC18_BREAST,293,0.09817279157624632,0.8005163538374591
X_pca,43,sorafenib,TOV112D_OVARY,78,0.11149136357232482,0.9199592623955164
X_pca,43,sorafenib,JHH6_LIVER,206,0.10326969102105513,0.8282162963765339
X_pca,43,sorafenib,A2058_SKIN,294,0.08956109163731515,0.7955437916882184
X_pca,43,sorafenib,NCIH2110_LUNG,1990,0.08103191436093043,1.0355959001498007
X_pca,43,sorafenib,NCIH650_LUNG,271,0.08559935871639239,0.9511477129045888
X_pca,43,sorafenib,EFE184_ENDOMETRIUM,86,0.13343089806238798,0.9020074696041817
X_pca,43,sorafenib,HUPT3_PANCREAS,136,0.08799053425018616,0.8822262063622475
X_pca,43,sorafenib,MDAMB361_BREAST,135,0.08336499536924576,0.9056394382759377
X_pca,43,sorafenib,BCPAP_THYROID,152,0.14768850949962523,0.8312537115263311
X_pca,43,sorafenib,PECAPJ49_UPPER_AERODIGESTIVE_TRACT,202,0.09835121781592476,1.0663516943407532
X_pca,43,sorafenib,EKVX_LUNG,146,0.13016908997953408,1.0138216418762729
X_pca,43,sorafenib,BICR56_UPPER_AERODIGESTIVE_TRACT,81,0.09554559786823132,0.9721455088368168
X_pca,43,sorafenib,NCIH2170_LUNG,142,0.14236640088734412,0.8525238011924314
X_pca,43,sorafenib,DETROIT562_UPPER_AERODIGESTIVE_TRACT,163,0.11577331832895613,0.921726781532077
X_pca,43,sorafenib,SW1088_CENTRAL_NERVOUS_SYSTEM,128,0.16410013987523167,0.8868167628534138
X_pca,43,sorafenib,BHY_UPPER_AERODIGESTIVE_TRACT,145,0.0983249025860438,1.0159805338958214
X_pca,43,sorafenib,CAS1_CENTRAL_NERVOUS_SYSTEM,133,0.11885576034010366,0.8210547243742118
X_pca,43,sorafenib,HCC1428_BREAST,127,0.07392388190255308,1.0157842011902276
X_pca,43,sorafenib,HDQP1_BREAST,64,0.08589354608468572,0.9581572972238064
X_pca,43,sorafenib,OSRC2_KIDNEY,126,0.0955652208905792,0.9498316910531786
X_pca,43,sorafenib,HUPT4_PANCREAS,56,0.09790050605612237,0.9332666982497487
X_pca,43,sorafenib,TCCSUP_URINARY_TRACT,316,0.10734287898624299,0.8767231123734124
X_pca,43,sorafenib,VMRCRCZ_KIDNEY,300,0.10315073489276602,0.9380807499090831
X_pca,43,sorafenib,PK59_PANCREAS,174,0.07739624278920418,0.8724061634348727
X_pca,43,sorafenib,HUH6_LIVER,338,0.11211608530168012,0.8924319068708363
X_pca,43,sorafenib,MSTO211H_PLEURA,297,0.11665771378294766,0.8861984672771158
X_pca,43,sorafenib,HS852T_SKIN,162,0.10744022804264207,0.9435103590841647
X_pca,43,sorafenib,SKMEL30_SKIN,353,0.11687437304048802,0.8860942093238614
X_pca,43,sorafenib,T47D_BREAST,221,0.08172440678388117,0.8992866032263812
X_pca,43,sorafenib,CALU6_LUNG,258,0.10018702133255555,0.8521393066228822
X_pca,43,sorafenib,NCIH522_LUNG,208,0.09771363486432388,0.8209711972337502
X_pca,43,sorafenib,LMSU_STOMACH,255,0.13991182149471507,0.8123722261073543
X_pca,43,sorafenib,SNUC4_LARGE_INTESTINE,467,0.08036734080533688,0.8786331725324757
X_pca,43,sorafenib,RVH421_SKIN,239,0.15223879166523235,0.973736990944611
X_pca,43,sorafenib,OVSAHO_OVARY,227,0.11077255075957199,1.1296023398243908
X_pca,43,sorafenib,GOS3_CENTRAL_NERVOUS_SYSTEM,191,0.12400566272488249,0.9416119356430014
X_pca,43,sorafenib,SNU738_CENTRAL_NERVOUS_SYSTEM,379,0.10593217843774357,0.9480080255417836
X_pca,43,sorafenib,PC3_PROSTATE,169,0.1004209953962204,0.9298863682521166
X_pca,43,sorafenib,PATU8988S_PANCREAS,244,0.09824861172681391,0.9994135003109448
X_pca,43,sorafenib,OVTOKO_OVARY,209,0.10443964801194124,1.0035556828576413
X_pca,43,sorafenib,TE1_OESOPHAGUS,206,0.11358852957103893,1.0546515381451949
X_pca,43,sorafenib,NCIH2087_LUNG,219,0.08166171336770589,0.8848531398599007
X_pca,43,sorafenib,EFM192A_BREAST,333,0.0810637212805851,0.9670565022720589
X_pca,43,sorafenib,SNU423_LIVER,212,0.15764814963791632,1.061781699083886
X_pca,43,sorafenib,KPL1_BREAST,276,0.07179712674239523,1.0128807447094847
X_pca,43,sorafenib,NCIH358_LUNG,336,0.09678006051169,0.8834189964192254
X_pca,43,sorafenib,COLO792_SKIN,271,0.09960275828711669,0.8096066539577892
X_pca,43,sorafenib,KYSE520_OESOPHAGUS,323,0.11317929345231209,0.9919899523073674
X_pca,43,sorafenib,KMRC3_KIDNEY,245,0.10070221785714224,0.9536094906378766
X_pca,43,sorafenib,MKN7_STOMACH,258,0.09710856494617572,0.9575316242931425
X_pca,43,sorafenib,NCIH1944_LUNG,414,0.1424782614935225,0.876108015720971
X_pca,43,sorafenib,TE6_OESOPHAGUS,551,0.1222122393563422,0.819778706276698
X_pca,43,sorafenib,ZR751_BREAST,309,0.09074635701055092,0.8758327845230843
X_pca,43,sorafenib,PANC0203_PANCREAS,506,0.09544359342500418,0.9323431119146083
X_pca,43,sorafenib,SW1990_PANCREAS,307,0.07898927411716429,0.9119196462320582
X_pca,43,sorafenib,RD_SOFT_TISSUE,261,0.11707720573985418,0.7597157466457265
X_pca,43,sorafenib,NCIH1792_LUNG,111,0.15836514308335925,0.8429909375336793
X_pca,43,sorafenib,PK45H_PANCREAS,271,0.13874128699102153,0.9361760801054895
X_pca,43,sorafenib,LS180_LARGE_INTESTINE,361,0.0889562040964599,0.9003972483804021
X_pca,43,sorafenib,RERFLCAI_LUNG,763,0.07891697202445212,0.8934321959709277
X_pca,43,sorafenib,CAMA1_BREAST,291,0.07356703919054454,0.8903262539417883
X_pca,43,sorafenib,SNU449_LIVER,282,0.09451500836540172,0.8693221046569499
X_pca,43,sorafenib,A204_SOFT_TISSUE,250,0.12166465823963733,0.9470879611968994
X_pca,43,sorafenib,MKN45_STOMACH,118,0.11288691337964728,0.9977155221720874
X_pca,43,sorafenib,HEP3B217_LIVER,118,0.08468749943936517,0.9435636830531945
X_pca,43,sorafenib,HOS_BONE,829,0.16032956722851935,0.8855845538856613
X_pca,43,sorafenib,EBC1_LUNG,186,0.0905684582665025,0.8818432342621588
X_pca,43,sorafenib,NCIH292_LUNG,213,0.08448430321528261,1.0069137159647517
X_pca,43,sorafenib,OUMS23_LARGE_INTESTINE,107,0.061866419166559494,0.7639125513139172
X_pca,43,sorafenib,HEC151_ENDOMETRIUM,250,0.14775905768614755,0.9087995793819428
X_pca,43,sorafenib,NCIH1373_LUNG,164,0.10026329108399858,0.8750553330997142
X_pca,43,sorafenib,TE9_OESOPHAGUS,248,0.11891493353814253,1.0079267472028732
X_pca,43,sorafenib,HCC56_LARGE_INTESTINE,99,0.0895513066527498,0.8787659424724001
X_pca,43,sorafenib,HT55_LARGE_INTESTINE,211,0.06983863578971616,0.9659733218604355
X_pca,43,sorafenib,RT4_URINARY_TRACT,106,0.07645693649893204,0.7512734852871805
X_pca,43,sorafenib,SKES1_BONE,91,0.1157876499119652,0.9083425337141686
X_pca,43,sorafenib,NCIH1435_LUNG,267,0.09491835679047095,0.8433362921971953
X_pca,43,sorafenib,8305C_THYROID,459,0.16659302433109738,0.8728593626183362
X_pca,43,sorafenib,NCIH2228_LUNG,367,0.11397537120881013,0.9619903450765792
X_pca,43,sorafenib,TE10_OESOPHAGUS,219,0.12142649112726654,0.9187855421135959
X_pca,43,sorafenib,ASPC1_PANCREAS,290,0.12753072472875632,0.7948892505004488
X_pca,43,sorafenib,HCC366_LUNG,202,0.08557224171590773,1.0290596821520588
X_pca,43,sorafenib,BICR16_UPPER_AERODIGESTIVE_TRACT,212,0.08315020984690534,0.9148043410957984
X_pca,43,sorafenib,HEC6_ENDOMETRIUM,161,0.09257930129727805,0.8693259595343785
X_pca,43,sorafenib,KALS1_CENTRAL_NERVOUS_SYSTEM,288,0.12487761061462557,0.9607771159046226
X_pca,43,sorafenib,NCIH2444_LUNG,237,0.08283866434202504,0.9832337611838232
X_pca,43,sorafenib,SNU46_UPPER_AERODIGESTIVE_TRACT,236,0.14872263506427616,0.9579217565261712
X_pca,43,sorafenib,OAW28_OVARY,161,0.06349301043045064,0.9619003016015758
X_pca,43,sorafenib,SNU1214_UPPER_AERODIGESTIVE_TRACT,188,0.07514191960988907,1.0675823739234438
X_pca,43,sorafenib,SKMEL5_SKIN,297,0.14283943547778186,0.8610090112646019
X_pca,43,sorafenib,OVCAR4_OVARY,283,0.07309956292812034,0.9351140077459518
X_pca,43,sorafenib,UACC257_SKIN,239,0.11023813551472078,0.8163489385130016
X_pca,43,sorafenib,ONCODG1_OVARY,270,0.0892299320468853,1.0533180267722517
X_pca,43,sorafenib,HUH28_BILIARY_TRACT,139,0.10052166456963456,0.9403469862697793
X_pca,43,sorafenib,IM95_STOMACH,185,0.11707518604875572,0.9531730220124528
X_pca,43,sorafenib,TE14_OESOPHAGUS,474,0.11095148464881706,1.0441791461741372
X_pca,43,sorafenib,CAKI2_KIDNEY,278,0.12483156744833984,0.860737463231567
X_pca,43,sorafenib,SU8686_PANCREAS,82,0.08589992214635792,0.9465540393096644
X_pca,43,sorafenib,SCC25_UPPER_AERODIGESTIVE_TRACT,898,0.10115827690884355,1.0708241401642626
X_pca,43,sorafenib,SCC9_UPPER_AERODIGESTIVE_TRACT,475,0.1113507743562706,0.8809180632390474
X_pca,43,dasatinib,NCIH2126_LUNG,264,0.13879026434519254,0.824153482913971
X_pca,43,dasatinib,SW579_THYROID,217,0.13894640709397638,0.5412117753710065
X_pca,43,dasatinib,NCIH446_LUNG,196,0.1500464126546767,0.842569107759972
X_pca,43,dasatinib,HEC251_ENDOMETRIUM,107,0.15527101329063508,0.4972860169744937
X_pca,43,dasatinib,MFE319_ENDOMETRIUM,191,0.12496280743885013,0.7606821373807198
X_pca,43,dasatinib,SKNAS_AUTONOMIC_GANGLIA,226,0.13480869637371487,0.5780099706839671
X_pca,43,dasatinib,NCIH2452_PLEURA,538,0.16293158482603295,0.6337570929172757
X_pca,43,dasatinib,COLO741_SKIN,329,0.15002100898417003,1.0687352429769683
X_pca,43,dasatinib,KNS42_CENTRAL_NERVOUS_SYSTEM,172,0.20151604559702807,0.7276126480726308
X_pca,43,dasatinib,MCF7_BREAST,143,0.09938503783648538,0.6862499422126717
X_pca,43,dasatinib,HT1197_URINARY_TRACT,74,0.13014306594645383,0.7625736553926725
X_pca,43,dasatinib,SNU899_UPPER_AERODIGESTIVE_TRACT,83,0.10526520368090866,0.30730525808162
X_pca,43,dasatinib,HCC38_BREAST,200,0.13636908939032216,0.7292360989749431
X_pca,43,dasatinib,SNU308_BILIARY_TRACT,94,0.13411469346395385,0.7236077874264819
X_pca,43,dasatinib,SW1271_LUNG,115,0.14297636428384886,0.7099316900191099
X_pca,43,dasatinib,TM31_CENTRAL_NERVOUS_SYSTEM,116,0.16500385421151226,0.7706972224445179
X_pca,43,dasatinib,NCIH747_LARGE_INTESTINE,80,0.10870601296461467,0.7888105407357215
X_pca,43,dasatinib,KPNSI9S_AUTONOMIC_GANGLIA,129,0.10388411695665058,0.7291291351466216
X_pca,43,dasatinib,SQ1_LUNG,238,0.13573223318586383,0.39779048294079405
X_pca,43,dasatinib,IALM_LUNG,322,0.1918835151139773,0.749109358798643
X_pca,43,dasatinib,BT474_BREAST,125,0.14280279194914497,0.9806331734657288
X_pca,43,dasatinib,DKMG_CENTRAL_NERVOUS_SYSTEM,271,0.11370173277649039,0.577755189029933
X_pca,43,dasatinib,BT549_BREAST,266,0.16111111930341995,0.6708249390349352
X_pca,43,dasatinib,BICR6_UPPER_AERODIGESTIVE_TRACT,286,0.09953996387944153,0.6064485635582384
X_pca,43,dasatinib,SH10TC_STOMACH,351,0.1283405165903976,0.7121223791202589
X_pca,43,dasatinib,UMUC1_URINARY_TRACT,197,0.1105144361391892,0.47097505591242445
X_pca,43,dasatinib,LS1034_LARGE_INTESTINE,146,0.14669831714301645,0.8269697678823994
X_pca,43,dasatinib,CCFSTTG1_CENTRAL_NERVOUS_SYSTEM,246,0.13597394001535534,0.5936064193161522
X_pca,43,dasatinib,NCIH226_LUNG,235,0.17905162975593955,0.5296667871323038
X_pca,43,dasatinib,LNCAPCLONEFGC_PROSTATE,129,0.10648428857842525,0.9922516710998476
X_pca,43,dasatinib,RCC10RGB_KIDNEY,233,0.11672075933208413,0.4793230788902152
X_pca,43,dasatinib,RERFLCAD1_LUNG,243,0.1306358707402779,0.6830447942877012
X_pca,43,dasatinib,SKMEL2_SKIN,276,0.1811226738277823,0.747163353730803
X_pca,43,dasatinib,BICR31_UPPER_AERODIGESTIVE_TRACT,248,0.12718311691938539,0.5676051858932741
X_pca,43,dasatinib,RCM1_LARGE_INTESTINE,128,0.11348626906953746,0.8025632561184466
X_pca,43,dasatinib,COV434_OVARY,88,0.1685275421156798,0.9717199727892876
X_pca,43,dasatinib,SNU1079_BILIARY_TRACT,73,0.1563553914261407,0.7117944878258117
X_pca,43,dasatinib,YD38_UPPER_AERODIGESTIVE_TRACT,624,0.15569274065366182,0.4931927888343732
X_pca,43,dasatinib,NCIH1299_LUNG,534,0.16500807509145643,0.7117024157824141
X_pca,43,dasatinib,IGR37_SKIN,347,0.1385593242668891,1.1299579906188788
X_pca,43,dasatinib,BFTC909_KIDNEY,379,0.15532548735889729,0.6469028596827726
X_pca,43,dasatinib,NCIH460_LUNG,837,0.16368182808825854,0.9542519157861439
X_pca,43,dasatinib,IGR1_SKIN,725,0.10747365290108397,0.9269436315010334
X_pca,43,dasatinib,VMCUB1_URINARY_TRACT,478,0.16606841036348993,0.6396390108633241
X_pca,43,dasatinib,JHOC5_OVARY,145,0.1499624884234381,0.5983363817478048
X_pca,43,dasatinib,42MGBA_CENTRAL_NERVOUS_SYSTEM,518,0.19205403503929055,0.7134216608458044
X_pca,43,dasatinib,HT1080_SOFT_TISSUE,516,0.13372251797082213,0.7557268898731978
X_pca,43,dasatinib,LI7_LIVER,196,0.19342150934644964,0.7693770392512789
X_pca,43,dasatinib,A375_SKIN,593,0.17073279241786193,0.9136368094568108
X_pca,43,dasatinib,FTC133_THYROID,140,0.18063900364489532,0.7393654740282467
X_pca,43,dasatinib,OVK18_OVARY,178,0.1200996556839402,0.891077669483892
X_pca,43,dasatinib,ACCMESO1_PLEURA,162,0.12707537598703225,0.7989397611882951
X_pca,43,dasatinib,HMC18_BREAST,293,0.12850031947557422,0.7962773388359734
X_pca,43,dasatinib,TOV112D_OVARY,78,0.147961012443087,0.6978318221293963
X_pca,43,dasatinib,JHH6_LIVER,206,0.1501102440365455,0.8076129152068814
X_pca,43,dasatinib,A2058_SKIN,294,0.13532055227759815,0.9640721962565467
X_pca,43,dasatinib,NCIH2110_LUNG,1990,0.10296429473019021,0.7421998438823163
X_pca,43,dasatinib,NCIH650_LUNG,271,0.12772354506487318,0.48899716655706565
X_pca,43,dasatinib,EFE184_ENDOMETRIUM,86,0.1545694482277459,0.7186002575380858
X_pca,43,dasatinib,HUPT3_PANCREAS,136,0.12308614721312795,0.5935001509154544
X_pca,43,dasatinib,MDAMB361_BREAST,135,0.1076944653469255,0.7781596545819883
X_pca,43,dasatinib,BCPAP_THYROID,152,0.21297702360011878,0.4022353236612521
X_pca,43,dasatinib,PECAPJ49_UPPER_AERODIGESTIVE_TRACT,202,0.1285469705035247,0.39241859670912865
X_pca,43,dasatinib,EKVX_LUNG,146,0.1894833536540622,0.6190191950291803
X_pca,43,dasatinib,BICR56_UPPER_AERODIGESTIVE_TRACT,81,0.11229629562833282,0.35488892778938197
X_pca,43,dasatinib,NCIH2170_LUNG,142,0.16346519198887827,0.8991527162807088
X_pca,43,dasatinib,DETROIT562_UPPER_AERODIGESTIVE_TRACT,163,0.1503150295184533,0.5529337113985986
X_pca,43,dasatinib,SW1088_CENTRAL_NERVOUS_SYSTEM,128,0.1853441033842101,0.5125263968948275
X_pca,43,dasatinib,BHY_UPPER_AERODIGESTIVE_TRACT,145,0.12204714856834546,0.5566889318926581
X_pca,43,dasatinib,CAS1_CENTRAL_NERVOUS_SYSTEM,133,0.16361474155351152,0.5501847078925685
X_pca,43,dasatinib,HCC1428_BREAST,127,0.10667294767500064,0.8864881142856568
X_pca,43,dasatinib,HDQP1_BREAST,64,0.10869408609035627,0.5652046515606344
X_pca,43,dasatinib,OSRC2_KIDNEY,126,0.17269932366495755,0.7489141256563248
X_pca,43,dasatinib,HUPT4_PANCREAS,56,0.1184034584062704,0.7692245585577828
X_pca,43,dasatinib,TCCSUP_URINARY_TRACT,316,0.17203980454104367,0.6237343998649453
X_pca,43,dasatinib,VMRCRCZ_KIDNEY,300,0.13921093757314476,0.574992625117302
X_pca,43,dasatinib,PK59_PANCREAS,174,0.09732231566684088,0.9219943535053867
X_pca,43,dasatinib,HUH6_LIVER,338,0.11400738247229603,0.9785535335540771
X_pca,43,dasatinib,MSTO211H_PLEURA,297,0.15758329005365732,0.72938588743258
X_pca,43,dasatinib,HS852T_SKIN,162,0.1554049120848579,0.875524879053787
X_pca,43,dasatinib,SKMEL30_SKIN,353,0.17107420084179845,0.8843793614896769
X_pca,43,dasatinib,T47D_BREAST,221,0.10416766970569662,0.9696445459693805
X_pca,43,dasatinib,CALU6_LUNG,258,0.14886040531441935,0.849245149497838
X_pca,43,dasatinib,NCIH522_LUNG,208,0.12345291868975493,0.8647143986935799
X_pca,43,dasatinib,LMSU_STOMACH,255,0.13962902108586803,0.4461302709345724
X_pca,43,dasatinib,SNUC4_LARGE_INTESTINE,467,0.09707011305161722,0.8342178632411508
X_pca,43,dasatinib,RVH421_SKIN,239,0.16289437081271993,0.9280854269051652
X_pca,43,dasatinib,OVSAHO_OVARY,227,0.11916029502998395,0.7070680785809319
X_pca,43,dasatinib,GOS3_CENTRAL_NERVOUS_SYSTEM,191,0.18006411457815208,0.7538551460385947
X_pca,43,dasatinib,SNU738_CENTRAL_NERVOUS_SYSTEM,379,0.12853637446627125,0.6715003155309481
X_pca,43,dasatinib,PC3_PROSTATE,169,0.13724688495215545,0.6587981001512538
X_pca,43,dasatinib,PATU8988S_PANCREAS,244,0.14429339197001328,0.9195067809253442
X_pca,43,dasatinib,OVTOKO_OVARY,209,0.13253288106556316,0.47302666406312055
X_pca,43,dasatinib,TE1_OESOPHAGUS,206,0.15688990360452854,0.586690181378022
X_pca,43,dasatinib,NCIH2087_LUNG,219,0.1171494018099104,0.604782733470882
X_pca,43,dasatinib,EFM192A_BREAST,333,0.10173847972037398,0.9791575308676597
X_pca,43,dasatinib,SNU423_LIVER,212,0.17875398829025346,0.5163486992131989
X_pca,43,dasatinib,KPL1_BREAST,276,0.102503362295674,0.9288812659788823
X_pca,43,dasatinib,NCIH358_LUNG,336,0.12497411926970144,0.5843714341698658
X_pca,43,dasatinib,COLO792_SKIN,271,0.1443599395778198,1.1595530377982728
X_pca,43,dasatinib,KYSE520_OESOPHAGUS,323,0.1440009155321394,0.4585987052681276
X_pca,43,dasatinib,KMRC3_KIDNEY,245,0.1460292559810144,0.7645001840834715
X_pca,43,dasatinib,MKN7_STOMACH,258,0.12491539351085941,0.668057226626448
X_pca,43,dasatinib,NCIH1944_LUNG,414,0.19227870061770272,0.7798498338403334
X_pca,43,dasatinib,TE6_OESOPHAGUS,551,0.15268106315527058,0.6859602500868796
X_pca,43,dasatinib,ZR751_BREAST,309,0.124996541080037,1.1338375675639674
X_pca,43,dasatinib,PANC0203_PANCREAS,506,0.13925729971569945,0.5527270581764666
X_pca,43,dasatinib,SW1990_PANCREAS,307,0.12431339202412582,0.6927707200135781
X_pca,43,dasatinib,RD_SOFT_TISSUE,261,0.13596654487649718,0.7637838559132426
X_pca,43,dasatinib,NCIH1792_LUNG,111,0.2085833021477141,0.8138797267063244
X_pca,43,dasatinib,PK45H_PANCREAS,271,0.1533694761813862,0.7129002732544367
X_pca,43,dasatinib,LS180_LARGE_INTESTINE,361,0.0990608518730307,0.9094142960049109
X_pca,43,dasatinib,RERFLCAI_LUNG,763,0.09929501440612547,0.740286805878148
X_pca,43,dasatinib,CAMA1_BREAST,291,0.10888975337536613,0.9781772525040144
X_pca,43,dasatinib,SNU449_LIVER,282,0.14637852130401244,0.6915750385176206
X_pca,43,dasatinib,A204_SOFT_TISSUE,250,0.1496349500952873,0.648410730600357
X_pca,43,dasatinib,MKN45_STOMACH,118,0.12797930560611884,0.8154252484693365
X_pca,43,dasatinib,HEP3B217_LIVER,118,0.13257164111372308,0.38293861458867284
X_pca,43,dasatinib,HOS_BONE,829,0.16899988006043642,0.8481718872654711
X_pca,43,dasatinib,EBC1_LUNG,186,0.13320657848898573,0.6521399001921376
X_pca,43,dasatinib,NCIH292_LUNG,213,0.14194131499233795,0.5823990319256491
X_pca,43,dasatinib,OUMS23_LARGE_INTESTINE,107,0.1206134716591377,0.7363639234382415
X_pca,43,dasatinib,HEC151_ENDOMETRIUM,250,0.17067360214496205,0.7292641258239746
X_pca,43,dasatinib,NCIH1373_LUNG,164,0.13845064665757414,0.65051522814646
X_pca,43,dasatinib,TE9_OESOPHAGUS,248,0.15946131355220067,0.6665053474566629
X_pca,43,dasatinib,HCC56_LARGE_INTESTINE,99,0.08158651973673316,0.8872845841176582
X_pca,43,dasatinib,HT55_LARGE_INTESTINE,211,0.10571403956133106,0.958296129488832
X_pca,43,dasatinib,RT4_URINARY_TRACT,106,0.10563028950958502,0.9807913100944375
X_pca,43,dasatinib,SKES1_BONE,91,0.13374876494574864,0.8239780114247248
X_pca,43,dasatinib,NCIH1435_LUNG,267,0.13490903838927126,0.7382595603832145
X_pca,43,dasatinib,8305C_THYROID,459,0.18192134182694122,0.539287069329509
X_pca,43,dasatinib,NCIH2228_LUNG,367,0.1501158240500625,0.47756353272404267
X_pca,43,dasatinib,TE10_OESOPHAGUS,219,0.18050246391870883,0.5054410916485198
X_pca,43,dasatinib,ASPC1_PANCREAS,290,0.15373814487561963,0.67324760587051
X_pca,43,dasatinib,HCC366_LUNG,202,0.1372063791217677,0.5953409131800774
X_pca,43,dasatinib,BICR16_UPPER_AERODIGESTIVE_TRACT,212,0.12002908589548833,0.39716703458777014
X_pca,43,dasatinib,HEC6_ENDOMETRIUM,161,0.12151351412884023,0.6435231658982934
X_pca,43,dasatinib,KALS1_CENTRAL_NERVOUS_SYSTEM,288,0.14419756584123353,0.4700466860085726
X_pca,43,dasatinib,NCIH2444_LUNG,237,0.12105568528546695,0.3799541768645435
X_pca,43,dasatinib,SNU46_UPPER_AERODIGESTIVE_TRACT,236,0.18829063006801153,0.6000257447614508
X_pca,43,dasatinib,OAW28_OVARY,161,0.11250303068730722,0.7164647899429251
X_pca,43,dasatinib,SNU1214_UPPER_AERODIGESTIVE_TRACT,188,0.10382161584464193,0.5563733553949822
X_pca,43,dasatinib,SKMEL5_SKIN,297,0.15000102260788664,1.1311270359790686
X_pca,43,dasatinib,OVCAR4_OVARY,283,0.09322724862016563,0.5369153340797963
X_pca,43,dasatinib,UACC257_SKIN,239,0.1317819878088661,1.051888883113861
X_pca,43,dasatinib,ONCODG1_OVARY,270,0.12316952588742029,0.7566097691103264
X_pca,43,dasatinib,HUH28_BILIARY_TRACT,139,0.16513921437108972,0.42634449116617656
X_pca,43,dasatinib,IM95_STOMACH,185,0.15893243928529058,0.8273656796764683
X_pca,43,dasatinib,TE14_OESOPHAGUS,474,0.13484606698501905,0.6507299531109726
X_pca,43,dasatinib,CAKI2_KIDNEY,278,0.15905840857625406,0.657344816078385
X_pca,43,dasatinib,SU8686_PANCREAS,82,0.11219993629462859,0.5582939026559272
X_pca,43,dasatinib,SCC25_UPPER_AERODIGESTIVE_TRACT,898,0.11186475017558396,0.44730904479334777
X_pca,43,dasatinib,SCC9_UPPER_AERODIGESTIVE_TRACT,475,0.15072960093835422,0.6746682748041655
X_pca,43,crizotinib,NCIH2126_LUNG,264,0.11632849613243937,0.8546711657986497
X_pca,43,crizotinib,SW579_THYROID,217,0.11246476176751614,0.8644968922237097
X_pca,43,crizotinib,NCIH446_LUNG,196,0.10743451990714584,0.8165548288700532
X_pca,43,crizotinib,HEC251_ENDOMETRIUM,107,0.09280119871713559,0.857644096156147
X_pca,43,crizotinib,MFE319_ENDOMETRIUM,191,0.0926714935282759,0.8377314122559513
X_pca,43,crizotinib,SKNAS_AUTONOMIC_GANGLIA,226,0.1042339309397186,0.7136308221162948
X_pca,43,crizotinib,NCIH2452_PLEURA,538,0.11619992005015209,0.7686439116648138
X_pca,43,crizotinib,COLO741_SKIN,329,0.11052247765594249,0.8433476976348274
X_pca,43,crizotinib,KNS42_CENTRAL_NERVOUS_SYSTEM,172,0.1424164910702446,0.6758324959596922
X_pca,43,crizotinib,MCF7_BREAST,143,0.09211386983911854,0.8816933727764583
X_pca,43,crizotinib,HT1197_URINARY_TRACT,74,0.11000879820136704,0.6911013126373291
X_pca,43,crizotinib,SNU899_UPPER_AERODIGESTIVE_TRACT,83,0.09083787682096942,0.7658953702593424
X_pca,43,crizotinib,HCC38_BREAST,200,0.09054701888882029,0.7905129736661911
X_pca,43,crizotinib,SNU308_BILIARY_TRACT,94,0.10620477659026971,0.80478177045254
X_pca,43,crizotinib,SW1271_LUNG,115,0.11544727179667859,0.7866877540298131
X_pca,43,crizotinib,TM31_CENTRAL_NERVOUS_SYSTEM,116,0.10679429276981313,0.7529740456877083
X_pca,43,crizotinib,NCIH747_LARGE_INTESTINE,80,0.08195267852148574,0.7834929622709751
X_pca,43,crizotinib,KPNSI9S_AUTONOMIC_GANGLIA,129,0.08234520746128454,0.7366477669209472
X_pca,43,crizotinib,SQ1_LUNG,238,0.08550056969665096,0.8759103868187976
X_pca,43,crizotinib,IALM_LUNG,322,0.14647724448651725,0.8065644267553128
X_pca,43,crizotinib,BT474_BREAST,125,0.12589491952610812,0.9195032153129578
X_pca,43,crizotinib,DKMG_CENTRAL_NERVOUS_SYSTEM,271,0.08667390110817491,0.7433923014415587
X_pca,43,crizotinib,BT549_BREAST,266,0.1075616460702966,0.8676514786885197
X_pca,43,crizotinib,BICR6_UPPER_AERODIGESTIVE_TRACT,286,0.07440393766150992,0.8348650625952474
X_pca,43,crizotinib,SH10TC_STOMACH,351,0.07620362394954251,0.8167524334372278
X_pca,43,crizotinib,UMUC1_URINARY_TRACT,197,0.08184200717739472,0.8397439406607962
X_pca,43,crizotinib,LS1034_LARGE_INTESTINE,146,0.12362313370033451,0.7082551515673938
X_pca,43,crizotinib,CCFSTTG1_CENTRAL_NERVOUS_SYSTEM,246,0.09153886472870436,0.7524498710787393
X_pca,43,crizotinib,NCIH226_LUNG,235,0.09634062836820154,0.8932750973295658
X_pca,43,crizotinib,LNCAPCLONEFGC_PROSTATE,129,0.09472653763846021,0.6991472082544666
X_pca,43,crizotinib,RCC10RGB_KIDNEY,233,0.08491296378304483,0.764368865622983
X_pca,43,crizotinib,RERFLCAD1_LUNG,243,0.09937824836656627,0.6617089570059207
X_pca,43,crizotinib,SKMEL2_SKIN,276,0.11735426043481785,0.8875196459500686
X_pca,43,crizotinib,BICR31_UPPER_AERODIGESTIVE_TRACT,248,0.08494790435472052,0.7972002743232635
X_pca,43,crizotinib,RCM1_LARGE_INTESTINE,128,0.0732199984515775,0.8913728850893676
X_pca,43,crizotinib,COV434_OVARY,88,0.10714604398101639,0.8826300048015334
X_pca,43,crizotinib,SNU1079_BILIARY_TRACT,73,0.14153068245300615,0.886214796402683
X_pca,43,crizotinib,YD38_UPPER_AERODIGESTIVE_TRACT,624,0.10761573690893034,0.7043591519483389
X_pca,43,crizotinib,NCIH1299_LUNG,534,0.11505324770945309,0.8366145616055428
X_pca,43,crizotinib,IGR37_SKIN,347,0.10529360971910047,0.7289335182317739
X_pca,43,crizotinib,BFTC909_KIDNEY,379,0.09152493175877086,0.8823769701187718
X_pca,43,crizotinib,NCIH460_LUNG,837,0.10221952635364866,0.7440504465194301
X_pca,43,crizotinib,IGR1_SKIN,725,0.07921983780472859,0.8686414657790086
X_pca,43,crizotinib,VMCUB1_URINARY_TRACT,478,0.1181154775269081,0.8011983848141826
X_pca,43,crizotinib,JHOC5_OVARY,145,0.09768821894907469,0.8314143394601756
X_pca,43,crizotinib,42MGBA_CENTRAL_NERVOUS_SYSTEM,518,0.14858396559241438,0.8292768029747782
X_pca,43,crizotinib,HT1080_SOFT_TISSUE,516,0.10129721260428816,0.7797789528619411
X_pca,43,crizotinib,LI7_LIVER,196,0.1611691310273342,0.7351150693637984
X_pca,43,crizotinib,A375_SKIN,593,0.1205020948828143,0.8016853632050461
X_pca,43,crizotinib,FTC133_THYROID,140,0.14862742229043047,0.8771802800042289
X_pca,43,crizotinib,OVK18_OVARY,178,0.08444124221862291,0.9130509177620492
X_pca,43,crizotinib,ACCMESO1_PLEURA,162,0.1111590552174061,0.9626974952809605
X_pca,43,crizotinib,HMC18_BREAST,293,0.08702352374680082,0.8135289543724711
X_pca,43,crizotinib,TOV112D_OVARY,78,0.10061090354788647,0.8154926514014219
X_pca,43,crizotinib,JHH6_LIVER,206,0.10289121518583251,0.908500228692027
X_pca,43,crizotinib,A2058_SKIN,294,0.09695674509469328,0.8899316814075522
X_pca,43,crizotinib,NCIH2110_LUNG,1990,0.09702676253550921,0.7191230563212879
X_pca,43,crizotinib,NCIH650_LUNG,271,0.08519980059697803,0.7412713285521827
X_pca,43,crizotinib,EFE184_ENDOMETRIUM,86,0.1496412691874673,0.7620979166308115
X_pca,43,crizotinib,HUPT3_PANCREAS,136,0.07864945502683443,0.8074150541249443
X_pca,43,crizotinib,MDAMB361_BREAST,135,0.08099130370344503,0.9723564969168769
X_pca,43,crizotinib,BCPAP_THYROID,152,0.11502973347772492,0.8016334293704284
X_pca,43,crizotinib,PECAPJ49_UPPER_AERODIGESTIVE_TRACT,202,0.08473609284576783,0.9546158824226644
X_pca,43,crizotinib,EKVX_LUNG,146,0.11430074982286186,0.8146517685014908
X_pca,43,crizotinib,BICR56_UPPER_AERODIGESTIVE_TRACT,81,0.07467227564681696,0.6829652594931331
X_pca,43,crizotinib,NCIH2170_LUNG,142,0.14223994834983417,0.8025584814833923
X_pca,43,crizotinib,DETROIT562_UPPER_AERODIGESTIVE_TRACT,163,0.0862682162311888,0.7867055359793587
X_pca,43,crizotinib,SW1088_CENTRAL_NERVOUS_SYSTEM,128,0.14220599731249214,0.7357584461569786
X_pca,43,crizotinib,BHY_UPPER_AERODIGESTIVE_TRACT,145,0.08331833185763814,0.79933627350577
X_pca,43,crizotinib,CAS1_CENTRAL_NERVOUS_SYSTEM,133,0.09172402093611304,0.8190380612710365
X_pca,43,crizotinib,HCC1428_BREAST,127,0.07716342480491067,0.7683878799123088
X_pca,43,crizotinib,HDQP1_BREAST,64,0.11125083572961726,0.80785614810884
X_pca,43,crizotinib,OSRC2_KIDNEY,126,0.08784526098437816,0.9149522909096309
X_pca,43,crizotinib,HUPT4_PANCREAS,56,0.07079240162504247,0.695447106978723
X_pca,43,crizotinib,TCCSUP_URINARY_TRACT,316,0.1168856252857469,0.8034306683495075
X_pca,43,crizotinib,VMRCRCZ_KIDNEY,300,0.08956644709821335,0.8301745692888896
X_pca,43,crizotinib,PK59_PANCREAS,174,0.07802830048620775,0.7990440822195732
X_pca,43,crizotinib,HUH6_LIVER,338,0.11039752368878764,0.9013687365153837
X_pca,43,crizotinib,MSTO211H_PLEURA,297,0.10264252291153413,0.8373784936638392
X_pca,43,crizotinib,HS852T_SKIN,162,0.09550013003013834,0.7403357010564686
X_pca,43,crizotinib,SKMEL30_SKIN,353,0.12122448893947749,0.7737876750085577
X_pca,43,crizotinib,T47D_BREAST,221,0.0997348252699923,0.9381864880005159
X_pca,43,crizotinib,CALU6_LUNG,258,0.0998295610015918,0.7691976318294688
X_pca,43,crizotinib,NCIH522_LUNG,208,0.08615869243002533,0.710416888531584
X_pca,43,crizotinib,LMSU_STOMACH,255,0.11369876911211792,0.7788720338952307
X_pca,43,crizotinib,SNUC4_LARGE_INTESTINE,467,0.07924959855552179,0.7598087254121931
X_pca,43,crizotinib,RVH421_SKIN,239,0.11896740478785307,0.6618269772958556
X_pca,43,crizotinib,OVSAHO_OVARY,227,0.10178837787432381,0.8442318491998748
X_pca,43,crizotinib,GOS3_CENTRAL_NERVOUS_SYSTEM,191,0.1106266892692772,0.8305253913889381
X_pca,43,crizotinib,SNU738_CENTRAL_NERVOUS_SYSTEM,379,0.1040338412003649,0.7796645721219145
X_pca,43,crizotinib,PC3_PROSTATE,169,0.10055887143279055,0.8662937227085498
X_pca,43,crizotinib,PATU8988S_PANCREAS,244,0.11116945689174075,0.7453211748697719
X_pca,43,crizotinib,OVTOKO_OVARY,209,0.08247831463346274,0.834193631792753
X_pca,43,crizotinib,TE1_OESOPHAGUS,206,0.11470143538700205,0.7657441742790555
X_pca,43,crizotinib,NCIH2087_LUNG,219,0.10018163850131769,0.7214655666590826
X_pca,43,crizotinib,EFM192A_BREAST,333,0.075137987989057,0.8379650124916443
X_pca,43,crizotinib,SNU423_LIVER,212,0.11887327369893294,0.6552976625707915
X_pca,43,crizotinib,KPL1_BREAST,276,0.08080838514131784,0.6874116752026738
X_pca,43,crizotinib,NCIH358_LUNG,336,0.12288690682400352,0.7272790605645805
X_pca,43,crizotinib,COLO792_SKIN,271,0.12051859834140101,0.7668245054259072
X_pca,43,crizotinib,KYSE520_OESOPHAGUS,323,0.11290717929728694,0.743796705461508
X_pca,43,crizotinib,KMRC3_KIDNEY,245,0.1100129373295869,0.8475651042801994
X_pca,43,crizotinib,MKN7_STOMACH,258,0.08629707216951601,0.8011203283487365
X_pca,43,crizotinib,NCIH1944_LUNG,414,0.13375014021396023,0.7781443295703419
X_pca,43,crizotinib,TE6_OESOPHAGUS,551,0.10793545336391742,0.7850187003287992
X_pca,43,crizotinib,ZR751_BREAST,309,0.1043606908746044,0.8652035312359387
X_pca,43,crizotinib,PANC0203_PANCREAS,506,0.09649213424686161,0.7277401381212733
X_pca,43,crizotinib,SW1990_PANCREAS,307,0.08686172754622291,0.794598664056983
X_pca,43,crizotinib,RD_SOFT_TISSUE,261,0.09799343459133765,0.823903427726921
X_pca,43,crizotinib,NCIH1792_LUNG,111,0.12731575214807708,0.7127935209789792
X_pca,43,crizotinib,PK45H_PANCREAS,271,0.12631858780729732,0.7085027561636429
X_pca,43,crizotinib,LS180_LARGE_INTESTINE,361,0.08386446415000581,0.8267086349696003
X_pca,43,crizotinib,RERFLCAI_LUNG,763,0.07438126705556737,0.8673406841714292
X_pca,43,crizotinib,CAMA1_BREAST,291,0.09620034372492325,0.8623015784316047
X_pca,43,crizotinib,SNU449_LIVER,282,0.07367905292088796,0.8885980244223953
X_pca,43,crizotinib,A204_SOFT_TISSUE,250,0.13069915864991863,0.8521751140356064
X_pca,43,crizotinib,MKN45_STOMACH,118,0.11366519309152874,0.6972650827492698
X_pca,43,crizotinib,HEP3B217_LIVER,118,0.08874480592484782,0.7222736715260198
X_pca,43,crizotinib,HOS_BONE,829,0.12102045802357551,0.6937395605664202
X_pca,43,crizotinib,EBC1_LUNG,186,0.08852811558432672,0.7906798015358627
X_pca,43,crizotinib,NCIH292_LUNG,213,0.08335946096632836,0.65807396929029
X_pca,43,crizotinib,OUMS23_LARGE_INTESTINE,107,0.05948818784417378,0.7422902110581086
X_pca,43,crizotinib,HEC151_ENDOMETRIUM,250,0.13684162612563083,0.795675162911415
X_pca,43,crizotinib,NCIH1373_LUNG,164,0.07713207941153323,0.8158100134715801
X_pca,43,crizotinib,TE9_OESOPHAGUS,248,0.11431414686825722,0.7614408249576246
X_pca,43,crizotinib,HCC56_LARGE_INTESTINE,99,0.07946136412517,0.8361589252346694
X_pca,43,crizotinib,HT55_LARGE_INTESTINE,211,0.08562413200661141,0.9593050680454308
X_pca,43,crizotinib,RT4_URINARY_TRACT,106,0.08500973389323785,0.6997742973408609
X_pca,43,crizotinib,SKES1_BONE,91,0.08848525948452707,0.8044311168429615
X_pca,43,crizotinib,NCIH1435_LUNG,267,0.09756273413596599,0.8307448717092307
X_pca,43,crizotinib,8305C_THYROID,459,0.1303229179959596,0.8073333230413383
X_pca,43,crizotinib,NCIH2228_LUNG,367,0.08936948327655322,0.7327996805838083
X_pca,43,crizotinib,TE10_OESOPHAGUS,219,0.12363669187457986,0.6930422550194884
X_pca,43,crizotinib,ASPC1_PANCREAS,290,0.1251840797164642,0.7645052958151389
X_pca,43,crizotinib,HCC366_LUNG,202,0.09877572104506532,0.7818959373058659
X_pca,43,crizotinib,BICR16_UPPER_AERODIGESTIVE_TRACT,212,0.08454443097049805,0.6910968636566738
X_pca,43,crizotinib,HEC6_ENDOMETRIUM,161,0.108666364998851,0.7097521603847883
X_pca,43,crizotinib,KALS1_CENTRAL_NERVOUS_SYSTEM,288,0.11739889351819417,0.6991812259786658
X_pca,43,crizotinib,NCIH2444_LUNG,237,0.08841578340739563,0.8195323212237298
X_pca,43,crizotinib,SNU46_UPPER_AERODIGESTIVE_TRACT,236,0.11901320839569711,0.6346341405632132
X_pca,43,crizotinib,OAW28_OVARY,161,0.07230331754817089,0.7080718288140267
X_pca,43,crizotinib,SNU1214_UPPER_AERODIGESTIVE_TRACT,188,0.07014694915491104,0.9242959288840599
X_pca,43,crizotinib,SKMEL5_SKIN,297,0.12301628607880886,0.6251588686548099
X_pca,43,crizotinib,OVCAR4_OVARY,283,0.08794628693737165,0.7937571663317327
X_pca,43,crizotinib,UACC257_SKIN,239,0.11201157064926301,0.7678323245946334
X_pca,43,crizotinib,ONCODG1_OVARY,270,0.08764984642514718,0.8532133005283496
X_pca,43,crizotinib,HUH28_BILIARY_TRACT,139,0.108016306184289,0.6484061153672582
X_pca,43,crizotinib,IM95_STOMACH,185,0.12824771256857279,0.7215766154431008
X_pca,43,crizotinib,TE14_OESOPHAGUS,474,0.10886748913801768,0.7594942154386376
X_pca,43,crizotinib,CAKI2_KIDNEY,278,0.11593316640368066,0.6597432190780159
X_pca,43,crizotinib,SU8686_PANCREAS,82,0.08792818102392075,0.6928808529202531
X_pca,43,crizotinib,SCC25_UPPER_AERODIGESTIVE_TRACT,898,0.08943605049300347,0.6777769702513659
X_pca,43,crizotinib,SCC9_UPPER_AERODIGESTIVE_TRACT,475,0.1104919408726338,0.7507950938375373
X_pca,43,afatinib,NCIH2126_LUNG,264,0.11979639470308653,0.3827852856254939
X_pca,43,afatinib,SW579_THYROID,217,0.09627490233318732,0.8794150753504669
X_pca,43,afatinib,NCIH446_LUNG,196,0.12942138537343997,0.6546986425409511
X_pca,43,afatinib,HEC251_ENDOMETRIUM,107,0.10812185583898992,0.6140068385088555
X_pca,43,afatinib,MFE319_ENDOMETRIUM,191,0.11127041020076768,0.6332449708621539
X_pca,43,afatinib,SKNAS_AUTONOMIC_GANGLIA,226,0.12977385776917755,0.7081644437481872
X_pca,43,afatinib,NCIH2452_PLEURA,538,0.11075735743301666,0.7933556453556819
X_pca,43,afatinib,COLO741_SKIN,329,0.11369464782257803,0.7748608418873378
X_pca,43,afatinib,KNS42_CENTRAL_NERVOUS_SYSTEM,172,0.17635800782844901,0.6473987809447355
X_pca,43,afatinib,MCF7_BREAST,143,0.08693568370293374,0.7753752282449415
X_pca,43,afatinib,HT1197_URINARY_TRACT,74,0.12194406836479839,0.6091961457922652
X_pca,43,afatinib,SNU899_UPPER_AERODIGESTIVE_TRACT,83,0.09303836513792825,0.5303861703499254
X_pca,43,afatinib,HCC38_BREAST,200,0.09784660900048912,0.605547887980938
X_pca,43,afatinib,SNU308_BILIARY_TRACT,94,0.11552373241737915,0.6918416990244642
X_pca,43,afatinib,SW1271_LUNG,115,0.12473579951946498,0.7256544424139935
X_pca,43,afatinib,TM31_CENTRAL_NERVOUS_SYSTEM,116,0.11705115212342432,0.7257343833816463
X_pca,43,afatinib,NCIH747_LARGE_INTESTINE,80,0.08312311351982028,0.7041334189474583
X_pca,43,afatinib,KPNSI9S_AUTONOMIC_GANGLIA,129,0.11184065130680877,0.817748066528823
X_pca,43,afatinib,SQ1_LUNG,238,0.10934664589040637,0.579835855910758
X_pca,43,afatinib,IALM_LUNG,322,0.1866469342133879,0.6629761982223262
X_pca,43,afatinib,BT474_BREAST,125,0.10515596309410219,0.6724060127735138
X_pca,43,afatinib,DKMG_CENTRAL_NERVOUS_SYSTEM,271,0.10982573874750014,0.7586920989395508
X_pca,43,afatinib,BT549_BREAST,266,0.10327862670438737,0.7718217986866944
X_pca,43,afatinib,BICR6_UPPER_AERODIGESTIVE_TRACT,286,0.09871367721345914,0.5977444621649656
X_pca,43,afatinib,SH10TC_STOMACH,351,0.0845443022053173,0.9273653184926068
X_pca,43,afatinib,UMUC1_URINARY_TRACT,197,0.08648986659096124,0.5915940907703439
X_pca,43,afatinib,LS1034_LARGE_INTESTINE,146,0.12831032793996847,0.5696424317278274
X_pca,43,afatinib,CCFSTTG1_CENTRAL_NERVOUS_SYSTEM,246,0.13077402513914013,0.7156573076073717
X_pca,43,afatinib,NCIH226_LUNG,235,0.11824826752707446,0.6883445037172196
X_pca,43,afatinib,LNCAPCLONEFGC_PROSTATE,129,0.09753314162122691,0.6795824341071669
X_pca,43,afatinib,RCC10RGB_KIDNEY,233,0.10237340822422408,0.6767340936885883
X_pca,43,afatinib,RERFLCAD1_LUNG,243,0.10451794214107434,0.6623303555412057
X_pca,43,afatinib,SKMEL2_SKIN,276,0.11586340556132997,0.8250912762638452
X_pca,43,afatinib,BICR31_UPPER_AERODIGESTIVE_TRACT,248,0.1189399752438039,0.5282187923308341
X_pca,43,afatinib,RCM1_LARGE_INTESTINE,128,0.07002740441322129,0.638643791899085
X_pca,43,afatinib,COV434_OVARY,88,0.1709384105885386,0.6267871243709867
X_pca,43,afatinib,SNU1079_BILIARY_TRACT,73,0.11572670665245549,0.6959578745985684
X_pca,43,afatinib,YD38_UPPER_AERODIGESTIVE_TRACT,624,0.15953531723885672,0.4764513995211858
X_pca,43,afatinib,NCIH1299_LUNG,534,0.13094367909110904,0.8165906128588687
X_pca,43,afatinib,IGR37_SKIN,347,0.12247737940966195,0.8199859533770284
X_pca,43,afatinib,BFTC909_KIDNEY,379,0.12388636337708943,0.8402005574004946
X_pca,43,afatinib,NCIH460_LUNG,837,0.13657841834275553,0.5734106748406035
X_pca,43,afatinib,IGR1_SKIN,725,0.11114593998880994,0.9059303323975925
X_pca,43,afatinib,VMCUB1_URINARY_TRACT,478,0.14178898632187528,0.47318635612850907
X_pca,43,afatinib,JHOC5_OVARY,145,0.14215371866526458,0.6533407406560305
X_pca,43,afatinib,42MGBA_CENTRAL_NERVOUS_SYSTEM,518,0.16082482522098757,0.8494336690796849
X_pca,43,afatinib,HT1080_SOFT_TISSUE,516,0.13290428078403507,0.8658955636643624
X_pca,43,afatinib,LI7_LIVER,196,0.18528694615610006,0.5819900238088199
X_pca,43,afatinib,A375_SKIN,593,0.11788515859304488,0.6413649359300205
X_pca,43,afatinib,FTC133_THYROID,140,0.12512125807203994,0.7363278346402304
X_pca,43,afatinib,OVK18_OVARY,178,0.11196301098860213,0.7293007296792576
X_pca,43,afatinib,ACCMESO1_PLEURA,162,0.12203854947495749,0.8557254359310056
X_pca,43,afatinib,HMC18_BREAST,293,0.11219421908628947,0.7625206298999005
X_pca,43,afatinib,TOV112D_OVARY,78,0.10569774532755734,0.7133437150563949
X_pca,43,afatinib,JHH6_LIVER,206,0.1040605610836544,0.7903764027993656
X_pca,43,afatinib,A2058_SKIN,294,0.14130413665646713,0.8608333810048849
X_pca,43,afatinib,NCIH2110_LUNG,1990,0.09868569136089088,0.5812104198651098
X_pca,43,afatinib,NCIH650_LUNG,271,0.09441922563343674,0.5926395888918
X_pca,43,afatinib,EFE184_ENDOMETRIUM,86,0.1443148592441591,0.6560863426258398
X_pca,43,afatinib,HUPT3_PANCREAS,136,0.09882444489042672,0.6090577963520499
X_pca,43,afatinib,MDAMB361_BREAST,135,0.10790835901397872,0.5456959691312578
X_pca,43,afatinib,BCPAP_THYROID,152,0.11801639433601184,0.5790624920474855
X_pca,43,afatinib,PECAPJ49_UPPER_AERODIGESTIVE_TRACT,202,0.09314588185536371,0.5342704996024028
X_pca,43,afatinib,EKVX_LUNG,146,0.13797334705301453,0.6369793255851693
X_pca,43,afatinib,BICR56_UPPER_AERODIGESTIVE_TRACT,81,0.08666710735849666,0.41142463389738104
X_pca,43,afatinib,NCIH2170_LUNG,142,0.19819793533035188,0.6158910389517395
X_pca,43,afatinib,DETROIT562_UPPER_AERODIGESTIVE_TRACT,163,0.11949281798279157,0.4926128029091958
X_pca,43,afatinib,SW1088_CENTRAL_NERVOUS_SYSTEM,128,0.14620769245580528,0.7904804672580212
X_pca,43,afatinib,BHY_UPPER_AERODIGESTIVE_TRACT,145,0.10959083160191326,0.5647415734570602
X_pca,43,afatinib,CAS1_CENTRAL_NERVOUS_SYSTEM,133,0.1045451639635988,0.8480370309119835
X_pca,43,afatinib,HCC1428_BREAST,127,0.09304561440057856,0.7590627872099088
X_pca,43,afatinib,HDQP1_BREAST,64,0.12405654628606227,0.6505835116840899
X_pca,43,afatinib,OSRC2_KIDNEY,126,0.10065890670729064,0.7662094786526665
X_pca,43,afatinib,HUPT4_PANCREAS,56,0.1044595895179165,0.6764994194465024
X_pca,43,afatinib,TCCSUP_URINARY_TRACT,316,0.10685687864424111,0.8030386376607267
X_pca,43,afatinib,VMRCRCZ_KIDNEY,300,0.12253409247647694,0.6170033027728399
X_pca,43,afatinib,PK59_PANCREAS,174,0.09254300123587013,0.8320169685215786
X_pca,43,afatinib,HUH6_LIVER,338,0.11450825353236395,0.6724812086869979
X_pca,43,afatinib,MSTO211H_PLEURA,297,0.10832228747877878,0.9084123009784455
X_pca,43,afatinib,HS852T_SKIN,162,0.10963756513360605,0.6658320331279143
X_pca,43,afatinib,SKMEL30_SKIN,353,0.10879624437932979,0.7391833311775251
X_pca,43,afatinib,T47D_BREAST,221,0.10021912241516143,0.814412761867316
X_pca,43,afatinib,CALU6_LUNG,258,0.10208055723412315,0.722085831239242
X_pca,43,afatinib,NCIH522_LUNG,208,0.0920887528656163,0.7616531782998488
X_pca,43,afatinib,LMSU_STOMACH,255,0.1313436569863656,0.7447843288674074
X_pca,43,afatinib,SNUC4_LARGE_INTESTINE,467,0.09294701549997299,0.6031574070198378
X_pca,43,afatinib,RVH421_SKIN,239,0.14592109327341612,0.87936528656772
X_pca,43,afatinib,OVSAHO_OVARY,227,0.09916834525035394,0.5997550441567593
X_pca,43,afatinib,GOS3_CENTRAL_NERVOUS_SYSTEM,191,0.1305391467712762,0.7914537280329859
X_pca,43,afatinib,SNU738_CENTRAL_NERVOUS_SYSTEM,379,0.09415093052505771,0.802527443400159
X_pca,43,afatinib,PC3_PROSTATE,169,0.09430435484358941,0.8582403444679532
X_pca,43,afatinib,PATU8988S_PANCREAS,244,0.09418235925060806,0.7065283748947206
X_pca,43,afatinib,OVTOKO_OVARY,209,0.11849987327632736,0.5160810134627603
X_pca,43,afatinib,TE1_OESOPHAGUS,206,0.1570728310669094,0.7794426183388071
X_pca,43,afatinib,NCIH2087_LUNG,219,0.11045224459402672,0.5934044822165955
X_pca,43,afatinib,EFM192A_BREAST,333,0.09380617335659025,0.6998339530762967
X_pca,43,afatinib,SNU423_LIVER,212,0.15570283985979044,0.5959552169408439
X_pca,43,afatinib,KPL1_BREAST,276,0.09412327645988232,0.8242658480353977
X_pca,43,afatinib,NCIH358_LUNG,336,0.10745088313058423,0.5901931039102021
X_pca,43,afatinib,COLO792_SKIN,271,0.13298613701339856,0.7813835658710381
X_pca,43,afatinib,KYSE520_OESOPHAGUS,323,0.12946246125903416,0.5542500520084664
X_pca,43,afatinib,KMRC3_KIDNEY,245,0.09258690574087934,0.8163939575759732
X_pca,43,afatinib,MKN7_STOMACH,258,0.10672860373109491,0.6901984584423922
X_pca,43,afatinib,NCIH1944_LUNG,414,0.1561101037978511,0.7300784993142897
X_pca,43,afatinib,TE6_OESOPHAGUS,551,0.11918650670488505,0.4658230030385206
X_pca,43,afatinib,ZR751_BREAST,309,0.09084627854500678,0.7287097504802507
X_pca,43,afatinib,PANC0203_PANCREAS,506,0.1106267652642527,0.5745009925407855
X_pca,43,afatinib,SW1990_PANCREAS,307,0.10221256022191669,0.8826968685423512
X_pca,43,afatinib,RD_SOFT_TISSUE,261,0.10076301062102112,0.8111002956770389
X_pca,43,afatinib,NCIH1792_LUNG,111,0.1795815502850793,0.8676429645972209
X_pca,43,afatinib,PK45H_PANCREAS,271,0.15422907737401026,0.8843124421980109
X_pca,43,afatinib,LS180_LARGE_INTESTINE,361,0.10745224040546132,0.6295884481097193
X_pca,43,afatinib,RERFLCAI_LUNG,763,0.08183438122930083,0.8458726570928081
X_pca,43,afatinib,CAMA1_BREAST,291,0.09976333765041749,0.8198196538740007
X_pca,43,afatinib,SNU449_LIVER,282,0.11090495906519629,0.7691183262471611
X_pca,43,afatinib,A204_SOFT_TISSUE,250,0.1500215464376165,0.7496823393106461
X_pca,43,afatinib,MKN45_STOMACH,118,0.08282182837944231,0.6567236025959758
X_pca,43,afatinib,HEP3B217_LIVER,118,0.08403975132468691,0.5551401492902788
X_pca,43,afatinib,HOS_BONE,829,0.1592718390554432,0.7933047778715702
X_pca,43,afatinib,EBC1_LUNG,186,0.10216503799983884,0.7570726216159841
X_pca,43,afatinib,NCIH292_LUNG,213,0.10844878064827729,0.5437236337314749
X_pca,43,afatinib,OUMS23_LARGE_INTESTINE,107,0.06770210826479962,0.7661116992201761
X_pca,43,afatinib,HEC151_ENDOMETRIUM,250,0.16225497872292763,0.6277268092632293
X_pca,43,afatinib,NCIH1373_LUNG,164,0.12385726018470211,0.6714439900909982
X_pca,43,afatinib,TE9_OESOPHAGUS,248,0.11730708768533049,0.5817241976338048
X_pca,43,afatinib,HCC56_LARGE_INTESTINE,99,0.08730200616167413,0.6084879808353655
X_pca,43,afatinib,HT55_LARGE_INTESTINE,211,0.08699207687735301,0.7584392359188947
X_pca,43,afatinib,RT4_URINARY_TRACT,106,0.08972554591947703,0.7856604411916913
X_pca,43,afatinib,SKES1_BONE,91,0.11487728754583346,0.8020246042000069
X_pca,43,afatinib,NCIH1435_LUNG,267,0.10442886983139048,0.6699589303370272
X_pca,43,afatinib,8305C_THYROID,459,0.12501756344516263,0.8259544416060894
X_pca,43,afatinib,NCIH2228_LUNG,367,0.10522093665540846,0.6298457998833149
X_pca,43,afatinib,TE10_OESOPHAGUS,219,0.14027291079842186,0.6092541756695264
X_pca,43,afatinib,ASPC1_PANCREAS,290,0.13300752469572757,0.6938601641819395
X_pca,43,afatinib,HCC366_LUNG,202,0.10222126078697188,0.7629123064551023
X_pca,43,afatinib,BICR16_UPPER_AERODIGESTIVE_TRACT,212,0.10917195475746384,0.5227155435197758
X_pca,43,afatinib,HEC6_ENDOMETRIUM,161,0.09489733419105484,0.678964988230178
X_pca,43,afatinib,KALS1_CENTRAL_NERVOUS_SYSTEM,288,0.1266612336944072,0.7936253723584943
X_pca,43,afatinib,NCIH2444_LUNG,237,0.09877180227275184,0.7082413824801707
X_pca,43,afatinib,SNU46_UPPER_AERODIGESTIVE_TRACT,236,0.21083856874022303,0.7058870235489587
X_pca,43,afatinib,OAW28_OVARY,161,0.08489654584383206,0.6575511817976555
X_pca,43,afatinib,SNU1214_UPPER_AERODIGESTIVE_TRACT,188,0.07865645429117236,0.46918246895074844
X_pca,43,afatinib,SKMEL5_SKIN,297,0.13570291731832496,0.8081994950771332
X_pca,43,afatinib,OVCAR4_OVARY,283,0.07569106317498474,0.6331116293849878
X_pca,43,afatinib,UACC257_SKIN,239,0.10197269328156504,0.6543664044416101
X_pca,43,afatinib,ONCODG1_OVARY,270,0.10583102096976307,0.5583266459129475
X_pca,43,afatinib,HUH28_BILIARY_TRACT,139,0.13831929263155388,0.6407969771958083
X_pca,43,afatinib,IM95_STOMACH,185,0.1364614368277885,0.5772054991206608
X_pca,43,afatinib,TE14_OESOPHAGUS,474,0.10686092507354515,0.5163182473509623
X_pca,43,afatinib,CAKI2_KIDNEY,278,0.13395286260194111,0.7262170146480739
X_pca,43,afatinib,SU8686_PANCREAS,82,0.08304246680044414,0.7244198402253593
X_pca,43,afatinib,SCC25_UPPER_AERODIGESTIVE_TRACT,898,0.08921748920666367,0.7080885712845554
X_pca,43,afatinib,SCC9_UPPER_AERODIGESTIVE_TRACT,475,0.12095841039344228,0.8323894850831283
X_pca,44,doxorubicin,NCIH2126_LUNG,264,0.08022257160662082,0.5265400156830297
X_pca,44,doxorubicin,SW579_THYROID,217,0.1014418310830055,0.5063417787376088
X_pca,44,doxorubicin,NCIH446_LUNG,196,0.11064343277611115,0.41887535519745883
X_pca,44,doxorubicin,HEC251_ENDOMETRIUM,107,0.10755776337686392,0.6924494304389597
X_pca,44,doxorubicin,MFE319_ENDOMETRIUM,191,0.09374067555294796,0.5509788693557859
X_pca,44,doxorubicin,SKNAS_AUTONOMIC_GANGLIA,226,0.10941924831404917,0.4412372469638301
X_pca,44,doxorubicin,NCIH2452_PLEURA,538,0.10183597502375395,0.5761433145149046
X_pca,44,doxorubicin,COLO741_SKIN,329,0.10834653299797377,0.5786276706083929
X_pca,44,doxorubicin,KNS42_CENTRAL_NERVOUS_SYSTEM,172,0.07632235926799905,0.5509448619775994
X_pca,44,doxorubicin,MCF7_BREAST,143,0.06557185182920826,0.9015169302066723
X_pca,44,doxorubicin,HT1197_URINARY_TRACT,74,0.06485330145064869,0.6151698191423673
X_pca,44,doxorubicin,SNU899_UPPER_AERODIGESTIVE_TRACT,83,0.059923261574726855,0.46993457014302176
X_pca,44,doxorubicin,HCC38_BREAST,200,0.10054289804771867,0.7099117468297481
X_pca,44,doxorubicin,SNU308_BILIARY_TRACT,94,0.08736593931284857,0.5667618979164895
X_pca,44,doxorubicin,SW1271_LUNG,115,0.10234015823763885,0.6163123750168344
X_pca,44,doxorubicin,TM31_CENTRAL_NERVOUS_SYSTEM,116,0.08960449120596478,0.5811433013657044
X_pca,44,doxorubicin,NCIH747_LARGE_INTESTINE,80,0.08130745759485669,0.7334565587341786
X_pca,44,doxorubicin,KPNSI9S_AUTONOMIC_GANGLIA,129,0.09529655709408189,0.49399162563242655
X_pca,44,doxorubicin,SQ1_LUNG,238,0.11608348067736252,0.6559655076565862
X_pca,44,doxorubicin,IALM_LUNG,322,0.09359502805748515,0.5505179087197558
X_pca,44,doxorubicin,BT474_BREAST,125,0.08723586397570822,0.7399655532836914
X_pca,44,doxorubicin,DKMG_CENTRAL_NERVOUS_SYSTEM,271,0.09578931355542687,0.5090710795673498
X_pca,44,doxorubicin,BT549_BREAST,266,0.09023762950550378,0.5622224411121884
X_pca,44,doxorubicin,BICR6_UPPER_AERODIGESTIVE_TRACT,286,0.07830876183631122,0.5804219138580602
X_pca,44,doxorubicin,SH10TC_STOMACH,351,0.07648884125492504,0.7571823882241534
X_pca,44,doxorubicin,UMUC1_URINARY_TRACT,197,0.059774223885393406,0.545743753916116
X_pca,44,doxorubicin,LS1034_LARGE_INTESTINE,146,0.06889037719246924,0.6211341523552594
X_pca,44,doxorubicin,CCFSTTG1_CENTRAL_NERVOUS_SYSTEM,246,0.08151327495347421,0.5664190836553651
X_pca,44,doxorubicin,NCIH226_LUNG,235,0.08274061658239555,0.5747840816670275
X_pca,44,doxorubicin,LNCAPCLONEFGC_PROSTATE,129,0.08897072467802972,0.6123225538767585
X_pca,44,doxorubicin,RCC10RGB_KIDNEY,233,0.07731010799053281,0.718631033477865
X_pca,44,doxorubicin,RERFLCAD1_LUNG,243,0.08887186909329926,0.6458201088287212
X_pca,44,doxorubicin,SKMEL2_SKIN,276,0.10468753339368204,0.5052742267000503
X_pca,44,doxorubicin,BICR31_UPPER_AERODIGESTIVE_TRACT,248,0.10469912169981849,0.6096591806459811
X_pca,44,doxorubicin,RCM1_LARGE_INTESTINE,128,0.09857263837721726,0.734830966219306
X_pca,44,doxorubicin,COV434_OVARY,88,0.07064204222919372,0.4628492712297223
X_pca,44,doxorubicin,SNU1079_BILIARY_TRACT,73,0.12466224067209107,0.7138005784929615
X_pca,44,doxorubicin,YD38_UPPER_AERODIGESTIVE_TRACT,624,0.07174706100446172,0.5476351364587362
X_pca,44,doxorubicin,NCIH1299_LUNG,534,0.10294928272959686,0.5744788933559304
X_pca,44,doxorubicin,IGR37_SKIN,347,0.09647125436326398,0.6856146783753156
X_pca,44,doxorubicin,BFTC909_KIDNEY,379,0.10204342320681693,0.6438463192659192
X_pca,44,doxorubicin,NCIH460_LUNG,837,0.12123422043188756,0.5140454395626324
X_pca,44,doxorubicin,IGR1_SKIN,725,0.10581361953023576,0.578451042997426
X_pca,44,doxorubicin,VMCUB1_URINARY_TRACT,478,0.07675471807165817,0.5919910261571157
X_pca,44,doxorubicin,JHOC5_OVARY,145,0.09357006133948353,0.6915656517291892
X_pca,44,doxorubicin,42MGBA_CENTRAL_NERVOUS_SYSTEM,518,0.09379950825954865,0.48701961217699824
X_pca,44,doxorubicin,HT1080_SOFT_TISSUE,516,0.10199118188091509,0.5826404073326162
X_pca,44,doxorubicin,LI7_LIVER,196,0.1038381378472739,0.5697179363698376
X_pca,44,doxorubicin,A375_SKIN,593,0.1347979839922281,0.6897178560646147
X_pca,44,doxorubicin,FTC133_THYROID,140,0.13056634589016028,0.6749674411756652
X_pca,44,doxorubicin,OVK18_OVARY,178,0.09294536999915239,0.5628756169187888
X_pca,44,doxorubicin,ACCMESO1_PLEURA,162,0.12342101433152515,0.6657763095917525
X_pca,44,doxorubicin,HMC18_BREAST,293,0.09408534954420597,0.51045931524791
X_pca,44,doxorubicin,TOV112D_OVARY,78,0.10365197047382432,0.41578784852455825
X_pca,44,doxorubicin,JHH6_LIVER,206,0.12298199752732042,0.7624310498098725
X_pca,44,doxorubicin,A2058_SKIN,294,0.10040590740068796,0.6192120869143479
X_pca,44,doxorubicin,NCIH2110_LUNG,1990,0.07694546341195775,0.5722802200359316
X_pca,44,doxorubicin,NCIH650_LUNG,271,0.08019055933833484,0.7024444134912807
X_pca,44,doxorubicin,EFE184_ENDOMETRIUM,86,0.08767200305270319,0.6640398706807646
X_pca,44,doxorubicin,HUPT3_PANCREAS,136,0.09969815826894556,0.7531128615579185
X_pca,44,doxorubicin,MDAMB361_BREAST,135,0.058611908269118544,0.740954030001605
X_pca,44,doxorubicin,BCPAP_THYROID,152,0.0813454348469918,0.627650694235375
X_pca,44,doxorubicin,PECAPJ49_UPPER_AERODIGESTIVE_TRACT,202,0.06556344487510325,0.5494734311457907
X_pca,44,doxorubicin,EKVX_LUNG,146,0.09398936750223069,0.5827778292028871
X_pca,44,doxorubicin,BICR56_UPPER_AERODIGESTIVE_TRACT,81,0.10027791887109677,0.40950208424050133
X_pca,44,doxorubicin,NCIH2170_LUNG,142,0.08255186109016513,0.5704886474659745
X_pca,44,doxorubicin,DETROIT562_UPPER_AERODIGESTIVE_TRACT,163,0.07475060942193493,0.49027523069293955
X_pca,44,doxorubicin,SW1088_CENTRAL_NERVOUS_SYSTEM,128,0.09353402703696681,0.5263382324483246
X_pca,44,doxorubicin,BHY_UPPER_AERODIGESTIVE_TRACT,145,0.0948778555853649,0.5179480762317263
X_pca,44,doxorubicin,CAS1_CENTRAL_NERVOUS_SYSTEM,133,0.07888395988591683,0.5666109652895677
X_pca,44,doxorubicin,HCC1428_BREAST,127,0.06971925091386881,0.6518689781192719
X_pca,44,doxorubicin,HDQP1_BREAST,64,0.14247468367111907,0.6416149446740746
X_pca,44,doxorubicin,OSRC2_KIDNEY,126,0.07318157412454145,0.846610487926574
X_pca,44,doxorubicin,HUPT4_PANCREAS,56,0.10016935632492208,0.6147383818668979
X_pca,44,doxorubicin,TCCSUP_URINARY_TRACT,316,0.09773638175771827,0.5353154047757764
X_pca,44,doxorubicin,VMRCRCZ_KIDNEY,300,0.1091207875395348,0.7338149711489678
X_pca,44,doxorubicin,PK59_PANCREAS,174,0.09807630752991704,0.7341121712635303
X_pca,44,doxorubicin,HUH6_LIVER,338,0.07061431925665533,0.5926153669519537
X_pca,44,doxorubicin,MSTO211H_PLEURA,297,0.08539989607994433,0.5838621392193868
X_pca,44,doxorubicin,HS852T_SKIN,162,0.11292513065136349,0.6931018021739559
X_pca,44,doxorubicin,SKMEL30_SKIN,353,0.10054169332106254,0.6210339830043295
X_pca,44,doxorubicin,T47D_BREAST,221,0.08031212121474808,0.6757430979029625
X_pca,44,doxorubicin,CALU6_LUNG,258,0.10577287617412275,0.7170073937538058
X_pca,44,doxorubicin,NCIH522_LUNG,208,0.07414361803891256,0.45247668801591945
X_pca,44,doxorubicin,LMSU_STOMACH,255,0.07836237132417118,0.435447678378984
X_pca,44,doxorubicin,SNUC4_LARGE_INTESTINE,467,0.08471876027260518,0.7073064588760155
X_pca,44,doxorubicin,RVH421_SKIN,239,0.11832235335605945,0.6245704227162205
X_pca,44,doxorubicin,OVSAHO_OVARY,227,0.07515395587658999,0.5949658814505858
X_pca,44,doxorubicin,GOS3_CENTRAL_NERVOUS_SYSTEM,191,0.08595759117535547,0.6171474798499602
X_pca,44,doxorubicin,SNU738_CENTRAL_NERVOUS_SYSTEM,379,0.07823042387707639,0.6101703665816375
X_pca,44,doxorubicin,PC3_PROSTATE,169,0.09111056054893464,0.6276016990108603
X_pca,44,doxorubicin,PATU8988S_PANCREAS,244,0.08073412174936555,0.8560403414437028
X_pca,44,doxorubicin,OVTOKO_OVARY,209,0.07529346846956307,0.6980214971674686
X_pca,44,doxorubicin,TE1_OESOPHAGUS,206,0.08873491394092319,0.6075557529636957
X_pca,44,doxorubicin,NCIH2087_LUNG,219,0.10296679326255817,0.6534437703215368
X_pca,44,doxorubicin,EFM192A_BREAST,333,0.07775391922712802,0.6700494507769564
X_pca,44,doxorubicin,SNU423_LIVER,212,0.07933688798520203,0.5528825570671063
X_pca,44,doxorubicin,KPL1_BREAST,276,0.07224427372258449,0.6342892536650533
X_pca,44,doxorubicin,NCIH358_LUNG,336,0.09045671127359826,0.5072491332179024
X_pca,44,doxorubicin,COLO792_SKIN,271,0.09867289836880933,0.6473789082022171
X_pca,44,doxorubicin,KYSE520_OESOPHAGUS,323,0.09403783457802962,0.6269802087600755
X_pca,44,doxorubicin,KMRC3_KIDNEY,245,0.08843793993479382,0.7571404515480509
X_pca,44,doxorubicin,MKN7_STOMACH,258,0.09448321113913051,0.7218570862860643
X_pca,44,doxorubicin,NCIH1944_LUNG,414,0.10611949016329704,0.5989401874622861
X_pca,44,doxorubicin,TE6_OESOPHAGUS,551,0.09266151355237373,0.5564134588799762
X_pca,44,doxorubicin,ZR751_BREAST,309,0.08184601294085007,0.6837915866891929
X_pca,44,doxorubicin,PANC0203_PANCREAS,506,0.10571610198090514,0.6184671439907767
X_pca,44,doxorubicin,SW1990_PANCREAS,307,0.08900073157409763,0.7872275985801647
X_pca,44,doxorubicin,RD_SOFT_TISSUE,261,0.08597110094144218,0.5659928917884827
X_pca,44,doxorubicin,NCIH1792_LUNG,111,0.10861973893677908,0.49166169198783666
X_pca,44,doxorubicin,PK45H_PANCREAS,271,0.09595001054453252,0.6635464502436649
X_pca,44,doxorubicin,LS180_LARGE_INTESTINE,361,0.09904095052610994,0.8179297183854428
X_pca,44,doxorubicin,RERFLCAI_LUNG,763,0.08391622325087061,0.7462276325000848
X_pca,44,doxorubicin,CAMA1_BREAST,291,0.08851229346049211,0.6504800430278188
X_pca,44,doxorubicin,SNU449_LIVER,282,0.09859367489010191,0.6861080137339044
X_pca,44,doxorubicin,A204_SOFT_TISSUE,250,0.08943276916784265,0.5871909172534943
X_pca,44,doxorubicin,MKN45_STOMACH,118,0.09470895642063785,0.7280317873267804
X_pca,44,doxorubicin,HEP3B217_LIVER,118,0.06571493970127028,0.5125412155511015
X_pca,44,doxorubicin,HOS_BONE,829,0.08664421270174179,0.46298321233152334
X_pca,44,doxorubicin,EBC1_LUNG,186,0.11105972976649371,0.631918784431232
X_pca,44,doxorubicin,NCIH292_LUNG,213,0.0959467867820679,0.4654176042113506
X_pca,44,doxorubicin,OUMS23_LARGE_INTESTINE,107,0.05934488466593169,0.5590616361560109
X_pca,44,doxorubicin,HEC151_ENDOMETRIUM,250,0.09765214576860003,0.6207647440433502
X_pca,44,doxorubicin,NCIH1373_LUNG,164,0.10343085397187296,0.7164690932486115
X_pca,44,doxorubicin,TE9_OESOPHAGUS,248,0.06718048814767665,0.5908596443553125
X_pca,44,doxorubicin,HCC56_LARGE_INTESTINE,99,0.07996608644274146,0.7598932216865848
X_pca,44,doxorubicin,HT55_LARGE_INTESTINE,211,0.05772226231357418,0.8609766917771072
X_pca,44,doxorubicin,RT4_URINARY_TRACT,106,0.07255140158334132,0.6369737996807638
X_pca,44,doxorubicin,SKES1_BONE,91,0.09199947830022456,0.5622391039198571
X_pca,44,doxorubicin,NCIH1435_LUNG,267,0.10117023624808688,0.5232455663466722
X_pca,44,doxorubicin,8305C_THYROID,459,0.08529913133445795,0.540221848454091
X_pca,44,doxorubicin,NCIH2228_LUNG,367,0.10919498533855156,0.6919300861514557
X_pca,44,doxorubicin,TE10_OESOPHAGUS,219,0.08570510104191668,0.5894935309342598
X_pca,44,doxorubicin,ASPC1_PANCREAS,290,0.08036251630964789,0.7280355539815179
X_pca,44,doxorubicin,HCC366_LUNG,202,0.09402219235752732,0.6654237238782468
X_pca,44,doxorubicin,BICR16_UPPER_AERODIGESTIVE_TRACT,212,0.07400577404820641,0.48515543454098253
X_pca,44,doxorubicin,HEC6_ENDOMETRIUM,161,0.07364435110313879,0.563738308152797
X_pca,44,doxorubicin,KALS1_CENTRAL_NERVOUS_SYSTEM,288,0.07552321747874349,0.6058806753199961
X_pca,44,doxorubicin,NCIH2444_LUNG,237,0.10461804844917127,0.600581903497881
X_pca,44,doxorubicin,SNU46_UPPER_AERODIGESTIVE_TRACT,236,0.09819829567189167,0.5728674229171317
X_pca,44,doxorubicin,OAW28_OVARY,161,0.07690247636953214,0.640519998273494
X_pca,44,doxorubicin,SNU1214_UPPER_AERODIGESTIVE_TRACT,188,0.06210040736865428,0.6359053366678826
X_pca,44,doxorubicin,SKMEL5_SKIN,297,0.09604060896004972,0.6052307170448881
X_pca,44,doxorubicin,OVCAR4_OVARY,283,0.06276313249994923,0.6342197014249256
X_pca,44,doxorubicin,UACC257_SKIN,239,0.09635202427885038,0.6110889054990712
X_pca,44,doxorubicin,ONCODG1_OVARY,270,0.0686924195767892,0.6516830542573222
X_pca,44,doxorubicin,HUH28_BILIARY_TRACT,139,0.0794653855192507,0.5274050658126529
X_pca,44,doxorubicin,IM95_STOMACH,185,0.05753985787683586,0.6859792129413501
X_pca,44,doxorubicin,TE14_OESOPHAGUS,474,0.06807180173926222,0.5375867533155635
X_pca,44,doxorubicin,CAKI2_KIDNEY,278,0.08726735532711734,0.7249236862650879
X_pca,44,doxorubicin,SU8686_PANCREAS,82,0.06583831925750934,0.6270850031841092
X_pca,44,doxorubicin,SCC25_UPPER_AERODIGESTIVE_TRACT,898,0.05601672458829542,0.45699524584087337
X_pca,44,doxorubicin,SCC9_UPPER_AERODIGESTIVE_TRACT,475,0.07852871126162725,0.5571940097055937
X_pca,44,platin,NCIH2126_LUNG,264,0.06753478082148394,1.0094155922080532
X_pca,44,platin,SW579_THYROID,217,0.0701445983262514,1.0556758175247825
X_pca,44,platin,NCIH446_LUNG,196,0.06988810215386447,0.9729325835193906
X_pca,44,platin,HEC251_ENDOMETRIUM,107,0.07575619672101971,0.9752300738174224
X_pca,44,platin,MFE319_ENDOMETRIUM,191,0.05761580077609654,1.0228384430495856
X_pca,44,platin,SKNAS_AUTONOMIC_GANGLIA,226,0.05393685353694858,0.9983127127706477
X_pca,44,platin,NCIH2452_PLEURA,538,0.07724792122598069,0.9324390624535571
X_pca,44,platin,COLO741_SKIN,329,0.08444092291179496,1.0442045446949526
X_pca,44,platin,KNS42_CENTRAL_NERVOUS_SYSTEM,172,0.06853542173110062,0.9942961123793624
X_pca,44,platin,MCF7_BREAST,143,0.04676440917985601,1.069987676777206
X_pca,44,platin,HT1197_URINARY_TRACT,74,0.06632534490983677,0.999065866341462
X_pca,44,platin,SNU899_UPPER_AERODIGESTIVE_TRACT,83,0.0592138887342516,1.0467447911400394
X_pca,44,platin,HCC38_BREAST,200,0.07321841370103639,0.9640136298537254
X_pca,44,platin,SNU308_BILIARY_TRACT,94,0.055294930703352084,0.970668578401525
X_pca,44,platin,SW1271_LUNG,115,0.050305617810388024,1.0422401303830353
X_pca,44,platin,TM31_CENTRAL_NERVOUS_SYSTEM,116,0.06702107341340527,1.0713825698556572
X_pca,44,platin,NCIH747_LARGE_INTESTINE,80,0.07540504579447835,0.9237419754266739
X_pca,44,platin,KPNSI9S_AUTONOMIC_GANGLIA,129,0.06876158083551712,1.0073429091956265
X_pca,44,platin,SQ1_LUNG,238,0.05873800665861914,1.0108763067161335
X_pca,44,platin,IALM_LUNG,322,0.08802550923621548,1.0068147869213768
X_pca,44,platin,BT474_BREAST,125,0.05275208979679556,0.9833463163375854
X_pca,44,platin,DKMG_CENTRAL_NERVOUS_SYSTEM,271,0.0827753639680372,0.9601305272306463
X_pca,44,platin,BT549_BREAST,266,0.054359803922335206,1.0296109343381752
X_pca,44,platin,BICR6_UPPER_AERODIGESTIVE_TRACT,286,0.0667617963742907,0.9379494173543437
X_pca,44,platin,SH10TC_STOMACH,351,0.0662882783557125,0.9270169897976085
X_pca,44,platin,UMUC1_URINARY_TRACT,197,0.038027183812222136,0.9704879310530454
X_pca,44,platin,LS1034_LARGE_INTESTINE,146,0.05711515937752246,1.0756018480209455
X_pca,44,platin,CCFSTTG1_CENTRAL_NERVOUS_SYSTEM,246,0.07421745588872507,1.0281496488951085
X_pca,44,platin,NCIH226_LUNG,235,0.051275333868678594,0.9782575346053914
X_pca,44,platin,LNCAPCLONEFGC_PROSTATE,129,0.04576317188909862,1.0593268132024958
X_pca,44,platin,RCC10RGB_KIDNEY,233,0.07902702376470243,0.9708887412824344
X_pca,44,platin,RERFLCAD1_LUNG,243,0.08504739456271493,0.9907470227759562
X_pca,44,platin,SKMEL2_SKIN,276,0.061787574909045094,1.1136615222346955
X_pca,44,platin,BICR31_UPPER_AERODIGESTIVE_TRACT,248,0.07360026090977173,1.0277377436718633
X_pca,44,platin,RCM1_LARGE_INTESTINE,128,0.054905050618232566,1.0429013054817915
X_pca,44,platin,COV434_OVARY,88,0.05741918022771247,1.0096765133467587
X_pca,44,platin,SNU1079_BILIARY_TRACT,73,0.06626589887404039,1.0514372750504377
X_pca,44,platin,YD38_UPPER_AERODIGESTIVE_TRACT,624,0.07576870393399279,1.048729015657535
X_pca,44,platin,NCIH1299_LUNG,534,0.07356954166584583,1.0457133694311207
X_pca,44,platin,IGR37_SKIN,347,0.06965089464387657,1.1607979695803838
X_pca,44,platin,BFTC909_KIDNEY,379,0.08738599480209676,0.9645706246899426
X_pca,44,platin,NCIH460_LUNG,837,0.07916790209692884,1.0775322157849547
X_pca,44,platin,IGR1_SKIN,725,0.07569143275711407,1.0859430141284547
X_pca,44,platin,VMCUB1_URINARY_TRACT,478,0.07311538879319392,1.0261541910500707
X_pca,44,platin,JHOC5_OVARY,145,0.07358192608329427,1.0297401054152127
X_pca,44,platin,42MGBA_CENTRAL_NERVOUS_SYSTEM,518,0.06362771686706797,1.0168825674471247
X_pca,44,platin,HT1080_SOFT_TISSUE,516,0.08256116487214947,1.0317314929047297
X_pca,44,platin,LI7_LIVER,196,0.07404958656096343,1.019205517610725
X_pca,44,platin,A375_SKIN,593,0.08175272782087763,1.0817709539029088
X_pca,44,platin,FTC133_THYROID,140,0.08503647132076936,1.0384951365845545
X_pca,44,platin,OVK18_OVARY,178,0.05840004966725857,1.0663314923811495
X_pca,44,platin,ACCMESO1_PLEURA,162,0.0714799745351722,0.9812622118143388
X_pca,44,platin,HMC18_BREAST,293,0.0652831734479675,0.9657403615147587
X_pca,44,platin,TOV112D_OVARY,78,0.061764229292905454,0.9867623303181086
X_pca,44,platin,JHH6_LIVER,206,0.07036719800447837,1.0336432271790736
X_pca,44,platin,A2058_SKIN,294,0.08414432750025809,1.045904004046706
X_pca,44,platin,NCIH2110_LUNG,1990,0.05823764345416351,1.0140024907924423
X_pca,44,platin,NCIH650_LUNG,271,0.06403082783222827,0.9838977321927398
X_pca,44,platin,EFE184_ENDOMETRIUM,86,0.06731117421796042,1.012755612301272
X_pca,44,platin,HUPT3_PANCREAS,136,0.07026577293925228,1.0544751759837656
X_pca,44,platin,MDAMB361_BREAST,135,0.035549206151293755,1.0925604352244624
X_pca,44,platin,BCPAP_THYROID,152,0.07193864734606925,0.9836958050727844
X_pca,44,platin,PECAPJ49_UPPER_AERODIGESTIVE_TRACT,202,0.053095088637855066,0.9750167302566
X_pca,44,platin,EKVX_LUNG,146,0.0736844421555474,1.0675949658433053
X_pca,44,platin,BICR56_UPPER_AERODIGESTIVE_TRACT,81,0.0692225021566525,1.1140763634516868
X_pca,44,platin,NCIH2170_LUNG,142,0.0715232716749837,0.9241859992625008
X_pca,44,platin,DETROIT562_UPPER_AERODIGESTIVE_TRACT,163,0.06203291485954732,1.0413675677556933
X_pca,44,platin,SW1088_CENTRAL_NERVOUS_SYSTEM,128,0.0652359386642935,0.9525804854929447
X_pca,44,platin,BHY_UPPER_AERODIGESTIVE_TRACT,145,0.07033815773592302,0.9984799422066787
X_pca,44,platin,CAS1_CENTRAL_NERVOUS_SYSTEM,133,0.047262616678651614,1.0164701024392493
X_pca,44,platin,HCC1428_BREAST,127,0.05469040635871285,1.045755674050549
X_pca,44,platin,HDQP1_BREAST,64,0.0721218176518832,0.9929031673818827
X_pca,44,platin,OSRC2_KIDNEY,126,0.06721769509201635,1.0944882877289304
X_pca,44,platin,HUPT4_PANCREAS,56,0.06664532705014815,0.8589329783405576
X_pca,44,platin,TCCSUP_URINARY_TRACT,316,0.07198891227548256,1.0007575293885003
X_pca,44,platin,VMRCRCZ_KIDNEY,300,0.057195402430235506,1.0229424609740576
X_pca,44,platin,PK59_PANCREAS,174,0.07260832351226752,0.884073733255781
X_pca,44,platin,HUH6_LIVER,338,0.06113350251636814,0.9905723259293822
X_pca,44,platin,MSTO211H_PLEURA,297,0.04273719781606921,0.9883219786364623
X_pca,44,platin,HS852T_SKIN,162,0.08434776750490311,1.0427693904917916
X_pca,44,platin,SKMEL30_SKIN,353,0.061729423140253495,1.0821817556116466
X_pca,44,platin,T47D_BREAST,221,0.0499269912479351,1.0749949540487782
X_pca,44,platin,CALU6_LUNG,258,0.06731490552545435,1.0642821463041527
X_pca,44,platin,NCIH522_LUNG,208,0.05987455224010521,0.9336528634795775
X_pca,44,platin,LMSU_STOMACH,255,0.06132896181970824,1.0106946491727642
X_pca,44,platin,SNUC4_LARGE_INTESTINE,467,0.07466675119610268,0.9871944896158876
X_pca,44,platin,RVH421_SKIN,239,0.08033701735408301,0.9741787194706905
X_pca,44,platin,OVSAHO_OVARY,227,0.049718568832149604,0.9563890015501283
X_pca,44,platin,GOS3_CENTRAL_NERVOUS_SYSTEM,191,0.06165266496633647,1.0193757611419518
X_pca,44,platin,SNU738_CENTRAL_NERVOUS_SYSTEM,379,0.04798435134224843,1.0116544924184956
X_pca,44,platin,PC3_PROSTATE,169,0.05873292704963403,0.9849304574481129
X_pca,44,platin,PATU8988S_PANCREAS,244,0.05496285775110469,0.9993204020085882
X_pca,44,platin,OVTOKO_OVARY,209,0.04989389798424889,1.0425991336124365
X_pca,44,platin,TE1_OESOPHAGUS,206,0.0880927876854001,1.0017798187084568
X_pca,44,platin,NCIH2087_LUNG,219,0.10069080989536042,0.9096560614294114
X_pca,44,platin,EFM192A_BREAST,333,0.07379698222605151,1.0000259281994701
X_pca,44,platin,SNU423_LIVER,212,0.07766655390530983,0.9115246570897553
X_pca,44,platin,KPL1_BREAST,276,0.05746667838721929,1.0009003974821256
X_pca,44,platin,NCIH358_LUNG,336,0.05355568988273866,0.9933534881898335
X_pca,44,platin,COLO792_SKIN,271,0.060383074526981134,1.0894262553141125
X_pca,44,platin,KYSE520_OESOPHAGUS,323,0.0705573812886243,1.0369158617852272
X_pca,44,platin,KMRC3_KIDNEY,245,0.048882683072479664,1.0363814412331094
X_pca,44,platin,MKN7_STOMACH,258,0.07489711609771715,0.9333584045254907
X_pca,44,platin,NCIH1944_LUNG,414,0.06965595855683755,0.9460538147728225
X_pca,44,platin,TE6_OESOPHAGUS,551,0.060202686233745306,1.009289278741757
X_pca,44,platin,ZR751_BREAST,309,0.052528527340527875,1.0655899333336591
X_pca,44,platin,PANC0203_PANCREAS,506,0.06691895793280049,1.0152146202537853
X_pca,44,platin,SW1990_PANCREAS,307,0.07155144818291347,0.9101304893384927
X_pca,44,platin,RD_SOFT_TISSUE,261,0.04433832030476422,1.035603270220117
X_pca,44,platin,NCIH1792_LUNG,111,0.08698738954004638,0.9777958613258224
X_pca,44,platin,PK45H_PANCREAS,271,0.07695653544089179,0.9600130337190804
X_pca,44,platin,LS180_LARGE_INTESTINE,361,0.06904041800796647,1.0024381403777738
X_pca,44,platin,RERFLCAI_LUNG,763,0.08413301576058042,0.9663136430367886
X_pca,44,platin,CAMA1_BREAST,291,0.0685512054211457,1.039489028584916
X_pca,44,platin,SNU449_LIVER,282,0.07800851971464272,1.1467345640168969
X_pca,44,platin,A204_SOFT_TISSUE,250,0.0668089813389572,0.9838847188949585
X_pca,44,platin,MKN45_STOMACH,118,0.047044537578594954,1.0192691017005404
X_pca,44,platin,HEP3B217_LIVER,118,0.05555028149208426,0.9773976944260678
X_pca,44,platin,HOS_BONE,829,0.07567287376374104,0.929957168165536
X_pca,44,platin,EBC1_LUNG,186,0.06636281909246373,0.9516546521135556
X_pca,44,platin,NCIH292_LUNG,213,0.06500488400698273,0.8984910845756531
X_pca,44,platin,OUMS23_LARGE_INTESTINE,107,0.06441097846672567,1.0359286337255318
X_pca,44,platin,HEC151_ENDOMETRIUM,250,0.07990579960130376,0.9776343646049499
X_pca,44,platin,NCIH1373_LUNG,164,0.07233118704633601,0.9485691251551233
X_pca,44,platin,TE9_OESOPHAGUS,248,0.0682996792100337,1.0349391903127394
X_pca,44,platin,HCC56_LARGE_INTESTINE,99,0.05868521506403193,1.0129764417205194
X_pca,44,platin,HT55_LARGE_INTESTINE,211,0.03316577998474754,1.015069482168315
X_pca,44,platin,RT4_URINARY_TRACT,106,0.06537905617051476,0.940024806643432
X_pca,44,platin,SKES1_BONE,91,0.06068933780944356,1.0122801812140496
X_pca,44,platin,NCIH1435_LUNG,267,0.06947523518038376,1.0140652837378255
X_pca,44,platin,8305C_THYROID,459,0.06992918384572969,0.9978788969044072
X_pca,44,platin,NCIH2228_LUNG,367,0.07555232510620581,1.0004951729761482
X_pca,44,platin,TE10_OESOPHAGUS,219,0.07419535141919323,0.844061419027581
X_pca,44,platin,ASPC1_PANCREAS,290,0.07072029006636685,0.9509354755796235
X_pca,44,platin,HCC366_LUNG,202,0.08961134451050465,0.9489406648248729
X_pca,44,platin,BICR16_UPPER_AERODIGESTIVE_TRACT,212,0.0721785689677381,0.8747545078677951
X_pca,44,platin,HEC6_ENDOMETRIUM,161,0.05058317676579207,1.0027072311188123
X_pca,44,platin,KALS1_CENTRAL_NERVOUS_SYSTEM,288,0.06835879044219825,1.0136832512087293
X_pca,44,platin,NCIH2444_LUNG,237,0.0685760244280774,0.8811153170931691
X_pca,44,platin,SNU46_UPPER_AERODIGESTIVE_TRACT,236,0.07596544204969255,0.9357974549471322
X_pca,44,platin,OAW28_OVARY,161,0.06990607486557335,0.9297379718063781
X_pca,44,platin,SNU1214_UPPER_AERODIGESTIVE_TRACT,188,0.04331370417499959,0.9765889054917275
X_pca,44,platin,SKMEL5_SKIN,297,0.0700651197822421,1.0164733910400057
X_pca,44,platin,OVCAR4_OVARY,283,0.04172359047075684,0.9455351953792909
X_pca,44,platin,UACC257_SKIN,239,0.05347379354723188,1.095964526032803
X_pca,44,platin,ONCODG1_OVARY,270,0.045910201335923224,0.9470536296014432
X_pca,44,platin,HUH28_BILIARY_TRACT,139,0.05635884521846446,0.9431845815919286
X_pca,44,platin,IM95_STOMACH,185,0.05774777075529489,1.0133537795092609
X_pca,44,platin,TE14_OESOPHAGUS,474,0.05494026730547696,0.9283493538446064
X_pca,44,platin,CAKI2_KIDNEY,278,0.06427289350007187,0.9930844909424404
X_pca,44,platin,SU8686_PANCREAS,82,0.05030552058035273,0.8832876478753439
X_pca,44,platin,SCC25_UPPER_AERODIGESTIVE_TRACT,898,0.05887089216511711,0.966077519485308
X_pca,44,platin,SCC9_UPPER_AERODIGESTIVE_TRACT,475,0.05936151424163844,1.0084174477426628
X_pca,44,etoposide,NCIH2126_LUNG,264,0.07126369397637124,0.9146831432978312
X_pca,44,etoposide,SW579_THYROID,217,0.09631325147546031,0.9152406750736148
X_pca,44,etoposide,NCIH446_LUNG,196,0.0928043305196719,0.7982388181345803
X_pca,44,etoposide,HEC251_ENDOMETRIUM,107,0.09204783995880657,0.9444900728831781
X_pca,44,etoposide,MFE319_ENDOMETRIUM,191,0.08386195997452894,0.8966768555616209
X_pca,44,etoposide,SKNAS_AUTONOMIC_GANGLIA,226,0.06972356192086597,0.8196788332631103
X_pca,44,etoposide,NCIH2452_PLEURA,538,0.09917731838699406,0.8035976292918606
X_pca,44,etoposide,COLO741_SKIN,329,0.1338964722031563,0.9627998773812523
X_pca,44,etoposide,KNS42_CENTRAL_NERVOUS_SYSTEM,172,0.07833332437372864,0.771631562779116
X_pca,44,etoposide,MCF7_BREAST,143,0.05085549308779498,1.0340322735426308
X_pca,44,etoposide,HT1197_URINARY_TRACT,74,0.05690396090917538,0.9462775596090265
X_pca,44,etoposide,SNU899_UPPER_AERODIGESTIVE_TRACT,83,0.04778850762421033,0.9069862652973957
X_pca,44,etoposide,HCC38_BREAST,200,0.07426817423141376,0.8746179234981537
X_pca,44,etoposide,SNU308_BILIARY_TRACT,94,0.07128669233763861,0.8385343551635742
X_pca,44,etoposide,SW1271_LUNG,115,0.08446729704496451,0.8679299945416658
X_pca,44,etoposide,TM31_CENTRAL_NERVOUS_SYSTEM,116,0.06865746830678851,0.8377820381830479
X_pca,44,etoposide,NCIH747_LARGE_INTESTINE,80,0.04926782284066095,0.9101987987756729
X_pca,44,etoposide,KPNSI9S_AUTONOMIC_GANGLIA,129,0.06493962533672047,0.842817506124807
X_pca,44,etoposide,SQ1_LUNG,238,0.06722523784707322,0.8879991434201473
X_pca,44,etoposide,IALM_LUNG,322,0.09592351171920006,0.8607130506023857
X_pca,44,etoposide,BT474_BREAST,125,0.07412888315200855,0.9050630178451539
X_pca,44,etoposide,DKMG_CENTRAL_NERVOUS_SYSTEM,271,0.06376842305915872,0.8094557800856024
X_pca,44,etoposide,BT549_BREAST,266,0.08216052671006299,0.8678127858871804
X_pca,44,etoposide,BICR6_UPPER_AERODIGESTIVE_TRACT,286,0.06599317537460365,0.9196243450775013
X_pca,44,etoposide,SH10TC_STOMACH,351,0.06369405911569044,0.9744338383022536
X_pca,44,etoposide,UMUC1_URINARY_TRACT,197,0.0391118154296862,0.8604575471224518
X_pca,44,etoposide,LS1034_LARGE_INTESTINE,146,0.059160138272138015,0.9119005660488181
X_pca,44,etoposide,CCFSTTG1_CENTRAL_NERVOUS_SYSTEM,246,0.0696716926566217,0.7859243973483884
X_pca,44,etoposide,NCIH226_LUNG,235,0.06306581099554566,0.8206986272588689
X_pca,44,etoposide,LNCAPCLONEFGC_PROSTATE,129,0.05917136872112422,0.8041834812755733
X_pca,44,etoposide,RCC10RGB_KIDNEY,233,0.05925488669132692,0.9506357261039668
X_pca,44,etoposide,RERFLCAD1_LUNG,243,0.06607322794336991,0.8558527812545682
X_pca,44,etoposide,SKMEL2_SKIN,276,0.11955481380237645,0.8346852539242178
X_pca,44,etoposide,BICR31_UPPER_AERODIGESTIVE_TRACT,248,0.0763590423374821,0.9588532793906427
X_pca,44,etoposide,RCM1_LARGE_INTESTINE,128,0.0634658212085834,0.9814450172707438
X_pca,44,etoposide,COV434_OVARY,88,0.08004032590749412,0.8372246196324175
X_pca,44,etoposide,SNU1079_BILIARY_TRACT,73,0.07474242948575875,0.883387855470997
X_pca,44,etoposide,YD38_UPPER_AERODIGESTIVE_TRACT,624,0.07030033790683099,0.9092389898231397
X_pca,44,etoposide,NCIH1299_LUNG,534,0.08252308909957025,0.796582834327712
X_pca,44,etoposide,IGR37_SKIN,347,0.0655360382667036,0.9791883663073053
X_pca,44,etoposide,BFTC909_KIDNEY,379,0.08732718224490002,0.8419450370491652
X_pca,44,etoposide,NCIH460_LUNG,837,0.10494037127241988,0.7108084645963484
X_pca,44,etoposide,IGR1_SKIN,725,0.070727983022058,0.8833832757226352
X_pca,44,etoposide,VMCUB1_URINARY_TRACT,478,0.07505945405374742,0.8928881376108864
X_pca,44,etoposide,JHOC5_OVARY,145,0.07555041765789135,0.971871830677164
X_pca,44,etoposide,42MGBA_CENTRAL_NERVOUS_SYSTEM,518,0.10238092754939124,0.8696574528475065
X_pca,44,etoposide,HT1080_SOFT_TISSUE,516,0.08757616323610246,0.8800639973361363
X_pca,44,etoposide,LI7_LIVER,196,0.10055628685459132,0.8843325917818108
X_pca,44,etoposide,A375_SKIN,593,0.11880694719775005,0.829987002162869
X_pca,44,etoposide,FTC133_THYROID,140,0.12492367497419998,1.013878254379545
X_pca,44,etoposide,OVK18_OVARY,178,0.0672762814046289,0.8580242304989462
X_pca,44,etoposide,ACCMESO1_PLEURA,162,0.07625011319294422,0.8877049986227059
X_pca,44,etoposide,HMC18_BREAST,293,0.06943047403589264,0.7625632627832198
X_pca,44,etoposide,TOV112D_OVARY,78,0.07039378971575033,0.7467150818078946
X_pca,44,etoposide,JHH6_LIVER,206,0.09846007930744075,0.8125952100290835
X_pca,44,etoposide,A2058_SKIN,294,0.08347642369346098,0.8913471220301933
X_pca,44,etoposide,NCIH2110_LUNG,1990,0.051655207570305416,0.8460137248338766
X_pca,44,etoposide,NCIH650_LUNG,271,0.06509596397147784,0.937391143003513
X_pca,44,etoposide,EFE184_ENDOMETRIUM,86,0.07951835610406201,0.9446673864542052
X_pca,44,etoposide,HUPT3_PANCREAS,136,0.07487819232610941,0.903639566810692
X_pca,44,etoposide,MDAMB361_BREAST,135,0.04030656530285285,0.957550640017898
X_pca,44,etoposide,BCPAP_THYROID,152,0.081860847629444,0.9696840698781767
X_pca,44,etoposide,PECAPJ49_UPPER_AERODIGESTIVE_TRACT,202,0.04692049288619482,0.8900946597061535
X_pca,44,etoposide,EKVX_LUNG,146,0.07608307898963079,0.8625794600134027
X_pca,44,etoposide,BICR56_UPPER_AERODIGESTIVE_TRACT,81,0.0827518020110648,0.8500182341646265
X_pca,44,etoposide,NCIH2170_LUNG,142,0.0873494708046904,0.8880483873293433
X_pca,44,etoposide,DETROIT562_UPPER_AERODIGESTIVE_TRACT,163,0.05593022555205872,0.8522567884322324
X_pca,44,etoposide,SW1088_CENTRAL_NERVOUS_SYSTEM,128,0.08899158829886786,0.961644968483597
X_pca,44,etoposide,BHY_UPPER_AERODIGESTIVE_TRACT,145,0.07267003714913714,0.9359201875226251
X_pca,44,etoposide,CAS1_CENTRAL_NERVOUS_SYSTEM,133,0.0639513546668298,0.8353006588785272
X_pca,44,etoposide,HCC1428_BREAST,127,0.05675154379211605,0.9009001719670033
X_pca,44,etoposide,HDQP1_BREAST,64,0.09358735654886233,1.0025603668764234
X_pca,44,etoposide,OSRC2_KIDNEY,126,0.07401305787729767,0.9659018388816288
X_pca,44,etoposide,HUPT4_PANCREAS,56,0.05608235668116791,0.8737573847174644
X_pca,44,etoposide,TCCSUP_URINARY_TRACT,316,0.09528088925856648,0.9073689659185047
X_pca,44,etoposide,VMRCRCZ_KIDNEY,300,0.07408318588236515,0.9054799650112788
X_pca,44,etoposide,PK59_PANCREAS,174,0.05749520156089865,0.926464704261429
X_pca,44,etoposide,HUH6_LIVER,338,0.06216452149045333,0.9319369955175727
X_pca,44,etoposide,MSTO211H_PLEURA,297,0.07086470693408571,0.799246831574424
X_pca,44,etoposide,HS852T_SKIN,162,0.10712236265974563,0.931164601334819
X_pca,44,etoposide,SKMEL30_SKIN,353,0.08811531091574554,0.8995151416775863
X_pca,44,etoposide,T47D_BREAST,221,0.06058551267760123,0.9701487562235664
X_pca,44,etoposide,CALU6_LUNG,258,0.09057128882646143,0.8576746402784835
X_pca,44,etoposide,NCIH522_LUNG,208,0.049672046219305904,0.7784353354229376
X_pca,44,etoposide,LMSU_STOMACH,255,0.06310463988389674,0.794306903259427
X_pca,44,etoposide,SNUC4_LARGE_INTESTINE,467,0.06713393012877271,0.8767683174165974
X_pca,44,etoposide,RVH421_SKIN,239,0.0939145518339087,0.950071438585864
X_pca,44,etoposide,OVSAHO_OVARY,227,0.059456875808683786,0.8880659630645215
X_pca,44,etoposide,GOS3_CENTRAL_NERVOUS_SYSTEM,191,0.06914640964568516,0.8781196646665403
X_pca,44,etoposide,SNU738_CENTRAL_NERVOUS_SYSTEM,379,0.06149678742057345,0.8676089373930778
X_pca,44,etoposide,PC3_PROSTATE,169,0.08550493429509472,0.8969513650476579
X_pca,44,etoposide,PATU8988S_PANCREAS,244,0.059916798277053034,0.9346200679657889
X_pca,44,etoposide,OVTOKO_OVARY,209,0.06525984465466278,0.9628011718321074
X_pca,44,etoposide,TE1_OESOPHAGUS,206,0.0756653163806986,0.833635200863903
X_pca,44,etoposide,NCIH2087_LUNG,219,0.07136942737209158,0.910770768716455
X_pca,44,etoposide,EFM192A_BREAST,333,0.06261462676807489,0.8871251043972669
X_pca,44,etoposide,SNU423_LIVER,212,0.06678943715543581,0.9125883202507811
X_pca,44,etoposide,KPL1_BREAST,276,0.06177081785676887,0.8907811088838439
X_pca,44,etoposide,NCIH358_LUNG,336,0.07172760200757747,0.8630847292287009
X_pca,44,etoposide,COLO792_SKIN,271,0.07416303893095132,0.9387998391781346
X_pca,44,etoposide,KYSE520_OESOPHAGUS,323,0.06649385995053177,0.9658770826947948
X_pca,44,etoposide,KMRC3_KIDNEY,245,0.06285694941490509,0.982673412926343
X_pca,44,etoposide,MKN7_STOMACH,258,0.06828096128644863,0.9298329563565957
X_pca,44,etoposide,NCIH1944_LUNG,414,0.07893779801318818,0.8751395058228774
X_pca,44,etoposide,TE6_OESOPHAGUS,551,0.0662623379988076,0.8779128118132506
X_pca,44,etoposide,ZR751_BREAST,309,0.07351737481369656,0.942826000232141
X_pca,44,etoposide,PANC0203_PANCREAS,506,0.0785909805629672,0.8505754602756425
X_pca,44,etoposide,SW1990_PANCREAS,307,0.06416417934373134,0.9075158484983911
X_pca,44,etoposide,RD_SOFT_TISSUE,261,0.07571711321766196,0.8605781599479617
X_pca,44,etoposide,NCIH1792_LUNG,111,0.10732064311186561,0.7837345025560878
X_pca,44,etoposide,PK45H_PANCREAS,271,0.08074795595597732,0.9310435962852956
X_pca,44,etoposide,LS180_LARGE_INTESTINE,361,0.08919658409593374,1.0429958484839865
X_pca,44,etoposide,RERFLCAI_LUNG,763,0.08002256439395974,0.8938736990582428
X_pca,44,etoposide,CAMA1_BREAST,291,0.0776086363774635,0.8743037700243422
X_pca,44,etoposide,SNU449_LIVER,282,0.07205351333157962,0.784227857775722
X_pca,44,etoposide,A204_SOFT_TISSUE,250,0.08861259274260262,0.8158819508552552
X_pca,44,etoposide,MKN45_STOMACH,118,0.059940357130093935,0.9595184694912474
X_pca,44,etoposide,HEP3B217_LIVER,118,0.05063656119296787,0.7845806979526908
X_pca,44,etoposide,HOS_BONE,829,0.09130371621841071,0.7898955705010561
X_pca,44,etoposide,EBC1_LUNG,186,0.07454186022823611,0.8282090223604633
X_pca,44,etoposide,NCIH292_LUNG,213,0.077147908831906,0.9365461625403642
X_pca,44,etoposide,OUMS23_LARGE_INTESTINE,107,0.0652258591054698,0.9064552204631199
X_pca,44,etoposide,HEC151_ENDOMETRIUM,250,0.08931741764945618,0.9957921109199523
X_pca,44,etoposide,NCIH1373_LUNG,164,0.08268982979247674,0.8744059513981749
X_pca,44,etoposide,TE9_OESOPHAGUS,248,0.0669997229116734,0.9454464472589954
X_pca,44,etoposide,HCC56_LARGE_INTESTINE,99,0.07157830916813818,1.0532947754619097
X_pca,44,etoposide,HT55_LARGE_INTESTINE,211,0.043520316814128594,1.0138071939278552
X_pca,44,etoposide,RT4_URINARY_TRACT,106,0.06822888801401336,0.8466443295748729
X_pca,44,etoposide,SKES1_BONE,91,0.06357481555819212,0.8877960057049007
X_pca,44,etoposide,NCIH1435_LUNG,267,0.07770002491559441,0.9128553222181198
X_pca,44,etoposide,8305C_THYROID,459,0.08282462767617478,0.8969471337748509
X_pca,44,etoposide,NCIH2228_LUNG,367,0.0923342004654809,0.8955154209435798
X_pca,44,etoposide,TE10_OESOPHAGUS,219,0.0865941767481224,0.9229996305078132
X_pca,44,etoposide,ASPC1_PANCREAS,290,0.07117703769548765,0.9295675750436454
X_pca,44,etoposide,HCC366_LUNG,202,0.07181239939480659,0.936376692044853
X_pca,44,etoposide,BICR16_UPPER_AERODIGESTIVE_TRACT,212,0.06791378536086774,0.9261237998616021
X_pca,44,etoposide,HEC6_ENDOMETRIUM,161,0.06426666703850897,0.8702325546963615
X_pca,44,etoposide,KALS1_CENTRAL_NERVOUS_SYSTEM,288,0.05988458775947973,0.9075187324649758
X_pca,44,etoposide,NCIH2444_LUNG,237,0.06905576179397387,0.9363707985556076
X_pca,44,etoposide,SNU46_UPPER_AERODIGESTIVE_TRACT,236,0.0968161816713982,0.7944575005163581
X_pca,44,etoposide,OAW28_OVARY,161,0.05056467699256642,0.9759435042831468
X_pca,44,etoposide,SNU1214_UPPER_AERODIGESTIVE_TRACT,188,0.05019382287909578,0.932363860467647
X_pca,44,etoposide,SKMEL5_SKIN,297,0.10956492659619282,0.9807288941710887
X_pca,44,etoposide,OVCAR4_OVARY,283,0.0495685793235901,0.978988777201083
X_pca,44,etoposide,UACC257_SKIN,239,0.0834355937968076,0.8907925491552473
X_pca,44,etoposide,ONCODG1_OVARY,270,0.05164191044547022,0.9196336922822175
X_pca,44,etoposide,HUH28_BILIARY_TRACT,139,0.05712620996696412,0.8728318930529863
X_pca,44,etoposide,IM95_STOMACH,185,0.05305852667171596,0.9185647339434238
X_pca,44,etoposide,TE14_OESOPHAGUS,474,0.058209052228204765,0.8510711880927347
X_pca,44,etoposide,CAKI2_KIDNEY,278,0.08024893421386595,0.8620873308010238
X_pca,44,etoposide,SU8686_PANCREAS,82,0.04537418985565438,0.8882003317518932
X_pca,44,etoposide,SCC25_UPPER_AERODIGESTIVE_TRACT,898,0.06101080443902443,0.8941824260294304
X_pca,44,etoposide,SCC9_UPPER_AERODIGESTIVE_TRACT,475,0.0705959949262243,0.8554482158861663
X_pca,44,paclitaxel,NCIH2126_LUNG,264,0.1216813937591843,0.5385246104137464
X_pca,44,paclitaxel,SW579_THYROID,217,0.13956190497026444,0.7377456248081224
X_pca,44,paclitaxel,NCIH446_LUNG,196,0.16203883955078083,0.5699653176932918
X_pca,44,paclitaxel,HEC251_ENDOMETRIUM,107,0.14110251031924473,0.5851467162649208
X_pca,44,paclitaxel,MFE319_ENDOMETRIUM,191,0.13009769473809155,0.5406514237688475
X_pca,44,paclitaxel,SKNAS_AUTONOMIC_GANGLIA,226,0.16676582137175297,0.4956181235281767
X_pca,44,paclitaxel,NCIH2452_PLEURA,538,0.16352083238774245,0.8083545079794072
X_pca,44,paclitaxel,COLO741_SKIN,329,0.1927444115126027,0.6696415864225579
X_pca,44,paclitaxel,KNS42_CENTRAL_NERVOUS_SYSTEM,172,0.15045067179837307,0.5644264954120614
X_pca,44,paclitaxel,MCF7_BREAST,143,0.08980178020304647,0.8614949646529618
X_pca,44,paclitaxel,HT1197_URINARY_TRACT,74,0.11776290312370834,0.7376956081873661
X_pca,44,paclitaxel,SNU899_UPPER_AERODIGESTIVE_TRACT,83,0.09729416536448046,0.3467450418386115
X_pca,44,paclitaxel,HCC38_BREAST,200,0.13425434956833598,0.42453739181160927
X_pca,44,paclitaxel,SNU308_BILIARY_TRACT,94,0.13700731765885188,0.46641492780218735
X_pca,44,paclitaxel,SW1271_LUNG,115,0.13438062948816826,0.6252461552619935
X_pca,44,paclitaxel,TM31_CENTRAL_NERVOUS_SYSTEM,116,0.14278723122646683,0.5008521177645388
X_pca,44,paclitaxel,NCIH747_LARGE_INTESTINE,80,0.1169708600188223,0.6955883719027043
X_pca,44,paclitaxel,KPNSI9S_AUTONOMIC_GANGLIA,129,0.13286149139547782,0.3898612376331359
X_pca,44,paclitaxel,SQ1_LUNG,238,0.11943041296938119,0.578060490368795
X_pca,44,paclitaxel,IALM_LUNG,322,0.17477974059930246,0.5951687280805955
X_pca,44,paclitaxel,BT474_BREAST,125,0.1213077144545208,0.8339162225723267
X_pca,44,paclitaxel,DKMG_CENTRAL_NERVOUS_SYSTEM,271,0.10757540761121863,0.4795137672406721
X_pca,44,paclitaxel,BT549_BREAST,266,0.13048833393585904,0.5730263972865012
X_pca,44,paclitaxel,BICR6_UPPER_AERODIGESTIVE_TRACT,286,0.11924085991594296,0.5847577059810812
X_pca,44,paclitaxel,SH10TC_STOMACH,351,0.1279494497514194,0.9197602852796897
X_pca,44,paclitaxel,UMUC1_URINARY_TRACT,197,0.09183656379463653,0.5603117189431553
X_pca,44,paclitaxel,LS1034_LARGE_INTESTINE,146,0.1067814890272352,0.8432531320068934
X_pca,44,paclitaxel,CCFSTTG1_CENTRAL_NERVOUS_SYSTEM,246,0.11533418016824551,0.5065382493705284
X_pca,44,paclitaxel,NCIH226_LUNG,235,0.15476991329337111,0.7196667704176396
X_pca,44,paclitaxel,LNCAPCLONEFGC_PROSTATE,129,0.09756001479204014,0.7630616419537123
X_pca,44,paclitaxel,RCC10RGB_KIDNEY,233,0.12731454402440973,0.8298951181475185
X_pca,44,paclitaxel,RERFLCAD1_LUNG,243,0.12600364340253248,0.6801040102670222
X_pca,44,paclitaxel,SKMEL2_SKIN,276,0.16668510670083728,0.5015455447677253
X_pca,44,paclitaxel,BICR31_UPPER_AERODIGESTIVE_TRACT,248,0.15291797878145405,0.44311979352947206
X_pca,44,paclitaxel,RCM1_LARGE_INTESTINE,128,0.10032074711783037,0.6421329425647855
X_pca,44,paclitaxel,COV434_OVARY,88,0.12742535745785757,0.3593135438859463
X_pca,44,paclitaxel,SNU1079_BILIARY_TRACT,73,0.13334073595202448,0.6541848121440574
X_pca,44,paclitaxel,YD38_UPPER_AERODIGESTIVE_TRACT,624,0.13712936796062922,0.35062287193842423
X_pca,44,paclitaxel,NCIH1299_LUNG,534,0.16516606408433637,0.3933671529261807
X_pca,44,paclitaxel,IGR37_SKIN,347,0.14374456689706222,0.7861875812670683
X_pca,44,paclitaxel,BFTC909_KIDNEY,379,0.1630234870656743,0.6058088132919925
X_pca,44,paclitaxel,NCIH460_LUNG,837,0.17628678041033938,0.3035814981805239
X_pca,44,paclitaxel,IGR1_SKIN,725,0.15257719753946739,0.6008209473511268
X_pca,44,paclitaxel,VMCUB1_URINARY_TRACT,478,0.13248969906513094,0.28245850206668405
X_pca,44,paclitaxel,JHOC5_OVARY,145,0.19130765213899176,0.5977661416448395
X_pca,44,paclitaxel,42MGBA_CENTRAL_NERVOUS_SYSTEM,518,0.159996381322704,0.31116505323920013
X_pca,44,paclitaxel,HT1080_SOFT_TISSUE,516,0.1759778150043224,0.4753392905920975
X_pca,44,paclitaxel,LI7_LIVER,196,0.1532709209615258,0.5919334331945497
X_pca,44,paclitaxel,A375_SKIN,593,0.20301528059403381,0.45951752266634577
X_pca,44,paclitaxel,FTC133_THYROID,140,0.17698893814938318,0.6960916378668376
X_pca,44,paclitaxel,OVK18_OVARY,178,0.12941541308858975,0.3755091043670526
X_pca,44,paclitaxel,ACCMESO1_PLEURA,162,0.14390538561700975,0.712926048003597
X_pca,44,paclitaxel,HMC18_BREAST,293,0.12509576638470568,0.4575408766294095
X_pca,44,paclitaxel,TOV112D_OVARY,78,0.15765881280590807,0.4469284090476158
X_pca,44,paclitaxel,JHH6_LIVER,206,0.17429525497448914,0.40478990740567733
X_pca,44,paclitaxel,A2058_SKIN,294,0.16160126441035205,0.6883624714045298
X_pca,44,paclitaxel,NCIH2110_LUNG,1990,0.09643999729265071,0.4890788016007773
X_pca,44,paclitaxel,NCIH650_LUNG,271,0.10476659648491965,0.6059804137562473
X_pca,44,paclitaxel,EFE184_ENDOMETRIUM,86,0.12734509856809192,0.7297354305899421
X_pca,44,paclitaxel,HUPT3_PANCREAS,136,0.129021292158287,0.5663341853548499
X_pca,44,paclitaxel,MDAMB361_BREAST,135,0.08352830882348344,0.5762330507790601
X_pca,44,paclitaxel,BCPAP_THYROID,152,0.14404057858070116,0.6450810048140978
X_pca,44,paclitaxel,PECAPJ49_UPPER_AERODIGESTIVE_TRACT,202,0.11607144969584296,0.4355727192198876
X_pca,44,paclitaxel,EKVX_LUNG,146,0.1360803514575031,0.5367897887752481
X_pca,44,paclitaxel,BICR56_UPPER_AERODIGESTIVE_TRACT,81,0.14536411430108148,0.28398175887119625
X_pca,44,paclitaxel,NCIH2170_LUNG,142,0.12614110837796977,0.5093398853926592
X_pca,44,paclitaxel,DETROIT562_UPPER_AERODIGESTIVE_TRACT,163,0.12737075566388031,0.4563682238382796
X_pca,44,paclitaxel,SW1088_CENTRAL_NERVOUS_SYSTEM,128,0.1483794090993961,0.5239340276457369
X_pca,44,paclitaxel,BHY_UPPER_AERODIGESTIVE_TRACT,145,0.1312124932877915,0.33508716842223857
X_pca,44,paclitaxel,CAS1_CENTRAL_NERVOUS_SYSTEM,133,0.11895666789553323,0.4626729701246534
X_pca,44,paclitaxel,HCC1428_BREAST,127,0.10820653532373849,0.7355878761434179
X_pca,44,paclitaxel,HDQP1_BREAST,64,0.14296836833708743,0.5426083607599139
X_pca,44,paclitaxel,OSRC2_KIDNEY,126,0.12272017585119446,0.9367409793157426
X_pca,44,paclitaxel,HUPT4_PANCREAS,56,0.13139712698448625,0.5429512272988047
X_pca,44,paclitaxel,TCCSUP_URINARY_TRACT,316,0.14714512596225685,0.6235365555444851
X_pca,44,paclitaxel,VMRCRCZ_KIDNEY,300,0.11421110807148703,0.8522663522760073
X_pca,44,paclitaxel,PK59_PANCREAS,174,0.11893335664103744,0.7568786060330511
X_pca,44,paclitaxel,HUH6_LIVER,338,0.10406025454342133,0.8774536324323282
X_pca,44,paclitaxel,MSTO211H_PLEURA,297,0.12043534009932516,0.4031118463586878
X_pca,44,paclitaxel,HS852T_SKIN,162,0.15249984100780567,0.6136247158786396
X_pca,44,paclitaxel,SKMEL30_SKIN,353,0.1579937152027626,0.600842888142502
X_pca,44,paclitaxel,T47D_BREAST,221,0.10534683330666313,0.6683653361117678
X_pca,44,paclitaxel,CALU6_LUNG,258,0.17615805216335306,0.7563648270082104
X_pca,44,paclitaxel,NCIH522_LUNG,208,0.10360054040989353,0.457154024965488
X_pca,44,paclitaxel,LMSU_STOMACH,255,0.11585476585095139,0.28260564920949
X_pca,44,paclitaxel,SNUC4_LARGE_INTESTINE,467,0.1380933267247107,0.5323473603745854
X_pca,44,paclitaxel,RVH421_SKIN,239,0.1710591084479418,0.8623138666152954
X_pca,44,paclitaxel,OVSAHO_OVARY,227,0.08994630417414431,0.7800875828654755
X_pca,44,paclitaxel,GOS3_CENTRAL_NERVOUS_SYSTEM,191,0.12076586431989983,0.6435790008899429
X_pca,44,paclitaxel,SNU738_CENTRAL_NERVOUS_SYSTEM,379,0.12414882915649492,0.787929008771373
X_pca,44,paclitaxel,PC3_PROSTATE,169,0.1495447318392735,0.5797116179790722
X_pca,44,paclitaxel,PATU8988S_PANCREAS,244,0.12242028598263091,0.8515613291595803
X_pca,44,paclitaxel,OVTOKO_OVARY,209,0.08713418594002333,0.7473191193986738
X_pca,44,paclitaxel,TE1_OESOPHAGUS,206,0.15123001964584876,0.6128935170115777
X_pca,44,paclitaxel,NCIH2087_LUNG,219,0.15548687636766043,0.5447294403156734
X_pca,44,paclitaxel,EFM192A_BREAST,333,0.14082259998925897,0.7364652739451812
X_pca,44,paclitaxel,SNU423_LIVER,212,0.13481704471965525,0.7961600233080253
X_pca,44,paclitaxel,KPL1_BREAST,276,0.11079471442209292,0.806307929041593
X_pca,44,paclitaxel,NCIH358_LUNG,336,0.14156525018616864,0.6236070777688708
X_pca,44,paclitaxel,COLO792_SKIN,271,0.13325878548154999,0.7985806947924554
X_pca,44,paclitaxel,KYSE520_OESOPHAGUS,323,0.11226167117965616,0.550594639113813
X_pca,44,paclitaxel,KMRC3_KIDNEY,245,0.1214613776310984,0.8341567398334037
X_pca,44,paclitaxel,MKN7_STOMACH,258,0.15385087108744144,0.7674876461888469
X_pca,44,paclitaxel,NCIH1944_LUNG,414,0.14913078212679354,0.5378425255201865
X_pca,44,paclitaxel,TE6_OESOPHAGUS,551,0.14968216789957992,0.4742537457800171
X_pca,44,paclitaxel,ZR751_BREAST,309,0.10500312516203983,0.5276724141585403
X_pca,44,paclitaxel,PANC0203_PANCREAS,506,0.13655368044112703,0.5650104278396711
X_pca,44,paclitaxel,SW1990_PANCREAS,307,0.12435628484071379,0.7030936773708667
X_pca,44,paclitaxel,RD_SOFT_TISSUE,261,0.13438434245711267,0.5359684368202969
X_pca,44,paclitaxel,NCIH1792_LUNG,111,0.16423367794189375,0.4774500861898199
X_pca,44,paclitaxel,PK45H_PANCREAS,271,0.1424974169312672,0.8228708345071856
X_pca,44,paclitaxel,LS180_LARGE_INTESTINE,361,0.14508805415193202,0.4450332133558648
X_pca,44,paclitaxel,RERFLCAI_LUNG,763,0.12075161499505262,0.6652477457435853
X_pca,44,paclitaxel,CAMA1_BREAST,291,0.12081538334927276,0.8479593866264697
X_pca,44,paclitaxel,SNU449_LIVER,282,0.13708848124230585,0.5823320963069902
X_pca,44,paclitaxel,A204_SOFT_TISSUE,250,0.13990859560335114,0.4529163469076157
X_pca,44,paclitaxel,MKN45_STOMACH,118,0.11745832211487382,0.6754887366698961
X_pca,44,paclitaxel,HEP3B217_LIVER,118,0.0946217371077237,0.565161775734465
X_pca,44,paclitaxel,HOS_BONE,829,0.1697334401867938,0.5163495908384588
X_pca,44,paclitaxel,EBC1_LUNG,186,0.13385721683074434,0.5162493290119273
X_pca,44,paclitaxel,NCIH292_LUNG,213,0.15077219547442472,0.4289911982598999
X_pca,44,paclitaxel,OUMS23_LARGE_INTESTINE,107,0.12865791022412798,0.9309269217687233
X_pca,44,paclitaxel,HEC151_ENDOMETRIUM,250,0.17982209594355783,0.7667084449529648
X_pca,44,paclitaxel,NCIH1373_LUNG,164,0.15902109316544827,0.6661663673272947
X_pca,44,paclitaxel,TE9_OESOPHAGUS,248,0.13798893409411264,0.4213973862990256
X_pca,44,paclitaxel,HCC56_LARGE_INTESTINE,99,0.090320964264113,0.678632484541999
X_pca,44,paclitaxel,HT55_LARGE_INTESTINE,211,0.07089902729415343,0.7595613481591663
X_pca,44,paclitaxel,RT4_URINARY_TRACT,106,0.10755730381488558,0.4770810533806963
X_pca,44,paclitaxel,SKES1_BONE,91,0.1263171021074839,0.5201741352186098
X_pca,44,paclitaxel,NCIH1435_LUNG,267,0.12790293458324659,0.5729382708947757
X_pca,44,paclitaxel,8305C_THYROID,459,0.15935937566647798,0.536841853576548
X_pca,44,paclitaxel,NCIH2228_LUNG,367,0.14402323321826493,0.7695265507340756
X_pca,44,paclitaxel,TE10_OESOPHAGUS,219,0.1567227200489026,0.6499720556006584
X_pca,44,paclitaxel,ASPC1_PANCREAS,290,0.12493759934080521,0.7283624779561471
X_pca,44,paclitaxel,HCC366_LUNG,202,0.15434533419599036,0.7567587306003759
X_pca,44,paclitaxel,BICR16_UPPER_AERODIGESTIVE_TRACT,212,0.13621232924777915,0.47874960162729585
X_pca,44,paclitaxel,HEC6_ENDOMETRIUM,161,0.11495552426119483,0.5057297352678287
X_pca,44,paclitaxel,KALS1_CENTRAL_NERVOUS_SYSTEM,288,0.13213124247087257,0.4348256099555228
X_pca,44,paclitaxel,NCIH2444_LUNG,237,0.11854581597731081,0.6032708830471281
X_pca,44,paclitaxel,SNU46_UPPER_AERODIGESTIVE_TRACT,236,0.17254942177266766,0.593519739301528
X_pca,44,paclitaxel,OAW28_OVARY,161,0.11400145882063321,0.7279294588551017
X_pca,44,paclitaxel,SNU1214_UPPER_AERODIGESTIVE_TRACT,188,0.10372949256693503,0.3905922004834135
X_pca,44,paclitaxel,SKMEL5_SKIN,297,0.15672128335875882,0.7979786071913813
X_pca,44,paclitaxel,OVCAR4_OVARY,283,0.090194511290866,0.7264148260173865
X_pca,44,paclitaxel,UACC257_SKIN,239,0.136355317529678,0.4390421241646531
X_pca,44,paclitaxel,ONCODG1_OVARY,270,0.10465094229468787,0.805697994099723
X_pca,44,paclitaxel,HUH28_BILIARY_TRACT,139,0.10482028072378306,0.3895537716021641
X_pca,44,paclitaxel,IM95_STOMACH,185,0.08402149956466175,0.6505938351154328
X_pca,44,paclitaxel,TE14_OESOPHAGUS,474,0.11469550491044872,0.300593513036579
X_pca,44,paclitaxel,CAKI2_KIDNEY,278,0.1252336694411591,0.9204522510655493
X_pca,44,paclitaxel,SU8686_PANCREAS,82,0.09703113228191758,0.74893563913136
X_pca,44,paclitaxel,SCC25_UPPER_AERODIGESTIVE_TRACT,898,0.09992930577841884,0.3918043734767124
X_pca,44,paclitaxel,SCC9_UPPER_AERODIGESTIVE_TRACT,475,0.11278713949523922,0.34043193942622135
X_pca,44,gemcitabine,NCIH2126_LUNG,264,0.1389102725158548,0.5169047704248717
X_pca,44,gemcitabine,SW579_THYROID,217,0.1430794045927637,0.6548883276326316
X_pca,44,gemcitabine,NCIH446_LUNG,196,0.16630622461248304,0.6390424922716861
X_pca,44,gemcitabine,HEC251_ENDOMETRIUM,107,0.1659068625872894,0.749525353730282
X_pca,44,gemcitabine,MFE319_ENDOMETRIUM,191,0.1370057886725822,0.7339013262568969
X_pca,44,gemcitabine,SKNAS_AUTONOMIC_GANGLIA,226,0.15123364201211853,0.6039781648237094
X_pca,44,gemcitabine,NCIH2452_PLEURA,538,0.16079320838558922,0.7696736904768252
X_pca,44,gemcitabine,COLO741_SKIN,329,0.19493554455216014,0.866892487263607
X_pca,44,gemcitabine,KNS42_CENTRAL_NERVOUS_SYSTEM,172,0.12818662401139616,0.6274582270619481
X_pca,44,gemcitabine,MCF7_BREAST,143,0.08016101361876705,0.8851243753533263
X_pca,44,gemcitabine,HT1197_URINARY_TRACT,74,0.10258275921203329,0.9061075376497733
X_pca,44,gemcitabine,SNU899_UPPER_AERODIGESTIVE_TRACT,83,0.1036833506696012,0.7647954584604286
X_pca,44,gemcitabine,HCC38_BREAST,200,0.11918379594753167,0.7961934661865234
X_pca,44,gemcitabine,SNU308_BILIARY_TRACT,94,0.13449176157202944,0.7610002328106698
X_pca,44,gemcitabine,SW1271_LUNG,115,0.1348223117879162,0.6449559442375017
X_pca,44,gemcitabine,TM31_CENTRAL_NERVOUS_SYSTEM,116,0.13070444256094074,0.7318755141619978
X_pca,44,gemcitabine,NCIH747_LARGE_INTESTINE,80,0.10828958072576628,0.7565333105623722
X_pca,44,gemcitabine,KPNSI9S_AUTONOMIC_GANGLIA,129,0.13565794292477712,0.6719517735547798
X_pca,44,gemcitabine,SQ1_LUNG,238,0.1314256721375016,0.7498851975723475
X_pca,44,gemcitabine,IALM_LUNG,322,0.16928382760667307,0.6444727057440681
X_pca,44,gemcitabine,BT474_BREAST,125,0.13322346844369534,0.8286024100780487
X_pca,44,gemcitabine,DKMG_CENTRAL_NERVOUS_SYSTEM,271,0.12074665598137528,0.594090735450442
X_pca,44,gemcitabine,BT549_BREAST,266,0.15138348590853468,0.6839584964782672
X_pca,44,gemcitabine,BICR6_UPPER_AERODIGESTIVE_TRACT,286,0.10298827953206721,0.7195711638127174
X_pca,44,gemcitabine,SH10TC_STOMACH,351,0.1247505786178561,0.9442903728906246
X_pca,44,gemcitabine,UMUC1_URINARY_TRACT,197,0.09853043993795906,0.6836075109576211
X_pca,44,gemcitabine,LS1034_LARGE_INTESTINE,146,0.11390726460728215,0.6946168613352187
X_pca,44,gemcitabine,CCFSTTG1_CENTRAL_NERVOUS_SYSTEM,246,0.11441837403592171,0.4941201854527481
X_pca,44,gemcitabine,NCIH226_LUNG,235,0.14245427993641102,0.8366121842506083
X_pca,44,gemcitabine,LNCAPCLONEFGC_PROSTATE,129,0.11894187446699254,0.9390481618023658
X_pca,44,gemcitabine,RCC10RGB_KIDNEY,233,0.11432146718742067,0.6405644453902102
X_pca,44,gemcitabine,RERFLCAD1_LUNG,243,0.11556819671481543,0.6776638227235142
X_pca,44,gemcitabine,SKMEL2_SKIN,276,0.16002064193835727,0.707506709124731
X_pca,44,gemcitabine,BICR31_UPPER_AERODIGESTIVE_TRACT,248,0.1363021376433698,0.590622836423497
X_pca,44,gemcitabine,RCM1_LARGE_INTESTINE,128,0.13876211778404376,0.6795044944155961
X_pca,44,gemcitabine,COV434_OVARY,88,0.1385710785532046,0.6798275258730758
X_pca,44,gemcitabine,SNU1079_BILIARY_TRACT,73,0.15691766227814608,0.6802142793185091
X_pca,44,gemcitabine,YD38_UPPER_AERODIGESTIVE_TRACT,624,0.14064033111899427,0.6961844744017491
X_pca,44,gemcitabine,NCIH1299_LUNG,534,0.17788864999234874,0.6963277294506295
X_pca,44,gemcitabine,IGR37_SKIN,347,0.15420852224902834,0.8122195009711153
X_pca,44,gemcitabine,BFTC909_KIDNEY,379,0.18443084886986055,0.8317917513029557
X_pca,44,gemcitabine,NCIH460_LUNG,837,0.14892128360286513,0.4062297116328596
X_pca,44,gemcitabine,IGR1_SKIN,725,0.17797296208316837,0.5016589591831997
X_pca,44,gemcitabine,VMCUB1_URINARY_TRACT,478,0.1617907258149599,0.7294596243478264
X_pca,44,gemcitabine,JHOC5_OVARY,145,0.1332907911785003,0.52584646919678
X_pca,44,gemcitabine,42MGBA_CENTRAL_NERVOUS_SYSTEM,518,0.17811219591942506,0.4778207995026268
X_pca,44,gemcitabine,HT1080_SOFT_TISSUE,516,0.14901876344035603,0.568527114194955
X_pca,44,gemcitabine,LI7_LIVER,196,0.17445046283429144,0.684779129466232
X_pca,44,gemcitabine,A375_SKIN,593,0.23540202138612337,1.0084449113621479
X_pca,44,gemcitabine,FTC133_THYROID,140,0.19648532185021195,0.8422151050397328
X_pca,44,gemcitabine,OVK18_OVARY,178,0.11713514341142035,0.5760999012194322
X_pca,44,gemcitabine,ACCMESO1_PLEURA,162,0.17772608312683796,0.8487405449519922
X_pca,44,gemcitabine,HMC18_BREAST,293,0.16376111664783988,0.5973539937274854
X_pca,44,gemcitabine,TOV112D_OVARY,78,0.15233527202564562,0.7092701296011606
X_pca,44,gemcitabine,JHH6_LIVER,206,0.1671389359304488,0.5550812604357895
X_pca,44,gemcitabine,A2058_SKIN,294,0.16532439206516625,0.6575965266041204
X_pca,44,gemcitabine,NCIH2110_LUNG,1990,0.12317589083919724,0.5609551133522436
X_pca,44,gemcitabine,NCIH650_LUNG,271,0.10948767697269587,0.7810291471956401
X_pca,44,gemcitabine,EFE184_ENDOMETRIUM,86,0.13331122251267888,0.6750562492498132
X_pca,44,gemcitabine,HUPT3_PANCREAS,136,0.121418399857063,0.7433964759111404
X_pca,44,gemcitabine,MDAMB361_BREAST,135,0.08838828259625929,0.9212039894527859
X_pca,44,gemcitabine,BCPAP_THYROID,152,0.18325067062656514,0.8676650761381576
X_pca,44,gemcitabine,PECAPJ49_UPPER_AERODIGESTIVE_TRACT,202,0.11310586667872902,0.7124591574515446
X_pca,44,gemcitabine,EKVX_LUNG,146,0.14100662888882073,0.5641115068981092
X_pca,44,gemcitabine,BICR56_UPPER_AERODIGESTIVE_TRACT,81,0.12881972701837244,0.47840431369381187
X_pca,44,gemcitabine,NCIH2170_LUNG,142,0.13727983981371528,0.4436324093963059
X_pca,44,gemcitabine,DETROIT562_UPPER_AERODIGESTIVE_TRACT,163,0.10649637820402406,0.4846929512872286
X_pca,44,gemcitabine,SW1088_CENTRAL_NERVOUS_SYSTEM,128,0.17075492220561536,0.6180065318476409
X_pca,44,gemcitabine,BHY_UPPER_AERODIGESTIVE_TRACT,145,0.11957415645868007,0.63509726586013
X_pca,44,gemcitabine,CAS1_CENTRAL_NERVOUS_SYSTEM,133,0.11226211029608749,0.5411953684082604
X_pca,44,gemcitabine,HCC1428_BREAST,127,0.09217847087018384,0.853345322327351
X_pca,44,gemcitabine,HDQP1_BREAST,64,0.1484602189187485,0.7152953753247857
X_pca,44,gemcitabine,OSRC2_KIDNEY,126,0.11631252594653113,0.7038113519785896
X_pca,44,gemcitabine,HUPT4_PANCREAS,56,0.1366707639556252,0.6976902144295829
X_pca,44,gemcitabine,TCCSUP_URINARY_TRACT,316,0.13978459656745673,0.717266207443008
X_pca,44,gemcitabine,VMRCRCZ_KIDNEY,300,0.1452443711797464,0.7179409287373225
X_pca,44,gemcitabine,PK59_PANCREAS,174,0.13116360548344327,0.8510387521023037
X_pca,44,gemcitabine,HUH6_LIVER,338,0.11621778808616387,0.8420499457410101
X_pca,44,gemcitabine,MSTO211H_PLEURA,297,0.1281850959364195,0.584765597826704
X_pca,44,gemcitabine,HS852T_SKIN,162,0.18331188706122684,1.0869115190005596
X_pca,44,gemcitabine,SKMEL30_SKIN,353,0.16233404977296867,0.770483608286374
X_pca,44,gemcitabine,T47D_BREAST,221,0.10576457896268843,0.8882796796738293
X_pca,44,gemcitabine,CALU6_LUNG,258,0.18825442623289856,0.6736749406008757
X_pca,44,gemcitabine,NCIH522_LUNG,208,0.11581255535469959,0.6382190288545994
X_pca,44,gemcitabine,LMSU_STOMACH,255,0.1241244932816549,0.4847232483181299
X_pca,44,gemcitabine,SNUC4_LARGE_INTESTINE,467,0.12191199286909533,0.5388952905284261
X_pca,44,gemcitabine,RVH421_SKIN,239,0.18281198111219576,0.9026902000026225
X_pca,44,gemcitabine,OVSAHO_OVARY,227,0.11617445465759421,0.8155005713391409
X_pca,44,gemcitabine,GOS3_CENTRAL_NERVOUS_SYSTEM,191,0.13705549254103108,0.7618588731863112
X_pca,44,gemcitabine,SNU738_CENTRAL_NERVOUS_SYSTEM,379,0.11854547771573586,0.9906960625132659
X_pca,44,gemcitabine,PC3_PROSTATE,169,0.15243416861458972,0.8599560057975837
X_pca,44,gemcitabine,PATU8988S_PANCREAS,244,0.12619868919609528,0.8194567033501922
X_pca,44,gemcitabine,OVTOKO_OVARY,209,0.11586195710138826,0.6864498243377539
X_pca,44,gemcitabine,TE1_OESOPHAGUS,206,0.14781191535942384,0.7039263795301752
X_pca,44,gemcitabine,NCIH2087_LUNG,219,0.1310677350322306,0.6191285041641427
X_pca,44,gemcitabine,EFM192A_BREAST,333,0.11054685011317869,0.8563989669353038
X_pca,44,gemcitabine,SNU423_LIVER,212,0.12969311257902422,0.742481806649352
X_pca,44,gemcitabine,KPL1_BREAST,276,0.11507320257416134,0.9248133594359177
X_pca,44,gemcitabine,NCIH358_LUNG,336,0.1246020353442028,0.5990087485739163
X_pca,44,gemcitabine,COLO792_SKIN,271,0.1596540603328263,0.8625745611657076
X_pca,44,gemcitabine,KYSE520_OESOPHAGUS,323,0.12444082223872642,0.6831547628984362
X_pca,44,gemcitabine,KMRC3_KIDNEY,245,0.10157871122385982,0.7870709607795793
X_pca,44,gemcitabine,MKN7_STOMACH,258,0.12150682329383243,0.8650508851043938
X_pca,44,gemcitabine,NCIH1944_LUNG,414,0.19571156318332916,0.7413836444777567
X_pca,44,gemcitabine,TE6_OESOPHAGUS,551,0.15424151966841035,0.6859159837400848
X_pca,44,gemcitabine,ZR751_BREAST,309,0.11214785838586572,0.7337199172734442
X_pca,44,gemcitabine,PANC0203_PANCREAS,506,0.12253597947505532,0.5341905481494934
X_pca,44,gemcitabine,SW1990_PANCREAS,307,0.12795928029485726,0.8553729871779389
X_pca,44,gemcitabine,RD_SOFT_TISSUE,261,0.12975672540683952,0.7459945349857725
X_pca,44,gemcitabine,NCIH1792_LUNG,111,0.19356704171932712,0.5339142148559158
X_pca,44,gemcitabine,PK45H_PANCREAS,271,0.1571934048634647,0.8414691278635356
X_pca,44,gemcitabine,LS180_LARGE_INTESTINE,361,0.16185786819584946,0.825083444240681
X_pca,44,gemcitabine,RERFLCAI_LUNG,763,0.11850278683296099,0.725469468188317
X_pca,44,gemcitabine,CAMA1_BREAST,291,0.12200588181000005,0.9837774861719191
X_pca,44,gemcitabine,SNU449_LIVER,282,0.1248178342994833,0.5611921573150243
X_pca,44,gemcitabine,A204_SOFT_TISSUE,250,0.1493594899518249,0.5396508429050445
X_pca,44,gemcitabine,MKN45_STOMACH,118,0.10925611242076855,0.6402182776038929
X_pca,44,gemcitabine,HEP3B217_LIVER,118,0.10739616393457056,0.5098256668296911
X_pca,44,gemcitabine,HOS_BONE,829,0.15701973370328462,0.46137270834678906
X_pca,44,gemcitabine,EBC1_LUNG,186,0.14242105334620686,0.5500134365853443
X_pca,44,gemcitabine,NCIH292_LUNG,213,0.12080981145567939,0.5235156913598379
X_pca,44,gemcitabine,OUMS23_LARGE_INTESTINE,107,0.1010599490333838,0.8333623994176633
X_pca,44,gemcitabine,HEC151_ENDOMETRIUM,250,0.16922302891267146,0.7623005155324936
X_pca,44,gemcitabine,NCIH1373_LUNG,164,0.15488109012076234,0.7117589203322806
X_pca,44,gemcitabine,TE9_OESOPHAGUS,248,0.13272061866663137,0.6539373437483464
X_pca,44,gemcitabine,HCC56_LARGE_INTESTINE,99,0.12561611403883857,0.7560588148507205
X_pca,44,gemcitabine,HT55_LARGE_INTESTINE,211,0.08016487310227342,0.7629701483871134
X_pca,44,gemcitabine,RT4_URINARY_TRACT,106,0.10242241271190014,0.5495431971437527
X_pca,44,gemcitabine,SKES1_BONE,91,0.12099497028262647,0.7171075645383898
X_pca,44,gemcitabine,NCIH1435_LUNG,267,0.1514346989933036,0.7931764996453617
X_pca,44,gemcitabine,8305C_THYROID,459,0.1561313423418198,0.7046436665494458
X_pca,44,gemcitabine,NCIH2228_LUNG,367,0.13568139048393582,0.724833657452456
X_pca,44,gemcitabine,TE10_OESOPHAGUS,219,0.14504097370576183,0.8901985181521063
X_pca,44,gemcitabine,ASPC1_PANCREAS,290,0.12435785202030146,0.659177075377826
X_pca,44,gemcitabine,HCC366_LUNG,202,0.12101955272504027,0.7830509024091287
X_pca,44,gemcitabine,BICR16_UPPER_AERODIGESTIVE_TRACT,212,0.10919897599656522,0.6207314560998161
X_pca,44,gemcitabine,HEC6_ENDOMETRIUM,161,0.10450215453763281,0.6925346153493254
X_pca,44,gemcitabine,KALS1_CENTRAL_NERVOUS_SYSTEM,288,0.12972424870477772,0.7330139451142814
X_pca,44,gemcitabine,NCIH2444_LUNG,237,0.09964870694691978,0.7671972304456848
X_pca,44,gemcitabine,SNU46_UPPER_AERODIGESTIVE_TRACT,236,0.1746829434331332,0.6866984492388822
X_pca,44,gemcitabine,OAW28_OVARY,161,0.10944085480119911,0.7780085857610525
X_pca,44,gemcitabine,SNU1214_UPPER_AERODIGESTIVE_TRACT,188,0.10548010460380972,0.9858867145599203
X_pca,44,gemcitabine,SKMEL5_SKIN,297,0.19245986814493987,0.9538423619687758
X_pca,44,gemcitabine,OVCAR4_OVARY,283,0.09610830775951995,0.7799178422971664
X_pca,44,gemcitabine,UACC257_SKIN,239,0.14857384259343312,0.6438880368256669
X_pca,44,gemcitabine,ONCODG1_OVARY,270,0.09868895338091913,0.8541334817806879
X_pca,44,gemcitabine,HUH28_BILIARY_TRACT,139,0.12068117429576722,0.8221854020794519
X_pca,44,gemcitabine,IM95_STOMACH,185,0.10677498969050801,0.6927888757473714
X_pca,44,gemcitabine,TE14_OESOPHAGUS,474,0.12808726413025162,0.7979258222167502
X_pca,44,gemcitabine,CAKI2_KIDNEY,278,0.12400411194517297,0.6237755825193666
X_pca,44,gemcitabine,SU8686_PANCREAS,82,0.09546641103440223,0.8127288934661121
X_pca,44,gemcitabine,SCC25_UPPER_AERODIGESTIVE_TRACT,898,0.1035172352242862,0.7130219939025845
X_pca,44,gemcitabine,SCC9_UPPER_AERODIGESTIVE_TRACT,475,0.11027395878835648,0.7241354912205746
X_pca,44,imatinib,NCIH2126_LUNG,264,0.07777285774250302,0.933018375526775
X_pca,44,imatinib,SW579_THYROID,217,0.07641936896619629,0.9841994956341756
X_pca,44,imatinib,NCIH446_LUNG,196,0.08449309991185096,1.00886870342858
X_pca,44,imatinib,HEC251_ENDOMETRIUM,107,0.08062238789838182,0.9858954832932659
X_pca,44,imatinib,MFE319_ENDOMETRIUM,191,0.06740347744476893,1.0005345191631017
X_pca,44,imatinib,SKNAS_AUTONOMIC_GANGLIA,226,0.06640691315551997,0.981069160246216
X_pca,44,imatinib,NCIH2452_PLEURA,538,0.07957107155021122,0.9303063680469769
X_pca,44,imatinib,COLO741_SKIN,329,0.08572702158661034,0.9755013807928671
X_pca,44,imatinib,KNS42_CENTRAL_NERVOUS_SYSTEM,172,0.0722775742916299,0.9976697685413582
X_pca,44,imatinib,MCF7_BREAST,143,0.06519908717444442,1.0500459841914944
X_pca,44,imatinib,HT1197_URINARY_TRACT,74,0.06422608577822954,1.1243069719623875
X_pca,44,imatinib,SNU899_UPPER_AERODIGESTIVE_TRACT,83,0.06783385181644834,1.0258049483758858
X_pca,44,imatinib,HCC38_BREAST,200,0.08040207882458243,0.9073851779103279
X_pca,44,imatinib,SNU308_BILIARY_TRACT,94,0.07722059712176833,1.016809606171669
X_pca,44,imatinib,SW1271_LUNG,115,0.08374848445082667,0.8134280800819397
X_pca,44,imatinib,TM31_CENTRAL_NERVOUS_SYSTEM,116,0.07437753826121338,0.9935132064696016
X_pca,44,imatinib,NCIH747_LARGE_INTESTINE,80,0.06253710747546558,0.9870105564594269
X_pca,44,imatinib,KPNSI9S_AUTONOMIC_GANGLIA,129,0.09037501653254144,0.9340952995211579
X_pca,44,imatinib,SQ1_LUNG,238,0.06770550365226195,0.9996236174547372
X_pca,44,imatinib,IALM_LUNG,322,0.09913231755193178,1.0467679087789903
X_pca,44,imatinib,BT474_BREAST,125,0.07174584758674993,0.9596398515701294
X_pca,44,imatinib,DKMG_CENTRAL_NERVOUS_SYSTEM,271,0.07149772601905154,0.8532905215706772
X_pca,44,imatinib,BT549_BREAST,266,0.0849110413066311,0.8795416657637832
X_pca,44,imatinib,BICR6_UPPER_AERODIGESTIVE_TRACT,286,0.06296008599293032,1.0166959003968672
X_pca,44,imatinib,SH10TC_STOMACH,351,0.06868031798162927,1.0868686485154677
X_pca,44,imatinib,UMUC1_URINARY_TRACT,197,0.060560997933883955,1.0305799990136006
X_pca,44,imatinib,LS1034_LARGE_INTESTINE,146,0.07490765941943879,0.985308533661986
X_pca,44,imatinib,CCFSTTG1_CENTRAL_NERVOUS_SYSTEM,246,0.08909333063450355,0.8163123964294186
X_pca,44,imatinib,NCIH226_LUNG,235,0.08192443176484678,0.9084275770694652
X_pca,44,imatinib,LNCAPCLONEFGC_PROSTATE,129,0.05817105683282206,0.985199161278185
X_pca,44,imatinib,RCC10RGB_KIDNEY,233,0.07605981452240526,0.8997849300183963
X_pca,44,imatinib,RERFLCAD1_LUNG,243,0.06832794677279636,1.0005620654227803
X_pca,44,imatinib,SKMEL2_SKIN,276,0.10067033112708493,1.0290755305601202
X_pca,44,imatinib,BICR31_UPPER_AERODIGESTIVE_TRACT,248,0.07050295898727581,0.9005902274962394
X_pca,44,imatinib,RCM1_LARGE_INTESTINE,128,0.05513441485389615,0.8468995462171733
X_pca,44,imatinib,COV434_OVARY,88,0.07164656059112444,1.0304160883480853
X_pca,44,imatinib,SNU1079_BILIARY_TRACT,73,0.08853321760031364,0.9967461840747154
X_pca,44,imatinib,YD38_UPPER_AERODIGESTIVE_TRACT,624,0.07353352068336563,1.0352865430789115
X_pca,44,imatinib,NCIH1299_LUNG,534,0.08243115571357132,0.9525023132897494
X_pca,44,imatinib,IGR37_SKIN,347,0.07729732312237252,1.019746501267128
X_pca,44,imatinib,BFTC909_KIDNEY,379,0.09598351002602865,0.9022498478361044
X_pca,44,imatinib,NCIH460_LUNG,837,0.08906639615579126,0.939615661667809
X_pca,44,imatinib,IGR1_SKIN,725,0.08023519231234226,1.0326073806861351
X_pca,44,imatinib,VMCUB1_URINARY_TRACT,478,0.08072563979270686,0.9425107273097816
X_pca,44,imatinib,JHOC5_OVARY,145,0.0876991149169081,0.9923324482194309
X_pca,44,imatinib,42MGBA_CENTRAL_NERVOUS_SYSTEM,518,0.10325133430418443,0.8079936201738115
X_pca,44,imatinib,HT1080_SOFT_TISSUE,516,0.1022527725696975,0.9832027062427166
X_pca,44,imatinib,LI7_LIVER,196,0.09894675545166752,0.9887544959783554
X_pca,44,imatinib,A375_SKIN,593,0.09229082104852532,0.9055884583000389
X_pca,44,imatinib,FTC133_THYROID,140,0.09806097637094398,1.0110060517277037
X_pca,44,imatinib,OVK18_OVARY,178,0.08175344062805796,0.9393198493491398
X_pca,44,imatinib,ACCMESO1_PLEURA,162,0.0743577321551705,1.0066618113606065
X_pca,44,imatinib,HMC18_BREAST,293,0.07356674709890142,0.8593649292561788
X_pca,44,imatinib,TOV112D_OVARY,78,0.0692466659843215,0.9335050154954959
X_pca,44,imatinib,JHH6_LIVER,206,0.10609838350879215,0.9063536822795868
X_pca,44,imatinib,A2058_SKIN,294,0.09493828508566989,1.0860458898301026
X_pca,44,imatinib,NCIH2110_LUNG,1990,0.06097749059634604,1.0125115641397446
X_pca,44,imatinib,NCIH650_LUNG,271,0.05910264129466725,1.0584916501027632
X_pca,44,imatinib,EFE184_ENDOMETRIUM,86,0.07418104273131455,1.0895492406778557
X_pca,44,imatinib,HUPT3_PANCREAS,136,0.06857804961361928,1.0189953832065357
X_pca,44,imatinib,MDAMB361_BREAST,135,0.05925847877134829,0.956413405029862
X_pca,44,imatinib,BCPAP_THYROID,152,0.08033682711698238,0.9558411813095996
X_pca,44,imatinib,PECAPJ49_UPPER_AERODIGESTIVE_TRACT,202,0.06134453684705219,1.0070836443712217
X_pca,44,imatinib,EKVX_LUNG,146,0.07917116613388188,0.9578865239881489
X_pca,44,imatinib,BICR56_UPPER_AERODIGESTIVE_TRACT,81,0.06087254717759968,0.9221794752427089
X_pca,44,imatinib,NCIH2170_LUNG,142,0.08555349979518484,0.9520469563947597
X_pca,44,imatinib,DETROIT562_UPPER_AERODIGESTIVE_TRACT,163,0.06531627805888884,0.9771865540486904
X_pca,44,imatinib,SW1088_CENTRAL_NERVOUS_SYSTEM,128,0.09119172288642444,0.9236561702564359
X_pca,44,imatinib,BHY_UPPER_AERODIGESTIVE_TRACT,145,0.07606240960571134,0.9640506838930064
X_pca,44,imatinib,CAS1_CENTRAL_NERVOUS_SYSTEM,133,0.07751016833615368,0.8863632423537118
X_pca,44,imatinib,HCC1428_BREAST,127,0.0713353518575339,0.9633990652917876
X_pca,44,imatinib,HDQP1_BREAST,64,0.08408395726706086,1.0565433064475656
X_pca,44,imatinib,OSRC2_KIDNEY,126,0.059908343999081834,0.9092159517227657
X_pca,44,imatinib,HUPT4_PANCREAS,56,0.06375959853554404,0.934807895549706
X_pca,44,imatinib,TCCSUP_URINARY_TRACT,316,0.0756541296195514,1.039182574122767
X_pca,44,imatinib,VMRCRCZ_KIDNEY,300,0.07318881125064856,0.8975801012913386
X_pca,44,imatinib,PK59_PANCREAS,174,0.06544068068010271,0.9699620018745291
X_pca,44,imatinib,HUH6_LIVER,338,0.07565853825586671,0.9920003128474986
X_pca,44,imatinib,MSTO211H_PLEURA,297,0.0748512132342169,0.9165985377549323
X_pca,44,imatinib,HS852T_SKIN,162,0.0881982948278818,0.9168985614806046
X_pca,44,imatinib,SKMEL30_SKIN,353,0.0979377856713255,0.9575758603409397
X_pca,44,imatinib,T47D_BREAST,221,0.06461359835152734,0.9226504982326904
X_pca,44,imatinib,CALU6_LUNG,258,0.07365699991465127,0.8917586228182149
X_pca,44,imatinib,NCIH522_LUNG,208,0.06069109326907597,0.8852807180239604
X_pca,44,imatinib,LMSU_STOMACH,255,0.08053120256352489,0.8896717574082169
X_pca,44,imatinib,SNUC4_LARGE_INTESTINE,467,0.08532220555344354,1.0158555161774285
X_pca,44,imatinib,RVH421_SKIN,239,0.09530452438282919,1.0299468701354628
X_pca,44,imatinib,OVSAHO_OVARY,227,0.0517103536357505,1.0324317335032156
X_pca,44,imatinib,GOS3_CENTRAL_NERVOUS_SYSTEM,191,0.0815435519110111,1.0246079935453325
X_pca,44,imatinib,SNU738_CENTRAL_NERVOUS_SYSTEM,379,0.06444659256779808,0.9956034469101234
X_pca,44,imatinib,PC3_PROSTATE,169,0.08515201352822406,0.9803060561242188
X_pca,44,imatinib,PATU8988S_PANCREAS,244,0.06254459314632685,1.012219728260744
X_pca,44,imatinib,OVTOKO_OVARY,209,0.0609354800835811,0.9004725845236528
X_pca,44,imatinib,TE1_OESOPHAGUS,206,0.0840320787978151,1.0225779226104033
X_pca,44,imatinib,NCIH2087_LUNG,219,0.09034881549960838,1.0221088969544188
X_pca,44,imatinib,EFM192A_BREAST,333,0.06906790717510501,0.9906291331614818
X_pca,44,imatinib,SNU423_LIVER,212,0.0787443402629452,1.043479269967889
X_pca,44,imatinib,KPL1_BREAST,276,0.05370263708657197,1.0306775088327518
X_pca,44,imatinib,NCIH358_LUNG,336,0.0789027517271633,1.0947145262644404
X_pca,44,imatinib,COLO792_SKIN,271,0.07597638777222553,1.0211311196049202
X_pca,44,imatinib,KYSE520_OESOPHAGUS,323,0.07287050342888515,0.9247634707958705
X_pca,44,imatinib,KMRC3_KIDNEY,245,0.07589821098152234,0.9639182961716943
X_pca,44,imatinib,MKN7_STOMACH,258,0.07647818974843501,1.0650646513284638
X_pca,44,imatinib,NCIH1944_LUNG,414,0.0862066353411583,0.9228249949533582
X_pca,44,imatinib,TE6_OESOPHAGUS,551,0.06802631134750181,0.9926522647836896
X_pca,44,imatinib,ZR751_BREAST,309,0.06680151698737535,0.9437167870188222
X_pca,44,imatinib,PANC0203_PANCREAS,506,0.07577603225191126,0.9335302754117566
X_pca,44,imatinib,SW1990_PANCREAS,307,0.06697666278700753,0.9685700335797736
X_pca,44,imatinib,RD_SOFT_TISSUE,261,0.08006190921676438,0.8733059430487768
X_pca,44,imatinib,NCIH1792_LUNG,111,0.1028592413701371,0.887812762110083
X_pca,44,imatinib,PK45H_PANCREAS,271,0.09181679218493739,1.044265590250712
X_pca,44,imatinib,LS180_LARGE_INTESTINE,361,0.07864671555525589,0.974629864137919
X_pca,44,imatinib,RERFLCAI_LUNG,763,0.06808364568165312,0.9592419881495704
X_pca,44,imatinib,CAMA1_BREAST,291,0.07059463516712906,0.94060782448123
X_pca,44,imatinib,SNU449_LIVER,282,0.08061689123921155,0.8599641633794662
X_pca,44,imatinib,A204_SOFT_TISSUE,250,0.07551166985504361,0.9399047453403473
X_pca,44,imatinib,MKN45_STOMACH,118,0.08342012721283049,1.087590773226851
X_pca,44,imatinib,HEP3B217_LIVER,118,0.06107560375320628,0.8576104080272933
X_pca,44,imatinib,HOS_BONE,829,0.09416119816792197,0.9125077372868472
X_pca,44,imatinib,EBC1_LUNG,186,0.07035910787702016,0.9313248604215602
X_pca,44,imatinib,NCIH292_LUNG,213,0.07166220640086138,1.0241074217876918
X_pca,44,imatinib,OUMS23_LARGE_INTESTINE,107,0.07082841325542588,0.9214901745876419
X_pca,44,imatinib,HEC151_ENDOMETRIUM,250,0.09192492204292035,0.9981329326629639
X_pca,44,imatinib,NCIH1373_LUNG,164,0.07458371730434563,1.0262208998930165
X_pca,44,imatinib,TE9_OESOPHAGUS,248,0.0709861882113553,0.9556257013351687
X_pca,44,imatinib,HCC56_LARGE_INTESTINE,99,0.06848454372994663,0.8982918954858876
X_pca,44,imatinib,HT55_LARGE_INTESTINE,211,0.059745837063696856,1.055300533206542
X_pca,44,imatinib,RT4_URINARY_TRACT,106,0.061398128301710334,0.9845418806345958
X_pca,44,imatinib,SKES1_BONE,91,0.06176880997177545,0.9901571254153828
X_pca,44,imatinib,NCIH1435_LUNG,267,0.06913017933381943,0.978217611375373
X_pca,44,imatinib,8305C_THYROID,459,0.10118854207207549,0.8640018535335598
X_pca,44,imatinib,NCIH2228_LUNG,367,0.07618032307185679,1.012851190014821
X_pca,44,imatinib,TE10_OESOPHAGUS,219,0.09198481087107638,0.9962781463583855
X_pca,44,imatinib,ASPC1_PANCREAS,290,0.07427169760604604,0.9093784854329866
X_pca,44,imatinib,HCC366_LUNG,202,0.07248348292239146,1.0756866359474635
X_pca,44,imatinib,BICR16_UPPER_AERODIGESTIVE_TRACT,212,0.06940786283143292,0.9309158586668518
X_pca,44,imatinib,HEC6_ENDOMETRIUM,161,0.07502249578444876,0.9719561031146079
X_pca,44,imatinib,KALS1_CENTRAL_NERVOUS_SYSTEM,288,0.08171433088651028,0.9678614243037171
X_pca,44,imatinib,NCIH2444_LUNG,237,0.06506689866308453,1.0824705213937076
X_pca,44,imatinib,SNU46_UPPER_AERODIGESTIVE_TRACT,236,0.09427851636816097,0.9240610518697965
X_pca,44,imatinib,OAW28_OVARY,161,0.06541543290586438,1.0291137210330608
X_pca,44,imatinib,SNU1214_UPPER_AERODIGESTIVE_TRACT,188,0.0692932802016831,1.0384103104155114
X_pca,44,imatinib,SKMEL5_SKIN,297,0.09411006105963725,0.9852047572633634
X_pca,44,imatinib,OVCAR4_OVARY,283,0.05777098088430089,1.0400362328590016
X_pca,44,imatinib,UACC257_SKIN,239,0.08246435557552359,0.9286712495352932
X_pca,44,imatinib,ONCODG1_OVARY,270,0.05027571358548717,1.0624569850939292
X_pca,44,imatinib,HUH28_BILIARY_TRACT,139,0.06590847759863984,1.0749944336980366
X_pca,44,imatinib,IM95_STOMACH,185,0.06145873330600837,0.9909421112086322
X_pca,44,imatinib,TE14_OESOPHAGUS,474,0.0625659934935069,0.9477154983498376
X_pca,44,imatinib,CAKI2_KIDNEY,278,0.07626702778984708,0.9386327047999814
X_pca,44,imatinib,SU8686_PANCREAS,82,0.05875727792866747,1.042758657437999
X_pca,44,imatinib,SCC25_UPPER_AERODIGESTIVE_TRACT,898,0.058056731822738135,1.0583979759556148
X_pca,44,imatinib,SCC9_UPPER_AERODIGESTIVE_TRACT,475,0.07173426441342365,1.1049676034325047
X_pca,44,erlotinib,NCIH2126_LUNG,264,0.09191390486326659,0.684751728718931
X_pca,44,erlotinib,SW579_THYROID,217,0.10624260013681011,1.2004518627021719
X_pca,44,erlotinib,NCIH446_LUNG,196,0.12262027071509433,1.1835309090662975
X_pca,44,erlotinib,HEC251_ENDOMETRIUM,107,0.11965225131089864,0.9766306799148845
X_pca,44,erlotinib,MFE319_ENDOMETRIUM,191,0.07928953254898362,0.8608253058338664
X_pca,44,erlotinib,SKNAS_AUTONOMIC_GANGLIA,226,0.09624571843748302,0.9658377924851612
X_pca,44,erlotinib,NCIH2452_PLEURA,538,0.10508934812541543,1.0570615771534717
X_pca,44,erlotinib,COLO741_SKIN,329,0.12346881079786566,1.103156268234311
X_pca,44,erlotinib,KNS42_CENTRAL_NERVOUS_SYSTEM,172,0.07726763559690558,1.1132992918408193
X_pca,44,erlotinib,MCF7_BREAST,143,0.07175947304293157,1.0186811039497803
X_pca,44,erlotinib,HT1197_URINARY_TRACT,74,0.07825030748494585,0.7267106352625666
X_pca,44,erlotinib,SNU899_UPPER_AERODIGESTIVE_TRACT,83,0.06647516767292636,0.6382673109870359
X_pca,44,erlotinib,HCC38_BREAST,200,0.0873107680780788,0.9450219744443893
X_pca,44,erlotinib,SNU308_BILIARY_TRACT,94,0.07569761670991,0.7992050768213069
X_pca,44,erlotinib,SW1271_LUNG,115,0.100190902985407,0.897267786834551
X_pca,44,erlotinib,TM31_CENTRAL_NERVOUS_SYSTEM,116,0.10792259488985725,0.9366150513805193
X_pca,44,erlotinib,NCIH747_LARGE_INTESTINE,80,0.06882866676038184,1.0402899377048016
X_pca,44,erlotinib,KPNSI9S_AUTONOMIC_GANGLIA,129,0.10438860818629231,1.0131516724593879
X_pca,44,erlotinib,SQ1_LUNG,238,0.08694373449502195,0.8351481627015507
X_pca,44,erlotinib,IALM_LUNG,322,0.10103757993038191,1.0405673179197015
X_pca,44,erlotinib,BT474_BREAST,125,0.07175112886777957,0.9835337686538697
X_pca,44,erlotinib,DKMG_CENTRAL_NERVOUS_SYSTEM,271,0.08698233578452694,1.114775689765536
X_pca,44,erlotinib,BT549_BREAST,266,0.09967221128439126,0.9169916062426746
X_pca,44,erlotinib,BICR6_UPPER_AERODIGESTIVE_TRACT,286,0.08594849956166006,0.7973046049579874
X_pca,44,erlotinib,SH10TC_STOMACH,351,0.08530660856934501,1.0002140362038572
X_pca,44,erlotinib,UMUC1_URINARY_TRACT,197,0.06080584202774895,0.6946604360783766
X_pca,44,erlotinib,LS1034_LARGE_INTESTINE,146,0.07543352133112091,0.6290586051875597
X_pca,44,erlotinib,CCFSTTG1_CENTRAL_NERVOUS_SYSTEM,246,0.08592724452518288,1.035282891698
X_pca,44,erlotinib,NCIH226_LUNG,235,0.07784098368600678,0.8377896425571848
X_pca,44,erlotinib,LNCAPCLONEFGC_PROSTATE,129,0.06747696962054708,0.9506299329358477
X_pca,44,erlotinib,RCC10RGB_KIDNEY,233,0.09326014626665406,0.8767421255807508
X_pca,44,erlotinib,RERFLCAD1_LUNG,243,0.08952465169965046,1.054835278065607
X_pca,44,erlotinib,SKMEL2_SKIN,276,0.10970350926455172,0.8873739883951519
X_pca,44,erlotinib,BICR31_UPPER_AERODIGESTIVE_TRACT,248,0.09675373263684779,0.887873419830876
X_pca,44,erlotinib,RCM1_LARGE_INTESTINE,128,0.10088699068986874,0.9110901411622763
X_pca,44,erlotinib,COV434_OVARY,88,0.0909383780003488,1.1164316826246001
X_pca,44,erlotinib,SNU1079_BILIARY_TRACT,73,0.10207772753038517,0.9081016876926161
X_pca,44,erlotinib,YD38_UPPER_AERODIGESTIVE_TRACT,624,0.1046605544798654,0.7187145398213313
X_pca,44,erlotinib,NCIH1299_LUNG,534,0.10431066462264259,0.9752702068969998
X_pca,44,erlotinib,IGR37_SKIN,347,0.09039542751179362,1.0351668271619923
X_pca,44,erlotinib,BFTC909_KIDNEY,379,0.09803963942341591,1.0265164068632202
X_pca,44,erlotinib,NCIH460_LUNG,837,0.12932404045247772,0.8012693476648456
X_pca,44,erlotinib,IGR1_SKIN,725,0.0866675880424027,0.9673511064463648
X_pca,44,erlotinib,VMCUB1_URINARY_TRACT,478,0.10602511057372749,0.754940498137075
X_pca,44,erlotinib,JHOC5_OVARY,145,0.07755497129092874,0.8243686898001309
X_pca,44,erlotinib,42MGBA_CENTRAL_NERVOUS_SYSTEM,518,0.10329873935079227,1.1128235275220686
X_pca,44,erlotinib,HT1080_SOFT_TISSUE,516,0.1094885014067633,0.9087773106356923
X_pca,44,erlotinib,LI7_LIVER,196,0.09483161265866656,0.8594430247131659
X_pca,44,erlotinib,A375_SKIN,593,0.12766593357474826,0.886976944053354
X_pca,44,erlotinib,FTC133_THYROID,140,0.13890857779789087,1.0907099655696324
X_pca,44,erlotinib,OVK18_OVARY,178,0.08806118580246974,1.0449478753497092
X_pca,44,erlotinib,ACCMESO1_PLEURA,162,0.0790552117710077,1.0918271066965881
X_pca,44,erlotinib,HMC18_BREAST,293,0.09205559009885533,0.9182929547166662
X_pca,44,erlotinib,TOV112D_OVARY,78,0.09588117802588547,0.9307444034478604
X_pca,44,erlotinib,JHH6_LIVER,206,0.11637516954596981,0.9516580663259747
X_pca,44,erlotinib,A2058_SKIN,294,0.09530909166692712,1.0358765425325251
X_pca,44,erlotinib,NCIH2110_LUNG,1990,0.07925057547166235,0.77926835525575
X_pca,44,erlotinib,NCIH650_LUNG,271,0.06900174893193543,0.9546906637969492
X_pca,44,erlotinib,EFE184_ENDOMETRIUM,86,0.08392708382371626,0.7539161513018053
X_pca,44,erlotinib,HUPT3_PANCREAS,136,0.07647702651314953,1.0315588138559286
X_pca,44,erlotinib,MDAMB361_BREAST,135,0.05523232387273412,0.8824311327051233
X_pca,44,erlotinib,BCPAP_THYROID,152,0.09843948449304651,1.0816279563464617
X_pca,44,erlotinib,PECAPJ49_UPPER_AERODIGESTIVE_TRACT,202,0.07903286668781068,0.650492307720798
X_pca,44,erlotinib,EKVX_LUNG,146,0.10658368216441265,0.9685232912840909
X_pca,44,erlotinib,BICR56_UPPER_AERODIGESTIVE_TRACT,81,0.07264631945736535,0.7312081323729621
X_pca,44,erlotinib,NCIH2170_LUNG,142,0.0920535052317974,0.8122109808552433
X_pca,44,erlotinib,DETROIT562_UPPER_AERODIGESTIVE_TRACT,163,0.0842640120795271,0.6641003747293555
X_pca,44,erlotinib,SW1088_CENTRAL_NERVOUS_SYSTEM,128,0.08729011489192394,1.096030711196363
X_pca,44,erlotinib,BHY_UPPER_AERODIGESTIVE_TRACT,145,0.09564133436655826,0.7118874765675643
X_pca,44,erlotinib,CAS1_CENTRAL_NERVOUS_SYSTEM,133,0.07245636165915978,1.0351979857996891
X_pca,44,erlotinib,HCC1428_BREAST,127,0.08709006293682287,0.9109564362548468
X_pca,44,erlotinib,HDQP1_BREAST,64,0.12414189304708209,1.0315718157216907
X_pca,44,erlotinib,OSRC2_KIDNEY,126,0.09633542914529962,0.895987374915017
X_pca,44,erlotinib,HUPT4_PANCREAS,56,0.08855043607839233,0.9317836112209729
X_pca,44,erlotinib,TCCSUP_URINARY_TRACT,316,0.11767497460425913,0.9901087163369867
X_pca,44,erlotinib,VMRCRCZ_KIDNEY,300,0.09967677870372624,0.8270600428183873
X_pca,44,erlotinib,PK59_PANCREAS,174,0.08630130577840082,0.9948066020834034
X_pca,44,erlotinib,HUH6_LIVER,338,0.08615970446662988,0.8138888361891345
X_pca,44,erlotinib,MSTO211H_PLEURA,297,0.0726201290943974,0.9893774867860556
X_pca,44,erlotinib,HS852T_SKIN,162,0.12382120682313794,0.9032581128455974
X_pca,44,erlotinib,SKMEL30_SKIN,353,0.09790728131515435,0.9480173432455522
X_pca,44,erlotinib,T47D_BREAST,221,0.06915505200206962,0.954028823257032
X_pca,44,erlotinib,CALU6_LUNG,258,0.11317283550612071,1.0259855049987172
X_pca,44,erlotinib,NCIH522_LUNG,208,0.07493639799349214,0.9326163281041843
X_pca,44,erlotinib,LMSU_STOMACH,255,0.09449525029714384,0.8999146765353633
X_pca,44,erlotinib,SNUC4_LARGE_INTESTINE,467,0.08545512386319766,0.8123436582930849
X_pca,44,erlotinib,RVH421_SKIN,239,0.10761082838745391,1.0750734389576453
X_pca,44,erlotinib,OVSAHO_OVARY,227,0.07278067347893548,0.8856382674582729
X_pca,44,erlotinib,GOS3_CENTRAL_NERVOUS_SYSTEM,191,0.09718777784852894,1.0021583316213798
X_pca,44,erlotinib,SNU738_CENTRAL_NERVOUS_SYSTEM,379,0.07179779652499352,0.8489223985999115
X_pca,44,erlotinib,PC3_PROSTATE,169,0.08797274550167324,0.943812653157838
X_pca,44,erlotinib,PATU8988S_PANCREAS,244,0.07320942119262842,0.8603707639897455
X_pca,44,erlotinib,OVTOKO_OVARY,209,0.06551973556118167,0.7307224798430666
X_pca,44,erlotinib,TE1_OESOPHAGUS,206,0.11832011387204133,0.894115195401664
X_pca,44,erlotinib,NCIH2087_LUNG,219,0.09915104105086067,0.9017669822527393
X_pca,44,erlotinib,EFM192A_BREAST,333,0.073967999803596,0.997773636389781
X_pca,44,erlotinib,SNU423_LIVER,212,0.09609230291627538,1.0352537631988525
X_pca,44,erlotinib,KPL1_BREAST,276,0.08162757498464998,1.082878031808397
X_pca,44,erlotinib,NCIH358_LUNG,336,0.09410083209027945,0.9703460912264529
X_pca,44,erlotinib,COLO792_SKIN,271,0.08525374034532965,0.9978444789608466
X_pca,44,erlotinib,KYSE520_OESOPHAGUS,323,0.09129158353219365,0.7455240936471212
X_pca,44,erlotinib,KMRC3_KIDNEY,245,0.06868516065980017,0.8954956096045825
X_pca,44,erlotinib,MKN7_STOMACH,258,0.09130517994437103,0.9556132189987242
X_pca,44,erlotinib,NCIH1944_LUNG,414,0.10714894890091281,0.9231337819986297
X_pca,44,erlotinib,TE6_OESOPHAGUS,551,0.09080993034053385,0.7304923551701374
X_pca,44,erlotinib,ZR751_BREAST,309,0.07421432764711706,0.925159367928613
X_pca,44,erlotinib,PANC0203_PANCREAS,506,0.10501960662490699,0.7921769975909131
X_pca,44,erlotinib,SW1990_PANCREAS,307,0.09822589767888526,1.0697036981582642
X_pca,44,erlotinib,RD_SOFT_TISSUE,261,0.0735909859168099,0.9542171082734148
X_pca,44,erlotinib,NCIH1792_LUNG,111,0.1143090896037979,1.0405963073979627
X_pca,44,erlotinib,PK45H_PANCREAS,271,0.10270265314600369,0.9967498119466859
X_pca,44,erlotinib,LS180_LARGE_INTESTINE,361,0.09901791011276016,0.9201119537168593
X_pca,44,erlotinib,RERFLCAI_LUNG,763,0.07438366795078019,1.143138588646605
X_pca,44,erlotinib,CAMA1_BREAST,291,0.09286889541093828,1.0775233048343986
X_pca,44,erlotinib,SNU449_LIVER,282,0.10512618621535993,0.8163539154309754
X_pca,44,erlotinib,A204_SOFT_TISSUE,250,0.08193781234768088,1.1626480958461762
X_pca,44,erlotinib,MKN45_STOMACH,118,0.06932966633949536,0.8880981616044449
X_pca,44,erlotinib,HEP3B217_LIVER,118,0.07860869669312985,0.7916670810368102
X_pca,44,erlotinib,HOS_BONE,829,0.0964989732879905,1.1471112086488198
X_pca,44,erlotinib,EBC1_LUNG,186,0.10628222515831008,1.0012608282668616
X_pca,44,erlotinib,NCIH292_LUNG,213,0.1066754522978042,0.7835794130401432
X_pca,44,erlotinib,OUMS23_LARGE_INTESTINE,107,0.06618515636372986,0.9746205294243643
X_pca,44,erlotinib,HEC151_ENDOMETRIUM,250,0.12141744597805688,0.8028938763141632
X_pca,44,erlotinib,NCIH1373_LUNG,164,0.11409168018642271,0.962055784536571
X_pca,44,erlotinib,TE9_OESOPHAGUS,248,0.07700652085874175,0.7596469802721855
X_pca,44,erlotinib,HCC56_LARGE_INTESTINE,99,0.08353930304878733,0.8187327475258799
X_pca,44,erlotinib,HT55_LARGE_INTESTINE,211,0.05790400967697624,0.9792247829844036
X_pca,44,erlotinib,RT4_URINARY_TRACT,106,0.07517947102195567,0.846283790075554
X_pca,44,erlotinib,SKES1_BONE,91,0.08228157849804625,0.9972583821841648
X_pca,44,erlotinib,NCIH1435_LUNG,267,0.09467478127779694,0.8243380791685554
X_pca,44,erlotinib,8305C_THYROID,459,0.0862285519480491,1.0274015530002403
X_pca,44,erlotinib,NCIH2228_LUNG,367,0.10961893302851597,0.9262383224528882
X_pca,44,erlotinib,TE10_OESOPHAGUS,219,0.1074808642586868,0.8618040996599415
X_pca,44,erlotinib,ASPC1_PANCREAS,290,0.08515505277879692,0.8391395176279134
X_pca,44,erlotinib,HCC366_LUNG,202,0.08779845520836314,0.9264558524188429
X_pca,44,erlotinib,BICR16_UPPER_AERODIGESTIVE_TRACT,212,0.0945576898157886,0.7319772847980823
X_pca,44,erlotinib,HEC6_ENDOMETRIUM,161,0.07716268975522864,0.8339928843960258
X_pca,44,erlotinib,KALS1_CENTRAL_NERVOUS_SYSTEM,288,0.08891588881388415,1.06882839401563
X_pca,44,erlotinib,NCIH2444_LUNG,237,0.09386156076489091,0.935233458939484
X_pca,44,erlotinib,SNU46_UPPER_AERODIGESTIVE_TRACT,236,0.1505750363774091,0.999276863063796
X_pca,44,erlotinib,OAW28_OVARY,161,0.09038630730661526,0.8495116826169979
X_pca,44,erlotinib,SNU1214_UPPER_AERODIGESTIVE_TRACT,188,0.06391183155394527,0.6924908826959894
X_pca,44,erlotinib,SKMEL5_SKIN,297,0.08677399295463109,1.0881179432676296
X_pca,44,erlotinib,OVCAR4_OVARY,283,0.061856330427947075,0.7504397498002743
X_pca,44,erlotinib,UACC257_SKIN,239,0.09279883988180045,0.9528360344376026
X_pca,44,erlotinib,ONCODG1_OVARY,270,0.05595781354669153,0.9226985719468859
X_pca,44,erlotinib,HUH28_BILIARY_TRACT,139,0.07046547101308015,0.9652871566710712
X_pca,44,erlotinib,IM95_STOMACH,185,0.07870949104711263,0.6733348511360787
X_pca,44,erlotinib,TE14_OESOPHAGUS,474,0.07762353091175944,0.6724958084052122
X_pca,44,erlotinib,CAKI2_KIDNEY,278,0.08608337472031931,0.7309600203800545
X_pca,44,erlotinib,SU8686_PANCREAS,82,0.07319533444258469,0.8503512492993983
X_pca,44,erlotinib,SCC25_UPPER_AERODIGESTIVE_TRACT,898,0.07033517829699003,0.7656245063036216
X_pca,44,erlotinib,SCC9_UPPER_AERODIGESTIVE_TRACT,475,0.07034691336208203,0.9025066389535603
X_pca,44,sorafenib,NCIH2126_LUNG,264,0.080703127020094,0.9724856560880487
X_pca,44,sorafenib,SW579_THYROID,217,0.09716439729850633,0.8505278850480709
X_pca,44,sorafenib,NCIH446_LUNG,196,0.09329076725309463,0.8714721768486257
X_pca,44,sorafenib,HEC251_ENDOMETRIUM,107,0.0940339353673132,0.8698141084653195
X_pca,44,sorafenib,MFE319_ENDOMETRIUM,191,0.08125111702430084,0.9014454165678374
X_pca,44,sorafenib,SKNAS_AUTONOMIC_GANGLIA,226,0.08358628085657592,0.8508147708082621
X_pca,44,sorafenib,NCIH2452_PLEURA,538,0.09707360343304776,0.8412862495418818
X_pca,44,sorafenib,COLO741_SKIN,329,0.10104410261487445,0.7903934217151537
X_pca,44,sorafenib,KNS42_CENTRAL_NERVOUS_SYSTEM,172,0.09731348231676877,0.7648025089225103
X_pca,44,sorafenib,MCF7_BREAST,143,0.04353817179383993,0.9370520810980897
X_pca,44,sorafenib,HT1197_URINARY_TRACT,74,0.06305835045767338,1.0235365750016392
X_pca,44,sorafenib,SNU899_UPPER_AERODIGESTIVE_TRACT,83,0.06297631721530648,0.9422044732484472
X_pca,44,sorafenib,HCC38_BREAST,200,0.07819327219334685,0.8353945526480675
X_pca,44,sorafenib,SNU308_BILIARY_TRACT,94,0.07097912577650706,0.9734332466379125
X_pca,44,sorafenib,SW1271_LUNG,115,0.07791858533533594,0.8149752653163412
X_pca,44,sorafenib,TM31_CENTRAL_NERVOUS_SYSTEM,116,0.06892873876420029,0.7875936365333097
X_pca,44,sorafenib,NCIH747_LARGE_INTESTINE,80,0.07670470454665804,0.8491518534719944
X_pca,44,sorafenib,KPNSI9S_AUTONOMIC_GANGLIA,129,0.07338908946464348,0.7262273601783339
X_pca,44,sorafenib,SQ1_LUNG,238,0.08404760892440515,0.8681814723155078
X_pca,44,sorafenib,IALM_LUNG,322,0.11010254582309578,0.7399983560631734
X_pca,44,sorafenib,BT474_BREAST,125,0.07797739565702526,0.809023232460022
X_pca,44,sorafenib,DKMG_CENTRAL_NERVOUS_SYSTEM,271,0.09000016107964891,0.7657468335434959
X_pca,44,sorafenib,BT549_BREAST,266,0.08373355008734866,0.839456478007754
X_pca,44,sorafenib,BICR6_UPPER_AERODIGESTIVE_TRACT,286,0.06774294256711962,0.9042148448370554
X_pca,44,sorafenib,SH10TC_STOMACH,351,0.07735723700943511,0.9428388943359722
X_pca,44,sorafenib,UMUC1_URINARY_TRACT,197,0.04522296109274219,1.0105789300753985
X_pca,44,sorafenib,LS1034_LARGE_INTESTINE,146,0.06033047477669281,0.9227233598493549
X_pca,44,sorafenib,CCFSTTG1_CENTRAL_NERVOUS_SYSTEM,246,0.0805532741717428,0.7830826642552042
X_pca,44,sorafenib,NCIH226_LUNG,235,0.06973779128539752,0.8797740401105678
X_pca,44,sorafenib,LNCAPCLONEFGC_PROSTATE,129,0.0552773225554549,0.7668395961901938
X_pca,44,sorafenib,RCC10RGB_KIDNEY,233,0.0671949021041063,0.8576403352324031
X_pca,44,sorafenib,RERFLCAD1_LUNG,243,0.07441454433370229,0.8685936444580801
X_pca,44,sorafenib,SKMEL2_SKIN,276,0.08460511974355026,0.8537800843301027
X_pca,44,sorafenib,BICR31_UPPER_AERODIGESTIVE_TRACT,248,0.08193426161581462,0.9398804907837222
X_pca,44,sorafenib,RCM1_LARGE_INTESTINE,128,0.06848423539138294,0.8275039084255695
X_pca,44,sorafenib,COV434_OVARY,88,0.07812489132763042,0.8663380152799867
X_pca,44,sorafenib,SNU1079_BILIARY_TRACT,73,0.06587035369792328,0.9268024343333833
X_pca,44,sorafenib,YD38_UPPER_AERODIGESTIVE_TRACT,624,0.07323944279389422,1.0512091247126079
X_pca,44,sorafenib,NCIH1299_LUNG,534,0.08423831249516225,0.8339667114872165
X_pca,44,sorafenib,IGR37_SKIN,347,0.07737316946810108,0.8518887984993135
X_pca,44,sorafenib,BFTC909_KIDNEY,379,0.0821128477019852,0.7470462171257644
X_pca,44,sorafenib,NCIH460_LUNG,837,0.09206675797970483,0.7860301334584485
X_pca,44,sorafenib,IGR1_SKIN,725,0.08770542167073209,0.8505628516756255
X_pca,44,sorafenib,VMCUB1_URINARY_TRACT,478,0.09110924212415256,1.0230377196766842
X_pca,44,sorafenib,JHOC5_OVARY,145,0.07675743506168166,0.8935661044614068
X_pca,44,sorafenib,42MGBA_CENTRAL_NERVOUS_SYSTEM,518,0.12433405456336498,0.7093222262661429
X_pca,44,sorafenib,HT1080_SOFT_TISSUE,516,0.10131309733719672,0.8293934368578962
X_pca,44,sorafenib,LI7_LIVER,196,0.09008398271987263,0.9007930980653179
X_pca,44,sorafenib,A375_SKIN,593,0.10574791847501251,0.8079994489229951
X_pca,44,sorafenib,FTC133_THYROID,140,0.11806309386519576,0.8954336208956583
X_pca,44,sorafenib,OVK18_OVARY,178,0.08913106593972933,0.87339916892266
X_pca,44,sorafenib,ACCMESO1_PLEURA,162,0.08683038329314591,0.8222062676041214
X_pca,44,sorafenib,HMC18_BREAST,293,0.07510793434176687,0.7875480065980462
X_pca,44,sorafenib,TOV112D_OVARY,78,0.0878772356962384,0.8873801743372892
X_pca,44,sorafenib,JHH6_LIVER,206,0.09562807845788819,0.7723716257266628
X_pca,44,sorafenib,A2058_SKIN,294,0.08559495724967915,0.8561439852730758
X_pca,44,sorafenib,NCIH2110_LUNG,1990,0.05934569901648188,0.9771195750140664
X_pca,44,sorafenib,NCIH650_LUNG,271,0.06662253625122297,0.9037983637454325
X_pca,44,sorafenib,EFE184_ENDOMETRIUM,86,0.07508098752632626,0.9799675851367241
X_pca,44,sorafenib,HUPT3_PANCREAS,136,0.07552841240658557,0.8802301498020396
X_pca,44,sorafenib,MDAMB361_BREAST,135,0.04786224690762391,0.7561872212975114
X_pca,44,sorafenib,BCPAP_THYROID,152,0.09123303528553844,0.9707486880453009
X_pca,44,sorafenib,PECAPJ49_UPPER_AERODIGESTIVE_TRACT,202,0.051942872018591456,1.0298572011513285
X_pca,44,sorafenib,EKVX_LUNG,146,0.07506044248085274,0.9450833544339219
X_pca,44,sorafenib,BICR56_UPPER_AERODIGESTIVE_TRACT,81,0.06880684618276768,0.9194416447922036
X_pca,44,sorafenib,NCIH2170_LUNG,142,0.09245684365037642,0.8577747735339152
X_pca,44,sorafenib,DETROIT562_UPPER_AERODIGESTIVE_TRACT,163,0.06635546344294016,0.8974106940755083
X_pca,44,sorafenib,SW1088_CENTRAL_NERVOUS_SYSTEM,128,0.12280027045777894,0.9031720457132906
X_pca,44,sorafenib,BHY_UPPER_AERODIGESTIVE_TRACT,145,0.07422199529685933,0.9693082447709709
X_pca,44,sorafenib,CAS1_CENTRAL_NERVOUS_SYSTEM,133,0.08053180180231109,0.9002762329309506
X_pca,44,sorafenib,HCC1428_BREAST,127,0.06302272588740036,0.990534367993122
X_pca,44,sorafenib,HDQP1_BREAST,64,0.0836400309760048,0.9766933359205723
X_pca,44,sorafenib,OSRC2_KIDNEY,126,0.07590271351240244,0.8402232802103436
X_pca,44,sorafenib,HUPT4_PANCREAS,56,0.08053822775055498,0.7795324825814792
X_pca,44,sorafenib,TCCSUP_URINARY_TRACT,316,0.09147573328889998,0.8918529079307483
X_pca,44,sorafenib,VMRCRCZ_KIDNEY,300,0.07813271474926432,0.882002675930659
X_pca,44,sorafenib,PK59_PANCREAS,174,0.07030804306216452,0.8645676477202053
X_pca,44,sorafenib,HUH6_LIVER,338,0.07779666573261293,0.8930345814256273
X_pca,44,sorafenib,MSTO211H_PLEURA,297,0.07069558771099532,0.8444212769418453
X_pca,44,sorafenib,HS852T_SKIN,162,0.11012425098591834,0.7437057787621463
X_pca,44,sorafenib,SKMEL30_SKIN,353,0.07553603624309753,0.8026851253536538
X_pca,44,sorafenib,T47D_BREAST,221,0.05816704217655846,0.8048463123955878
X_pca,44,sorafenib,CALU6_LUNG,258,0.09573802108526624,0.802226491330206
X_pca,44,sorafenib,NCIH522_LUNG,208,0.06171117790946061,0.781529039144516
X_pca,44,sorafenib,LMSU_STOMACH,255,0.08618203632573476,0.7956492052358739
X_pca,44,sorafenib,SNUC4_LARGE_INTESTINE,467,0.07552946662019842,0.8380399713934872
X_pca,44,sorafenib,RVH421_SKIN,239,0.10234915175352306,0.9728951399296397
X_pca,44,sorafenib,OVSAHO_OVARY,227,0.05937508890801545,0.9802039557091465
X_pca,44,sorafenib,GOS3_CENTRAL_NERVOUS_SYSTEM,191,0.07832124114419337,0.8981064071205898
X_pca,44,sorafenib,SNU738_CENTRAL_NERVOUS_SYSTEM,379,0.06020309703150245,0.8825728424620817
X_pca,44,sorafenib,PC3_PROSTATE,169,0.0666703665435401,0.8756598664458687
X_pca,44,sorafenib,PATU8988S_PANCREAS,244,0.06406828033998199,0.895596700613616
X_pca,44,sorafenib,OVTOKO_OVARY,209,0.057704151178060395,0.869757811133371
X_pca,44,sorafenib,TE1_OESOPHAGUS,206,0.09639740275361575,0.9579327754604007
X_pca,44,sorafenib,NCIH2087_LUNG,219,0.0936878280088234,0.8572627406686408
X_pca,44,sorafenib,EFM192A_BREAST,333,0.06784500802831933,0.8747597954294704
X_pca,44,sorafenib,SNU423_LIVER,212,0.07103485779060967,0.9358887638685838
X_pca,44,sorafenib,KPL1_BREAST,276,0.059556243401386606,0.960326947811721
X_pca,44,sorafenib,NCIH358_LUNG,336,0.07801154557707353,0.8492975708629403
X_pca,44,sorafenib,COLO792_SKIN,271,0.07676266857689931,0.8670192354279691
X_pca,44,sorafenib,KYSE520_OESOPHAGUS,323,0.07419087336749006,0.9741122988355418
X_pca,44,sorafenib,KMRC3_KIDNEY,245,0.05797064095095333,0.9203335898263114
X_pca,44,sorafenib,MKN7_STOMACH,258,0.06532203461167675,0.8873855245205783
X_pca,44,sorafenib,NCIH1944_LUNG,414,0.08369749889373995,0.9056912670676834
X_pca,44,sorafenib,TE6_OESOPHAGUS,551,0.07529925641663139,0.8686130397332775
X_pca,44,sorafenib,ZR751_BREAST,309,0.06354861205718879,0.7283889232715742
X_pca,44,sorafenib,PANC0203_PANCREAS,506,0.08125986732689847,0.8253643310117156
X_pca,44,sorafenib,SW1990_PANCREAS,307,0.06795638349820497,0.8839866485968475
X_pca,44,sorafenib,RD_SOFT_TISSUE,261,0.07991917242688053,0.8313371881671335
X_pca,44,sorafenib,NCIH1792_LUNG,111,0.12240777013925055,0.7763696710268656
X_pca,44,sorafenib,PK45H_PANCREAS,271,0.09191561568732222,0.9761211559781289
X_pca,44,sorafenib,LS180_LARGE_INTESTINE,361,0.0737902622526085,0.8075445008740201
X_pca,44,sorafenib,RERFLCAI_LUNG,763,0.07828065627913462,0.8471651831116933
X_pca,44,sorafenib,CAMA1_BREAST,291,0.06673520119312162,0.9374842576144897
X_pca,44,sorafenib,SNU449_LIVER,282,0.08936419655342927,0.8804875805656961
X_pca,44,sorafenib,A204_SOFT_TISSUE,250,0.09114486269021346,0.8082992646694184
X_pca,44,sorafenib,MKN45_STOMACH,118,0.055244441286254276,0.8972030746734748
X_pca,44,sorafenib,HEP3B217_LIVER,118,0.05035371252819445,0.8110396518545636
X_pca,44,sorafenib,HOS_BONE,829,0.11067966752483763,0.8197021232726922
X_pca,44,sorafenib,EBC1_LUNG,186,0.08231358013676313,0.7866952223803407
X_pca,44,sorafenib,NCIH292_LUNG,213,0.0917250064474304,0.9695899217901095
X_pca,44,sorafenib,OUMS23_LARGE_INTESTINE,107,0.07980782678006865,0.7408469118804575
X_pca,44,sorafenib,HEC151_ENDOMETRIUM,250,0.09266259666747989,0.9003302438259124
X_pca,44,sorafenib,NCIH1373_LUNG,164,0.09206908238099674,0.8175870921553635
X_pca,44,sorafenib,TE9_OESOPHAGUS,248,0.08095719554697547,0.9845613431065313
X_pca,44,sorafenib,HCC56_LARGE_INTESTINE,99,0.0739644340247361,0.9127446810404459
X_pca,44,sorafenib,HT55_LARGE_INTESTINE,211,0.04460969850981368,0.8508139744189114
X_pca,44,sorafenib,RT4_URINARY_TRACT,106,0.07595582025172751,0.6804467287828337
X_pca,44,sorafenib,SKES1_BONE,91,0.07358509669934753,0.850606205699208
X_pca,44,sorafenib,NCIH1435_LUNG,267,0.08515029405611284,0.8111843509174018
X_pca,44,sorafenib,8305C_THYROID,459,0.13584300667874166,0.8112105742129365
X_pca,44,sorafenib,NCIH2228_LUNG,367,0.09142874185723167,0.8629488464272315
X_pca,44,sorafenib,TE10_OESOPHAGUS,219,0.09052935585766914,0.9301097912875484
X_pca,44,sorafenib,ASPC1_PANCREAS,290,0.07527841644607425,0.9441591499180629
X_pca,44,sorafenib,HCC366_LUNG,202,0.07282583597565523,0.9692980434634898
X_pca,44,sorafenib,BICR16_UPPER_AERODIGESTIVE_TRACT,212,0.06874781821444309,0.8739599728921674
X_pca,44,sorafenib,HEC6_ENDOMETRIUM,161,0.057813214750701315,0.8951673966757259
X_pca,44,sorafenib,KALS1_CENTRAL_NERVOUS_SYSTEM,288,0.07994758688947441,0.8540247097197506
X_pca,44,sorafenib,NCIH2444_LUNG,237,0.07628053479749135,0.9993760135606371
X_pca,44,sorafenib,SNU46_UPPER_AERODIGESTIVE_TRACT,236,0.10520323471407639,0.8349498947293071
X_pca,44,sorafenib,OAW28_OVARY,161,0.05993140798454888,0.9039735490490931
X_pca,44,sorafenib,SNU1214_UPPER_AERODIGESTIVE_TRACT,188,0.05271273233203883,1.0031773308490186
X_pca,44,sorafenib,SKMEL5_SKIN,297,0.10168456300131305,0.8092907944110909
X_pca,44,sorafenib,OVCAR4_OVARY,283,0.04669169037537328,1.0190634417870863
X_pca,44,sorafenib,UACC257_SKIN,239,0.07200146244892783,0.795743328756867
X_pca,44,sorafenib,ONCODG1_OVARY,270,0.05552859192873648,1.004992530743281
X_pca,44,sorafenib,HUH28_BILIARY_TRACT,139,0.05748730945304209,0.8707083493685551
X_pca,44,sorafenib,IM95_STOMACH,185,0.06102882195532714,1.0069139670681309
X_pca,44,sorafenib,TE14_OESOPHAGUS,474,0.05679393576110373,0.9720047580290444
X_pca,44,sorafenib,CAKI2_KIDNEY,278,0.08375365486934452,0.8261967035506269
X_pca,44,sorafenib,SU8686_PANCREAS,82,0.056331071500381254,0.9429907173645206
X_pca,44,sorafenib,SCC25_UPPER_AERODIGESTIVE_TRACT,898,0.06577659244341741,0.9457830284910903
X_pca,44,sorafenib,SCC9_UPPER_AERODIGESTIVE_TRACT,475,0.07549312285934592,0.9500513549854881
X_pca,44,dasatinib,NCIH2126_LUNG,264,0.12745965530746264,0.6505581596584031
X_pca,44,dasatinib,SW579_THYROID,217,0.13486425464286902,0.47925489330621357
X_pca,44,dasatinib,NCIH446_LUNG,196,0.161189138070226,0.8393789633196227
X_pca,44,dasatinib,HEC251_ENDOMETRIUM,107,0.16403137269071694,0.5974493347038733
X_pca,44,dasatinib,MFE319_ENDOMETRIUM,191,0.1411279705985023,0.6919942676084828
X_pca,44,dasatinib,SKNAS_AUTONOMIC_GANGLIA,226,0.13069826253185454,0.6193230711253344
X_pca,44,dasatinib,NCIH2452_PLEURA,538,0.15922998826111912,0.7343682732613114
X_pca,44,dasatinib,COLO741_SKIN,329,0.12944281571754637,1.0304442799924718
X_pca,44,dasatinib,KNS42_CENTRAL_NERVOUS_SYSTEM,172,0.1321543329591727,0.5643646270036697
X_pca,44,dasatinib,MCF7_BREAST,143,0.07414907807331332,0.7652685129559124
X_pca,44,dasatinib,HT1197_URINARY_TRACT,74,0.11074322537817412,0.5250388706052626
X_pca,44,dasatinib,SNU899_UPPER_AERODIGESTIVE_TRACT,83,0.07757743394662765,0.3748297407684556
X_pca,44,dasatinib,HCC38_BREAST,200,0.08848895802012638,0.8017420303821564
X_pca,44,dasatinib,SNU308_BILIARY_TRACT,94,0.10554411324037254,0.6452171390360975
X_pca,44,dasatinib,SW1271_LUNG,115,0.11237066363362276,0.7034781533738841
X_pca,44,dasatinib,TM31_CENTRAL_NERVOUS_SYSTEM,116,0.11808954720288492,0.6345587940565471
X_pca,44,dasatinib,NCIH747_LARGE_INTESTINE,80,0.09421227280413283,0.7154467783868312
X_pca,44,dasatinib,KPNSI9S_AUTONOMIC_GANGLIA,129,0.11470703673707543,0.731541710075482
X_pca,44,dasatinib,SQ1_LUNG,238,0.131521200577979,0.3805726574999945
X_pca,44,dasatinib,IALM_LUNG,322,0.13091035173283902,0.7300561388827259
X_pca,44,dasatinib,BT474_BREAST,125,0.10428055331436892,1.0197191553115845
X_pca,44,dasatinib,DKMG_CENTRAL_NERVOUS_SYSTEM,271,0.11158408587058964,0.606678828542083
X_pca,44,dasatinib,BT549_BREAST,266,0.12112559561220204,0.7267191534427772
X_pca,44,dasatinib,BICR6_UPPER_AERODIGESTIVE_TRACT,286,0.09913609056292225,0.6458700142957113
X_pca,44,dasatinib,SH10TC_STOMACH,351,0.10744763618864442,0.735454873481707
X_pca,44,dasatinib,UMUC1_URINARY_TRACT,197,0.08152195395744662,0.47710198224498535
X_pca,44,dasatinib,LS1034_LARGE_INTESTINE,146,0.1009515264250194,0.5861270574674214
X_pca,44,dasatinib,CCFSTTG1_CENTRAL_NERVOUS_SYSTEM,246,0.10910219995863851,0.6239429056886735
X_pca,44,dasatinib,NCIH226_LUNG,235,0.11069306177319879,0.5040219186468328
X_pca,44,dasatinib,LNCAPCLONEFGC_PROSTATE,129,0.1088335845254158,0.9432680375816286
X_pca,44,dasatinib,RCC10RGB_KIDNEY,233,0.09619791921306695,0.5574941186178396
X_pca,44,dasatinib,RERFLCAD1_LUNG,243,0.110566174485395,0.64553106750971
X_pca,44,dasatinib,SKMEL2_SKIN,276,0.1377267281240723,0.8053425924069639
X_pca,44,dasatinib,BICR31_UPPER_AERODIGESTIVE_TRACT,248,0.14013178498446,0.5744176218586583
X_pca,44,dasatinib,RCM1_LARGE_INTESTINE,128,0.12165203969042311,0.8109871945343912
X_pca,44,dasatinib,COV434_OVARY,88,0.11462920193920836,0.7343685322187163
X_pca,44,dasatinib,SNU1079_BILIARY_TRACT,73,0.1057108992619565,0.6874040985760623
X_pca,44,dasatinib,YD38_UPPER_AERODIGESTIVE_TRACT,624,0.11634023175704905,0.400907446606419
X_pca,44,dasatinib,NCIH1299_LUNG,534,0.14365865302903894,0.7255504246842995
X_pca,44,dasatinib,IGR37_SKIN,347,0.11114096710710161,0.9813604011315777
X_pca,44,dasatinib,BFTC909_KIDNEY,379,0.1348416372939273,0.7738942426081383
X_pca,44,dasatinib,NCIH460_LUNG,837,0.14905495197769067,1.0259048627553733
X_pca,44,dasatinib,IGR1_SKIN,725,0.09974946584363704,0.9677480246280802
X_pca,44,dasatinib,VMCUB1_URINARY_TRACT,478,0.1261432562762899,0.5184416392482973
X_pca,44,dasatinib,JHOC5_OVARY,145,0.10816906389355538,0.5227036821431127
X_pca,44,dasatinib,42MGBA_CENTRAL_NERVOUS_SYSTEM,518,0.13390774871644898,0.6565178417561137
X_pca,44,dasatinib,HT1080_SOFT_TISSUE,516,0.1337871270755148,0.6766917085809301
X_pca,44,dasatinib,LI7_LIVER,196,0.1583822310730949,0.7653365547255594
X_pca,44,dasatinib,A375_SKIN,593,0.19581831860297086,0.9067529844996499
X_pca,44,dasatinib,FTC133_THYROID,140,0.16234262724127138,0.8065880971295493
X_pca,44,dasatinib,OVK18_OVARY,178,0.1214801508477577,0.7625701343745328
X_pca,44,dasatinib,ACCMESO1_PLEURA,162,0.12491284935304652,0.8368753853403492
X_pca,44,dasatinib,HMC18_BREAST,293,0.12273108289999925,0.8777632084722812
X_pca,44,dasatinib,TOV112D_OVARY,78,0.13629413915964791,0.7587150755601052
X_pca,44,dasatinib,JHH6_LIVER,206,0.1720280064351048,0.5653019506954452
X_pca,44,dasatinib,A2058_SKIN,294,0.12488059150636108,0.9410398495035107
X_pca,44,dasatinib,NCIH2110_LUNG,1990,0.1085374029709042,0.7745946903324606
X_pca,44,dasatinib,NCIH650_LUNG,271,0.08493497812032712,0.5038218913922891
X_pca,44,dasatinib,EFE184_ENDOMETRIUM,86,0.11407691208698917,0.5887304201375606
X_pca,44,dasatinib,HUPT3_PANCREAS,136,0.09455089841451066,0.6194923640612293
X_pca,44,dasatinib,MDAMB361_BREAST,135,0.07280840635390697,0.8706500282994023
X_pca,44,dasatinib,BCPAP_THYROID,152,0.13264997794151476,0.6970544741734078
X_pca,44,dasatinib,PECAPJ49_UPPER_AERODIGESTIVE_TRACT,202,0.1007079553478876,0.4156851789148727
X_pca,44,dasatinib,EKVX_LUNG,146,0.13398227117879546,0.5970700270917317
X_pca,44,dasatinib,BICR56_UPPER_AERODIGESTIVE_TRACT,81,0.10744489625864949,0.2690279318226708
X_pca,44,dasatinib,NCIH2170_LUNG,142,0.14350841762513045,0.7639573925817517
X_pca,44,dasatinib,DETROIT562_UPPER_AERODIGESTIVE_TRACT,163,0.11831104846857118,0.5097422552255034
X_pca,44,dasatinib,SW1088_CENTRAL_NERVOUS_SYSTEM,128,0.12042914820437317,0.6202154804486781
X_pca,44,dasatinib,BHY_UPPER_AERODIGESTIVE_TRACT,145,0.1416478462409198,0.38480272663050685
X_pca,44,dasatinib,CAS1_CENTRAL_NERVOUS_SYSTEM,133,0.10775046124068595,0.5782905895459024
X_pca,44,dasatinib,HCC1428_BREAST,127,0.09276798875053324,0.8822321769759411
X_pca,44,dasatinib,HDQP1_BREAST,64,0.1543410107619377,0.672284325119108
X_pca,44,dasatinib,OSRC2_KIDNEY,126,0.14235582779364256,0.7785886712963619
X_pca,44,dasatinib,HUPT4_PANCREAS,56,0.10952008740952532,0.7765719220042229
X_pca,44,dasatinib,TCCSUP_URINARY_TRACT,316,0.14087072541487378,0.6399573435700392
X_pca,44,dasatinib,VMRCRCZ_KIDNEY,300,0.1374878840808762,0.5585400141278902
X_pca,44,dasatinib,PK59_PANCREAS,174,0.09657551950777385,0.8210135520189658
X_pca,44,dasatinib,HUH6_LIVER,338,0.10393750170539039,0.8784869473714095
X_pca,44,dasatinib,MSTO211H_PLEURA,297,0.11274280985409729,0.6652933223681017
X_pca,44,dasatinib,HS852T_SKIN,162,0.16780098558974385,0.9765072306733072
X_pca,44,dasatinib,SKMEL30_SKIN,353,0.11205586484294208,0.9310680031776428
X_pca,44,dasatinib,T47D_BREAST,221,0.08045739658800033,1.0280455812070164
X_pca,44,dasatinib,CALU6_LUNG,258,0.1531142213802059,0.9204321713872659
X_pca,44,dasatinib,NCIH522_LUNG,208,0.09701439040346385,0.7833775505423546
X_pca,44,dasatinib,LMSU_STOMACH,255,0.11839343381942767,0.3528932202096079
X_pca,44,dasatinib,SNUC4_LARGE_INTESTINE,467,0.09928345980756433,0.7929079916798839
X_pca,44,dasatinib,RVH421_SKIN,239,0.14442305303649056,0.8318802247985138
X_pca,44,dasatinib,OVSAHO_OVARY,227,0.10972302060826666,0.7372940138048012
X_pca,44,dasatinib,GOS3_CENTRAL_NERVOUS_SYSTEM,191,0.14747144432853324,0.6592108195364788
X_pca,44,dasatinib,SNU738_CENTRAL_NERVOUS_SYSTEM,379,0.08225531924945613,0.6727707689544457
X_pca,44,dasatinib,PC3_PROSTATE,169,0.110451975851043,0.6597539276413663
X_pca,44,dasatinib,PATU8988S_PANCREAS,244,0.12299771532564865,0.819071040656723
X_pca,44,dasatinib,OVTOKO_OVARY,209,0.12022294514490753,0.4011978010811874
X_pca,44,dasatinib,TE1_OESOPHAGUS,206,0.14166285325089945,0.5539800782226821
X_pca,44,dasatinib,NCIH2087_LUNG,219,0.12252923744883754,0.6649247916866111
X_pca,44,dasatinib,EFM192A_BREAST,333,0.09642037848762165,1.0106957740969844
X_pca,44,dasatinib,SNU423_LIVER,212,0.11769991367674827,0.6198313978483092
X_pca,44,dasatinib,KPL1_BREAST,276,0.08816145972786936,0.9866399346054464
X_pca,44,dasatinib,NCIH358_LUNG,336,0.1052755530744879,0.6221084689632768
X_pca,44,dasatinib,COLO792_SKIN,271,0.094702286781817,0.9982047747421968
X_pca,44,dasatinib,KYSE520_OESOPHAGUS,323,0.1214954844982855,0.5030807658983827
X_pca,44,dasatinib,KMRC3_KIDNEY,245,0.10157694797069494,0.7317120283233877
X_pca,44,dasatinib,MKN7_STOMACH,258,0.10218529113649155,0.6385938771242319
X_pca,44,dasatinib,NCIH1944_LUNG,414,0.14348209231327264,0.6340260184617434
X_pca,44,dasatinib,TE6_OESOPHAGUS,551,0.13574431938879353,0.7243105528467148
X_pca,44,dasatinib,ZR751_BREAST,309,0.07357416297077776,1.0731755213444287
X_pca,44,dasatinib,PANC0203_PANCREAS,506,0.1390347308666139,0.40283905652907526
X_pca,44,dasatinib,SW1990_PANCREAS,307,0.09505569320380938,0.6730507338474162
X_pca,44,dasatinib,RD_SOFT_TISSUE,261,0.10129960966977583,0.6467809840408778
X_pca,44,dasatinib,NCIH1792_LUNG,111,0.15182178690809425,0.6976734942144102
X_pca,44,dasatinib,PK45H_PANCREAS,271,0.14583030202025077,0.7258178609323678
X_pca,44,dasatinib,LS180_LARGE_INTESTINE,361,0.13918803787862666,0.9362733178356678
X_pca,44,dasatinib,RERFLCAI_LUNG,763,0.10175851769800787,0.6491683005974146
X_pca,44,dasatinib,CAMA1_BREAST,291,0.10418135823971698,1.072008343906337
X_pca,44,dasatinib,SNU449_LIVER,282,0.1449113680644173,0.601192888110242
X_pca,44,dasatinib,A204_SOFT_TISSUE,250,0.10363795941449729,0.7577027987241745
X_pca,44,dasatinib,MKN45_STOMACH,118,0.09234605316383503,0.8675084629301297
X_pca,44,dasatinib,HEP3B217_LIVER,118,0.10386633471471104,0.3971226983151193
X_pca,44,dasatinib,HOS_BONE,829,0.1369269496461051,0.8431294167142438
X_pca,44,dasatinib,EBC1_LUNG,186,0.12883003908174354,0.5104898055714946
X_pca,44,dasatinib,NCIH292_LUNG,213,0.13305045063993443,0.5815130280496928
X_pca,44,dasatinib,OUMS23_LARGE_INTESTINE,107,0.10825846507836193,0.932510777054546
X_pca,44,dasatinib,HEC151_ENDOMETRIUM,250,0.14279511138902767,0.5401687271595002
X_pca,44,dasatinib,NCIH1373_LUNG,164,0.14788560825312339,0.6618764589472514
X_pca,44,dasatinib,TE9_OESOPHAGUS,248,0.127172142819135,0.6070760772112878
X_pca,44,dasatinib,HCC56_LARGE_INTESTINE,99,0.12195310157926893,0.8660717004477375
X_pca,44,dasatinib,HT55_LARGE_INTESTINE,211,0.06423668595357586,1.0074145333461852
X_pca,44,dasatinib,RT4_URINARY_TRACT,106,0.09220672660430819,0.9289848821343116
X_pca,44,dasatinib,SKES1_BONE,91,0.10147437758042369,0.8063934740129408
X_pca,44,dasatinib,NCIH1435_LUNG,267,0.13143613432697931,0.6877183506774546
X_pca,44,dasatinib,8305C_THYROID,459,0.12547794567543633,0.5572826605217129
X_pca,44,dasatinib,NCIH2228_LUNG,367,0.12821553540430058,0.5139258107632317
X_pca,44,dasatinib,TE10_OESOPHAGUS,219,0.15553999347941083,0.544595347147554
X_pca,44,dasatinib,ASPC1_PANCREAS,290,0.1137724679335891,0.6460974875195273
X_pca,44,dasatinib,HCC366_LUNG,202,0.10303795179475768,0.5089877935329287
X_pca,44,dasatinib,BICR16_UPPER_AERODIGESTIVE_TRACT,212,0.10235829646708683,0.41976432122711865
X_pca,44,dasatinib,HEC6_ENDOMETRIUM,161,0.08784143480773562,0.6120588524000985
X_pca,44,dasatinib,KALS1_CENTRAL_NERVOUS_SYSTEM,288,0.10550479124789504,0.4911782049263517
X_pca,44,dasatinib,NCIH2444_LUNG,237,0.1048539476494268,0.42136148988949096
X_pca,44,dasatinib,SNU46_UPPER_AERODIGESTIVE_TRACT,236,0.1769645660501874,0.5900025742791467
X_pca,44,dasatinib,OAW28_OVARY,161,0.0983147066200757,0.656903956987843
X_pca,44,dasatinib,SNU1214_UPPER_AERODIGESTIVE_TRACT,188,0.08143060796940199,0.46969077783696195
X_pca,44,dasatinib,SKMEL5_SKIN,297,0.12659817937818935,0.8532526767013049
X_pca,44,dasatinib,OVCAR4_OVARY,283,0.08949728082619131,0.5620701351982966
X_pca,44,dasatinib,UACC257_SKIN,239,0.09277316328404482,0.9989538267566569
X_pca,44,dasatinib,ONCODG1_OVARY,270,0.0945214503261617,0.6314254511285711
X_pca,44,dasatinib,HUH28_BILIARY_TRACT,139,0.08168795591337927,0.45558821061532273
X_pca,44,dasatinib,IM95_STOMACH,185,0.10140610153534432,0.6421620009718715
X_pca,44,dasatinib,TE14_OESOPHAGUS,474,0.09282344315306826,0.5204364797611277
X_pca,44,dasatinib,CAKI2_KIDNEY,278,0.12609673869418797,0.5224559128070049
X_pca,44,dasatinib,SU8686_PANCREAS,82,0.08827568841104125,0.49358211276007863
X_pca,44,dasatinib,SCC25_UPPER_AERODIGESTIVE_TRACT,898,0.11296458509964524,0.5083782882958584
X_pca,44,dasatinib,SCC9_UPPER_AERODIGESTIVE_TRACT,475,0.10031831578249467,0.5555224158261952
X_pca,44,crizotinib,NCIH2126_LUNG,264,0.07703996826326728,0.8572270915363774
X_pca,44,crizotinib,SW579_THYROID,217,0.07891859580831397,0.8696919069861486
X_pca,44,crizotinib,NCIH446_LUNG,196,0.09429564093646942,0.8703733713042979
X_pca,44,crizotinib,HEC251_ENDOMETRIUM,107,0.07733782020451266,0.8383858109188971
X_pca,44,crizotinib,MFE319_ENDOMETRIUM,191,0.06462185855883444,0.8057790314339842
X_pca,44,crizotinib,SKNAS_AUTONOMIC_GANGLIA,226,0.08161834016392788,0.738336659901965
X_pca,44,crizotinib,NCIH2452_PLEURA,538,0.09040001301880898,0.7696378242681461
X_pca,44,crizotinib,COLO741_SKIN,329,0.10782727582565738,0.8256195618751201
X_pca,44,crizotinib,KNS42_CENTRAL_NERVOUS_SYSTEM,172,0.08372835650988864,0.8646090359881867
X_pca,44,crizotinib,MCF7_BREAST,143,0.05357030971264874,0.7638586555327569
X_pca,44,crizotinib,HT1197_URINARY_TRACT,74,0.0833171762887912,0.8187228739261627
X_pca,44,crizotinib,SNU899_UPPER_AERODIGESTIVE_TRACT,83,0.049297583042353293,0.7764124583048992
X_pca,44,crizotinib,HCC38_BREAST,200,0.07709920502096895,0.8246706372499466
X_pca,44,crizotinib,SNU308_BILIARY_TRACT,94,0.075543702846848,0.7302626079701363
X_pca,44,crizotinib,SW1271_LUNG,115,0.08599167172618513,0.7469229560831319
X_pca,44,crizotinib,TM31_CENTRAL_NERVOUS_SYSTEM,116,0.07426757587708002,0.7642849262418419
X_pca,44,crizotinib,NCIH747_LARGE_INTESTINE,80,0.06257696395465034,0.8402917817234993
X_pca,44,crizotinib,KPNSI9S_AUTONOMIC_GANGLIA,129,0.06560661038524421,0.7927272070285886
X_pca,44,crizotinib,SQ1_LUNG,238,0.06440803462519651,0.7987794244990629
X_pca,44,crizotinib,IALM_LUNG,322,0.08953735036697029,0.8173767017281574
X_pca,44,crizotinib,BT474_BREAST,125,0.06721252569649508,0.8894160647392273
X_pca,44,crizotinib,DKMG_CENTRAL_NERVOUS_SYSTEM,271,0.07274698394193044,0.7677052322348985
X_pca,44,crizotinib,BT549_BREAST,266,0.08361301725415234,0.8090607967591823
X_pca,44,crizotinib,BICR6_UPPER_AERODIGESTIVE_TRACT,286,0.057896672435296795,0.8691606848806768
X_pca,44,crizotinib,SH10TC_STOMACH,351,0.06216655422501948,0.8276391885219476
X_pca,44,crizotinib,UMUC1_URINARY_TRACT,197,0.05818434073570258,0.8085713961402777
X_pca,44,crizotinib,LS1034_LARGE_INTESTINE,146,0.07205957555534677,0.7254663354729953
X_pca,44,crizotinib,CCFSTTG1_CENTRAL_NERVOUS_SYSTEM,246,0.06874269656230782,0.8341107838522128
X_pca,44,crizotinib,NCIH226_LUNG,235,0.0768449340867554,0.7768341508317501
X_pca,44,crizotinib,LNCAPCLONEFGC_PROSTATE,129,0.055408204131729664,0.8972354471221451
X_pca,44,crizotinib,RCC10RGB_KIDNEY,233,0.07308484922750606,0.8249748784073433
X_pca,44,crizotinib,RERFLCAD1_LUNG,243,0.0664057572665588,0.7834808610594322
X_pca,44,crizotinib,SKMEL2_SKIN,276,0.09636656250748482,0.8202861894084059
X_pca,44,crizotinib,BICR31_UPPER_AERODIGESTIVE_TRACT,248,0.08971286078440602,0.8112022108849017
X_pca,44,crizotinib,RCM1_LARGE_INTESTINE,128,0.07114859534235163,0.8482658858411014
X_pca,44,crizotinib,COV434_OVARY,88,0.07469442672836701,0.8445745354348962
X_pca,44,crizotinib,SNU1079_BILIARY_TRACT,73,0.10634683346553936,0.9102842807769775
X_pca,44,crizotinib,YD38_UPPER_AERODIGESTIVE_TRACT,624,0.07392935119563007,0.8016666373572289
X_pca,44,crizotinib,NCIH1299_LUNG,534,0.0832995291981889,0.880556392089258
X_pca,44,crizotinib,IGR37_SKIN,347,0.08669747024976135,0.8734637131264986
X_pca,44,crizotinib,BFTC909_KIDNEY,379,0.08052695935698857,0.9046230133731007
X_pca,44,crizotinib,NCIH460_LUNG,837,0.08964049698012433,0.8300091452638451
X_pca,44,crizotinib,IGR1_SKIN,725,0.0769924833166582,0.8126490351249431
X_pca,44,crizotinib,VMCUB1_URINARY_TRACT,478,0.0895675053918893,0.9018056597170969
X_pca,44,crizotinib,JHOC5_OVARY,145,0.07805045750450441,0.8830582310413492
X_pca,44,crizotinib,42MGBA_CENTRAL_NERVOUS_SYSTEM,518,0.08702806944179949,0.8726271189547874
X_pca,44,crizotinib,HT1080_SOFT_TISSUE,516,0.09437499810425577,0.8249198448981425
X_pca,44,crizotinib,LI7_LIVER,196,0.0915695309782106,0.9010368074689593
X_pca,44,crizotinib,A375_SKIN,593,0.10025264042630194,0.8415244374468194
X_pca,44,crizotinib,FTC133_THYROID,140,0.09199322578899571,0.9085831425019673
X_pca,44,crizotinib,OVK18_OVARY,178,0.07113415626530187,0.9140323065639882
X_pca,44,crizotinib,ACCMESO1_PLEURA,162,0.09088828255212894,0.8408702733340087
X_pca,44,crizotinib,HMC18_BREAST,293,0.08036948023041081,0.8772137069458034
X_pca,44,crizotinib,TOV112D_OVARY,78,0.08557929008042785,0.7877775484170669
X_pca,44,crizotinib,JHH6_LIVER,206,0.08808104927713936,0.8894430830062015
X_pca,44,crizotinib,A2058_SKIN,294,0.08007773238017957,0.8615012424332755
X_pca,44,crizotinib,NCIH2110_LUNG,1990,0.08446719977418858,0.683851702683535
X_pca,44,crizotinib,NCIH650_LUNG,271,0.05621349086708065,0.8031896750865387
X_pca,44,crizotinib,EFE184_ENDOMETRIUM,86,0.0630118864374102,0.8084325346835824
X_pca,44,crizotinib,HUPT3_PANCREAS,136,0.06571145669632332,0.8572634677676594
X_pca,44,crizotinib,MDAMB361_BREAST,135,0.05521225772128404,0.8294260064760844
X_pca,44,crizotinib,BCPAP_THYROID,152,0.06844484178023241,0.8849694395535871
X_pca,44,crizotinib,PECAPJ49_UPPER_AERODIGESTIVE_TRACT,202,0.06751635384630347,0.8717945120712318
X_pca,44,crizotinib,EKVX_LUNG,146,0.0755451176792332,0.8162486247003895
X_pca,44,crizotinib,BICR56_UPPER_AERODIGESTIVE_TRACT,81,0.056724656050019764,0.7610351899523794
X_pca,44,crizotinib,NCIH2170_LUNG,142,0.08485314331978157,0.8027106771166895
X_pca,44,crizotinib,DETROIT562_UPPER_AERODIGESTIVE_TRACT,163,0.06898688376964181,0.7323114049215258
X_pca,44,crizotinib,SW1088_CENTRAL_NERVOUS_SYSTEM,128,0.08564681542320642,0.8986430349759758
X_pca,44,crizotinib,BHY_UPPER_AERODIGESTIVE_TRACT,145,0.08113307510722101,0.7365526774833943
X_pca,44,crizotinib,CAS1_CENTRAL_NERVOUS_SYSTEM,133,0.06916543134097303,0.8117995239738235
X_pca,44,crizotinib,HCC1428_BREAST,127,0.06664702163378716,0.8615238652454587
X_pca,44,crizotinib,HDQP1_BREAST,64,0.09255990643746916,0.8849376812577248
X_pca,44,crizotinib,OSRC2_KIDNEY,126,0.07376319999379434,0.9250005185604095
X_pca,44,crizotinib,HUPT4_PANCREAS,56,0.06022799089448912,0.7690204775759152
X_pca,44,crizotinib,TCCSUP_URINARY_TRACT,316,0.0876776063276837,0.7985445883455156
X_pca,44,crizotinib,VMRCRCZ_KIDNEY,300,0.06587404800898647,0.8502168895800909
X_pca,44,crizotinib,PK59_PANCREAS,174,0.0661589134524337,0.7937232077806845
X_pca,44,crizotinib,HUH6_LIVER,338,0.06612814777078861,0.7833361876081433
X_pca,44,crizotinib,MSTO211H_PLEURA,297,0.07008705181519759,0.7903968695839647
X_pca,44,crizotinib,HS852T_SKIN,162,0.08697720732455667,0.8267346734617963
X_pca,44,crizotinib,SKMEL30_SKIN,353,0.08380496494894149,0.792488102534675
X_pca,44,crizotinib,T47D_BREAST,221,0.06879491081311617,0.8999700319713058
X_pca,44,crizotinib,CALU6_LUNG,258,0.08203979054721049,0.8206325986588648
X_pca,44,crizotinib,NCIH522_LUNG,208,0.06624450494691046,0.7998417902451295
X_pca,44,crizotinib,LMSU_STOMACH,255,0.06795654030206658,0.7545857600137299
X_pca,44,crizotinib,SNUC4_LARGE_INTESTINE,467,0.07685917568546292,0.8134028025817054
X_pca,44,crizotinib,RVH421_SKIN,239,0.07306465556255157,0.8586256249679183
X_pca,44,crizotinib,OVSAHO_OVARY,227,0.058023239023757694,0.8279424483030378
X_pca,44,crizotinib,GOS3_CENTRAL_NERVOUS_SYSTEM,191,0.08012331526608231,0.8093950567445206
X_pca,44,crizotinib,SNU738_CENTRAL_NERVOUS_SYSTEM,379,0.07095582013565516,0.8114322175451193
X_pca,44,crizotinib,PC3_PROSTATE,169,0.08353468203446214,0.8319909001243185
X_pca,44,crizotinib,PATU8988S_PANCREAS,244,0.07077171261091948,0.794206289971461
X_pca,44,crizotinib,OVTOKO_OVARY,209,0.05016776481347937,0.8761666619606565
X_pca,44,crizotinib,TE1_OESOPHAGUS,206,0.1006901282164773,0.8478740181737733
X_pca,44,crizotinib,NCIH2087_LUNG,219,0.08426430080245316,0.7817946922833516
X_pca,44,crizotinib,EFM192A_BREAST,333,0.05603937037865404,0.8233298136665298
X_pca,44,crizotinib,SNU423_LIVER,212,0.07702937693067585,0.8254167985803676
X_pca,44,crizotinib,KPL1_BREAST,276,0.06779656319654205,0.7280452851799951
X_pca,44,crizotinib,NCIH358_LUNG,336,0.08810949667103689,0.6909740144120795
X_pca,44,crizotinib,COLO792_SKIN,271,0.07971490683700169,0.8690156006285186
X_pca,44,crizotinib,KYSE520_OESOPHAGUS,323,0.07580150624418433,0.8205187924137056
X_pca,44,crizotinib,KMRC3_KIDNEY,245,0.07157269725561316,0.8508074339555234
X_pca,44,crizotinib,MKN7_STOMACH,258,0.06035837202281213,0.81849798860476
X_pca,44,crizotinib,NCIH1944_LUNG,414,0.07489096234612387,0.8147935841394507
X_pca,44,crizotinib,TE6_OESOPHAGUS,551,0.07586734159472168,0.7859981763168169
X_pca,44,crizotinib,ZR751_BREAST,309,0.07645330208723386,0.8662179486651251
X_pca,44,crizotinib,PANC0203_PANCREAS,506,0.0696960831291736,0.8169080582060833
X_pca,44,crizotinib,SW1990_PANCREAS,307,0.053457815585186835,0.7817645867018436
X_pca,44,crizotinib,RD_SOFT_TISSUE,261,0.07251883379333977,0.8299179730287457
X_pca,44,crizotinib,NCIH1792_LUNG,111,0.08823316227193789,0.7794201121673928
X_pca,44,crizotinib,PK45H_PANCREAS,271,0.08345399491142146,0.7884743838292646
X_pca,44,crizotinib,LS180_LARGE_INTESTINE,361,0.07819457826733238,0.8664238642787669
X_pca,44,crizotinib,RERFLCAI_LUNG,763,0.06004301041661819,0.8180217802290211
X_pca,44,crizotinib,CAMA1_BREAST,291,0.08702198051047594,0.9050128564392168
X_pca,44,crizotinib,SNU449_LIVER,282,0.06786703675069522,0.8376776364678187
X_pca,44,crizotinib,A204_SOFT_TISSUE,250,0.07020273342455512,0.8076936018466949
X_pca,44,crizotinib,MKN45_STOMACH,118,0.08811540801827526,0.715356282763562
X_pca,44,crizotinib,HEP3B217_LIVER,118,0.05369858172264791,0.7096680544190488
X_pca,44,crizotinib,HOS_BONE,829,0.08727842842983524,0.7425098703911278
X_pca,44,crizotinib,EBC1_LUNG,186,0.07120337258647619,0.7725288893586846
X_pca,44,crizotinib,NCIH292_LUNG,213,0.07487316217996004,0.7279498487571036
X_pca,44,crizotinib,OUMS23_LARGE_INTESTINE,107,0.055975051325401814,0.7864565303392499
X_pca,44,crizotinib,HEC151_ENDOMETRIUM,250,0.08690314619016032,0.8580680108070373
X_pca,44,crizotinib,NCIH1373_LUNG,164,0.08737272152202429,0.8066641815551897
X_pca,44,crizotinib,TE9_OESOPHAGUS,248,0.08142665066281879,0.779049119641704
X_pca,44,crizotinib,HCC56_LARGE_INTESTINE,99,0.06203390826603398,0.861036732341304
X_pca,44,crizotinib,HT55_LARGE_INTESTINE,211,0.05718252814890961,0.9120548477670027
X_pca,44,crizotinib,RT4_URINARY_TRACT,106,0.062257099467173935,0.7489429116249084
X_pca,44,crizotinib,SKES1_BONE,91,0.07274331264675221,0.7981198331811926
X_pca,44,crizotinib,NCIH1435_LUNG,267,0.07776418574355297,0.7616700958669855
X_pca,44,crizotinib,8305C_THYROID,459,0.06598755085132314,0.8568470272882831
X_pca,44,crizotinib,NCIH2228_LUNG,367,0.06799982191826227,0.7925395639131114
X_pca,44,crizotinib,TE10_OESOPHAGUS,219,0.0889003440486523,0.7840016266526697
X_pca,44,crizotinib,ASPC1_PANCREAS,290,0.07143393509949462,0.6824863599292164
X_pca,44,crizotinib,HCC366_LUNG,202,0.06773352250087819,0.7918539746563034
X_pca,44,crizotinib,BICR16_UPPER_AERODIGESTIVE_TRACT,212,0.06592954948968983,0.795167309495638
X_pca,44,crizotinib,HEC6_ENDOMETRIUM,161,0.0697111580821576,0.8586266625741994
X_pca,44,crizotinib,KALS1_CENTRAL_NERVOUS_SYSTEM,288,0.07551159065145552,0.7294613139496909
X_pca,44,crizotinib,NCIH2444_LUNG,237,0.058533300584699785,0.7060199560998361
X_pca,44,crizotinib,SNU46_UPPER_AERODIGESTIVE_TRACT,236,0.08634360243979661,0.7831346756320888
X_pca,44,crizotinib,OAW28_OVARY,161,0.058175852403410305,0.8071687754636966
X_pca,44,crizotinib,SNU1214_UPPER_AERODIGESTIVE_TRACT,188,0.05904569701689966,0.8693846638532395
X_pca,44,crizotinib,SKMEL5_SKIN,297,0.07216247086834052,0.8314634665896997
X_pca,44,crizotinib,OVCAR4_OVARY,283,0.06005626284870129,0.7935470658561787
X_pca,44,crizotinib,UACC257_SKIN,239,0.07455171091222235,0.7251871026210706
X_pca,44,crizotinib,ONCODG1_OVARY,270,0.050180582318150695,0.8136904535470185
X_pca,44,crizotinib,HUH28_BILIARY_TRACT,139,0.06770943697751687,0.6173114765891068
X_pca,44,crizotinib,IM95_STOMACH,185,0.06131156846886486,0.7845122311566327
X_pca,44,crizotinib,TE14_OESOPHAGUS,474,0.07259095056046702,0.7700314255203375
X_pca,44,crizotinib,CAKI2_KIDNEY,278,0.0638635020627566,0.8501026128693451
X_pca,44,crizotinib,SU8686_PANCREAS,82,0.061370265384687206,0.6483813029963795
X_pca,44,crizotinib,SCC25_UPPER_AERODIGESTIVE_TRACT,898,0.06250250455030484,0.6841387316949649
X_pca,44,crizotinib,SCC9_UPPER_AERODIGESTIVE_TRACT,475,0.07592928605287508,0.7863939812308863
X_pca,44,afatinib,NCIH2126_LUNG,264,0.0839263284799403,0.4993979822505604
X_pca,44,afatinib,SW579_THYROID,217,0.08848036820198327,0.8890823881197635
X_pca,44,afatinib,NCIH446_LUNG,196,0.10924137127801557,0.8217292318538744
X_pca,44,afatinib,HEC251_ENDOMETRIUM,107,0.12519096973784105,0.667775514526902
X_pca,44,afatinib,MFE319_ENDOMETRIUM,191,0.08260870734580843,0.6320271604348228
X_pca,44,afatinib,SKNAS_AUTONOMIC_GANGLIA,226,0.09191909219485694,0.7528585831148434
X_pca,44,afatinib,NCIH2452_PLEURA,538,0.09467144252362783,0.8538932354919972
X_pca,44,afatinib,COLO741_SKIN,329,0.10324388594650048,0.8430392272928928
X_pca,44,afatinib,KNS42_CENTRAL_NERVOUS_SYSTEM,172,0.08911732450651091,0.7634459623070651
X_pca,44,afatinib,MCF7_BREAST,143,0.07809860852477106,0.8004888437844656
X_pca,44,afatinib,HT1197_URINARY_TRACT,74,0.07881849711770206,0.5302615113355018
X_pca,44,afatinib,SNU899_UPPER_AERODIGESTIVE_TRACT,83,0.07841600935995277,0.513481052166008
X_pca,44,afatinib,HCC38_BREAST,200,0.09422761813984225,0.6979483138024807
X_pca,44,afatinib,SNU308_BILIARY_TRACT,94,0.10427515506150065,0.5334089671043639
X_pca,44,afatinib,SW1271_LUNG,115,0.0968885798463841,0.7200493346089902
X_pca,44,afatinib,TM31_CENTRAL_NERVOUS_SYSTEM,116,0.09831429461753598,0.6351746318155321
X_pca,44,afatinib,NCIH747_LARGE_INTESTINE,80,0.09325338537312919,0.6925878018140793
X_pca,44,afatinib,KPNSI9S_AUTONOMIC_GANGLIA,129,0.0802320273504382,0.7744102750637735
X_pca,44,afatinib,SQ1_LUNG,238,0.09820822030745827,0.4783216474436912
X_pca,44,afatinib,IALM_LUNG,322,0.09831148116260204,0.74546142607372
X_pca,44,afatinib,BT474_BREAST,125,0.10067226983938088,0.49603542804718015
X_pca,44,afatinib,DKMG_CENTRAL_NERVOUS_SYSTEM,271,0.07730026382848643,0.7752124449423758
X_pca,44,afatinib,BT549_BREAST,266,0.0884023469765249,0.746722861564249
X_pca,44,afatinib,BICR6_UPPER_AERODIGESTIVE_TRACT,286,0.07448586700967415,0.6582330929024236
X_pca,44,afatinib,SH10TC_STOMACH,351,0.07609140961396327,0.8440170566580574
X_pca,44,afatinib,UMUC1_URINARY_TRACT,197,0.06430280451514599,0.44034900671334437
X_pca,44,afatinib,LS1034_LARGE_INTESTINE,146,0.08289974741451307,0.4131913446400264
X_pca,44,afatinib,CCFSTTG1_CENTRAL_NERVOUS_SYSTEM,246,0.08159533211050643,0.7881804818544931
X_pca,44,afatinib,NCIH226_LUNG,235,0.08774362221533201,0.6426544339098829
X_pca,44,afatinib,LNCAPCLONEFGC_PROSTATE,129,0.08160320285442813,0.7317921805751416
X_pca,44,afatinib,RCC10RGB_KIDNEY,233,0.09000265282495772,0.6705716482559498
X_pca,44,afatinib,RERFLCAD1_LUNG,243,0.08195608546550813,0.6874352952335107
X_pca,44,afatinib,SKMEL2_SKIN,276,0.10744739538978612,0.711588020665922
X_pca,44,afatinib,BICR31_UPPER_AERODIGESTIVE_TRACT,248,0.12776729830213543,0.6361439647453446
X_pca,44,afatinib,RCM1_LARGE_INTESTINE,128,0.09034469720706756,0.6405556437093765
X_pca,44,afatinib,COV434_OVARY,88,0.09344468001846375,0.7778793512420221
X_pca,44,afatinib,SNU1079_BILIARY_TRACT,73,0.08430434109714566,0.6939992341276717
X_pca,44,afatinib,YD38_UPPER_AERODIGESTIVE_TRACT,624,0.10306952193197749,0.4784305706047095
X_pca,44,afatinib,NCIH1299_LUNG,534,0.1110087277088582,0.7407610210474957
X_pca,44,afatinib,IGR37_SKIN,347,0.096711622997557,0.7503242460039232
X_pca,44,afatinib,BFTC909_KIDNEY,379,0.08955658461561541,0.8360828886245989
X_pca,44,afatinib,NCIH460_LUNG,837,0.1102877551118614,0.6788219403622399
X_pca,44,afatinib,IGR1_SKIN,725,0.08767372218632667,0.7860691736895462
X_pca,44,afatinib,VMCUB1_URINARY_TRACT,478,0.113886923183444,0.5610408186289058
X_pca,44,afatinib,JHOC5_OVARY,145,0.10289961112786841,0.60660934057729
X_pca,44,afatinib,42MGBA_CENTRAL_NERVOUS_SYSTEM,518,0.10909045443789783,0.8146210896232413
X_pca,44,afatinib,HT1080_SOFT_TISSUE,516,0.10936454017209928,0.7597446095111758
X_pca,44,afatinib,LI7_LIVER,196,0.09991890889886977,0.7155644627554076
X_pca,44,afatinib,A375_SKIN,593,0.12263490758584926,0.6483377637388734
X_pca,44,afatinib,FTC133_THYROID,140,0.12228837611712359,0.7438906303473881
X_pca,44,afatinib,OVK18_OVARY,178,0.09057787751797694,0.7009417200356387
X_pca,44,afatinib,ACCMESO1_PLEURA,162,0.09323465677650344,0.848901742770348
X_pca,44,afatinib,HMC18_BREAST,293,0.09305592298843232,0.7920498764555609
X_pca,44,afatinib,TOV112D_OVARY,78,0.09240807689672445,0.8139048149952521
X_pca,44,afatinib,JHH6_LIVER,206,0.10400187016514412,0.6580589682731813
X_pca,44,afatinib,A2058_SKIN,294,0.09722960642448292,0.8144250672285248
X_pca,44,afatinib,NCIH2110_LUNG,1990,0.08094855461832261,0.49330990587047596
X_pca,44,afatinib,NCIH650_LUNG,271,0.06830659739620686,0.6429071013997841
X_pca,44,afatinib,EFE184_ENDOMETRIUM,86,0.09107215172591304,0.5914046681204508
X_pca,44,afatinib,HUPT3_PANCREAS,136,0.07923861497353718,0.6682584261631265
X_pca,44,afatinib,MDAMB361_BREAST,135,0.08133358286727727,0.5234183428464112
X_pca,44,afatinib,BCPAP_THYROID,152,0.0966463960043032,0.7123260919592882
X_pca,44,afatinib,PECAPJ49_UPPER_AERODIGESTIVE_TRACT,202,0.08823492306342866,0.39430068949661634
X_pca,44,afatinib,EKVX_LUNG,146,0.11448538663135069,0.6938230495338571
X_pca,44,afatinib,BICR56_UPPER_AERODIGESTIVE_TRACT,81,0.09293966054845787,0.4403149724742513
X_pca,44,afatinib,NCIH2170_LUNG,142,0.11042279949185424,0.526679547529825
X_pca,44,afatinib,DETROIT562_UPPER_AERODIGESTIVE_TRACT,163,0.08999793303454397,0.4834585456760383
X_pca,44,afatinib,SW1088_CENTRAL_NERVOUS_SYSTEM,128,0.11467866376634953,0.7975717114750296
X_pca,44,afatinib,BHY_UPPER_AERODIGESTIVE_TRACT,145,0.11828347157809797,0.541960116295979
X_pca,44,afatinib,CAS1_CENTRAL_NERVOUS_SYSTEM,133,0.0862531831935342,0.7842882822330733
X_pca,44,afatinib,HCC1428_BREAST,127,0.0911462659165347,0.7292578896199624
X_pca,44,afatinib,HDQP1_BREAST,64,0.11801187780560762,0.6697518741711974
X_pca,44,afatinib,OSRC2_KIDNEY,126,0.0951210486397486,0.700257293998249
X_pca,44,afatinib,HUPT4_PANCREAS,56,0.07523461472930487,0.6890987242971148
X_pca,44,afatinib,TCCSUP_URINARY_TRACT,316,0.10749336343181723,0.8303778163994415
X_pca,44,afatinib,VMRCRCZ_KIDNEY,300,0.09068817959305733,0.6107394595940908
X_pca,44,afatinib,PK59_PANCREAS,174,0.08911583676475515,0.767006606548682
X_pca,44,afatinib,HUH6_LIVER,338,0.077145250736369,0.6771898234384299
X_pca,44,afatinib,MSTO211H_PLEURA,297,0.078920349570912,0.8519340418404602
X_pca,44,afatinib,HS852T_SKIN,162,0.10781099029603086,0.7044487858628049
X_pca,44,afatinib,SKMEL30_SKIN,353,0.1072197800564488,0.7285771266934554
X_pca,44,afatinib,T47D_BREAST,221,0.08355165742181744,0.7641322707158947
X_pca,44,afatinib,CALU6_LUNG,258,0.10691994782322876,0.7756687484739363
X_pca,44,afatinib,NCIH522_LUNG,208,0.07433164843289759,0.7626707422045561
X_pca,44,afatinib,LMSU_STOMACH,255,0.10809071099779863,0.7021719209119386
X_pca,44,afatinib,SNUC4_LARGE_INTESTINE,467,0.09486996707594733,0.6438583138795685
X_pca,44,afatinib,RVH421_SKIN,239,0.10521794378424894,0.6934332503434505
X_pca,44,afatinib,OVSAHO_OVARY,227,0.07408105323944562,0.6492215859732439
X_pca,44,afatinib,GOS3_CENTRAL_NERVOUS_SYSTEM,191,0.09006230465152759,0.779380935648973
X_pca,44,afatinib,SNU738_CENTRAL_NERVOUS_SYSTEM,379,0.06638762181243264,0.7828903031537904
X_pca,44,afatinib,PC3_PROSTATE,169,0.07285303251971258,0.8378594630568691
X_pca,44,afatinib,PATU8988S_PANCREAS,244,0.09102634005598192,0.803775463680752
X_pca,44,afatinib,OVTOKO_OVARY,209,0.07689918605353423,0.5721784597663788
X_pca,44,afatinib,TE1_OESOPHAGUS,206,0.11040937799938298,0.5990394941232737
X_pca,44,afatinib,NCIH2087_LUNG,219,0.10964992583046233,0.612304525968691
X_pca,44,afatinib,EFM192A_BREAST,333,0.0983877704053149,0.6529472846168656
X_pca,44,afatinib,SNU423_LIVER,212,0.08313849917774983,0.7430838235425499
X_pca,44,afatinib,KPL1_BREAST,276,0.05713537872743,0.8110145012969556
X_pca,44,afatinib,NCIH358_LUNG,336,0.09088343615556008,0.6249069057937179
X_pca,44,afatinib,COLO792_SKIN,271,0.08482587281845859,0.708756259886541
X_pca,44,afatinib,KYSE520_OESOPHAGUS,323,0.09421767408933776,0.5975973040511364
X_pca,44,afatinib,KMRC3_KIDNEY,245,0.06875594450676757,0.7639602502998041
X_pca,44,afatinib,MKN7_STOMACH,258,0.09249663682392215,0.665186925336372
X_pca,44,afatinib,NCIH1944_LUNG,414,0.11176027679142558,0.6856016616746423
X_pca,44,afatinib,TE6_OESOPHAGUS,551,0.09435137153320401,0.5936502184712086
X_pca,44,afatinib,ZR751_BREAST,309,0.08567536683702762,0.70971574791041
X_pca,44,afatinib,PANC0203_PANCREAS,506,0.10805222026197894,0.4907555891708894
X_pca,44,afatinib,SW1990_PANCREAS,307,0.08761981987300103,0.750630925843304
X_pca,44,afatinib,RD_SOFT_TISSUE,261,0.08479739659109427,0.7754245779523448
X_pca,44,afatinib,NCIH1792_LUNG,111,0.11051176162590369,0.7529649310283832
X_pca,44,afatinib,PK45H_PANCREAS,271,0.09183376575037577,0.7872712163467689
X_pca,44,afatinib,LS180_LARGE_INTESTINE,361,0.09918458797059662,0.57225318306701
X_pca,44,afatinib,RERFLCAI_LUNG,763,0.07783158798559202,0.8078163093539397
X_pca,44,afatinib,CAMA1_BREAST,291,0.076939796591791,0.8209117313021237
X_pca,44,afatinib,SNU449_LIVER,282,0.10564398685587499,0.6058378381297943
X_pca,44,afatinib,A204_SOFT_TISSUE,250,0.08333964880327957,0.8007849931716919
X_pca,44,afatinib,MKN45_STOMACH,118,0.10032028993599522,0.6340953091443595
X_pca,44,afatinib,HEP3B217_LIVER,118,0.08561355211797654,0.7084143603757277
X_pca,44,afatinib,HOS_BONE,829,0.09056339307546905,0.7621901350228433
X_pca,44,afatinib,EBC1_LUNG,186,0.09720970902293195,0.6137533227923095
X_pca,44,afatinib,NCIH292_LUNG,213,0.11232689570624833,0.5683153747392932
X_pca,44,afatinib,OUMS23_LARGE_INTESTINE,107,0.07541085324306956,0.7025515116820825
X_pca,44,afatinib,HEC151_ENDOMETRIUM,250,0.11727746048445958,0.6245676501989365
X_pca,44,afatinib,NCIH1373_LUNG,164,0.10710751060564187,0.6558905581875545
X_pca,44,afatinib,TE9_OESOPHAGUS,248,0.0911538928011633,0.614622168723614
X_pca,44,afatinib,HCC56_LARGE_INTESTINE,99,0.0902103050399857,0.6027036480831377
X_pca,44,afatinib,HT55_LARGE_INTESTINE,211,0.057125674431071166,0.7902942986284952
X_pca,44,afatinib,RT4_URINARY_TRACT,106,0.07073102971086973,0.7231455583055064
X_pca,44,afatinib,SKES1_BONE,91,0.08502617742424469,0.8421351601789285
X_pca,44,afatinib,NCIH1435_LUNG,267,0.11313041747066145,0.5431950875882352
X_pca,44,afatinib,8305C_THYROID,459,0.09653886225184696,0.7597134447045836
X_pca,44,afatinib,NCIH2228_LUNG,367,0.10567677512602186,0.5525175651347605
X_pca,44,afatinib,TE10_OESOPHAGUS,219,0.1140530525770928,0.5058092534814251
X_pca,44,afatinib,ASPC1_PANCREAS,290,0.093520717808133,0.7371897967724964
X_pca,44,afatinib,HCC366_LUNG,202,0.08354765138661088,0.6638039294445869
X_pca,44,afatinib,BICR16_UPPER_AERODIGESTIVE_TRACT,212,0.08528640232512404,0.5156461566967784
X_pca,44,afatinib,HEC6_ENDOMETRIUM,161,0.07797177730247667,0.6900435471386643
X_pca,44,afatinib,KALS1_CENTRAL_NERVOUS_SYSTEM,288,0.0933098420134314,0.8434398621320724
X_pca,44,afatinib,NCIH2444_LUNG,237,0.09448263710757526,0.576036783964825
X_pca,44,afatinib,SNU46_UPPER_AERODIGESTIVE_TRACT,236,0.13730444302419623,0.5971459871378996
X_pca,44,afatinib,OAW28_OVARY,161,0.07854600970197191,0.5688708530079504
X_pca,44,afatinib,SNU1214_UPPER_AERODIGESTIVE_TRACT,188,0.07994895411734945,0.36918100365932954
X_pca,44,afatinib,SKMEL5_SKIN,297,0.09915044288651745,0.6621216278686266
X_pca,44,afatinib,OVCAR4_OVARY,283,0.07332056059243873,0.6315880974906072
X_pca,44,afatinib,UACC257_SKIN,239,0.10421053285941188,0.7590094818480344
X_pca,44,afatinib,ONCODG1_OVARY,270,0.06505313346709912,0.7091067470886089
X_pca,44,afatinib,HUH28_BILIARY_TRACT,139,0.07500053578408203,0.7142397156722254
X_pca,44,afatinib,IM95_STOMACH,185,0.08789892875597817,0.5952674580586923
X_pca,44,afatinib,TE14_OESOPHAGUS,474,0.08814844341081314,0.40700342635062176
X_pca,44,afatinib,CAKI2_KIDNEY,278,0.08624527182084765,0.6687922624589728
X_pca,44,afatinib,SU8686_PANCREAS,82,0.0587070092929,0.7278161739430776
X_pca,44,afatinib,SCC25_UPPER_AERODIGESTIVE_TRACT,898,0.07519912351504575,0.578720200698997
X_pca,44,afatinib,SCC9_UPPER_AERODIGESTIVE_TRACT,475,0.08391557520334686,0.751179854305167
X_scGPT,42,doxorubicin,NCIH2126_LUNG,264,0.034424688849192434,0.6425300546442018
X_scGPT,42,doxorubicin,SW579_THYROID,217,0.040225108489617974,0.5947014954507626
X_scGPT,42,doxorubicin,NCIH446_LUNG,196,0.0606428056627123,0.3348535782828623
X_scGPT,42,doxorubicin,HEC251_ENDOMETRIUM,107,0.06026516036799817,0.6376005795514472
X_scGPT,42,doxorubicin,MFE319_ENDOMETRIUM,191,0.017074193428489624,0.6586338634266279
X_scGPT,42,doxorubicin,SKNAS_AUTONOMIC_GANGLIA,226,0.01500041002381392,0.601726853214534
X_scGPT,42,doxorubicin,NCIH2452_PLEURA,538,0.047076652362224594,0.6220873737202258
X_scGPT,42,doxorubicin,COLO741_SKIN,329,0.042615547153458985,0.5696506657861287
X_scGPT,42,doxorubicin,KNS42_CENTRAL_NERVOUS_SYSTEM,172,0.0676753246295871,0.5664037282383719
X_scGPT,42,doxorubicin,MCF7_BREAST,143,0.09510777033539558,0.6861307798148869
X_scGPT,42,doxorubicin,HT1197_URINARY_TRACT,74,0.03732117295107043,0.6686671666196875
X_scGPT,42,doxorubicin,SNU899_UPPER_AERODIGESTIVE_TRACT,83,0.008827314335766468,0.6902718946158167
X_scGPT,42,doxorubicin,HCC38_BREAST,200,0.046073861670975935,0.6073196040093899
X_scGPT,42,doxorubicin,SNU308_BILIARY_TRACT,94,0.04435780314755293,0.5849868483999943
X_scGPT,42,doxorubicin,SW1271_LUNG,115,0.052160898143466805,0.6389048488243766
X_scGPT,42,doxorubicin,TM31_CENTRAL_NERVOUS_SYSTEM,116,0.010752047232780764,0.6484217355991232
X_scGPT,42,doxorubicin,NCIH747_LARGE_INTESTINE,80,0.04577876093600404,0.6203847497701644
X_scGPT,42,doxorubicin,KPNSI9S_AUTONOMIC_GANGLIA,129,0.03352969984812052,0.5134821721287661
X_scGPT,42,doxorubicin,SQ1_LUNG,238,0.023094353322636218,0.6875549166643319
X_scGPT,42,doxorubicin,IALM_LUNG,322,0.048484886686297586,0.6295889636374409
X_scGPT,42,doxorubicin,BT474_BREAST,125,0.06073601544419552,0.7142398657798767
X_scGPT,42,doxorubicin,DKMG_CENTRAL_NERVOUS_SYSTEM,271,0.04113665122186666,0.47466700675302764
X_scGPT,42,doxorubicin,BT549_BREAST,266,0.049194854966945575,0.5750313178265005
X_scGPT,42,doxorubicin,BICR6_UPPER_AERODIGESTIVE_TRACT,286,0.04253968244556349,0.5575482585838625
X_scGPT,42,doxorubicin,SH10TC_STOMACH,351,0.031306970641922054,0.5573571045853813
X_scGPT,42,doxorubicin,UMUC1_URINARY_TRACT,197,0.055486276611956035,0.5885277127251407
X_scGPT,42,doxorubicin,LS1034_LARGE_INTESTINE,146,0.05056542091302351,0.7132690618299458
X_scGPT,42,doxorubicin,CCFSTTG1_CENTRAL_NERVOUS_SYSTEM,246,0.0358092633339555,0.4947453847503274
X_scGPT,42,doxorubicin,NCIH226_LUNG,235,0.053982718307049704,0.6081986560466441
X_scGPT,42,doxorubicin,LNCAPCLONEFGC_PROSTATE,129,0.01139589034112218,0.641121695207995
X_scGPT,42,doxorubicin,RCC10RGB_KIDNEY,233,0.042906996167695236,0.5932012639076413
X_scGPT,42,doxorubicin,RERFLCAD1_LUNG,243,0.028799014881828795,0.5695802272592553
X_scGPT,42,doxorubicin,SKMEL2_SKIN,276,0.04265277540210602,0.5515660878972731
X_scGPT,42,doxorubicin,BICR31_UPPER_AERODIGESTIVE_TRACT,248,0.045982537318709896,0.5992878248854991
X_scGPT,42,doxorubicin,RCM1_LARGE_INTESTINE,128,0.046733227908688474,0.630732792429626
X_scGPT,42,doxorubicin,COV434_OVARY,88,0.10145811910144317,0.29124697331677785
X_scGPT,42,doxorubicin,SNU1079_BILIARY_TRACT,73,0.0825991570389841,0.6499243137771136
X_scGPT,42,doxorubicin,YD38_UPPER_AERODIGESTIVE_TRACT,624,0.03121051574768823,0.5697374049669657
X_scGPT,42,doxorubicin,NCIH1299_LUNG,534,0.010210144007315415,0.6348896868219983
X_scGPT,42,doxorubicin,IGR37_SKIN,347,0.009107477344605227,0.6419050787986184
X_scGPT,42,doxorubicin,BFTC909_KIDNEY,379,0.03810857406864074,0.5153684338510508
X_scGPT,42,doxorubicin,NCIH460_LUNG,837,0.03831569676022743,0.5099126986064364
X_scGPT,42,doxorubicin,IGR1_SKIN,725,0.03543705962576748,0.6523630908028832
X_scGPT,42,doxorubicin,VMCUB1_URINARY_TRACT,478,0.028029923921136617,0.5639450388598143
X_scGPT,42,doxorubicin,JHOC5_OVARY,145,0.037248695416061135,0.61967829712506
X_scGPT,42,doxorubicin,42MGBA_CENTRAL_NERVOUS_SYSTEM,518,0.04647608521684153,0.533938413881427
X_scGPT,42,doxorubicin,HT1080_SOFT_TISSUE,516,0.041656895231300124,0.5759590595036514
X_scGPT,42,doxorubicin,LI7_LIVER,196,0.04773226935603872,0.6356781258875009
X_scGPT,42,doxorubicin,A375_SKIN,593,0.04149422889850162,0.5137268593801817
X_scGPT,42,doxorubicin,FTC133_THYROID,140,0.03361650239679862,0.5997672638722829
X_scGPT,42,doxorubicin,OVK18_OVARY,178,0.05001874838035649,0.5594521826237775
X_scGPT,42,doxorubicin,ACCMESO1_PLEURA,162,0.010270840409652558,0.642251459536729
X_scGPT,42,doxorubicin,HMC18_BREAST,293,0.01064305817632084,0.6390074698998253
X_scGPT,42,doxorubicin,TOV112D_OVARY,78,0.010903551178360369,0.6001888941495847
X_scGPT,42,doxorubicin,JHH6_LIVER,206,0.03966788329511593,0.5908255872217197
X_scGPT,42,doxorubicin,A2058_SKIN,294,0.06064642180574261,0.5811128048669725
X_scGPT,42,doxorubicin,NCIH2110_LUNG,1990,0.04723239716200914,0.6183488834593164
X_scGPT,42,doxorubicin,NCIH650_LUNG,271,0.029688348098573108,0.6150823993216581
X_scGPT,42,doxorubicin,EFE184_ENDOMETRIUM,86,0.04776880340009878,0.7145911261092784
X_scGPT,42,doxorubicin,HUPT3_PANCREAS,136,0.054276146112650275,0.6006011954125237
X_scGPT,42,doxorubicin,MDAMB361_BREAST,135,0.11783847273077785,0.7119098221814191
X_scGPT,42,doxorubicin,BCPAP_THYROID,152,0.045014565538470476,0.6141437566594073
X_scGPT,42,doxorubicin,PECAPJ49_UPPER_AERODIGESTIVE_TRACT,202,0.055596006495861924,0.5647883993564266
X_scGPT,42,doxorubicin,EKVX_LUNG,146,0.012611970738603826,0.6612666812661576
X_scGPT,42,doxorubicin,BICR56_UPPER_AERODIGESTIVE_TRACT,81,0.0385852926705733,0.5565705586362768
X_scGPT,42,doxorubicin,NCIH2170_LUNG,142,0.0519408377699378,0.6310514723750907
X_scGPT,42,doxorubicin,DETROIT562_UPPER_AERODIGESTIVE_TRACT,163,0.009541331801960306,0.6886376288770898
X_scGPT,42,doxorubicin,SW1088_CENTRAL_NERVOUS_SYSTEM,128,0.05947433519775762,0.5940267913974822
X_scGPT,42,doxorubicin,BHY_UPPER_AERODIGESTIVE_TRACT,145,0.04290965679129719,0.598013096431206
X_scGPT,42,doxorubicin,CAS1_CENTRAL_NERVOUS_SYSTEM,133,0.05921356809004502,0.5920083643798542
X_scGPT,42,doxorubicin,HCC1428_BREAST,127,0.05627543086879187,0.614107306313327
X_scGPT,42,doxorubicin,HDQP1_BREAST,64,0.027071240016036228,0.6405182061716914
X_scGPT,42,doxorubicin,OSRC2_KIDNEY,126,0.022708363687939458,0.6888288089207241
X_scGPT,42,doxorubicin,HUPT4_PANCREAS,56,0.04342873047684738,0.5820369922689029
X_scGPT,42,doxorubicin,TCCSUP_URINARY_TRACT,316,0.05252574225943322,0.5802847030985204
X_scGPT,42,doxorubicin,VMRCRCZ_KIDNEY,300,0.01279524797425782,0.6618807260195414
X_scGPT,42,doxorubicin,PK59_PANCREAS,174,0.03117435776200023,0.5997365608640101
X_scGPT,42,doxorubicin,HUH6_LIVER,338,0.0730804028322057,0.7365783526170888
X_scGPT,42,doxorubicin,MSTO211H_PLEURA,297,0.03857866345271762,0.5881841027174735
X_scGPT,42,doxorubicin,HS852T_SKIN,162,0.03676695306084917,0.5801562731280739
X_scGPT,42,doxorubicin,SKMEL30_SKIN,353,0.05042021148611899,0.6475794637844853
X_scGPT,42,doxorubicin,T47D_BREAST,221,0.14030502239317444,0.7050297447728895
X_scGPT,42,doxorubicin,CALU6_LUNG,258,0.04642215515801371,0.5506463185992352
X_scGPT,42,doxorubicin,NCIH522_LUNG,208,0.013941738333985865,0.6156821703681579
X_scGPT,42,doxorubicin,LMSU_STOMACH,255,0.009585641917740886,0.6475898756700403
X_scGPT,42,doxorubicin,SNUC4_LARGE_INTESTINE,467,0.050670037153967715,0.6616919492501008
X_scGPT,42,doxorubicin,RVH421_SKIN,239,0.05998254312172294,0.7156105862002992
X_scGPT,42,doxorubicin,OVSAHO_OVARY,227,0.013704538677284807,0.6437701887496242
X_scGPT,42,doxorubicin,GOS3_CENTRAL_NERVOUS_SYSTEM,191,0.012863393929459038,0.6446382259823265
X_scGPT,42,doxorubicin,SNU738_CENTRAL_NERVOUS_SYSTEM,379,0.04401334041754675,0.6332755919968547
X_scGPT,42,doxorubicin,PC3_PROSTATE,169,0.04350530770630382,0.6234205818387883
X_scGPT,42,doxorubicin,PATU8988S_PANCREAS,244,0.01574194912203469,0.7326558349562473
X_scGPT,42,doxorubicin,OVTOKO_OVARY,209,0.012086649024409023,0.6777198859379052
X_scGPT,42,doxorubicin,TE1_OESOPHAGUS,206,0.03693191729854891,0.6664326098358747
X_scGPT,42,doxorubicin,NCIH2087_LUNG,219,0.06572106348943225,0.573824096351998
X_scGPT,42,doxorubicin,EFM192A_BREAST,333,0.030998474591896644,0.5913258376601223
X_scGPT,42,doxorubicin,SNU423_LIVER,212,0.04083018026763023,0.6742493527115516
X_scGPT,42,doxorubicin,KPL1_BREAST,276,0.044722411319601814,0.5759887622966282
X_scGPT,42,doxorubicin,NCIH358_LUNG,336,0.043052439427462494,0.5984223032636302
X_scGPT,42,doxorubicin,COLO792_SKIN,271,0.011802813242377736,0.6632112238239978
X_scGPT,42,doxorubicin,KYSE520_OESOPHAGUS,323,0.00937426745719101,0.6830375312651643
X_scGPT,42,doxorubicin,KMRC3_KIDNEY,245,0.03813217336101313,0.6513241402956904
X_scGPT,42,doxorubicin,MKN7_STOMACH,258,0.03615386790270302,0.5900190166493718
X_scGPT,42,doxorubicin,NCIH1944_LUNG,414,0.011299847579044805,0.672667102681266
X_scGPT,42,doxorubicin,TE6_OESOPHAGUS,551,0.011530222759640562,0.6802670403963424
X_scGPT,42,doxorubicin,ZR751_BREAST,309,0.08393765409193507,0.5042605183078247
X_scGPT,42,doxorubicin,PANC0203_PANCREAS,506,0.03400463871642828,0.6031688743900404
X_scGPT,42,doxorubicin,SW1990_PANCREAS,307,0.03341587000807734,0.5872262952187939
X_scGPT,42,doxorubicin,RD_SOFT_TISSUE,261,0.03770051029246344,0.5177877006402875
X_scGPT,42,doxorubicin,NCIH1792_LUNG,111,0.05494756310818517,0.6569866873659529
X_scGPT,42,doxorubicin,PK45H_PANCREAS,271,0.03932595902305217,0.7069241670664826
X_scGPT,42,doxorubicin,LS180_LARGE_INTESTINE,361,0.050607435869615906,0.5910136996048639
X_scGPT,42,doxorubicin,RERFLCAI_LUNG,763,0.038763482767455365,0.6001083103263675
X_scGPT,42,doxorubicin,CAMA1_BREAST,291,0.04159063135867677,0.5704407852744728
X_scGPT,42,doxorubicin,SNU449_LIVER,282,0.03613188645920478,0.6062345146498782
X_scGPT,42,doxorubicin,A204_SOFT_TISSUE,250,0.11033560351697988,0.4254159026145935
X_scGPT,42,doxorubicin,MKN45_STOMACH,118,0.10835294842178608,0.6661600637233863
X_scGPT,42,doxorubicin,HEP3B217_LIVER,118,0.01103577830846567,0.6757441693443363
X_scGPT,42,doxorubicin,HOS_BONE,829,0.05269614971384351,0.575971133027347
X_scGPT,42,doxorubicin,EBC1_LUNG,186,0.043538452982936536,0.6381168014580204
X_scGPT,42,doxorubicin,NCIH292_LUNG,213,0.0346350919458699,0.5953093085770316
X_scGPT,42,doxorubicin,OUMS23_LARGE_INTESTINE,107,0.04491477362279054,0.5790326988028589
X_scGPT,42,doxorubicin,HEC151_ENDOMETRIUM,250,0.040837009746075105,0.6924443798065185
X_scGPT,42,doxorubicin,NCIH1373_LUNG,164,0.03646889933170884,0.6397682435628844
X_scGPT,42,doxorubicin,TE9_OESOPHAGUS,248,0.00995526765885158,0.694576199496946
X_scGPT,42,doxorubicin,HCC56_LARGE_INTESTINE,99,0.053084482747512214,0.6391798396303197
X_scGPT,42,doxorubicin,HT55_LARGE_INTESTINE,211,0.09387140139816968,0.7705638592277093
X_scGPT,42,doxorubicin,RT4_URINARY_TRACT,106,0.04861447081770775,0.5852522762878886
X_scGPT,42,doxorubicin,SKES1_BONE,91,0.015608855555613968,0.6038252979844481
X_scGPT,42,doxorubicin,NCIH1435_LUNG,267,0.031325605470012674,0.6491144113103102
X_scGPT,42,doxorubicin,8305C_THYROID,459,0.03455068956494886,0.6520261178868528
X_scGPT,42,doxorubicin,NCIH2228_LUNG,367,0.03484275932354823,0.6574882871448506
X_scGPT,42,doxorubicin,TE10_OESOPHAGUS,219,0.03339175610114258,0.6133513189341924
X_scGPT,42,doxorubicin,ASPC1_PANCREAS,290,0.029938739175336442,0.7228820406157395
X_scGPT,42,doxorubicin,HCC366_LUNG,202,0.029779194551940554,0.5995116672008345
X_scGPT,42,doxorubicin,BICR16_UPPER_AERODIGESTIVE_TRACT,212,0.04618566943299438,0.5278000824575154
X_scGPT,42,doxorubicin,HEC6_ENDOMETRIUM,161,0.04108013144248164,0.6094732010586662
X_scGPT,42,doxorubicin,KALS1_CENTRAL_NERVOUS_SYSTEM,288,0.008029351858720054,0.6520480165878931
X_scGPT,42,doxorubicin,NCIH2444_LUNG,237,0.02515910265585498,0.6942965780632405
X_scGPT,42,doxorubicin,SNU46_UPPER_AERODIGESTIVE_TRACT,236,0.05146001992400783,0.6431576541419757
X_scGPT,42,doxorubicin,OAW28_OVARY,161,0.05741287104396923,0.614888268227903
X_scGPT,42,doxorubicin,SNU1214_UPPER_AERODIGESTIVE_TRACT,188,0.04024410239042458,0.5314780648084397
X_scGPT,42,doxorubicin,SKMEL5_SKIN,297,0.045304284089148605,0.715967362577265
X_scGPT,42,doxorubicin,OVCAR4_OVARY,283,0.06141541253553951,0.6715158112478762
X_scGPT,42,doxorubicin,UACC257_SKIN,239,0.03774500351815635,0.5679855813042389
X_scGPT,42,doxorubicin,ONCODG1_OVARY,270,0.011395874068629634,0.6799643229555201
X_scGPT,42,doxorubicin,HUH28_BILIARY_TRACT,139,0.008678016248795663,0.6436700537907991
X_scGPT,42,doxorubicin,IM95_STOMACH,185,0.04401836243185355,0.7195435913833412
X_scGPT,42,doxorubicin,TE14_OESOPHAGUS,474,0.03625237866974056,0.5255319518882011
X_scGPT,42,doxorubicin,CAKI2_KIDNEY,278,0.03081603478011356,0.7376682779771818
X_scGPT,42,doxorubicin,SU8686_PANCREAS,82,0.04890660028709535,0.6492782831192017
X_scGPT,42,doxorubicin,SCC25_UPPER_AERODIGESTIVE_TRACT,898,0.009947024375253405,0.6748153765775048
X_scGPT,42,doxorubicin,SCC9_UPPER_AERODIGESTIVE_TRACT,475,0.013482124993137855,0.6445991656654759
X_scGPT,42,platin,NCIH2126_LUNG,264,0.022230694372517863,0.9797080795873295
X_scGPT,42,platin,SW579_THYROID,217,0.011824062618366967,1.0092615861497167
X_scGPT,42,platin,NCIH446_LUNG,196,0.01642463732396759,0.9946061570425423
X_scGPT,42,platin,HEC251_ENDOMETRIUM,107,0.026202151324782416,1.015441565313072
X_scGPT,42,platin,MFE319_ENDOMETRIUM,191,0.015469659980315844,1.0057838062965434
X_scGPT,42,platin,SKNAS_AUTONOMIC_GANGLIA,226,0.015042292231894547,1.0115937332136442
X_scGPT,42,platin,NCIH2452_PLEURA,538,0.01385890112405313,1.0040934883528925
X_scGPT,42,platin,COLO741_SKIN,329,0.016492653628280975,1.0554946458086054
X_scGPT,42,platin,KNS42_CENTRAL_NERVOUS_SYSTEM,172,0.023841069660723156,1.0485385250906611
X_scGPT,42,platin,MCF7_BREAST,143,0.027141068494391418,1.0449836520881919
X_scGPT,42,platin,HT1197_URINARY_TRACT,74,0.032823195659750386,0.9450883148489772
X_scGPT,42,platin,SNU899_UPPER_AERODIGESTIVE_TRACT,83,0.01284336354930417,0.9594003156007055
X_scGPT,42,platin,HCC38_BREAST,200,0.037014215047312525,1.013627405166626
X_scGPT,42,platin,SNU308_BILIARY_TRACT,94,0.014762066176286458,0.994280643285589
X_scGPT,42,platin,SW1271_LUNG,115,0.01442544153396205,0.9939191870067431
X_scGPT,42,platin,TM31_CENTRAL_NERVOUS_SYSTEM,116,0.015527556768127204,0.9758761838592332
X_scGPT,42,platin,NCIH747_LARGE_INTESTINE,80,0.04286209499565493,0.9559084646403789
X_scGPT,42,platin,KPNSI9S_AUTONOMIC_GANGLIA,129,0.036780772541195536,1.0029500787572343
X_scGPT,42,platin,SQ1_LUNG,238,0.014547753124626207,1.006464740308393
X_scGPT,42,platin,IALM_LUNG,322,0.025368320495890533,0.9665327931042784
X_scGPT,42,platin,BT474_BREAST,125,0.0207535268943224,1.0005046796798707
X_scGPT,42,platin,DKMG_CENTRAL_NERVOUS_SYSTEM,271,0.04167886758978807,0.9597532161927311
X_scGPT,42,platin,BT549_BREAST,266,0.014898111374177368,0.985049611643741
X_scGPT,42,platin,BICR6_UPPER_AERODIGESTIVE_TRACT,286,0.03391986502438474,0.937412531642647
X_scGPT,42,platin,SH10TC_STOMACH,351,0.038532025388083514,0.9358240197866391
X_scGPT,42,platin,UMUC1_URINARY_TRACT,197,0.01841410237488579,0.995914687057437
X_scGPT,42,platin,LS1034_LARGE_INTESTINE,146,0.027397705914390967,0.993865529968314
X_scGPT,42,platin,CCFSTTG1_CENTRAL_NERVOUS_SYSTEM,246,0.03185604048506714,0.948294059047854
X_scGPT,42,platin,NCIH226_LUNG,235,0.015494358799747815,0.9948120441842586
X_scGPT,42,platin,LNCAPCLONEFGC_PROSTATE,129,0.009800236991287022,1.049457270969716
X_scGPT,42,platin,RCC10RGB_KIDNEY,233,0.04875598469209571,0.9518469528578893
X_scGPT,42,platin,RERFLCAD1_LUNG,243,0.04453288135678192,0.943015908998717
X_scGPT,42,platin,SKMEL2_SKIN,276,0.016587141241473334,1.0160387374352717
X_scGPT,42,platin,BICR31_UPPER_AERODIGESTIVE_TRACT,248,0.01810823656166874,0.9882225461544529
X_scGPT,42,platin,RCM1_LARGE_INTESTINE,128,0.02724951458799283,1.0065075075253844
X_scGPT,42,platin,COV434_OVARY,88,0.026778779133218838,0.9692552956667814
X_scGPT,42,platin,SNU1079_BILIARY_TRACT,73,0.01563662720086653,0.9930424600431363
X_scGPT,42,platin,YD38_UPPER_AERODIGESTIVE_TRACT,624,0.020250155610619453,0.9503177903974668
X_scGPT,42,platin,NCIH1299_LUNG,534,0.013473056373760355,0.9974548199426815
X_scGPT,42,platin,IGR37_SKIN,347,0.014160779211491678,1.1104638634909814
X_scGPT,42,platin,BFTC909_KIDNEY,379,0.03562084389025944,0.9512054119701436
X_scGPT,42,platin,NCIH460_LUNG,837,0.017336357956568155,1.0004576714520244
X_scGPT,42,platin,IGR1_SKIN,725,0.03294508942960872,1.0918584534217572
X_scGPT,42,platin,VMCUB1_URINARY_TRACT,478,0.02082675738610254,0.9601964020330038
X_scGPT,42,platin,JHOC5_OVARY,145,0.03457780408012242,0.9920742820049154
X_scGPT,42,platin,42MGBA_CENTRAL_NERVOUS_SYSTEM,518,0.023021356494771758,0.9923196217498264
X_scGPT,42,platin,HT1080_SOFT_TISSUE,516,0.03560853167289405,0.9907374208749726
X_scGPT,42,platin,LI7_LIVER,196,0.02677705237002892,1.0120636328142516
X_scGPT,42,platin,A375_SKIN,593,0.019270570137317748,1.018022096880773
X_scGPT,42,platin,FTC133_THYROID,140,0.012025162382312979,1.0125483708722252
X_scGPT,42,platin,OVK18_OVARY,178,0.03912718822840344,1.062085744705093
X_scGPT,42,platin,ACCMESO1_PLEURA,162,0.01086639186921753,0.9853438348681839
X_scGPT,42,platin,HMC18_BREAST,293,0.01275510049813427,1.0079677794573656
X_scGPT,42,platin,TOV112D_OVARY,78,0.012406633132027934,1.0052761099277399
X_scGPT,42,platin,JHH6_LIVER,206,0.016321024097911266,1.0015697126249665
X_scGPT,42,platin,A2058_SKIN,294,0.04476047803596244,1.040537571420475
X_scGPT,42,platin,NCIH2110_LUNG,1990,0.017195758364353702,1.0128587713792696
X_scGPT,42,platin,NCIH650_LUNG,271,0.03564054700876479,0.9726536043015793
X_scGPT,42,platin,EFE184_ENDOMETRIUM,86,0.031324118700027964,0.9691185147263283
X_scGPT,42,platin,HUPT3_PANCREAS,136,0.046734729459772216,0.9528484291890088
X_scGPT,42,platin,MDAMB361_BREAST,135,0.03958964103994753,1.1340499197995222
X_scGPT,42,platin,BCPAP_THYROID,152,0.029733505847634577,0.9446224648701517
X_scGPT,42,platin,PECAPJ49_UPPER_AERODIGESTIVE_TRACT,202,0.01599927390973748,0.9885524263476381
X_scGPT,42,platin,EKVX_LUNG,146,0.012572251925447099,0.9896316087409242
X_scGPT,42,platin,BICR56_UPPER_AERODIGESTIVE_TRACT,81,0.01835557578166662,0.9771753910147114
X_scGPT,42,platin,NCIH2170_LUNG,142,0.030800063253628256,0.9590367099768679
X_scGPT,42,platin,DETROIT562_UPPER_AERODIGESTIVE_TRACT,163,0.015956386988863317,0.947824402455172
X_scGPT,42,platin,SW1088_CENTRAL_NERVOUS_SYSTEM,128,0.04455556257148186,0.9650573069229722
X_scGPT,42,platin,BHY_UPPER_AERODIGESTIVE_TRACT,145,0.019295830657603413,0.9829370786403787
X_scGPT,42,platin,CAS1_CENTRAL_NERVOUS_SYSTEM,133,0.01571933529889115,0.9908097726958138
X_scGPT,42,platin,HCC1428_BREAST,127,0.041446669083251536,1.0444355287889795
X_scGPT,42,platin,HDQP1_BREAST,64,0.016080815519088045,1.0125443851575255
X_scGPT,42,platin,OSRC2_KIDNEY,126,0.012766657789988622,1.0305555112778195
X_scGPT,42,platin,HUPT4_PANCREAS,56,0.05520546754879934,0.9041595267398017
X_scGPT,42,platin,TCCSUP_URINARY_TRACT,316,0.015951696337900553,1.0025571373444568
X_scGPT,42,platin,VMRCRCZ_KIDNEY,300,0.014159216753779553,0.9887539319197337
X_scGPT,42,platin,PK59_PANCREAS,174,0.03927558992099216,0.9174772339990769
X_scGPT,42,platin,HUH6_LIVER,338,0.03663948971846922,0.9493463027054037
X_scGPT,42,platin,MSTO211H_PLEURA,297,0.021666957448980697,0.9628854227387142
X_scGPT,42,platin,HS852T_SKIN,162,0.017839886830727125,1.027810024258531
X_scGPT,42,platin,SKMEL30_SKIN,353,0.01988884007531082,1.0144693376997713
X_scGPT,42,platin,T47D_BREAST,221,0.04505484823979087,1.059716657006363
X_scGPT,42,platin,CALU6_LUNG,258,0.021439951158195063,0.9926015822462333
X_scGPT,42,platin,NCIH522_LUNG,208,0.014744335767358856,0.9941150700816741
X_scGPT,42,platin,LMSU_STOMACH,255,0.011942212268758043,0.9528144880837085
X_scGPT,42,platin,SNUC4_LARGE_INTESTINE,467,0.040209010204405586,0.9500905007315397
X_scGPT,42,platin,RVH421_SKIN,239,0.04592403300350959,0.9424522409379232
X_scGPT,42,platin,OVSAHO_OVARY,227,0.014657119564774137,1.008703513292489
X_scGPT,42,platin,GOS3_CENTRAL_NERVOUS_SYSTEM,191,0.01728311182203212,0.9701662388147484
X_scGPT,42,platin,SNU738_CENTRAL_NERVOUS_SYSTEM,379,0.018772646939178923,0.9763583665158314
X_scGPT,42,platin,PC3_PROSTATE,169,0.01762272767584766,0.9796807910563677
X_scGPT,42,platin,PATU8988S_PANCREAS,244,0.014288847846877324,0.9711006259331938
X_scGPT,42,platin,OVTOKO_OVARY,209,0.012136646285193436,0.977642777433806
X_scGPT,42,platin,TE1_OESOPHAGUS,206,0.028192239113802718,0.961185228477404
X_scGPT,42,platin,NCIH2087_LUNG,219,0.053666099074892705,0.8961398617862022
X_scGPT,42,platin,EFM192A_BREAST,333,0.027958453945731192,0.9518288667495545
X_scGPT,42,platin,SNU423_LIVER,212,0.028324273706920415,0.90183942413555
X_scGPT,42,platin,KPL1_BREAST,276,0.01951908771106174,1.0289256734692531
X_scGPT,42,platin,NCIH358_LUNG,336,0.01708964943561025,0.9853361603759584
X_scGPT,42,platin,COLO792_SKIN,271,0.03240376388913007,1.048560003732843
X_scGPT,42,platin,KYSE520_OESOPHAGUS,323,0.012503548854320598,0.9447013482958909
X_scGPT,42,platin,KMRC3_KIDNEY,245,0.014167816463951223,0.959535327492928
X_scGPT,42,platin,MKN7_STOMACH,258,0.03390278273521266,0.9146722060765407
X_scGPT,42,platin,NCIH1944_LUNG,414,0.011025818176790197,0.9754221983577894
X_scGPT,42,platin,TE6_OESOPHAGUS,551,0.011729106173142255,0.9331373934737135
X_scGPT,42,platin,ZR751_BREAST,309,0.03288491499418421,1.0318952349397357
X_scGPT,42,platin,PANC0203_PANCREAS,506,0.01991387598327967,0.9601324420908223
X_scGPT,42,platin,SW1990_PANCREAS,307,0.039656288000129804,0.9015104595923656
X_scGPT,42,platin,RD_SOFT_TISSUE,261,0.01576101434830218,0.9568450343563182
X_scGPT,42,platin,NCIH1792_LUNG,111,0.028734471551219453,0.9431960690128911
X_scGPT,42,platin,PK45H_PANCREAS,271,0.029510453164445293,0.9240273791485607
X_scGPT,42,platin,LS180_LARGE_INTESTINE,361,0.02337036415527589,0.9901994374320118
X_scGPT,42,platin,RERFLCAI_LUNG,763,0.044611472582849025,0.9052543282352612
X_scGPT,42,platin,CAMA1_BREAST,291,0.01957337797228795,1.0330262395114833
X_scGPT,42,platin,SNU449_LIVER,282,0.01453516824949204,0.9787373568149323
X_scGPT,42,platin,A204_SOFT_TISSUE,250,0.023927042541165282,0.9994229102134704
X_scGPT,42,platin,MKN45_STOMACH,118,0.023223239960815344,0.9632382564625498
X_scGPT,42,platin,HEP3B217_LIVER,118,0.011535232387745687,0.9693828386775518
X_scGPT,42,platin,HOS_BONE,829,0.02378097228441662,0.9304904161230071
X_scGPT,42,platin,EBC1_LUNG,186,0.021652335654134616,0.967701703950923
X_scGPT,42,platin,NCIH292_LUNG,213,0.0192809071033315,0.9602713386217753
X_scGPT,42,platin,OUMS23_LARGE_INTESTINE,107,0.046406726344927804,0.9058531400199249
X_scGPT,42,platin,HEC151_ENDOMETRIUM,250,0.02479054610818945,0.9710244100093841
X_scGPT,42,platin,NCIH1373_LUNG,164,0.020508089177457427,0.9577879676731621
X_scGPT,42,platin,TE9_OESOPHAGUS,248,0.012518630638747953,0.9454403123067271
X_scGPT,42,platin,HCC56_LARGE_INTESTINE,99,0.02496491380537316,1.0036885949096295
X_scGPT,42,platin,HT55_LARGE_INTESTINE,211,0.027112329885158597,0.948454654329761
X_scGPT,42,platin,RT4_URINARY_TRACT,106,0.03661146977441703,0.8886437736592203
X_scGPT,42,platin,SKES1_BONE,91,0.01653388283238853,0.9934561488392589
X_scGPT,42,platin,NCIH1435_LUNG,267,0.02029258448010532,0.9834755183605666
X_scGPT,42,platin,8305C_THYROID,459,0.030993762573349865,0.9447772815856019
X_scGPT,42,platin,NCIH2228_LUNG,367,0.015945838849244717,0.983559766160045
X_scGPT,42,platin,TE10_OESOPHAGUS,219,0.019839261867161416,0.9623968367162905
X_scGPT,42,platin,ASPC1_PANCREAS,290,0.022649363132324095,0.9389707959931473
X_scGPT,42,platin,HCC366_LUNG,202,0.03745904649376496,0.9255974567172551
X_scGPT,42,platin,BICR16_UPPER_AERODIGESTIVE_TRACT,212,0.03483232401028597,0.9024718929574175
X_scGPT,42,platin,HEC6_ENDOMETRIUM,161,0.013943338562328458,0.9692358133955772
X_scGPT,42,platin,KALS1_CENTRAL_NERVOUS_SYSTEM,288,0.011523046986521604,0.9631407014611695
X_scGPT,42,platin,NCIH2444_LUNG,237,0.013939554371092018,0.9946065841847834
X_scGPT,42,platin,SNU46_UPPER_AERODIGESTIVE_TRACT,236,0.029146701698562982,0.9229826439740294
X_scGPT,42,platin,OAW28_OVARY,161,0.05445031849438684,0.8833144395988181
X_scGPT,42,platin,SNU1214_UPPER_AERODIGESTIVE_TRACT,188,0.01675698406593417,0.9529843422326636
X_scGPT,42,platin,SKMEL5_SKIN,297,0.028765760463047744,1.0471253346915197
X_scGPT,42,platin,OVCAR4_OVARY,283,0.014374556696830833,0.9640530828031129
X_scGPT,42,platin,UACC257_SKIN,239,0.013775875657672345,1.0092477471758632
X_scGPT,42,platin,ONCODG1_OVARY,270,0.013286271637710328,0.9656356652577718
X_scGPT,42,platin,HUH28_BILIARY_TRACT,139,0.013263080804067151,0.9747028333677662
X_scGPT,42,platin,IM95_STOMACH,185,0.01983238266864053,0.9656686811833768
X_scGPT,42,platin,TE14_OESOPHAGUS,474,0.018807193234395548,0.9430213641013777
X_scGPT,42,platin,CAKI2_KIDNEY,278,0.028692680637172913,0.9302015801985487
X_scGPT,42,platin,SU8686_PANCREAS,82,0.013518038287307509,0.9612388211052593
X_scGPT,42,platin,SCC25_UPPER_AERODIGESTIVE_TRACT,898,0.012719033952017426,0.9225324794550516
X_scGPT,42,platin,SCC9_UPPER_AERODIGESTIVE_TRACT,475,0.014597255973378331,0.9522404586641412
X_scGPT,42,etoposide,NCIH2126_LUNG,264,0.02334479809913056,0.8558866934794368
X_scGPT,42,etoposide,SW579_THYROID,217,0.02334541724963148,0.8815288947474572
X_scGPT,42,etoposide,NCIH446_LUNG,196,0.04371175644653722,0.712517189736269
X_scGPT,42,etoposide,HEC251_ENDOMETRIUM,107,0.03594165334845948,0.9118325520898695
X_scGPT,42,etoposide,MFE319_ENDOMETRIUM,191,0.017049316989663547,0.9192349433274793
X_scGPT,42,etoposide,SKNAS_AUTONOMIC_GANGLIA,226,0.01374286176535086,0.861350425049267
X_scGPT,42,etoposide,NCIH2452_PLEURA,538,0.030317867267459945,0.8846859401265041
X_scGPT,42,etoposide,COLO741_SKIN,329,0.035748144846555065,0.9187302315851112
X_scGPT,42,etoposide,KNS42_CENTRAL_NERVOUS_SYSTEM,172,0.04225277363703452,0.859060277079427
X_scGPT,42,etoposide,MCF7_BREAST,143,0.03504636434441705,0.9617755342196751
X_scGPT,42,etoposide,HT1197_URINARY_TRACT,74,0.03767704148254022,0.9203738868236542
X_scGPT,42,etoposide,SNU899_UPPER_AERODIGESTIVE_TRACT,83,0.009295597057458662,0.9473249438297318
X_scGPT,42,etoposide,HCC38_BREAST,200,0.037332471852110125,0.891539146900177
X_scGPT,42,etoposide,SNU308_BILIARY_TRACT,94,0.019008063965996202,0.9193302183709247
X_scGPT,42,etoposide,SW1271_LUNG,115,0.03292685320176453,0.9112479012945424
X_scGPT,42,etoposide,TM31_CENTRAL_NERVOUS_SYSTEM,116,0.012174979435459962,0.8821407900802021
X_scGPT,42,etoposide,NCIH747_LARGE_INTESTINE,80,0.029786703818258944,0.9236040495336055
X_scGPT,42,etoposide,KPNSI9S_AUTONOMIC_GANGLIA,129,0.02584125707112638,0.8418198699174926
X_scGPT,42,etoposide,SQ1_LUNG,238,0.01430634009482448,0.9364587341536995
X_scGPT,42,etoposide,IALM_LUNG,322,0.034656935353023055,0.851842709209608
X_scGPT,42,etoposide,BT474_BREAST,125,0.02939764704183159,0.9092090849876404
X_scGPT,42,etoposide,DKMG_CENTRAL_NERVOUS_SYSTEM,271,0.033681903426211024,0.8007958205863559
X_scGPT,42,etoposide,BT549_BREAST,266,0.03219832463997439,0.8657820103760052
X_scGPT,42,etoposide,BICR6_UPPER_AERODIGESTIVE_TRACT,286,0.024329833859878115,0.8861069631326449
X_scGPT,42,etoposide,SH10TC_STOMACH,351,0.028404305235648377,0.8751717177551357
X_scGPT,42,etoposide,UMUC1_URINARY_TRACT,197,0.024163674581492104,0.9301903160090373
X_scGPT,42,etoposide,LS1034_LARGE_INTESTINE,146,0.033645306128270366,0.9433799161486429
X_scGPT,42,etoposide,CCFSTTG1_CENTRAL_NERVOUS_SYSTEM,246,0.02744401448145,0.8185708430724415
X_scGPT,42,etoposide,NCIH226_LUNG,235,0.03068458821601594,0.8826928011914517
X_scGPT,42,etoposide,LNCAPCLONEFGC_PROSTATE,129,0.014139090672935842,0.8982079805329789
X_scGPT,42,etoposide,RCC10RGB_KIDNEY,233,0.03653497204266396,0.9016318878902386
X_scGPT,42,etoposide,RERFLCAD1_LUNG,243,0.024253853975577753,0.8662587938975895
X_scGPT,42,etoposide,SKMEL2_SKIN,276,0.03352671960158695,0.8683715935634531
X_scGPT,42,etoposide,BICR31_UPPER_AERODIGESTIVE_TRACT,248,0.02811935463421532,0.9058254368362888
X_scGPT,42,etoposide,RCM1_LARGE_INTESTINE,128,0.03341215728933555,0.9264595257118344
X_scGPT,42,etoposide,COV434_OVARY,88,0.06305800766421459,0.6927960589528084
X_scGPT,42,etoposide,SNU1079_BILIARY_TRACT,73,0.03905171415560319,0.9237264068159339
X_scGPT,42,etoposide,YD38_UPPER_AERODIGESTIVE_TRACT,624,0.01955150621475759,0.8499406858896598
X_scGPT,42,etoposide,NCIH1299_LUNG,534,0.011474382571253019,0.8947709893689173
X_scGPT,42,etoposide,IGR37_SKIN,347,0.013885798593514478,0.9578555176512309
X_scGPT,42,etoposide,BFTC909_KIDNEY,379,0.03149671258153028,0.8144773216549513
X_scGPT,42,etoposide,NCIH460_LUNG,837,0.024166849487072834,0.8288670207864495
X_scGPT,42,etoposide,IGR1_SKIN,725,0.02587190969558901,0.8946286408654575
X_scGPT,42,etoposide,VMCUB1_URINARY_TRACT,478,0.01745806751595977,0.8293402110183589
X_scGPT,42,etoposide,JHOC5_OVARY,145,0.02778113668613662,0.9012674335775704
X_scGPT,42,etoposide,42MGBA_CENTRAL_NERVOUS_SYSTEM,518,0.0344431970488654,0.7796448808609289
X_scGPT,42,etoposide,HT1080_SOFT_TISSUE,516,0.03252996293006695,0.8587027108946512
X_scGPT,42,etoposide,LI7_LIVER,196,0.03494702949749591,0.8663962906112477
X_scGPT,42,etoposide,A375_SKIN,593,0.02441705836552061,0.828852817642347
X_scGPT,42,etoposide,FTC133_THYROID,140,0.02003267985913364,0.8754822411707469
X_scGPT,42,etoposide,OVK18_OVARY,178,0.029121402281995615,0.8520540139648352
X_scGPT,42,etoposide,ACCMESO1_PLEURA,162,0.012672816812786866,0.8867905276057161
X_scGPT,42,etoposide,HMC18_BREAST,293,0.011531112405627448,0.8985519982848965
X_scGPT,42,etoposide,TOV112D_OVARY,78,0.013927248229002957,0.8576806478011303
X_scGPT,42,etoposide,JHH6_LIVER,206,0.022013631569002514,0.8786032952151253
X_scGPT,42,etoposide,A2058_SKIN,294,0.042149289071367904,0.8536498907472001
X_scGPT,42,etoposide,NCIH2110_LUNG,1990,0.021077997173425463,0.9198754427720554
X_scGPT,42,etoposide,NCIH650_LUNG,271,0.024022952223819755,0.8892270245235344
X_scGPT,42,etoposide,EFE184_ENDOMETRIUM,86,0.039000189888557614,0.9158707621485688
X_scGPT,42,etoposide,HUPT3_PANCREAS,136,0.033371987897097395,0.9059040980303988
X_scGPT,42,etoposide,MDAMB361_BREAST,135,0.03962018290009913,0.9844337030693336
X_scGPT,42,etoposide,BCPAP_THYROID,152,0.041538439496924894,0.8615419433305138
X_scGPT,42,etoposide,PECAPJ49_UPPER_AERODIGESTIVE_TRACT,202,0.024745537549133105,0.9545306300762857
X_scGPT,42,etoposide,EKVX_LUNG,146,0.01393107495771693,0.9095654336556996
X_scGPT,42,etoposide,BICR56_UPPER_AERODIGESTIVE_TRACT,81,0.02294820764005132,0.8936202136086829
X_scGPT,42,etoposide,NCIH2170_LUNG,142,0.03051330007160065,0.8575476021833823
X_scGPT,42,etoposide,DETROIT562_UPPER_AERODIGESTIVE_TRACT,163,0.011142660263970395,0.9411146991823348
X_scGPT,42,etoposide,SW1088_CENTRAL_NERVOUS_SYSTEM,128,0.057273566186332586,0.853148783557117
X_scGPT,42,etoposide,BHY_UPPER_AERODIGESTIVE_TRACT,145,0.026880365686371623,0.8993465107062767
X_scGPT,42,etoposide,CAS1_CENTRAL_NERVOUS_SYSTEM,133,0.037098225625679215,0.8805779563753229
X_scGPT,42,etoposide,HCC1428_BREAST,127,0.0331632481648692,0.8985483679245776
X_scGPT,42,etoposide,HDQP1_BREAST,64,0.016218976768070503,0.9130095150321722
X_scGPT,42,etoposide,OSRC2_KIDNEY,126,0.013068709688241132,0.925782443039001
X_scGPT,42,etoposide,HUPT4_PANCREAS,56,0.033382083866171114,0.9188514756304877
X_scGPT,42,etoposide,TCCSUP_URINARY_TRACT,316,0.03127274059027822,0.8712095050494882
X_scGPT,42,etoposide,VMRCRCZ_KIDNEY,300,0.013706649916791302,0.9076404718557993
X_scGPT,42,etoposide,PK59_PANCREAS,174,0.02359477712569872,0.8917536858854622
X_scGPT,42,etoposide,HUH6_LIVER,338,0.05435203550569925,0.9493947653375434
X_scGPT,42,etoposide,MSTO211H_PLEURA,297,0.027836190829776987,0.8652997827690458
X_scGPT,42,etoposide,HS852T_SKIN,162,0.019101037567324963,0.8721816800994637
X_scGPT,42,etoposide,SKMEL30_SKIN,353,0.032370744589988044,0.9372352525465212
X_scGPT,42,etoposide,T47D_BREAST,221,0.05084105219432852,0.9617163360927978
X_scGPT,42,etoposide,CALU6_LUNG,258,0.029246717104638748,0.8609222693498745
X_scGPT,42,etoposide,NCIH522_LUNG,208,0.015496158074998415,0.8702691538402667
X_scGPT,42,etoposide,LMSU_STOMACH,255,0.010017821498542323,0.885184715308395
X_scGPT,42,etoposide,SNUC4_LARGE_INTESTINE,467,0.027695455693281947,0.9332366937998786
X_scGPT,42,etoposide,RVH421_SKIN,239,0.05264028629054713,0.9449040622890744
X_scGPT,42,etoposide,OVSAHO_OVARY,227,0.014983128734124902,0.9025218389632943
X_scGPT,42,etoposide,GOS3_CENTRAL_NERVOUS_SYSTEM,191,0.01323221799116692,0.8834508573197569
X_scGPT,42,etoposide,SNU738_CENTRAL_NERVOUS_SYSTEM,379,0.025578937806913178,0.9137663951335293
X_scGPT,42,etoposide,PC3_PROSTATE,169,0.021612530709425603,0.9059354017472127
X_scGPT,42,etoposide,PATU8988S_PANCREAS,244,0.014490741816023688,0.9853169380641374
X_scGPT,42,etoposide,OVTOKO_OVARY,209,0.013531948583892192,0.9227713178219408
X_scGPT,42,etoposide,TE1_OESOPHAGUS,206,0.03353874571322045,0.9036126266984106
X_scGPT,42,etoposide,NCIH2087_LUNG,219,0.04771459925100606,0.8941863927667
X_scGPT,42,etoposide,EFM192A_BREAST,333,0.020264445055754386,0.9066599952924
X_scGPT,42,etoposide,SNU423_LIVER,212,0.03752916987176053,0.9452425134631822
X_scGPT,42,etoposide,KPL1_BREAST,276,0.029169424603124536,0.8784735779399457
X_scGPT,42,etoposide,NCIH358_LUNG,336,0.020051493677589703,0.9124783841626984
X_scGPT,42,etoposide,COLO792_SKIN,271,0.0224286160201162,0.9407120650544818
X_scGPT,42,etoposide,KYSE520_OESOPHAGUS,323,0.010818318842086875,0.9328286728991813
X_scGPT,42,etoposide,KMRC3_KIDNEY,245,0.020614788394770548,0.9335840225219727
X_scGPT,42,etoposide,MKN7_STOMACH,258,0.024375076847094036,0.8934822634671086
X_scGPT,42,etoposide,NCIH1944_LUNG,414,0.011816470610901556,0.9180296997805149
X_scGPT,42,etoposide,TE6_OESOPHAGUS,551,0.013190319141542903,0.935656788453
X_scGPT,42,etoposide,ZR751_BREAST,309,0.050812502108406335,0.8856649719009894
X_scGPT,42,etoposide,PANC0203_PANCREAS,506,0.021578875459114598,0.8966891306191094
X_scGPT,42,etoposide,SW1990_PANCREAS,307,0.027451370690266444,0.8976298611404842
X_scGPT,42,etoposide,RD_SOFT_TISSUE,261,0.02699033798124374,0.8365172919642423
X_scGPT,42,etoposide,NCIH1792_LUNG,111,0.0407950885031502,0.8876129233085357
X_scGPT,42,etoposide,PK45H_PANCREAS,271,0.03291047587971996,0.9370779995548769
X_scGPT,42,etoposide,LS180_LARGE_INTESTINE,361,0.03143481382661766,0.9100560509597165
X_scGPT,42,etoposide,RERFLCAI_LUNG,763,0.0324854658935455,0.9091608899292752
X_scGPT,42,etoposide,CAMA1_BREAST,291,0.02577094329128625,0.8806569721690568
X_scGPT,42,etoposide,SNU449_LIVER,282,0.023004822439978857,0.8964285890684061
X_scGPT,42,etoposide,A204_SOFT_TISSUE,250,0.057732697941645615,0.7802598624229431
X_scGPT,42,etoposide,MKN45_STOMACH,118,0.04825101214677829,0.9671348237385184
X_scGPT,42,etoposide,HEP3B217_LIVER,118,0.0117524654482633,0.9227507755918017
X_scGPT,42,etoposide,HOS_BONE,829,0.0379857103751747,0.8479094835328538
X_scGPT,42,etoposide,EBC1_LUNG,186,0.027754892702831862,0.9212820453028525
X_scGPT,42,etoposide,NCIH292_LUNG,213,0.02198824532416225,0.9006356177195697
X_scGPT,42,etoposide,OUMS23_LARGE_INTESTINE,107,0.0391851450468693,0.9077581356619006
X_scGPT,42,etoposide,HEC151_ENDOMETRIUM,250,0.031024816129130998,0.9112224683761597
X_scGPT,42,etoposide,NCIH1373_LUNG,164,0.021198494567669927,0.916670865401989
X_scGPT,42,etoposide,TE9_OESOPHAGUS,248,0.010751925149453946,0.9496752276055275
X_scGPT,42,etoposide,HCC56_LARGE_INTESTINE,99,0.03532464003493742,0.9409989865139278
X_scGPT,42,etoposide,HT55_LARGE_INTESTINE,211,0.042120507753855944,1.020009456935087
X_scGPT,42,etoposide,RT4_URINARY_TRACT,106,0.03358462538614176,0.9160623820322864
X_scGPT,42,etoposide,SKES1_BONE,91,0.015506947434173376,0.8647077830283196
X_scGPT,42,etoposide,NCIH1435_LUNG,267,0.01947315003973036,0.9212487009580662
X_scGPT,42,etoposide,8305C_THYROID,459,0.03777627650543135,0.9135679968821457
X_scGPT,42,etoposide,NCIH2228_LUNG,367,0.019825835940325272,0.9206254454659506
X_scGPT,42,etoposide,TE10_OESOPHAGUS,219,0.028239739813691114,0.9046434607679985
X_scGPT,42,etoposide,ASPC1_PANCREAS,290,0.026333658693425556,0.9567798544620646
X_scGPT,42,etoposide,HCC366_LUNG,202,0.025380000656515776,0.92383012057531
X_scGPT,42,etoposide,BICR16_UPPER_AERODIGESTIVE_TRACT,212,0.027034937321080987,0.8970810194622796
X_scGPT,42,etoposide,HEC6_ENDOMETRIUM,161,0.016065097593444995,0.9430796222657151
X_scGPT,42,etoposide,KALS1_CENTRAL_NERVOUS_SYSTEM,288,0.009174890231391222,0.8860892249892155
X_scGPT,42,etoposide,NCIH2444_LUNG,237,0.0165319310364323,0.9445429331139673
X_scGPT,42,etoposide,SNU46_UPPER_AERODIGESTIVE_TRACT,236,0.044156080899958185,0.9090870083388636
X_scGPT,42,etoposide,OAW28_OVARY,161,0.047485876889673116,0.9510854123542027
X_scGPT,42,etoposide,SNU1214_UPPER_AERODIGESTIVE_TRACT,188,0.023193670321648114,0.938955249621513
X_scGPT,42,etoposide,SKMEL5_SKIN,297,0.0349334741932182,0.9651686376594133
X_scGPT,42,etoposide,OVCAR4_OVARY,283,0.025767707648367003,0.9696290311880752
X_scGPT,42,etoposide,UACC257_SKIN,239,0.024108003107586276,0.9653582223788465
X_scGPT,42,etoposide,ONCODG1_OVARY,270,0.012335045508435324,0.9239580748257814
X_scGPT,42,etoposide,HUH28_BILIARY_TRACT,139,0.0099609956822475,0.8763952482518532
X_scGPT,42,etoposide,IM95_STOMACH,185,0.029285818086488037,0.9268866716204462
X_scGPT,42,etoposide,TE14_OESOPHAGUS,474,0.02449971286935097,0.9440140299153227
X_scGPT,42,etoposide,CAKI2_KIDNEY,278,0.026689243754078447,0.9788905002659173
X_scGPT,42,etoposide,SU8686_PANCREAS,82,0.027207167546557668,0.9552249712188069
X_scGPT,42,etoposide,SCC25_UPPER_AERODIGESTIVE_TRACT,898,0.010035093326184245,0.9152786604280195
X_scGPT,42,etoposide,SCC9_UPPER_AERODIGESTIVE_TRACT,475,0.01386251757724164,0.8700780926252666
X_scGPT,42,paclitaxel,NCIH2126_LUNG,264,0.07067702752249701,0.6362928050485525
X_scGPT,42,paclitaxel,SW579_THYROID,217,0.06838955287406692,0.6695626357458704
X_scGPT,42,paclitaxel,NCIH446_LUNG,196,0.06589269981225222,0.3934779262968472
X_scGPT,42,paclitaxel,HEC251_ENDOMETRIUM,107,0.1251771199060363,0.6258294262061609
X_scGPT,42,paclitaxel,MFE319_ENDOMETRIUM,191,0.033684724787163854,0.48745678607081866
X_scGPT,42,paclitaxel,SKNAS_AUTONOMIC_GANGLIA,226,0.029801684796225435,0.40058668353388793
X_scGPT,42,paclitaxel,NCIH2452_PLEURA,538,0.08209875558985603,0.6602418395555596
X_scGPT,42,paclitaxel,COLO741_SKIN,329,0.08187162901784775,0.7089725929371854
X_scGPT,42,paclitaxel,KNS42_CENTRAL_NERVOUS_SYSTEM,172,0.1156950707204144,0.581882581114769
X_scGPT,42,paclitaxel,MCF7_BREAST,143,0.11566863169540498,0.6044526396097837
X_scGPT,42,paclitaxel,HT1197_URINARY_TRACT,74,0.09417452789520285,0.7762701301961332
X_scGPT,42,paclitaxel,SNU899_UPPER_AERODIGESTIVE_TRACT,83,0.026113902613935844,0.46581054559673174
X_scGPT,42,paclitaxel,HCC38_BREAST,200,0.12729507495209447,0.6110335394740105
X_scGPT,42,paclitaxel,SNU308_BILIARY_TRACT,94,0.08888319678974003,0.5535414849824094
X_scGPT,42,paclitaxel,SW1271_LUNG,115,0.09058829812138462,0.6663410847601683
X_scGPT,42,paclitaxel,TM31_CENTRAL_NERVOUS_SYSTEM,116,0.025238400400004742,0.3856435225441538
X_scGPT,42,paclitaxel,NCIH747_LARGE_INTESTINE,80,0.1054695559696397,0.5626722477376461
X_scGPT,42,paclitaxel,KPNSI9S_AUTONOMIC_GANGLIA,129,0.08487949584368887,0.5291003393110378
X_scGPT,42,paclitaxel,SQ1_LUNG,238,0.07223103827077192,0.7160033756444434
X_scGPT,42,paclitaxel,IALM_LUNG,322,0.10445157704249362,0.6367537253391669
X_scGPT,42,paclitaxel,BT474_BREAST,125,0.09910457909681362,0.784826447725296
X_scGPT,42,paclitaxel,DKMG_CENTRAL_NERVOUS_SYSTEM,271,0.09388340863249241,0.46036810276693085
X_scGPT,42,paclitaxel,BT549_BREAST,266,0.09354658144398206,0.5574284486080471
X_scGPT,42,paclitaxel,BICR6_UPPER_AERODIGESTIVE_TRACT,286,0.0994725226834304,0.4771002310139316
X_scGPT,42,paclitaxel,SH10TC_STOMACH,351,0.07664696532457947,0.6799826241626359
X_scGPT,42,paclitaxel,UMUC1_URINARY_TRACT,197,0.09781199989385927,0.5880273205374703
X_scGPT,42,paclitaxel,LS1034_LARGE_INTESTINE,146,0.09657626269234276,0.7863268321507597
X_scGPT,42,paclitaxel,CCFSTTG1_CENTRAL_NERVOUS_SYSTEM,246,0.09305174095541986,0.4166508052891832
X_scGPT,42,paclitaxel,NCIH226_LUNG,235,0.08595422873092774,0.6545758602466989
X_scGPT,42,paclitaxel,LNCAPCLONEFGC_PROSTATE,129,0.05228650874360247,0.6936402773672297
X_scGPT,42,paclitaxel,RCC10RGB_KIDNEY,233,0.10175705419218517,0.7121068289095752
X_scGPT,42,paclitaxel,RERFLCAD1_LUNG,243,0.0744879607861461,0.6340200942730216
X_scGPT,42,paclitaxel,SKMEL2_SKIN,276,0.0749277580328312,0.543309000523194
X_scGPT,42,paclitaxel,BICR31_UPPER_AERODIGESTIVE_TRACT,248,0.09628612515241114,0.49356081252617223
X_scGPT,42,paclitaxel,RCM1_LARGE_INTESTINE,128,0.10574500873367072,0.6162786711938679
X_scGPT,42,paclitaxel,COV434_OVARY,88,0.14644184592970902,0.21986295994032512
X_scGPT,42,paclitaxel,SNU1079_BILIARY_TRACT,73,0.12600685906360506,0.6615430369769058
X_scGPT,42,paclitaxel,YD38_UPPER_AERODIGESTIVE_TRACT,624,0.07384002232715792,0.4284476204655873
X_scGPT,42,paclitaxel,NCIH1299_LUNG,534,0.030107253836183036,0.4309249467282706
X_scGPT,42,paclitaxel,IGR37_SKIN,347,0.037620014942249355,0.6089639238562295
X_scGPT,42,paclitaxel,BFTC909_KIDNEY,379,0.08513185182687691,0.481744186702064
X_scGPT,42,paclitaxel,NCIH460_LUNG,837,0.07486005183251714,0.5162540698777818
X_scGPT,42,paclitaxel,IGR1_SKIN,725,0.07999123660889414,0.5709002038528179
X_scGPT,42,paclitaxel,VMCUB1_URINARY_TRACT,478,0.06612765238533638,0.4397409283341723
X_scGPT,42,paclitaxel,JHOC5_OVARY,145,0.09267866526803333,0.584810039503821
X_scGPT,42,paclitaxel,42MGBA_CENTRAL_NERVOUS_SYSTEM,518,0.09160677041059855,0.5184024952668481
X_scGPT,42,paclitaxel,HT1080_SOFT_TISSUE,516,0.09489325281731534,0.5587273199659909
X_scGPT,42,paclitaxel,LI7_LIVER,196,0.09749936427615852,0.6342272819304953
X_scGPT,42,paclitaxel,A375_SKIN,593,0.07446204567268694,0.5504129507891444
X_scGPT,42,paclitaxel,FTC133_THYROID,140,0.06106163096470936,0.6193207519395011
X_scGPT,42,paclitaxel,OVK18_OVARY,178,0.11124810392391907,0.42509855648105066
X_scGPT,42,paclitaxel,ACCMESO1_PLEURA,162,0.026953694947642607,0.40853017660570734
X_scGPT,42,paclitaxel,HMC18_BREAST,293,0.028003272135170964,0.4475656103965772
X_scGPT,42,paclitaxel,TOV112D_OVARY,78,0.02811863955268118,0.3970983643562366
X_scGPT,42,paclitaxel,JHH6_LIVER,206,0.07439282708102284,0.55927386489308
X_scGPT,42,paclitaxel,A2058_SKIN,294,0.09399517001266902,0.5383190348440287
X_scGPT,42,paclitaxel,NCIH2110_LUNG,1990,0.0838890597265581,0.5716307868610075
X_scGPT,42,paclitaxel,NCIH650_LUNG,271,0.08017280780276766,0.6637802580405865
X_scGPT,42,paclitaxel,EFE184_ENDOMETRIUM,86,0.10058138037460057,0.831489083378814
X_scGPT,42,paclitaxel,HUPT3_PANCREAS,136,0.12593555249507607,0.5934795406373108
X_scGPT,42,paclitaxel,MDAMB361_BREAST,135,0.10677990010101203,0.6470897330178155
X_scGPT,42,paclitaxel,BCPAP_THYROID,152,0.11271941062177492,0.6040580166797889
X_scGPT,42,paclitaxel,PECAPJ49_UPPER_AERODIGESTIVE_TRACT,202,0.0967435934993974,0.5192595054902652
X_scGPT,42,paclitaxel,EKVX_LUNG,146,0.027507741836059658,0.4476560944155471
X_scGPT,42,paclitaxel,BICR56_UPPER_AERODIGESTIVE_TRACT,81,0.08784789816939112,0.41046721515832124
X_scGPT,42,paclitaxel,NCIH2170_LUNG,142,0.10266542314015469,0.5270755754809984
X_scGPT,42,paclitaxel,DETROIT562_UPPER_AERODIGESTIVE_TRACT,163,0.02864821826328483,0.4329691346437653
X_scGPT,42,paclitaxel,SW1088_CENTRAL_NERVOUS_SYSTEM,128,0.13247824789543813,0.6496050581336021
X_scGPT,42,paclitaxel,BHY_UPPER_AERODIGESTIVE_TRACT,145,0.08683684417215312,0.4841351572809548
X_scGPT,42,paclitaxel,CAS1_CENTRAL_NERVOUS_SYSTEM,133,0.09415007425886902,0.6159170913068872
X_scGPT,42,paclitaxel,HCC1428_BREAST,127,0.124911579041111,0.620316833961667
X_scGPT,42,paclitaxel,HDQP1_BREAST,64,0.07103239495629897,0.6571837728843093
X_scGPT,42,paclitaxel,OSRC2_KIDNEY,126,0.054065791063874984,0.7799527484273153
X_scGPT,42,paclitaxel,HUPT4_PANCREAS,56,0.109797113570275,0.6201127017182964
X_scGPT,42,paclitaxel,TCCSUP_URINARY_TRACT,316,0.07781861299621753,0.5958723747466184
X_scGPT,42,paclitaxel,VMRCRCZ_KIDNEY,300,0.028964437770973663,0.4391092441479365
X_scGPT,42,paclitaxel,PK59_PANCREAS,174,0.08709917225598132,0.6276409509538234
X_scGPT,42,paclitaxel,HUH6_LIVER,338,0.12926668191394014,0.8936297217240701
X_scGPT,42,paclitaxel,MSTO211H_PLEURA,297,0.08509108219703033,0.5315770865088761
X_scGPT,42,paclitaxel,HS852T_SKIN,162,0.07306417990353743,0.6132913441569717
X_scGPT,42,paclitaxel,SKMEL30_SKIN,353,0.09037398920181153,0.6391941357942208
X_scGPT,42,paclitaxel,T47D_BREAST,221,0.15770416961546016,0.634517208348572
X_scGPT,42,paclitaxel,CALU6_LUNG,258,0.08464360438747749,0.5191993069972178
X_scGPT,42,paclitaxel,NCIH522_LUNG,208,0.03217035483417364,0.39850124358557737
X_scGPT,42,paclitaxel,LMSU_STOMACH,255,0.018524790312815176,0.35061736831478046
X_scGPT,42,paclitaxel,SNUC4_LARGE_INTESTINE,467,0.12341844634998728,0.5174823550774658
X_scGPT,42,paclitaxel,RVH421_SKIN,239,0.13911159126082911,0.8792211710159749
X_scGPT,42,paclitaxel,OVSAHO_OVARY,227,0.03431746688121442,0.47036401737103906
X_scGPT,42,paclitaxel,GOS3_CENTRAL_NERVOUS_SYSTEM,191,0.031151473326762144,0.37581287488263315
X_scGPT,42,paclitaxel,SNU738_CENTRAL_NERVOUS_SYSTEM,379,0.09098478179866779,0.6309007035081808
X_scGPT,42,paclitaxel,PC3_PROSTATE,169,0.08040571339194026,0.6049273364995358
X_scGPT,42,paclitaxel,PATU8988S_PANCREAS,244,0.03888906179719002,0.5526821951641411
X_scGPT,42,paclitaxel,OVTOKO_OVARY,209,0.026946088906064987,0.4501490852479159
X_scGPT,42,paclitaxel,TE1_OESOPHAGUS,206,0.09235990467979395,0.6892144620707892
X_scGPT,42,paclitaxel,NCIH2087_LUNG,219,0.13064174358189493,0.513290801412983
X_scGPT,42,paclitaxel,EFM192A_BREAST,333,0.08646799063030967,0.5594977435764966
X_scGPT,42,paclitaxel,SNU423_LIVER,212,0.12009474380492596,0.7287322358702714
X_scGPT,42,paclitaxel,KPL1_BREAST,276,0.08769929939180901,0.658542701623578
X_scGPT,42,paclitaxel,NCIH358_LUNG,336,0.08948474877476836,0.569060717931106
X_scGPT,42,paclitaxel,COLO792_SKIN,271,0.057914003085200054,0.5405446714360775
X_scGPT,42,paclitaxel,KYSE520_OESOPHAGUS,323,0.025023114446283457,0.420659647822011
X_scGPT,42,paclitaxel,KMRC3_KIDNEY,245,0.07012263941570164,0.6156694537522841
X_scGPT,42,paclitaxel,MKN7_STOMACH,258,0.09518816178248121,0.5808383916006532
X_scGPT,42,paclitaxel,NCIH1944_LUNG,414,0.020681607248171693,0.4417642868227429
X_scGPT,42,paclitaxel,TE6_OESOPHAGUS,551,0.022841108081956746,0.4090989956297589
X_scGPT,42,paclitaxel,ZR751_BREAST,309,0.0957090615707514,0.402433870969081
X_scGPT,42,paclitaxel,PANC0203_PANCREAS,506,0.07400043540687333,0.49463687301153253
X_scGPT,42,paclitaxel,SW1990_PANCREAS,307,0.09434492675026011,0.6226294198913761
X_scGPT,42,paclitaxel,RD_SOFT_TISSUE,261,0.07049311696235581,0.4154528638640583
X_scGPT,42,paclitaxel,NCIH1792_LUNG,111,0.11461230688774557,0.6553203493088215
X_scGPT,42,paclitaxel,PK45H_PANCREAS,271,0.10609970531938934,0.7537456440749644
X_scGPT,42,paclitaxel,LS180_LARGE_INTESTINE,361,0.08640995885372904,0.4943337803732325
X_scGPT,42,paclitaxel,RERFLCAI_LUNG,763,0.09372476584908945,0.5845733462670527
X_scGPT,42,paclitaxel,CAMA1_BREAST,291,0.08581465793702747,0.6211233155424243
X_scGPT,42,paclitaxel,SNU449_LIVER,282,0.06342373299483976,0.5382137357765902
X_scGPT,42,paclitaxel,A204_SOFT_TISSUE,250,0.15967044053295787,0.47398954355716705
X_scGPT,42,paclitaxel,MKN45_STOMACH,118,0.13980149730399444,0.5438127989991236
X_scGPT,42,paclitaxel,HEP3B217_LIVER,118,0.02618362662315196,0.4419654095071857
X_scGPT,42,paclitaxel,HOS_BONE,829,0.10991127370314625,0.45717044593485473
X_scGPT,42,paclitaxel,EBC1_LUNG,186,0.09522476838255253,0.5432018719373211
X_scGPT,42,paclitaxel,NCIH292_LUNG,213,0.07945355413627268,0.4885684700918869
X_scGPT,42,paclitaxel,OUMS23_LARGE_INTESTINE,107,0.1400897671572156,0.6620069271493181
X_scGPT,42,paclitaxel,HEC151_ENDOMETRIUM,250,0.10308004129445668,0.735938987493515
X_scGPT,42,paclitaxel,NCIH1373_LUNG,164,0.09012923084616509,0.5346649630767543
X_scGPT,42,paclitaxel,TE9_OESOPHAGUS,248,0.024109333148866024,0.4422170904374892
X_scGPT,42,paclitaxel,HCC56_LARGE_INTESTINE,99,0.09679572047961926,0.5728190514174375
X_scGPT,42,paclitaxel,HT55_LARGE_INTESTINE,211,0.1303661623981868,0.556876877472864
X_scGPT,42,paclitaxel,RT4_URINARY_TRACT,106,0.10355500451301933,0.507926771382116
X_scGPT,42,paclitaxel,SKES1_BONE,91,0.028527310020501535,0.3889910434628581
X_scGPT,42,paclitaxel,NCIH1435_LUNG,267,0.08235761258133151,0.5942420615685566
X_scGPT,42,paclitaxel,8305C_THYROID,459,0.09136332246011435,0.7390396482025097
X_scGPT,42,paclitaxel,NCIH2228_LUNG,367,0.08366779696577455,0.6410288799361247
X_scGPT,42,paclitaxel,TE10_OESOPHAGUS,219,0.09579052841143111,0.5669014855334747
X_scGPT,42,paclitaxel,ASPC1_PANCREAS,290,0.06934697199071872,0.7991340032939254
X_scGPT,42,paclitaxel,HCC366_LUNG,202,0.07290495187306505,0.6162537821743748
X_scGPT,42,paclitaxel,BICR16_UPPER_AERODIGESTIVE_TRACT,212,0.09674109699383729,0.4499273877942337
X_scGPT,42,paclitaxel,HEC6_ENDOMETRIUM,161,0.0788290616704208,0.5638361108599242
X_scGPT,42,paclitaxel,KALS1_CENTRAL_NERVOUS_SYSTEM,288,0.021053340356212195,0.3676743096568518
X_scGPT,42,paclitaxel,NCIH2444_LUNG,237,0.07503634896897146,0.728169710701528
X_scGPT,42,paclitaxel,SNU46_UPPER_AERODIGESTIVE_TRACT,236,0.1175911564217645,0.6458766351817018
X_scGPT,42,paclitaxel,OAW28_OVARY,161,0.14523044204297658,0.6937648152342494
X_scGPT,42,paclitaxel,SNU1214_UPPER_AERODIGESTIVE_TRACT,188,0.07784019808048707,0.4276701127912136
X_scGPT,42,paclitaxel,SKMEL5_SKIN,297,0.09794176029384591,0.7348180322936086
X_scGPT,42,paclitaxel,OVCAR4_OVARY,283,0.08941709943642409,0.6778396860870792
X_scGPT,42,paclitaxel,UACC257_SKIN,239,0.06402948529547398,0.46485208305354897
X_scGPT,42,paclitaxel,ONCODG1_OVARY,270,0.029656507193631793,0.4276379856798384
X_scGPT,42,paclitaxel,HUH28_BILIARY_TRACT,139,0.027112041605731153,0.3772028317983202
X_scGPT,42,paclitaxel,IM95_STOMACH,185,0.0948161362895987,0.7262184524858321
X_scGPT,42,paclitaxel,TE14_OESOPHAGUS,474,0.08439264939309724,0.36089087173908574
X_scGPT,42,paclitaxel,CAKI2_KIDNEY,278,0.08852772679410997,0.8737805309913141
X_scGPT,42,paclitaxel,SU8686_PANCREAS,82,0.07510076902247044,0.6493782088523958
X_scGPT,42,paclitaxel,SCC25_UPPER_AERODIGESTIVE_TRACT,898,0.02038010292077193,0.379661609773381
X_scGPT,42,paclitaxel,SCC9_UPPER_AERODIGESTIVE_TRACT,475,0.021500123140254537,0.3479957054790698
X_scGPT,42,gemcitabine,NCIH2126_LUNG,264,0.048807313139701373,0.7485873590816151
X_scGPT,42,gemcitabine,SW579_THYROID,217,0.04201930167333541,0.8203795928559545
X_scGPT,42,gemcitabine,NCIH446_LUNG,196,0.058171440531031,0.618121328706644
X_scGPT,42,gemcitabine,HEC251_ENDOMETRIUM,107,0.08168618207019775,0.784688785811451
X_scGPT,42,gemcitabine,MFE319_ENDOMETRIUM,191,0.027588287179401365,0.7103044490539591
X_scGPT,42,gemcitabine,SKNAS_AUTONOMIC_GANGLIA,226,0.02301187033444377,0.7235116159493944
X_scGPT,42,gemcitabine,NCIH2452_PLEURA,538,0.05813196907661588,0.7863639900010758
X_scGPT,42,gemcitabine,COLO741_SKIN,329,0.05283159144013856,0.8650320094407148
X_scGPT,42,gemcitabine,KNS42_CENTRAL_NERVOUS_SYSTEM,172,0.07167533444044727,0.8113401622273201
X_scGPT,42,gemcitabine,MCF7_BREAST,143,0.14791009120092322,0.9921173353295226
X_scGPT,42,gemcitabine,HT1197_URINARY_TRACT,74,0.048478698763838,0.807363444888914
X_scGPT,42,gemcitabine,SNU899_UPPER_AERODIGESTIVE_TRACT,83,0.01883984482283219,0.6332077585070967
X_scGPT,42,gemcitabine,HCC38_BREAST,200,0.07335762396133867,0.7368951553106308
X_scGPT,42,gemcitabine,SNU308_BILIARY_TRACT,94,0.0626382517322481,0.7695222814032372
X_scGPT,42,gemcitabine,SW1271_LUNG,115,0.07333401737887521,0.8516294474187105
X_scGPT,42,gemcitabine,TM31_CENTRAL_NERVOUS_SYSTEM,116,0.020332852899055925,0.6680598592963712
X_scGPT,42,gemcitabine,NCIH747_LARGE_INTESTINE,80,0.057073847579299786,0.6660972759127617
X_scGPT,42,gemcitabine,KPNSI9S_AUTONOMIC_GANGLIA,129,0.053549334900561706,0.7096043700395629
X_scGPT,42,gemcitabine,SQ1_LUNG,238,0.04480778629989058,0.8602262873108647
X_scGPT,42,gemcitabine,IALM_LUNG,322,0.07167622822703404,0.745510885434121
X_scGPT,42,gemcitabine,BT474_BREAST,125,0.06275026001912339,0.8535911898612976
X_scGPT,42,gemcitabine,DKMG_CENTRAL_NERVOUS_SYSTEM,271,0.05676840287254109,0.6949408912130828
X_scGPT,42,gemcitabine,BT549_BREAST,266,0.08027441729039249,0.7698663970581571
X_scGPT,42,gemcitabine,BICR6_UPPER_AERODIGESTIVE_TRACT,286,0.04909726978692155,0.6607642466580117
X_scGPT,42,gemcitabine,SH10TC_STOMACH,351,0.05208056532697623,0.7947201414665266
X_scGPT,42,gemcitabine,UMUC1_URINARY_TRACT,197,0.07563090768325713,0.78717130392336
X_scGPT,42,gemcitabine,LS1034_LARGE_INTESTINE,146,0.05661421188968202,0.810311831431846
X_scGPT,42,gemcitabine,CCFSTTG1_CENTRAL_NERVOUS_SYSTEM,246,0.045377953054519755,0.6789467116681541
X_scGPT,42,gemcitabine,NCIH226_LUNG,235,0.07495738003367156,0.8426407743007579
X_scGPT,42,gemcitabine,LNCAPCLONEFGC_PROSTATE,129,0.03230465438632855,0.8447129652481671
X_scGPT,42,gemcitabine,RCC10RGB_KIDNEY,233,0.06383755779717544,0.8006208746218374
X_scGPT,42,gemcitabine,RERFLCAD1_LUNG,243,0.046900415172029884,0.7463591964647113
X_scGPT,42,gemcitabine,SKMEL2_SKIN,276,0.0650527661903917,0.7612029648777368
X_scGPT,42,gemcitabine,BICR31_UPPER_AERODIGESTIVE_TRACT,248,0.06081794029834837,0.7200042122314053
X_scGPT,42,gemcitabine,RCM1_LARGE_INTESTINE,128,0.07073167635201946,0.7858845992013812
X_scGPT,42,gemcitabine,COV434_OVARY,88,0.16142865740000548,0.37607410651716316
X_scGPT,42,gemcitabine,SNU1079_BILIARY_TRACT,73,0.10770650524825438,0.8578158396564118
X_scGPT,42,gemcitabine,YD38_UPPER_AERODIGESTIVE_TRACT,624,0.043859290363647364,0.6409956154246361
X_scGPT,42,gemcitabine,NCIH1299_LUNG,534,0.018893221454511867,0.6989235129025991
X_scGPT,42,gemcitabine,IGR37_SKIN,347,0.019705412349616366,0.8082069055491291
X_scGPT,42,gemcitabine,BFTC909_KIDNEY,379,0.0520554471989008,0.687311700277404
X_scGPT,42,gemcitabine,NCIH460_LUNG,837,0.05518583064533942,0.7275709941395722
X_scGPT,42,gemcitabine,IGR1_SKIN,725,0.059048280042184494,0.5876237842954438
X_scGPT,42,gemcitabine,VMCUB1_URINARY_TRACT,478,0.04498913966925711,0.6542525561409516
X_scGPT,42,gemcitabine,JHOC5_OVARY,145,0.05156136180448419,0.6966997368582364
X_scGPT,42,gemcitabine,42MGBA_CENTRAL_NERVOUS_SYSTEM,518,0.07338470756843021,0.698919635481816
X_scGPT,42,gemcitabine,HT1080_SOFT_TISSUE,516,0.05818249234164043,0.6868097521653471
X_scGPT,42,gemcitabine,LI7_LIVER,196,0.060666671725481056,0.7870304453737882
X_scGPT,42,gemcitabine,A375_SKIN,593,0.05118939570850147,0.7492351313867617
X_scGPT,42,gemcitabine,FTC133_THYROID,140,0.03926339813999042,0.7988135193075453
X_scGPT,42,gemcitabine,OVK18_OVARY,178,0.0704217878290173,0.6045333229089052
X_scGPT,42,gemcitabine,ACCMESO1_PLEURA,162,0.01621798332824828,0.6907446756039137
X_scGPT,42,gemcitabine,HMC18_BREAST,293,0.020168109082557128,0.7185686061813563
X_scGPT,42,gemcitabine,TOV112D_OVARY,78,0.018153665133914726,0.7191776220615094
X_scGPT,42,gemcitabine,JHH6_LIVER,206,0.047662264950352445,0.7591383341446664
X_scGPT,42,gemcitabine,A2058_SKIN,294,0.059356901208319685,0.6504179300094137
X_scGPT,42,gemcitabine,NCIH2110_LUNG,1990,0.07413507820448867,0.800978173323013
X_scGPT,42,gemcitabine,NCIH650_LUNG,271,0.051083327846813784,0.7645581998068468
X_scGPT,42,gemcitabine,EFE184_ENDOMETRIUM,86,0.05606390435210774,0.8361266886079034
X_scGPT,42,gemcitabine,HUPT3_PANCREAS,136,0.0592080680600079,0.7263409043936169
X_scGPT,42,gemcitabine,MDAMB361_BREAST,135,0.1742100479401569,1.2896318678502683
X_scGPT,42,gemcitabine,BCPAP_THYROID,152,0.08899404339297888,0.7320196163889608
X_scGPT,42,gemcitabine,PECAPJ49_UPPER_AERODIGESTIVE_TRACT,202,0.0635036244512296,0.7528374074119153
X_scGPT,42,gemcitabine,EKVX_LUNG,146,0.017871497864323706,0.6853484339910011
X_scGPT,42,gemcitabine,BICR56_UPPER_AERODIGESTIVE_TRACT,81,0.05725322543962833,0.6620746571340679
X_scGPT,42,gemcitabine,NCIH2170_LUNG,142,0.08794085525822097,0.6415630123564895
X_scGPT,42,gemcitabine,DETROIT562_UPPER_AERODIGESTIVE_TRACT,163,0.020051392841203653,0.618278289865131
X_scGPT,42,gemcitabine,SW1088_CENTRAL_NERVOUS_SYSTEM,128,0.08726324783301205,0.7877784096635878
X_scGPT,42,gemcitabine,BHY_UPPER_AERODIGESTIVE_TRACT,145,0.05432585267697436,0.7011378917200812
X_scGPT,42,gemcitabine,CAS1_CENTRAL_NERVOUS_SYSTEM,133,0.0821949820070397,0.8206680948124793
X_scGPT,42,gemcitabine,HCC1428_BREAST,127,0.07843130911324711,0.7369744111233809
X_scGPT,42,gemcitabine,HDQP1_BREAST,64,0.043313240076275,0.8005836261436343
X_scGPT,42,gemcitabine,OSRC2_KIDNEY,126,0.031954367211835505,0.8846492081407517
X_scGPT,42,gemcitabine,HUPT4_PANCREAS,56,0.06999494490017147,0.7216038193021502
X_scGPT,42,gemcitabine,TCCSUP_URINARY_TRACT,316,0.04703818836482157,0.7769280213721191
X_scGPT,42,gemcitabine,VMRCRCZ_KIDNEY,300,0.019001941364401444,0.6830757796764374
X_scGPT,42,gemcitabine,PK59_PANCREAS,174,0.05642864928822708,0.7265811795475839
X_scGPT,42,gemcitabine,HUH6_LIVER,338,0.09045180851621673,0.8674284758476111
X_scGPT,42,gemcitabine,MSTO211H_PLEURA,297,0.07573196502566398,0.7361155104155492
X_scGPT,42,gemcitabine,HS852T_SKIN,162,0.04323514686471552,0.8105276900309103
X_scGPT,42,gemcitabine,SKMEL30_SKIN,353,0.08284405589116106,0.8376504069684922
X_scGPT,42,gemcitabine,T47D_BREAST,221,0.23228853128096838,1.1134962606753698
X_scGPT,42,gemcitabine,CALU6_LUNG,258,0.058291919522009954,0.7281396973502728
X_scGPT,42,gemcitabine,NCIH522_LUNG,208,0.019995225727506255,0.7011858872496165
X_scGPT,42,gemcitabine,LMSU_STOMACH,255,0.01393911144900346,0.6414662716435451
X_scGPT,42,gemcitabine,SNUC4_LARGE_INTESTINE,467,0.06760561187192016,0.5531532324100715
X_scGPT,42,gemcitabine,RVH421_SKIN,239,0.0844643921181311,0.8734824607561822
X_scGPT,42,gemcitabine,OVSAHO_OVARY,227,0.018917977713656418,0.7051876675715005
X_scGPT,42,gemcitabine,GOS3_CENTRAL_NERVOUS_SYSTEM,191,0.022145580436628415,0.6650750917914026
X_scGPT,42,gemcitabine,SNU738_CENTRAL_NERVOUS_SYSTEM,379,0.07666075204387227,0.8238281713783898
X_scGPT,42,gemcitabine,PC3_PROSTATE,169,0.07330666230675548,0.8123043733235646
X_scGPT,42,gemcitabine,PATU8988S_PANCREAS,244,0.022211775799617736,0.631651477979832
X_scGPT,42,gemcitabine,OVTOKO_OVARY,209,0.015119996964425543,0.6596238901170247
X_scGPT,42,gemcitabine,TE1_OESOPHAGUS,206,0.05393749624340553,0.7719118511213839
X_scGPT,42,gemcitabine,NCIH2087_LUNG,219,0.062043051345362685,0.6681486999607522
X_scGPT,42,gemcitabine,EFM192A_BREAST,333,0.053769123305179654,0.7273857382324723
X_scGPT,42,gemcitabine,SNU423_LIVER,212,0.0714778418274215,0.7658668281334751
X_scGPT,42,gemcitabine,KPL1_BREAST,276,0.06086385339034266,0.855873529245888
X_scGPT,42,gemcitabine,NCIH358_LUNG,336,0.06902880893148086,0.7761955025295416
X_scGPT,42,gemcitabine,COLO792_SKIN,271,0.03223522994618826,0.7402365660755397
X_scGPT,42,gemcitabine,KYSE520_OESOPHAGUS,323,0.01631560905131398,0.6246101937426871
X_scGPT,42,gemcitabine,KMRC3_KIDNEY,245,0.05642836289341555,0.8011011583464486
X_scGPT,42,gemcitabine,MKN7_STOMACH,258,0.053158052430483736,0.7087245218513548
X_scGPT,42,gemcitabine,NCIH1944_LUNG,414,0.016596854381614883,0.665064734681217
X_scGPT,42,gemcitabine,TE6_OESOPHAGUS,551,0.015573874416334952,0.6057535262808825
X_scGPT,42,gemcitabine,ZR751_BREAST,309,0.13678737306750155,0.8167873706825343
X_scGPT,42,gemcitabine,PANC0203_PANCREAS,506,0.04824092157823821,0.7242964987933871
X_scGPT,42,gemcitabine,SW1990_PANCREAS,307,0.060329162923038034,0.7456486126110686
X_scGPT,42,gemcitabine,RD_SOFT_TISSUE,261,0.0581830318342574,0.6456348059049511
X_scGPT,42,gemcitabine,NCIH1792_LUNG,111,0.08778558746465084,0.7302636657212231
X_scGPT,42,gemcitabine,PK45H_PANCREAS,271,0.05960579339688183,0.7952265627269816
X_scGPT,42,gemcitabine,LS180_LARGE_INTESTINE,361,0.06049278126789959,0.7235412683513356
X_scGPT,42,gemcitabine,RERFLCAI_LUNG,763,0.05189750479687737,0.7177789231584082
X_scGPT,42,gemcitabine,CAMA1_BREAST,291,0.05552453863305351,0.8350415442817399
X_scGPT,42,gemcitabine,SNU449_LIVER,282,0.03712350395501224,0.7421926794745398
X_scGPT,42,gemcitabine,A204_SOFT_TISSUE,250,0.155895085306842,0.6176816027164459
X_scGPT,42,gemcitabine,MKN45_STOMACH,118,0.11621952228812457,0.7407681750038922
X_scGPT,42,gemcitabine,HEP3B217_LIVER,118,0.017520913009239556,0.6594457085859977
X_scGPT,42,gemcitabine,HOS_BONE,829,0.0816243677312412,0.6121784790505547
X_scGPT,42,gemcitabine,EBC1_LUNG,186,0.056915436822677565,0.7459200835356148
X_scGPT,42,gemcitabine,NCIH292_LUNG,213,0.05079685701512202,0.7061291513308673
X_scGPT,42,gemcitabine,OUMS23_LARGE_INTESTINE,107,0.08464052214566535,0.7553061684158361
X_scGPT,42,gemcitabine,HEC151_ENDOMETRIUM,250,0.06417669937518838,0.7936149649620056
X_scGPT,42,gemcitabine,NCIH1373_LUNG,164,0.055625150530729583,0.7472373777773322
X_scGPT,42,gemcitabine,TE9_OESOPHAGUS,248,0.01763612894485074,0.6193446067552413
X_scGPT,42,gemcitabine,HCC56_LARGE_INTESTINE,99,0.06390058594332054,0.7670510718316743
X_scGPT,42,gemcitabine,HT55_LARGE_INTESTINE,211,0.12450730719033055,0.7822973185805913
X_scGPT,42,gemcitabine,RT4_URINARY_TRACT,106,0.06034934604679388,0.6018456513026975
X_scGPT,42,gemcitabine,SKES1_BONE,91,0.02156636396489003,0.7001230173058562
X_scGPT,42,gemcitabine,NCIH1435_LUNG,267,0.0526030227262538,0.8061907255694214
X_scGPT,42,gemcitabine,8305C_THYROID,459,0.05456684779697767,0.819779007912721
X_scGPT,42,gemcitabine,NCIH2228_LUNG,367,0.04894755459694257,0.7950622189272327
X_scGPT,42,gemcitabine,TE10_OESOPHAGUS,219,0.04474500304319772,0.7261995436394051
X_scGPT,42,gemcitabine,ASPC1_PANCREAS,290,0.036267037211587534,0.7933877875064982
X_scGPT,42,gemcitabine,HCC366_LUNG,202,0.04351551627837687,0.7346944826664311
X_scGPT,42,gemcitabine,BICR16_UPPER_AERODIGESTIVE_TRACT,212,0.0479943558411157,0.6586707012270981
X_scGPT,42,gemcitabine,HEC6_ENDOMETRIUM,161,0.06289736478470875,0.7857131339748453
X_scGPT,42,gemcitabine,KALS1_CENTRAL_NERVOUS_SYSTEM,288,0.014740848876477251,0.6639269907027483
X_scGPT,42,gemcitabine,NCIH2444_LUNG,237,0.043248168444694444,0.847893285600445
X_scGPT,42,gemcitabine,SNU46_UPPER_AERODIGESTIVE_TRACT,236,0.06422283074862174,0.724338827623149
X_scGPT,42,gemcitabine,OAW28_OVARY,161,0.08964645354605694,0.7732510277943582
X_scGPT,42,gemcitabine,SNU1214_UPPER_AERODIGESTIVE_TRACT,188,0.04761294232736839,0.686940313336697
X_scGPT,42,gemcitabine,SKMEL5_SKIN,297,0.07165734184260045,0.8010233973814582
X_scGPT,42,gemcitabine,OVCAR4_OVARY,283,0.06962924879582535,0.8479552751295137
X_scGPT,42,gemcitabine,UACC257_SKIN,239,0.0546623683906274,0.6798727029786449
X_scGPT,42,gemcitabine,ONCODG1_OVARY,270,0.018249266558457808,0.653389228714837
X_scGPT,42,gemcitabine,HUH28_BILIARY_TRACT,139,0.016185538353575078,0.6825345655997023
X_scGPT,42,gemcitabine,IM95_STOMACH,185,0.05378586064780065,0.7434941488343316
X_scGPT,42,gemcitabine,TE14_OESOPHAGUS,474,0.05386743150654124,0.6401374030088071
X_scGPT,42,gemcitabine,CAKI2_KIDNEY,278,0.04880035420847171,0.8430566946379572
X_scGPT,42,gemcitabine,SU8686_PANCREAS,82,0.05592646443256129,0.7981765524643224
X_scGPT,42,gemcitabine,SCC25_UPPER_AERODIGESTIVE_TRACT,898,0.01807527068994387,0.5858702297200074
X_scGPT,42,gemcitabine,SCC9_UPPER_AERODIGESTIVE_TRACT,475,0.018331217269506917,0.6430651362318741
X_scGPT,42,imatinib,NCIH2126_LUNG,264,0.022435281218735927,0.9488980641419237
X_scGPT,42,imatinib,SW579_THYROID,217,0.01609639596767245,0.9357403717282731
X_scGPT,42,imatinib,NCIH446_LUNG,196,0.02452858655477631,0.8597189431287804
X_scGPT,42,imatinib,HEC251_ENDOMETRIUM,107,0.02202216839856914,0.9474986396103262
X_scGPT,42,imatinib,MFE319_ENDOMETRIUM,191,0.017006061168706843,0.9900952131336272
X_scGPT,42,imatinib,SKNAS_AUTONOMIC_GANGLIA,226,0.012837722503190041,0.939752529416464
X_scGPT,42,imatinib,NCIH2452_PLEURA,538,0.020103669077940787,0.9602575678807652
X_scGPT,42,imatinib,COLO741_SKIN,329,0.016430371571766408,0.9174337175117075
X_scGPT,42,imatinib,KNS42_CENTRAL_NERVOUS_SYSTEM,172,0.023152967375427762,0.9355252048996991
X_scGPT,42,imatinib,MCF7_BREAST,143,0.045520161937733054,0.9629933688190434
X_scGPT,42,imatinib,HT1197_URINARY_TRACT,74,0.03006530557325325,1.022404684408291
X_scGPT,42,imatinib,SNU899_UPPER_AERODIGESTIVE_TRACT,83,0.0077576380506208294,1.0208004483257431
X_scGPT,42,imatinib,HCC38_BREAST,200,0.05101288926674546,1.0107684722542762
X_scGPT,42,imatinib,SNU308_BILIARY_TRACT,94,0.028872393531267436,0.9507147092768486
X_scGPT,42,imatinib,SW1271_LUNG,115,0.037737796207583815,0.9707095913265062
X_scGPT,42,imatinib,TM31_CENTRAL_NERVOUS_SYSTEM,116,0.010721383132781974,0.9689440449763989
X_scGPT,42,imatinib,NCIH747_LARGE_INTESTINE,80,0.04618356864508372,1.0474180854856967
X_scGPT,42,imatinib,KPNSI9S_AUTONOMIC_GANGLIA,129,0.03426071399169479,0.9355092080988625
X_scGPT,42,imatinib,SQ1_LUNG,238,0.01767398362508679,0.959779698808654
X_scGPT,42,imatinib,IALM_LUNG,322,0.030009833071429872,0.9680010728214098
X_scGPT,42,imatinib,BT474_BREAST,125,0.02250309140862171,0.9545647373199463
X_scGPT,42,imatinib,DKMG_CENTRAL_NERVOUS_SYSTEM,271,0.03694584472352386,0.9027273989251619
X_scGPT,42,imatinib,BT549_BREAST,266,0.029630277219760956,0.9179603629990628
X_scGPT,42,imatinib,BICR6_UPPER_AERODIGESTIVE_TRACT,286,0.033613059216729635,0.9945176529300797
X_scGPT,42,imatinib,SH10TC_STOMACH,351,0.03643661308743545,1.02079422283716
X_scGPT,42,imatinib,UMUC1_URINARY_TRACT,197,0.03443441334931259,0.9669102151986911
X_scGPT,42,imatinib,LS1034_LARGE_INTESTINE,146,0.031083330841887035,1.030126447955223
X_scGPT,42,imatinib,CCFSTTG1_CENTRAL_NERVOUS_SYSTEM,246,0.031676136904129557,0.9090937577127441
X_scGPT,42,imatinib,NCIH226_LUNG,235,0.036299371268936106,0.9457851975522142
X_scGPT,42,imatinib,LNCAPCLONEFGC_PROSTATE,129,0.0136599712468903,0.949556941671889
X_scGPT,42,imatinib,RCC10RGB_KIDNEY,233,0.04834986197263425,1.0473338035554844
X_scGPT,42,imatinib,RERFLCAD1_LUNG,243,0.03602739611474546,1.0103054681923165
X_scGPT,42,imatinib,SKMEL2_SKIN,276,0.022762804700950524,0.9148434249387272
X_scGPT,42,imatinib,BICR31_UPPER_AERODIGESTIVE_TRACT,248,0.0223050505286476,0.9135050271307269
X_scGPT,42,imatinib,RCM1_LARGE_INTESTINE,128,0.024505848363989204,0.9278036481700838
X_scGPT,42,imatinib,COV434_OVARY,88,0.038985327604929704,0.9674158455295996
X_scGPT,42,imatinib,SNU1079_BILIARY_TRACT,73,0.051728547725833365,0.984831986361987
X_scGPT,42,imatinib,YD38_UPPER_AERODIGESTIVE_TRACT,624,0.01984270955190642,0.9170236272307543
X_scGPT,42,imatinib,NCIH1299_LUNG,534,0.008952262779321702,0.9831735150197919
X_scGPT,42,imatinib,IGR37_SKIN,347,0.009600806193602431,0.975965474627547
X_scGPT,42,imatinib,BFTC909_KIDNEY,379,0.03339188820601995,0.9307093008527026
X_scGPT,42,imatinib,NCIH460_LUNG,837,0.0160870141662956,0.902951056242274
X_scGPT,42,imatinib,IGR1_SKIN,725,0.02099989072485592,0.9574773950412355
X_scGPT,42,imatinib,VMCUB1_URINARY_TRACT,478,0.01836918569175398,0.909464958073205
X_scGPT,42,imatinib,JHOC5_OVARY,145,0.0336582689164778,1.0035263994644428
X_scGPT,42,imatinib,42MGBA_CENTRAL_NERVOUS_SYSTEM,518,0.025228705409380974,0.91989969482293
X_scGPT,42,imatinib,HT1080_SOFT_TISSUE,516,0.03704123298305309,0.9772378083809402
X_scGPT,42,imatinib,LI7_LIVER,196,0.03336714165848435,0.9552911197652623
X_scGPT,42,imatinib,A375_SKIN,593,0.018363273796557417,0.897497809254902
X_scGPT,42,imatinib,FTC133_THYROID,140,0.0146994712576546,0.9340607136487961
X_scGPT,42,imatinib,OVK18_OVARY,178,0.03840935774334379,0.9437025544348727
X_scGPT,42,imatinib,ACCMESO1_PLEURA,162,0.009989929670242875,0.9780307905173596
X_scGPT,42,imatinib,HMC18_BREAST,293,0.010302428856230662,0.9715580039056901
X_scGPT,42,imatinib,TOV112D_OVARY,78,0.011247088647012493,0.9427622533761538
X_scGPT,42,imatinib,JHH6_LIVER,206,0.01741202512087381,0.9240976036752312
X_scGPT,42,imatinib,A2058_SKIN,294,0.03571144674521406,0.9393070019832274
X_scGPT,42,imatinib,NCIH2110_LUNG,1990,0.029028696080082562,0.9522079416255855
X_scGPT,42,imatinib,NCIH650_LUNG,271,0.03182378949321451,1.035257959057924
X_scGPT,42,imatinib,EFE184_ENDOMETRIUM,86,0.03240100110970094,1.0059578404870144
X_scGPT,42,imatinib,HUPT3_PANCREAS,136,0.05258776251042819,1.036310663994621
X_scGPT,42,imatinib,MDAMB361_BREAST,135,0.058470699624949565,0.9178916012799299
X_scGPT,42,imatinib,BCPAP_THYROID,152,0.028806784736094968,0.9530996848878107
X_scGPT,42,imatinib,PECAPJ49_UPPER_AERODIGESTIVE_TRACT,202,0.03456202674602044,0.9611401661197738
X_scGPT,42,imatinib,EKVX_LUNG,146,0.01208348395821501,0.9870997932675767
X_scGPT,42,imatinib,BICR56_UPPER_AERODIGESTIVE_TRACT,81,0.016566278565305022,0.9092294603218267
X_scGPT,42,imatinib,NCIH2170_LUNG,142,0.024661120106681776,0.9370518675152685
X_scGPT,42,imatinib,DETROIT562_UPPER_AERODIGESTIVE_TRACT,163,0.009113140917278372,1.0137027754374077
X_scGPT,42,imatinib,SW1088_CENTRAL_NERVOUS_SYSTEM,128,0.03261305101558686,0.9444195777177811
X_scGPT,42,imatinib,BHY_UPPER_AERODIGESTIVE_TRACT,145,0.018997084023983375,0.936017999155768
X_scGPT,42,imatinib,CAS1_CENTRAL_NERVOUS_SYSTEM,133,0.03661054353513752,0.9310657991502518
X_scGPT,42,imatinib,HCC1428_BREAST,127,0.03887457208272847,1.0207974516500637
X_scGPT,42,imatinib,HDQP1_BREAST,64,0.01639056721511877,0.9410416819155216
X_scGPT,42,imatinib,OSRC2_KIDNEY,126,0.018673766765735213,0.9693479755568126
X_scGPT,42,imatinib,HUPT4_PANCREAS,56,0.050944583738684934,1.0704818442463875
X_scGPT,42,imatinib,TCCSUP_URINARY_TRACT,316,0.019064330380345912,0.9384292384868935
X_scGPT,42,imatinib,VMRCRCZ_KIDNEY,300,0.010152278837699483,0.9874007934331894
X_scGPT,42,imatinib,PK59_PANCREAS,174,0.03594835356410923,1.0310247211620724
X_scGPT,42,imatinib,HUH6_LIVER,338,0.028534590430274953,1.0488345000518144
X_scGPT,42,imatinib,MSTO211H_PLEURA,297,0.022610194604683886,0.9334340434684496
X_scGPT,42,imatinib,HS852T_SKIN,162,0.01633450559769743,0.9103567703270617
X_scGPT,42,imatinib,SKMEL30_SKIN,353,0.027122522528123864,0.9740401585784242
X_scGPT,42,imatinib,T47D_BREAST,221,0.06254933615605167,0.9643137665355906
X_scGPT,42,imatinib,CALU6_LUNG,258,0.016612470405900623,0.9294387487940086
X_scGPT,42,imatinib,NCIH522_LUNG,208,0.01042166447351684,0.957275295486817
X_scGPT,42,imatinib,LMSU_STOMACH,255,0.00752652839212114,0.9719573677754869
X_scGPT,42,imatinib,SNUC4_LARGE_INTESTINE,467,0.038874291400891124,1.0509533725152433
X_scGPT,42,imatinib,RVH421_SKIN,239,0.026552328711051728,1.0041943948139207
X_scGPT,42,imatinib,OVSAHO_OVARY,227,0.011308948758183748,0.976688915674907
X_scGPT,42,imatinib,GOS3_CENTRAL_NERVOUS_SYSTEM,191,0.010859877423544414,0.9693183174932191
X_scGPT,42,imatinib,SNU738_CENTRAL_NERVOUS_SYSTEM,379,0.02975604970878177,0.9711571516650962
X_scGPT,42,imatinib,PC3_PROSTATE,169,0.026826341616713864,0.9573582978643609
X_scGPT,42,imatinib,PATU8988S_PANCREAS,244,0.014381332925317658,1.0512971961107411
X_scGPT,42,imatinib,OVTOKO_OVARY,209,0.010725287704005432,1.0008241656864658
X_scGPT,42,imatinib,TE1_OESOPHAGUS,206,0.027959895898551145,0.9837421065974004
X_scGPT,42,imatinib,NCIH2087_LUNG,219,0.05471798027622121,1.0068591179913038
X_scGPT,42,imatinib,EFM192A_BREAST,333,0.022655278595745926,1.00699425334329
X_scGPT,42,imatinib,SNU423_LIVER,212,0.026282074856967274,1.0075432289883774
X_scGPT,42,imatinib,KPL1_BREAST,276,0.012639917262923482,0.908417994129485
X_scGPT,42,imatinib,NCIH358_LUNG,336,0.028152162222011393,0.9509226000379949
X_scGPT,42,imatinib,COLO792_SKIN,271,0.010361117513761396,0.9925763494854044
X_scGPT,42,imatinib,KYSE520_OESOPHAGUS,323,0.00791926936023709,1.0054337074143969
X_scGPT,42,imatinib,KMRC3_KIDNEY,245,0.026399871659828607,0.9899750889564047
X_scGPT,42,imatinib,MKN7_STOMACH,258,0.033186725506223765,1.0095335074173388
X_scGPT,42,imatinib,NCIH1944_LUNG,414,0.009074089716798087,0.9913541742281061
X_scGPT,42,imatinib,TE6_OESOPHAGUS,551,0.009394555368328714,1.0099898098601188
X_scGPT,42,imatinib,ZR751_BREAST,309,0.034348968643928446,0.8854146495606136
X_scGPT,42,imatinib,PANC0203_PANCREAS,506,0.013000099498045104,0.925092176486381
X_scGPT,42,imatinib,SW1990_PANCREAS,307,0.040026427918877464,1.0206194939364828
X_scGPT,42,imatinib,RD_SOFT_TISSUE,261,0.01657852560696089,0.8954622951047174
X_scGPT,42,imatinib,NCIH1792_LUNG,111,0.02694530986709016,0.9895538902497506
X_scGPT,42,imatinib,PK45H_PANCREAS,271,0.029171554343276954,1.0208429403850514
X_scGPT,42,imatinib,LS180_LARGE_INTESTINE,361,0.016839218018290497,0.9089844893880829
X_scGPT,42,imatinib,RERFLCAI_LUNG,763,0.03511214341050606,1.012428828413802
X_scGPT,42,imatinib,CAMA1_BREAST,291,0.013494604073797068,0.8945181406650347
X_scGPT,42,imatinib,SNU449_LIVER,282,0.014432959653117878,0.9521644193652674
X_scGPT,42,imatinib,A204_SOFT_TISSUE,250,0.025388062816674373,0.9809351706504822
X_scGPT,42,imatinib,MKN45_STOMACH,118,0.06579552440113795,0.9964894121986324
X_scGPT,42,imatinib,HEP3B217_LIVER,118,0.008546363131715619,1.008508198342081
X_scGPT,42,imatinib,HOS_BONE,829,0.023070421607059757,0.9350115840915316
X_scGPT,42,imatinib,EBC1_LUNG,186,0.021701728095573816,0.952412756540442
X_scGPT,42,imatinib,NCIH292_LUNG,213,0.01628439324233635,0.9392181674079716
X_scGPT,42,imatinib,OUMS23_LARGE_INTESTINE,107,0.05692651520581852,1.05631259612948
X_scGPT,42,imatinib,HEC151_ENDOMETRIUM,250,0.026010237206108247,0.9921455385684967
X_scGPT,42,imatinib,NCIH1373_LUNG,164,0.01594601042251833,0.9595050928069324
X_scGPT,42,imatinib,TE9_OESOPHAGUS,248,0.007936511918371515,1.0174171561675687
X_scGPT,42,imatinib,HCC56_LARGE_INTESTINE,99,0.02175710805339071,0.9256851534650783
X_scGPT,42,imatinib,HT55_LARGE_INTESTINE,211,0.051184628994531044,1.0486759701611306
X_scGPT,42,imatinib,RT4_URINARY_TRACT,106,0.04225039569472718,1.0357678273938737
X_scGPT,42,imatinib,SKES1_BONE,91,0.013958451689728523,0.9501204975358732
X_scGPT,42,imatinib,NCIH1435_LUNG,267,0.01574724447307096,0.9368238018246625
X_scGPT,42,imatinib,8305C_THYROID,459,0.023158626303341836,0.9825735767422679
X_scGPT,42,imatinib,NCIH2228_LUNG,367,0.018291521550266553,0.9663112717363425
X_scGPT,42,imatinib,TE10_OESOPHAGUS,219,0.03013601615414233,0.9570053731469803
X_scGPT,42,imatinib,ASPC1_PANCREAS,290,0.0244355364051989,1.0458268650646867
X_scGPT,42,imatinib,HCC366_LUNG,202,0.0319659823138644,1.0267003798248744
X_scGPT,42,imatinib,BICR16_UPPER_AERODIGESTIVE_TRACT,212,0.030754290298222835,0.9859923101821035
X_scGPT,42,imatinib,HEC6_ENDOMETRIUM,161,0.024809260146852037,0.9686394178349039
X_scGPT,42,imatinib,KALS1_CENTRAL_NERVOUS_SYSTEM,288,0.007939529157463534,0.9693378526717424
X_scGPT,42,imatinib,NCIH2444_LUNG,237,0.014837076221288574,0.9866027713827946
X_scGPT,42,imatinib,SNU46_UPPER_AERODIGESTIVE_TRACT,236,0.03028151877565325,0.9768080981606144
X_scGPT,42,imatinib,OAW28_OVARY,161,0.06489029615736935,1.0884708147611677
X_scGPT,42,imatinib,SNU1214_UPPER_AERODIGESTIVE_TRACT,188,0.02362914225021428,0.9382459067917884
X_scGPT,42,imatinib,SKMEL5_SKIN,297,0.02008898040240098,0.9737400683489713
X_scGPT,42,imatinib,OVCAR4_OVARY,283,0.04223976296010424,1.0197436805327453
X_scGPT,42,imatinib,UACC257_SKIN,239,0.016643108492902993,0.9561035692941194
X_scGPT,42,imatinib,ONCODG1_OVARY,270,0.00897576198718946,0.9980713208516439
X_scGPT,42,imatinib,HUH28_BILIARY_TRACT,139,0.008681102850451447,0.9635644237772166
X_scGPT,42,imatinib,IM95_STOMACH,185,0.02852582113582191,0.9939253629864873
X_scGPT,42,imatinib,TE14_OESOPHAGUS,474,0.02173564610008965,0.933502580168881
X_scGPT,42,imatinib,CAKI2_KIDNEY,278,0.022132193019590612,1.0331268398453006
X_scGPT,42,imatinib,SU8686_PANCREAS,82,0.03520810952084109,1.004408788390276
X_scGPT,42,imatinib,SCC25_UPPER_AERODIGESTIVE_TRACT,898,0.008866237941682705,0.9914573866434246
X_scGPT,42,imatinib,SCC9_UPPER_AERODIGESTIVE_TRACT,475,0.01136902826766798,0.9617387209440532
X_scGPT,42,erlotinib,NCIH2126_LUNG,264,0.04126651292625595,0.7946730447989522
X_scGPT,42,erlotinib,SW579_THYROID,217,0.02675593821236785,1.0422731934604557
X_scGPT,42,erlotinib,NCIH446_LUNG,196,0.03421537123716496,1.07307781218266
X_scGPT,42,erlotinib,HEC251_ENDOMETRIUM,107,0.04194221050094881,0.8792351378458683
X_scGPT,42,erlotinib,MFE319_ENDOMETRIUM,191,0.03433948733164353,0.8663420705271017
X_scGPT,42,erlotinib,SKNAS_AUTONOMIC_GANGLIA,226,0.023137051341744617,0.9574090529859594
X_scGPT,42,erlotinib,NCIH2452_PLEURA,538,0.031184966980131026,0.9899056754369275
X_scGPT,42,erlotinib,COLO741_SKIN,329,0.029958268315432617,1.0403725551979157
X_scGPT,42,erlotinib,KNS42_CENTRAL_NERVOUS_SYSTEM,172,0.028174295317805933,1.007830377234969
X_scGPT,42,erlotinib,MCF7_BREAST,143,0.04430970412123146,0.9333706773244418
X_scGPT,42,erlotinib,HT1197_URINARY_TRACT,74,0.038426552739842544,0.7604528625269193
X_scGPT,42,erlotinib,SNU899_UPPER_AERODIGESTIVE_TRACT,83,0.018989546459638688,0.7639613869678543
X_scGPT,42,erlotinib,HCC38_BREAST,200,0.04563335324665129,0.8272753167152405
X_scGPT,42,erlotinib,SNU308_BILIARY_TRACT,94,0.04406531877808923,0.8326372852984895
X_scGPT,42,erlotinib,SW1271_LUNG,115,0.03743808004164134,0.9212418426638064
X_scGPT,42,erlotinib,TM31_CENTRAL_NERVOUS_SYSTEM,116,0.023601896740107986,0.8845963611684996
X_scGPT,42,erlotinib,NCIH747_LARGE_INTESTINE,80,0.054119519680773186,0.7653508342802524
X_scGPT,42,erlotinib,KPNSI9S_AUTONOMIC_GANGLIA,129,0.03826663527797659,0.9339177779449049
X_scGPT,42,erlotinib,SQ1_LUNG,238,0.03192806933779333,0.9111193466086348
X_scGPT,42,erlotinib,IALM_LUNG,322,0.039874035185471675,0.8655876000845655
X_scGPT,42,erlotinib,BT474_BREAST,125,0.02874479270791286,0.8788432326316834
X_scGPT,42,erlotinib,DKMG_CENTRAL_NERVOUS_SYSTEM,271,0.04690989091896423,0.9683530449427362
X_scGPT,42,erlotinib,BT549_BREAST,266,0.04480893761248911,0.9657438986731651
X_scGPT,42,erlotinib,BICR6_UPPER_AERODIGESTIVE_TRACT,286,0.054259895660631066,0.7723880645695266
X_scGPT,42,erlotinib,SH10TC_STOMACH,351,0.036159754120812765,0.9544659808829978
X_scGPT,42,erlotinib,UMUC1_URINARY_TRACT,197,0.05270063407330668,0.7819131646059492
X_scGPT,42,erlotinib,LS1034_LARGE_INTESTINE,146,0.0281352592762158,0.8016280703348656
X_scGPT,42,erlotinib,CCFSTTG1_CENTRAL_NERVOUS_SYSTEM,246,0.03656251797657582,0.9636883590279556
X_scGPT,42,erlotinib,NCIH226_LUNG,235,0.03558866367606834,0.9474234814339496
X_scGPT,42,erlotinib,LNCAPCLONEFGC_PROSTATE,129,0.0239618776591987,0.935750497403995
X_scGPT,42,erlotinib,RCC10RGB_KIDNEY,233,0.04451352810636156,0.8608911188375284
X_scGPT,42,erlotinib,RERFLCAD1_LUNG,243,0.04198075729442356,0.920574137948668
X_scGPT,42,erlotinib,SKMEL2_SKIN,276,0.03079225088706378,0.940112119567567
X_scGPT,42,erlotinib,BICR31_UPPER_AERODIGESTIVE_TRACT,248,0.047280930156780955,0.8072897311179869
X_scGPT,42,erlotinib,RCM1_LARGE_INTESTINE,128,0.05242638437480052,0.852323523722589
X_scGPT,42,erlotinib,COV434_OVARY,88,0.035578900811364805,0.9197401837869124
X_scGPT,42,erlotinib,SNU1079_BILIARY_TRACT,73,0.03721536859048141,0.8935175244122335
X_scGPT,42,erlotinib,YD38_UPPER_AERODIGESTIVE_TRACT,624,0.037771473098272446,0.766742833913901
X_scGPT,42,erlotinib,NCIH1299_LUNG,534,0.018930221719705206,0.88130527388737
X_scGPT,42,erlotinib,IGR37_SKIN,347,0.016293668167264914,0.9860816745661865
X_scGPT,42,erlotinib,BFTC909_KIDNEY,379,0.04378538845587746,0.9406919685391448
X_scGPT,42,erlotinib,NCIH460_LUNG,837,0.043882107563161854,0.9573426258037024
X_scGPT,42,erlotinib,IGR1_SKIN,725,0.041747564165332866,0.9701779802092191
X_scGPT,42,erlotinib,VMCUB1_URINARY_TRACT,478,0.03442037036705871,0.7944125973280504
X_scGPT,42,erlotinib,JHOC5_OVARY,145,0.048350087771069306,0.8292663631768062
X_scGPT,42,erlotinib,42MGBA_CENTRAL_NERVOUS_SYSTEM,518,0.028676786587808305,1.032837026943111
X_scGPT,42,erlotinib,HT1080_SOFT_TISSUE,516,0.04706982261630721,0.8896956170021102
X_scGPT,42,erlotinib,LI7_LIVER,196,0.045150389936511236,0.8843705191904184
X_scGPT,42,erlotinib,A375_SKIN,593,0.03634047872311917,0.9813393396631662
X_scGPT,42,erlotinib,FTC133_THYROID,140,0.03243240569590941,0.9718319637434824
X_scGPT,42,erlotinib,OVK18_OVARY,178,0.046317639284044324,0.8883280496249039
X_scGPT,42,erlotinib,ACCMESO1_PLEURA,162,0.021830153911609494,0.8912273005202964
X_scGPT,42,erlotinib,HMC18_BREAST,293,0.02412989355960132,0.911128304313881
X_scGPT,42,erlotinib,TOV112D_OVARY,78,0.02254569666079908,0.9523398387126434
X_scGPT,42,erlotinib,JHH6_LIVER,206,0.04160428126688022,0.9256211024464913
X_scGPT,42,erlotinib,A2058_SKIN,294,0.04469076366900958,0.9571640527978236
X_scGPT,42,erlotinib,NCIH2110_LUNG,1990,0.0415249935965139,0.8488342312712166
X_scGPT,42,erlotinib,NCIH650_LUNG,271,0.048987267771086786,0.8524512364855552
X_scGPT,42,erlotinib,EFE184_ENDOMETRIUM,86,0.0352052357707985,0.8256933287132618
X_scGPT,42,erlotinib,HUPT3_PANCREAS,136,0.05113046156134696,0.7834370675332406
X_scGPT,42,erlotinib,MDAMB361_BREAST,135,0.05304249042715369,1.0438188831011455
X_scGPT,42,erlotinib,BCPAP_THYROID,152,0.044086977288427476,0.928343796024197
X_scGPT,42,erlotinib,PECAPJ49_UPPER_AERODIGESTIVE_TRACT,202,0.06035253007850398,0.7307482113932618
X_scGPT,42,erlotinib,EKVX_LUNG,146,0.025299832179991096,0.8550973738709541
X_scGPT,42,erlotinib,BICR56_UPPER_AERODIGESTIVE_TRACT,81,0.04731140854370843,0.7373854135289605
X_scGPT,42,erlotinib,NCIH2170_LUNG,142,0.04087980271994841,0.816361879798728
X_scGPT,42,erlotinib,DETROIT562_UPPER_AERODIGESTIVE_TRACT,163,0.0213218810181309,0.7628026483980425
X_scGPT,42,erlotinib,SW1088_CENTRAL_NERVOUS_SYSTEM,128,0.03726366116368467,1.0187446530908346
X_scGPT,42,erlotinib,BHY_UPPER_AERODIGESTIVE_TRACT,145,0.041853677628135404,0.8088682898159685
X_scGPT,42,erlotinib,CAS1_CENTRAL_NERVOUS_SYSTEM,133,0.026715969815852916,0.9941129092883346
X_scGPT,42,erlotinib,HCC1428_BREAST,127,0.05049343960011656,0.8318099130795696
X_scGPT,42,erlotinib,HDQP1_BREAST,64,0.03285055352665335,0.8949343468993902
X_scGPT,42,erlotinib,OSRC2_KIDNEY,126,0.021011844904394856,0.9632287460660177
X_scGPT,42,erlotinib,HUPT4_PANCREAS,56,0.07602384490454435,0.8262839689850807
X_scGPT,42,erlotinib,TCCSUP_URINARY_TRACT,316,0.028496975233528125,0.9893834430582916
X_scGPT,42,erlotinib,VMRCRCZ_KIDNEY,300,0.020671635596578333,0.8662773009141286
X_scGPT,42,erlotinib,PK59_PANCREAS,174,0.04480588427047639,0.8942546495075884
X_scGPT,42,erlotinib,HUH6_LIVER,338,0.03317579106556897,0.8593013639280782
X_scGPT,42,erlotinib,MSTO211H_PLEURA,297,0.027556594194254005,0.9476330284317735
X_scGPT,42,erlotinib,HS852T_SKIN,162,0.030070522465763628,1.0067364514609913
X_scGPT,42,erlotinib,SKMEL30_SKIN,353,0.02509093170616318,0.9483949016916853
X_scGPT,42,erlotinib,T47D_BREAST,221,0.049677510438910985,0.9594888800409584
X_scGPT,42,erlotinib,CALU6_LUNG,258,0.0341977524868765,0.9320232165876285
X_scGPT,42,erlotinib,NCIH522_LUNG,208,0.019792631253081745,0.9150634797719809
X_scGPT,42,erlotinib,LMSU_STOMACH,255,0.017893838980698545,0.870222012201945
X_scGPT,42,erlotinib,SNUC4_LARGE_INTESTINE,467,0.03953919765728153,0.7467681113351335
X_scGPT,42,erlotinib,RVH421_SKIN,239,0.04320563986114843,0.951747066056878
X_scGPT,42,erlotinib,OVSAHO_OVARY,227,0.018634016314861675,0.875858510643375
X_scGPT,42,erlotinib,GOS3_CENTRAL_NERVOUS_SYSTEM,191,0.022619139328549337,0.8873074298129656
X_scGPT,42,erlotinib,SNU738_CENTRAL_NERVOUS_SYSTEM,379,0.02817891723724892,0.9202836806981733
X_scGPT,42,erlotinib,PC3_PROSTATE,169,0.025281064470242573,0.9540484000945232
X_scGPT,42,erlotinib,PATU8988S_PANCREAS,244,0.024198384251133163,0.7302580732302587
X_scGPT,42,erlotinib,OVTOKO_OVARY,209,0.02221604319604057,0.8184324813801707
X_scGPT,42,erlotinib,TE1_OESOPHAGUS,206,0.04029700378575575,0.8109970810343918
X_scGPT,42,erlotinib,NCIH2087_LUNG,219,0.05915339766615181,0.8410264403308363
X_scGPT,42,erlotinib,EFM192A_BREAST,333,0.04012280470490726,0.8642275823845161
X_scGPT,42,erlotinib,SNU423_LIVER,212,0.036195891850053265,0.8545677701257309
X_scGPT,42,erlotinib,KPL1_BREAST,276,0.03183737203353158,0.9749857394591622
X_scGPT,42,erlotinib,NCIH358_LUNG,336,0.03085283753691822,0.8819664516264484
X_scGPT,42,erlotinib,COLO792_SKIN,271,0.030245031003811394,0.9113259311091856
X_scGPT,42,erlotinib,KYSE520_OESOPHAGUS,323,0.020011217006011415,0.7815580358815267
X_scGPT,42,erlotinib,KMRC3_KIDNEY,245,0.024944590221810448,0.9031676294852277
X_scGPT,42,erlotinib,MKN7_STOMACH,258,0.04297002983086919,0.9099962831467621
X_scGPT,42,erlotinib,NCIH1944_LUNG,414,0.022083849282684944,0.8364026691890569
X_scGPT,42,erlotinib,TE6_OESOPHAGUS,551,0.021695164168954277,0.7612820882113572
X_scGPT,42,erlotinib,ZR751_BREAST,309,0.033400816649913526,1.0242909353142031
X_scGPT,42,erlotinib,PANC0203_PANCREAS,506,0.03791842310894957,0.8187364447022615
X_scGPT,42,erlotinib,SW1990_PANCREAS,307,0.045976928532399514,0.9487228550817757
X_scGPT,42,erlotinib,RD_SOFT_TISSUE,261,0.026234786594655682,0.9589168979747086
X_scGPT,42,erlotinib,NCIH1792_LUNG,111,0.04187274638818894,0.8865758352451496
X_scGPT,42,erlotinib,PK45H_PANCREAS,271,0.03598807755019594,0.8349388107602447
X_scGPT,42,erlotinib,LS180_LARGE_INTESTINE,361,0.04726472459502645,0.8354475166328726
X_scGPT,42,erlotinib,RERFLCAI_LUNG,763,0.04794348701673806,0.9471782421690764
X_scGPT,42,erlotinib,CAMA1_BREAST,291,0.039690105724613144,0.9476607833121651
X_scGPT,42,erlotinib,SNU449_LIVER,282,0.02345774274443817,0.9040996497827218
X_scGPT,42,erlotinib,A204_SOFT_TISSUE,250,0.028743685742982642,0.9649093749523163
X_scGPT,42,erlotinib,MKN45_STOMACH,118,0.04562649383190416,0.8480839385824689
X_scGPT,42,erlotinib,HEP3B217_LIVER,118,0.019092008574338848,0.8231031823966463
X_scGPT,42,erlotinib,HOS_BONE,829,0.03695633888349431,0.8859265294955061
X_scGPT,42,erlotinib,EBC1_LUNG,186,0.03555133073242268,0.84689926075679
X_scGPT,42,erlotinib,NCIH292_LUNG,213,0.03708391378408948,0.8153605679391136
X_scGPT,42,erlotinib,OUMS23_LARGE_INTESTINE,107,0.04245713135231771,0.9580326899189815
X_scGPT,42,erlotinib,HEC151_ENDOMETRIUM,250,0.0293584788797362,0.8398715074062347
X_scGPT,42,erlotinib,NCIH1373_LUNG,164,0.034851084259981964,0.8462515618742966
X_scGPT,42,erlotinib,TE9_OESOPHAGUS,248,0.02155214242625668,0.7582764214565677
X_scGPT,42,erlotinib,HCC56_LARGE_INTESTINE,99,0.041044179548984185,0.8340730323936
X_scGPT,42,erlotinib,HT55_LARGE_INTESTINE,211,0.03138865803107078,0.8801496548675248
X_scGPT,42,erlotinib,RT4_URINARY_TRACT,106,0.039973190099160956,0.7922154856177995
X_scGPT,42,erlotinib,SKES1_BONE,91,0.025073822422429646,0.9283824811924944
X_scGPT,42,erlotinib,NCIH1435_LUNG,267,0.03542733315294077,0.8663530240344645
X_scGPT,42,erlotinib,8305C_THYROID,459,0.03294717944079753,0.9159015967695282
X_scGPT,42,erlotinib,NCIH2228_LUNG,367,0.038265378514211724,0.9030409591724178
X_scGPT,42,erlotinib,TE10_OESOPHAGUS,219,0.031058743710515656,0.7972411679350622
X_scGPT,42,erlotinib,ASPC1_PANCREAS,290,0.027043470272456183,0.7821948807815026
X_scGPT,42,erlotinib,HCC366_LUNG,202,0.04157949426616611,0.8785372795444903
X_scGPT,42,erlotinib,BICR16_UPPER_AERODIGESTIVE_TRACT,212,0.04581030173854915,0.791421151667271
X_scGPT,42,erlotinib,HEC6_ENDOMETRIUM,161,0.026011660429870395,0.9058902992965272
X_scGPT,42,erlotinib,KALS1_CENTRAL_NERVOUS_SYSTEM,288,0.01646232795041644,0.8948783510261111
X_scGPT,42,erlotinib,NCIH2444_LUNG,237,0.02544951716020407,0.9191335922555078
X_scGPT,42,erlotinib,SNU46_UPPER_AERODIGESTIVE_TRACT,236,0.05679017054194194,0.8172048976865866
X_scGPT,42,erlotinib,OAW28_OVARY,161,0.04991185591453956,0.8976903439308546
X_scGPT,42,erlotinib,SNU1214_UPPER_AERODIGESTIVE_TRACT,188,0.04613378558753282,0.7666706328696393
X_scGPT,42,erlotinib,SKMEL5_SKIN,297,0.021325596571163875,0.96257046156058
X_scGPT,42,erlotinib,OVCAR4_OVARY,283,0.02659751218158887,0.8715900159556116
X_scGPT,42,erlotinib,UACC257_SKIN,239,0.019127084559954446,0.9258801627857416
X_scGPT,42,erlotinib,ONCODG1_OVARY,270,0.020353990881288014,0.8296872796835723
X_scGPT,42,erlotinib,HUH28_BILIARY_TRACT,139,0.01636241967455958,0.9165997766762328
X_scGPT,42,erlotinib,IM95_STOMACH,185,0.030767283122065857,0.77948851134326
X_scGPT,42,erlotinib,TE14_OESOPHAGUS,474,0.03335800451825158,0.778610910167171
X_scGPT,42,erlotinib,CAKI2_KIDNEY,278,0.029151876223837137,0.7999038655552075
X_scGPT,42,erlotinib,SU8686_PANCREAS,82,0.027542072999673945,0.8795678630107786
X_scGPT,42,erlotinib,SCC25_UPPER_AERODIGESTIVE_TRACT,898,0.023211498276171503,0.7499632109910714
X_scGPT,42,erlotinib,SCC9_UPPER_AERODIGESTIVE_TRACT,475,0.023299903625716697,0.8661444189673976
X_scGPT,42,sorafenib,NCIH2126_LUNG,264,0.016486065581214626,0.9274681831399599
X_scGPT,42,sorafenib,SW579_THYROID,217,0.01604519905251552,0.8862203480461226
X_scGPT,42,sorafenib,NCIH446_LUNG,196,0.020185599025150592,0.8051190738167081
X_scGPT,42,sorafenib,HEC251_ENDOMETRIUM,107,0.023285989961408203,0.8750253186047634
X_scGPT,42,sorafenib,MFE319_ENDOMETRIUM,191,0.021350475882814288,0.9201913257543953
X_scGPT,42,sorafenib,SKNAS_AUTONOMIC_GANGLIA,226,0.01761044685859165,0.8617370376544716
X_scGPT,42,sorafenib,NCIH2452_PLEURA,538,0.020638481940380513,0.8508439906024579
X_scGPT,42,sorafenib,COLO741_SKIN,329,0.019737098274448233,0.850591586897076
X_scGPT,42,sorafenib,KNS42_CENTRAL_NERVOUS_SYSTEM,172,0.01594799966531398,0.8707979758118474
X_scGPT,42,sorafenib,MCF7_BREAST,143,0.03332839357829594,0.8785512368162195
X_scGPT,42,sorafenib,HT1197_URINARY_TRACT,74,0.019484131483386454,0.9339385346786396
X_scGPT,42,sorafenib,SNU899_UPPER_AERODIGESTIVE_TRACT,83,0.014303150801689644,0.9667467367218201
X_scGPT,42,sorafenib,HCC38_BREAST,200,0.04218374937070729,0.9228025418519974
X_scGPT,42,sorafenib,SNU308_BILIARY_TRACT,94,0.021498277874767432,0.9418086866115002
X_scGPT,42,sorafenib,SW1271_LUNG,115,0.020364172522877824,0.8921579728955807
X_scGPT,42,sorafenib,TM31_CENTRAL_NERVOUS_SYSTEM,116,0.016794556696014054,0.9079932991800637
X_scGPT,42,sorafenib,NCIH747_LARGE_INTESTINE,80,0.038555997444169106,0.9396140038967132
X_scGPT,42,sorafenib,KPNSI9S_AUTONOMIC_GANGLIA,129,0.041195235131262005,0.805461909881858
X_scGPT,42,sorafenib,SQ1_LUNG,238,0.01674264763788271,0.8967976239549011
X_scGPT,42,sorafenib,IALM_LUNG,322,0.02170777184387451,0.8794163608032725
X_scGPT,42,sorafenib,BT474_BREAST,125,0.019883218533197505,0.8814286236763
X_scGPT,42,sorafenib,DKMG_CENTRAL_NERVOUS_SYSTEM,271,0.038930299169326804,0.8462949736091924
X_scGPT,42,sorafenib,BT549_BREAST,266,0.022635345915500416,0.8300708928950747
X_scGPT,42,sorafenib,BICR6_UPPER_AERODIGESTIVE_TRACT,286,0.028753215427036294,0.9440676315681084
X_scGPT,42,sorafenib,SH10TC_STOMACH,351,0.042936724808758535,0.7969300237476317
X_scGPT,42,sorafenib,UMUC1_URINARY_TRACT,197,0.025580510708188106,0.9772051288391733
X_scGPT,42,sorafenib,LS1034_LARGE_INTESTINE,146,0.020141070075227765,0.8877114531112044
X_scGPT,42,sorafenib,CCFSTTG1_CENTRAL_NERVOUS_SYSTEM,246,0.029604533164411997,0.8874866821901585
X_scGPT,42,sorafenib,NCIH226_LUNG,235,0.023270204999822804,0.8730898722689202
X_scGPT,42,sorafenib,LNCAPCLONEFGC_PROSTATE,129,0.02048658528718662,0.8605229822240135
X_scGPT,42,sorafenib,RCC10RGB_KIDNEY,233,0.05073069543249827,0.8520514816685296
X_scGPT,42,sorafenib,RERFLCAD1_LUNG,243,0.05041062743758836,0.8414861027595928
X_scGPT,42,sorafenib,SKMEL2_SKIN,276,0.01793834751877281,0.8598939327226169
X_scGPT,42,sorafenib,BICR31_UPPER_AERODIGESTIVE_TRACT,248,0.020861968676010277,0.9189937494454845
X_scGPT,42,sorafenib,RCM1_LARGE_INTESTINE,128,0.022286928127922805,0.8806559429503977
X_scGPT,42,sorafenib,COV434_OVARY,88,0.019449899378199877,0.8489077165722847
X_scGPT,42,sorafenib,SNU1079_BILIARY_TRACT,73,0.024009891652796152,0.9117678771280262
X_scGPT,42,sorafenib,YD38_UPPER_AERODIGESTIVE_TRACT,624,0.01788641724278807,0.9166839728370691
X_scGPT,42,sorafenib,NCIH1299_LUNG,534,0.016803086667621103,0.8817522247855583
X_scGPT,42,sorafenib,IGR37_SKIN,347,0.017092468082616254,0.8606474066330307
X_scGPT,42,sorafenib,BFTC909_KIDNEY,379,0.04148545132994559,0.8625675529477465
X_scGPT,42,sorafenib,NCIH460_LUNG,837,0.020012443812263917,0.8461185580513383
X_scGPT,42,sorafenib,IGR1_SKIN,725,0.04461063923438772,0.8197055424492935
X_scGPT,42,sorafenib,VMCUB1_URINARY_TRACT,478,0.016615905827065004,0.9146230158446723
X_scGPT,42,sorafenib,JHOC5_OVARY,145,0.03486252674100907,0.9079618273110225
X_scGPT,42,sorafenib,42MGBA_CENTRAL_NERVOUS_SYSTEM,518,0.017177621412041554,0.8470743012014043
X_scGPT,42,sorafenib,HT1080_SOFT_TISSUE,516,0.04672436089472307,0.8364630522885064
X_scGPT,42,sorafenib,LI7_LIVER,196,0.025784088588045654,0.8902556853634971
X_scGPT,42,sorafenib,A375_SKIN,593,0.016673742543662322,0.8462494724315496
X_scGPT,42,sorafenib,FTC133_THYROID,140,0.011613962159104686,0.8699796727725437
X_scGPT,42,sorafenib,OVK18_OVARY,178,0.06501674212845267,0.8119785999983884
X_scGPT,42,sorafenib,ACCMESO1_PLEURA,162,0.01888371122839212,0.8853223574014357
X_scGPT,42,sorafenib,HMC18_BREAST,293,0.01783210649433987,0.8944687147596183
X_scGPT,42,sorafenib,TOV112D_OVARY,78,0.016949375579970213,0.8597642168020591
X_scGPT,42,sorafenib,JHH6_LIVER,206,0.016537089457451675,0.8799198223549185
X_scGPT,42,sorafenib,A2058_SKIN,294,0.050053781026035526,0.8334948436743548
X_scGPT,42,sorafenib,NCIH2110_LUNG,1990,0.023602408115048823,0.9328122977335849
X_scGPT,42,sorafenib,NCIH650_LUNG,271,0.034903480679130704,0.8740795604417245
X_scGPT,42,sorafenib,EFE184_ENDOMETRIUM,86,0.025488712798774613,0.9088690904683845
X_scGPT,42,sorafenib,HUPT3_PANCREAS,136,0.03543516765412743,0.9584270430838361
X_scGPT,42,sorafenib,MDAMB361_BREAST,135,0.03414900800029233,0.8312843203544616
X_scGPT,42,sorafenib,BCPAP_THYROID,152,0.021502293221546828,0.8687078364585575
X_scGPT,42,sorafenib,PECAPJ49_UPPER_AERODIGESTIVE_TRACT,202,0.029608169801282783,0.9933833515289987
X_scGPT,42,sorafenib,EKVX_LUNG,146,0.017909370925715113,0.9265276524302077
X_scGPT,42,sorafenib,BICR56_UPPER_AERODIGESTIVE_TRACT,81,0.01893881871392564,0.9151755218152646
X_scGPT,42,sorafenib,NCIH2170_LUNG,142,0.015271795987126196,0.8811734478238603
X_scGPT,42,sorafenib,DETROIT562_UPPER_AERODIGESTIVE_TRACT,163,0.01425930433827404,0.9840444417818923
X_scGPT,42,sorafenib,SW1088_CENTRAL_NERVOUS_SYSTEM,128,0.018116199593523154,0.857434431090951
X_scGPT,42,sorafenib,BHY_UPPER_AERODIGESTIVE_TRACT,145,0.023278759086542335,0.8868976494361615
X_scGPT,42,sorafenib,CAS1_CENTRAL_NERVOUS_SYSTEM,133,0.016296039651241906,0.8290313011721561
X_scGPT,42,sorafenib,HCC1428_BREAST,127,0.058579054042017374,0.9241781098636117
X_scGPT,42,sorafenib,HDQP1_BREAST,64,0.01375005125868817,0.8906031744554639
X_scGPT,42,sorafenib,OSRC2_KIDNEY,126,0.016170348792926083,0.8718865031287784
X_scGPT,42,sorafenib,HUPT4_PANCREAS,56,0.05536341063185737,0.8641849117619651
X_scGPT,42,sorafenib,TCCSUP_URINARY_TRACT,316,0.01587653142551871,0.8670925590433652
X_scGPT,42,sorafenib,VMRCRCZ_KIDNEY,300,0.017845172121908663,0.9067433734734853
X_scGPT,42,sorafenib,PK59_PANCREAS,174,0.04413805661161013,0.8883714285390131
X_scGPT,42,sorafenib,HUH6_LIVER,338,0.018604161179747423,0.8350842681509503
X_scGPT,42,sorafenib,MSTO211H_PLEURA,297,0.02077531026401705,0.8244483011338847
X_scGPT,42,sorafenib,HS852T_SKIN,162,0.015201766182435553,0.8840723920751501
X_scGPT,42,sorafenib,SKMEL30_SKIN,353,0.017488764646354873,0.8692235325281072
X_scGPT,42,sorafenib,T47D_BREAST,221,0.036317717752487266,0.8613960956016816
X_scGPT,42,sorafenib,CALU6_LUNG,258,0.01977422140954284,0.8483754142310268
X_scGPT,42,sorafenib,NCIH522_LUNG,208,0.018638434432384502,0.8783059211877676
X_scGPT,42,sorafenib,LMSU_STOMACH,255,0.013951275739375369,0.920740368085749
X_scGPT,42,sorafenib,SNUC4_LARGE_INTESTINE,467,0.038473034994205006,0.8491702462672166
X_scGPT,42,sorafenib,RVH421_SKIN,239,0.02509115981148614,0.848101543831526
X_scGPT,42,sorafenib,OVSAHO_OVARY,227,0.018152078261164058,0.9097421332077833
X_scGPT,42,sorafenib,GOS3_CENTRAL_NERVOUS_SYSTEM,191,0.018876055821440717,0.9052571738577638
X_scGPT,42,sorafenib,SNU738_CENTRAL_NERVOUS_SYSTEM,379,0.019868689140251406,0.8818567637403282
X_scGPT,42,sorafenib,PC3_PROSTATE,169,0.01862430486290123,0.8556900740375181
X_scGPT,42,sorafenib,PATU8988S_PANCREAS,244,0.016945040797694735,0.991515053588836
X_scGPT,42,sorafenib,OVTOKO_OVARY,209,0.0156466256481061,0.9418518278016998
X_scGPT,42,sorafenib,TE1_OESOPHAGUS,206,0.020474182761413703,0.9121881474569006
X_scGPT,42,sorafenib,NCIH2087_LUNG,219,0.04350339752200278,0.9308572416980517
X_scGPT,42,sorafenib,EFM192A_BREAST,333,0.028837050823861395,0.9931333190328008
X_scGPT,42,sorafenib,SNU423_LIVER,212,0.02457205499859793,0.8747486056021925
X_scGPT,42,sorafenib,KPL1_BREAST,276,0.018005859130045102,0.8907677842223126
X_scGPT,42,sorafenib,NCIH358_LUNG,336,0.02332617613016498,0.9205859746961367
X_scGPT,42,sorafenib,COLO792_SKIN,271,0.021116476328407366,0.8886381897979116
X_scGPT,42,sorafenib,KYSE520_OESOPHAGUS,323,0.01864265388782866,0.970293147460595
X_scGPT,42,sorafenib,KMRC3_KIDNEY,245,0.018402389673296052,0.8951463979117724
X_scGPT,42,sorafenib,MKN7_STOMACH,258,0.04011002874071935,0.9023000426994737
X_scGPT,42,sorafenib,NCIH1944_LUNG,414,0.017828069300591505,0.9443241065539024
X_scGPT,42,sorafenib,TE6_OESOPHAGUS,551,0.01650181331516719,0.9746063988784264
X_scGPT,42,sorafenib,ZR751_BREAST,309,0.022352019948516478,0.7944347983810894
X_scGPT,42,sorafenib,PANC0203_PANCREAS,506,0.016905823395632798,0.9090206487612291
X_scGPT,42,sorafenib,SW1990_PANCREAS,307,0.040350211625920056,0.8615186288224758
X_scGPT,42,sorafenib,RD_SOFT_TISSUE,261,0.016189226178216918,0.8129143016091709
X_scGPT,42,sorafenib,NCIH1792_LUNG,111,0.0258483430559453,0.8518600071872677
X_scGPT,42,sorafenib,PK45H_PANCREAS,271,0.019433420298018134,0.8787319616198099
X_scGPT,42,sorafenib,LS180_LARGE_INTESTINE,361,0.02184151900980132,0.8775279898392526
X_scGPT,42,sorafenib,RERFLCAI_LUNG,763,0.03697469920109396,0.8744678970714385
X_scGPT,42,sorafenib,CAMA1_BREAST,291,0.018248954325185793,0.9055723914575741
X_scGPT,42,sorafenib,SNU449_LIVER,282,0.014353301845660384,0.8761569286914582
X_scGPT,42,sorafenib,A204_SOFT_TISSUE,250,0.01711018588976463,0.8318762376308441
X_scGPT,42,sorafenib,MKN45_STOMACH,118,0.03001038147295063,0.9124261802535946
X_scGPT,42,sorafenib,HEP3B217_LIVER,118,0.014176986335629322,0.9276859679464566
X_scGPT,42,sorafenib,HOS_BONE,829,0.015992346606562957,0.8641018645323373
X_scGPT,42,sorafenib,EBC1_LUNG,186,0.019449505392050273,0.8848765915439974
X_scGPT,42,sorafenib,NCIH292_LUNG,213,0.015755093131422284,0.8900034002295123
X_scGPT,42,sorafenib,OUMS23_LARGE_INTESTINE,107,0.06354244409756846,0.7895543112933079
X_scGPT,42,sorafenib,HEC151_ENDOMETRIUM,250,0.01717125369256692,0.892996029138565
X_scGPT,42,sorafenib,NCIH1373_LUNG,164,0.01620765148602171,0.8904746516448695
X_scGPT,42,sorafenib,TE9_OESOPHAGUS,248,0.013972741089786585,0.9874824696490841
X_scGPT,42,sorafenib,HCC56_LARGE_INTESTINE,99,0.02513454962047936,0.8918661252416745
X_scGPT,42,sorafenib,HT55_LARGE_INTESTINE,211,0.03220759905577665,0.8506513930045033
X_scGPT,42,sorafenib,RT4_URINARY_TRACT,106,0.04565923807599499,0.8670285141692972
X_scGPT,42,sorafenib,SKES1_BONE,91,0.018648368723795723,0.8591069644624061
X_scGPT,42,sorafenib,NCIH1435_LUNG,267,0.014622660091399172,0.9118561537078257
X_scGPT,42,sorafenib,8305C_THYROID,459,0.020404341108906144,0.8816118516953163
X_scGPT,42,sorafenib,NCIH2228_LUNG,367,0.013106149030438819,0.8917778209054827
X_scGPT,42,sorafenib,TE10_OESOPHAGUS,219,0.014326189021085947,0.9213732712345036
X_scGPT,42,sorafenib,ASPC1_PANCREAS,290,0.013252563096530277,0.8938011983345295
X_scGPT,42,sorafenib,HCC366_LUNG,202,0.03453211291857775,0.8953985064336569
X_scGPT,42,sorafenib,BICR16_UPPER_AERODIGESTIVE_TRACT,212,0.029865200877648015,0.9241739235958963
X_scGPT,42,sorafenib,HEC6_ENDOMETRIUM,161,0.018543416927864837,0.9048130367853626
X_scGPT,42,sorafenib,KALS1_CENTRAL_NERVOUS_SYSTEM,288,0.012437604055681235,0.9103440979702605
X_scGPT,42,sorafenib,NCIH2444_LUNG,237,0.011346081736003355,0.8882971788257487
X_scGPT,42,sorafenib,SNU46_UPPER_AERODIGESTIVE_TRACT,236,0.023728330164653786,0.9029263316069619
X_scGPT,42,sorafenib,OAW28_OVARY,161,0.0396787116356866,0.8615649461005785
X_scGPT,42,sorafenib,SNU1214_UPPER_AERODIGESTIVE_TRACT,188,0.024629810316212922,0.9674882536872904
X_scGPT,42,sorafenib,SKMEL5_SKIN,297,0.01479171543866281,0.8750098981841244
X_scGPT,42,sorafenib,OVCAR4_OVARY,283,0.017785458273238998,0.9493456160643076
X_scGPT,42,sorafenib,UACC257_SKIN,239,0.016509501636883573,0.8585576023516794
X_scGPT,42,sorafenib,ONCODG1_OVARY,270,0.015570391189922535,0.9558585654806208
X_scGPT,42,sorafenib,HUH28_BILIARY_TRACT,139,0.012400121481690052,0.892226972168298
X_scGPT,42,sorafenib,IM95_STOMACH,185,0.014876762845990649,0.9026791169836714
X_scGPT,42,sorafenib,TE14_OESOPHAGUS,474,0.02550248269491187,0.9465829445842953
X_scGPT,42,sorafenib,CAKI2_KIDNEY,278,0.017341508432440304,0.9096678701236094
X_scGPT,42,sorafenib,SU8686_PANCREAS,82,0.021397999739553034,0.9316357999313168
X_scGPT,42,sorafenib,SCC25_UPPER_AERODIGESTIVE_TRACT,898,0.016465424927005694,1.0015558936282627
X_scGPT,42,sorafenib,SCC9_UPPER_AERODIGESTIVE_TRACT,475,0.018263438324724178,0.9205024844721744
X_scGPT,42,dasatinib,NCIH2126_LUNG,264,0.0669219977374385,0.7006131159988317
X_scGPT,42,dasatinib,SW579_THYROID,217,0.04421793878605542,0.7181202733571628
X_scGPT,42,dasatinib,NCIH446_LUNG,196,0.06660004404490469,0.7918726680230121
X_scGPT,42,dasatinib,HEC251_ENDOMETRIUM,107,0.055805503025067565,0.650925541871062
X_scGPT,42,dasatinib,MFE319_ENDOMETRIUM,191,0.04463884214354772,0.6968149408620066
X_scGPT,42,dasatinib,SKNAS_AUTONOMIC_GANGLIA,226,0.050286065220323646,0.6509389695340553
X_scGPT,42,dasatinib,NCIH2452_PLEURA,538,0.0570708311622486,0.6581464563825317
X_scGPT,42,dasatinib,COLO741_SKIN,329,0.11768826447316869,0.8996520884855902
X_scGPT,42,dasatinib,KNS42_CENTRAL_NERVOUS_SYSTEM,172,0.04804772483279706,0.7251034160686094
X_scGPT,42,dasatinib,MCF7_BREAST,143,0.05601358516890875,0.8410997007276628
X_scGPT,42,dasatinib,HT1197_URINARY_TRACT,74,0.07177592729312095,0.5655672485763962
X_scGPT,42,dasatinib,SNU899_UPPER_AERODIGESTIVE_TRACT,83,0.029040358298366327,0.5833221537521086
X_scGPT,42,dasatinib,HCC38_BREAST,200,0.05259052407818844,0.7346224683523178
X_scGPT,42,dasatinib,SNU308_BILIARY_TRACT,94,0.04627017319728195,0.6473724696230381
X_scGPT,42,dasatinib,SW1271_LUNG,115,0.042593612991241474,0.6355894601863363
X_scGPT,42,dasatinib,TM31_CENTRAL_NERVOUS_SYSTEM,116,0.02658244326225924,0.5385082338390679
X_scGPT,42,dasatinib,NCIH747_LARGE_INTESTINE,80,0.06485067180171351,0.6900583062320947
X_scGPT,42,dasatinib,KPNSI9S_AUTONOMIC_GANGLIA,129,0.027902628653274662,0.6690245792847271
X_scGPT,42,dasatinib,SQ1_LUNG,238,0.05262981083608303,0.6914602241345814
X_scGPT,42,dasatinib,IALM_LUNG,322,0.06653761575369317,0.731287563809697
X_scGPT,42,dasatinib,BT474_BREAST,125,0.06610573231787482,0.9352555093765259
X_scGPT,42,dasatinib,DKMG_CENTRAL_NERVOUS_SYSTEM,271,0.03497509291308273,0.6382303096051586
X_scGPT,42,dasatinib,BT549_BREAST,266,0.04266682383398459,0.6272738006778229
X_scGPT,42,dasatinib,BICR6_UPPER_AERODIGESTIVE_TRACT,286,0.04544687930216698,0.6333924131793576
X_scGPT,42,dasatinib,SH10TC_STOMACH,351,0.031888615633043876,0.7015846920149279
X_scGPT,42,dasatinib,UMUC1_URINARY_TRACT,197,0.056714756372019275,0.5436212521821714
X_scGPT,42,dasatinib,LS1034_LARGE_INTESTINE,146,0.08456201083821781,0.819177897009131
X_scGPT,42,dasatinib,CCFSTTG1_CENTRAL_NERVOUS_SYSTEM,246,0.026137270512451363,0.6445972056892829
X_scGPT,42,dasatinib,NCIH226_LUNG,235,0.048933262273707444,0.6003367477274956
X_scGPT,42,dasatinib,LNCAPCLONEFGC_PROSTATE,129,0.0646122374638146,1.0044021047362985
X_scGPT,42,dasatinib,RCC10RGB_KIDNEY,233,0.06070620179732705,0.6466392579252628
X_scGPT,42,dasatinib,RERFLCAD1_LUNG,243,0.03636939058818647,0.7040398238617697
X_scGPT,42,dasatinib,SKMEL2_SKIN,276,0.06737977691782265,0.7651494689609694
X_scGPT,42,dasatinib,BICR31_UPPER_AERODIGESTIVE_TRACT,248,0.06682961871642512,0.5892599452166788
X_scGPT,42,dasatinib,RCM1_LARGE_INTESTINE,128,0.07067942856971099,0.6974813635461032
X_scGPT,42,dasatinib,COV434_OVARY,88,0.0515626569534023,0.9049454636194489
X_scGPT,42,dasatinib,SNU1079_BILIARY_TRACT,73,0.04607937544814191,0.6584469292261829
X_scGPT,42,dasatinib,YD38_UPPER_AERODIGESTIVE_TRACT,624,0.06677762615639882,0.6277157632777324
X_scGPT,42,dasatinib,NCIH1299_LUNG,534,0.03523344817566091,0.6280889906240313
X_scGPT,42,dasatinib,IGR37_SKIN,347,0.05492384741516376,0.9628544228221223
X_scGPT,42,dasatinib,BFTC909_KIDNEY,379,0.03832444487607711,0.669089110671373
X_scGPT,42,dasatinib,NCIH460_LUNG,837,0.05216115805220685,0.8264742825478494
X_scGPT,42,dasatinib,IGR1_SKIN,725,0.06599193886759368,0.9295310392050907
X_scGPT,42,dasatinib,VMCUB1_URINARY_TRACT,478,0.059550517932731487,0.6505835796375155
X_scGPT,42,dasatinib,JHOC5_OVARY,145,0.0374801990326441,0.6815672549708136
X_scGPT,42,dasatinib,42MGBA_CENTRAL_NERVOUS_SYSTEM,518,0.05586746176261206,0.7669901712060435
X_scGPT,42,dasatinib,HT1080_SOFT_TISSUE,516,0.03469605864579372,0.7183255590209665
X_scGPT,42,dasatinib,LI7_LIVER,196,0.09695314494937124,0.7791313854407291
X_scGPT,42,dasatinib,A375_SKIN,593,0.05316668682694344,0.7534300672867246
X_scGPT,42,dasatinib,FTC133_THYROID,140,0.06084759163547258,0.6520107235227313
X_scGPT,42,dasatinib,OVK18_OVARY,178,0.038273818907106315,0.8200524402468392
X_scGPT,42,dasatinib,ACCMESO1_PLEURA,162,0.026647362345112974,0.57155675192674
X_scGPT,42,dasatinib,HMC18_BREAST,293,0.03655683341933694,0.6816701545243378
X_scGPT,42,dasatinib,TOV112D_OVARY,78,0.03727693273007687,0.6491465912415431
X_scGPT,42,dasatinib,JHH6_LIVER,206,0.06656605844798333,0.672584218886292
X_scGPT,42,dasatinib,A2058_SKIN,294,0.07882866121024402,0.8250403548179029
X_scGPT,42,dasatinib,NCIH2110_LUNG,1990,0.046256175187121766,0.7026566595737659
X_scGPT,42,dasatinib,NCIH650_LUNG,271,0.03873534035596746,0.6526038378367125
X_scGPT,42,dasatinib,EFE184_ENDOMETRIUM,86,0.0864056612513679,0.7152458193690278
X_scGPT,42,dasatinib,HUPT3_PANCREAS,136,0.06209306912736056,0.6287938159178285
X_scGPT,42,dasatinib,MDAMB361_BREAST,135,0.043467401852766915,0.9495923859101755
X_scGPT,42,dasatinib,BCPAP_THYROID,152,0.08159606478088219,0.6772983787875426
X_scGPT,42,dasatinib,PECAPJ49_UPPER_AERODIGESTIVE_TRACT,202,0.06814562267417833,0.5154063889000675
X_scGPT,42,dasatinib,EKVX_LUNG,146,0.032291064761932095,0.6061468369340244
X_scGPT,42,dasatinib,BICR56_UPPER_AERODIGESTIVE_TRACT,81,0.07032749905149709,0.48402748358102493
X_scGPT,42,dasatinib,NCIH2170_LUNG,142,0.062331860257399695,0.878622357694196
X_scGPT,42,dasatinib,DETROIT562_UPPER_AERODIGESTIVE_TRACT,163,0.029130267968141905,0.5755857832592689
X_scGPT,42,dasatinib,SW1088_CENTRAL_NERVOUS_SYSTEM,128,0.06577285227192986,0.6805206066928804
X_scGPT,42,dasatinib,BHY_UPPER_AERODIGESTIVE_TRACT,145,0.05354261616388319,0.5638024062945926
X_scGPT,42,dasatinib,CAS1_CENTRAL_NERVOUS_SYSTEM,133,0.0382628248449904,0.618797637018046
X_scGPT,42,dasatinib,HCC1428_BREAST,127,0.060767799639585535,0.8675128268444632
X_scGPT,42,dasatinib,HDQP1_BREAST,64,0.048365249558378655,0.6598973041400313
X_scGPT,42,dasatinib,OSRC2_KIDNEY,126,0.03597024132039969,0.642077980060426
X_scGPT,42,dasatinib,HUPT4_PANCREAS,56,0.05313128812241974,0.6681225523352623
X_scGPT,42,dasatinib,TCCSUP_URINARY_TRACT,316,0.047989959206544044,0.6632924256256864
X_scGPT,42,dasatinib,VMRCRCZ_KIDNEY,300,0.028733698057048996,0.5945420777797699
X_scGPT,42,dasatinib,PK59_PANCREAS,174,0.03095871111633709,0.7394182246991958
X_scGPT,42,dasatinib,HUH6_LIVER,338,0.08838029016865491,0.9094804513031209
X_scGPT,42,dasatinib,MSTO211H_PLEURA,297,0.04494176229003354,0.6913370233192186
X_scGPT,42,dasatinib,HS852T_SKIN,162,0.0483106604176469,0.6979809951635054
X_scGPT,42,dasatinib,SKMEL30_SKIN,353,0.08134932631148156,0.8055418579504104
X_scGPT,42,dasatinib,T47D_BREAST,221,0.05494325364289153,0.9084174163740685
X_scGPT,42,dasatinib,CALU6_LUNG,258,0.04662062145904997,0.7142997638199681
X_scGPT,42,dasatinib,NCIH522_LUNG,208,0.038599232827763195,0.6261955872178078
X_scGPT,42,dasatinib,LMSU_STOMACH,255,0.02082501803545763,0.5109111854843065
X_scGPT,42,dasatinib,SNUC4_LARGE_INTESTINE,467,0.03608549781206509,0.8228030171588351
X_scGPT,42,dasatinib,RVH421_SKIN,239,0.0911827028858623,0.764966716078036
X_scGPT,42,dasatinib,OVSAHO_OVARY,227,0.04016634837945894,0.671145802815055
X_scGPT,42,dasatinib,GOS3_CENTRAL_NERVOUS_SYSTEM,191,0.03200338460608046,0.5399912904694443
X_scGPT,42,dasatinib,SNU738_CENTRAL_NERVOUS_SYSTEM,379,0.03489513249229947,0.6206318849309453
X_scGPT,42,dasatinib,PC3_PROSTATE,169,0.03215816764693806,0.6864912700370924
X_scGPT,42,dasatinib,PATU8988S_PANCREAS,244,0.04321723522033686,0.7053058518738043
X_scGPT,42,dasatinib,OVTOKO_OVARY,209,0.02328202854601838,0.5891375136717655
X_scGPT,42,dasatinib,TE1_OESOPHAGUS,206,0.07546264455608859,0.65501460404072
X_scGPT,42,dasatinib,NCIH2087_LUNG,219,0.045087670492366845,0.6572280087971796
X_scGPT,42,dasatinib,EFM192A_BREAST,333,0.05700249437315213,0.8046649334666965
X_scGPT,42,dasatinib,SNU423_LIVER,212,0.07253375974477018,0.623491754931099
X_scGPT,42,dasatinib,KPL1_BREAST,276,0.05342916319688794,0.8957556842461877
X_scGPT,42,dasatinib,NCIH358_LUNG,336,0.04260914050055093,0.658031952345655
X_scGPT,42,dasatinib,COLO792_SKIN,271,0.09856319936221723,0.7782245691851936
X_scGPT,42,dasatinib,KYSE520_OESOPHAGUS,323,0.024203230190876213,0.5666369700763986
X_scGPT,42,dasatinib,KMRC3_KIDNEY,245,0.03705554123428518,0.62791746392542
X_scGPT,42,dasatinib,MKN7_STOMACH,258,0.03478815827698767,0.7201808108839878
X_scGPT,42,dasatinib,NCIH1944_LUNG,414,0.02412567114709465,0.6180472597119889
X_scGPT,42,dasatinib,TE6_OESOPHAGUS,551,0.024436126239379224,0.5744244285374068
X_scGPT,42,dasatinib,ZR751_BREAST,309,0.0319122601192398,0.9536892642481042
X_scGPT,42,dasatinib,PANC0203_PANCREAS,506,0.06131855129304645,0.6569862151334408
X_scGPT,42,dasatinib,SW1990_PANCREAS,307,0.043359580946105696,0.680177663358881
X_scGPT,42,dasatinib,RD_SOFT_TISSUE,261,0.045935484111091725,0.6674007522192038
X_scGPT,42,dasatinib,NCIH1792_LUNG,111,0.07237392997727907,0.7783078905698415
X_scGPT,42,dasatinib,PK45H_PANCREAS,271,0.0731610720310801,0.6988527941967728
X_scGPT,42,dasatinib,LS180_LARGE_INTESTINE,361,0.060306620855405946,0.7594778384198112
X_scGPT,42,dasatinib,RERFLCAI_LUNG,763,0.03104072751507671,0.6675675356684944
X_scGPT,42,dasatinib,CAMA1_BREAST,291,0.047913975439940866,0.8109567218629765
X_scGPT,42,dasatinib,SNU449_LIVER,282,0.03670364747657459,0.6092478758688514
X_scGPT,42,dasatinib,A204_SOFT_TISSUE,250,0.05028672245183711,0.830371399641037
X_scGPT,42,dasatinib,MKN45_STOMACH,118,0.0646878593062572,0.7377428700358181
X_scGPT,42,dasatinib,HEP3B217_LIVER,118,0.03237956386415179,0.5985750273122625
X_scGPT,42,dasatinib,HOS_BONE,829,0.06075408109783352,0.7173278841523698
X_scGPT,42,dasatinib,EBC1_LUNG,186,0.05214739991831067,0.612958447426878
X_scGPT,42,dasatinib,NCIH292_LUNG,213,0.04288712054406922,0.590186381004226
X_scGPT,42,dasatinib,OUMS23_LARGE_INTESTINE,107,0.03931806802987513,0.7591639311514168
X_scGPT,42,dasatinib,HEC151_ENDOMETRIUM,250,0.06112764238573249,0.7401379246711731
X_scGPT,42,dasatinib,NCIH1373_LUNG,164,0.04743368341560572,0.6357677889669814
X_scGPT,42,dasatinib,TE9_OESOPHAGUS,248,0.022450006855813665,0.594882462293871
X_scGPT,42,dasatinib,HCC56_LARGE_INTESTINE,99,0.062424373962817636,0.7513153745670511
X_scGPT,42,dasatinib,HT55_LARGE_INTESTINE,211,0.05706925156423636,0.8980301672248479
X_scGPT,42,dasatinib,RT4_URINARY_TRACT,106,0.03607722168897302,0.7620936289148511
X_scGPT,42,dasatinib,SKES1_BONE,91,0.0417305072933091,0.6413468639929216
X_scGPT,42,dasatinib,NCIH1435_LUNG,267,0.04856232504265608,0.688408420103766
X_scGPT,42,dasatinib,8305C_THYROID,459,0.05798674819735443,0.6239570488986886
X_scGPT,42,dasatinib,NCIH2228_LUNG,367,0.046522928630741485,0.6016974372012739
X_scGPT,42,dasatinib,TE10_OESOPHAGUS,219,0.05387347059308892,0.5951363309605481
X_scGPT,42,dasatinib,ASPC1_PANCREAS,290,0.052299892034944236,0.6858608798734073
X_scGPT,42,dasatinib,HCC366_LUNG,202,0.037452129861125685,0.637326064971414
X_scGPT,42,dasatinib,BICR16_UPPER_AERODIGESTIVE_TRACT,212,0.04254801549993772,0.5949453251822939
X_scGPT,42,dasatinib,HEC6_ENDOMETRIUM,161,0.039352544721941836,0.6745839844579282
X_scGPT,42,dasatinib,KALS1_CENTRAL_NERVOUS_SYSTEM,288,0.02214584607545977,0.5116540062137775
X_scGPT,42,dasatinib,NCIH2444_LUNG,237,0.03938680286345824,0.6479375945867868
X_scGPT,42,dasatinib,SNU46_UPPER_AERODIGESTIVE_TRACT,236,0.07810613984681469,0.6086658693976321
X_scGPT,42,dasatinib,OAW28_OVARY,161,0.047550292937875195,0.712539289678846
X_scGPT,42,dasatinib,SNU1214_UPPER_AERODIGESTIVE_TRACT,188,0.058807485543772256,0.5274734620718246
X_scGPT,42,dasatinib,SKMEL5_SKIN,297,0.07246714613896368,0.9348248688861577
X_scGPT,42,dasatinib,OVCAR4_OVARY,283,0.04506802560351603,0.5904555057468347
X_scGPT,42,dasatinib,UACC257_SKIN,239,0.04214454985799364,0.9041198639191345
X_scGPT,42,dasatinib,ONCODG1_OVARY,270,0.026008885009437804,0.5814252383179135
X_scGPT,42,dasatinib,HUH28_BILIARY_TRACT,139,0.02723671158777719,0.5178386916359552
X_scGPT,42,dasatinib,IM95_STOMACH,185,0.06386927998036092,0.8265518800632373
X_scGPT,42,dasatinib,TE14_OESOPHAGUS,474,0.04720593709814785,0.5983572694068217
X_scGPT,42,dasatinib,CAKI2_KIDNEY,278,0.06094759220726023,0.6402249087532648
X_scGPT,42,dasatinib,SU8686_PANCREAS,82,0.04559002257597409,0.6017476429299611
X_scGPT,42,dasatinib,SCC25_UPPER_AERODIGESTIVE_TRACT,898,0.027304134828285524,0.49147466711185556
X_scGPT,42,dasatinib,SCC9_UPPER_AERODIGESTIVE_TRACT,475,0.02636265034624968,0.479785477362181
X_scGPT,42,crizotinib,NCIH2126_LUNG,264,0.01884333600291531,0.8088631790244218
X_scGPT,42,crizotinib,SW579_THYROID,217,0.011241171821791678,0.8124862829661039
X_scGPT,42,crizotinib,NCIH446_LUNG,196,0.011270216188731514,0.8636879951370006
X_scGPT,42,crizotinib,HEC251_ENDOMETRIUM,107,0.012366168799848448,0.799332063888835
X_scGPT,42,crizotinib,MFE319_ENDOMETRIUM,191,0.018469924605114707,0.7418584839211708
X_scGPT,42,crizotinib,SKNAS_AUTONOMIC_GANGLIA,226,0.016968529650147387,0.7806059016590625
X_scGPT,42,crizotinib,NCIH2452_PLEURA,538,0.013789789413396173,0.8072882788775135
X_scGPT,42,crizotinib,COLO741_SKIN,329,0.014451079732400604,0.8136016945708486
X_scGPT,42,crizotinib,KNS42_CENTRAL_NERVOUS_SYSTEM,172,0.01887745985055021,0.8474600127963132
X_scGPT,42,crizotinib,MCF7_BREAST,143,0.044679952892063744,0.8936179697096764
X_scGPT,42,crizotinib,HT1197_URINARY_TRACT,74,0.026294022844621606,0.7675337598130509
X_scGPT,42,crizotinib,SNU899_UPPER_AERODIGESTIVE_TRACT,83,0.010364759205987796,0.690373833639076
X_scGPT,42,crizotinib,HCC38_BREAST,200,0.03130741486900461,0.8154829579591751
X_scGPT,42,crizotinib,SNU308_BILIARY_TRACT,94,0.022445695652631825,0.8496599032523784
X_scGPT,42,crizotinib,SW1271_LUNG,115,0.021752267311841586,0.8678151628245478
X_scGPT,42,crizotinib,TM31_CENTRAL_NERVOUS_SYSTEM,116,0.012897013547289886,0.7217993438243866
X_scGPT,42,crizotinib,NCIH747_LARGE_INTESTINE,80,0.036092262983032974,0.774943508207798
X_scGPT,42,crizotinib,KPNSI9S_AUTONOMIC_GANGLIA,129,0.026664249340599976,0.805735611176306
X_scGPT,42,crizotinib,SQ1_LUNG,238,0.009193103489978377,0.7864783183366311
X_scGPT,42,crizotinib,IALM_LUNG,322,0.015269345337134414,0.8187313694391192
X_scGPT,42,crizotinib,BT474_BREAST,125,0.019147194609765782,0.8436875410079956
X_scGPT,42,crizotinib,DKMG_CENTRAL_NERVOUS_SYSTEM,271,0.029554052306305187,0.7686485190673068
X_scGPT,42,crizotinib,BT549_BREAST,266,0.025576623129173817,0.8668467422625176
X_scGPT,42,crizotinib,BICR6_UPPER_AERODIGESTIVE_TRACT,286,0.02747847629738844,0.772198447189131
X_scGPT,42,crizotinib,SH10TC_STOMACH,351,0.03731663050523067,0.7258746427008909
X_scGPT,42,crizotinib,UMUC1_URINARY_TRACT,197,0.02972380073771314,0.8492393345397136
X_scGPT,42,crizotinib,LS1034_LARGE_INTESTINE,146,0.022768437400353298,0.7938592050173511
X_scGPT,42,crizotinib,CCFSTTG1_CENTRAL_NERVOUS_SYSTEM,246,0.024324809339953856,0.765459099436194
X_scGPT,42,crizotinib,NCIH226_LUNG,235,0.025857994290685457,0.8704472321145078
X_scGPT,42,crizotinib,LNCAPCLONEFGC_PROSTATE,129,0.012687719173476894,0.8031217862469281
X_scGPT,42,crizotinib,RCC10RGB_KIDNEY,233,0.03918224457436032,0.7569963949944328
X_scGPT,42,crizotinib,RERFLCAD1_LUNG,243,0.039958013050451796,0.7376434910935139
X_scGPT,42,crizotinib,SKMEL2_SKIN,276,0.023350957673188868,0.8687664190496224
X_scGPT,42,crizotinib,BICR31_UPPER_AERODIGESTIVE_TRACT,248,0.00991034678991023,0.7963539912335335
X_scGPT,42,crizotinib,RCM1_LARGE_INTESTINE,128,0.015411025245688525,0.7809895523823798
X_scGPT,42,crizotinib,COV434_OVARY,88,0.05191209228355045,0.707752720198848
X_scGPT,42,crizotinib,SNU1079_BILIARY_TRACT,73,0.031051944867244507,0.8844733858761722
X_scGPT,42,crizotinib,YD38_UPPER_AERODIGESTIVE_TRACT,624,0.012425300520444955,0.8091863666971525
X_scGPT,42,crizotinib,NCIH1299_LUNG,534,0.010588519163545423,0.7414366389705
X_scGPT,42,crizotinib,IGR37_SKIN,347,0.009888397126697151,0.8026153455550115
X_scGPT,42,crizotinib,BFTC909_KIDNEY,379,0.026309403837511573,0.7694688311981966
X_scGPT,42,crizotinib,NCIH460_LUNG,837,0.01206537865051795,0.803466615497425
X_scGPT,42,crizotinib,IGR1_SKIN,725,0.021674450115494747,0.8309976713410739
X_scGPT,42,crizotinib,VMCUB1_URINARY_TRACT,478,0.01348388428975744,0.8205989555584337
X_scGPT,42,crizotinib,JHOC5_OVARY,145,0.02778495386388032,0.8020434482344265
X_scGPT,42,crizotinib,42MGBA_CENTRAL_NERVOUS_SYSTEM,518,0.022066521158889765,0.8228510347802667
X_scGPT,42,crizotinib,HT1080_SOFT_TISSUE,516,0.02860820179729308,0.79640215808569
X_scGPT,42,crizotinib,LI7_LIVER,196,0.019567304083615664,0.8207203870525166
X_scGPT,42,crizotinib,A375_SKIN,593,0.013606979063239941,0.8204525403590468
X_scGPT,42,crizotinib,FTC133_THYROID,140,0.010000244324320676,0.8168354558093207
X_scGPT,42,crizotinib,OVK18_OVARY,178,0.027986042332452072,0.8554907367470559
X_scGPT,42,crizotinib,ACCMESO1_PLEURA,162,0.009763770110288455,0.7272018348729169
X_scGPT,42,crizotinib,HMC18_BREAST,293,0.011472767431084033,0.7560254892798414
X_scGPT,42,crizotinib,TOV112D_OVARY,78,0.011072282250541562,0.7784834924416665
X_scGPT,42,crizotinib,JHH6_LIVER,206,0.011259026956303484,0.8076739670003502
X_scGPT,42,crizotinib,A2058_SKIN,294,0.026950122610341153,0.8148304173330061
X_scGPT,42,crizotinib,NCIH2110_LUNG,1990,0.02972235905504833,0.8528192568663976
X_scGPT,42,crizotinib,NCIH650_LUNG,271,0.02986881257500587,0.7809679231080622
X_scGPT,42,crizotinib,EFE184_ENDOMETRIUM,86,0.02073550857633047,0.8100282057773235
X_scGPT,42,crizotinib,HUPT3_PANCREAS,136,0.03658221037059573,0.7718189371859326
X_scGPT,42,crizotinib,MDAMB361_BREAST,135,0.041656138714582965,0.924517277876536
X_scGPT,42,crizotinib,BCPAP_THYROID,152,0.026318091840251065,0.8043510800129489
X_scGPT,42,crizotinib,PECAPJ49_UPPER_AERODIGESTIVE_TRACT,202,0.029138428940287623,0.8599891792429556
X_scGPT,42,crizotinib,EKVX_LUNG,146,0.012950867453758157,0.7268146145833682
X_scGPT,42,crizotinib,BICR56_UPPER_AERODIGESTIVE_TRACT,81,0.009487616647962127,0.79298625021805
X_scGPT,42,crizotinib,NCIH2170_LUNG,142,0.02343576695783098,0.8053576778358137
X_scGPT,42,crizotinib,DETROIT562_UPPER_AERODIGESTIVE_TRACT,163,0.010588731748610547,0.6951195762201321
X_scGPT,42,crizotinib,SW1088_CENTRAL_NERVOUS_SYSTEM,128,0.027797176055128194,0.8188873236067593
X_scGPT,42,crizotinib,BHY_UPPER_AERODIGESTIVE_TRACT,145,0.010440388408510191,0.8056635050938047
X_scGPT,42,crizotinib,CAS1_CENTRAL_NERVOUS_SYSTEM,133,0.0237878414326257,0.8661745168212661
X_scGPT,42,crizotinib,HCC1428_BREAST,127,0.03084542612297992,0.8287467857984108
X_scGPT,42,crizotinib,HDQP1_BREAST,64,0.008485635149985161,0.7960160132497549
X_scGPT,42,crizotinib,OSRC2_KIDNEY,126,0.0104513603350052,0.8064419953596025
X_scGPT,42,crizotinib,HUPT4_PANCREAS,56,0.05002098289229726,0.7225933426192829
X_scGPT,42,crizotinib,TCCSUP_URINARY_TRACT,316,0.011539637536829945,0.8232594198441203
X_scGPT,42,crizotinib,VMRCRCZ_KIDNEY,300,0.012747138390428955,0.7192433991034826
X_scGPT,42,crizotinib,PK59_PANCREAS,174,0.034652689735929124,0.7313771563014765
X_scGPT,42,crizotinib,HUH6_LIVER,338,0.026309276366818308,0.7697178746116232
X_scGPT,42,crizotinib,MSTO211H_PLEURA,297,0.03112724688236304,0.8525392336877509
X_scGPT,42,crizotinib,HS852T_SKIN,162,0.011724565684353016,0.8285770563431728
X_scGPT,42,crizotinib,SKMEL30_SKIN,353,0.030299968399023113,0.8673117694368443
X_scGPT,42,crizotinib,T47D_BREAST,221,0.06785027542177832,0.9411838221873633
X_scGPT,42,crizotinib,CALU6_LUNG,258,0.011067278928089144,0.8023912543936293
X_scGPT,42,crizotinib,NCIH522_LUNG,208,0.01296559754039958,0.7585593229876115
X_scGPT,42,crizotinib,LMSU_STOMACH,255,0.010247719173616247,0.7182199606708451
X_scGPT,42,crizotinib,SNUC4_LARGE_INTESTINE,467,0.029630066990583515,0.7891117315220884
X_scGPT,42,crizotinib,RVH421_SKIN,239,0.027589808221640942,0.7967322331592129
X_scGPT,42,crizotinib,OVSAHO_OVARY,227,0.012913231636500698,0.7568905361423408
X_scGPT,42,crizotinib,GOS3_CENTRAL_NERVOUS_SYSTEM,191,0.013863037592146856,0.7255092466064773
X_scGPT,42,crizotinib,SNU738_CENTRAL_NERVOUS_SYSTEM,379,0.03339209528743974,0.8558411414201782
X_scGPT,42,crizotinib,PC3_PROSTATE,169,0.030347875359178603,0.8538604678486931
X_scGPT,42,crizotinib,PATU8988S_PANCREAS,244,0.017947205917996013,0.6863444579429314
X_scGPT,42,crizotinib,OVTOKO_OVARY,209,0.01246877102107165,0.7092313087728035
X_scGPT,42,crizotinib,TE1_OESOPHAGUS,206,0.020762661290947,0.8017306620056189
X_scGPT,42,crizotinib,NCIH2087_LUNG,219,0.04592731092924631,0.7307895231464682
X_scGPT,42,crizotinib,EFM192A_BREAST,333,0.020558104412379406,0.7662295944339879
X_scGPT,42,crizotinib,SNU423_LIVER,212,0.013737040252652235,0.7848525328456231
X_scGPT,42,crizotinib,KPL1_BREAST,276,0.012594353614441991,0.8015073524869006
X_scGPT,42,crizotinib,NCIH358_LUNG,336,0.028138570981455238,0.8259835115500859
X_scGPT,42,crizotinib,COLO792_SKIN,271,0.019060470588586644,0.7519423728499466
X_scGPT,42,crizotinib,KYSE520_OESOPHAGUS,323,0.009522351061516783,0.6957402421224966
X_scGPT,42,crizotinib,KMRC3_KIDNEY,245,0.020989470386865713,0.8385553921972002
X_scGPT,42,crizotinib,MKN7_STOMACH,258,0.028747156995061744,0.7360544740691666
X_scGPT,42,crizotinib,NCIH1944_LUNG,414,0.010538366954979672,0.7197288726838891
X_scGPT,42,crizotinib,TE6_OESOPHAGUS,551,0.010555152023197357,0.696713843060059
X_scGPT,42,crizotinib,ZR751_BREAST,309,0.04197285600774958,0.8268790328001128
X_scGPT,42,crizotinib,PANC0203_PANCREAS,506,0.01103728276782537,0.7778281221983461
X_scGPT,42,crizotinib,SW1990_PANCREAS,307,0.032222212368428045,0.7199754089796582
X_scGPT,42,crizotinib,RD_SOFT_TISSUE,261,0.019606107325227804,0.8115295352150197
X_scGPT,42,crizotinib,NCIH1792_LUNG,111,0.023863254749299387,0.7900747227239179
X_scGPT,42,crizotinib,PK45H_PANCREAS,271,0.014783022364384965,0.7785766199506077
X_scGPT,42,crizotinib,LS180_LARGE_INTESTINE,361,0.01440248845442939,0.7751505790985191
X_scGPT,42,crizotinib,RERFLCAI_LUNG,763,0.03658509538974102,0.726593530506169
X_scGPT,42,crizotinib,CAMA1_BREAST,291,0.013530563844141785,0.8035896836277545
X_scGPT,42,crizotinib,SNU449_LIVER,282,0.008098416666723824,0.8048691669254439
X_scGPT,42,crizotinib,A204_SOFT_TISSUE,250,0.04632327655059058,0.7879449019432068
X_scGPT,42,crizotinib,MKN45_STOMACH,118,0.039132469295152884,0.7623830912476879
X_scGPT,42,crizotinib,HEP3B217_LIVER,118,0.012983604562262913,0.7021001936015436
X_scGPT,42,crizotinib,HOS_BONE,829,0.023174427789670732,0.7868079681160655
X_scGPT,42,crizotinib,EBC1_LUNG,186,0.01166514454314348,0.7871637190541914
X_scGPT,42,crizotinib,NCIH292_LUNG,213,0.010160984696874913,0.7860208204094793
X_scGPT,42,crizotinib,OUMS23_LARGE_INTESTINE,107,0.04485525311322554,0.6983327982581664
X_scGPT,42,crizotinib,HEC151_ENDOMETRIUM,250,0.016385212787659236,0.8043685944080353
X_scGPT,42,crizotinib,NCIH1373_LUNG,164,0.009221959767723581,0.7798517564447914
X_scGPT,42,crizotinib,TE9_OESOPHAGUS,248,0.009710389732702574,0.694040976945431
X_scGPT,42,crizotinib,HCC56_LARGE_INTESTINE,99,0.01572197801047812,0.7740485848802509
X_scGPT,42,crizotinib,HT55_LARGE_INTESTINE,211,0.03688548598926756,0.8029980583213517
X_scGPT,42,crizotinib,RT4_URINARY_TRACT,106,0.03463235962576009,0.7233987405615033
X_scGPT,42,crizotinib,SKES1_BONE,91,0.01615275529922155,0.7718932504182333
X_scGPT,42,crizotinib,NCIH1435_LUNG,267,0.009236154252566473,0.7800203142094702
X_scGPT,42,crizotinib,8305C_THYROID,459,0.016339852584234097,0.8124866766088149
X_scGPT,42,crizotinib,NCIH2228_LUNG,367,0.011069330686272477,0.7992121133882278
X_scGPT,42,crizotinib,TE10_OESOPHAGUS,219,0.014587679580893858,0.8023182782408309
X_scGPT,42,crizotinib,ASPC1_PANCREAS,290,0.016793559757594632,0.7536688492215913
X_scGPT,42,crizotinib,HCC366_LUNG,202,0.028132598763226123,0.7514496560734097
X_scGPT,42,crizotinib,BICR16_UPPER_AERODIGESTIVE_TRACT,212,0.026466974038120206,0.7566786838589974
X_scGPT,42,crizotinib,HEC6_ENDOMETRIUM,161,0.021730299501275904,0.8356541106419534
X_scGPT,42,crizotinib,KALS1_CENTRAL_NERVOUS_SYSTEM,288,0.010144042670771021,0.7146176853113704
X_scGPT,42,crizotinib,NCIH2444_LUNG,237,0.008531411303504937,0.7873198905574621
X_scGPT,42,crizotinib,SNU46_UPPER_AERODIGESTIVE_TRACT,236,0.017142073632080358,0.7977191767955231
X_scGPT,42,crizotinib,OAW28_OVARY,161,0.04719408200359978,0.7039727442753241
X_scGPT,42,crizotinib,SNU1214_UPPER_AERODIGESTIVE_TRACT,188,0.019945622061702355,0.8247008973613699
X_scGPT,42,crizotinib,SKMEL5_SKIN,297,0.030384101194183128,0.7731669141788675
X_scGPT,42,crizotinib,OVCAR4_OVARY,283,0.02420760865672718,0.8292315366411378
X_scGPT,42,crizotinib,UACC257_SKIN,239,0.018466340334655995,0.8158015628738882
X_scGPT,42,crizotinib,ONCODG1_OVARY,270,0.01056547182268353,0.7089136408434974
X_scGPT,42,crizotinib,HUH28_BILIARY_TRACT,139,0.011097571727438246,0.7182773570362613
X_scGPT,42,crizotinib,IM95_STOMACH,185,0.018289930482885623,0.7915939843332446
X_scGPT,42,crizotinib,TE14_OESOPHAGUS,474,0.021830214831202364,0.8015631370655092
X_scGPT,42,crizotinib,CAKI2_KIDNEY,278,0.014661023720338992,0.7839524430765522
X_scGPT,42,crizotinib,SU8686_PANCREAS,82,0.028312821426547306,0.7733736561565865
X_scGPT,42,crizotinib,SCC25_UPPER_AERODIGESTIVE_TRACT,898,0.010998384549700767,0.6922463248992019
X_scGPT,42,crizotinib,SCC9_UPPER_AERODIGESTIVE_TRACT,475,0.014381216779901541,0.7126538513836108
X_scGPT,42,afatinib,NCIH2126_LUNG,264,0.04292257756037886,0.6662147681821476
X_scGPT,42,afatinib,SW579_THYROID,217,0.025843397269707764,0.8347017402473134
X_scGPT,42,afatinib,NCIH446_LUNG,196,0.03413709718374351,0.7629736777471037
X_scGPT,42,afatinib,HEC251_ENDOMETRIUM,107,0.04968539478081191,0.6693825593618589
X_scGPT,42,afatinib,MFE319_ENDOMETRIUM,191,0.012305762952375378,0.6610152749490987
X_scGPT,42,afatinib,SKNAS_AUTONOMIC_GANGLIA,226,0.011047970890221267,0.7191058154654714
X_scGPT,42,afatinib,NCIH2452_PLEURA,538,0.03244125826950575,0.8137721889081054
X_scGPT,42,afatinib,COLO741_SKIN,329,0.035271276823079435,0.7612622345834518
X_scGPT,42,afatinib,KNS42_CENTRAL_NERVOUS_SYSTEM,172,0.03455481471058708,0.7931545265885287
X_scGPT,42,afatinib,MCF7_BREAST,143,0.05837355184765768,0.6532332121909081
X_scGPT,42,afatinib,HT1197_URINARY_TRACT,74,0.0440852666426245,0.6857574010217512
X_scGPT,42,afatinib,SNU899_UPPER_AERODIGESTIVE_TRACT,83,0.007583616000236757,0.6457447208553911
X_scGPT,42,afatinib,HCC38_BREAST,200,0.05081345475521123,0.7070856717228889
X_scGPT,42,afatinib,SNU308_BILIARY_TRACT,94,0.06354337520267433,0.5916116481765787
X_scGPT,42,afatinib,SW1271_LUNG,115,0.04668709065771067,0.7172507560771445
X_scGPT,42,afatinib,TM31_CENTRAL_NERVOUS_SYSTEM,116,0.009260414698908174,0.7164897476804668
X_scGPT,42,afatinib,NCIH747_LARGE_INTESTINE,80,0.06840332796903202,0.5894731029868125
X_scGPT,42,afatinib,KPNSI9S_AUTONOMIC_GANGLIA,129,0.024626306638805454,0.798131242740986
X_scGPT,42,afatinib,SQ1_LUNG,238,0.037354886765752306,0.724091518325966
X_scGPT,42,afatinib,IALM_LUNG,322,0.05146311633809277,0.7783938788849375
X_scGPT,42,afatinib,BT474_BREAST,125,0.036030526312840865,0.7082645030021667
X_scGPT,42,afatinib,DKMG_CENTRAL_NERVOUS_SYSTEM,271,0.037314393798974124,0.805582583610422
X_scGPT,42,afatinib,BT549_BREAST,266,0.06154221544333653,0.7891957290414581
X_scGPT,42,afatinib,BICR6_UPPER_AERODIGESTIVE_TRACT,286,0.07289297530491722,0.5938228160351307
X_scGPT,42,afatinib,SH10TC_STOMACH,351,0.030321559390789427,0.829296139570383
X_scGPT,42,afatinib,UMUC1_URINARY_TRACT,197,0.07201694454329285,0.5336371286568908
X_scGPT,42,afatinib,LS1034_LARGE_INTESTINE,146,0.035846544380887316,0.6926781878079453
X_scGPT,42,afatinib,CCFSTTG1_CENTRAL_NERVOUS_SYSTEM,246,0.043582603390980974,0.7840368064438424
X_scGPT,42,afatinib,NCIH226_LUNG,235,0.04953535254369538,0.7684484915530428
X_scGPT,42,afatinib,LNCAPCLONEFGC_PROSTATE,129,0.008811566233724751,0.6454478280488835
X_scGPT,42,afatinib,RCC10RGB_KIDNEY,233,0.043572495754878114,0.748631640053614
X_scGPT,42,afatinib,RERFLCAD1_LUNG,243,0.04557730917413891,0.7834882096008018
X_scGPT,42,afatinib,SKMEL2_SKIN,276,0.045259055440946626,0.7478632654832758
X_scGPT,42,afatinib,BICR31_UPPER_AERODIGESTIVE_TRACT,248,0.062485015660295344,0.5564479063595494
X_scGPT,42,afatinib,RCM1_LARGE_INTESTINE,128,0.06106004776289223,0.6198352517094463
X_scGPT,42,afatinib,COV434_OVARY,88,0.039235463737620414,0.8426184952259064
X_scGPT,42,afatinib,SNU1079_BILIARY_TRACT,73,0.04778993275584122,0.6630525727794595
X_scGPT,42,afatinib,YD38_UPPER_AERODIGESTIVE_TRACT,624,0.05827996517338486,0.6067298459701049
X_scGPT,42,afatinib,NCIH1299_LUNG,534,0.010083108173549337,0.6931331895487138
X_scGPT,42,afatinib,IGR37_SKIN,347,0.008882904881772687,0.674812050133686
X_scGPT,42,afatinib,BFTC909_KIDNEY,379,0.04473947223195972,0.7916826703303093
X_scGPT,42,afatinib,NCIH460_LUNG,837,0.05199796450331943,0.6858361827002631
X_scGPT,42,afatinib,IGR1_SKIN,725,0.035132267596887645,0.7657252860891408
X_scGPT,42,afatinib,VMCUB1_URINARY_TRACT,478,0.049880389248507115,0.6405614573337044
X_scGPT,42,afatinib,JHOC5_OVARY,145,0.049302235454999184,0.6946021819936818
X_scGPT,42,afatinib,42MGBA_CENTRAL_NERVOUS_SYSTEM,518,0.041836545389968,0.8844112440886185
X_scGPT,42,afatinib,HT1080_SOFT_TISSUE,516,0.04601218037055641,0.7603620029697122
X_scGPT,42,afatinib,LI7_LIVER,196,0.0600655337405655,0.7493517231576297
X_scGPT,42,afatinib,A375_SKIN,593,0.038703171978140355,0.7124763237686221
X_scGPT,42,afatinib,FTC133_THYROID,140,0.03427588230538695,0.7643796993153436
X_scGPT,42,afatinib,OVK18_OVARY,178,0.045783313014881435,0.7123765409662483
X_scGPT,42,afatinib,ACCMESO1_PLEURA,162,0.01182542805201907,0.7087878036646196
X_scGPT,42,afatinib,HMC18_BREAST,293,0.012449741857062222,0.6952425326910442
X_scGPT,42,afatinib,TOV112D_OVARY,78,0.012947594915616978,0.7209266080306127
X_scGPT,42,afatinib,JHH6_LIVER,206,0.04839469974553479,0.7019456870926236
X_scGPT,42,afatinib,A2058_SKIN,294,0.03115723151321808,0.7942551877222904
X_scGPT,42,afatinib,NCIH2110_LUNG,1990,0.05326881709844721,0.6076841233663224
X_scGPT,42,afatinib,NCIH650_LUNG,271,0.045428028996472795,0.7484282598284338
X_scGPT,42,afatinib,EFE184_ENDOMETRIUM,86,0.04666821928625643,0.7272850316624309
X_scGPT,42,afatinib,HUPT3_PANCREAS,136,0.06760306720675707,0.6345792513559846
X_scGPT,42,afatinib,MDAMB361_BREAST,135,0.08837831582623472,0.7084548025219529
X_scGPT,42,afatinib,BCPAP_THYROID,152,0.045081257207878804,0.7922178299019211
X_scGPT,42,afatinib,PECAPJ49_UPPER_AERODIGESTIVE_TRACT,202,0.0849643286169568,0.44661168444274674
X_scGPT,42,afatinib,EKVX_LUNG,146,0.013174014569645582,0.6752030588176152
X_scGPT,42,afatinib,BICR56_UPPER_AERODIGESTIVE_TRACT,81,0.060993359650703405,0.4687980759291001
X_scGPT,42,afatinib,NCIH2170_LUNG,142,0.050597809089071216,0.7309893071651459
X_scGPT,42,afatinib,DETROIT562_UPPER_AERODIGESTIVE_TRACT,163,0.01004855142669192,0.6444055679385647
X_scGPT,42,afatinib,SW1088_CENTRAL_NERVOUS_SYSTEM,128,0.029738855964473523,0.8563283341936767
X_scGPT,42,afatinib,BHY_UPPER_AERODIGESTIVE_TRACT,145,0.056439309063393284,0.5987696078316919
X_scGPT,42,afatinib,CAS1_CENTRAL_NERVOUS_SYSTEM,133,0.046621608626701366,0.8220627352707368
X_scGPT,42,afatinib,HCC1428_BREAST,127,0.0640683193188602,0.700840068379725
X_scGPT,42,afatinib,HDQP1_BREAST,64,0.03805390648508589,0.675564038567245
X_scGPT,42,afatinib,OSRC2_KIDNEY,126,0.029766056408228398,0.790729094119299
X_scGPT,42,afatinib,HUPT4_PANCREAS,56,0.08446950743971095,0.6498986748712403
X_scGPT,42,afatinib,TCCSUP_URINARY_TRACT,316,0.031012629322799606,0.7914168138670016
X_scGPT,42,afatinib,VMRCRCZ_KIDNEY,300,0.010705447382446753,0.6993311736981074
X_scGPT,42,afatinib,PK59_PANCREAS,174,0.0535256916087305,0.73415172785178
X_scGPT,42,afatinib,HUH6_LIVER,338,0.02872405439228933,0.8203111439061588
X_scGPT,42,afatinib,MSTO211H_PLEURA,297,0.04383517707582963,0.7596639372684337
X_scGPT,42,afatinib,HS852T_SKIN,162,0.03366954670384919,0.7668041914333532
X_scGPT,42,afatinib,SKMEL30_SKIN,353,0.039712031804411935,0.7172877315758983
X_scGPT,42,afatinib,T47D_BREAST,221,0.08433187555502736,0.6374926718112031
X_scGPT,42,afatinib,CALU6_LUNG,258,0.0376140503543639,0.6987745057242786
X_scGPT,42,afatinib,NCIH522_LUNG,208,0.013874849105407854,0.7105301684485033
X_scGPT,42,afatinib,LMSU_STOMACH,255,0.011148664540040171,0.7175641127661163
X_scGPT,42,afatinib,SNUC4_LARGE_INTESTINE,467,0.06393654417806309,0.5598808223864251
X_scGPT,42,afatinib,RVH421_SKIN,239,0.0379432964184635,0.8595514609225126
X_scGPT,42,afatinib,OVSAHO_OVARY,227,0.012754854992288116,0.6736410730210695
X_scGPT,42,afatinib,GOS3_CENTRAL_NERVOUS_SYSTEM,191,0.011536654895637394,0.7172799322617616
X_scGPT,42,afatinib,SNU738_CENTRAL_NERVOUS_SYSTEM,379,0.0402232461039225,0.714682441902664
X_scGPT,42,afatinib,PC3_PROSTATE,169,0.0355412836052937,0.7476098611510011
X_scGPT,42,afatinib,PATU8988S_PANCREAS,244,0.010240517195857642,0.6238672958045709
X_scGPT,42,afatinib,OVTOKO_OVARY,209,0.01190483137274273,0.6746797955207278
X_scGPT,42,afatinib,TE1_OESOPHAGUS,206,0.05108430290359379,0.6973103843267682
X_scGPT,42,afatinib,NCIH2087_LUNG,219,0.05575823892775374,0.651979581950462
X_scGPT,42,afatinib,EFM192A_BREAST,333,0.058585629185981154,0.694418816953092
X_scGPT,42,afatinib,SNU423_LIVER,212,0.051159924550574845,0.765854667661325
X_scGPT,42,afatinib,KPL1_BREAST,276,0.03474340263834596,0.7119997353225515
X_scGPT,42,afatinib,NCIH358_LUNG,336,0.04814604962095953,0.6502165902583372
X_scGPT,42,afatinib,COLO792_SKIN,271,0.009966111256672934,0.6871629339742484
X_scGPT,42,afatinib,KYSE520_OESOPHAGUS,323,0.009638597811408718,0.6635051236802211
X_scGPT,42,afatinib,KMRC3_KIDNEY,245,0.03779963372046798,0.6660169455469871
X_scGPT,42,afatinib,MKN7_STOMACH,258,0.05202584337668188,0.7450748055942299
X_scGPT,42,afatinib,NCIH1944_LUNG,414,0.01012343805940105,0.6776338267153588
X_scGPT,42,afatinib,TE6_OESOPHAGUS,551,0.01031509630434772,0.6583712158315628
X_scGPT,42,afatinib,ZR751_BREAST,309,0.04728307654380493,0.7947569312015398
X_scGPT,42,afatinib,PANC0203_PANCREAS,506,0.043982898192658944,0.5958983077715508
X_scGPT,42,afatinib,SW1990_PANCREAS,307,0.050997727923951686,0.7920667558228931
X_scGPT,42,afatinib,RD_SOFT_TISSUE,261,0.0483700054443608,0.7578268670030938
X_scGPT,42,afatinib,NCIH1792_LUNG,111,0.0495901328996754,0.8127429973971736
X_scGPT,42,afatinib,PK45H_PANCREAS,271,0.04816437095345097,0.7733526287043666
X_scGPT,42,afatinib,LS180_LARGE_INTESTINE,361,0.049205552639799595,0.5847749262635398
X_scGPT,42,afatinib,RERFLCAI_LUNG,763,0.04897195242334465,0.784477586202509
X_scGPT,42,afatinib,CAMA1_BREAST,291,0.04422712763080702,0.6513043151483503
X_scGPT,42,afatinib,SNU449_LIVER,282,0.028975516029146654,0.7171047942858215
X_scGPT,42,afatinib,A204_SOFT_TISSUE,250,0.03369348375353201,0.8477397773265839
X_scGPT,42,afatinib,MKN45_STOMACH,118,0.06234593980785401,0.567670016470602
X_scGPT,42,afatinib,HEP3B217_LIVER,118,0.009682093158137714,0.6842100898088035
X_scGPT,42,afatinib,HOS_BONE,829,0.05341857175259875,0.7498679616195302
X_scGPT,42,afatinib,EBC1_LUNG,186,0.04553061264239299,0.6620917360308349
X_scGPT,42,afatinib,NCIH292_LUNG,213,0.04768405137043332,0.6094745736166904
X_scGPT,42,afatinib,OUMS23_LARGE_INTESTINE,107,0.04830045513863481,0.8002266939555374
X_scGPT,42,afatinib,HEC151_ENDOMETRIUM,250,0.04154689141153108,0.7448314292430878
X_scGPT,42,afatinib,NCIH1373_LUNG,164,0.04452362996260658,0.6667731175335442
X_scGPT,42,afatinib,TE9_OESOPHAGUS,248,0.008867324099571635,0.6436861474667827
X_scGPT,42,afatinib,HCC56_LARGE_INTESTINE,99,0.049714594049691814,0.6044965557979814
X_scGPT,42,afatinib,HT55_LARGE_INTESTINE,211,0.04610273588630429,0.5792418363817495
X_scGPT,42,afatinib,RT4_URINARY_TRACT,106,0.057470284123332264,0.5862606845374377
X_scGPT,42,afatinib,SKES1_BONE,91,0.011357765711590842,0.718741068473229
X_scGPT,42,afatinib,NCIH1435_LUNG,267,0.04254446741419167,0.6503548760539137
X_scGPT,42,afatinib,8305C_THYROID,459,0.03560311924744859,0.7944962717349233
X_scGPT,42,afatinib,NCIH2228_LUNG,367,0.04934872220989259,0.7350339790455976
X_scGPT,42,afatinib,TE10_OESOPHAGUS,219,0.04399160714829124,0.6393041488242476
X_scGPT,42,afatinib,ASPC1_PANCREAS,290,0.030152038884407917,0.7257344955000384
X_scGPT,42,afatinib,HCC366_LUNG,202,0.04436322969292904,0.7280619651964395
X_scGPT,42,afatinib,BICR16_UPPER_AERODIGESTIVE_TRACT,212,0.06305482603150867,0.5919322610463736
X_scGPT,42,afatinib,HEC6_ENDOMETRIUM,161,0.03829191293037258,0.6616861176046526
X_scGPT,42,afatinib,KALS1_CENTRAL_NERVOUS_SYSTEM,288,0.006832075117552752,0.7279151243468126
X_scGPT,42,afatinib,NCIH2444_LUNG,237,0.03083451611154795,0.7652207763889168
X_scGPT,42,afatinib,SNU46_UPPER_AERODIGESTIVE_TRACT,236,0.06403010731303492,0.6993502431501777
X_scGPT,42,afatinib,OAW28_OVARY,161,0.04715264272244526,0.7338078414431269
X_scGPT,42,afatinib,SNU1214_UPPER_AERODIGESTIVE_TRACT,188,0.07621124721538915,0.4559566492729999
X_scGPT,42,afatinib,SKMEL5_SKIN,297,0.030060011936152094,0.7636068252602008
X_scGPT,42,afatinib,OVCAR4_OVARY,283,0.035826306120424166,0.6069169564718914
X_scGPT,42,afatinib,UACC257_SKIN,239,0.03192019788200083,0.6764633371241422
X_scGPT,42,afatinib,ONCODG1_OVARY,270,0.009870287593170983,0.6774515458831081
X_scGPT,42,afatinib,HUH28_BILIARY_TRACT,139,0.009828103968838582,0.7344523037937906
X_scGPT,42,afatinib,IM95_STOMACH,185,0.039025796171771356,0.6788739449269062
X_scGPT,42,afatinib,TE14_OESOPHAGUS,474,0.05724843108638688,0.4449873513184519
X_scGPT,42,afatinib,CAKI2_KIDNEY,278,0.03994593880399197,0.7317296581731426
X_scGPT,42,afatinib,SU8686_PANCREAS,82,0.03756266911583773,0.6276788878731612
X_scGPT,42,afatinib,SCC25_UPPER_AERODIGESTIVE_TRACT,898,0.011431667166867708,0.6538188596876268
X_scGPT,42,afatinib,SCC9_UPPER_AERODIGESTIVE_TRACT,475,0.00959669271817587,0.7155226768945393
X_scGPT,43,doxorubicin,NCIH2126_LUNG,264,0.03284833784786824,0.6449208304737554
X_scGPT,43,doxorubicin,SW579_THYROID,217,0.044817350488758394,0.5944672769390493
X_scGPT,43,doxorubicin,NCIH446_LUNG,196,0.08641920408262856,0.3465482581939016
X_scGPT,43,doxorubicin,HEC251_ENDOMETRIUM,107,0.06175606043903488,0.6766334114787734
X_scGPT,43,doxorubicin,MFE319_ENDOMETRIUM,191,0.08140441035443645,0.5577877557090439
X_scGPT,43,doxorubicin,SKNAS_AUTONOMIC_GANGLIA,226,0.04177895865159538,0.4173138980316905
X_scGPT,43,doxorubicin,NCIH2452_PLEURA,538,0.053715738092672605,0.6281788576269681
X_scGPT,43,doxorubicin,COLO741_SKIN,329,0.03285175114401988,0.6228959728881581
X_scGPT,43,doxorubicin,KNS42_CENTRAL_NERVOUS_SYSTEM,172,0.04971329530404193,0.5489840367159178
X_scGPT,43,doxorubicin,MCF7_BREAST,143,0.044538700958761356,0.6418485353876661
X_scGPT,43,doxorubicin,HT1197_URINARY_TRACT,74,0.03259120333253751,0.6795460090443894
X_scGPT,43,doxorubicin,SNU899_UPPER_AERODIGESTIVE_TRACT,83,0.05363464334006764,0.6244638928447861
X_scGPT,43,doxorubicin,HCC38_BREAST,200,0.08294642208702371,0.635407486408949
X_scGPT,43,doxorubicin,SNU308_BILIARY_TRACT,94,0.045627256732552676,0.6239589208618124
X_scGPT,43,doxorubicin,SW1271_LUNG,115,0.0429539354912226,0.6942019550696663
X_scGPT,43,doxorubicin,TM31_CENTRAL_NERVOUS_SYSTEM,116,0.043845266738536406,0.5657233174504905
X_scGPT,43,doxorubicin,NCIH747_LARGE_INTESTINE,80,0.08954839107813278,0.6084809370338917
X_scGPT,43,doxorubicin,KPNSI9S_AUTONOMIC_GANGLIA,129,0.061377603966002614,0.5157749525798384
X_scGPT,43,doxorubicin,SQ1_LUNG,238,0.03025103457306025,0.7221081820355744
X_scGPT,43,doxorubicin,IALM_LUNG,322,0.04303164335655336,0.6048931475751889
X_scGPT,43,doxorubicin,BT474_BREAST,125,0.03846783574895139,0.6542395505905151
X_scGPT,43,doxorubicin,DKMG_CENTRAL_NERVOUS_SYSTEM,271,0.07467050001703164,0.4380216161923215
X_scGPT,43,doxorubicin,BT549_BREAST,266,0.05279157396438633,0.6217847175167915
X_scGPT,43,doxorubicin,BICR6_UPPER_AERODIGESTIVE_TRACT,286,0.05749081337892709,0.5438216637064527
X_scGPT,43,doxorubicin,SH10TC_STOMACH,351,0.0752390462246522,0.56020894553247
X_scGPT,43,doxorubicin,UMUC1_URINARY_TRACT,197,0.039576327816524835,0.6428858209685021
X_scGPT,43,doxorubicin,LS1034_LARGE_INTESTINE,146,0.04715881440774463,0.6763630946205087
X_scGPT,43,doxorubicin,CCFSTTG1_CENTRAL_NERVOUS_SYSTEM,246,0.05645624221895362,0.45371609041845895
X_scGPT,43,doxorubicin,NCIH226_LUNG,235,0.04497610380560724,0.6675475663327156
X_scGPT,43,doxorubicin,LNCAPCLONEFGC_PROSTATE,129,0.05772228376811551,0.7013240128524544
X_scGPT,43,doxorubicin,RCC10RGB_KIDNEY,233,0.09256023929048793,0.6236064705214275
X_scGPT,43,doxorubicin,RERFLCAD1_LUNG,243,0.07270267921133605,0.577043534796915
X_scGPT,43,doxorubicin,SKMEL2_SKIN,276,0.04452095146987289,0.574504764723605
X_scGPT,43,doxorubicin,BICR31_UPPER_AERODIGESTIVE_TRACT,248,0.04835218551598839,0.5891080746246923
X_scGPT,43,doxorubicin,RCM1_LARGE_INTESTINE,128,0.04395243734123633,0.6560922802891582
X_scGPT,43,doxorubicin,COV434_OVARY,88,0.06471817340274727,0.4345708577470346
X_scGPT,43,doxorubicin,SNU1079_BILIARY_TRACT,73,0.06453322562690005,0.6663099706989445
X_scGPT,43,doxorubicin,YD38_UPPER_AERODIGESTIVE_TRACT,624,0.0344867324774444,0.540752654751906
X_scGPT,43,doxorubicin,NCIH1299_LUNG,534,0.04624051532396738,0.5682883838031176
X_scGPT,43,doxorubicin,IGR37_SKIN,347,0.04095141687767918,0.6671084820021813
X_scGPT,43,doxorubicin,BFTC909_KIDNEY,379,0.06884263274615005,0.49140160347981315
X_scGPT,43,doxorubicin,NCIH460_LUNG,837,0.04826473613982307,0.556603636187607
X_scGPT,43,doxorubicin,IGR1_SKIN,725,0.049238382340335465,0.6650978561927532
X_scGPT,43,doxorubicin,VMCUB1_URINARY_TRACT,478,0.03369570867515862,0.5346605648056733
X_scGPT,43,doxorubicin,JHOC5_OVARY,145,0.06123243824881838,0.665420606013002
X_scGPT,43,doxorubicin,42MGBA_CENTRAL_NERVOUS_SYSTEM,518,0.04666874012268492,0.5340396937371221
X_scGPT,43,doxorubicin,HT1080_SOFT_TISSUE,516,0.0821813284989263,0.6115816294453865
X_scGPT,43,doxorubicin,LI7_LIVER,196,0.04509845398837793,0.6071152233955811
X_scGPT,43,doxorubicin,A375_SKIN,593,0.045670799707277394,0.5709410337935411
X_scGPT,43,doxorubicin,FTC133_THYROID,140,0.031029245202498282,0.6567227538142886
X_scGPT,43,doxorubicin,OVK18_OVARY,178,0.09136806394672253,0.5592246417249187
X_scGPT,43,doxorubicin,ACCMESO1_PLEURA,162,0.05227918162951229,0.6013243191036177
X_scGPT,43,doxorubicin,HMC18_BREAST,293,0.047291367476239896,0.5363326647379293
X_scGPT,43,doxorubicin,TOV112D_OVARY,78,0.032735888046629955,0.41633826914506084
X_scGPT,43,doxorubicin,JHH6_LIVER,206,0.04322767730940988,0.6350670899580984
X_scGPT,43,doxorubicin,A2058_SKIN,294,0.09445240063734364,0.5735072614181609
X_scGPT,43,doxorubicin,NCIH2110_LUNG,1990,0.03171758018933186,0.6611754566580806
X_scGPT,43,doxorubicin,NCIH650_LUNG,271,0.05288369318643824,0.6895393687420666
X_scGPT,43,doxorubicin,EFE184_ENDOMETRIUM,86,0.041865152361818946,0.6895684662253357
X_scGPT,43,doxorubicin,HUPT3_PANCREAS,136,0.09374175967073334,0.5811089974115876
X_scGPT,43,doxorubicin,MDAMB361_BREAST,135,0.041020296451559,0.6350200679567125
X_scGPT,43,doxorubicin,BCPAP_THYROID,152,0.043590406667489846,0.5973525508061835
X_scGPT,43,doxorubicin,PECAPJ49_UPPER_AERODIGESTIVE_TRACT,202,0.04754277060258085,0.6141991332025811
X_scGPT,43,doxorubicin,EKVX_LUNG,146,0.04849954914150866,0.5944026302393168
X_scGPT,43,doxorubicin,BICR56_UPPER_AERODIGESTIVE_TRACT,81,0.04737731162469772,0.5327435551602163
X_scGPT,43,doxorubicin,NCIH2170_LUNG,142,0.040970196973570405,0.5922470445364294
X_scGPT,43,doxorubicin,DETROIT562_UPPER_AERODIGESTIVE_TRACT,163,0.04056296396877504,0.5373967182051185
X_scGPT,43,doxorubicin,SW1088_CENTRAL_NERVOUS_SYSTEM,128,0.055345609415309936,0.5830765266437083
X_scGPT,43,doxorubicin,BHY_UPPER_AERODIGESTIVE_TRACT,145,0.05100054497689796,0.6349810269372217
X_scGPT,43,doxorubicin,CAS1_CENTRAL_NERVOUS_SYSTEM,133,0.05945427934497472,0.6498043577473863
X_scGPT,43,doxorubicin,HCC1428_BREAST,127,0.07254197777491722,0.6531472147449734
X_scGPT,43,doxorubicin,HDQP1_BREAST,64,0.03214879280027933,0.6857138378545642
X_scGPT,43,doxorubicin,OSRC2_KIDNEY,126,0.025181967131482793,0.7308690320877802
X_scGPT,43,doxorubicin,HUPT4_PANCREAS,56,0.0739659543084707,0.5902301685086319
X_scGPT,43,doxorubicin,TCCSUP_URINARY_TRACT,316,0.04745946980043998,0.6233368149097962
X_scGPT,43,doxorubicin,VMRCRCZ_KIDNEY,300,0.058496224051883074,0.6686998516321182
X_scGPT,43,doxorubicin,PK59_PANCREAS,174,0.05644564306832326,0.6108680960090681
X_scGPT,43,doxorubicin,HUH6_LIVER,338,0.04699795918853475,0.7008043298354516
X_scGPT,43,doxorubicin,MSTO211H_PLEURA,297,0.04457719891542268,0.6111657924523659
X_scGPT,43,doxorubicin,HS852T_SKIN,162,0.03357951381752388,0.6294498101428703
X_scGPT,43,doxorubicin,SKMEL30_SKIN,353,0.043762571625457186,0.6789400386742762
X_scGPT,43,doxorubicin,T47D_BREAST,221,0.05420493480951902,0.6050162831852339
X_scGPT,43,doxorubicin,CALU6_LUNG,258,0.044408722062015404,0.6191999514897665
X_scGPT,43,doxorubicin,NCIH522_LUNG,208,0.03780382976646073,0.45355965540959287
X_scGPT,43,doxorubicin,LMSU_STOMACH,255,0.026675150399433117,0.5023868411195045
X_scGPT,43,doxorubicin,SNUC4_LARGE_INTESTINE,467,0.05389701429277472,0.681369468154948
X_scGPT,43,doxorubicin,RVH421_SKIN,239,0.04602771068738767,0.6982012815056485
X_scGPT,43,doxorubicin,OVSAHO_OVARY,227,0.054360847889261966,0.536891403833675
X_scGPT,43,doxorubicin,GOS3_CENTRAL_NERVOUS_SYSTEM,191,0.04187537955571902,0.5401605849802806
X_scGPT,43,doxorubicin,SNU738_CENTRAL_NERVOUS_SYSTEM,379,0.04106533759450052,0.6901963011885067
X_scGPT,43,doxorubicin,PC3_PROSTATE,169,0.03664277479685326,0.6643189396378557
X_scGPT,43,doxorubicin,PATU8988S_PANCREAS,244,0.09506040813851759,0.7275498941784999
X_scGPT,43,doxorubicin,OVTOKO_OVARY,209,0.04876424300474946,0.6417237751221543
X_scGPT,43,doxorubicin,TE1_OESOPHAGUS,206,0.03681014936601379,0.6478044923069408
X_scGPT,43,doxorubicin,NCIH2087_LUNG,219,0.07594361425295357,0.565662258564065
X_scGPT,43,doxorubicin,EFM192A_BREAST,333,0.04366384335045173,0.5995010014052864
X_scGPT,43,doxorubicin,SNU423_LIVER,212,0.040463485137352505,0.6449945504372975
X_scGPT,43,doxorubicin,KPL1_BREAST,276,0.03789921749939042,0.643894026244896
X_scGPT,43,doxorubicin,NCIH358_LUNG,336,0.0341281121883685,0.6589320631963866
X_scGPT,43,doxorubicin,COLO792_SKIN,271,0.05449486316182328,0.7034437900539694
X_scGPT,43,doxorubicin,KYSE520_OESOPHAGUS,323,0.046002996895726685,0.5630401548217324
X_scGPT,43,doxorubicin,KMRC3_KIDNEY,245,0.031153858957825048,0.6813585300834811
X_scGPT,43,doxorubicin,MKN7_STOMACH,258,0.05500145560924587,0.6008858724619991
X_scGPT,43,doxorubicin,NCIH1944_LUNG,414,0.03712436139707756,0.5935176312923431
X_scGPT,43,doxorubicin,TE6_OESOPHAGUS,551,0.03630081499304823,0.5237334347355388
X_scGPT,43,doxorubicin,ZR751_BREAST,309,0.04699845668155014,0.5551542686027231
X_scGPT,43,doxorubicin,PANC0203_PANCREAS,506,0.04293298984223463,0.6313950964820244
X_scGPT,43,doxorubicin,SW1990_PANCREAS,307,0.0651898620678091,0.6252511951356446
X_scGPT,43,doxorubicin,RD_SOFT_TISSUE,261,0.04943659094409293,0.543142151330166
X_scGPT,43,doxorubicin,NCIH1792_LUNG,111,0.04096180772977013,0.6346061640494579
X_scGPT,43,doxorubicin,PK45H_PANCREAS,271,0.03974881304055893,0.6785382284229532
X_scGPT,43,doxorubicin,LS180_LARGE_INTESTINE,361,0.052262691787981805,0.6648775150901393
X_scGPT,43,doxorubicin,RERFLCAI_LUNG,763,0.05547509440291149,0.6589696269438432
X_scGPT,43,doxorubicin,CAMA1_BREAST,291,0.0383438949716882,0.6226857912909124
X_scGPT,43,doxorubicin,SNU449_LIVER,282,0.032905527207298724,0.6601704124440538
X_scGPT,43,doxorubicin,A204_SOFT_TISSUE,250,0.050360775482192206,0.5377390676736832
X_scGPT,43,doxorubicin,MKN45_STOMACH,118,0.058023119926656236,0.6947875866445444
X_scGPT,43,doxorubicin,HEP3B217_LIVER,118,0.05402072538809825,0.6508315826876688
X_scGPT,43,doxorubicin,HOS_BONE,829,0.04294294909536488,0.5494398320828473
X_scGPT,43,doxorubicin,EBC1_LUNG,186,0.05119614166440043,0.666058811609463
X_scGPT,43,doxorubicin,NCIH292_LUNG,213,0.042326606996832154,0.6207884110755204
X_scGPT,43,doxorubicin,OUMS23_LARGE_INTESTINE,107,0.08094118914336296,0.5614043830711151
X_scGPT,43,doxorubicin,HEC151_ENDOMETRIUM,250,0.03791439359055289,0.6590500793457031
X_scGPT,43,doxorubicin,NCIH1373_LUNG,164,0.044199613624809994,0.6759836661016069
X_scGPT,43,doxorubicin,TE9_OESOPHAGUS,248,0.037978018339851566,0.5501986993176322
X_scGPT,43,doxorubicin,HCC56_LARGE_INTESTINE,99,0.038320611963621735,0.7170961649730953
X_scGPT,43,doxorubicin,HT55_LARGE_INTESTINE,211,0.051461771398729435,0.713180661201477
X_scGPT,43,doxorubicin,RT4_URINARY_TRACT,106,0.04325594015255983,0.5762259507516645
X_scGPT,43,doxorubicin,SKES1_BONE,91,0.03979237112643208,0.429851804460798
X_scGPT,43,doxorubicin,NCIH1435_LUNG,267,0.037110892649662636,0.6601688937747969
X_scGPT,43,doxorubicin,8305C_THYROID,459,0.033383839916587076,0.6296802398166366
X_scGPT,43,doxorubicin,NCIH2228_LUNG,367,0.03768983616026119,0.7023155120802835
X_scGPT,43,doxorubicin,TE10_OESOPHAGUS,219,0.04076540102814915,0.5917476523140249
X_scGPT,43,doxorubicin,ASPC1_PANCREAS,290,0.027382434943459023,0.7101622616422587
X_scGPT,43,doxorubicin,HCC366_LUNG,202,0.05064024280024948,0.6489402097050506
X_scGPT,43,doxorubicin,BICR16_UPPER_AERODIGESTIVE_TRACT,212,0.052025448440159966,0.537831465731252
X_scGPT,43,doxorubicin,HEC6_ENDOMETRIUM,161,0.03290212736085388,0.6694655218479796
X_scGPT,43,doxorubicin,KALS1_CENTRAL_NERVOUS_SYSTEM,288,0.039941357110284785,0.5632945746183395
X_scGPT,43,doxorubicin,NCIH2444_LUNG,237,0.028135891855502825,0.735073790268556
X_scGPT,43,doxorubicin,SNU46_UPPER_AERODIGESTIVE_TRACT,236,0.047387787443672155,0.61892092253192
X_scGPT,43,doxorubicin,OAW28_OVARY,161,0.08280550429939698,0.6253529152144557
X_scGPT,43,doxorubicin,SNU1214_UPPER_AERODIGESTIVE_TRACT,188,0.04471677892505515,0.5703548529046647
X_scGPT,43,doxorubicin,SKMEL5_SKIN,297,0.037528741521009365,0.7173724742449494
X_scGPT,43,doxorubicin,OVCAR4_OVARY,283,0.030225328021463098,0.703108543852614
X_scGPT,43,doxorubicin,UACC257_SKIN,239,0.03822129473121525,0.6079293067984003
X_scGPT,43,doxorubicin,ONCODG1_OVARY,270,0.053035308634148036,0.5886414289474488
X_scGPT,43,doxorubicin,HUH28_BILIARY_TRACT,139,0.04063077438274065,0.5945059601351511
X_scGPT,43,doxorubicin,IM95_STOMACH,185,0.04081907780824704,0.6783027810019415
X_scGPT,43,doxorubicin,TE14_OESOPHAGUS,474,0.04687431728549854,0.5720269507748165
X_scGPT,43,doxorubicin,CAKI2_KIDNEY,278,0.026423969508851747,0.7119942599063297
X_scGPT,43,doxorubicin,SU8686_PANCREAS,82,0.023743986728488445,0.7139408966390098
X_scGPT,43,doxorubicin,SCC25_UPPER_AERODIGESTIVE_TRACT,898,0.032444301603573845,0.43492146808745336
X_scGPT,43,doxorubicin,SCC9_UPPER_AERODIGESTIVE_TRACT,475,0.032444621771930006,0.5329409798195488
X_scGPT,43,platin,NCIH2126_LUNG,264,0.016202465224710597,1.0061376099333619
X_scGPT,43,platin,SW579_THYROID,217,0.016128004322722666,1.0107798279705136
X_scGPT,43,platin,NCIH446_LUNG,196,0.016655481758362255,1.0373220227810802
X_scGPT,43,platin,HEC251_ENDOMETRIUM,107,0.024146370043537948,1.0107218623161316
X_scGPT,43,platin,MFE319_ENDOMETRIUM,191,0.02095825562296683,1.018055641214261
X_scGPT,43,platin,SKNAS_AUTONOMIC_GANGLIA,226,0.014026918012031037,1.0302762077972951
X_scGPT,43,platin,NCIH2452_PLEURA,538,0.018619001683896255,1.0091100047068968
X_scGPT,43,platin,COLO741_SKIN,329,0.016737584007117116,1.0523906004102759
X_scGPT,43,platin,KNS42_CENTRAL_NERVOUS_SYSTEM,172,0.016497557444994714,1.0336602912392727
X_scGPT,43,platin,MCF7_BREAST,143,0.016887633763550073,1.0232334920576402
X_scGPT,43,platin,HT1197_URINARY_TRACT,74,0.017662670544479984,0.9843675172006762
X_scGPT,43,platin,SNU899_UPPER_AERODIGESTIVE_TRACT,83,0.024593674758552175,0.9685782632195806
X_scGPT,43,platin,HCC38_BREAST,200,0.03868887618542209,1.0563305842876434
X_scGPT,43,platin,SNU308_BILIARY_TRACT,94,0.013335995488935128,0.9870789488579365
X_scGPT,43,platin,SW1271_LUNG,115,0.013285064154940667,0.998742677854455
X_scGPT,43,platin,TM31_CENTRAL_NERVOUS_SYSTEM,116,0.01690256334502766,0.9705205888583742
X_scGPT,43,platin,NCIH747_LARGE_INTESTINE,80,0.06837026894060726,1.0070405572652816
X_scGPT,43,platin,KPNSI9S_AUTONOMIC_GANGLIA,129,0.03490813090819883,1.010639912860338
X_scGPT,43,platin,SQ1_LUNG,238,0.01311780602890198,0.9923145881220072
X_scGPT,43,platin,IALM_LUNG,322,0.019388764381773085,0.984734381763091
X_scGPT,43,platin,BT474_BREAST,125,0.010107644695715111,1.0321643214225769
X_scGPT,43,platin,DKMG_CENTRAL_NERVOUS_SYSTEM,271,0.06199339109893194,0.9597872799173053
X_scGPT,43,platin,BT549_BREAST,266,0.01411393131952783,0.9949002209910773
X_scGPT,43,platin,BICR6_UPPER_AERODIGESTIVE_TRACT,286,0.047054968174176405,0.9867369645125382
X_scGPT,43,platin,SH10TC_STOMACH,351,0.05043654544857345,1.0052208531955709
X_scGPT,43,platin,UMUC1_URINARY_TRACT,197,0.015008405742621014,0.9901897665207762
X_scGPT,43,platin,LS1034_LARGE_INTESTINE,146,0.013623431961216228,1.0222911087617481
X_scGPT,43,platin,CCFSTTG1_CENTRAL_NERVOUS_SYSTEM,246,0.045212634569875954,0.9521681520997024
X_scGPT,43,platin,NCIH226_LUNG,235,0.01391956757442609,1.0034466297068494
X_scGPT,43,platin,LNCAPCLONEFGC_PROSTATE,129,0.0228218648246568,0.9893855817558229
X_scGPT,43,platin,RCC10RGB_KIDNEY,233,0.05898425221050083,1.009466353404164
X_scGPT,43,platin,RERFLCAD1_LUNG,243,0.06948896699086264,1.001763132619269
X_scGPT,43,platin,SKMEL2_SKIN,276,0.01365669063658048,1.0082214416369149
X_scGPT,43,platin,BICR31_UPPER_AERODIGESTIVE_TRACT,248,0.017653199940236376,0.9975545608228252
X_scGPT,43,platin,RCM1_LARGE_INTESTINE,128,0.027586037880786916,1.0059243077412248
X_scGPT,43,platin,COV434_OVARY,88,0.020166588134381578,1.01041959293864
X_scGPT,43,platin,SNU1079_BILIARY_TRACT,73,0.01397040732195354,1.0041757699561447
X_scGPT,43,platin,YD38_UPPER_AERODIGESTIVE_TRACT,624,0.01886878973621321,0.9664316708460833
X_scGPT,43,platin,NCIH1299_LUNG,534,0.018553572136672393,1.0201167028941465
X_scGPT,43,platin,IGR37_SKIN,347,0.019080744908327847,1.132996323816371
X_scGPT,43,platin,BFTC909_KIDNEY,379,0.0547323406397599,0.9426404623054263
X_scGPT,43,platin,NCIH460_LUNG,837,0.01812266511364687,1.0133067222051724
X_scGPT,43,platin,IGR1_SKIN,725,0.03552337624275726,1.1174222437266645
X_scGPT,43,platin,VMCUB1_URINARY_TRACT,478,0.01952596171142132,0.974176764737612
X_scGPT,43,platin,JHOC5_OVARY,145,0.037045669230503155,1.0482401251792908
X_scGPT,43,platin,42MGBA_CENTRAL_NERVOUS_SYSTEM,518,0.019493981008859913,1.0034578061702168
X_scGPT,43,platin,HT1080_SOFT_TISSUE,516,0.053079295755348,1.021026305912077
X_scGPT,43,platin,LI7_LIVER,196,0.019008618903913057,1.0206347728262142
X_scGPT,43,platin,A375_SKIN,593,0.020889773521787898,1.036711685070501
X_scGPT,43,platin,FTC133_THYROID,140,0.012607474583582422,1.0120773030178887
X_scGPT,43,platin,OVK18_OVARY,178,0.04261264838509199,1.0385439593470498
X_scGPT,43,platin,ACCMESO1_PLEURA,162,0.01873975610586624,0.9833636375856988
X_scGPT,43,platin,HMC18_BREAST,293,0.01276121655560262,1.0195076524601048
X_scGPT,43,platin,TOV112D_OVARY,78,0.01221020605879165,1.015898233040785
X_scGPT,43,platin,JHH6_LIVER,206,0.01701291081838498,1.0043011996352558
X_scGPT,43,platin,A2058_SKIN,294,0.048087742470137494,1.0635145310641958
X_scGPT,43,platin,NCIH2110_LUNG,1990,0.014902430264402357,1.0078560785732078
X_scGPT,43,platin,NCIH650_LUNG,271,0.044764300765849474,1.019046914753439
X_scGPT,43,platin,EFE184_ENDOMETRIUM,86,0.012969107690474704,1.0049113451048386
X_scGPT,43,platin,HUPT3_PANCREAS,136,0.08045411867895529,0.9786384657901877
X_scGPT,43,platin,MDAMB361_BREAST,135,0.017463161050971877,1.0610428986725984
X_scGPT,43,platin,BCPAP_THYROID,152,0.030994991291633193,0.9662890347995257
X_scGPT,43,platin,PECAPJ49_UPPER_AERODIGESTIVE_TRACT,202,0.014897393522635359,0.9928767155892778
X_scGPT,43,platin,EKVX_LUNG,146,0.019048842823558943,1.0023725077714005
X_scGPT,43,platin,BICR56_UPPER_AERODIGESTIVE_TRACT,81,0.01972081916779009,1.001355391961557
X_scGPT,43,platin,NCIH2170_LUNG,142,0.024807428796061348,0.9844766842647338
X_scGPT,43,platin,DETROIT562_UPPER_AERODIGESTIVE_TRACT,163,0.02086433415495362,0.9886594626801145
X_scGPT,43,platin,SW1088_CENTRAL_NERVOUS_SYSTEM,128,0.029614119725385163,0.9980809255503118
X_scGPT,43,platin,BHY_UPPER_AERODIGESTIVE_TRACT,145,0.016204364195389332,0.9774691244651531
X_scGPT,43,platin,CAS1_CENTRAL_NERVOUS_SYSTEM,133,0.014473875197049239,0.9971025469607877
X_scGPT,43,platin,HCC1428_BREAST,127,0.0468293968750944,1.0804596327421234
X_scGPT,43,platin,HDQP1_BREAST,64,0.015644265740352256,0.9997753286734223
X_scGPT,43,platin,OSRC2_KIDNEY,126,0.016395664552183335,1.0155463649166956
X_scGPT,43,platin,HUPT4_PANCREAS,56,0.09326971572782539,0.9648928440042904
X_scGPT,43,platin,TCCSUP_URINARY_TRACT,316,0.01725463375538717,1.0039561737941791
X_scGPT,43,platin,VMRCRCZ_KIDNEY,300,0.025188151432415352,0.976218488017718
X_scGPT,43,platin,PK59_PANCREAS,174,0.06558392227001805,0.9750655663424524
X_scGPT,43,platin,HUH6_LIVER,338,0.021348036516137477,0.9901967438367697
X_scGPT,43,platin,MSTO211H_PLEURA,297,0.021148853120922063,0.9704940897045713
X_scGPT,43,platin,HS852T_SKIN,162,0.019302652952279033,1.022234903441535
X_scGPT,43,platin,SKMEL30_SKIN,353,0.021874712473852812,1.0085377900863841
X_scGPT,43,platin,T47D_BREAST,221,0.027419401415873835,1.0281184253649474
X_scGPT,43,platin,CALU6_LUNG,258,0.023595974526366904,0.9916669141876605
X_scGPT,43,platin,NCIH522_LUNG,208,0.017789012434127838,1.0039087565472493
X_scGPT,43,platin,LMSU_STOMACH,255,0.01597447179587324,0.9767787304579043
X_scGPT,43,platin,SNUC4_LARGE_INTESTINE,467,0.048668063938077454,1.012836526624651
X_scGPT,43,platin,RVH421_SKIN,239,0.036039189100706574,1.014201692956262
X_scGPT,43,platin,OVSAHO_OVARY,227,0.02545900835106811,1.0238764761302965
X_scGPT,43,platin,GOS3_CENTRAL_NERVOUS_SYSTEM,191,0.018951606005343218,0.9725617551054629
X_scGPT,43,platin,SNU738_CENTRAL_NERVOUS_SYSTEM,379,0.019308448073127756,0.9789688256925517
X_scGPT,43,platin,PC3_PROSTATE,169,0.01909350630195375,0.9850452316583261
X_scGPT,43,platin,PATU8988S_PANCREAS,244,0.03831875628185009,0.9712593338040055
X_scGPT,43,platin,OVTOKO_OVARY,209,0.026375030037581387,0.9771741768389798
X_scGPT,43,platin,TE1_OESOPHAGUS,206,0.019358189140727105,0.9843105491503928
X_scGPT,43,platin,NCIH2087_LUNG,219,0.09873874725729657,0.9219049386782189
X_scGPT,43,platin,EFM192A_BREAST,333,0.03868196689467414,0.9685395939930065
X_scGPT,43,platin,SNU423_LIVER,212,0.02383221386483188,0.9315539980834385
X_scGPT,43,platin,KPL1_BREAST,276,0.01952001164162357,0.9975039725718291
X_scGPT,43,platin,NCIH358_LUNG,336,0.01693934476575348,0.9801696485706738
X_scGPT,43,platin,COLO792_SKIN,271,0.03843284204912926,1.0518999471435688
X_scGPT,43,platin,KYSE520_OESOPHAGUS,323,0.01703530433533012,0.9678047709051669
X_scGPT,43,platin,KMRC3_KIDNEY,245,0.015325324597605423,0.9605901504049495
X_scGPT,43,platin,MKN7_STOMACH,258,0.05590440490415184,0.9705851017966751
X_scGPT,43,platin,NCIH1944_LUNG,414,0.013574118458007994,0.985922012064192
X_scGPT,43,platin,TE6_OESOPHAGUS,551,0.01667026045573044,0.9825054592099683
X_scGPT,43,platin,ZR751_BREAST,309,0.019856204107970565,1.0118907730556228
X_scGPT,43,platin,PANC0203_PANCREAS,506,0.015510898585194733,0.9516579432214202
X_scGPT,43,platin,SW1990_PANCREAS,307,0.0691951256230444,0.9563351358963534
X_scGPT,43,platin,RD_SOFT_TISSUE,261,0.015216285425445043,0.960810878952801
X_scGPT,43,platin,NCIH1792_LUNG,111,0.02422600748748587,0.9637025583971728
X_scGPT,43,platin,PK45H_PANCREAS,271,0.0205592563443774,0.9544608641374595
X_scGPT,43,platin,LS180_LARGE_INTESTINE,361,0.01814021712561673,0.9667522286444159
X_scGPT,43,platin,RERFLCAI_LUNG,763,0.07091418174645796,0.9631012578154298
X_scGPT,43,platin,CAMA1_BREAST,291,0.01869343993207082,1.0045676298977173
X_scGPT,43,platin,SNU449_LIVER,282,0.014739759961064972,0.9590798777045934
X_scGPT,43,platin,A204_SOFT_TISSUE,250,0.018219982694528992,1.021552593946457
X_scGPT,43,platin,MKN45_STOMACH,118,0.02045317979916552,0.9574605176004313
X_scGPT,43,platin,HEP3B217_LIVER,118,0.023853125833728298,0.9396519847845627
X_scGPT,43,platin,HOS_BONE,829,0.02653786431293497,0.9297148112221132
X_scGPT,43,platin,EBC1_LUNG,186,0.01959202249094995,0.9587160156619164
X_scGPT,43,platin,NCIH292_LUNG,213,0.016470587341101503,0.9542520964089694
X_scGPT,43,platin,OUMS23_LARGE_INTESTINE,107,0.08195616779228784,0.9887688950957539
X_scGPT,43,platin,HEC151_ENDOMETRIUM,250,0.01804783405900779,0.9890750231742859
X_scGPT,43,platin,NCIH1373_LUNG,164,0.015672212740962397,0.9455369594620495
X_scGPT,43,platin,TE9_OESOPHAGUS,248,0.017265357473086364,0.9842109242754598
X_scGPT,43,platin,HCC56_LARGE_INTESTINE,99,0.018412561586291447,0.9698681361747511
X_scGPT,43,platin,HT55_LARGE_INTESTINE,211,0.0215007111845771,0.9665148975724858
X_scGPT,43,platin,RT4_URINARY_TRACT,106,0.06379738722774492,0.9198439987200611
X_scGPT,43,platin,SKES1_BONE,91,0.013808842968140734,1.0065003640049106
X_scGPT,43,platin,NCIH1435_LUNG,267,0.01519261253375332,0.9725023193305797
X_scGPT,43,platin,8305C_THYROID,459,0.020844095103945873,0.969153427740068
X_scGPT,43,platin,NCIH2228_LUNG,367,0.015041880608819436,0.9628060317169418
X_scGPT,43,platin,TE10_OESOPHAGUS,219,0.01395282119387503,0.9696107838796154
X_scGPT,43,platin,ASPC1_PANCREAS,290,0.01305183058029372,0.9706081688404083
X_scGPT,43,platin,HCC366_LUNG,202,0.049859126164970256,0.9844282588156144
X_scGPT,43,platin,BICR16_UPPER_AERODIGESTIVE_TRACT,212,0.054440128144012605,0.9385346655013427
X_scGPT,43,platin,HEC6_ENDOMETRIUM,161,0.013643578302610333,0.9753042222550197
X_scGPT,43,platin,KALS1_CENTRAL_NERVOUS_SYSTEM,288,0.014729734233545384,0.9518969030015998
X_scGPT,43,platin,NCIH2444_LUNG,237,0.013992478931956046,0.9647358122757216
X_scGPT,43,platin,SNU46_UPPER_AERODIGESTIVE_TRACT,236,0.020943982647904615,0.949582651510077
X_scGPT,43,platin,OAW28_OVARY,161,0.10968563486501516,0.9558001782583154
X_scGPT,43,platin,SNU1214_UPPER_AERODIGESTIVE_TRACT,188,0.016711256453697757,0.9613927571063346
X_scGPT,43,platin,SKMEL5_SKIN,297,0.02928173352749373,1.0886626410163212
X_scGPT,43,platin,OVCAR4_OVARY,283,0.011747722977896042,0.9749647747501468
X_scGPT,43,platin,UACC257_SKIN,239,0.01686270325131987,0.9842417713987278
X_scGPT,43,platin,ONCODG1_OVARY,270,0.01564355416439046,0.9588722613122728
X_scGPT,43,platin,HUH28_BILIARY_TRACT,139,0.017201907191907867,0.9511661070713894
X_scGPT,43,platin,IM95_STOMACH,185,0.014447980960264308,1.0004090415464866
X_scGPT,43,platin,TE14_OESOPHAGUS,474,0.01941020034434485,0.9479536339954988
X_scGPT,43,platin,CAKI2_KIDNEY,278,0.01829718184323847,0.9840553034123757
X_scGPT,43,platin,SU8686_PANCREAS,82,0.011695076638829056,0.9597765076451186
X_scGPT,43,platin,SCC25_UPPER_AERODIGESTIVE_TRACT,898,0.020336193465112666,0.9716483454130805
X_scGPT,43,platin,SCC9_UPPER_AERODIGESTIVE_TRACT,475,0.017914562004303136,0.9640161262060467
X_scGPT,43,etoposide,NCIH2126_LUNG,264,0.015469469060496772,0.8710373901959622
X_scGPT,43,etoposide,SW579_THYROID,217,0.037632735934490937,0.9163894864820665
X_scGPT,43,etoposide,NCIH446_LUNG,196,0.07367856192449487,0.7038861969295813
X_scGPT,43,etoposide,HEC251_ENDOMETRIUM,107,0.038721274381305563,0.9001903138428091
X_scGPT,43,etoposide,MFE319_ENDOMETRIUM,191,0.04905563010749523,0.884358803327171
X_scGPT,43,etoposide,SKNAS_AUTONOMIC_GANGLIA,226,0.039639509730173085,0.7711432897939091
X_scGPT,43,etoposide,NCIH2452_PLEURA,538,0.04950575970846537,0.8964704341604807
X_scGPT,43,etoposide,COLO741_SKIN,329,0.04150545656961681,0.9439397062936452
X_scGPT,43,etoposide,KNS42_CENTRAL_NERVOUS_SYSTEM,172,0.027793058049546997,0.8533932726050533
X_scGPT,43,etoposide,MCF7_BREAST,143,0.02627159919408578,0.9529959930406584
X_scGPT,43,etoposide,HT1197_URINARY_TRACT,74,0.021437773118582987,0.904404566094682
X_scGPT,43,etoposide,SNU899_UPPER_AERODIGESTIVE_TRACT,83,0.0222919641694755,0.9361493544406202
X_scGPT,43,etoposide,HCC38_BREAST,200,0.05716720674440173,0.886284373998642
X_scGPT,43,etoposide,SNU308_BILIARY_TRACT,94,0.021236366090101627,0.9503288769975622
X_scGPT,43,etoposide,SW1271_LUNG,115,0.025448494376237203,0.942299809663192
X_scGPT,43,etoposide,TM31_CENTRAL_NERVOUS_SYSTEM,116,0.02899376619126823,0.8602876390876442
X_scGPT,43,etoposide,NCIH747_LARGE_INTESTINE,80,0.03027082138197607,0.8944003067910671
X_scGPT,43,etoposide,KPNSI9S_AUTONOMIC_GANGLIA,129,0.04211152698672546,0.8046128472616506
X_scGPT,43,etoposide,SQ1_LUNG,238,0.02789746286850552,0.941647464487733
X_scGPT,43,etoposide,IALM_LUNG,322,0.022915970513754897,0.8706242319960031
X_scGPT,43,etoposide,BT474_BREAST,125,0.018212373576971384,0.8891356372833252
X_scGPT,43,etoposide,DKMG_CENTRAL_NERVOUS_SYSTEM,271,0.04281025700249509,0.7648081029473196
X_scGPT,43,etoposide,BT549_BREAST,266,0.03245657431270139,0.8843193011624473
X_scGPT,43,etoposide,BICR6_UPPER_AERODIGESTIVE_TRACT,286,0.02059085811724361,0.8646871639298392
X_scGPT,43,etoposide,SH10TC_STOMACH,351,0.04733330480472814,0.8725063524015269
X_scGPT,43,etoposide,UMUC1_URINARY_TRACT,197,0.017717872438098328,0.9576889512502602
X_scGPT,43,etoposide,LS1034_LARGE_INTESTINE,146,0.024306975567131087,0.9148017564048506
X_scGPT,43,etoposide,CCFSTTG1_CENTRAL_NERVOUS_SYSTEM,246,0.035429959121532066,0.80233688519253
X_scGPT,43,etoposide,NCIH226_LUNG,235,0.02666321826952971,0.905593219970135
X_scGPT,43,etoposide,LNCAPCLONEFGC_PROSTATE,129,0.05093986545970367,0.8873384054317031
X_scGPT,43,etoposide,RCC10RGB_KIDNEY,233,0.05068497149006838,0.8608174779384433
X_scGPT,43,etoposide,RERFLCAD1_LUNG,243,0.04183935425088247,0.8466807020053942
X_scGPT,43,etoposide,SKMEL2_SKIN,276,0.03167505168404876,0.8847784814627274
X_scGPT,43,etoposide,BICR31_UPPER_AERODIGESTIVE_TRACT,248,0.023228455541908655,0.8857524680995172
X_scGPT,43,etoposide,RCM1_LARGE_INTESTINE,128,0.030392643694339083,0.8919313210062683
X_scGPT,43,etoposide,COV434_OVARY,88,0.038661121065974316,0.7976867197589441
X_scGPT,43,etoposide,SNU1079_BILIARY_TRACT,73,0.035410565665924223,0.9420457759948626
X_scGPT,43,etoposide,YD38_UPPER_AERODIGESTIVE_TRACT,624,0.012940291334895083,0.862782800808931
X_scGPT,43,etoposide,NCIH1299_LUNG,534,0.03194501386982291,0.8442971728714218
X_scGPT,43,etoposide,IGR37_SKIN,347,0.03119762773822199,0.9937147489542233
X_scGPT,43,etoposide,BFTC909_KIDNEY,379,0.0424453599339698,0.7826469092381662
X_scGPT,43,etoposide,NCIH460_LUNG,837,0.031007293084325167,0.8201562307926347
X_scGPT,43,etoposide,IGR1_SKIN,725,0.03320916415846345,0.8802695331080207
X_scGPT,43,etoposide,VMCUB1_URINARY_TRACT,478,0.013490679820511732,0.8509796689494384
X_scGPT,43,etoposide,JHOC5_OVARY,145,0.026565095103684756,0.8846472251004186
X_scGPT,43,etoposide,42MGBA_CENTRAL_NERVOUS_SYSTEM,518,0.025836468383636298,0.8289960231560077
X_scGPT,43,etoposide,HT1080_SOFT_TISSUE,516,0.04813962536979559,0.8369148931531019
X_scGPT,43,etoposide,LI7_LIVER,196,0.02424593051287198,0.8716977783003632
X_scGPT,43,etoposide,A375_SKIN,593,0.027385355633987984,0.835408478623498
X_scGPT,43,etoposide,FTC133_THYROID,140,0.02268266346684579,0.9069103688001633
X_scGPT,43,etoposide,OVK18_OVARY,178,0.06957619196405336,0.852999865673901
X_scGPT,43,etoposide,ACCMESO1_PLEURA,162,0.03411571356418054,0.8692954881691638
X_scGPT,43,etoposide,HMC18_BREAST,293,0.02591409496707716,0.8391786024432133
X_scGPT,43,etoposide,TOV112D_OVARY,78,0.029950424768207803,0.7490967290523725
X_scGPT,43,etoposide,JHH6_LIVER,206,0.02401455468430034,0.880427302087395
X_scGPT,43,etoposide,A2058_SKIN,294,0.06448251043188974,0.8312295044765992
X_scGPT,43,etoposide,NCIH2110_LUNG,1990,0.016105323313068205,0.9619041103813516
X_scGPT,43,etoposide,NCIH650_LUNG,271,0.025587515472364052,0.8672264321703752
X_scGPT,43,etoposide,EFE184_ENDOMETRIUM,86,0.02396490062792538,0.9078084084876749
X_scGPT,43,etoposide,HUPT3_PANCREAS,136,0.03748645457004472,0.870202895034762
X_scGPT,43,etoposide,MDAMB361_BREAST,135,0.023741189247567154,0.9424843311309814
X_scGPT,43,etoposide,BCPAP_THYROID,152,0.0271678824396602,0.876706597836394
X_scGPT,43,etoposide,PECAPJ49_UPPER_AERODIGESTIVE_TRACT,202,0.02195030764423279,0.9610886181345081
X_scGPT,43,etoposide,EKVX_LUNG,146,0.03071932462197734,0.8996236989759419
X_scGPT,43,etoposide,BICR56_UPPER_AERODIGESTIVE_TRACT,81,0.016175607259606622,0.8831362216560928
X_scGPT,43,etoposide,NCIH2170_LUNG,142,0.01809634389527127,0.8674537308619056
X_scGPT,43,etoposide,DETROIT562_UPPER_AERODIGESTIVE_TRACT,163,0.024692771385479463,0.918660416193535
X_scGPT,43,etoposide,SW1088_CENTRAL_NERVOUS_SYSTEM,128,0.03731420391143434,0.8726925891824067
X_scGPT,43,etoposide,BHY_UPPER_AERODIGESTIVE_TRACT,145,0.02687735797177211,0.9058215918212101
X_scGPT,43,etoposide,CAS1_CENTRAL_NERVOUS_SYSTEM,133,0.03503157737489222,0.8952401612038002
X_scGPT,43,etoposide,HCC1428_BREAST,127,0.058235885752321255,0.9455699141569963
X_scGPT,43,etoposide,HDQP1_BREAST,64,0.02084829913745403,0.9108931003138423
X_scGPT,43,etoposide,OSRC2_KIDNEY,126,0.02835200589140197,0.9729637110990191
X_scGPT,43,etoposide,HUPT4_PANCREAS,56,0.03412445726782787,0.8956487828067371
X_scGPT,43,etoposide,TCCSUP_URINARY_TRACT,316,0.03333455091212612,0.9073541928318483
X_scGPT,43,etoposide,VMRCRCZ_KIDNEY,300,0.03839204190987717,0.9069809671243032
X_scGPT,43,etoposide,PK59_PANCREAS,174,0.03963893625689087,0.8660100725875504
X_scGPT,43,etoposide,HUH6_LIVER,338,0.03314195269699358,0.9498259441034328
X_scGPT,43,etoposide,MSTO211H_PLEURA,297,0.02647396604710184,0.8929355875008836
X_scGPT,43,etoposide,HS852T_SKIN,162,0.02382832557857774,0.9043246021977177
X_scGPT,43,etoposide,SKMEL30_SKIN,353,0.023418675617896796,0.957619035041366
X_scGPT,43,etoposide,T47D_BREAST,221,0.03628489318933252,0.9322306424783905
X_scGPT,43,etoposide,CALU6_LUNG,258,0.031028861645008867,0.8742373172164888
X_scGPT,43,etoposide,NCIH522_LUNG,208,0.03726531144644691,0.7661690161778376
X_scGPT,43,etoposide,LMSU_STOMACH,255,0.02491159024789848,0.869182022412618
X_scGPT,43,etoposide,SNUC4_LARGE_INTESTINE,467,0.02618868669282598,0.9153800721597365
X_scGPT,43,etoposide,RVH421_SKIN,239,0.03124878382921745,0.9356263466958721
X_scGPT,43,etoposide,OVSAHO_OVARY,227,0.04499362752343117,0.8679994436612738
X_scGPT,43,etoposide,GOS3_CENTRAL_NERVOUS_SYSTEM,191,0.03217618292221435,0.8644972821180733
X_scGPT,43,etoposide,SNU738_CENTRAL_NERVOUS_SYSTEM,379,0.020902902523007003,0.9433044808521119
X_scGPT,43,etoposide,PC3_PROSTATE,169,0.019294824613319668,0.9400987286539473
X_scGPT,43,etoposide,PATU8988S_PANCREAS,244,0.04008603296795385,0.9829654463979064
X_scGPT,43,etoposide,OVTOKO_OVARY,209,0.029462989746292474,0.9209522199972965
X_scGPT,43,etoposide,TE1_OESOPHAGUS,206,0.019982626021148153,0.8940876459033744
X_scGPT,43,etoposide,NCIH2087_LUNG,219,0.027235111702374148,0.8806748817500458
X_scGPT,43,etoposide,EFM192A_BREAST,333,0.025956147707717578,0.9026298940002739
X_scGPT,43,etoposide,SNU423_LIVER,212,0.02498652031272492,0.9369032276126573
X_scGPT,43,etoposide,KPL1_BREAST,276,0.028262147420837654,0.8979218669127726
X_scGPT,43,etoposide,NCIH358_LUNG,336,0.016028434538710844,0.9537225409987427
X_scGPT,43,etoposide,COLO792_SKIN,271,0.05284897806081257,0.9621580573025664
X_scGPT,43,etoposide,KYSE520_OESOPHAGUS,323,0.022678053346268705,0.9067584744916981
X_scGPT,43,etoposide,KMRC3_KIDNEY,245,0.016375846798592334,0.9548357941666428
X_scGPT,43,etoposide,MKN7_STOMACH,258,0.02645400026990633,0.8704780404881913
X_scGPT,43,etoposide,NCIH1944_LUNG,414,0.025298968518017502,0.8843227239046696
X_scGPT,43,etoposide,TE6_OESOPHAGUS,551,0.027606831334256152,0.8926385975360005
X_scGPT,43,etoposide,ZR751_BREAST,309,0.036390341958146936,0.9023415261101955
X_scGPT,43,etoposide,PANC0203_PANCREAS,506,0.015399845624068747,0.9003770314893232
X_scGPT,43,etoposide,SW1990_PANCREAS,307,0.045241932507123696,0.8865221352452952
X_scGPT,43,etoposide,RD_SOFT_TISSUE,261,0.03258605082675107,0.8480783054655082
X_scGPT,43,etoposide,NCIH1792_LUNG,111,0.02508873887978054,0.9030696336213533
X_scGPT,43,etoposide,PK45H_PANCREAS,271,0.022526216738969318,0.9263966987493734
X_scGPT,43,etoposide,LS180_LARGE_INTESTINE,361,0.030442801069083772,0.9076257991988903
X_scGPT,43,etoposide,RERFLCAI_LUNG,763,0.027874096140960983,0.9053932229157045
X_scGPT,43,etoposide,CAMA1_BREAST,291,0.023097256196681907,0.9004830064642471
X_scGPT,43,etoposide,SNU449_LIVER,282,0.026533430999581765,0.9389179420809374
X_scGPT,43,etoposide,A204_SOFT_TISSUE,250,0.02766408484633212,0.8427816247940063
X_scGPT,43,etoposide,MKN45_STOMACH,118,0.030107213020739654,1.0023998001874503
X_scGPT,43,etoposide,HEP3B217_LIVER,118,0.03648097341947204,0.9016618647817838
X_scGPT,43,etoposide,HOS_BONE,829,0.02314862840758696,0.879328199405003
X_scGPT,43,etoposide,EBC1_LUNG,186,0.024157996312773322,0.915323079914175
X_scGPT,43,etoposide,NCIH292_LUNG,213,0.02051727083448285,0.9093969013769302
X_scGPT,43,etoposide,OUMS23_LARGE_INTESTINE,107,0.050566881301550314,0.9095024343962982
X_scGPT,43,etoposide,HEC151_ENDOMETRIUM,250,0.020015909954195922,0.907066427230835
X_scGPT,43,etoposide,NCIH1373_LUNG,164,0.022538081240257548,0.9303283157145105
X_scGPT,43,etoposide,TE9_OESOPHAGUS,248,0.020699170590445154,0.9238247748824858
X_scGPT,43,etoposide,HCC56_LARGE_INTESTINE,99,0.028037792045182166,0.9406116026820559
X_scGPT,43,etoposide,HT55_LARGE_INTESTINE,211,0.028969346438925462,1.0146392880457837
X_scGPT,43,etoposide,RT4_URINARY_TRACT,106,0.02785830959350216,0.9179257632426496
X_scGPT,43,etoposide,SKES1_BONE,91,0.042443242972854685,0.7460609563104399
X_scGPT,43,etoposide,NCIH1435_LUNG,267,0.022876060648190224,0.9114604793237836
X_scGPT,43,etoposide,8305C_THYROID,459,0.02412568724005088,0.9084803346455227
X_scGPT,43,etoposide,NCIH2228_LUNG,367,0.028364406630152668,0.9560865485375843
X_scGPT,43,etoposide,TE10_OESOPHAGUS,219,0.01924307201004298,0.8869977348471341
X_scGPT,43,etoposide,ASPC1_PANCREAS,290,0.017981046151972706,0.9331759748787716
X_scGPT,43,etoposide,HCC366_LUNG,202,0.025017540132988948,0.9023888176030451
X_scGPT,43,etoposide,BICR16_UPPER_AERODIGESTIVE_TRACT,212,0.020005228575707645,0.8835266564252242
X_scGPT,43,etoposide,HEC6_ENDOMETRIUM,161,0.013967714974257793,0.9632113638871945
X_scGPT,43,etoposide,KALS1_CENTRAL_NERVOUS_SYSTEM,288,0.025797976621555432,0.897788185833229
X_scGPT,43,etoposide,NCIH2444_LUNG,237,0.03087143269092721,0.9920830351893912
X_scGPT,43,etoposide,SNU46_UPPER_AERODIGESTIVE_TRACT,236,0.025977537380847487,0.9007795607134447
X_scGPT,43,etoposide,OAW28_OVARY,161,0.052702056421429555,0.9571199272730335
X_scGPT,43,etoposide,SNU1214_UPPER_AERODIGESTIVE_TRACT,188,0.02343907534637289,0.9413280753379173
X_scGPT,43,etoposide,SKMEL5_SKIN,297,0.02540630629991733,0.9458570384015941
X_scGPT,43,etoposide,OVCAR4_OVARY,283,0.012978967119264764,0.9763604455196394
X_scGPT,43,etoposide,UACC257_SKIN,239,0.023740476966697455,0.9639194547880644
X_scGPT,43,etoposide,ONCODG1_OVARY,270,0.031859240669797485,0.925828195280499
X_scGPT,43,etoposide,HUH28_BILIARY_TRACT,139,0.028648756847035283,0.8933834626520281
X_scGPT,43,etoposide,IM95_STOMACH,185,0.018216596261970728,0.908386890308277
X_scGPT,43,etoposide,TE14_OESOPHAGUS,474,0.026555208224313946,0.9564787874996411
X_scGPT,43,etoposide,CAKI2_KIDNEY,278,0.018074209598609624,0.9418038198416182
X_scGPT,43,etoposide,SU8686_PANCREAS,82,0.01380171189608785,0.9899596877214385
X_scGPT,43,etoposide,SCC25_UPPER_AERODIGESTIVE_TRACT,898,0.019202427366060693,0.9134375962754401
X_scGPT,43,etoposide,SCC9_UPPER_AERODIGESTIVE_TRACT,475,0.03667712717937741,0.855137582829124
X_scGPT,43,paclitaxel,NCIH2126_LUNG,264,0.06028981060749286,0.6896927287858544
X_scGPT,43,paclitaxel,SW579_THYROID,217,0.06891451385763561,0.6391839141944586
X_scGPT,43,paclitaxel,NCIH446_LUNG,196,0.10842904571798768,0.3470278485697143
X_scGPT,43,paclitaxel,HEC251_ENDOMETRIUM,107,0.13399138305498615,0.6638984312520964
X_scGPT,43,paclitaxel,MFE319_ENDOMETRIUM,191,0.1360115160270917,0.48607706680347784
X_scGPT,43,paclitaxel,SKNAS_AUTONOMIC_GANGLIA,226,0.0461858748890231,0.29588163584734484
X_scGPT,43,paclitaxel,NCIH2452_PLEURA,538,0.088100701255169,0.6445364333883095
X_scGPT,43,paclitaxel,COLO741_SKIN,329,0.0707480735619197,0.7215341735393443
X_scGPT,43,paclitaxel,KNS42_CENTRAL_NERVOUS_SYSTEM,172,0.0850600374890134,0.5815077217858892
X_scGPT,43,paclitaxel,MCF7_BREAST,143,0.07031978897332025,0.5460440797822459
X_scGPT,43,paclitaxel,HT1197_URINARY_TRACT,74,0.07440626029060025,0.7804166175223686
X_scGPT,43,paclitaxel,SNU899_UPPER_AERODIGESTIVE_TRACT,83,0.12235817096685321,0.5219942101513046
X_scGPT,43,paclitaxel,HCC38_BREAST,200,0.18828495626931127,0.6724286563694477
X_scGPT,43,paclitaxel,SNU308_BILIARY_TRACT,94,0.08094892670574169,0.5406409701768388
X_scGPT,43,paclitaxel,SW1271_LUNG,115,0.07240473345198009,0.6412490686644678
X_scGPT,43,paclitaxel,TM31_CENTRAL_NERVOUS_SYSTEM,116,0.08117493551553512,0.43871942342355336
X_scGPT,43,paclitaxel,NCIH747_LARGE_INTESTINE,80,0.13732032849174855,0.5297311291098594
X_scGPT,43,paclitaxel,KPNSI9S_AUTONOMIC_GANGLIA,129,0.11284418193585893,0.5896544833053914
X_scGPT,43,paclitaxel,SQ1_LUNG,238,0.06579803606560349,0.7342105978677252
X_scGPT,43,paclitaxel,IALM_LUNG,322,0.08563455581600436,0.6319494880504489
X_scGPT,43,paclitaxel,BT474_BREAST,125,0.07464315178488301,0.7506204028129577
X_scGPT,43,paclitaxel,DKMG_CENTRAL_NERVOUS_SYSTEM,271,0.11984519109320285,0.49005121773459376
X_scGPT,43,paclitaxel,BT549_BREAST,266,0.0809342463786488,0.543382456540165
X_scGPT,43,paclitaxel,BICR6_UPPER_AERODIGESTIVE_TRACT,286,0.11488986243876784,0.43931850395002564
X_scGPT,43,paclitaxel,SH10TC_STOMACH,351,0.13894202581023335,0.7848718580696997
X_scGPT,43,paclitaxel,UMUC1_URINARY_TRACT,197,0.07824619261299749,0.5666596452294267
X_scGPT,43,paclitaxel,LS1034_LARGE_INTESTINE,146,0.0936585467374715,0.7640893708353174
X_scGPT,43,paclitaxel,CCFSTTG1_CENTRAL_NERVOUS_SYSTEM,246,0.095460630425062,0.43233769320375554
X_scGPT,43,paclitaxel,NCIH226_LUNG,235,0.06554629316178778,0.6220685802875681
X_scGPT,43,paclitaxel,LNCAPCLONEFGC_PROSTATE,129,0.1430542363306516,0.9007155978402426
X_scGPT,43,paclitaxel,RCC10RGB_KIDNEY,233,0.15972521970703338,0.8023599505168686
X_scGPT,43,paclitaxel,RERFLCAD1_LUNG,243,0.12271536914953403,0.6817162689358118
X_scGPT,43,paclitaxel,SKMEL2_SKIN,276,0.07188570101618963,0.49783408577027527
X_scGPT,43,paclitaxel,BICR31_UPPER_AERODIGESTIVE_TRACT,248,0.09377412979217666,0.5257010948994467
X_scGPT,43,paclitaxel,RCM1_LARGE_INTESTINE,128,0.10218445511583078,0.6449452557135373
X_scGPT,43,paclitaxel,COV434_OVARY,88,0.10438515002187396,0.42032104629007255
X_scGPT,43,paclitaxel,SNU1079_BILIARY_TRACT,73,0.09952304246026036,0.6170316252806415
X_scGPT,43,paclitaxel,YD38_UPPER_AERODIGESTIVE_TRACT,624,0.06545547138264139,0.46881408010346765
X_scGPT,43,paclitaxel,NCIH1299_LUNG,534,0.09302299016854321,0.47845303018887836
X_scGPT,43,paclitaxel,IGR37_SKIN,347,0.07413514434207273,0.6158758672410541
X_scGPT,43,paclitaxel,BFTC909_KIDNEY,379,0.10280539232222098,0.48497480216944755
X_scGPT,43,paclitaxel,NCIH460_LUNG,837,0.07720018797782026,0.5500873202633829
X_scGPT,43,paclitaxel,IGR1_SKIN,725,0.08704301128991718,0.5943266062900938
X_scGPT,43,paclitaxel,VMCUB1_URINARY_TRACT,478,0.05924293273211392,0.4844166683227946
X_scGPT,43,paclitaxel,JHOC5_OVARY,145,0.12447869287003192,0.5953554809093475
X_scGPT,43,paclitaxel,42MGBA_CENTRAL_NERVOUS_SYSTEM,518,0.08155114630720621,0.5705217216235791
X_scGPT,43,paclitaxel,HT1080_SOFT_TISSUE,516,0.14380017604100237,0.621944860952307
X_scGPT,43,paclitaxel,LI7_LIVER,196,0.08151585168349466,0.629347668162414
X_scGPT,43,paclitaxel,A375_SKIN,593,0.07825681131330334,0.6061853310108989
X_scGPT,43,paclitaxel,FTC133_THYROID,140,0.053736258444175684,0.654862430691719
X_scGPT,43,paclitaxel,OVK18_OVARY,178,0.17253280054905537,0.5269444779063879
X_scGPT,43,paclitaxel,ACCMESO1_PLEURA,162,0.10530710283841827,0.5394400339803578
X_scGPT,43,paclitaxel,HMC18_BREAST,293,0.07559627769075135,0.44292369261129727
X_scGPT,43,paclitaxel,TOV112D_OVARY,78,0.05083805895194993,0.31111309429009754
X_scGPT,43,paclitaxel,JHH6_LIVER,206,0.0708768194291365,0.593187975796681
X_scGPT,43,paclitaxel,A2058_SKIN,294,0.11118420545362574,0.6174145113854181
X_scGPT,43,paclitaxel,NCIH2110_LUNG,1990,0.06155315258750553,0.5760763932412594
X_scGPT,43,paclitaxel,NCIH650_LUNG,271,0.11558734301919767,0.6859746347714174
X_scGPT,43,paclitaxel,EFE184_ENDOMETRIUM,86,0.08386648943476428,0.7920446624589521
X_scGPT,43,paclitaxel,HUPT3_PANCREAS,136,0.15679290126410664,0.569749011493781
X_scGPT,43,paclitaxel,MDAMB361_BREAST,135,0.057226878406618914,0.5544616251080124
X_scGPT,43,paclitaxel,BCPAP_THYROID,152,0.09306936933496421,0.6140958358974833
X_scGPT,43,paclitaxel,PECAPJ49_UPPER_AERODIGESTIVE_TRACT,202,0.0935921840736077,0.48907555639743805
X_scGPT,43,paclitaxel,EKVX_LUNG,146,0.09552694345713111,0.5120147193131381
X_scGPT,43,paclitaxel,BICR56_UPPER_AERODIGESTIVE_TRACT,81,0.08778132335460885,0.46058897766066187
X_scGPT,43,paclitaxel,NCIH2170_LUNG,142,0.07539297831204819,0.5719548703079492
X_scGPT,43,paclitaxel,DETROIT562_UPPER_AERODIGESTIVE_TRACT,163,0.09301182748664735,0.35621130448177546
X_scGPT,43,paclitaxel,SW1088_CENTRAL_NERVOUS_SYSTEM,128,0.11113502191831588,0.666989560239017
X_scGPT,43,paclitaxel,BHY_UPPER_AERODIGESTIVE_TRACT,145,0.09678692441713235,0.5498193549698797
X_scGPT,43,paclitaxel,CAS1_CENTRAL_NERVOUS_SYSTEM,133,0.08482424594349539,0.589220271746915
X_scGPT,43,paclitaxel,HCC1428_BREAST,127,0.17086913093156425,0.7493460506904782
X_scGPT,43,paclitaxel,HDQP1_BREAST,64,0.06614578229064319,0.7069086437113583
X_scGPT,43,paclitaxel,OSRC2_KIDNEY,126,0.05967066105586368,0.8134381089891706
X_scGPT,43,paclitaxel,HUPT4_PANCREAS,56,0.14551049961377382,0.6245988942682743
X_scGPT,43,paclitaxel,TCCSUP_URINARY_TRACT,316,0.07781872333359702,0.6046845933681801
X_scGPT,43,paclitaxel,VMRCRCZ_KIDNEY,300,0.11791110685773427,0.597787339091301
X_scGPT,43,paclitaxel,PK59_PANCREAS,174,0.11936723679661113,0.6821298921245268
X_scGPT,43,paclitaxel,HUH6_LIVER,338,0.09667200639209297,0.8508495779256143
X_scGPT,43,paclitaxel,MSTO211H_PLEURA,297,0.07263011365953939,0.5043437371550987
X_scGPT,43,paclitaxel,HS852T_SKIN,162,0.06916616997243863,0.6429309591099068
X_scGPT,43,paclitaxel,SKMEL30_SKIN,353,0.0869457944800806,0.5955514597994073
X_scGPT,43,paclitaxel,T47D_BREAST,221,0.0878974652113557,0.5218722814887897
X_scGPT,43,paclitaxel,CALU6_LUNG,258,0.09285652850962281,0.5669884746388871
X_scGPT,43,paclitaxel,NCIH522_LUNG,208,0.06405348287499439,0.32499724411620545
X_scGPT,43,paclitaxel,LMSU_STOMACH,255,0.04296969741692501,0.3403345856012083
X_scGPT,43,paclitaxel,SNUC4_LARGE_INTESTINE,467,0.13524543832371516,0.5246921872173693
X_scGPT,43,paclitaxel,RVH421_SKIN,239,0.09690701093363784,0.8320061983423752
X_scGPT,43,paclitaxel,OVSAHO_OVARY,227,0.09538718470941962,0.47623663077270406
X_scGPT,43,paclitaxel,GOS3_CENTRAL_NERVOUS_SYSTEM,191,0.08107808821419427,0.4075689033375985
X_scGPT,43,paclitaxel,SNU738_CENTRAL_NERVOUS_SYSTEM,379,0.07438617015051716,0.6107435417521283
X_scGPT,43,paclitaxel,PC3_PROSTATE,169,0.06355484781072143,0.5854775838597992
X_scGPT,43,paclitaxel,PATU8988S_PANCREAS,244,0.195504162449462,0.733435298087167
X_scGPT,43,paclitaxel,OVTOKO_OVARY,209,0.1027794913948158,0.5603953254850287
X_scGPT,43,paclitaxel,TE1_OESOPHAGUS,206,0.07630890443605554,0.6956759558140653
X_scGPT,43,paclitaxel,NCIH2087_LUNG,219,0.1328792698439798,0.5051094863784912
X_scGPT,43,paclitaxel,EFM192A_BREAST,333,0.12414738025213913,0.628767851773683
X_scGPT,43,paclitaxel,SNU423_LIVER,212,0.09656672368168266,0.6966621414670404
X_scGPT,43,paclitaxel,KPL1_BREAST,276,0.07311499512658032,0.7111651896350626
X_scGPT,43,paclitaxel,NCIH358_LUNG,336,0.0725009418924948,0.5615102583985954
X_scGPT,43,paclitaxel,COLO792_SKIN,271,0.10728935593133003,0.6817590769146641
X_scGPT,43,paclitaxel,KYSE520_OESOPHAGUS,323,0.0834685320964782,0.4025058619009083
X_scGPT,43,paclitaxel,KMRC3_KIDNEY,245,0.05827236460242115,0.5925196266904169
X_scGPT,43,paclitaxel,MKN7_STOMACH,258,0.11694601962798631,0.6115342189175214
X_scGPT,43,paclitaxel,NCIH1944_LUNG,414,0.06440606524588863,0.4836265338935714
X_scGPT,43,paclitaxel,TE6_OESOPHAGUS,551,0.068355657906482,0.30971251549824613
X_scGPT,43,paclitaxel,ZR751_BREAST,309,0.059302809800269356,0.4035878897099047
X_scGPT,43,paclitaxel,PANC0203_PANCREAS,506,0.07665809990027998,0.534458764751438
X_scGPT,43,paclitaxel,SW1990_PANCREAS,307,0.12332654751990954,0.6399295362082678
X_scGPT,43,paclitaxel,RD_SOFT_TISSUE,261,0.06949150838212975,0.3985471342943637
X_scGPT,43,paclitaxel,NCIH1792_LUNG,111,0.08399239555724451,0.6534315753090489
X_scGPT,43,paclitaxel,PK45H_PANCREAS,271,0.08723739851008139,0.7403602347162817
X_scGPT,43,paclitaxel,LS180_LARGE_INTESTINE,361,0.09066589205797504,0.5661633465428761
X_scGPT,43,paclitaxel,RERFLCAI_LUNG,763,0.11929438192048514,0.5610142804457663
X_scGPT,43,paclitaxel,CAMA1_BREAST,291,0.08261605734949344,0.7014117090357948
X_scGPT,43,paclitaxel,SNU449_LIVER,282,0.06436436406323866,0.5929738124634357
X_scGPT,43,paclitaxel,A204_SOFT_TISSUE,250,0.08435014650661446,0.5951497300863265
X_scGPT,43,paclitaxel,MKN45_STOMACH,118,0.09870705362033054,0.556561837256965
X_scGPT,43,paclitaxel,HEP3B217_LIVER,118,0.10921042521336802,0.6136268490957002
X_scGPT,43,paclitaxel,HOS_BONE,829,0.08165079561682967,0.48797064552261116
X_scGPT,43,paclitaxel,EBC1_LUNG,186,0.0968801140378145,0.571676062480096
X_scGPT,43,paclitaxel,NCIH292_LUNG,213,0.08619435005711691,0.5321561480072182
X_scGPT,43,paclitaxel,OUMS23_LARGE_INTESTINE,107,0.20314695204655744,0.736211572016511
X_scGPT,43,paclitaxel,HEC151_ENDOMETRIUM,250,0.08223903689254371,0.7110989830493927
X_scGPT,43,paclitaxel,NCIH1373_LUNG,164,0.08852231584160267,0.574155656484569
X_scGPT,43,paclitaxel,TE9_OESOPHAGUS,248,0.08089521170746061,0.385534179787482
X_scGPT,43,paclitaxel,HCC56_LARGE_INTESTINE,99,0.08583253779033578,0.6342364516523149
X_scGPT,43,paclitaxel,HT55_LARGE_INTESTINE,211,0.09178076808137979,0.5412303659870726
X_scGPT,43,paclitaxel,RT4_URINARY_TRACT,106,0.11848175280511805,0.5617348076599948
X_scGPT,43,paclitaxel,SKES1_BONE,91,0.04597214476995715,0.2862289099247901
X_scGPT,43,paclitaxel,NCIH1435_LUNG,267,0.07853077394689886,0.5935594574565745
X_scGPT,43,paclitaxel,8305C_THYROID,459,0.07318969099497764,0.7050718721611048
X_scGPT,43,paclitaxel,NCIH2228_LUNG,367,0.0749054849274739,0.6740991789086314
X_scGPT,43,paclitaxel,TE10_OESOPHAGUS,219,0.08184468390676874,0.5866080581053207
X_scGPT,43,paclitaxel,ASPC1_PANCREAS,290,0.059669499507210615,0.8052470932746756
X_scGPT,43,paclitaxel,HCC366_LUNG,202,0.08645540169875927,0.6265099876292861
X_scGPT,43,paclitaxel,BICR16_UPPER_AERODIGESTIVE_TRACT,212,0.10340463241201203,0.43697405255065774
X_scGPT,43,paclitaxel,HEC6_ENDOMETRIUM,161,0.06639487317162547,0.5464230670321802
X_scGPT,43,paclitaxel,KALS1_CENTRAL_NERVOUS_SYSTEM,288,0.06663122078468313,0.46036196034401655
X_scGPT,43,paclitaxel,NCIH2444_LUNG,237,0.06803094219424367,0.7444000252942998
X_scGPT,43,paclitaxel,SNU46_UPPER_AERODIGESTIVE_TRACT,236,0.09160655511548496,0.6405449111835432
X_scGPT,43,paclitaxel,OAW28_OVARY,161,0.20520521432283068,0.7509472077677709
X_scGPT,43,paclitaxel,SNU1214_UPPER_AERODIGESTIVE_TRACT,188,0.08430829230940991,0.40398999097499444
X_scGPT,43,paclitaxel,SKMEL5_SKIN,297,0.05776222406617743,0.7504148559538202
X_scGPT,43,paclitaxel,OVCAR4_OVARY,283,0.06158488709965758,0.6352476560816748
X_scGPT,43,paclitaxel,UACC257_SKIN,239,0.06626560287043365,0.4286523890295787
X_scGPT,43,paclitaxel,ONCODG1_OVARY,270,0.09664072928890108,0.4891835754668271
X_scGPT,43,paclitaxel,HUH28_BILIARY_TRACT,139,0.0772646941977093,0.5279609175037137
X_scGPT,43,paclitaxel,IM95_STOMACH,185,0.0796895654617126,0.7340623546291042
X_scGPT,43,paclitaxel,TE14_OESOPHAGUS,474,0.09166356423058393,0.3603813121967678
X_scGPT,43,paclitaxel,CAKI2_KIDNEY,278,0.06730422363804439,0.8090039967632979
X_scGPT,43,paclitaxel,SU8686_PANCREAS,82,0.047095918331340046,0.6435645498880526
X_scGPT,43,paclitaxel,SCC25_UPPER_AERODIGESTIVE_TRACT,898,0.06121174703560837,0.23035872234799018
X_scGPT,43,paclitaxel,SCC9_UPPER_AERODIGESTIVE_TRACT,475,0.06404660337570135,0.37547086389441237
X_scGPT,43,gemcitabine,NCIH2126_LUNG,264,0.0418649219586604,0.7530274402463075
X_scGPT,43,gemcitabine,SW579_THYROID,217,0.0378713727320909,0.7812398435882709
X_scGPT,43,gemcitabine,NCIH446_LUNG,196,0.1273835940967299,0.5716168351319372
X_scGPT,43,gemcitabine,HEC251_ENDOMETRIUM,107,0.07412192589499149,0.7593376313414529
X_scGPT,43,gemcitabine,MFE319_ENDOMETRIUM,191,0.0830166355714426,0.7964108330417053
X_scGPT,43,gemcitabine,SKNAS_AUTONOMIC_GANGLIA,226,0.04690832704781349,0.7747851900294819
X_scGPT,43,gemcitabine,NCIH2452_PLEURA,538,0.07110549884835345,0.7353879957837243
X_scGPT,43,gemcitabine,COLO741_SKIN,329,0.04959639330995279,0.8934755316258927
X_scGPT,43,gemcitabine,KNS42_CENTRAL_NERVOUS_SYSTEM,172,0.054231614147502084,0.7515361315982286
X_scGPT,43,gemcitabine,MCF7_BREAST,143,0.046780054087583414,0.8472009597124753
X_scGPT,43,gemcitabine,HT1197_URINARY_TRACT,74,0.0523843693290899,0.7943182007686512
X_scGPT,43,gemcitabine,SNU899_UPPER_AERODIGESTIVE_TRACT,83,0.0924056433221224,0.609563054449587
X_scGPT,43,gemcitabine,HCC38_BREAST,200,0.1519598419755158,0.8299991264939308
X_scGPT,43,gemcitabine,SNU308_BILIARY_TRACT,94,0.04767830886395106,0.7690538935204769
X_scGPT,43,gemcitabine,SW1271_LUNG,115,0.04191124703450887,0.8244342218274655
X_scGPT,43,gemcitabine,TM31_CENTRAL_NERVOUS_SYSTEM,116,0.06700474395113275,0.7040081440374769
X_scGPT,43,gemcitabine,NCIH747_LARGE_INTESTINE,80,0.11121097594778762,0.6518395598977804
X_scGPT,43,gemcitabine,KPNSI9S_AUTONOMIC_GANGLIA,129,0.09326468213847916,0.6697108022464339
X_scGPT,43,gemcitabine,SQ1_LUNG,238,0.04968413018510872,0.8260583809944761
X_scGPT,43,gemcitabine,IALM_LUNG,322,0.06512666493842616,0.7075205195394362
X_scGPT,43,gemcitabine,BT474_BREAST,125,0.05108629967438189,0.8105540957450866
X_scGPT,43,gemcitabine,DKMG_CENTRAL_NERVOUS_SYSTEM,271,0.126697817088452,0.6119076967019437
X_scGPT,43,gemcitabine,BT549_BREAST,266,0.05350174495958064,0.7626071626082399
X_scGPT,43,gemcitabine,BICR6_UPPER_AERODIGESTIVE_TRACT,286,0.0696243881948387,0.6738635083803763
X_scGPT,43,gemcitabine,SH10TC_STOMACH,351,0.1192986009247212,0.8724597119368039
X_scGPT,43,gemcitabine,UMUC1_URINARY_TRACT,197,0.047374291465273735,0.7684271716829484
X_scGPT,43,gemcitabine,LS1034_LARGE_INTESTINE,146,0.060938516114475365,0.7837130860106586
X_scGPT,43,gemcitabine,CCFSTTG1_CENTRAL_NERVOUS_SYSTEM,246,0.09339332136302214,0.650850751293384
X_scGPT,43,gemcitabine,NCIH226_LUNG,235,0.038315769103041464,0.8100230764835439
X_scGPT,43,gemcitabine,LNCAPCLONEFGC_PROSTATE,129,0.07147674580440312,1.1186365494432375
X_scGPT,43,gemcitabine,RCC10RGB_KIDNEY,233,0.12840197024681982,0.8814547412385245
X_scGPT,43,gemcitabine,RERFLCAD1_LUNG,243,0.10235547742970956,0.7662297948397727
X_scGPT,43,gemcitabine,SKMEL2_SKIN,276,0.04779781879315447,0.7469472455373709
X_scGPT,43,gemcitabine,BICR31_UPPER_AERODIGESTIVE_TRACT,248,0.05628225995090681,0.682403419286974
X_scGPT,43,gemcitabine,RCM1_LARGE_INTESTINE,128,0.08202791038046098,0.739701637532562
X_scGPT,43,gemcitabine,COV434_OVARY,88,0.07940070216933594,0.6057974394749511
X_scGPT,43,gemcitabine,SNU1079_BILIARY_TRACT,73,0.0589702080191615,0.813508149695723
X_scGPT,43,gemcitabine,YD38_UPPER_AERODIGESTIVE_TRACT,624,0.042762104506842584,0.6206830885165777
X_scGPT,43,gemcitabine,NCIH1299_LUNG,534,0.06693995951314079,0.80972867221868
X_scGPT,43,gemcitabine,IGR37_SKIN,347,0.03728892684381021,0.9550149591924134
X_scGPT,43,gemcitabine,BFTC909_KIDNEY,379,0.11164260430300627,0.6345131251774236
X_scGPT,43,gemcitabine,NCIH460_LUNG,837,0.06859227271873201,0.7524963155869515
X_scGPT,43,gemcitabine,IGR1_SKIN,725,0.08875471445048921,0.6161400624390306
X_scGPT,43,gemcitabine,VMCUB1_URINARY_TRACT,478,0.04281692310312369,0.6356792157539264
X_scGPT,43,gemcitabine,JHOC5_OVARY,145,0.08039703190177097,0.755702478721224
X_scGPT,43,gemcitabine,42MGBA_CENTRAL_NERVOUS_SYSTEM,518,0.06303373811342877,0.7141930669776261
X_scGPT,43,gemcitabine,HT1080_SOFT_TISSUE,516,0.12265590450477228,0.7055754003136657
X_scGPT,43,gemcitabine,LI7_LIVER,196,0.055633928267484395,0.7267037392879019
X_scGPT,43,gemcitabine,A375_SKIN,593,0.05884392883955728,0.8031673711829804
X_scGPT,43,gemcitabine,FTC133_THYROID,140,0.035326309068849295,0.8174491541726249
X_scGPT,43,gemcitabine,OVK18_OVARY,178,0.16296490076631473,0.6592608797416258
X_scGPT,43,gemcitabine,ACCMESO1_PLEURA,162,0.06462091975534565,0.811345926773401
X_scGPT,43,gemcitabine,HMC18_BREAST,293,0.057269098888623526,0.8481586451416536
X_scGPT,43,gemcitabine,TOV112D_OVARY,78,0.04723835051308155,0.7726031633523794
X_scGPT,43,gemcitabine,JHH6_LIVER,206,0.048362962329327595,0.7697607116791808
X_scGPT,43,gemcitabine,A2058_SKIN,294,0.12923364680293128,0.6562229730442267
X_scGPT,43,gemcitabine,NCIH2110_LUNG,1990,0.03777167905073362,0.8099664576688603
X_scGPT,43,gemcitabine,NCIH650_LUNG,271,0.07438825644125319,0.8354372925424048
X_scGPT,43,gemcitabine,EFE184_ENDOMETRIUM,86,0.061075761187515405,0.8027883123519809
X_scGPT,43,gemcitabine,HUPT3_PANCREAS,136,0.10774923962153955,0.7347460196298712
X_scGPT,43,gemcitabine,MDAMB361_BREAST,135,0.037582462266539496,0.902313686300207
X_scGPT,43,gemcitabine,BCPAP_THYROID,152,0.08513501960497638,0.7040160466965876
X_scGPT,43,gemcitabine,PECAPJ49_UPPER_AERODIGESTIVE_TRACT,202,0.05306530255067907,0.7303233453542879
X_scGPT,43,gemcitabine,EKVX_LUNG,146,0.06388440941520884,0.7832240621521048
X_scGPT,43,gemcitabine,BICR56_UPPER_AERODIGESTIVE_TRACT,81,0.04817497530998496,0.6177253995412662
X_scGPT,43,gemcitabine,NCIH2170_LUNG,142,0.06229942201542878,0.6474689446704488
X_scGPT,43,gemcitabine,DETROIT562_UPPER_AERODIGESTIVE_TRACT,163,0.08094423457188654,0.5299047897198449
X_scGPT,43,gemcitabine,SW1088_CENTRAL_NERVOUS_SYSTEM,128,0.08316930898895997,0.7883880389854312
X_scGPT,43,gemcitabine,BHY_UPPER_AERODIGESTIVE_TRACT,145,0.053922777144739586,0.7032441163885182
X_scGPT,43,gemcitabine,CAS1_CENTRAL_NERVOUS_SYSTEM,133,0.056684581719534576,0.7967463012476613
X_scGPT,43,gemcitabine,HCC1428_BREAST,127,0.164844121953279,0.9439260638135625
X_scGPT,43,gemcitabine,HDQP1_BREAST,64,0.04444106233240002,0.7746005840599537
X_scGPT,43,gemcitabine,OSRC2_KIDNEY,126,0.03386266367666273,0.859178543563873
X_scGPT,43,gemcitabine,HUPT4_PANCREAS,56,0.14079753301795644,0.7136274299451283
X_scGPT,43,gemcitabine,TCCSUP_URINARY_TRACT,316,0.04118749286271255,0.781909585376329
X_scGPT,43,gemcitabine,VMRCRCZ_KIDNEY,300,0.06642952713521162,0.8015286509195964
X_scGPT,43,gemcitabine,PK59_PANCREAS,174,0.12891878507658572,0.7599557525125044
X_scGPT,43,gemcitabine,HUH6_LIVER,338,0.07739560375145049,0.8577667114120968
X_scGPT,43,gemcitabine,MSTO211H_PLEURA,297,0.05000267489118739,0.7323864002019067
X_scGPT,43,gemcitabine,HS852T_SKIN,162,0.04318640273545745,0.8494823858325864
X_scGPT,43,gemcitabine,SKMEL30_SKIN,353,0.04793807593561381,0.8199657618830629
X_scGPT,43,gemcitabine,T47D_BREAST,221,0.06611276748985676,0.8391397679013903
X_scGPT,43,gemcitabine,CALU6_LUNG,258,0.060667219921307546,0.7468322095020797
X_scGPT,43,gemcitabine,NCIH522_LUNG,208,0.059169834844484695,0.7264299111870619
X_scGPT,43,gemcitabine,LMSU_STOMACH,255,0.03959106360859825,0.6437921850120321
X_scGPT,43,gemcitabine,SNUC4_LARGE_INTESTINE,467,0.11939757066518704,0.5359618635708566
X_scGPT,43,gemcitabine,RVH421_SKIN,239,0.07943467164668261,0.8726159007479456
X_scGPT,43,gemcitabine,OVSAHO_OVARY,227,0.060916524909662026,0.7875009250010688
X_scGPT,43,gemcitabine,GOS3_CENTRAL_NERVOUS_SYSTEM,191,0.06239071541438869,0.6963900262148592
X_scGPT,43,gemcitabine,SNU738_CENTRAL_NERVOUS_SYSTEM,379,0.04427029239033037,0.8067596714383379
X_scGPT,43,gemcitabine,PC3_PROSTATE,169,0.03952506494962843,0.8050174279325812
X_scGPT,43,gemcitabine,PATU8988S_PANCREAS,244,0.08999892408812009,0.6860962624921173
X_scGPT,43,gemcitabine,OVTOKO_OVARY,209,0.050130010888421804,0.7259513992441898
X_scGPT,43,gemcitabine,TE1_OESOPHAGUS,206,0.05089036445488479,0.7473406904530757
X_scGPT,43,gemcitabine,NCIH2087_LUNG,219,0.12452325708145945,0.6384114519646179
X_scGPT,43,gemcitabine,EFM192A_BREAST,333,0.1249752051764103,0.8313633255414419
X_scGPT,43,gemcitabine,SNU423_LIVER,212,0.0809838938713195,0.7224657428714464
X_scGPT,43,gemcitabine,KPL1_BREAST,276,0.05976541973915321,0.8938390508941982
X_scGPT,43,gemcitabine,NCIH358_LUNG,336,0.04140680609451781,0.7905205234530426
X_scGPT,43,gemcitabine,COLO792_SKIN,271,0.05812704228390191,0.893560925532971
X_scGPT,43,gemcitabine,KYSE520_OESOPHAGUS,323,0.06800525652032302,0.5998151672329327
X_scGPT,43,gemcitabine,KMRC3_KIDNEY,245,0.033254228231812524,0.7893401435443334
X_scGPT,43,gemcitabine,MKN7_STOMACH,258,0.09726675809861254,0.7520380688961162
X_scGPT,43,gemcitabine,NCIH1944_LUNG,414,0.05011205837799895,0.7410902041168028
X_scGPT,43,gemcitabine,TE6_OESOPHAGUS,551,0.05489788310736467,0.5138056555157781
X_scGPT,43,gemcitabine,ZR751_BREAST,309,0.054153676108355975,0.7660993771645629
X_scGPT,43,gemcitabine,PANC0203_PANCREAS,506,0.05077828234413801,0.6950456388147452
X_scGPT,43,gemcitabine,SW1990_PANCREAS,307,0.1189260617231004,0.8014670192030431
X_scGPT,43,gemcitabine,RD_SOFT_TISSUE,261,0.05281308905586251,0.6663215050752136
X_scGPT,43,gemcitabine,NCIH1792_LUNG,111,0.07167132139680524,0.7048554841999535
X_scGPT,43,gemcitabine,PK45H_PANCREAS,271,0.06283519951968063,0.7612611083966779
X_scGPT,43,gemcitabine,LS180_LARGE_INTESTINE,361,0.06321146181158332,0.7388628625473488
X_scGPT,43,gemcitabine,RERFLCAI_LUNG,763,0.08266007085038872,0.7754618708303059
X_scGPT,43,gemcitabine,CAMA1_BREAST,291,0.06097881205618557,0.860243461181208
X_scGPT,43,gemcitabine,SNU449_LIVER,282,0.026980938973081157,0.7567121185732226
X_scGPT,43,gemcitabine,A204_SOFT_TISSUE,250,0.06595797383519643,0.7287558567523956
X_scGPT,43,gemcitabine,MKN45_STOMACH,118,0.06272722018258774,0.7835141081931227
X_scGPT,43,gemcitabine,HEP3B217_LIVER,118,0.05637734259130452,0.7487800813327401
X_scGPT,43,gemcitabine,HOS_BONE,829,0.0657493985236944,0.5803657373631389
X_scGPT,43,gemcitabine,EBC1_LUNG,186,0.04981711158148161,0.725392174336218
X_scGPT,43,gemcitabine,NCIH292_LUNG,213,0.04636816295271999,0.6896434185650427
X_scGPT,43,gemcitabine,OUMS23_LARGE_INTESTINE,107,0.17931991068446915,0.849421484169559
X_scGPT,43,gemcitabine,HEC151_ENDOMETRIUM,250,0.062367872912767346,0.7368469836711884
X_scGPT,43,gemcitabine,NCIH1373_LUNG,164,0.04823265140845968,0.7346955926679983
X_scGPT,43,gemcitabine,TE9_OESOPHAGUS,248,0.07155836892429765,0.5747743085507424
X_scGPT,43,gemcitabine,HCC56_LARGE_INTESTINE,99,0.052992839905099266,0.759661346974999
X_scGPT,43,gemcitabine,HT55_LARGE_INTESTINE,211,0.05871519885722633,0.8064025914499545
X_scGPT,43,gemcitabine,RT4_URINARY_TRACT,106,0.1224045600023924,0.5028575217386462
X_scGPT,43,gemcitabine,SKES1_BONE,91,0.04606615087998733,0.7087906428745815
X_scGPT,43,gemcitabine,NCIH1435_LUNG,267,0.05400895259153868,0.7639298762721516
X_scGPT,43,gemcitabine,8305C_THYROID,459,0.05652275448277647,0.7693599018396116
X_scGPT,43,gemcitabine,NCIH2228_LUNG,367,0.03863184527783684,0.7777917830106024
X_scGPT,43,gemcitabine,TE10_OESOPHAGUS,219,0.048127367087072555,0.6926711669795589
X_scGPT,43,gemcitabine,ASPC1_PANCREAS,290,0.04001550143712166,0.7745201846648907
X_scGPT,43,gemcitabine,HCC366_LUNG,202,0.06428047741126962,0.7847373461959386
X_scGPT,43,gemcitabine,BICR16_UPPER_AERODIGESTIVE_TRACT,212,0.06595033298863909,0.672545757636709
X_scGPT,43,gemcitabine,HEC6_ENDOMETRIUM,161,0.03815985560680048,0.7932223614698611
X_scGPT,43,gemcitabine,KALS1_CENTRAL_NERVOUS_SYSTEM,288,0.04417459897878871,0.7189801778230402
X_scGPT,43,gemcitabine,NCIH2444_LUNG,237,0.03391031158611849,0.8116333258302906
X_scGPT,43,gemcitabine,SNU46_UPPER_AERODIGESTIVE_TRACT,236,0.062342762473180845,0.6937129244966022
X_scGPT,43,gemcitabine,OAW28_OVARY,161,0.2057060067354909,0.8635863996810794
X_scGPT,43,gemcitabine,SNU1214_UPPER_AERODIGESTIVE_TRACT,188,0.049717032791520704,0.686468282278548
X_scGPT,43,gemcitabine,SKMEL5_SKIN,297,0.04562810561126141,0.7774426658145507
X_scGPT,43,gemcitabine,OVCAR4_OVARY,283,0.031200991127822434,0.8214698377009415
X_scGPT,43,gemcitabine,UACC257_SKIN,239,0.048210949547399726,0.720426374898296
X_scGPT,43,gemcitabine,ONCODG1_OVARY,270,0.06139969858953155,0.6989305296429882
X_scGPT,43,gemcitabine,HUH28_BILIARY_TRACT,139,0.04522887302158106,0.7692700422925057
X_scGPT,43,gemcitabine,IM95_STOMACH,185,0.05020019271433471,0.7222674514796282
X_scGPT,43,gemcitabine,TE14_OESOPHAGUS,474,0.05664303173767011,0.6690529676680826
X_scGPT,43,gemcitabine,CAKI2_KIDNEY,278,0.05228756454419996,0.803926367982686
X_scGPT,43,gemcitabine,SU8686_PANCREAS,82,0.025530477162348963,0.813338899030918
X_scGPT,43,gemcitabine,SCC25_UPPER_AERODIGESTIVE_TRACT,898,0.06405453082072309,0.38317429285936205
X_scGPT,43,gemcitabine,SCC9_UPPER_AERODIGESTIVE_TRACT,475,0.059972450960697955,0.6268221959314848
X_scGPT,43,imatinib,NCIH2126_LUNG,264,0.013916086530866614,0.9466770986715952
X_scGPT,43,imatinib,SW579_THYROID,217,0.03187979222372131,0.9574426201082045
X_scGPT,43,imatinib,NCIH446_LUNG,196,0.026727198743618074,0.8492913714476994
X_scGPT,43,imatinib,HEC251_ENDOMETRIUM,107,0.033758549069309064,0.9468482003033718
X_scGPT,43,imatinib,MFE319_ENDOMETRIUM,191,0.04056709801364203,0.9246320443627722
X_scGPT,43,imatinib,SKNAS_AUTONOMIC_GANGLIA,226,0.02411362691494769,0.8368754914376588
X_scGPT,43,imatinib,NCIH2452_PLEURA,538,0.0336758531604495,0.9570341968846587
X_scGPT,43,imatinib,COLO741_SKIN,329,0.03052225886094298,0.9197137330440764
X_scGPT,43,imatinib,KNS42_CENTRAL_NERVOUS_SYSTEM,172,0.013873196882844344,0.9253686669954034
X_scGPT,43,imatinib,MCF7_BREAST,143,0.016692243784051517,0.9578322572307987
X_scGPT,43,imatinib,HT1197_URINARY_TRACT,74,0.01793541045764035,0.978004272725131
X_scGPT,43,imatinib,SNU899_UPPER_AERODIGESTIVE_TRACT,83,0.0218643410804938,0.9973724067929279
X_scGPT,43,imatinib,HCC38_BREAST,200,0.07871965919018825,0.9944316732883454
X_scGPT,43,imatinib,SNU308_BILIARY_TRACT,94,0.02216678387952887,0.9677862689850179
X_scGPT,43,imatinib,SW1271_LUNG,115,0.020751634973480787,0.9887702967809594
X_scGPT,43,imatinib,TM31_CENTRAL_NERVOUS_SYSTEM,116,0.021065757901473872,0.9160338373019777
X_scGPT,43,imatinib,NCIH747_LARGE_INTESTINE,80,0.04608542680261647,0.9891796059906482
X_scGPT,43,imatinib,KPNSI9S_AUTONOMIC_GANGLIA,129,0.04582116648179319,0.8786696745443714
X_scGPT,43,imatinib,SQ1_LUNG,238,0.025285320651265153,0.9666575539011916
X_scGPT,43,imatinib,IALM_LUNG,322,0.015314450581895999,0.9502243864240113
X_scGPT,43,imatinib,BT474_BREAST,125,0.0174749563977486,0.9658080163002014
X_scGPT,43,imatinib,DKMG_CENTRAL_NERVOUS_SYSTEM,271,0.05412248747215618,0.8491986266361391
X_scGPT,43,imatinib,BT549_BREAST,266,0.023048881298454456,0.9515630495279355
X_scGPT,43,imatinib,BICR6_UPPER_AERODIGESTIVE_TRACT,286,0.025001351202929966,0.9506806176859182
X_scGPT,43,imatinib,SH10TC_STOMACH,351,0.055785867387976765,0.9578148653024962
X_scGPT,43,imatinib,UMUC1_URINARY_TRACT,197,0.019559910117855694,0.9806003252866909
X_scGPT,43,imatinib,LS1034_LARGE_INTESTINE,146,0.023494468810110053,0.9905632440357992
X_scGPT,43,imatinib,CCFSTTG1_CENTRAL_NERVOUS_SYSTEM,246,0.03589852726729318,0.8786721740796314
X_scGPT,43,imatinib,NCIH226_LUNG,235,0.020901839021896327,0.9684259188936112
X_scGPT,43,imatinib,LNCAPCLONEFGC_PROSTATE,129,0.03659847279278589,0.9319367251654928
X_scGPT,43,imatinib,RCC10RGB_KIDNEY,233,0.07339107064662649,1.0067757393669161
X_scGPT,43,imatinib,RERFLCAD1_LUNG,243,0.053940244590948615,0.9373107765927727
X_scGPT,43,imatinib,SKMEL2_SKIN,276,0.01966779132822995,0.9378904797460722
X_scGPT,43,imatinib,BICR31_UPPER_AERODIGESTIVE_TRACT,248,0.023811705628422004,0.9282500556399745
X_scGPT,43,imatinib,RCM1_LARGE_INTESTINE,128,0.030286237803237692,0.9108924539759755
X_scGPT,43,imatinib,COV434_OVARY,88,0.013093244673274182,0.9305001592094247
X_scGPT,43,imatinib,SNU1079_BILIARY_TRACT,73,0.029174116224284362,0.9761635081408775
X_scGPT,43,imatinib,YD38_UPPER_AERODIGESTIVE_TRACT,624,0.011851917968241431,0.9217720391849676
X_scGPT,43,imatinib,NCIH1299_LUNG,534,0.021155579477566903,0.93005446280433
X_scGPT,43,imatinib,IGR37_SKIN,347,0.023017788572560025,0.9222949002936526
X_scGPT,43,imatinib,BFTC909_KIDNEY,379,0.05299278247303655,0.8686203988057642
X_scGPT,43,imatinib,NCIH460_LUNG,837,0.020011036982682005,0.886150234560243
X_scGPT,43,imatinib,IGR1_SKIN,725,0.03886356056622351,0.9158714107809396
X_scGPT,43,imatinib,VMCUB1_URINARY_TRACT,478,0.011219703316449033,0.9194714272371396
X_scGPT,43,imatinib,JHOC5_OVARY,145,0.04787327750750668,0.9824242221898046
X_scGPT,43,imatinib,42MGBA_CENTRAL_NERVOUS_SYSTEM,518,0.011478245710053113,0.9142315887116097
X_scGPT,43,imatinib,HT1080_SOFT_TISSUE,516,0.06460699195698397,0.9251476128896078
X_scGPT,43,imatinib,LI7_LIVER,196,0.01789110445381708,0.9423523201626174
X_scGPT,43,imatinib,A375_SKIN,593,0.024679953831848053,0.8782919919711945
X_scGPT,43,imatinib,FTC133_THYROID,140,0.02151375636319204,0.9355390331574849
X_scGPT,43,imatinib,OVK18_OVARY,178,0.06762060191625636,0.9137059607532587
X_scGPT,43,imatinib,ACCMESO1_PLEURA,162,0.026781587781648585,0.9399322263988448
X_scGPT,43,imatinib,HMC18_BREAST,293,0.02320629285652955,0.8885482946353561
X_scGPT,43,imatinib,TOV112D_OVARY,78,0.018794768930482823,0.8413852988145291
X_scGPT,43,imatinib,JHH6_LIVER,206,0.025701163864893836,0.92005477570793
X_scGPT,43,imatinib,A2058_SKIN,294,0.06826892862259329,0.8812912690396212
X_scGPT,43,imatinib,NCIH2110_LUNG,1990,0.015517210264518867,0.9739042001153956
X_scGPT,43,imatinib,NCIH650_LUNG,271,0.04489286086739084,1.012265421807546
X_scGPT,43,imatinib,EFE184_ENDOMETRIUM,86,0.0215904409579424,0.9848981374918029
X_scGPT,43,imatinib,HUPT3_PANCREAS,136,0.04836209409576363,0.9949771051897722
X_scGPT,43,imatinib,MDAMB361_BREAST,135,0.016373201807828263,0.9405524386299982
X_scGPT,43,imatinib,BCPAP_THYROID,152,0.015073444447994171,0.9367736770134223
X_scGPT,43,imatinib,PECAPJ49_UPPER_AERODIGESTIVE_TRACT,202,0.021785870729059718,0.9698393088166076
X_scGPT,43,imatinib,EKVX_LUNG,146,0.024109092601461952,0.9355544002905284
X_scGPT,43,imatinib,BICR56_UPPER_AERODIGESTIVE_TRACT,81,0.01644066737967823,0.9244366111578765
X_scGPT,43,imatinib,NCIH2170_LUNG,142,0.0135143235557544,0.9433044228755253
X_scGPT,43,imatinib,DETROIT562_UPPER_AERODIGESTIVE_TRACT,163,0.020502385262293855,0.9774078064900966
X_scGPT,43,imatinib,SW1088_CENTRAL_NERVOUS_SYSTEM,128,0.01784092738974647,0.9262908343225718
X_scGPT,43,imatinib,BHY_UPPER_AERODIGESTIVE_TRACT,145,0.026499302633326824,0.9477698901603961
X_scGPT,43,imatinib,CAS1_CENTRAL_NERVOUS_SYSTEM,133,0.025019790923867344,0.9606839767972329
X_scGPT,43,imatinib,HCC1428_BREAST,127,0.0692618355956101,1.038995033643377
X_scGPT,43,imatinib,HDQP1_BREAST,64,0.02038180178527321,0.9604668598622084
X_scGPT,43,imatinib,OSRC2_KIDNEY,126,0.0302088529032915,0.9960822642795624
X_scGPT,43,imatinib,HUPT4_PANCREAS,56,0.05294925045240316,0.9919468760490417
X_scGPT,43,imatinib,TCCSUP_URINARY_TRACT,316,0.029755484994706035,0.9419790628967406
X_scGPT,43,imatinib,VMRCRCZ_KIDNEY,300,0.028543441639597454,0.9639470634857813
X_scGPT,43,imatinib,PK59_PANCREAS,174,0.05071365754751084,0.9667285108703306
X_scGPT,43,imatinib,HUH6_LIVER,338,0.02049347165311485,0.9959227381020608
X_scGPT,43,imatinib,MSTO211H_PLEURA,297,0.01760511239697971,0.9656805097053348
X_scGPT,43,imatinib,HS852T_SKIN,162,0.02434158710212585,0.9131997452106004
X_scGPT,43,imatinib,SKMEL30_SKIN,353,0.014371997568208764,0.9830464170269521
X_scGPT,43,imatinib,T47D_BREAST,221,0.02042885206001093,0.9402139491624961
X_scGPT,43,imatinib,CALU6_LUNG,258,0.021866056246093165,0.9275755193806434
X_scGPT,43,imatinib,NCIH522_LUNG,208,0.018864104139494797,0.8738697979312676
X_scGPT,43,imatinib,LMSU_STOMACH,255,0.014133284078056115,0.9183347919408013
X_scGPT,43,imatinib,SNUC4_LARGE_INTESTINE,467,0.047293973262771585,1.001204220462407
X_scGPT,43,imatinib,RVH421_SKIN,239,0.018101861117559355,0.9686002205106504
X_scGPT,43,imatinib,OVSAHO_OVARY,227,0.023821396419651232,0.9120935585005168
X_scGPT,43,imatinib,GOS3_CENTRAL_NERVOUS_SYSTEM,191,0.019730712705934753,0.9127481364454898
X_scGPT,43,imatinib,SNU738_CENTRAL_NERVOUS_SYSTEM,379,0.01703479595829434,0.9933099035851873
X_scGPT,43,imatinib,PC3_PROSTATE,169,0.014336547620883554,0.9820769425679946
X_scGPT,43,imatinib,PATU8988S_PANCREAS,244,0.04338082547867239,1.0303550743665852
X_scGPT,43,imatinib,OVTOKO_OVARY,209,0.02487332161517477,0.9731715846289858
X_scGPT,43,imatinib,TE1_OESOPHAGUS,206,0.016831272081098806,0.9611422480310051
X_scGPT,43,imatinib,NCIH2087_LUNG,219,0.03729064894451482,0.9541417120798538
X_scGPT,43,imatinib,EFM192A_BREAST,333,0.02910372507094656,0.9803828264141942
X_scGPT,43,imatinib,SNU423_LIVER,212,0.014994661148154764,0.9744962116457382
X_scGPT,43,imatinib,KPL1_BREAST,276,0.02246076980362024,0.9226880181526792
X_scGPT,43,imatinib,NCIH358_LUNG,336,0.015360602147875416,0.9789595341398603
X_scGPT,43,imatinib,COLO792_SKIN,271,0.027927169204724434,0.9546972719945591
X_scGPT,43,imatinib,KYSE520_OESOPHAGUS,323,0.014600030060407394,0.9759760380898467
X_scGPT,43,imatinib,KMRC3_KIDNEY,245,0.0140314323477469,0.9967702167374747
X_scGPT,43,imatinib,MKN7_STOMACH,258,0.031898343606171,0.9537393372188243
X_scGPT,43,imatinib,NCIH1944_LUNG,414,0.016858824599042074,0.9402716573021838
X_scGPT,43,imatinib,TE6_OESOPHAGUS,551,0.015330703438383076,0.9825661136969897
X_scGPT,43,imatinib,ZR751_BREAST,309,0.017798220177622896,0.932792064827237
X_scGPT,43,imatinib,PANC0203_PANCREAS,506,0.017197267475679477,0.9383431638889161
X_scGPT,43,imatinib,SW1990_PANCREAS,307,0.05260188541628577,0.9686112906723147
X_scGPT,43,imatinib,RD_SOFT_TISSUE,261,0.02321050554844702,0.9324476342091615
X_scGPT,43,imatinib,NCIH1792_LUNG,111,0.015250926631499172,0.959007885005023
X_scGPT,43,imatinib,PK45H_PANCREAS,271,0.017236721747481573,0.9807781398956186
X_scGPT,43,imatinib,LS180_LARGE_INTESTINE,361,0.024356819100275005,0.9250659896396204
X_scGPT,43,imatinib,RERFLCAI_LUNG,763,0.037478493675953566,0.9710647910638062
X_scGPT,43,imatinib,CAMA1_BREAST,291,0.022350182569082666,0.9311431076928103
X_scGPT,43,imatinib,SNU449_LIVER,282,0.023260118074574187,0.9744132535254701
X_scGPT,43,imatinib,A204_SOFT_TISSUE,250,0.010012928466822727,0.9335709252357483
X_scGPT,43,imatinib,MKN45_STOMACH,118,0.028164712944976158,1.0116712491391069
X_scGPT,43,imatinib,HEP3B217_LIVER,118,0.027387349551193686,0.9986739951675221
X_scGPT,43,imatinib,HOS_BONE,829,0.01110670538946149,0.9445176133200688
X_scGPT,43,imatinib,EBC1_LUNG,186,0.02248662640063533,0.943983506771826
X_scGPT,43,imatinib,NCIH292_LUNG,213,0.02026460726569138,0.9492801987509213
X_scGPT,43,imatinib,OUMS23_LARGE_INTESTINE,107,0.07007101910126964,0.9822678131477856
X_scGPT,43,imatinib,HEC151_ENDOMETRIUM,250,0.015555002189266016,0.9721910378932953
X_scGPT,43,imatinib,NCIH1373_LUNG,164,0.02065627726991144,0.964513641668529
X_scGPT,43,imatinib,TE9_OESOPHAGUS,248,0.01373088234399753,0.9798440971682149
X_scGPT,43,imatinib,HCC56_LARGE_INTESTINE,99,0.03100543434497426,0.9456403231379962
X_scGPT,43,imatinib,HT55_LARGE_INTESTINE,211,0.020877310419706717,1.0220729940310473
X_scGPT,43,imatinib,RT4_URINARY_TRACT,106,0.02622519161339281,0.9435399236544123
X_scGPT,43,imatinib,SKES1_BONE,91,0.024479845098348146,0.8562956917416918
X_scGPT,43,imatinib,NCIH1435_LUNG,267,0.02094179130082557,0.9297654043869132
X_scGPT,43,imatinib,8305C_THYROID,459,0.01310430552975524,0.954566975824194
X_scGPT,43,imatinib,NCIH2228_LUNG,367,0.0268968618265602,0.990516407450798
X_scGPT,43,imatinib,TE10_OESOPHAGUS,219,0.015690570912526923,0.9388202036896797
X_scGPT,43,imatinib,ASPC1_PANCREAS,290,0.0161239632124261,0.9966133477358983
X_scGPT,43,imatinib,HCC366_LUNG,202,0.036207865341135806,0.982448679975944
X_scGPT,43,imatinib,BICR16_UPPER_AERODIGESTIVE_TRACT,212,0.016335800833715632,0.9381476547920479
X_scGPT,43,imatinib,HEC6_ENDOMETRIUM,161,0.014004715782601396,0.9868379442588143
X_scGPT,43,imatinib,KALS1_CENTRAL_NERVOUS_SYSTEM,288,0.017026329032367886,0.9220093577686284
X_scGPT,43,imatinib,NCIH2444_LUNG,237,0.026686797102952083,1.0221837635784712
X_scGPT,43,imatinib,SNU46_UPPER_AERODIGESTIVE_TRACT,236,0.017432637099648898,0.9580676883964215
X_scGPT,43,imatinib,OAW28_OVARY,161,0.07476734520236528,1.0414166165434795
X_scGPT,43,imatinib,SNU1214_UPPER_AERODIGESTIVE_TRACT,188,0.020381729803490702,0.9479559659957886
X_scGPT,43,imatinib,SKMEL5_SKIN,297,0.01187779352440249,0.9631203505326602
X_scGPT,43,imatinib,OVCAR4_OVARY,283,0.015578380500105675,1.0036200162799958
X_scGPT,43,imatinib,UACC257_SKIN,239,0.014122116428002074,0.9779569531584384
X_scGPT,43,imatinib,ONCODG1_OVARY,270,0.01804521161577666,0.9587275138607732
X_scGPT,43,imatinib,HUH28_BILIARY_TRACT,139,0.018992914716968134,0.9223931547549131
X_scGPT,43,imatinib,IM95_STOMACH,185,0.01988444270830602,0.9819340986174506
X_scGPT,43,imatinib,TE14_OESOPHAGUS,474,0.021304818625209266,0.9495277794604563
X_scGPT,43,imatinib,CAKI2_KIDNEY,278,0.014392365851663959,0.9918844163846626
X_scGPT,43,imatinib,SU8686_PANCREAS,82,0.014050471760130417,1.021811677188408
X_scGPT,43,imatinib,SCC25_UPPER_AERODIGESTIVE_TRACT,898,0.019813607127308227,0.9778411353882278
X_scGPT,43,imatinib,SCC9_UPPER_AERODIGESTIVE_TRACT,475,0.019704965816067684,0.9326526144931191
X_scGPT,43,erlotinib,NCIH2126_LUNG,264,0.0344372203663491,0.8510488222042719
X_scGPT,43,erlotinib,SW579_THYROID,217,0.025739149604910975,1.0566143945614863
X_scGPT,43,erlotinib,NCIH446_LUNG,196,0.03761583780351297,1.0248121543198216
X_scGPT,43,erlotinib,HEC251_ENDOMETRIUM,107,0.045698166524211124,0.8922193195218238
X_scGPT,43,erlotinib,MFE319_ENDOMETRIUM,191,0.05686341809449001,0.9763736041428531
X_scGPT,43,erlotinib,SKNAS_AUTONOMIC_GANGLIA,226,0.03872954107908821,1.0492901941843793
X_scGPT,43,erlotinib,NCIH2452_PLEURA,538,0.03441771145749756,1.0021495628534196
X_scGPT,43,erlotinib,COLO741_SKIN,329,0.02293833372843358,1.0388113135262462
X_scGPT,43,erlotinib,KNS42_CENTRAL_NERVOUS_SYSTEM,172,0.022805182753992712,0.9965519367955452
X_scGPT,43,erlotinib,MCF7_BREAST,143,0.04071090165592126,1.0058292775720983
X_scGPT,43,erlotinib,HT1197_URINARY_TRACT,74,0.0319165487240509,0.83612786515339
X_scGPT,43,erlotinib,SNU899_UPPER_AERODIGESTIVE_TRACT,83,0.07845164676636325,0.7838499524507178
X_scGPT,43,erlotinib,HCC38_BREAST,200,0.06107095514010656,0.8088897398114204
X_scGPT,43,erlotinib,SNU308_BILIARY_TRACT,94,0.06190768092726233,0.8662699131255455
X_scGPT,43,erlotinib,SW1271_LUNG,115,0.04095224259986971,0.9739892736725185
X_scGPT,43,erlotinib,TM31_CENTRAL_NERVOUS_SYSTEM,116,0.05289429994086646,0.9517737781179363
X_scGPT,43,erlotinib,NCIH747_LARGE_INTESTINE,80,0.08239645472789495,0.7550654880702495
X_scGPT,43,erlotinib,KPNSI9S_AUTONOMIC_GANGLIA,129,0.051220554382675226,0.9231213488320048
X_scGPT,43,erlotinib,SQ1_LUNG,238,0.026975294075176653,0.920372500389564
X_scGPT,43,erlotinib,IALM_LUNG,322,0.0334704151107277,0.8999926762551255
X_scGPT,43,erlotinib,BT474_BREAST,125,0.019404937350927336,0.8958642640113831
X_scGPT,43,erlotinib,DKMG_CENTRAL_NERVOUS_SYSTEM,271,0.07440598167471332,0.9846191676780307
X_scGPT,43,erlotinib,BT549_BREAST,266,0.04807219820135598,0.9846148952505642
X_scGPT,43,erlotinib,BICR6_UPPER_AERODIGESTIVE_TRACT,286,0.0724256496273082,0.7361086448589405
X_scGPT,43,erlotinib,SH10TC_STOMACH,351,0.054951201635411596,0.9374356667200724
X_scGPT,43,erlotinib,UMUC1_URINARY_TRACT,197,0.06895169521072694,0.8224882241433042
X_scGPT,43,erlotinib,LS1034_LARGE_INTESTINE,146,0.02519870768194366,0.8518710169073653
X_scGPT,43,erlotinib,CCFSTTG1_CENTRAL_NERVOUS_SYSTEM,246,0.05384500250324513,0.9911608918895566
X_scGPT,43,erlotinib,NCIH226_LUNG,235,0.040676286071316035,0.9809893826220898
X_scGPT,43,erlotinib,LNCAPCLONEFGC_PROSTATE,129,0.03224509147164437,1.0451796405999236
X_scGPT,43,erlotinib,RCC10RGB_KIDNEY,233,0.06834884309662385,0.8138368863916192
X_scGPT,43,erlotinib,RERFLCAD1_LUNG,243,0.07144429781062941,0.9241148817195813
X_scGPT,43,erlotinib,SKMEL2_SKIN,276,0.036024700742513495,0.9765925543463748
X_scGPT,43,erlotinib,BICR31_UPPER_AERODIGESTIVE_TRACT,248,0.05620299098946926,0.8181249506531223
X_scGPT,43,erlotinib,RCM1_LARGE_INTESTINE,128,0.06446425832587366,0.8642561621963978
X_scGPT,43,erlotinib,COV434_OVARY,88,0.03557135768304879,1.0239489423957737
X_scGPT,43,erlotinib,SNU1079_BILIARY_TRACT,73,0.050643501023177225,0.950730803078168
X_scGPT,43,erlotinib,YD38_UPPER_AERODIGESTIVE_TRACT,624,0.038519214060815335,0.7930365273585687
X_scGPT,43,erlotinib,NCIH1299_LUNG,534,0.04355320101715875,0.9481938556115725
X_scGPT,43,erlotinib,IGR37_SKIN,347,0.025722463234700437,1.06337263536041
X_scGPT,43,erlotinib,BFTC909_KIDNEY,379,0.06161276624648896,0.966307064631369
X_scGPT,43,erlotinib,NCIH460_LUNG,837,0.05110432516062158,0.9449889734654444
X_scGPT,43,erlotinib,IGR1_SKIN,725,0.04708241790408143,0.9187052328833218
X_scGPT,43,erlotinib,VMCUB1_URINARY_TRACT,478,0.035870775909700205,0.8247687802903323
X_scGPT,43,erlotinib,JHOC5_OVARY,145,0.0644760328905435,0.7694021327742215
X_scGPT,43,erlotinib,42MGBA_CENTRAL_NERVOUS_SYSTEM,518,0.02552713236510555,1.0324582284942097
X_scGPT,43,erlotinib,HT1080_SOFT_TISSUE,516,0.06768465809269637,0.8806900305803432
X_scGPT,43,erlotinib,LI7_LIVER,196,0.037207215401505234,0.9092135119194887
X_scGPT,43,erlotinib,A375_SKIN,593,0.03884036909560197,1.0040149442462052
X_scGPT,43,erlotinib,FTC133_THYROID,140,0.025100914605953605,0.9885767068181719
X_scGPT,43,erlotinib,OVK18_OVARY,178,0.0626350189367695,0.9393882801693477
X_scGPT,43,erlotinib,ACCMESO1_PLEURA,162,0.03937352626945948,0.977646314067605
X_scGPT,43,erlotinib,HMC18_BREAST,293,0.04296742948177719,1.0165568386735362
X_scGPT,43,erlotinib,TOV112D_OVARY,78,0.039573711485799114,1.036934303931701
X_scGPT,43,erlotinib,JHH6_LIVER,206,0.039315566424986126,0.9508603330954765
X_scGPT,43,erlotinib,A2058_SKIN,294,0.04954237536024789,0.9398074225098098
X_scGPT,43,erlotinib,NCIH2110_LUNG,1990,0.049070988688584005,0.9131441120825821
X_scGPT,43,erlotinib,NCIH650_LUNG,271,0.06417349815190447,0.8225126816337839
X_scGPT,43,erlotinib,EFE184_ENDOMETRIUM,86,0.024489116731561577,0.8708333255246629
X_scGPT,43,erlotinib,HUPT3_PANCREAS,136,0.0899179954005788,0.7898715957999229
X_scGPT,43,erlotinib,MDAMB361_BREAST,135,0.0259224370707503,1.0653904018578706
X_scGPT,43,erlotinib,BCPAP_THYROID,152,0.035488406934294746,0.9512552356249407
X_scGPT,43,erlotinib,PECAPJ49_UPPER_AERODIGESTIVE_TRACT,202,0.08616315908950993,0.752346397626518
X_scGPT,43,erlotinib,EKVX_LUNG,146,0.05240562850432398,0.9622772152293219
X_scGPT,43,erlotinib,BICR56_UPPER_AERODIGESTIVE_TRACT,81,0.04718800306504853,0.7588837463178753
X_scGPT,43,erlotinib,NCIH2170_LUNG,142,0.032511257858659146,0.8894588229521899
X_scGPT,43,erlotinib,DETROIT562_UPPER_AERODIGESTIVE_TRACT,163,0.09584020818175597,0.7346293981089914
X_scGPT,43,erlotinib,SW1088_CENTRAL_NERVOUS_SYSTEM,128,0.024078864536076622,1.0298261675052345
X_scGPT,43,erlotinib,BHY_UPPER_AERODIGESTIVE_TRACT,145,0.05071983416970819,0.8295697816487017
X_scGPT,43,erlotinib,CAS1_CENTRAL_NERVOUS_SYSTEM,133,0.03316980447997534,1.01096917274303
X_scGPT,43,erlotinib,HCC1428_BREAST,127,0.050977307540312884,0.8139242830238943
X_scGPT,43,erlotinib,HDQP1_BREAST,64,0.030728117052808673,0.9139361009001732
X_scGPT,43,erlotinib,OSRC2_KIDNEY,126,0.020452738323555198,0.9857764149469043
X_scGPT,43,erlotinib,HUPT4_PANCREAS,56,0.11643212616412832,0.8497610251818385
X_scGPT,43,erlotinib,TCCSUP_URINARY_TRACT,316,0.02676273558617183,1.0082139989620522
X_scGPT,43,erlotinib,VMRCRCZ_KIDNEY,300,0.04682170171413092,0.9378472749392192
X_scGPT,43,erlotinib,PK59_PANCREAS,174,0.06038006059683763,0.8981846625777496
X_scGPT,43,erlotinib,HUH6_LIVER,338,0.024345977424710816,0.9109383146085682
X_scGPT,43,erlotinib,MSTO211H_PLEURA,297,0.031616638051798145,0.9822610303609058
X_scGPT,43,erlotinib,HS852T_SKIN,162,0.029151713052282126,1.0391617450449202
X_scGPT,43,erlotinib,SKMEL30_SKIN,353,0.023167143428253004,1.0142437476274313
X_scGPT,43,erlotinib,T47D_BREAST,221,0.03968979761197994,1.0217636764319233
X_scGPT,43,erlotinib,CALU6_LUNG,258,0.036151431350362466,0.9380556442016779
X_scGPT,43,erlotinib,NCIH522_LUNG,208,0.039808802700907614,0.9675843254304849
X_scGPT,43,erlotinib,LMSU_STOMACH,255,0.04295201538561024,0.9350762341536728
X_scGPT,43,erlotinib,SNUC4_LARGE_INTESTINE,467,0.04466310087533654,0.7057558846933173
X_scGPT,43,erlotinib,RVH421_SKIN,239,0.027933956972875637,0.9964768751894579
X_scGPT,43,erlotinib,OVSAHO_OVARY,227,0.04012085834794468,0.9832975730496881
X_scGPT,43,erlotinib,GOS3_CENTRAL_NERVOUS_SYSTEM,191,0.051335723654161405,0.963228803966682
X_scGPT,43,erlotinib,SNU738_CENTRAL_NERVOUS_SYSTEM,379,0.031009284208728356,0.9703678998280326
X_scGPT,43,erlotinib,PC3_PROSTATE,169,0.027987079064226945,0.9959685749556186
X_scGPT,43,erlotinib,PATU8988S_PANCREAS,244,0.06544375093466798,0.8248289880938218
X_scGPT,43,erlotinib,OVTOKO_OVARY,209,0.036742615258824,0.8875881424931248
X_scGPT,43,erlotinib,TE1_OESOPHAGUS,206,0.032723782428040145,0.8527071574359264
X_scGPT,43,erlotinib,NCIH2087_LUNG,219,0.09704506692513624,0.8460251574646936
X_scGPT,43,erlotinib,EFM192A_BREAST,333,0.047926516170318366,0.8723710857712113
X_scGPT,43,erlotinib,SNU423_LIVER,212,0.03295029060811326,0.9014630646638151
X_scGPT,43,erlotinib,KPL1_BREAST,276,0.043483744058408484,0.9457698485989502
X_scGPT,43,erlotinib,NCIH358_LUNG,336,0.04247425791871337,0.9249247498810291
X_scGPT,43,erlotinib,COLO792_SKIN,271,0.03611819465652823,1.0118518647672505
X_scGPT,43,erlotinib,KYSE520_OESOPHAGUS,323,0.06080921649621577,0.7787104418772293
X_scGPT,43,erlotinib,KMRC3_KIDNEY,245,0.029894719092681977,0.952128194546213
X_scGPT,43,erlotinib,MKN7_STOMACH,258,0.0535988758234991,0.8958339326141417
X_scGPT,43,erlotinib,NCIH1944_LUNG,414,0.038451155261523796,0.9075070200622946
X_scGPT,43,erlotinib,TE6_OESOPHAGUS,551,0.059705075288146225,0.6963189481174448
X_scGPT,43,erlotinib,ZR751_BREAST,309,0.020998898380374928,1.0428584275893795
X_scGPT,43,erlotinib,PANC0203_PANCREAS,506,0.038057710339342764,0.8187789591875944
X_scGPT,43,erlotinib,SW1990_PANCREAS,307,0.06484553591441168,0.930030311746007
X_scGPT,43,erlotinib,RD_SOFT_TISSUE,261,0.03209315437026351,0.9630418792081519
X_scGPT,43,erlotinib,NCIH1792_LUNG,111,0.034905339903832204,0.9250365887676273
X_scGPT,43,erlotinib,PK45H_PANCREAS,271,0.029177729854621078,0.8833915815582135
X_scGPT,43,erlotinib,LS180_LARGE_INTESTINE,361,0.05122057267078562,0.8248587435632532
X_scGPT,43,erlotinib,RERFLCAI_LUNG,763,0.07056883624654411,0.9175918066329756
X_scGPT,43,erlotinib,CAMA1_BREAST,291,0.04849924912487028,0.9534716983021739
X_scGPT,43,erlotinib,SNU449_LIVER,282,0.01702017666765733,0.929008385602464
X_scGPT,43,erlotinib,A204_SOFT_TISSUE,250,0.023552645144510737,1.017795490026474
X_scGPT,43,erlotinib,MKN45_STOMACH,118,0.06527043198327047,0.9161684502989559
X_scGPT,43,erlotinib,HEP3B217_LIVER,118,0.03135704173511733,0.8914058294336674
X_scGPT,43,erlotinib,HOS_BONE,829,0.03598812541201931,0.9086823257807511
X_scGPT,43,erlotinib,EBC1_LUNG,186,0.0380095109726991,0.8714058492132413
X_scGPT,43,erlotinib,NCIH292_LUNG,213,0.041112924099424124,0.841215429731378
X_scGPT,43,erlotinib,OUMS23_LARGE_INTESTINE,107,0.08790919796828285,0.9826793102460487
X_scGPT,43,erlotinib,HEC151_ENDOMETRIUM,250,0.023928323522360687,0.8814503529071808
X_scGPT,43,erlotinib,NCIH1373_LUNG,164,0.03252038761765216,0.8620458408826734
X_scGPT,43,erlotinib,TE9_OESOPHAGUS,248,0.06839453469912203,0.7483533432166423
X_scGPT,43,erlotinib,HCC56_LARGE_INTESTINE,99,0.04828004233133222,0.8266237486492504
X_scGPT,43,erlotinib,HT55_LARGE_INTESTINE,211,0.033658665234551986,0.9867691160378298
X_scGPT,43,erlotinib,RT4_URINARY_TRACT,106,0.06514233563675115,0.8148739051144078
X_scGPT,43,erlotinib,SKES1_BONE,91,0.04283645114542543,0.9824264075729873
X_scGPT,43,erlotinib,NCIH1435_LUNG,267,0.0377965213299737,0.8664183174626211
X_scGPT,43,erlotinib,8305C_THYROID,459,0.02383605257812521,0.9462052868082632
X_scGPT,43,erlotinib,NCIH2228_LUNG,367,0.03584553624813768,0.9324371317751726
X_scGPT,43,erlotinib,TE10_OESOPHAGUS,219,0.028089720897994788,0.8298516357870407
X_scGPT,43,erlotinib,ASPC1_PANCREAS,290,0.020481357591415294,0.8474761132536264
X_scGPT,43,erlotinib,HCC366_LUNG,202,0.055330721515305874,0.8437455632899067
X_scGPT,43,erlotinib,BICR16_UPPER_AERODIGESTIVE_TRACT,212,0.06257443064567553,0.7614442464315666
X_scGPT,43,erlotinib,HEC6_ENDOMETRIUM,161,0.03410374380927898,0.957392430453567
X_scGPT,43,erlotinib,KALS1_CENTRAL_NERVOUS_SYSTEM,288,0.032835370062154375,0.9907233472913504
X_scGPT,43,erlotinib,NCIH2444_LUNG,237,0.018840387557069706,0.9358915382296727
X_scGPT,43,erlotinib,SNU46_UPPER_AERODIGESTIVE_TRACT,236,0.04935685415844755,0.8614730622808812
X_scGPT,43,erlotinib,OAW28_OVARY,161,0.10042237314922389,0.8784868124849308
X_scGPT,43,erlotinib,SNU1214_UPPER_AERODIGESTIVE_TRACT,188,0.07245877618946857,0.7448919634235666
X_scGPT,43,erlotinib,SKMEL5_SKIN,297,0.011963044713243711,0.9716052015622457
X_scGPT,43,erlotinib,OVCAR4_OVARY,283,0.034063477598514025,0.9343489256848716
X_scGPT,43,erlotinib,UACC257_SKIN,239,0.02239994812608162,0.9788476248665334
X_scGPT,43,erlotinib,ONCODG1_OVARY,270,0.04647613436088233,0.9154484929861846
X_scGPT,43,erlotinib,HUH28_BILIARY_TRACT,139,0.0289706365841278,1.0116218821607905
X_scGPT,43,erlotinib,IM95_STOMACH,185,0.026127922900559986,0.8406716034219072
X_scGPT,43,erlotinib,TE14_OESOPHAGUS,474,0.05949753038821106,0.7588250948909969
X_scGPT,43,erlotinib,CAKI2_KIDNEY,278,0.025527626619703675,0.8622652832552683
X_scGPT,43,erlotinib,SU8686_PANCREAS,82,0.03480097445133087,0.9277850069650789
X_scGPT,43,erlotinib,SCC25_UPPER_AERODIGESTIVE_TRACT,898,0.07587224701298764,0.6600211383505229
X_scGPT,43,erlotinib,SCC9_UPPER_AERODIGESTIVE_TRACT,475,0.054723415280302494,0.8755628944698133
X_scGPT,43,sorafenib,NCIH2126_LUNG,264,0.013640499325576042,0.9281982912710218
X_scGPT,43,sorafenib,SW579_THYROID,217,0.02633653220507887,0.9446675280272137
X_scGPT,43,sorafenib,NCIH446_LUNG,196,0.050788091689256305,0.8453653929184894
X_scGPT,43,sorafenib,HEC251_ENDOMETRIUM,107,0.02849351577353483,0.9020838681782517
X_scGPT,43,sorafenib,MFE319_ENDOMETRIUM,191,0.03165313726216229,0.8765798011375348
X_scGPT,43,sorafenib,SKNAS_AUTONOMIC_GANGLIA,226,0.03621484303093178,0.7825106142368992
X_scGPT,43,sorafenib,NCIH2452_PLEURA,538,0.03538536416524147,0.8922523673360676
X_scGPT,43,sorafenib,COLO741_SKIN,329,0.036667099102570606,0.8747443533233596
X_scGPT,43,sorafenib,KNS42_CENTRAL_NERVOUS_SYSTEM,172,0.01227796351554936,0.8680047070564225
X_scGPT,43,sorafenib,MCF7_BREAST,143,0.02526145217969963,0.8173394732541971
X_scGPT,43,sorafenib,HT1197_URINARY_TRACT,74,0.014126587124595327,0.9215117942642521
X_scGPT,43,sorafenib,SNU899_UPPER_AERODIGESTIVE_TRACT,83,0.0253310078163884,0.8984477922140833
X_scGPT,43,sorafenib,HCC38_BREAST,200,0.04595001256372473,0.9323395138978958
X_scGPT,43,sorafenib,SNU308_BILIARY_TRACT,94,0.017171374437009303,0.8558926309676881
X_scGPT,43,sorafenib,SW1271_LUNG,115,0.012390945116906634,0.8241731317146964
X_scGPT,43,sorafenib,TM31_CENTRAL_NERVOUS_SYSTEM,116,0.021596480488400717,0.8462901218184109
X_scGPT,43,sorafenib,NCIH747_LARGE_INTESTINE,80,0.04234104472282071,0.975190831720829
X_scGPT,43,sorafenib,KPNSI9S_AUTONOMIC_GANGLIA,129,0.046563945924113344,0.8417018550310948
X_scGPT,43,sorafenib,SQ1_LUNG,238,0.0220915557249465,0.9107096686082727
X_scGPT,43,sorafenib,IALM_LUNG,322,0.01637841089802643,0.8892619098935809
X_scGPT,43,sorafenib,BT474_BREAST,125,0.014741418042637991,0.8915082249641418
X_scGPT,43,sorafenib,DKMG_CENTRAL_NERVOUS_SYSTEM,271,0.047479878936199545,0.8728671766735091
X_scGPT,43,sorafenib,BT549_BREAST,266,0.017572889313249438,0.7886132523977667
X_scGPT,43,sorafenib,BICR6_UPPER_AERODIGESTIVE_TRACT,286,0.027323565742016366,0.968533992767334
X_scGPT,43,sorafenib,SH10TC_STOMACH,351,0.0651030816516807,0.8279860889130508
X_scGPT,43,sorafenib,UMUC1_URINARY_TRACT,197,0.01707845227527813,0.882364710575433
X_scGPT,43,sorafenib,LS1034_LARGE_INTESTINE,146,0.015744347321910806,0.8968874771301061
X_scGPT,43,sorafenib,CCFSTTG1_CENTRAL_NERVOUS_SYSTEM,246,0.03706088494951054,0.8825684284291616
X_scGPT,43,sorafenib,NCIH226_LUNG,235,0.016110365608005817,0.8196304260416234
X_scGPT,43,sorafenib,LNCAPCLONEFGC_PROSTATE,129,0.05661170174360183,0.7897619290869365
X_scGPT,43,sorafenib,RCC10RGB_KIDNEY,233,0.06950635790111546,0.9018414749608019
X_scGPT,43,sorafenib,RERFLCAD1_LUNG,243,0.07423298684403776,0.8674074921588348
X_scGPT,43,sorafenib,SKMEL2_SKIN,276,0.019547002053160997,0.7776365109543869
X_scGPT,43,sorafenib,BICR31_UPPER_AERODIGESTIVE_TRACT,248,0.02022530234742931,0.9668257604202917
X_scGPT,43,sorafenib,RCM1_LARGE_INTESTINE,128,0.026993195630154353,0.9011371890082955
X_scGPT,43,sorafenib,COV434_OVARY,88,0.020292337905945156,0.823017418384552
X_scGPT,43,sorafenib,SNU1079_BILIARY_TRACT,73,0.018480302616799955,0.8311339567785394
X_scGPT,43,sorafenib,YD38_UPPER_AERODIGESTIVE_TRACT,624,0.013916772015753308,0.9285285062132738
X_scGPT,43,sorafenib,NCIH1299_LUNG,534,0.03004275552679983,0.8174359315120325
X_scGPT,43,sorafenib,IGR37_SKIN,347,0.027139746466217748,0.8637564048299872
X_scGPT,43,sorafenib,BFTC909_KIDNEY,379,0.043099272921061846,0.8911191509707307
X_scGPT,43,sorafenib,NCIH460_LUNG,837,0.033527067880277026,0.8971631563977386
X_scGPT,43,sorafenib,IGR1_SKIN,725,0.03506545183529208,0.8449103722079047
X_scGPT,43,sorafenib,VMCUB1_URINARY_TRACT,478,0.01325095800699751,0.927388653969665
X_scGPT,43,sorafenib,JHOC5_OVARY,145,0.03064152728845674,0.940251468378922
X_scGPT,43,sorafenib,42MGBA_CENTRAL_NERVOUS_SYSTEM,518,0.015031705475062423,0.8529678827086931
X_scGPT,43,sorafenib,HT1080_SOFT_TISSUE,516,0.05267923235177353,0.8590849702672441
X_scGPT,43,sorafenib,LI7_LIVER,196,0.020064379161383573,0.8931208246824692
X_scGPT,43,sorafenib,A375_SKIN,593,0.02926114664259328,0.8849931919152579
X_scGPT,43,sorafenib,FTC133_THYROID,140,0.022735016588711764,0.904723629781178
X_scGPT,43,sorafenib,OVK18_OVARY,178,0.06596379890819441,0.8317831962296133
X_scGPT,43,sorafenib,ACCMESO1_PLEURA,162,0.03242197411474208,0.82356740810253
X_scGPT,43,sorafenib,HMC18_BREAST,293,0.030506287480257074,0.8576278560397568
X_scGPT,43,sorafenib,TOV112D_OVARY,78,0.03760738616932204,0.7762480958914145
X_scGPT,43,sorafenib,JHH6_LIVER,206,0.021513373605775328,0.9232182586656034
X_scGPT,43,sorafenib,A2058_SKIN,294,0.04928291326406361,0.8531583401621604
X_scGPT,43,sorafenib,NCIH2110_LUNG,1990,0.016682858223300834,0.8570952779384114
X_scGPT,43,sorafenib,NCIH650_LUNG,271,0.038039252028020734,0.9286094019773702
X_scGPT,43,sorafenib,EFE184_ENDOMETRIUM,86,0.015284953927083535,0.9116173130135203
X_scGPT,43,sorafenib,HUPT3_PANCREAS,136,0.038641719338578025,1.0048695079544012
X_scGPT,43,sorafenib,MDAMB361_BREAST,135,0.02107741764464165,0.8131539887852139
X_scGPT,43,sorafenib,BCPAP_THYROID,152,0.016006443204328882,0.8704343395013558
X_scGPT,43,sorafenib,PECAPJ49_UPPER_AERODIGESTIVE_TRACT,202,0.021432515528967154,0.8914682496302199
X_scGPT,43,sorafenib,EKVX_LUNG,146,0.027836110155622686,0.8887099390977049
X_scGPT,43,sorafenib,BICR56_UPPER_AERODIGESTIVE_TRACT,81,0.0215714040960882,0.9528040672525947
X_scGPT,43,sorafenib,NCIH2170_LUNG,142,0.014554121047962613,0.8954840722218366
X_scGPT,43,sorafenib,DETROIT562_UPPER_AERODIGESTIVE_TRACT,163,0.02797064745018874,0.9150601757084665
X_scGPT,43,sorafenib,SW1088_CENTRAL_NERVOUS_SYSTEM,128,0.013057568342228687,0.8528199349530041
X_scGPT,43,sorafenib,BHY_UPPER_AERODIGESTIVE_TRACT,145,0.0261910171133945,0.9296989987636435
X_scGPT,43,sorafenib,CAS1_CENTRAL_NERVOUS_SYSTEM,133,0.012705771098000565,0.7934678367206028
X_scGPT,43,sorafenib,HCC1428_BREAST,127,0.056694909200762034,0.9522298076960045
X_scGPT,43,sorafenib,HDQP1_BREAST,64,0.01901117602529183,0.9248898280784488
X_scGPT,43,sorafenib,OSRC2_KIDNEY,126,0.027400717582578227,0.8822052237533388
X_scGPT,43,sorafenib,HUPT4_PANCREAS,56,0.07512925735061299,0.9103096915142876
X_scGPT,43,sorafenib,TCCSUP_URINARY_TRACT,316,0.02402759499539682,0.9139521719911431
X_scGPT,43,sorafenib,VMRCRCZ_KIDNEY,300,0.02656455856059532,0.862772878408432
X_scGPT,43,sorafenib,PK59_PANCREAS,174,0.060600740308597155,0.9310287096719633
X_scGPT,43,sorafenib,HUH6_LIVER,338,0.014475707630244784,0.8532754978131966
X_scGPT,43,sorafenib,MSTO211H_PLEURA,297,0.017508188455333525,0.7678949238876702
X_scGPT,43,sorafenib,HS852T_SKIN,162,0.026812059032939563,0.921806122785733
X_scGPT,43,sorafenib,SKMEL30_SKIN,353,0.021520446082671053,0.7947313932453944
X_scGPT,43,sorafenib,T47D_BREAST,221,0.024884585151225422,0.7933024812607744
X_scGPT,43,sorafenib,CALU6_LUNG,258,0.027011337075315625,0.8961095239302909
X_scGPT,43,sorafenib,NCIH522_LUNG,208,0.037122666319755186,0.7775605945633008
X_scGPT,43,sorafenib,LMSU_STOMACH,255,0.017393494362759106,0.8470583247203453
X_scGPT,43,sorafenib,SNUC4_LARGE_INTESTINE,467,0.027818379702968833,0.9075270258129536
X_scGPT,43,sorafenib,RVH421_SKIN,239,0.015930063299375016,0.8490956854620738
X_scGPT,43,sorafenib,OVSAHO_OVARY,227,0.02854348977558358,0.8746777856927611
X_scGPT,43,sorafenib,GOS3_CENTRAL_NERVOUS_SYSTEM,191,0.023695802257789833,0.8405332300051345
X_scGPT,43,sorafenib,SNU738_CENTRAL_NERVOUS_SYSTEM,379,0.01307047019972454,0.8167663636496955
X_scGPT,43,sorafenib,PC3_PROSTATE,169,0.01548773361351901,0.8001048935235605
X_scGPT,43,sorafenib,PATU8988S_PANCREAS,244,0.03413984056793071,0.9240779669069853
X_scGPT,43,sorafenib,OVTOKO_OVARY,209,0.022017777231711798,0.8960318109065152
X_scGPT,43,sorafenib,TE1_OESOPHAGUS,206,0.015712719597548247,0.9174945542534578
X_scGPT,43,sorafenib,NCIH2087_LUNG,219,0.036125533872487965,0.9711203253976831
X_scGPT,43,sorafenib,EFM192A_BREAST,333,0.03847941933133375,1.0429834272410419
X_scGPT,43,sorafenib,SNU423_LIVER,212,0.01921342828082757,0.8689691758943054
X_scGPT,43,sorafenib,KPL1_BREAST,276,0.0251522294977638,0.9286980149538621
X_scGPT,43,sorafenib,NCIH358_LUNG,336,0.0176920739078439,0.8440388996331465
X_scGPT,43,sorafenib,COLO792_SKIN,271,0.03272083366144581,0.8512128441976006
X_scGPT,43,sorafenib,KYSE520_OESOPHAGUS,323,0.024383565484455506,0.9046103214331824
X_scGPT,43,sorafenib,KMRC3_KIDNEY,245,0.014208396385020059,0.8223525677408491
X_scGPT,43,sorafenib,MKN7_STOMACH,258,0.04146759775080835,0.9428790870100953
X_scGPT,43,sorafenib,NCIH1944_LUNG,414,0.025253982820307982,0.9081185877611095
X_scGPT,43,sorafenib,TE6_OESOPHAGUS,551,0.028937569009183237,0.8839111898209352
X_scGPT,43,sorafenib,ZR751_BREAST,309,0.017884428016355095,0.7562018683041569
X_scGPT,43,sorafenib,PANC0203_PANCREAS,506,0.017871069444009322,0.9488730947726329
X_scGPT,43,sorafenib,SW1990_PANCREAS,307,0.0453795906137412,0.904807653023288
X_scGPT,43,sorafenib,RD_SOFT_TISSUE,261,0.013978056951046378,0.7612650965365414
X_scGPT,43,sorafenib,NCIH1792_LUNG,111,0.021382133787040944,0.8612010908556414
X_scGPT,43,sorafenib,PK45H_PANCREAS,271,0.0152549057944799,0.8848786455238877
X_scGPT,43,sorafenib,LS180_LARGE_INTESTINE,361,0.027041961287178447,0.9051811392947907
X_scGPT,43,sorafenib,RERFLCAI_LUNG,763,0.02575841164220716,0.9085328908610313
X_scGPT,43,sorafenib,CAMA1_BREAST,291,0.024799417907304427,0.9573526435701298
X_scGPT,43,sorafenib,SNU449_LIVER,282,0.019472481694889437,0.926515595287296
X_scGPT,43,sorafenib,A204_SOFT_TISSUE,250,0.016171837628503955,0.8371991250514984
X_scGPT,43,sorafenib,MKN45_STOMACH,118,0.024743360383051177,0.8458069830627765
X_scGPT,43,sorafenib,HEP3B217_LIVER,118,0.021645373094241537,0.8504200395891222
X_scGPT,43,sorafenib,HOS_BONE,829,0.01607848621766882,0.8745631771869913
X_scGPT,43,sorafenib,EBC1_LUNG,186,0.023844131867266048,0.9115235417760829
X_scGPT,43,sorafenib,NCIH292_LUNG,213,0.01781148402724658,0.9323690130677021
X_scGPT,43,sorafenib,OUMS23_LARGE_INTESTINE,107,0.10116582110607467,0.7994011323028636
X_scGPT,43,sorafenib,HEC151_ENDOMETRIUM,250,0.013328577145112349,0.8964903912544251
X_scGPT,43,sorafenib,NCIH1373_LUNG,164,0.01925854226575552,0.9303868438412504
X_scGPT,43,sorafenib,TE9_OESOPHAGUS,248,0.02063749790212002,0.9275913793713816
X_scGPT,43,sorafenib,HCC56_LARGE_INTESTINE,99,0.023353304486496224,0.9114016685822998
X_scGPT,43,sorafenib,HT55_LARGE_INTESTINE,211,0.03117529483134392,0.8032879795508362
X_scGPT,43,sorafenib,RT4_URINARY_TRACT,106,0.05467788787000556,0.910201185154465
X_scGPT,43,sorafenib,SKES1_BONE,91,0.036173298406589366,0.7533478337329823
X_scGPT,43,sorafenib,NCIH1435_LUNG,267,0.019736150278659312,0.942037704285611
X_scGPT,43,sorafenib,8305C_THYROID,459,0.014032713687638523,0.8726249776115085
X_scGPT,43,sorafenib,NCIH2228_LUNG,367,0.01901464631675252,0.9345811738630082
X_scGPT,43,sorafenib,TE10_OESOPHAGUS,219,0.011694508196610474,0.9233011935399548
X_scGPT,43,sorafenib,ASPC1_PANCREAS,290,0.010461063548743153,0.9067845338377459
X_scGPT,43,sorafenib,HCC366_LUNG,202,0.02656108022933158,0.9333905143903034
X_scGPT,43,sorafenib,BICR16_UPPER_AERODIGESTIVE_TRACT,212,0.02814850096405405,0.947125958384208
X_scGPT,43,sorafenib,HEC6_ENDOMETRIUM,161,0.014374977095969044,0.8253052997292939
X_scGPT,43,sorafenib,KALS1_CENTRAL_NERVOUS_SYSTEM,288,0.017819950363478408,0.8605327769700024
X_scGPT,43,sorafenib,NCIH2444_LUNG,237,0.015710170337880386,0.9324457029250101
X_scGPT,43,sorafenib,SNU46_UPPER_AERODIGESTIVE_TRACT,236,0.017856902208416344,0.9040516114841073
X_scGPT,43,sorafenib,OAW28_OVARY,161,0.04960275883898606,0.9034810443842634
X_scGPT,43,sorafenib,SNU1214_UPPER_AERODIGESTIVE_TRACT,188,0.020858776045266404,0.8757546277756386
X_scGPT,43,sorafenib,SKMEL5_SKIN,297,0.010713994641878144,0.8630580434494147
X_scGPT,43,sorafenib,OVCAR4_OVARY,283,0.013548115897199193,0.8625464791122679
X_scGPT,43,sorafenib,UACC257_SKIN,239,0.017860365927982888,0.7543391335958217
X_scGPT,43,sorafenib,ONCODG1_OVARY,270,0.01945744685735544,0.9163329345208627
X_scGPT,43,sorafenib,HUH28_BILIARY_TRACT,139,0.019190485907348676,0.8479566990042762
X_scGPT,43,sorafenib,IM95_STOMACH,185,0.012915167130194728,0.9178643867776201
X_scGPT,43,sorafenib,TE14_OESOPHAGUS,474,0.019968463319897836,0.8568372293866636
X_scGPT,43,sorafenib,CAKI2_KIDNEY,278,0.013581796617755616,0.8999501953450896
X_scGPT,43,sorafenib,SU8686_PANCREAS,82,0.013785872857467083,0.862700936997809
X_scGPT,43,sorafenib,SCC25_UPPER_AERODIGESTIVE_TRACT,898,0.026642830029314685,0.8969926411298442
X_scGPT,43,sorafenib,SCC9_UPPER_AERODIGESTIVE_TRACT,475,0.026560607186128987,0.8507928750389501
X_scGPT,43,dasatinib,NCIH2126_LUNG,264,0.059218148258966055,0.6767981025305662
X_scGPT,43,dasatinib,SW579_THYROID,217,0.039732577967518126,0.6978580627573251
X_scGPT,43,dasatinib,NCIH446_LUNG,196,0.07640416154871414,0.771945980434515
X_scGPT,43,dasatinib,HEC251_ENDOMETRIUM,107,0.05274296827241232,0.6863226149683801
X_scGPT,43,dasatinib,MFE319_ENDOMETRIUM,191,0.062438613130289936,0.6673598557866681
X_scGPT,43,dasatinib,SKNAS_AUTONOMIC_GANGLIA,226,0.0523626549301133,0.6578140145381995
X_scGPT,43,dasatinib,NCIH2452_PLEURA,538,0.05157986174970704,0.6813633742164059
X_scGPT,43,dasatinib,COLO741_SKIN,329,0.09176020675587808,0.8569839123896915
X_scGPT,43,dasatinib,KNS42_CENTRAL_NERVOUS_SYSTEM,172,0.04437581461847792,0.7020837616088779
X_scGPT,43,dasatinib,MCF7_BREAST,143,0.05263337210394226,0.8138907089100017
X_scGPT,43,dasatinib,HT1197_URINARY_TRACT,74,0.05428268916380924,0.5831911966607377
X_scGPT,43,dasatinib,SNU899_UPPER_AERODIGESTIVE_TRACT,83,0.05151162552710329,0.5602866174226784
X_scGPT,43,dasatinib,HCC38_BREAST,200,0.08574985824879539,0.7244709925353527
X_scGPT,43,dasatinib,SNU308_BILIARY_TRACT,94,0.05492806673288395,0.6143836391733047
X_scGPT,43,dasatinib,SW1271_LUNG,115,0.04260963671741467,0.625860479603643
X_scGPT,43,dasatinib,TM31_CENTRAL_NERVOUS_SYSTEM,116,0.035879218927272236,0.5541081675167742
X_scGPT,43,dasatinib,NCIH747_LARGE_INTESTINE,80,0.13091282336057072,0.6568135157227516
X_scGPT,43,dasatinib,KPNSI9S_AUTONOMIC_GANGLIA,129,0.04149805120899343,0.6011546905650649
X_scGPT,43,dasatinib,SQ1_LUNG,238,0.04918281290755003,0.714744086776461
X_scGPT,43,dasatinib,IALM_LUNG,322,0.05579111055901914,0.6907553002701042
X_scGPT,43,dasatinib,BT474_BREAST,125,0.05376518551951898,0.8706927304267883
X_scGPT,43,dasatinib,DKMG_CENTRAL_NERVOUS_SYSTEM,271,0.05225805888802834,0.562621146770421
X_scGPT,43,dasatinib,BT549_BREAST,266,0.05098575197255525,0.6224574503817952
X_scGPT,43,dasatinib,BICR6_UPPER_AERODIGESTIVE_TRACT,286,0.08864533238436587,0.5600749974275803
X_scGPT,43,dasatinib,SH10TC_STOMACH,351,0.060029079697768564,0.723119719755276
X_scGPT,43,dasatinib,UMUC1_URINARY_TRACT,197,0.06416209012577946,0.5289170903905394
X_scGPT,43,dasatinib,LS1034_LARGE_INTESTINE,146,0.07233249315488775,0.7868821335165468
X_scGPT,43,dasatinib,CCFSTTG1_CENTRAL_NERVOUS_SYSTEM,246,0.04419989340916971,0.5645773553751349
X_scGPT,43,dasatinib,NCIH226_LUNG,235,0.04797750610598797,0.597215547840646
X_scGPT,43,dasatinib,LNCAPCLONEFGC_PROSTATE,129,0.06926314061671869,1.072483898595322
X_scGPT,43,dasatinib,RCC10RGB_KIDNEY,233,0.11346068765606537,0.6213802031437214
X_scGPT,43,dasatinib,RERFLCAD1_LUNG,243,0.07835825180520034,0.7262384657261303
X_scGPT,43,dasatinib,SKMEL2_SKIN,276,0.07946634314024123,0.7539265941882479
X_scGPT,43,dasatinib,BICR31_UPPER_AERODIGESTIVE_TRACT,248,0.059880088916098397,0.6434649649646974
X_scGPT,43,dasatinib,RCM1_LARGE_INTESTINE,128,0.0753830933754697,0.741407036781311
X_scGPT,43,dasatinib,COV434_OVARY,88,0.05386766146296374,0.8947033706036481
X_scGPT,43,dasatinib,SNU1079_BILIARY_TRACT,73,0.04488454237629288,0.6539792336829721
X_scGPT,43,dasatinib,YD38_UPPER_AERODIGESTIVE_TRACT,624,0.06342825366456517,0.5637297424941491
X_scGPT,43,dasatinib,NCIH1299_LUNG,534,0.055823792423225785,0.7054953004760243
X_scGPT,43,dasatinib,IGR37_SKIN,347,0.06015610459793182,1.0553501495710367
X_scGPT,43,dasatinib,BFTC909_KIDNEY,379,0.06182893348431326,0.6216368813627943
X_scGPT,43,dasatinib,NCIH460_LUNG,837,0.06289238985500893,0.8532045540558965
X_scGPT,43,dasatinib,IGR1_SKIN,725,0.06626872026339144,0.9240994932733733
X_scGPT,43,dasatinib,VMCUB1_URINARY_TRACT,478,0.05648248273114011,0.5878224227593035
X_scGPT,43,dasatinib,JHOC5_OVARY,145,0.07251697588475722,0.6316700557182575
X_scGPT,43,dasatinib,42MGBA_CENTRAL_NERVOUS_SYSTEM,518,0.047676943596819336,0.7286989024937383
X_scGPT,43,dasatinib,HT1080_SOFT_TISSUE,516,0.06968605484123667,0.7074887907320215
X_scGPT,43,dasatinib,LI7_LIVER,196,0.07999670246749066,0.739266994048138
X_scGPT,43,dasatinib,A375_SKIN,593,0.057383910095871404,0.7663659015152144
X_scGPT,43,dasatinib,FTC133_THYROID,140,0.04635761683410656,0.6507770121097565
X_scGPT,43,dasatinib,OVK18_OVARY,178,0.06332074263273825,0.8511479694521829
X_scGPT,43,dasatinib,ACCMESO1_PLEURA,162,0.04811812561257485,0.6136509073369297
X_scGPT,43,dasatinib,HMC18_BREAST,293,0.052719656808926096,0.7189976705219152
X_scGPT,43,dasatinib,TOV112D_OVARY,78,0.04005425532375595,0.6626034929202154
X_scGPT,43,dasatinib,JHH6_LIVER,206,0.05876396377925794,0.6890087061136672
X_scGPT,43,dasatinib,A2058_SKIN,294,0.08344805813865086,0.8297293952533177
X_scGPT,43,dasatinib,NCIH2110_LUNG,1990,0.050940154462083935,0.6750345344519495
X_scGPT,43,dasatinib,NCIH650_LUNG,271,0.06673578286282211,0.6065379321795108
X_scGPT,43,dasatinib,EFE184_ENDOMETRIUM,86,0.059427351918387,0.6949035885722138
X_scGPT,43,dasatinib,HUPT3_PANCREAS,136,0.1060414656976791,0.5539209224721965
X_scGPT,43,dasatinib,MDAMB361_BREAST,135,0.03670127815173616,0.8910310158023128
X_scGPT,43,dasatinib,BCPAP_THYROID,152,0.06936764732083454,0.6659649939913499
X_scGPT,43,dasatinib,PECAPJ49_UPPER_AERODIGESTIVE_TRACT,202,0.08418380600759978,0.4783919620336873
X_scGPT,43,dasatinib,EKVX_LUNG,146,0.042934308053155,0.5985708832740784
X_scGPT,43,dasatinib,BICR56_UPPER_AERODIGESTIVE_TRACT,81,0.05632517543787468,0.5508213344915414
X_scGPT,43,dasatinib,NCIH2170_LUNG,142,0.059661187934675224,0.808298904291341
X_scGPT,43,dasatinib,DETROIT562_UPPER_AERODIGESTIVE_TRACT,163,0.043764532626375426,0.545528389742038
X_scGPT,43,dasatinib,SW1088_CENTRAL_NERVOUS_SYSTEM,128,0.051918367483211825,0.6727062426507473
X_scGPT,43,dasatinib,BHY_UPPER_AERODIGESTIVE_TRACT,145,0.04020095985312389,0.6200066332159371
X_scGPT,43,dasatinib,CAS1_CENTRAL_NERVOUS_SYSTEM,133,0.03711671848846842,0.6185994937007588
X_scGPT,43,dasatinib,HCC1428_BREAST,127,0.0926044838568567,0.9452274268067727
X_scGPT,43,dasatinib,HDQP1_BREAST,64,0.0443953741107169,0.6866087587550282
X_scGPT,43,dasatinib,OSRC2_KIDNEY,126,0.036982956171331044,0.6333536851027656
X_scGPT,43,dasatinib,HUPT4_PANCREAS,56,0.1080844287460965,0.7037914650780814
X_scGPT,43,dasatinib,TCCSUP_URINARY_TRACT,316,0.03786914994731658,0.6473754463316519
X_scGPT,43,dasatinib,VMRCRCZ_KIDNEY,300,0.04583108913115099,0.641238182981809
X_scGPT,43,dasatinib,PK59_PANCREAS,174,0.06717109473907192,0.7885793625623331
X_scGPT,43,dasatinib,HUH6_LIVER,338,0.06878947118152537,0.8455750298570599
X_scGPT,43,dasatinib,MSTO211H_PLEURA,297,0.049704805242962224,0.6869658756537068
X_scGPT,43,dasatinib,HS852T_SKIN,162,0.04358424280983008,0.6885949472586314
X_scGPT,43,dasatinib,SKMEL30_SKIN,353,0.0882192142875838,0.7926427331929842
X_scGPT,43,dasatinib,T47D_BREAST,221,0.044086294135200564,0.8627671378230617
X_scGPT,43,dasatinib,CALU6_LUNG,258,0.04183903737528819,0.719804362502209
X_scGPT,43,dasatinib,NCIH522_LUNG,208,0.041728072337232566,0.644712757319212
X_scGPT,43,dasatinib,LMSU_STOMACH,255,0.028662519066749277,0.5269445120119581
X_scGPT,43,dasatinib,SNUC4_LARGE_INTESTINE,467,0.06285034328633986,0.8216931556991642
X_scGPT,43,dasatinib,RVH421_SKIN,239,0.08174714347037623,0.7623327419348841
X_scGPT,43,dasatinib,OVSAHO_OVARY,227,0.06882142649518189,0.657319173676327
X_scGPT,43,dasatinib,GOS3_CENTRAL_NERVOUS_SYSTEM,191,0.036534052165719894,0.5523847435157336
X_scGPT,43,dasatinib,SNU738_CENTRAL_NERVOUS_SYSTEM,379,0.03350850302496273,0.6200732157853159
X_scGPT,43,dasatinib,PC3_PROSTATE,169,0.035938818178290956,0.6936691523303647
X_scGPT,43,dasatinib,PATU8988S_PANCREAS,244,0.08519915689272478,0.7165691168581854
X_scGPT,43,dasatinib,OVTOKO_OVARY,209,0.04031882226171566,0.5913453100685868
X_scGPT,43,dasatinib,TE1_OESOPHAGUS,206,0.0597136887278882,0.6238798888273609
X_scGPT,43,dasatinib,NCIH2087_LUNG,219,0.07853503735856562,0.6072710568774237
X_scGPT,43,dasatinib,EFM192A_BREAST,333,0.1015352954276025,0.8588560223579407
X_scGPT,43,dasatinib,SNU423_LIVER,212,0.061100528662426934,0.6124680790136445
X_scGPT,43,dasatinib,KPL1_BREAST,276,0.0628219435601422,0.9212340218001518
X_scGPT,43,dasatinib,NCIH358_LUNG,336,0.04363914181304515,0.6473877624209438
X_scGPT,43,dasatinib,COLO792_SKIN,271,0.11796053304769595,0.8699457005381144
X_scGPT,43,dasatinib,KYSE520_OESOPHAGUS,323,0.04059552085084626,0.5663420277483323
X_scGPT,43,dasatinib,KMRC3_KIDNEY,245,0.03612324408529091,0.6227415759952701
X_scGPT,43,dasatinib,MKN7_STOMACH,258,0.07411752097298054,0.7240759246340094
X_scGPT,43,dasatinib,NCIH1944_LUNG,414,0.041231969002322316,0.6340096120673101
X_scGPT,43,dasatinib,TE6_OESOPHAGUS,551,0.03852807002005829,0.5848099077678203
X_scGPT,43,dasatinib,ZR751_BREAST,309,0.024049195256122747,0.9431306152667814
X_scGPT,43,dasatinib,PANC0203_PANCREAS,506,0.058205714410000185,0.6830240790787422
X_scGPT,43,dasatinib,SW1990_PANCREAS,307,0.07375118289348073,0.660870611861785
X_scGPT,43,dasatinib,RD_SOFT_TISSUE,261,0.049930818913384474,0.673811069850264
X_scGPT,43,dasatinib,NCIH1792_LUNG,111,0.06454675256164523,0.7434561617739566
X_scGPT,43,dasatinib,PK45H_PANCREAS,271,0.05958950931011857,0.6655933892155046
X_scGPT,43,dasatinib,LS180_LARGE_INTESTINE,361,0.060289594023503354,0.7823906037285717
X_scGPT,43,dasatinib,RERFLCAI_LUNG,763,0.05636750250375857,0.6265461728425982
X_scGPT,43,dasatinib,CAMA1_BREAST,291,0.05615171202966922,0.8173079804046867
X_scGPT,43,dasatinib,SNU449_LIVER,282,0.023638316127135937,0.6239545994193841
X_scGPT,43,dasatinib,A204_SOFT_TISSUE,250,0.0480270258982783,0.8272478327751159
X_scGPT,43,dasatinib,MKN45_STOMACH,118,0.06789522125537796,0.7176147441742784
X_scGPT,43,dasatinib,HEP3B217_LIVER,118,0.04393383420816546,0.591857919248484
X_scGPT,43,dasatinib,HOS_BONE,829,0.05640423429073199,0.6782605227428984
X_scGPT,43,dasatinib,EBC1_LUNG,186,0.04783449758814453,0.6507474796105457
X_scGPT,43,dasatinib,NCIH292_LUNG,213,0.03301039750050522,0.6285882480267627
X_scGPT,43,dasatinib,OUMS23_LARGE_INTESTINE,107,0.07939245197355975,0.8360551918778464
X_scGPT,43,dasatinib,HEC151_ENDOMETRIUM,250,0.04898353858504608,0.7114160426855087
X_scGPT,43,dasatinib,NCIH1373_LUNG,164,0.038117615922575655,0.6742579809776167
X_scGPT,43,dasatinib,TE9_OESOPHAGUS,248,0.038424266822287126,0.5770505064677808
X_scGPT,43,dasatinib,HCC56_LARGE_INTESTINE,99,0.06114205355052266,0.7864019051946775
X_scGPT,43,dasatinib,HT55_LARGE_INTESTINE,211,0.04921094110464253,0.8626792170990135
X_scGPT,43,dasatinib,RT4_URINARY_TRACT,106,0.08708168504011211,0.7993986595351741
X_scGPT,43,dasatinib,SKES1_BONE,91,0.0443315853130218,0.6573739837814163
X_scGPT,43,dasatinib,NCIH1435_LUNG,267,0.0507134249486661,0.7174093980021244
X_scGPT,43,dasatinib,8305C_THYROID,459,0.047668073966824494,0.6189985267477098
X_scGPT,43,dasatinib,NCIH2228_LUNG,367,0.0360905911980935,0.6232779730892961
X_scGPT,43,dasatinib,TE10_OESOPHAGUS,219,0.045960787873934476,0.5585255152014292
X_scGPT,43,dasatinib,ASPC1_PANCREAS,290,0.0413623087841468,0.6567085356547915
X_scGPT,43,dasatinib,HCC366_LUNG,202,0.058501624943971015,0.5681636866071437
X_scGPT,43,dasatinib,BICR16_UPPER_AERODIGESTIVE_TRACT,212,0.06356655579167178,0.5095867444321794
X_scGPT,43,dasatinib,HEC6_ENDOMETRIUM,161,0.04183610363296001,0.6819680740374215
X_scGPT,43,dasatinib,KALS1_CENTRAL_NERVOUS_SYSTEM,288,0.029835759532345282,0.5096657674552666
X_scGPT,43,dasatinib,NCIH2444_LUNG,237,0.03222169645909886,0.6553751594909636
X_scGPT,43,dasatinib,SNU46_UPPER_AERODIGESTIVE_TRACT,236,0.06574365338738274,0.5971533635915336
X_scGPT,43,dasatinib,OAW28_OVARY,161,0.08837117359753727,0.723407576913419
X_scGPT,43,dasatinib,SNU1214_UPPER_AERODIGESTIVE_TRACT,188,0.07517776448526566,0.4816331142123709
X_scGPT,43,dasatinib,SKMEL5_SKIN,297,0.06928099138655439,0.9200009508967801
X_scGPT,43,dasatinib,OVCAR4_OVARY,283,0.03937098770964867,0.6159115572700231
X_scGPT,43,dasatinib,UACC257_SKIN,239,0.04877001950259974,0.9180652860817051
X_scGPT,43,dasatinib,ONCODG1_OVARY,270,0.03355901414611948,0.5351356167484213
X_scGPT,43,dasatinib,HUH28_BILIARY_TRACT,139,0.0290547146253514,0.5228739256481473
X_scGPT,43,dasatinib,IM95_STOMACH,185,0.05855654654457098,0.7754017143636136
X_scGPT,43,dasatinib,TE14_OESOPHAGUS,474,0.060680985538849104,0.5612705514023576
X_scGPT,43,dasatinib,CAKI2_KIDNEY,278,0.04827281593687855,0.6462975598925309
X_scGPT,43,dasatinib,SU8686_PANCREAS,82,0.045661268965667225,0.6137913218358668
X_scGPT,43,dasatinib,SCC25_UPPER_AERODIGESTIVE_TRACT,898,0.04795121163268967,0.4160702849151297
X_scGPT,43,dasatinib,SCC9_UPPER_AERODIGESTIVE_TRACT,475,0.03551191294468804,0.5128178036840338
X_scGPT,43,crizotinib,NCIH2126_LUNG,264,0.015600433819564385,0.7874015461314808
X_scGPT,43,crizotinib,SW579_THYROID,217,0.013114641117019647,0.8490219305737228
X_scGPT,43,crizotinib,NCIH446_LUNG,196,0.03874320496237437,0.8426207103291337
X_scGPT,43,crizotinib,HEC251_ENDOMETRIUM,107,0.023604887636496708,0.8307330224001519
X_scGPT,43,crizotinib,MFE319_ENDOMETRIUM,191,0.026680495832908924,0.8383719693303733
X_scGPT,43,crizotinib,SKNAS_AUTONOMIC_GANGLIA,226,0.016238731032514803,0.8277786774972898
X_scGPT,43,crizotinib,NCIH2452_PLEURA,538,0.02035509906101593,0.8297295743204847
X_scGPT,43,crizotinib,COLO741_SKIN,329,0.01910140348908195,0.8653433953375077
X_scGPT,43,crizotinib,KNS42_CENTRAL_NERVOUS_SYSTEM,172,0.015743695380365824,0.8168229900820311
X_scGPT,43,crizotinib,MCF7_BREAST,143,0.01561944167923996,0.8427835361107247
X_scGPT,43,crizotinib,HT1197_URINARY_TRACT,74,0.016452658065302373,0.7748430403503211
X_scGPT,43,crizotinib,SNU899_UPPER_AERODIGESTIVE_TRACT,83,0.04133521027481626,0.7519001953573112
X_scGPT,43,crizotinib,HCC38_BREAST,200,0.06034323609448808,0.8710057723522187
X_scGPT,43,crizotinib,SNU308_BILIARY_TRACT,94,0.01999323117661077,0.844691237870683
X_scGPT,43,crizotinib,SW1271_LUNG,115,0.019361107261906197,0.8130469057870948
X_scGPT,43,crizotinib,TM31_CENTRAL_NERVOUS_SYSTEM,116,0.026185267006175447,0.7771830250476969
X_scGPT,43,crizotinib,NCIH747_LARGE_INTESTINE,80,0.10071752589465557,0.7780798517167569
X_scGPT,43,crizotinib,KPNSI9S_AUTONOMIC_GANGLIA,129,0.04963209442781965,0.8241562478302061
X_scGPT,43,crizotinib,SQ1_LUNG,238,0.016094724208240662,0.8320340604341331
X_scGPT,43,crizotinib,IALM_LUNG,322,0.01941971573054042,0.7814348521439926
X_scGPT,43,crizotinib,BT474_BREAST,125,0.013965348760062224,0.8136215085983276
X_scGPT,43,crizotinib,DKMG_CENTRAL_NERVOUS_SYSTEM,271,0.08289455540886159,0.7367205328387088
X_scGPT,43,crizotinib,BT549_BREAST,266,0.016846753897993016,0.8361182035808277
X_scGPT,43,crizotinib,BICR6_UPPER_AERODIGESTIVE_TRACT,286,0.062027574418337346,0.7899294294469006
X_scGPT,43,crizotinib,SH10TC_STOMACH,351,0.06572384971670023,0.7963583518636872
X_scGPT,43,crizotinib,UMUC1_URINARY_TRACT,197,0.020607349909841872,0.8326515204410263
X_scGPT,43,crizotinib,LS1034_LARGE_INTESTINE,146,0.01499165747824492,0.788810036362034
X_scGPT,43,crizotinib,CCFSTTG1_CENTRAL_NERVOUS_SYSTEM,246,0.0664014166508825,0.7211720106320653
X_scGPT,43,crizotinib,NCIH226_LUNG,235,0.01907121502949356,0.825323648909305
X_scGPT,43,crizotinib,LNCAPCLONEFGC_PROSTATE,129,0.026253705240557288,0.8326270829799564
X_scGPT,43,crizotinib,RCC10RGB_KIDNEY,233,0.08353349630554661,0.839666876925931
X_scGPT,43,crizotinib,RERFLCAD1_LUNG,243,0.09635687788753056,0.7591175928773213
X_scGPT,43,crizotinib,SKMEL2_SKIN,276,0.01601058101879372,0.8649767993584924
X_scGPT,43,crizotinib,BICR31_UPPER_AERODIGESTIVE_TRACT,248,0.021401988934298913,0.8163434675624294
X_scGPT,43,crizotinib,RCM1_LARGE_INTESTINE,128,0.034986307182366554,0.786017200909555
X_scGPT,43,crizotinib,COV434_OVARY,88,0.028995815940663045,0.7589193419976668
X_scGPT,43,crizotinib,SNU1079_BILIARY_TRACT,73,0.02380289103503343,0.8359310684138781
X_scGPT,43,crizotinib,YD38_UPPER_AERODIGESTIVE_TRACT,624,0.019408380587963705,0.7644803982514602
X_scGPT,43,crizotinib,NCIH1299_LUNG,534,0.01981555918882135,0.8408770072326232
X_scGPT,43,crizotinib,IGR37_SKIN,347,0.011374000628624831,0.8549963211807119
X_scGPT,43,crizotinib,BFTC909_KIDNEY,379,0.06708996580785392,0.7439965810184428
X_scGPT,43,crizotinib,NCIH460_LUNG,837,0.02244698094895274,0.8231057434241547
X_scGPT,43,crizotinib,IGR1_SKIN,725,0.04481793970184082,0.8318037982644706
X_scGPT,43,crizotinib,VMCUB1_URINARY_TRACT,478,0.02112476624948395,0.7752596537687788
X_scGPT,43,crizotinib,JHOC5_OVARY,145,0.05352930788302525,0.8659999682985503
X_scGPT,43,crizotinib,42MGBA_CENTRAL_NERVOUS_SYSTEM,518,0.020912158749230962,0.7990824781559609
X_scGPT,43,crizotinib,HT1080_SOFT_TISSUE,516,0.07017881961058799,0.8315897221828616
X_scGPT,43,crizotinib,LI7_LIVER,196,0.01891408261530858,0.7895812130704218
X_scGPT,43,crizotinib,A375_SKIN,593,0.023118869164471346,0.8569331201292814
X_scGPT,43,crizotinib,FTC133_THYROID,140,0.01308985787830932,0.8688836723566056
X_scGPT,43,crizotinib,OVK18_OVARY,178,0.06140883862588274,0.8271950342681971
X_scGPT,43,crizotinib,ACCMESO1_PLEURA,162,0.023098754187712203,0.8162706718768602
X_scGPT,43,crizotinib,HMC18_BREAST,293,0.016289984056148232,0.8507111239351917
X_scGPT,43,crizotinib,TOV112D_OVARY,78,0.016780827117491494,0.8193053282224215
X_scGPT,43,crizotinib,JHH6_LIVER,206,0.018087865223804536,0.8457407395816544
X_scGPT,43,crizotinib,A2058_SKIN,294,0.055390775495776624,0.8376892863893185
X_scGPT,43,crizotinib,NCIH2110_LUNG,1990,0.015236616102139576,0.8348231109542463
X_scGPT,43,crizotinib,NCIH650_LUNG,271,0.05534775280721612,0.8570130850116265
X_scGPT,43,crizotinib,EFE184_ENDOMETRIUM,86,0.012672012758638733,0.7896100192569023
X_scGPT,43,crizotinib,HUPT3_PANCREAS,136,0.11360474365841686,0.7828658994506387
X_scGPT,43,crizotinib,MDAMB361_BREAST,135,0.017175094919970976,0.8557006076530174
X_scGPT,43,crizotinib,BCPAP_THYROID,152,0.035874296468812975,0.7725821251147672
X_scGPT,43,crizotinib,PECAPJ49_UPPER_AERODIGESTIVE_TRACT,202,0.020426041590814764,0.8441971797164124
X_scGPT,43,crizotinib,EKVX_LUNG,146,0.02657884851316738,0.8350291378694038
X_scGPT,43,crizotinib,BICR56_UPPER_AERODIGESTIVE_TRACT,81,0.022805502788154845,0.7960354766727965
X_scGPT,43,crizotinib,NCIH2170_LUNG,142,0.02465975715743801,0.7652857232261712
X_scGPT,43,crizotinib,DETROIT562_UPPER_AERODIGESTIVE_TRACT,163,0.03660087719843599,0.749475908425688
X_scGPT,43,crizotinib,SW1088_CENTRAL_NERVOUS_SYSTEM,128,0.025408003139556917,0.8131121997721493
X_scGPT,43,crizotinib,BHY_UPPER_AERODIGESTIVE_TRACT,145,0.020495745701153246,0.8283167144347882
X_scGPT,43,crizotinib,CAS1_CENTRAL_NERVOUS_SYSTEM,133,0.017851581085836475,0.8222524174173972
X_scGPT,43,crizotinib,HCC1428_BREAST,127,0.061162440334922956,0.8680904089935183
X_scGPT,43,crizotinib,HDQP1_BREAST,64,0.015365212495594516,0.8341465713456273
X_scGPT,43,crizotinib,OSRC2_KIDNEY,126,0.014454719886050222,0.869289135176038
X_scGPT,43,crizotinib,HUPT4_PANCREAS,56,0.14286113694290592,0.6978847081107753
X_scGPT,43,crizotinib,TCCSUP_URINARY_TRACT,316,0.01318502376353514,0.8646533651442467
X_scGPT,43,crizotinib,VMRCRCZ_KIDNEY,300,0.026577323917761988,0.8063756384452184
X_scGPT,43,crizotinib,PK59_PANCREAS,174,0.08301077734093926,0.7526738833764504
X_scGPT,43,crizotinib,HUH6_LIVER,338,0.021269647842562717,0.77646353946635
X_scGPT,43,crizotinib,MSTO211H_PLEURA,297,0.016044432288585545,0.8266585694017635
X_scGPT,43,crizotinib,HS852T_SKIN,162,0.018791592339604472,0.8950159597544023
X_scGPT,43,crizotinib,SKMEL30_SKIN,353,0.019150364603218704,0.8241508890143873
X_scGPT,43,crizotinib,T47D_BREAST,221,0.022567660420741653,0.8657801242975088
X_scGPT,43,crizotinib,CALU6_LUNG,258,0.020414263659265755,0.8287151839381964
X_scGPT,43,crizotinib,NCIH522_LUNG,208,0.02414872431949316,0.8019937669428495
X_scGPT,43,crizotinib,LMSU_STOMACH,255,0.022183980331766325,0.7791860428510927
X_scGPT,43,crizotinib,SNUC4_LARGE_INTESTINE,467,0.05997673491276236,0.7941616856566843
X_scGPT,43,crizotinib,RVH421_SKIN,239,0.023900137774654627,0.7988803708403679
X_scGPT,43,crizotinib,OVSAHO_OVARY,227,0.027759410242085454,0.8554207813897322
X_scGPT,43,crizotinib,GOS3_CENTRAL_NERVOUS_SYSTEM,191,0.025720205969421213,0.7890800172121737
X_scGPT,43,crizotinib,SNU738_CENTRAL_NERVOUS_SYSTEM,379,0.015254396638290209,0.8023711059212999
X_scGPT,43,crizotinib,PC3_PROSTATE,169,0.016112972189195104,0.8155064124327439
X_scGPT,43,crizotinib,PATU8988S_PANCREAS,244,0.05321993270086741,0.7664405466591726
X_scGPT,43,crizotinib,OVTOKO_OVARY,209,0.03307981620215859,0.7907570780179147
X_scGPT,43,crizotinib,TE1_OESOPHAGUS,206,0.018502380076863528,0.78009954905047
X_scGPT,43,crizotinib,NCIH2087_LUNG,219,0.13637700870335404,0.7058305246372746
X_scGPT,43,crizotinib,EFM192A_BREAST,333,0.054898249624319176,0.7523918945689101
X_scGPT,43,crizotinib,SNU423_LIVER,212,0.027326266362892197,0.7562612272658438
X_scGPT,43,crizotinib,KPL1_BREAST,276,0.01663063347522952,0.8512818204319995
X_scGPT,43,crizotinib,NCIH358_LUNG,336,0.013233606126329086,0.8192203479508559
X_scGPT,43,crizotinib,COLO792_SKIN,271,0.01598219972009407,0.8292108402480939
X_scGPT,43,crizotinib,KYSE520_OESOPHAGUS,323,0.03059560443442732,0.755369250803909
X_scGPT,43,crizotinib,KMRC3_KIDNEY,245,0.01295357341952156,0.8028251258694395
X_scGPT,43,crizotinib,MKN7_STOMACH,258,0.07394711705794833,0.7656271382588749
X_scGPT,43,crizotinib,NCIH1944_LUNG,414,0.021070106047714025,0.808193590330041
X_scGPT,43,crizotinib,TE6_OESOPHAGUS,551,0.026980865651428616,0.7434327048528433
X_scGPT,43,crizotinib,ZR751_BREAST,309,0.01625980557727166,0.8458311679293808
X_scGPT,43,crizotinib,PANC0203_PANCREAS,506,0.02216519363108741,0.7947539920392244
X_scGPT,43,crizotinib,SW1990_PANCREAS,307,0.0908960383197889,0.7651942175257866
X_scGPT,43,crizotinib,RD_SOFT_TISSUE,261,0.014881382969377348,0.8301043770779138
X_scGPT,43,crizotinib,NCIH1792_LUNG,111,0.026334204384313536,0.7624820078815426
X_scGPT,43,crizotinib,PK45H_PANCREAS,271,0.018315490490321603,0.7676179895101878
X_scGPT,43,crizotinib,LS180_LARGE_INTESTINE,361,0.022246617347184475,0.7883874516407869
X_scGPT,43,crizotinib,RERFLCAI_LUNG,763,0.08418700507797391,0.7775566977098447
X_scGPT,43,crizotinib,CAMA1_BREAST,291,0.024867273487920758,0.8571212584620079
X_scGPT,43,crizotinib,SNU449_LIVER,282,0.011057137054248212,0.8489414705029616
X_scGPT,43,crizotinib,A204_SOFT_TISSUE,250,0.02144687023206888,0.7857899703979492
X_scGPT,43,crizotinib,MKN45_STOMACH,118,0.024845053559448556,0.7929766354924541
X_scGPT,43,crizotinib,HEP3B217_LIVER,118,0.03025861089349771,0.7619231171527151
X_scGPT,43,crizotinib,HOS_BONE,829,0.028850816037203908,0.7264896805237516
X_scGPT,43,crizotinib,EBC1_LUNG,186,0.020452657872942825,0.8109530031040151
X_scGPT,43,crizotinib,NCIH292_LUNG,213,0.019971077731208393,0.8049167629698633
X_scGPT,43,crizotinib,OUMS23_LARGE_INTESTINE,107,0.11580423746391107,0.7075834321641477
X_scGPT,43,crizotinib,HEC151_ENDOMETRIUM,250,0.018525318045321457,0.770901558637619
X_scGPT,43,crizotinib,NCIH1373_LUNG,164,0.01750211294127461,0.8125924973226175
X_scGPT,43,crizotinib,TE9_OESOPHAGUS,248,0.036747023445064794,0.7622639267675339
X_scGPT,43,crizotinib,HCC56_LARGE_INTESTINE,99,0.022080676009602524,0.7942575607636962
X_scGPT,43,crizotinib,HT55_LARGE_INTESTINE,211,0.020576554121852268,0.7971565364661375
X_scGPT,43,crizotinib,RT4_URINARY_TRACT,106,0.09946288072372772,0.6366958412921654
X_scGPT,43,crizotinib,SKES1_BONE,91,0.015790053484217782,0.794259773505913
X_scGPT,43,crizotinib,NCIH1435_LUNG,267,0.01836700663199428,0.8091436204838842
X_scGPT,43,crizotinib,8305C_THYROID,459,0.01894762766890556,0.7887068250600029
X_scGPT,43,crizotinib,NCIH2228_LUNG,367,0.01641975628925618,0.8476766687323027
X_scGPT,43,crizotinib,TE10_OESOPHAGUS,219,0.01474055281378381,0.7724890213578803
X_scGPT,43,crizotinib,ASPC1_PANCREAS,290,0.0125404895001567,0.7531323011579185
X_scGPT,43,crizotinib,HCC366_LUNG,202,0.06240511186153906,0.8113416597099588
X_scGPT,43,crizotinib,BICR16_UPPER_AERODIGESTIVE_TRACT,212,0.07113452137240378,0.7610939264578639
X_scGPT,43,crizotinib,HEC6_ENDOMETRIUM,161,0.011101314860724541,0.8075786329204251
X_scGPT,43,crizotinib,KALS1_CENTRAL_NERVOUS_SYSTEM,288,0.020704040638004864,0.7804033282316394
X_scGPT,43,crizotinib,NCIH2444_LUNG,237,0.011291069682455013,0.8487609021271332
X_scGPT,43,crizotinib,SNU46_UPPER_AERODIGESTIVE_TRACT,236,0.020331403127420794,0.7573628650378372
X_scGPT,43,crizotinib,OAW28_OVARY,161,0.15492755758696172,0.7311720385314515
X_scGPT,43,crizotinib,SNU1214_UPPER_AERODIGESTIVE_TRACT,188,0.015748848093354438,0.8513161064462459
X_scGPT,43,crizotinib,SKMEL5_SKIN,297,0.02041558973937774,0.7606835491729506
X_scGPT,43,crizotinib,OVCAR4_OVARY,283,0.015853137642253805,0.7942230223345672
X_scGPT,43,crizotinib,UACC257_SKIN,239,0.01378978347849542,0.833252260625113
X_scGPT,43,crizotinib,ONCODG1_OVARY,270,0.025797927953678062,0.7803637760656851
X_scGPT,43,crizotinib,HUH28_BILIARY_TRACT,139,0.020347369063565626,0.7811183826528865
X_scGPT,43,crizotinib,IM95_STOMACH,185,0.014865323540749464,0.7628195147256593
X_scGPT,43,crizotinib,TE14_OESOPHAGUS,474,0.014233238168851211,0.8450034275839601
X_scGPT,43,crizotinib,CAKI2_KIDNEY,278,0.015362259180159278,0.7717538900512586
X_scGPT,43,crizotinib,SU8686_PANCREAS,82,0.015422007346590381,0.7733328843989024
X_scGPT,43,crizotinib,SCC25_UPPER_AERODIGESTIVE_TRACT,898,0.041714064730154043,0.6734444497024562
X_scGPT,43,crizotinib,SCC9_UPPER_AERODIGESTIVE_TRACT,475,0.030166334206039567,0.7624316645923414
X_scGPT,43,afatinib,NCIH2126_LUNG,264,0.033242467185815826,0.6618387213710583
X_scGPT,43,afatinib,SW579_THYROID,217,0.028386260907240654,0.8542365071960308
X_scGPT,43,afatinib,NCIH446_LUNG,196,0.04897509645713457,0.770541998804832
X_scGPT,43,afatinib,HEC251_ENDOMETRIUM,107,0.056970770830137976,0.6604723451293517
X_scGPT,43,afatinib,MFE319_ENDOMETRIUM,191,0.04390202690520202,0.7038899382371553
X_scGPT,43,afatinib,SKNAS_AUTONOMIC_GANGLIA,226,0.027483855371959194,0.8223582337387895
X_scGPT,43,afatinib,NCIH2452_PLEURA,538,0.03332992965540229,0.827269274505984
X_scGPT,43,afatinib,COLO741_SKIN,329,0.025674031552246724,0.770813605162148
X_scGPT,43,afatinib,KNS42_CENTRAL_NERVOUS_SYSTEM,172,0.024995259234265273,0.7761036330877349
X_scGPT,43,afatinib,MCF7_BREAST,143,0.04135374237873983,0.7488590795677025
X_scGPT,43,afatinib,HT1197_URINARY_TRACT,74,0.03416360153836337,0.6768556003634995
X_scGPT,43,afatinib,SNU899_UPPER_AERODIGESTIVE_TRACT,83,0.05886397270282332,0.5604203005871141
X_scGPT,43,afatinib,HCC38_BREAST,200,0.06434929230338997,0.6605897098779678
X_scGPT,43,afatinib,SNU308_BILIARY_TRACT,94,0.07172742286379175,0.6374781461472206
X_scGPT,43,afatinib,SW1271_LUNG,115,0.039630617173371435,0.8045518958050272
X_scGPT,43,afatinib,TM31_CENTRAL_NERVOUS_SYSTEM,116,0.03311891220436757,0.7649533943883304
X_scGPT,43,afatinib,NCIH747_LARGE_INTESTINE,80,0.08495719952575233,0.5308784253895282
X_scGPT,43,afatinib,KPNSI9S_AUTONOMIC_GANGLIA,129,0.04397078115976893,0.7760445563368095
X_scGPT,43,afatinib,SQ1_LUNG,238,0.03866519894165831,0.7237422055556995
X_scGPT,43,afatinib,IALM_LUNG,322,0.03873122422377912,0.7377768007124433
X_scGPT,43,afatinib,BT474_BREAST,125,0.02570032742053718,0.6907518067359925
X_scGPT,43,afatinib,DKMG_CENTRAL_NERVOUS_SYSTEM,271,0.06805092623046426,0.8039907329196859
X_scGPT,43,afatinib,BT549_BREAST,266,0.049102632266926516,0.8488672702832329
X_scGPT,43,afatinib,BICR6_UPPER_AERODIGESTIVE_TRACT,286,0.10059027095998306,0.5294730684140345
X_scGPT,43,afatinib,SH10TC_STOMACH,351,0.04410254897143162,0.781173002176475
X_scGPT,43,afatinib,UMUC1_URINARY_TRACT,197,0.07741091319568576,0.5950069436567084
X_scGPT,43,afatinib,LS1034_LARGE_INTESTINE,146,0.027295061537798183,0.6789848914701645
X_scGPT,43,afatinib,CCFSTTG1_CENTRAL_NERVOUS_SYSTEM,246,0.05636558881927483,0.7727084460297251
X_scGPT,43,afatinib,NCIH226_LUNG,235,0.04517079756167804,0.8275593823574959
X_scGPT,43,afatinib,LNCAPCLONEFGC_PROSTATE,129,0.024420179572450216,0.779793823874274
X_scGPT,43,afatinib,RCC10RGB_KIDNEY,233,0.05457392811072681,0.68179478026255
X_scGPT,43,afatinib,RERFLCAD1_LUNG,243,0.061039662085242016,0.7592257120236447
X_scGPT,43,afatinib,SKMEL2_SKIN,276,0.038541113706172005,0.808879514751227
X_scGPT,43,afatinib,BICR31_UPPER_AERODIGESTIVE_TRACT,248,0.07610186776610581,0.5571075421908209
X_scGPT,43,afatinib,RCM1_LARGE_INTESTINE,128,0.0716878358377046,0.6209814618341625
X_scGPT,43,afatinib,COV434_OVARY,88,0.032852793792095575,0.8369538242166693
X_scGPT,43,afatinib,SNU1079_BILIARY_TRACT,73,0.05308428608376241,0.7511890514256203
X_scGPT,43,afatinib,YD38_UPPER_AERODIGESTIVE_TRACT,624,0.050653079156771225,0.5968880800482554
X_scGPT,43,afatinib,NCIH1299_LUNG,534,0.028599437434648843,0.7372136337033818
X_scGPT,43,afatinib,IGR37_SKIN,347,0.020251939209594262,0.7049055443029926
X_scGPT,43,afatinib,BFTC909_KIDNEY,379,0.06365442150796244,0.8028649494327152
X_scGPT,43,afatinib,NCIH460_LUNG,837,0.05430184541544117,0.6890903469909476
X_scGPT,43,afatinib,IGR1_SKIN,725,0.04180472220053378,0.7229907030483772
X_scGPT,43,afatinib,VMCUB1_URINARY_TRACT,478,0.04314888765242421,0.6275518881975357
X_scGPT,43,afatinib,JHOC5_OVARY,145,0.06543818090496643,0.6239936750510643
X_scGPT,43,afatinib,42MGBA_CENTRAL_NERVOUS_SYSTEM,518,0.029861072594412404,0.8466968611170427
X_scGPT,43,afatinib,HT1080_SOFT_TISSUE,516,0.06675748398475458,0.7578611340402632
X_scGPT,43,afatinib,LI7_LIVER,196,0.04320611339403589,0.7201082368894499
X_scGPT,43,afatinib,A375_SKIN,593,0.036692931993287874,0.7157776817101451
X_scGPT,43,afatinib,FTC133_THYROID,140,0.034013152225925956,0.7571430712938308
X_scGPT,43,afatinib,OVK18_OVARY,178,0.06828265530508447,0.7558365896176756
X_scGPT,43,afatinib,ACCMESO1_PLEURA,162,0.03009122631615906,0.7649434948409045
X_scGPT,43,afatinib,HMC18_BREAST,293,0.03135152177749345,0.7759695805787227
X_scGPT,43,afatinib,TOV112D_OVARY,78,0.027068295571322346,0.8346935617618072
X_scGPT,43,afatinib,JHH6_LIVER,206,0.05209591798038723,0.7088831165461864
X_scGPT,43,afatinib,A2058_SKIN,294,0.04353259369831406,0.7763764428443649
X_scGPT,43,afatinib,NCIH2110_LUNG,1990,0.05165485839253521,0.6746671182576136
X_scGPT,43,afatinib,NCIH650_LUNG,271,0.0614786589442066,0.7000471384322952
X_scGPT,43,afatinib,EFE184_ENDOMETRIUM,86,0.031275515340691264,0.6916717782963154
X_scGPT,43,afatinib,HUPT3_PANCREAS,136,0.08380797729903058,0.5805617932449368
X_scGPT,43,afatinib,MDAMB361_BREAST,135,0.031590461120621104,0.7880300685211464
X_scGPT,43,afatinib,BCPAP_THYROID,152,0.032337333544180315,0.782985296296446
X_scGPT,43,afatinib,PECAPJ49_UPPER_AERODIGESTIVE_TRACT,202,0.0983747708915389,0.5111796109393092
X_scGPT,43,afatinib,EKVX_LUNG,146,0.040962998694789046,0.7002699068964344
X_scGPT,43,afatinib,BICR56_UPPER_AERODIGESTIVE_TRACT,81,0.07631756366799708,0.4492211676674125
X_scGPT,43,afatinib,NCIH2170_LUNG,142,0.03570086979831214,0.7068723012024248
X_scGPT,43,afatinib,DETROIT562_UPPER_AERODIGESTIVE_TRACT,163,0.059601600642813383,0.5254562656206587
X_scGPT,43,afatinib,SW1088_CENTRAL_NERVOUS_SYSTEM,128,0.02088303936675976,0.8392958040349185
X_scGPT,43,afatinib,BHY_UPPER_AERODIGESTIVE_TRACT,145,0.0712584820032872,0.595202761066371
X_scGPT,43,afatinib,CAS1_CENTRAL_NERVOUS_SYSTEM,133,0.031985835643417546,0.8714639773046163
X_scGPT,43,afatinib,HCC1428_BREAST,127,0.0720389245299835,0.6881015875677424
X_scGPT,43,afatinib,HDQP1_BREAST,64,0.03952895338391572,0.6777044907212257
X_scGPT,43,afatinib,OSRC2_KIDNEY,126,0.034269440686138235,0.7761599747907548
X_scGPT,43,afatinib,HUPT4_PANCREAS,56,0.09615055190479294,0.6337441221943924
X_scGPT,43,afatinib,TCCSUP_URINARY_TRACT,316,0.031154848088621106,0.7986249129606199
X_scGPT,43,afatinib,VMRCRCZ_KIDNEY,300,0.031088481473853073,0.7340561014413833
X_scGPT,43,afatinib,PK59_PANCREAS,174,0.050581646405660374,0.7089237779721447
X_scGPT,43,afatinib,HUH6_LIVER,338,0.017754696761639915,0.7684717610390228
X_scGPT,43,afatinib,MSTO211H_PLEURA,297,0.03374181078435837,0.8475096546840989
X_scGPT,43,afatinib,HS852T_SKIN,162,0.03276996861249258,0.7762865946616655
X_scGPT,43,afatinib,SKMEL30_SKIN,353,0.02750330918130835,0.8214117876193341
X_scGPT,43,afatinib,T47D_BREAST,221,0.037692479833218426,0.761129457756405
X_scGPT,43,afatinib,CALU6_LUNG,258,0.03747124464664347,0.7032654352428377
X_scGPT,43,afatinib,NCIH522_LUNG,208,0.029343961314065067,0.7963620229409292
X_scGPT,43,afatinib,LMSU_STOMACH,255,0.029644388509122835,0.7572969862059051
X_scGPT,43,afatinib,SNUC4_LARGE_INTESTINE,467,0.06205824662894389,0.5153835389675369
X_scGPT,43,afatinib,RVH421_SKIN,239,0.02517501297694051,0.8206125153657283
X_scGPT,43,afatinib,OVSAHO_OVARY,227,0.03585588367327835,0.7063206418495346
X_scGPT,43,afatinib,GOS3_CENTRAL_NERVOUS_SYSTEM,191,0.028225617617323603,0.7681996969028293
X_scGPT,43,afatinib,SNU738_CENTRAL_NERVOUS_SYSTEM,379,0.03134544995575389,0.8080655783021671
X_scGPT,43,afatinib,PC3_PROSTATE,169,0.028809732474834905,0.8157747165691218
X_scGPT,43,afatinib,PATU8988S_PANCREAS,244,0.06444564993213989,0.6347406726391589
X_scGPT,43,afatinib,OVTOKO_OVARY,209,0.03368148560811808,0.6725964751540189
X_scGPT,43,afatinib,TE1_OESOPHAGUS,206,0.03662475638356446,0.6780218947859644
X_scGPT,43,afatinib,NCIH2087_LUNG,219,0.07358019186031393,0.6145213133396079
X_scGPT,43,afatinib,EFM192A_BREAST,333,0.0735354534999684,0.6774285645098299
X_scGPT,43,afatinib,SNU423_LIVER,212,0.0382812143458321,0.7630850883587351
X_scGPT,43,afatinib,KPL1_BREAST,276,0.036951373367788705,0.7287095024965812
X_scGPT,43,afatinib,NCIH358_LUNG,336,0.047958206540812516,0.7086679403270993
X_scGPT,43,afatinib,COLO792_SKIN,271,0.02068934680858453,0.7521211859044994
X_scGPT,43,afatinib,KYSE520_OESOPHAGUS,323,0.04566473780766306,0.6061730788034552
X_scGPT,43,afatinib,KMRC3_KIDNEY,245,0.031559436297600406,0.7746347432233849
X_scGPT,43,afatinib,MKN7_STOMACH,258,0.056036132131250874,0.7063367352929226
X_scGPT,43,afatinib,NCIH1944_LUNG,414,0.029634795531654694,0.7052774069389859
X_scGPT,43,afatinib,TE6_OESOPHAGUS,551,0.04154491356124922,0.5568443646015576
X_scGPT,43,afatinib,ZR751_BREAST,309,0.02143925453495457,0.826204359145612
X_scGPT,43,afatinib,PANC0203_PANCREAS,506,0.05215088213932774,0.6007367835450078
X_scGPT,43,afatinib,SW1990_PANCREAS,307,0.053700224591246286,0.7459533858182764
X_scGPT,43,afatinib,RD_SOFT_TISSUE,261,0.03219301365527105,0.8406036117067739
X_scGPT,43,afatinib,NCIH1792_LUNG,111,0.03640155611705501,0.7800974056527421
X_scGPT,43,afatinib,PK45H_PANCREAS,271,0.03281627780260129,0.7447430150535274
X_scGPT,43,afatinib,LS180_LARGE_INTESTINE,361,0.056977904459033654,0.6080336145581962
X_scGPT,43,afatinib,RERFLCAI_LUNG,763,0.0570973512814512,0.7214684583647066
X_scGPT,43,afatinib,CAMA1_BREAST,291,0.05473295814707441,0.6700579075469184
X_scGPT,43,afatinib,SNU449_LIVER,282,0.030134726299958902,0.7303436068778343
X_scGPT,43,afatinib,A204_SOFT_TISSUE,250,0.02373943934101959,0.8248653666973114
X_scGPT,43,afatinib,MKN45_STOMACH,118,0.06305969092006077,0.6757835927656142
X_scGPT,43,afatinib,HEP3B217_LIVER,118,0.020370530603471642,0.7297673205197868
X_scGPT,43,afatinib,HOS_BONE,829,0.04091725554115904,0.7324376260127032
X_scGPT,43,afatinib,EBC1_LUNG,186,0.05139351439074654,0.6708682797929292
X_scGPT,43,afatinib,NCIH292_LUNG,213,0.05442529553764588,0.618834355207676
X_scGPT,43,afatinib,OUMS23_LARGE_INTESTINE,107,0.05097880335630026,0.7682269393840683
X_scGPT,43,afatinib,HEC151_ENDOMETRIUM,250,0.026795554425463882,0.7116467273235321
X_scGPT,43,afatinib,NCIH1373_LUNG,164,0.04709702207095492,0.6850799845486153
X_scGPT,43,afatinib,TE9_OESOPHAGUS,248,0.0442716850483375,0.5537196773915521
X_scGPT,43,afatinib,HCC56_LARGE_INTESTINE,99,0.06098427794130893,0.6362671668481346
X_scGPT,43,afatinib,HT55_LARGE_INTESTINE,211,0.029763924205286823,0.7404640777416139
X_scGPT,43,afatinib,RT4_URINARY_TRACT,106,0.0715041027338023,0.5695716257927552
X_scGPT,43,afatinib,SKES1_BONE,91,0.03059881532088828,0.8197660465816875
X_scGPT,43,afatinib,NCIH1435_LUNG,267,0.0489484876213844,0.6558200220266978
X_scGPT,43,afatinib,8305C_THYROID,459,0.025421546279054116,0.7842244015020483
X_scGPT,43,afatinib,NCIH2228_LUNG,367,0.05122435505180803,0.7504352422923418
X_scGPT,43,afatinib,TE10_OESOPHAGUS,219,0.0383361907093869,0.6458111770076839
X_scGPT,43,afatinib,ASPC1_PANCREAS,290,0.019363049406246845,0.7043825556491984
X_scGPT,43,afatinib,HCC366_LUNG,202,0.0462189876870855,0.6685952570768866
X_scGPT,43,afatinib,BICR16_UPPER_AERODIGESTIVE_TRACT,212,0.08255205910883627,0.5439116469812844
X_scGPT,43,afatinib,HEC6_ENDOMETRIUM,161,0.03501150295234794,0.7540268087238999
X_scGPT,43,afatinib,KALS1_CENTRAL_NERVOUS_SYSTEM,288,0.015133396541699748,0.7842616095311112
X_scGPT,43,afatinib,NCIH2444_LUNG,237,0.027675674694217087,0.7784436148933217
X_scGPT,43,afatinib,SNU46_UPPER_AERODIGESTIVE_TRACT,236,0.049889416986865186,0.6953783113572557
X_scGPT,43,afatinib,OAW28_OVARY,161,0.05251797526490847,0.6736686881284536
X_scGPT,43,afatinib,SNU1214_UPPER_AERODIGESTIVE_TRACT,188,0.08602418412639201,0.4983805300707513
X_scGPT,43,afatinib,SKMEL5_SKIN,297,0.019006693119422838,0.7533219025191233
X_scGPT,43,afatinib,OVCAR4_OVARY,283,0.03614178214743333,0.7182016109409265
X_scGPT,43,afatinib,UACC257_SKIN,239,0.023451897754207807,0.782194142062295
X_scGPT,43,afatinib,ONCODG1_OVARY,270,0.02799360401259522,0.6853381130430434
X_scGPT,43,afatinib,HUH28_BILIARY_TRACT,139,0.016310323626042646,0.79454048417455
X_scGPT,43,afatinib,IM95_STOMACH,185,0.02865275227682855,0.6665612600945138
X_scGPT,43,afatinib,TE14_OESOPHAGUS,474,0.06646829488504045,0.5020346610103479
X_scGPT,43,afatinib,CAKI2_KIDNEY,278,0.027565447778544735,0.7114999214951083
X_scGPT,43,afatinib,SU8686_PANCREAS,82,0.03670459952095994,0.7167650439390322
X_scGPT,43,afatinib,SCC25_UPPER_AERODIGESTIVE_TRACT,898,0.05267078056449488,0.4795704380772958
X_scGPT,43,afatinib,SCC9_UPPER_AERODIGESTIVE_TRACT,475,0.03930413437840273,0.7174169320809214
X_scGPT,44,doxorubicin,NCIH2126_LUNG,264,0.022003908684726053,0.6915166472846811
X_scGPT,44,doxorubicin,SW579_THYROID,217,0.05239256168772517,0.4994314183837258
X_scGPT,44,doxorubicin,NCIH446_LUNG,196,0.08707970689132245,0.28529935740694706
X_scGPT,44,doxorubicin,HEC251_ENDOMETRIUM,107,0.10040494118053447,0.6889146655519433
X_scGPT,44,doxorubicin,MFE319_ENDOMETRIUM,191,0.07622772680670084,0.5634647113178413
X_scGPT,44,doxorubicin,SKNAS_AUTONOMIC_GANGLIA,226,0.05980543441581103,0.39469744911236043
X_scGPT,44,doxorubicin,NCIH2452_PLEURA,538,0.05670027772211156,0.5787061160935788
X_scGPT,44,doxorubicin,COLO741_SKIN,329,0.048310289135698105,0.5846267142375552
X_scGPT,44,doxorubicin,KNS42_CENTRAL_NERVOUS_SYSTEM,172,0.033105593850722,0.6185447353609773
X_scGPT,44,doxorubicin,MCF7_BREAST,143,0.08365212625830995,0.6997858956977204
X_scGPT,44,doxorubicin,HT1197_URINARY_TRACT,74,0.022553428766169736,0.7183638778892724
X_scGPT,44,doxorubicin,SNU899_UPPER_AERODIGESTIVE_TRACT,83,0.04572992364312577,0.6096790145678692
X_scGPT,44,doxorubicin,HCC38_BREAST,200,0.07184694627757277,0.6431677976250648
X_scGPT,44,doxorubicin,SNU308_BILIARY_TRACT,94,0.05519493482942888,0.5929801070943792
X_scGPT,44,doxorubicin,SW1271_LUNG,115,0.05501157902205255,0.6571932025577711
X_scGPT,44,doxorubicin,TM31_CENTRAL_NERVOUS_SYSTEM,116,0.04133144690316183,0.5601455980333788
X_scGPT,44,doxorubicin,NCIH747_LARGE_INTESTINE,80,0.0705145363907252,0.6633627373725176
X_scGPT,44,doxorubicin,KPNSI9S_AUTONOMIC_GANGLIA,129,0.04871705978886421,0.5696751343649488
X_scGPT,44,doxorubicin,SQ1_LUNG,238,0.0529585187589889,0.696071571161767
X_scGPT,44,doxorubicin,IALM_LUNG,322,0.024691873011572742,0.6531581180806486
X_scGPT,44,doxorubicin,BT474_BREAST,125,0.022459353516295407,0.6637985916137695
X_scGPT,44,doxorubicin,DKMG_CENTRAL_NERVOUS_SYSTEM,271,0.06984292738750479,0.4890120546316309
X_scGPT,44,doxorubicin,BT549_BREAST,266,0.048944203215034454,0.5739986272458744
X_scGPT,44,doxorubicin,BICR6_UPPER_AERODIGESTIVE_TRACT,286,0.06018611720109449,0.5826547106246015
X_scGPT,44,doxorubicin,SH10TC_STOMACH,351,0.062968517868933,0.5904983338127788
X_scGPT,44,doxorubicin,UMUC1_URINARY_TRACT,197,0.05718508044454504,0.6001644373545186
X_scGPT,44,doxorubicin,LS1034_LARGE_INTESTINE,146,0.028368425390061087,0.6993856572941558
X_scGPT,44,doxorubicin,CCFSTTG1_CENTRAL_NERVOUS_SYSTEM,246,0.06355115810683032,0.4794335537325076
X_scGPT,44,doxorubicin,NCIH226_LUNG,235,0.057475863543898366,0.6100596140039728
X_scGPT,44,doxorubicin,LNCAPCLONEFGC_PROSTATE,129,0.04858581741883964,0.6019718984300776
X_scGPT,44,doxorubicin,RCC10RGB_KIDNEY,233,0.08458831657790271,0.6547619406245809
X_scGPT,44,doxorubicin,RERFLCAD1_LUNG,243,0.058649324864622,0.6094936312716684
X_scGPT,44,doxorubicin,SKMEL2_SKIN,276,0.050754961624440105,0.5839768762605778
X_scGPT,44,doxorubicin,BICR31_UPPER_AERODIGESTIVE_TRACT,248,0.06463709325049859,0.618692742360215
X_scGPT,44,doxorubicin,RCM1_LARGE_INTESTINE,128,0.08084167219406471,0.6175944784190506
X_scGPT,44,doxorubicin,COV434_OVARY,88,0.03849975416171681,0.523881137709726
X_scGPT,44,doxorubicin,SNU1079_BILIARY_TRACT,73,0.08504790688252988,0.668832687890693
X_scGPT,44,doxorubicin,YD38_UPPER_AERODIGESTIVE_TRACT,624,0.02742840050773233,0.6331312157786809
X_scGPT,44,doxorubicin,NCIH1299_LUNG,534,0.04606672927323479,0.5870650741044948
X_scGPT,44,doxorubicin,IGR37_SKIN,347,0.03168889899846218,0.6454984985442258
X_scGPT,44,doxorubicin,BFTC909_KIDNEY,379,0.06464254389210526,0.5334018077259013
X_scGPT,44,doxorubicin,NCIH460_LUNG,837,0.05426204914942304,0.501786728094698
X_scGPT,44,doxorubicin,IGR1_SKIN,725,0.04793172919019988,0.6895404932416719
X_scGPT,44,doxorubicin,VMCUB1_URINARY_TRACT,478,0.027226396281857277,0.6209485696698831
X_scGPT,44,doxorubicin,JHOC5_OVARY,145,0.06388576666675279,0.6925600438282408
X_scGPT,44,doxorubicin,42MGBA_CENTRAL_NERVOUS_SYSTEM,518,0.03046845777943805,0.6150298278534274
X_scGPT,44,doxorubicin,HT1080_SOFT_TISSUE,516,0.06562231316309998,0.6448351420288863
X_scGPT,44,doxorubicin,LI7_LIVER,196,0.027997224587877307,0.6517925487489117
X_scGPT,44,doxorubicin,A375_SKIN,593,0.06247168813370578,0.48038037706788433
X_scGPT,44,doxorubicin,FTC133_THYROID,140,0.05452621445035385,0.596099057154996
X_scGPT,44,doxorubicin,OVK18_OVARY,178,0.0660273661090573,0.6107446522860045
X_scGPT,44,doxorubicin,ACCMESO1_PLEURA,162,0.04625782191347528,0.61197946689747
X_scGPT,44,doxorubicin,HMC18_BREAST,293,0.046625887800801756,0.5418038323470757
X_scGPT,44,doxorubicin,TOV112D_OVARY,78,0.043111599473614794,0.3913216724609717
X_scGPT,44,doxorubicin,JHH6_LIVER,206,0.057431357746491614,0.5895801594535124
X_scGPT,44,doxorubicin,A2058_SKIN,294,0.07382818994582559,0.6129142094631584
X_scGPT,44,doxorubicin,NCIH2110_LUNG,1990,0.04950450452245601,0.63625502173026
X_scGPT,44,doxorubicin,NCIH650_LUNG,271,0.045441952305428045,0.7021340936752263
X_scGPT,44,doxorubicin,EFE184_ENDOMETRIUM,86,0.02587325022757402,0.7028498372366262
X_scGPT,44,doxorubicin,HUPT3_PANCREAS,136,0.07982308363957011,0.6374094475279836
X_scGPT,44,doxorubicin,MDAMB361_BREAST,135,0.07809407017720522,0.7236260860054581
X_scGPT,44,doxorubicin,BCPAP_THYROID,152,0.02883954332187791,0.6643026533879732
X_scGPT,44,doxorubicin,PECAPJ49_UPPER_AERODIGESTIVE_TRACT,202,0.05713309976421073,0.5661420642149331
X_scGPT,44,doxorubicin,EKVX_LUNG,146,0.044307883298014446,0.6014595184832403
X_scGPT,44,doxorubicin,BICR56_UPPER_AERODIGESTIVE_TRACT,81,0.08530883987800505,0.5457273166120788
X_scGPT,44,doxorubicin,NCIH2170_LUNG,142,0.025089704726685296,0.6455775285270852
X_scGPT,44,doxorubicin,DETROIT562_UPPER_AERODIGESTIVE_TRACT,163,0.04691472464215613,0.5276134714392796
X_scGPT,44,doxorubicin,SW1088_CENTRAL_NERVOUS_SYSTEM,128,0.037895241088068944,0.6542494772002101
X_scGPT,44,doxorubicin,BHY_UPPER_AERODIGESTIVE_TRACT,145,0.06374856241655445,0.6674419557226116
X_scGPT,44,doxorubicin,CAS1_CENTRAL_NERVOUS_SYSTEM,133,0.05636445423948927,0.5870009255140347
X_scGPT,44,doxorubicin,HCC1428_BREAST,127,0.07134444861935374,0.6601013358183733
X_scGPT,44,doxorubicin,HDQP1_BREAST,64,0.04609941448206975,0.6669363221153617
X_scGPT,44,doxorubicin,OSRC2_KIDNEY,126,0.057263379476891134,0.7406380758399055
X_scGPT,44,doxorubicin,HUPT4_PANCREAS,56,0.07417380534825975,0.6281704109694276
X_scGPT,44,doxorubicin,TCCSUP_URINARY_TRACT,316,0.05946160368124828,0.5506630351271811
X_scGPT,44,doxorubicin,VMRCRCZ_KIDNEY,300,0.04163020500059339,0.6589934157331785
X_scGPT,44,doxorubicin,PK59_PANCREAS,174,0.050978922682324845,0.6122521790622295
X_scGPT,44,doxorubicin,HUH6_LIVER,338,0.03204331157399052,0.6870430021949069
X_scGPT,44,doxorubicin,MSTO211H_PLEURA,297,0.04178885709502689,0.6184196743098173
X_scGPT,44,doxorubicin,HS852T_SKIN,162,0.05938152989786907,0.5654945171173708
X_scGPT,44,doxorubicin,SKMEL30_SKIN,353,0.04610565740845819,0.7002705475763964
X_scGPT,44,doxorubicin,T47D_BREAST,221,0.10428559490386209,0.7151115463869604
X_scGPT,44,doxorubicin,CALU6_LUNG,258,0.04762836897435229,0.5540912593750991
X_scGPT,44,doxorubicin,NCIH522_LUNG,208,0.05388218922364316,0.4386064362927125
X_scGPT,44,doxorubicin,LMSU_STOMACH,255,0.02957981612099847,0.4941688646288479
X_scGPT,44,doxorubicin,SNUC4_LARGE_INTESTINE,467,0.05598995035228111,0.7192528339729064
X_scGPT,44,doxorubicin,RVH421_SKIN,239,0.03063137503434074,0.7041968685812531
X_scGPT,44,doxorubicin,OVSAHO_OVARY,227,0.060305658217464635,0.5451711941395562
X_scGPT,44,doxorubicin,GOS3_CENTRAL_NERVOUS_SYSTEM,191,0.046314418109544855,0.542958178913406
X_scGPT,44,doxorubicin,SNU738_CENTRAL_NERVOUS_SYSTEM,379,0.04332330753172204,0.6498477728668807
X_scGPT,44,doxorubicin,PC3_PROSTATE,169,0.04090939471803206,0.6549103062533768
X_scGPT,44,doxorubicin,PATU8988S_PANCREAS,244,0.05248917749866124,0.6648114497055773
X_scGPT,44,doxorubicin,OVTOKO_OVARY,209,0.0369167780252233,0.6409328562791268
X_scGPT,44,doxorubicin,TE1_OESOPHAGUS,206,0.026027275667133486,0.6948224578088927
X_scGPT,44,doxorubicin,NCIH2087_LUNG,219,0.07901807258182313,0.6017316661468924
X_scGPT,44,doxorubicin,EFM192A_BREAST,333,0.03177844739616962,0.6088164940073684
X_scGPT,44,doxorubicin,SNU423_LIVER,212,0.02854542591664833,0.693081869831625
X_scGPT,44,doxorubicin,KPL1_BREAST,276,0.05134587566810686,0.6027675380093463
X_scGPT,44,doxorubicin,NCIH358_LUNG,336,0.04516881824125381,0.6292499248825368
X_scGPT,44,doxorubicin,COLO792_SKIN,271,0.034371933679577193,0.671597404893474
X_scGPT,44,doxorubicin,KYSE520_OESOPHAGUS,323,0.04607440240926776,0.5555150336340854
X_scGPT,44,doxorubicin,KMRC3_KIDNEY,245,0.034947936950027673,0.6717278993859583
X_scGPT,44,doxorubicin,MKN7_STOMACH,258,0.046709046667844666,0.5942697476509006
X_scGPT,44,doxorubicin,NCIH1944_LUNG,414,0.03166010519252466,0.5954770609232538
X_scGPT,44,doxorubicin,TE6_OESOPHAGUS,551,0.0390751198707592,0.5112998473665892
X_scGPT,44,doxorubicin,ZR751_BREAST,309,0.07382083596351227,0.5943129369356099
X_scGPT,44,doxorubicin,PANC0203_PANCREAS,506,0.06464775000890027,0.5915303540677421
X_scGPT,44,doxorubicin,SW1990_PANCREAS,307,0.04945768008300216,0.6277920408629439
X_scGPT,44,doxorubicin,RD_SOFT_TISSUE,261,0.04040310428421883,0.5351697667805171
X_scGPT,44,doxorubicin,NCIH1792_LUNG,111,0.02860201370955936,0.6661224998869337
X_scGPT,44,doxorubicin,PK45H_PANCREAS,271,0.02802379230709526,0.7038101795854603
X_scGPT,44,doxorubicin,LS180_LARGE_INTESTINE,361,0.060472988399145236,0.6761994938110711
X_scGPT,44,doxorubicin,RERFLCAI_LUNG,763,0.05310945144255196,0.657058041342589
X_scGPT,44,doxorubicin,CAMA1_BREAST,291,0.06237580747675746,0.6162231016609677
X_scGPT,44,doxorubicin,SNU449_LIVER,282,0.047054209171851914,0.6072701054050568
X_scGPT,44,doxorubicin,A204_SOFT_TISSUE,250,0.031982803808573664,0.5968230948448181
X_scGPT,44,doxorubicin,MKN45_STOMACH,118,0.09271021305481324,0.6977471620854685
X_scGPT,44,doxorubicin,HEP3B217_LIVER,118,0.03600457971335172,0.6167990292532969
X_scGPT,44,doxorubicin,HOS_BONE,829,0.033729263861771566,0.6254064732279507
X_scGPT,44,doxorubicin,EBC1_LUNG,186,0.07456079390246541,0.6219602949837203
X_scGPT,44,doxorubicin,NCIH292_LUNG,213,0.04959653648633007,0.5671396424792742
X_scGPT,44,doxorubicin,OUMS23_LARGE_INTESTINE,107,0.07028699614431815,0.557627113065987
X_scGPT,44,doxorubicin,HEC151_ENDOMETRIUM,250,0.024166361570864846,0.6851193232536316
X_scGPT,44,doxorubicin,NCIH1373_LUNG,164,0.053168565227860724,0.6354030149012078
X_scGPT,44,doxorubicin,TE9_OESOPHAGUS,248,0.0445274706756012,0.5471502017349966
X_scGPT,44,doxorubicin,HCC56_LARGE_INTESTINE,99,0.05934825571203443,0.7341808514161543
X_scGPT,44,doxorubicin,HT55_LARGE_INTESTINE,211,0.07487884443155975,0.7939561532007009
X_scGPT,44,doxorubicin,RT4_URINARY_TRACT,106,0.051778357093597314,0.6229899550946254
X_scGPT,44,doxorubicin,SKES1_BONE,91,0.06243782599703036,0.3993891657708765
X_scGPT,44,doxorubicin,NCIH1435_LUNG,267,0.04994113335981518,0.6162567973583378
X_scGPT,44,doxorubicin,8305C_THYROID,459,0.02475014096272176,0.6809675342896405
X_scGPT,44,doxorubicin,NCIH2228_LUNG,367,0.05016681884794128,0.6606230993199413
X_scGPT,44,doxorubicin,TE10_OESOPHAGUS,219,0.030907054468201918,0.6726596148591063
X_scGPT,44,doxorubicin,ASPC1_PANCREAS,290,0.02044836185388475,0.7352764826396416
X_scGPT,44,doxorubicin,HCC366_LUNG,202,0.04588410747414278,0.6689096457592332
X_scGPT,44,doxorubicin,BICR16_UPPER_AERODIGESTIVE_TRACT,212,0.05833143060361954,0.5742690523840347
X_scGPT,44,doxorubicin,HEC6_ENDOMETRIUM,161,0.0405902891424461,0.6403963687997427
X_scGPT,44,doxorubicin,KALS1_CENTRAL_NERVOUS_SYSTEM,288,0.03891549032220293,0.5488152900296781
X_scGPT,44,doxorubicin,NCIH2444_LUNG,237,0.052097375669004145,0.6959834317617779
X_scGPT,44,doxorubicin,SNU46_UPPER_AERODIGESTIVE_TRACT,236,0.03520678214272714,0.6832629778122498
X_scGPT,44,doxorubicin,OAW28_OVARY,161,0.08644888610986572,0.6375613764206075
X_scGPT,44,doxorubicin,SNU1214_UPPER_AERODIGESTIVE_TRACT,188,0.04061137052236163,0.5255384215332092
X_scGPT,44,doxorubicin,SKMEL5_SKIN,297,0.02555124595514908,0.7128648007357562
X_scGPT,44,doxorubicin,OVCAR4_OVARY,283,0.05308990305503483,0.6837748099552869
X_scGPT,44,doxorubicin,UACC257_SKIN,239,0.04134046058366473,0.6305319300256513
X_scGPT,44,doxorubicin,ONCODG1_OVARY,270,0.05318293791519959,0.5856657838379895
X_scGPT,44,doxorubicin,HUH28_BILIARY_TRACT,139,0.0385314527719935,0.5697633145953254
X_scGPT,44,doxorubicin,IM95_STOMACH,185,0.027674467144942694,0.7073143453211398
X_scGPT,44,doxorubicin,TE14_OESOPHAGUS,474,0.03597875096884994,0.5325244762600726
X_scGPT,44,doxorubicin,CAKI2_KIDNEY,278,0.019619771446319868,0.7306400393839363
X_scGPT,44,doxorubicin,SU8686_PANCREAS,82,0.045308506650495343,0.6768378041139463
X_scGPT,44,doxorubicin,SCC25_UPPER_AERODIGESTIVE_TRACT,898,0.04055796395198972,0.35537798652935665
X_scGPT,44,doxorubicin,SCC9_UPPER_AERODIGESTIVE_TRACT,475,0.036819476315756765,0.5013697699496621
X_scGPT,44,platin,NCIH2126_LUNG,264,0.0103605443097875,0.9885074758168423
X_scGPT,44,platin,SW579_THYROID,217,0.013130488280368427,1.0064465398063307
X_scGPT,44,platin,NCIH446_LUNG,196,0.018487710576222817,1.012977632941032
X_scGPT,44,platin,HEC251_ENDOMETRIUM,107,0.03171994605053201,1.0192931522832853
X_scGPT,44,platin,MFE319_ENDOMETRIUM,191,0.02377653145631977,0.989962119394572
X_scGPT,44,platin,SKNAS_AUTONOMIC_GANGLIA,226,0.017988039077568956,1.0062326409120474
X_scGPT,44,platin,NCIH2452_PLEURA,538,0.017950688952541923,1.007714401058105
X_scGPT,44,platin,COLO741_SKIN,329,0.019499805401879823,1.041795888207966
X_scGPT,44,platin,KNS42_CENTRAL_NERVOUS_SYSTEM,172,0.010731827247105951,0.9911852936412013
X_scGPT,44,platin,MCF7_BREAST,143,0.015428437473532949,0.980788407625852
X_scGPT,44,platin,HT1197_URINARY_TRACT,74,0.009360604841838071,0.9702671677679628
X_scGPT,44,platin,SNU899_UPPER_AERODIGESTIVE_TRACT,83,0.013477996826302525,0.9737017801009029
X_scGPT,44,platin,HCC38_BREAST,200,0.0378039162660236,1.0566221460700036
X_scGPT,44,platin,SNU308_BILIARY_TRACT,94,0.014524539008321293,0.9605916491214265
X_scGPT,44,platin,SW1271_LUNG,115,0.018388106585325286,0.9505180193030316
X_scGPT,44,platin,TM31_CENTRAL_NERVOUS_SYSTEM,116,0.01536800138183799,0.9584339728643154
X_scGPT,44,platin,NCIH747_LARGE_INTESTINE,80,0.05266646136201255,0.985511238873005
X_scGPT,44,platin,KPNSI9S_AUTONOMIC_GANGLIA,129,0.02527043495026465,1.0088590166365454
X_scGPT,44,platin,SQ1_LUNG,238,0.020205985017012863,0.9884148250107004
X_scGPT,44,platin,IALM_LUNG,322,0.010416649579501867,0.9680316070592181
X_scGPT,44,platin,BT474_BREAST,125,0.007165990720237874,0.9964637546539307
X_scGPT,44,platin,DKMG_CENTRAL_NERVOUS_SYSTEM,271,0.04001305527451647,0.971567547409297
X_scGPT,44,platin,BT549_BREAST,266,0.019918817248165435,0.9604455140748418
X_scGPT,44,platin,BICR6_UPPER_AERODIGESTIVE_TRACT,286,0.04410981511671949,0.9471000874792779
X_scGPT,44,platin,SH10TC_STOMACH,351,0.049729418289853125,0.984788152736816
X_scGPT,44,platin,UMUC1_URINARY_TRACT,197,0.01986561424584908,0.9555967483423689
X_scGPT,44,platin,LS1034_LARGE_INTESTINE,146,0.009740035206859125,0.9901653324088006
X_scGPT,44,platin,CCFSTTG1_CENTRAL_NERVOUS_SYSTEM,246,0.028086153262314954,0.9784135716717418
X_scGPT,44,platin,NCIH226_LUNG,235,0.023190422197762232,0.9620094073579667
X_scGPT,44,platin,LNCAPCLONEFGC_PROSTATE,129,0.027357301582293197,0.928236323271611
X_scGPT,44,platin,RCC10RGB_KIDNEY,233,0.06394533698081653,0.9787815980645208
X_scGPT,44,platin,RERFLCAD1_LUNG,243,0.0694550964809799,0.9589780412093112
X_scGPT,44,platin,SKMEL2_SKIN,276,0.013193746886808414,0.9853995120611744
X_scGPT,44,platin,BICR31_UPPER_AERODIGESTIVE_TRACT,248,0.022233241123570464,1.0007283346306892
X_scGPT,44,platin,RCM1_LARGE_INTESTINE,128,0.05396349159286274,1.023275036830455
X_scGPT,44,platin,COV434_OVARY,88,0.011187612410434122,0.9739597548138011
X_scGPT,44,platin,SNU1079_BILIARY_TRACT,73,0.017066138963179822,0.9641146692511153
X_scGPT,44,platin,YD38_UPPER_AERODIGESTIVE_TRACT,624,0.012122273502528053,0.9569246247410774
X_scGPT,44,platin,NCIH1299_LUNG,534,0.019218733082664884,0.9871941357292933
X_scGPT,44,platin,IGR37_SKIN,347,0.02193551299910245,1.1095151370471767
X_scGPT,44,platin,BFTC909_KIDNEY,379,0.04032126491862375,0.9637253614717549
X_scGPT,44,platin,NCIH460_LUNG,837,0.019819804387322455,1.0100587689036251
X_scGPT,44,platin,IGR1_SKIN,725,0.030763775527992508,1.1149322614998654
X_scGPT,44,platin,VMCUB1_URINARY_TRACT,478,0.01189912106874502,0.9652216621522625
X_scGPT,44,platin,JHOC5_OVARY,145,0.0398133001078512,1.0167025241358527
X_scGPT,44,platin,42MGBA_CENTRAL_NERVOUS_SYSTEM,518,0.01132377685840096,0.9732478874300438
X_scGPT,44,platin,HT1080_SOFT_TISSUE,516,0.03651961534692693,1.0123552057401155
X_scGPT,44,platin,LI7_LIVER,196,0.012079068241615774,0.9922972954049403
X_scGPT,44,platin,A375_SKIN,593,0.026521023022388866,1.0399409699399798
X_scGPT,44,platin,FTC133_THYROID,140,0.014600883853982624,1.0159971786396844
X_scGPT,44,platin,OVK18_OVARY,178,0.029420865595075476,1.0715871078244756
X_scGPT,44,platin,ACCMESO1_PLEURA,162,0.020324024017653188,0.962578413663087
X_scGPT,44,platin,HMC18_BREAST,293,0.01705389828984654,0.9903745575976454
X_scGPT,44,platin,TOV112D_OVARY,78,0.017592901554218946,0.9816762537528307
X_scGPT,44,platin,JHH6_LIVER,206,0.018587262615025014,1.0046599313472082
X_scGPT,44,platin,A2058_SKIN,294,0.04206078232963905,1.0628341136335515
X_scGPT,44,platin,NCIH2110_LUNG,1990,0.015092804790660672,0.9701538828749153
X_scGPT,44,platin,NCIH650_LUNG,271,0.04259265541814903,0.9948914697689324
X_scGPT,44,platin,EFE184_ENDOMETRIUM,86,0.0098858704434222,0.9805702608685161
X_scGPT,44,platin,HUPT3_PANCREAS,136,0.06122255125820237,0.960743219975163
X_scGPT,44,platin,MDAMB361_BREAST,135,0.01902999281803776,1.018405066596137
X_scGPT,44,platin,BCPAP_THYROID,152,0.012795731454489806,0.9588633199271402
X_scGPT,44,platin,PECAPJ49_UPPER_AERODIGESTIVE_TRACT,202,0.018767837141639827,0.9490302503108978
X_scGPT,44,platin,EKVX_LUNG,146,0.017534439499165486,0.9877965952435585
X_scGPT,44,platin,BICR56_UPPER_AERODIGESTIVE_TRACT,81,0.02679683474280686,1.019666509863771
X_scGPT,44,platin,NCIH2170_LUNG,142,0.011831056349513397,0.9721153441449286
X_scGPT,44,platin,DETROIT562_UPPER_AERODIGESTIVE_TRACT,163,0.011937505433220006,0.9791421802497349
X_scGPT,44,platin,SW1088_CENTRAL_NERVOUS_SYSTEM,128,0.015267143827886583,0.9698054566979408
X_scGPT,44,platin,BHY_UPPER_AERODIGESTIVE_TRACT,145,0.020697436049573633,0.988108412972812
X_scGPT,44,platin,CAS1_CENTRAL_NERVOUS_SYSTEM,133,0.02127439641283189,0.9624277191950863
X_scGPT,44,platin,HCC1428_BREAST,127,0.0377794286938016,1.1112675929632712
X_scGPT,44,platin,HDQP1_BREAST,64,0.017258235024783904,1.0087768053635955
X_scGPT,44,platin,OSRC2_KIDNEY,126,0.021622975025781623,1.0167030346772028
X_scGPT,44,platin,HUPT4_PANCREAS,56,0.08231052922261786,0.9192637194480214
X_scGPT,44,platin,TCCSUP_URINARY_TRACT,316,0.017050892714618213,1.0013228164443486
X_scGPT,44,platin,VMRCRCZ_KIDNEY,300,0.024558448349065908,0.9638327372074127
X_scGPT,44,platin,PK59_PANCREAS,174,0.06358773937390556,0.9297242760658264
X_scGPT,44,platin,HUH6_LIVER,338,0.011834499328572267,0.9717107528060146
X_scGPT,44,platin,MSTO211H_PLEURA,297,0.020228678759972744,0.9330002633409468
X_scGPT,44,platin,HS852T_SKIN,162,0.01971043120329734,1.011710888809628
X_scGPT,44,platin,SKMEL30_SKIN,353,0.022737222958382187,0.9740035322840424
X_scGPT,44,platin,T47D_BREAST,221,0.02633752867858101,0.9910239547625925
X_scGPT,44,platin,CALU6_LUNG,258,0.021436046741345322,0.9934736365495727
X_scGPT,44,platin,NCIH522_LUNG,208,0.02303910795621283,0.9597716787113593
X_scGPT,44,platin,LMSU_STOMACH,255,0.017325088832472288,0.9607938350415697
X_scGPT,44,platin,SNUC4_LARGE_INTESTINE,467,0.04981082008280768,0.9751522313859274
X_scGPT,44,platin,RVH421_SKIN,239,0.020619433765072408,0.9795732854799246
X_scGPT,44,platin,OVSAHO_OVARY,227,0.02616985408269848,1.000257125509993
X_scGPT,44,platin,GOS3_CENTRAL_NERVOUS_SYSTEM,191,0.020855699952275084,0.9584899560319191
X_scGPT,44,platin,SNU738_CENTRAL_NERVOUS_SYSTEM,379,0.021909292906285092,0.9275014026183881
X_scGPT,44,platin,PC3_PROSTATE,169,0.018366927145969755,0.9464043174269636
X_scGPT,44,platin,PATU8988S_PANCREAS,244,0.027271422981527974,0.9498387826759307
X_scGPT,44,platin,OVTOKO_OVARY,209,0.022407636906658677,0.9733897909593354
X_scGPT,44,platin,TE1_OESOPHAGUS,206,0.011854506958166275,0.9687323984011863
X_scGPT,44,platin,NCIH2087_LUNG,219,0.05786823544422075,0.8964854473392713
X_scGPT,44,platin,EFM192A_BREAST,333,0.03092402499179369,0.9840018754606848
X_scGPT,44,platin,SNU423_LIVER,212,0.011900584876036019,0.9390375678831676
X_scGPT,44,platin,KPL1_BREAST,276,0.025320714623011786,1.0037656869145408
X_scGPT,44,platin,NCIH358_LUNG,336,0.014586971207804566,0.940578419005587
X_scGPT,44,platin,COLO792_SKIN,271,0.034120200803569437,1.013572313688778
X_scGPT,44,platin,KYSE520_OESOPHAGUS,323,0.015666602558748622,0.9461778031414139
X_scGPT,44,platin,KMRC3_KIDNEY,245,0.018462486470718697,0.9128132228948632
X_scGPT,44,platin,MKN7_STOMACH,258,0.04578486409129585,0.9240781017976214
X_scGPT,44,platin,NCIH1944_LUNG,414,0.014321347826957034,0.9599091093897244
X_scGPT,44,platin,TE6_OESOPHAGUS,551,0.013585630253324819,0.9505332003055164
X_scGPT,44,platin,ZR751_BREAST,309,0.01647807139068701,0.9661077517521806
X_scGPT,44,platin,PANC0203_PANCREAS,506,0.017423854870085704,0.9608269238424867
X_scGPT,44,platin,SW1990_PANCREAS,307,0.05331843505725884,0.9094802515902815
X_scGPT,44,platin,RD_SOFT_TISSUE,261,0.017328004280258286,0.9452143884709968
X_scGPT,44,platin,NCIH1792_LUNG,111,0.012455363901598385,0.9545382868062269
X_scGPT,44,platin,PK45H_PANCREAS,271,0.011678826559656344,0.9517450717542444
X_scGPT,44,platin,LS180_LARGE_INTESTINE,361,0.021752926559460654,0.9724111198718528
X_scGPT,44,platin,RERFLCAI_LUNG,763,0.05788734303760275,0.9181412198284195
X_scGPT,44,platin,CAMA1_BREAST,291,0.026250967551967402,1.0016690498774814
X_scGPT,44,platin,SNU449_LIVER,282,0.014223064145084724,0.9737757222449526
X_scGPT,44,platin,A204_SOFT_TISSUE,250,0.011943838005468051,0.9787501595020294
X_scGPT,44,platin,MKN45_STOMACH,118,0.017983753813653598,0.923338411218029
X_scGPT,44,platin,HEP3B217_LIVER,118,0.014997398890747892,0.9174429779335603
X_scGPT,44,platin,HOS_BONE,829,0.012960248272420408,0.9390935593692471
X_scGPT,44,platin,EBC1_LUNG,186,0.023494178010610545,0.9562246613605048
X_scGPT,44,platin,NCIH292_LUNG,213,0.01835505493132786,0.965024837585682
X_scGPT,44,platin,OUMS23_LARGE_INTESTINE,107,0.06900842251617217,0.9429474372730077
X_scGPT,44,platin,HEC151_ENDOMETRIUM,250,0.011174627762368553,0.9712230243682861
X_scGPT,44,platin,NCIH1373_LUNG,164,0.016185078855599343,0.9493899817873792
X_scGPT,44,platin,TE9_OESOPHAGUS,248,0.010847562721001278,0.9607939450971542
X_scGPT,44,platin,HCC56_LARGE_INTESTINE,99,0.02285859158158607,0.9681244059042498
X_scGPT,44,platin,HT55_LARGE_INTESTINE,211,0.01778802752505076,0.9469520992012386
X_scGPT,44,platin,RT4_URINARY_TRACT,106,0.04153719433294836,0.8875101169325271
X_scGPT,44,platin,SKES1_BONE,91,0.020802924484779817,0.9624658881962954
X_scGPT,44,platin,NCIH1435_LUNG,267,0.020881391838512692,0.9634318394160896
X_scGPT,44,platin,8305C_THYROID,459,0.010974516117390623,0.9571388287222203
X_scGPT,44,platin,NCIH2228_LUNG,367,0.01710795303242408,0.9646344607142726
X_scGPT,44,platin,TE10_OESOPHAGUS,219,0.009971265624017485,0.9585343572102725
X_scGPT,44,platin,ASPC1_PANCREAS,290,0.008084345724038227,0.9665196024138352
X_scGPT,44,platin,HCC366_LUNG,202,0.049396637808385165,0.9299168985078831
X_scGPT,44,platin,BICR16_UPPER_AERODIGESTIVE_TRACT,212,0.041880034709301794,0.8816058548553934
X_scGPT,44,platin,HEC6_ENDOMETRIUM,161,0.01221853344001347,0.9320299014541673
X_scGPT,44,platin,KALS1_CENTRAL_NERVOUS_SYSTEM,288,0.014080124510334266,0.9375432605544726
X_scGPT,44,platin,NCIH2444_LUNG,237,0.02068521188217066,0.9605298379302528
X_scGPT,44,platin,SNU46_UPPER_AERODIGESTIVE_TRACT,236,0.012370817958446632,0.9470178189419084
X_scGPT,44,platin,OAW28_OVARY,161,0.08767068254314812,0.9198605766207535
X_scGPT,44,platin,SNU1214_UPPER_AERODIGESTIVE_TRACT,188,0.01969440762993863,0.9138754349439702
X_scGPT,44,platin,SKMEL5_SKIN,297,0.017380682387569592,1.0259078329661078
X_scGPT,44,platin,OVCAR4_OVARY,283,0.014707608293121816,0.9233953468369932
X_scGPT,44,platin,UACC257_SKIN,239,0.011606175842687845,0.9734612992617875
X_scGPT,44,platin,ONCODG1_OVARY,270,0.013283882420523484,0.9533848471111721
X_scGPT,44,platin,HUH28_BILIARY_TRACT,139,0.01606859556786042,0.9318252801895142
X_scGPT,44,platin,IM95_STOMACH,185,0.009609815717974477,0.9809150972881833
X_scGPT,44,platin,TE14_OESOPHAGUS,474,0.013561354063347304,0.9136429305821029
X_scGPT,44,platin,CAKI2_KIDNEY,278,0.01173310847009799,0.96806895582796
X_scGPT,44,platin,SU8686_PANCREAS,82,0.014954214305595005,0.9103147147632227
X_scGPT,44,platin,SCC25_UPPER_AERODIGESTIVE_TRACT,898,0.016759433191189096,0.9608274745383613
X_scGPT,44,platin,SCC9_UPPER_AERODIGESTIVE_TRACT,475,0.016888838522450454,0.9493237733840942
X_scGPT,44,etoposide,NCIH2126_LUNG,264,0.014616685551805852,0.8909730172970078
X_scGPT,44,etoposide,SW579_THYROID,217,0.04330796684129172,0.8779062513382204
X_scGPT,44,etoposide,NCIH446_LUNG,196,0.0748569702693778,0.6784968999575596
X_scGPT,44,etoposide,HEC251_ENDOMETRIUM,107,0.07237493886449696,0.9065197940184692
X_scGPT,44,etoposide,MFE319_ENDOMETRIUM,191,0.05594416482368519,0.9239524378202348
X_scGPT,44,etoposide,SKNAS_AUTONOMIC_GANGLIA,226,0.043083883576214635,0.7876708396768148
X_scGPT,44,etoposide,NCIH2452_PLEURA,538,0.0586434332010294,0.835335752888683
X_scGPT,44,etoposide,COLO741_SKIN,329,0.057629169170891587,0.9426634541760824
X_scGPT,44,etoposide,KNS42_CENTRAL_NERVOUS_SYSTEM,172,0.015746873724413014,0.8679611648237983
X_scGPT,44,etoposide,MCF7_BREAST,143,0.06082702388379949,0.9911505313186378
X_scGPT,44,etoposide,HT1197_URINARY_TRACT,74,0.013674410929179407,0.9049699145394403
X_scGPT,44,etoposide,SNU899_UPPER_AERODIGESTIVE_TRACT,83,0.038348844301619354,0.9657633814467005
X_scGPT,44,etoposide,HCC38_BREAST,200,0.04031582545472769,0.8852688118815422
X_scGPT,44,etoposide,SNU308_BILIARY_TRACT,94,0.021220191322727306,0.8956211494638565
X_scGPT,44,etoposide,SW1271_LUNG,115,0.04249205019354976,0.9106105835541435
X_scGPT,44,etoposide,TM31_CENTRAL_NERVOUS_SYSTEM,116,0.0334978508645196,0.8790589545307488
X_scGPT,44,etoposide,NCIH747_LARGE_INTESTINE,80,0.03220430558077856,0.9325972907245159
X_scGPT,44,etoposide,KPNSI9S_AUTONOMIC_GANGLIA,129,0.026447505366990188,0.8817298694174419
X_scGPT,44,etoposide,SQ1_LUNG,238,0.0335725703646271,0.9448798111005992
X_scGPT,44,etoposide,IALM_LUNG,322,0.014358205940520053,0.8682248009287793
X_scGPT,44,etoposide,BT474_BREAST,125,0.013408139541693617,0.8740394954681396
X_scGPT,44,etoposide,DKMG_CENTRAL_NERVOUS_SYSTEM,271,0.031105073862990638,0.8205513373512183
X_scGPT,44,etoposide,BT549_BREAST,266,0.036067889743544725,0.8514524913371954
X_scGPT,44,etoposide,BICR6_UPPER_AERODIGESTIVE_TRACT,286,0.022921521639526942,0.8894557719464069
X_scGPT,44,etoposide,SH10TC_STOMACH,351,0.03669142205696688,0.8997667039561476
X_scGPT,44,etoposide,UMUC1_URINARY_TRACT,197,0.023777158584877688,0.8980517441851233
X_scGPT,44,etoposide,LS1034_LARGE_INTESTINE,146,0.016117763219754444,0.8948017897671217
X_scGPT,44,etoposide,CCFSTTG1_CENTRAL_NERVOUS_SYSTEM,246,0.025085656621249692,0.8333624984190716
X_scGPT,44,etoposide,NCIH226_LUNG,235,0.04182928559264467,0.8646171572360587
X_scGPT,44,etoposide,LNCAPCLONEFGC_PROSTATE,129,0.03910065662794028,0.8706272521684336
X_scGPT,44,etoposide,RCC10RGB_KIDNEY,233,0.04411228867760032,0.9010682809506363
X_scGPT,44,etoposide,RERFLCAD1_LUNG,243,0.02862295568150574,0.8774949797877559
X_scGPT,44,etoposide,SKMEL2_SKIN,276,0.046432882021138974,0.8723254283701164
X_scGPT,44,etoposide,BICR31_UPPER_AERODIGESTIVE_TRACT,248,0.039690082221163915,0.8986520099063073
X_scGPT,44,etoposide,RCM1_LARGE_INTESTINE,128,0.0622258010202733,0.8906155950389802
X_scGPT,44,etoposide,COV434_OVARY,88,0.0167509161726562,0.8046377443454482
X_scGPT,44,etoposide,SNU1079_BILIARY_TRACT,73,0.051649336000834385,0.9178951317316866
X_scGPT,44,etoposide,YD38_UPPER_AERODIGESTIVE_TRACT,624,0.01451284360566929,0.8872008510889151
X_scGPT,44,etoposide,NCIH1299_LUNG,534,0.0388897398571781,0.8602539653635204
X_scGPT,44,etoposide,IGR37_SKIN,347,0.02972923388918212,0.9641594429868099
X_scGPT,44,etoposide,BFTC909_KIDNEY,379,0.03487400266986882,0.8199924359535479
X_scGPT,44,etoposide,NCIH460_LUNG,837,0.040754385430850956,0.7574776623268994
X_scGPT,44,etoposide,IGR1_SKIN,725,0.03238073571318623,0.9254005876902877
X_scGPT,44,etoposide,VMCUB1_URINARY_TRACT,478,0.013368064585173539,0.8779500444813253
X_scGPT,44,etoposide,JHOC5_OVARY,145,0.03342194614404725,0.9136180951677519
X_scGPT,44,etoposide,42MGBA_CENTRAL_NERVOUS_SYSTEM,518,0.013691154407434906,0.8480778479207897
X_scGPT,44,etoposide,HT1080_SOFT_TISSUE,516,0.03874047233846425,0.8753703096809313
X_scGPT,44,etoposide,LI7_LIVER,196,0.016636501518577193,0.8677952338238152
X_scGPT,44,etoposide,A375_SKIN,593,0.04388397897786967,0.7756899512839358
X_scGPT,44,etoposide,FTC133_THYROID,140,0.03143101412877533,0.8889412684100014
X_scGPT,44,etoposide,OVK18_OVARY,178,0.036614504052313715,0.8996564190039474
X_scGPT,44,etoposide,ACCMESO1_PLEURA,162,0.03955377877301847,0.8947946112832905
X_scGPT,44,etoposide,HMC18_BREAST,293,0.030793881032820252,0.8703423703896714
X_scGPT,44,etoposide,TOV112D_OVARY,78,0.03395494998536857,0.7756165923216404
X_scGPT,44,etoposide,JHH6_LIVER,206,0.03320427858559064,0.8585105680146263
X_scGPT,44,etoposide,A2058_SKIN,294,0.047469328715111836,0.8732457465055038
X_scGPT,44,etoposide,NCIH2110_LUNG,1990,0.02416182597829663,0.9129977653374025
X_scGPT,44,etoposide,NCIH650_LUNG,271,0.024156605906614045,0.8974837315478448
X_scGPT,44,etoposide,EFE184_ENDOMETRIUM,86,0.01538391809424931,0.8948364396427952
X_scGPT,44,etoposide,HUPT3_PANCREAS,136,0.03665009620999082,0.9002295640461585
X_scGPT,44,etoposide,MDAMB361_BREAST,135,0.06157963416855972,1.0198959906895955
X_scGPT,44,etoposide,BCPAP_THYROID,152,0.017835277297414485,0.875099992673648
X_scGPT,44,etoposide,PECAPJ49_UPPER_AERODIGESTIVE_TRACT,202,0.020862327399828344,0.9065717482330775
X_scGPT,44,etoposide,EKVX_LUNG,146,0.04206442533256005,0.94102061488857
X_scGPT,44,etoposide,BICR56_UPPER_AERODIGESTIVE_TRACT,81,0.035098996482015206,0.8934972102259412
X_scGPT,44,etoposide,NCIH2170_LUNG,142,0.015146824846083588,0.8671633366128089
X_scGPT,44,etoposide,DETROIT562_UPPER_AERODIGESTIVE_TRACT,163,0.0461367539756419,0.9269433950353985
X_scGPT,44,etoposide,SW1088_CENTRAL_NERVOUS_SYSTEM,128,0.01866180275644567,0.8699283106252551
X_scGPT,44,etoposide,BHY_UPPER_AERODIGESTIVE_TRACT,145,0.03964016757628733,0.9128957300350584
X_scGPT,44,etoposide,CAS1_CENTRAL_NERVOUS_SYSTEM,133,0.04584148657481785,0.8694490100208082
X_scGPT,44,etoposide,HCC1428_BREAST,127,0.03754174673774388,0.913560678170422
X_scGPT,44,etoposide,HDQP1_BREAST,64,0.033617565371108174,0.9164143679663539
X_scGPT,44,etoposide,OSRC2_KIDNEY,126,0.041013396999167985,0.9798460049288613
X_scGPT,44,etoposide,HUPT4_PANCREAS,56,0.03669918240749551,0.9290755071810314
X_scGPT,44,etoposide,TCCSUP_URINARY_TRACT,316,0.03789267575805925,0.8877063638801816
X_scGPT,44,etoposide,VMRCRCZ_KIDNEY,300,0.04530355656508969,0.9286499204238255
X_scGPT,44,etoposide,PK59_PANCREAS,174,0.0267825346190598,0.8950757069149237
X_scGPT,44,etoposide,HUH6_LIVER,338,0.017818936988957215,0.8758085786238224
X_scGPT,44,etoposide,MSTO211H_PLEURA,297,0.02863193773499052,0.8783911251861238
X_scGPT,44,etoposide,HS852T_SKIN,162,0.0350947578587896,0.9009826889744511
X_scGPT,44,etoposide,SKMEL30_SKIN,353,0.04306829378382936,0.9742260534770091
X_scGPT,44,etoposide,T47D_BREAST,221,0.08174795705313845,1.012999068018538
X_scGPT,44,etoposide,CALU6_LUNG,258,0.03924989022187775,0.8468342640603236
X_scGPT,44,etoposide,NCIH522_LUNG,208,0.04611814768351301,0.7966361169058543
X_scGPT,44,etoposide,LMSU_STOMACH,255,0.02964956251070839,0.8645985463086296
X_scGPT,44,etoposide,SNUC4_LARGE_INTESTINE,467,0.02971351106992771,0.9559399262230197
X_scGPT,44,etoposide,RVH421_SKIN,239,0.01690984348435366,0.880993188425088
X_scGPT,44,etoposide,OVSAHO_OVARY,227,0.056168700909285114,0.9037158399951616
X_scGPT,44,etoposide,GOS3_CENTRAL_NERVOUS_SYSTEM,191,0.043716877532166555,0.8826873533388707
X_scGPT,44,etoposide,SNU738_CENTRAL_NERVOUS_SYSTEM,379,0.0303591063783984,0.915120493768073
X_scGPT,44,etoposide,PC3_PROSTATE,169,0.02807085636159386,0.9136707683992104
X_scGPT,44,etoposide,PATU8988S_PANCREAS,244,0.04399126782918916,1.0062841377297387
X_scGPT,44,etoposide,OVTOKO_OVARY,209,0.03653459479035344,0.9468076953477267
X_scGPT,44,etoposide,TE1_OESOPHAGUS,206,0.016672357099955418,0.9019933143287029
X_scGPT,44,etoposide,NCIH2087_LUNG,219,0.032353668954878664,0.9038659663505206
X_scGPT,44,etoposide,EFM192A_BREAST,333,0.02145796927316682,0.9296233049026122
X_scGPT,44,etoposide,SNU423_LIVER,212,0.016298769373101752,0.898545466504007
X_scGPT,44,etoposide,KPL1_BREAST,276,0.035121480686787485,0.8981012118899304
X_scGPT,44,etoposide,NCIH358_LUNG,336,0.020268285015405944,0.9078400370975336
X_scGPT,44,etoposide,COLO792_SKIN,271,0.04239442332896785,0.9636768692094022
X_scGPT,44,etoposide,KYSE520_OESOPHAGUS,323,0.02837544722076287,0.9129732441237837
X_scGPT,44,etoposide,KMRC3_KIDNEY,245,0.02419863396287358,0.9347149887863471
X_scGPT,44,etoposide,MKN7_STOMACH,258,0.021350427042140945,0.89539799972098
X_scGPT,44,etoposide,NCIH1944_LUNG,414,0.029409939917936574,0.9058984935571606
X_scGPT,44,etoposide,TE6_OESOPHAGUS,551,0.0361283400362407,0.8770625227808736
X_scGPT,44,etoposide,ZR751_BREAST,309,0.053174768409215964,0.9260019659996033
X_scGPT,44,etoposide,PANC0203_PANCREAS,506,0.024363528930960693,0.8851774702430243
X_scGPT,44,etoposide,SW1990_PANCREAS,307,0.026830732866262,0.9088594709623132
X_scGPT,44,etoposide,RD_SOFT_TISSUE,261,0.02647622513863029,0.8414352807962118
X_scGPT,44,etoposide,NCIH1792_LUNG,111,0.01731562496700591,0.8720351645538399
X_scGPT,44,etoposide,PK45H_PANCREAS,271,0.015457661227715995,0.8989283262143716
X_scGPT,44,etoposide,LS180_LARGE_INTESTINE,361,0.043872266131825655,0.9322126659660128
X_scGPT,44,etoposide,RERFLCAI_LUNG,763,0.027791923951378757,0.9249419774640435
X_scGPT,44,etoposide,CAMA1_BREAST,291,0.0325199477503974,0.9431447124563132
X_scGPT,44,etoposide,SNU449_LIVER,282,0.03299030188019109,0.9383623255482803
X_scGPT,44,etoposide,A204_SOFT_TISSUE,250,0.016390081042437277,0.8374561741352081
X_scGPT,44,etoposide,MKN45_STOMACH,118,0.048669066210201,0.9757008865728216
X_scGPT,44,etoposide,HEP3B217_LIVER,118,0.03727378861469717,0.9334371670828028
X_scGPT,44,etoposide,HOS_BONE,829,0.01780018490474109,0.8732498849689313
X_scGPT,44,etoposide,EBC1_LUNG,186,0.03513859993414588,0.9066377089869592
X_scGPT,44,etoposide,NCIH292_LUNG,213,0.029636140567696798,0.8946315385925938
X_scGPT,44,etoposide,OUMS23_LARGE_INTESTINE,107,0.038625097398884846,0.9286523338790252
X_scGPT,44,etoposide,HEC151_ENDOMETRIUM,250,0.014643317947757,0.8901588938236237
X_scGPT,44,etoposide,NCIH1373_LUNG,164,0.026465828665856853,0.907446150009225
X_scGPT,44,etoposide,TE9_OESOPHAGUS,248,0.035995162379299464,0.9340028895005104
X_scGPT,44,etoposide,HCC56_LARGE_INTESTINE,99,0.040626459905486814,0.9799128204885156
X_scGPT,44,etoposide,HT55_LARGE_INTESTINE,211,0.05100215053277167,1.0448113781580992
X_scGPT,44,etoposide,RT4_URINARY_TRACT,106,0.02460333255125894,0.9377252819403162
X_scGPT,44,etoposide,SKES1_BONE,91,0.048541360696976975,0.76994719348111
X_scGPT,44,etoposide,NCIH1435_LUNG,267,0.028583435057277812,0.9124197616112812
X_scGPT,44,etoposide,8305C_THYROID,459,0.014478013505019793,0.8912185275996173
X_scGPT,44,etoposide,NCIH2228_LUNG,367,0.029205097670314213,0.9378904079871216
X_scGPT,44,etoposide,TE10_OESOPHAGUS,219,0.01210785431635195,0.911289973618233
X_scGPT,44,etoposide,ASPC1_PANCREAS,290,0.013114882164566353,0.9166749296517208
X_scGPT,44,etoposide,HCC366_LUNG,202,0.023702692889370564,0.9254610346685542
X_scGPT,44,etoposide,BICR16_UPPER_AERODIGESTIVE_TRACT,212,0.02145721114703712,0.9121341696887646
X_scGPT,44,etoposide,HEC6_ENDOMETRIUM,161,0.02194789321393846,0.9384814660001245
X_scGPT,44,etoposide,KALS1_CENTRAL_NERVOUS_SYSTEM,288,0.028283704310156744,0.9176350952022605
X_scGPT,44,etoposide,NCIH2444_LUNG,237,0.0414836231567789,0.970458697166121
X_scGPT,44,etoposide,SNU46_UPPER_AERODIGESTIVE_TRACT,236,0.019566621653483284,0.9035144771559763
X_scGPT,44,etoposide,OAW28_OVARY,161,0.04339137247799042,0.9550337036203894
X_scGPT,44,etoposide,SNU1214_UPPER_AERODIGESTIVE_TRACT,188,0.017221738238539473,0.900891291017228
X_scGPT,44,etoposide,SKMEL5_SKIN,297,0.014498518575044708,0.8903553521994388
X_scGPT,44,etoposide,OVCAR4_OVARY,283,0.03340090007035413,0.9557886300575607
X_scGPT,44,etoposide,UACC257_SKIN,239,0.023944592802744608,0.9867558541657037
X_scGPT,44,etoposide,ONCODG1_OVARY,270,0.04285699266525321,0.9639365370626802
X_scGPT,44,etoposide,HUH28_BILIARY_TRACT,139,0.03185068782823005,0.9220416790289845
X_scGPT,44,etoposide,IM95_STOMACH,185,0.017892478072677166,0.906103064240636
X_scGPT,44,etoposide,TE14_OESOPHAGUS,474,0.012825840270812029,0.9209610677721128
X_scGPT,44,etoposide,CAKI2_KIDNEY,278,0.013294595586719951,0.9094040284482695
X_scGPT,44,etoposide,SU8686_PANCREAS,82,0.026562672324618123,0.9502382750918226
X_scGPT,44,etoposide,SCC25_UPPER_AERODIGESTIVE_TRACT,898,0.03087330662454832,0.8700520497122427
X_scGPT,44,etoposide,SCC9_UPPER_AERODIGESTIVE_TRACT,475,0.03761117652864652,0.8486481597549037
X_scGPT,44,paclitaxel,NCIH2126_LUNG,264,0.03956252886930991,0.7166393166690161
X_scGPT,44,paclitaxel,SW579_THYROID,217,0.07346929659917069,0.5822770760356006
X_scGPT,44,paclitaxel,NCIH446_LUNG,196,0.11065694038886542,0.21886672140384206
X_scGPT,44,paclitaxel,HEC251_ENDOMETRIUM,107,0.19289049444249043,0.575967018292329
X_scGPT,44,paclitaxel,MFE319_ENDOMETRIUM,191,0.12804265139682852,0.5191053066266145
X_scGPT,44,paclitaxel,SKNAS_AUTONOMIC_GANGLIA,226,0.06847101472127655,0.32036136605043325
X_scGPT,44,paclitaxel,NCIH2452_PLEURA,538,0.10175007494473273,0.5700615659965459
X_scGPT,44,paclitaxel,COLO741_SKIN,329,0.09302403747338277,0.6463850844413677
X_scGPT,44,paclitaxel,KNS42_CENTRAL_NERVOUS_SYSTEM,172,0.0628788116995078,0.6612144868041194
X_scGPT,44,paclitaxel,MCF7_BREAST,143,0.15106667585284084,0.604221517181063
X_scGPT,44,paclitaxel,HT1197_URINARY_TRACT,74,0.040115686522627765,0.7869884766436912
X_scGPT,44,paclitaxel,SNU899_UPPER_AERODIGESTIVE_TRACT,83,0.10377572686541076,0.5788640297320952
X_scGPT,44,paclitaxel,HCC38_BREAST,200,0.16691183818550412,0.6701855361461639
X_scGPT,44,paclitaxel,SNU308_BILIARY_TRACT,94,0.10427108448921248,0.5531362485378346
X_scGPT,44,paclitaxel,SW1271_LUNG,115,0.1228549294631104,0.6539898190809332
X_scGPT,44,paclitaxel,TM31_CENTRAL_NERVOUS_SYSTEM,116,0.08171232310941864,0.4811315693218133
X_scGPT,44,paclitaxel,NCIH747_LARGE_INTESTINE,80,0.1338910619504096,0.5828986495733262
X_scGPT,44,paclitaxel,KPNSI9S_AUTONOMIC_GANGLIA,129,0.0929182680704224,0.5849403900693554
X_scGPT,44,paclitaxel,SQ1_LUNG,238,0.09210570119746227,0.6954167472715137
X_scGPT,44,paclitaxel,IALM_LUNG,322,0.05406381875188956,0.6907861249417252
X_scGPT,44,paclitaxel,BT474_BREAST,125,0.04510200651341656,0.7047792286872864
X_scGPT,44,paclitaxel,DKMG_CENTRAL_NERVOUS_SYSTEM,271,0.11823682111518778,0.4901760814374663
X_scGPT,44,paclitaxel,BT549_BREAST,266,0.10888649370860186,0.5210954617512854
X_scGPT,44,paclitaxel,BICR6_UPPER_AERODIGESTIVE_TRACT,286,0.12316589916654318,0.4872607471017571
X_scGPT,44,paclitaxel,SH10TC_STOMACH,351,0.09569988318839846,0.7605247421142383
X_scGPT,44,paclitaxel,UMUC1_URINARY_TRACT,197,0.13009314445124268,0.5824168504494701
X_scGPT,44,paclitaxel,LS1034_LARGE_INTESTINE,146,0.057982499996327846,0.7522265674316719
X_scGPT,44,paclitaxel,CCFSTTG1_CENTRAL_NERVOUS_SYSTEM,246,0.11655405680903992,0.42993160573447625
X_scGPT,44,paclitaxel,NCIH226_LUNG,235,0.12396094322761296,0.6282328357087805
X_scGPT,44,paclitaxel,LNCAPCLONEFGC_PROSTATE,129,0.10578150742012118,0.9179347249888634
X_scGPT,44,paclitaxel,RCC10RGB_KIDNEY,233,0.13015286105837945,0.7990855756235736
X_scGPT,44,paclitaxel,RERFLCAD1_LUNG,243,0.08993690235384257,0.679226087567247
X_scGPT,44,paclitaxel,SKMEL2_SKIN,276,0.08860124030335768,0.5394543557279352
X_scGPT,44,paclitaxel,BICR31_UPPER_AERODIGESTIVE_TRACT,248,0.1464468883395067,0.434591673795254
X_scGPT,44,paclitaxel,RCM1_LARGE_INTESTINE,128,0.17226848086703164,0.5547151356004179
X_scGPT,44,paclitaxel,COV434_OVARY,88,0.07460298359513269,0.5235464725304734
X_scGPT,44,paclitaxel,SNU1079_BILIARY_TRACT,73,0.17388881814830642,0.6965347210021868
X_scGPT,44,paclitaxel,YD38_UPPER_AERODIGESTIVE_TRACT,624,0.05834234659408443,0.5702335568001637
X_scGPT,44,paclitaxel,NCIH1299_LUNG,534,0.08866203761713372,0.5282832102829151
X_scGPT,44,paclitaxel,IGR37_SKIN,347,0.06126887518008116,0.6443274620630556
X_scGPT,44,paclitaxel,BFTC909_KIDNEY,379,0.11287323662649136,0.5130793810048015
X_scGPT,44,paclitaxel,NCIH460_LUNG,837,0.09652948573447769,0.4474171261562384
X_scGPT,44,paclitaxel,IGR1_SKIN,725,0.1098804008620387,0.5931330876925895
X_scGPT,44,paclitaxel,VMCUB1_URINARY_TRACT,478,0.055494070643749574,0.5666672209566108
X_scGPT,44,paclitaxel,JHOC5_OVARY,145,0.12260158287883789,0.6310386382300278
X_scGPT,44,paclitaxel,42MGBA_CENTRAL_NERVOUS_SYSTEM,518,0.06000193517702722,0.6794494197750643
X_scGPT,44,paclitaxel,HT1080_SOFT_TISSUE,516,0.12663807600804375,0.6047912766189538
X_scGPT,44,paclitaxel,LI7_LIVER,196,0.05563931137792967,0.6785582212769256
X_scGPT,44,paclitaxel,A375_SKIN,593,0.09892266282443847,0.5088341451716464
X_scGPT,44,paclitaxel,FTC133_THYROID,140,0.06277915636994155,0.594834708741733
X_scGPT,44,paclitaxel,OVK18_OVARY,178,0.1490877177001402,0.46547710476966386
X_scGPT,44,paclitaxel,ACCMESO1_PLEURA,162,0.08887763692446912,0.5779640702185808
X_scGPT,44,paclitaxel,HMC18_BREAST,293,0.07592208662024533,0.5102023070379329
X_scGPT,44,paclitaxel,TOV112D_OVARY,78,0.06929946968958532,0.35213413414282674
X_scGPT,44,paclitaxel,JHH6_LIVER,206,0.08901602277940658,0.5103302067055285
X_scGPT,44,paclitaxel,A2058_SKIN,294,0.11532504473354023,0.5968167960238294
X_scGPT,44,paclitaxel,NCIH2110_LUNG,1990,0.1017058120645811,0.5553737316299323
X_scGPT,44,paclitaxel,NCIH650_LUNG,271,0.09772024940944656,0.7279584690433587
X_scGPT,44,paclitaxel,EFE184_ENDOMETRIUM,86,0.05289290728068514,0.7686128484648328
X_scGPT,44,paclitaxel,HUPT3_PANCREAS,136,0.14792556832269407,0.6220815063399427
X_scGPT,44,paclitaxel,MDAMB361_BREAST,135,0.1450557457834194,0.6374296894779912
X_scGPT,44,paclitaxel,BCPAP_THYROID,152,0.05912624576614851,0.7107318635833891
X_scGPT,44,paclitaxel,PECAPJ49_UPPER_AERODIGESTIVE_TRACT,202,0.1282303034304167,0.46091263645356245
X_scGPT,44,paclitaxel,EKVX_LUNG,146,0.09029520311108116,0.5659617128437513
X_scGPT,44,paclitaxel,BICR56_UPPER_AERODIGESTIVE_TRACT,81,0.13740633467591656,0.38720351089665916
X_scGPT,44,paclitaxel,NCIH2170_LUNG,142,0.052603268400298504,0.6207934708242685
X_scGPT,44,paclitaxel,DETROIT562_UPPER_AERODIGESTIVE_TRACT,163,0.09707339920834798,0.40749722262101673
X_scGPT,44,paclitaxel,SW1088_CENTRAL_NERVOUS_SYSTEM,128,0.06651815730930151,0.7408762238919735
X_scGPT,44,paclitaxel,BHY_UPPER_AERODIGESTIVE_TRACT,145,0.1224487847264455,0.48227183633837206
X_scGPT,44,paclitaxel,CAS1_CENTRAL_NERVOUS_SYSTEM,133,0.10984875877068764,0.5788843701208445
X_scGPT,44,paclitaxel,HCC1428_BREAST,127,0.13676904537757723,0.678042939094108
X_scGPT,44,paclitaxel,HDQP1_BREAST,64,0.09454475288286865,0.6593198319897056
X_scGPT,44,paclitaxel,OSRC2_KIDNEY,126,0.09528042033476075,0.8072890942058866
X_scGPT,44,paclitaxel,HUPT4_PANCREAS,56,0.12336904094505746,0.6500455210251468
X_scGPT,44,paclitaxel,TCCSUP_URINARY_TRACT,316,0.08359923557088068,0.541942459024206
X_scGPT,44,paclitaxel,VMRCRCZ_KIDNEY,300,0.09255496219615039,0.6201838707923889
X_scGPT,44,paclitaxel,PK59_PANCREAS,174,0.09577641650092608,0.6752480595618829
X_scGPT,44,paclitaxel,HUH6_LIVER,338,0.05754563436583789,0.7944850752339561
X_scGPT,44,paclitaxel,MSTO211H_PLEURA,297,0.09380179387094548,0.526703599326137
X_scGPT,44,paclitaxel,HS852T_SKIN,162,0.09105057978489514,0.5949751786243769
X_scGPT,44,paclitaxel,SKMEL30_SKIN,353,0.11732716968858739,0.6675049069076354
X_scGPT,44,paclitaxel,T47D_BREAST,221,0.21184350665384297,0.6905595835517434
X_scGPT,44,paclitaxel,CALU6_LUNG,258,0.10419657607394187,0.4586153588322706
X_scGPT,44,paclitaxel,NCIH522_LUNG,208,0.0825130568085054,0.3661802029953553
X_scGPT,44,paclitaxel,LMSU_STOMACH,255,0.04859611071695399,0.3694711288985084
X_scGPT,44,paclitaxel,SNUC4_LARGE_INTESTINE,467,0.1421441526769558,0.5328119260596004
X_scGPT,44,paclitaxel,RVH421_SKIN,239,0.057716517854274764,0.8295888686279872
X_scGPT,44,paclitaxel,OVSAHO_OVARY,227,0.09463423955680059,0.5150237261986418
X_scGPT,44,paclitaxel,GOS3_CENTRAL_NERVOUS_SYSTEM,191,0.08827894698705385,0.4484941547453716
X_scGPT,44,paclitaxel,SNU738_CENTRAL_NERVOUS_SYSTEM,379,0.11052561405503253,0.6093169637122695
X_scGPT,44,paclitaxel,PC3_PROSTATE,169,0.09574923316042552,0.6084447190959072
X_scGPT,44,paclitaxel,PATU8988S_PANCREAS,244,0.13603208289378582,0.7241175079443416
X_scGPT,44,paclitaxel,OVTOKO_OVARY,209,0.0846635327697605,0.5969389554416163
X_scGPT,44,paclitaxel,TE1_OESOPHAGUS,206,0.048416227377591256,0.7294150697953493
X_scGPT,44,paclitaxel,NCIH2087_LUNG,219,0.13494969061790762,0.5492240234052754
X_scGPT,44,paclitaxel,EFM192A_BREAST,333,0.10663579046917851,0.6491386834923569
X_scGPT,44,paclitaxel,SNU423_LIVER,212,0.05601749295995342,0.7549975764638973
X_scGPT,44,paclitaxel,KPL1_BREAST,276,0.10347273534687662,0.6376981890719869
X_scGPT,44,paclitaxel,NCIH358_LUNG,336,0.10098636089794333,0.5709447889987912
X_scGPT,44,paclitaxel,COLO792_SKIN,271,0.07661416476730473,0.6865610955386144
X_scGPT,44,paclitaxel,KYSE520_OESOPHAGUS,323,0.08080896382500764,0.4580886372287207
X_scGPT,44,paclitaxel,KMRC3_KIDNEY,245,0.08419293511483196,0.6243213960102626
X_scGPT,44,paclitaxel,MKN7_STOMACH,258,0.10233034576378627,0.6241417796343796
X_scGPT,44,paclitaxel,NCIH1944_LUNG,414,0.05961176681859694,0.5362780992535577
X_scGPT,44,paclitaxel,TE6_OESOPHAGUS,551,0.07067557008983988,0.36363571682123436
X_scGPT,44,paclitaxel,ZR751_BREAST,309,0.09250423563160061,0.3955459178072735
X_scGPT,44,paclitaxel,PANC0203_PANCREAS,506,0.09791448184054222,0.4510054883396201
X_scGPT,44,paclitaxel,SW1990_PANCREAS,307,0.09876665765107855,0.664533329126501
X_scGPT,44,paclitaxel,RD_SOFT_TISSUE,261,0.06249072922467941,0.4050676514362467
X_scGPT,44,paclitaxel,NCIH1792_LUNG,111,0.05133937994149411,0.7192167698800027
X_scGPT,44,paclitaxel,PK45H_PANCREAS,271,0.05454847878334256,0.7692182130039398
X_scGPT,44,paclitaxel,LS180_LARGE_INTESTINE,361,0.12531438416834703,0.4347725252200362
X_scGPT,44,paclitaxel,RERFLCAI_LUNG,763,0.10315083392136627,0.6126216767187356
X_scGPT,44,paclitaxel,CAMA1_BREAST,291,0.12859184833265694,0.6415179407678518
X_scGPT,44,paclitaxel,SNU449_LIVER,282,0.07543374401842257,0.5274580798461928
X_scGPT,44,paclitaxel,A204_SOFT_TISSUE,250,0.05656659836680257,0.670746693611145
X_scGPT,44,paclitaxel,MKN45_STOMACH,118,0.16408182216667014,0.5702726982407651
X_scGPT,44,paclitaxel,HEP3B217_LIVER,118,0.07801973769067706,0.6186297634395502
X_scGPT,44,paclitaxel,HOS_BONE,829,0.06566904616165528,0.6120628191492957
X_scGPT,44,paclitaxel,EBC1_LUNG,186,0.11936966181792097,0.48296778785285127
X_scGPT,44,paclitaxel,NCIH292_LUNG,213,0.10813115009313726,0.4567027861523516
X_scGPT,44,paclitaxel,OUMS23_LARGE_INTESTINE,107,0.13779621622765034,0.7069871364352859
X_scGPT,44,paclitaxel,HEC151_ENDOMETRIUM,250,0.050834368314176315,0.7298301386833191
X_scGPT,44,paclitaxel,NCIH1373_LUNG,164,0.10308862766991651,0.4962564586866193
X_scGPT,44,paclitaxel,TE9_OESOPHAGUS,248,0.08269843108274151,0.45669081434607506
X_scGPT,44,paclitaxel,HCC56_LARGE_INTESTINE,99,0.12950955525176328,0.5394754184014869
X_scGPT,44,paclitaxel,HT55_LARGE_INTESTINE,211,0.14616536995424068,0.6151616860057505
X_scGPT,44,paclitaxel,RT4_URINARY_TRACT,106,0.11395449553664615,0.5429945385681009
X_scGPT,44,paclitaxel,SKES1_BONE,91,0.06459867173308569,0.3049901409463568
X_scGPT,44,paclitaxel,NCIH1435_LUNG,267,0.10555185170147055,0.5193427864755138
X_scGPT,44,paclitaxel,8305C_THYROID,459,0.042337569450640336,0.7589818618396269
X_scGPT,44,paclitaxel,NCIH2228_LUNG,367,0.09401616741931265,0.6314246555440107
X_scGPT,44,paclitaxel,TE10_OESOPHAGUS,219,0.06568528928680123,0.6640285786972743
X_scGPT,44,paclitaxel,ASPC1_PANCREAS,290,0.03479350937466737,0.8037202664490404
X_scGPT,44,paclitaxel,HCC366_LUNG,202,0.07816825493539414,0.6493500646683249
X_scGPT,44,paclitaxel,BICR16_UPPER_AERODIGESTIVE_TRACT,212,0.10630693872221136,0.4758933889416029
X_scGPT,44,paclitaxel,HEC6_ENDOMETRIUM,161,0.08728300876422528,0.5550965259534232
X_scGPT,44,paclitaxel,KALS1_CENTRAL_NERVOUS_SYSTEM,288,0.06622397037949238,0.5019637014095982
X_scGPT,44,paclitaxel,NCIH2444_LUNG,237,0.10016517052740752,0.69749974839798
X_scGPT,44,paclitaxel,SNU46_UPPER_AERODIGESTIVE_TRACT,236,0.06176809088044542,0.7060455703886889
X_scGPT,44,paclitaxel,OAW28_OVARY,161,0.1551705811603827,0.7327495180301785
X_scGPT,44,paclitaxel,SNU1214_UPPER_AERODIGESTIVE_TRACT,188,0.08006585204762061,0.3920514244348445
X_scGPT,44,paclitaxel,SKMEL5_SKIN,297,0.04057849673915648,0.7874890375217605
X_scGPT,44,paclitaxel,OVCAR4_OVARY,283,0.12094396784553316,0.6853799307093603
X_scGPT,44,paclitaxel,UACC257_SKIN,239,0.06371633603696783,0.4794213463821172
X_scGPT,44,paclitaxel,ONCODG1_OVARY,270,0.09491744846998187,0.5221368539112585
X_scGPT,44,paclitaxel,HUH28_BILIARY_TRACT,139,0.0677870375099614,0.5671225824802042
X_scGPT,44,paclitaxel,IM95_STOMACH,185,0.05204800789895774,0.7272725910753817
X_scGPT,44,paclitaxel,TE14_OESOPHAGUS,474,0.07090834209519385,0.339709597549358
X_scGPT,44,paclitaxel,CAKI2_KIDNEY,278,0.039104090315759406,0.804120083078206
X_scGPT,44,paclitaxel,SU8686_PANCREAS,82,0.09746239866413785,0.6302384461571531
X_scGPT,44,paclitaxel,SCC25_UPPER_AERODIGESTIVE_TRACT,898,0.06612432036221673,0.24504587548745502
X_scGPT,44,paclitaxel,SCC9_UPPER_AERODIGESTIVE_TRACT,475,0.06334717499980676,0.40810088308233966
X_scGPT,44,gemcitabine,NCIH2126_LUNG,264,0.017485141871046255,0.7779429823611722
X_scGPT,44,gemcitabine,SW579_THYROID,217,0.05944200833796817,0.7441515884091777
X_scGPT,44,gemcitabine,NCIH446_LUNG,196,0.10857158310257481,0.40070364107282797
X_scGPT,44,gemcitabine,HEC251_ENDOMETRIUM,107,0.11180053303210492,0.6841328347397742
X_scGPT,44,gemcitabine,MFE319_ENDOMETRIUM,191,0.06448475899134272,0.7456281849851158
X_scGPT,44,gemcitabine,SKNAS_AUTONOMIC_GANGLIA,226,0.044289441551184104,0.7498122134567362
X_scGPT,44,gemcitabine,NCIH2452_PLEURA,538,0.08955667799189543,0.6625236802938702
X_scGPT,44,gemcitabine,COLO741_SKIN,329,0.08133762979420785,0.8705125309776028
X_scGPT,44,gemcitabine,KNS42_CENTRAL_NERVOUS_SYSTEM,172,0.027323781236930425,0.7484803151252658
X_scGPT,44,gemcitabine,MCF7_BREAST,143,0.1437789845417115,0.9515440618241584
X_scGPT,44,gemcitabine,HT1197_URINARY_TRACT,74,0.018371211039068167,0.8024742240841324
X_scGPT,44,gemcitabine,SNU899_UPPER_AERODIGESTIVE_TRACT,83,0.05523728477505688,0.6456615163619259
X_scGPT,44,gemcitabine,HCC38_BREAST,200,0.11435469470106631,0.7978638112545013
X_scGPT,44,gemcitabine,SNU308_BILIARY_TRACT,94,0.050859691623667644,0.734370212605659
X_scGPT,44,gemcitabine,SW1271_LUNG,115,0.08115049387915874,0.8234062049699866
X_scGPT,44,gemcitabine,TM31_CENTRAL_NERVOUS_SYSTEM,116,0.05098099460754136,0.7015468026029652
X_scGPT,44,gemcitabine,NCIH747_LARGE_INTESTINE,80,0.07522532363845352,0.6763518087565898
X_scGPT,44,gemcitabine,KPNSI9S_AUTONOMIC_GANGLIA,129,0.06778583456871703,0.7484472948451375
X_scGPT,44,gemcitabine,SQ1_LUNG,238,0.06077235855612956,0.8245112675578654
X_scGPT,44,gemcitabine,IALM_LUNG,322,0.02622145432991613,0.749708274506634
X_scGPT,44,gemcitabine,BT474_BREAST,125,0.021192135262840684,0.7768313474655152
X_scGPT,44,gemcitabine,DKMG_CENTRAL_NERVOUS_SYSTEM,271,0.08084068830595476,0.7078521528807074
X_scGPT,44,gemcitabine,BT549_BREAST,266,0.0733291453069334,0.7344118892250204
X_scGPT,44,gemcitabine,BICR6_UPPER_AERODIGESTIVE_TRACT,286,0.06337709947572587,0.6773076701414334
X_scGPT,44,gemcitabine,SH10TC_STOMACH,351,0.07849760630100773,0.874328648602521
X_scGPT,44,gemcitabine,UMUC1_URINARY_TRACT,197,0.07641796790481527,0.7484543547412466
X_scGPT,44,gemcitabine,LS1034_LARGE_INTESTINE,146,0.027185859262632412,0.7871948317305683
X_scGPT,44,gemcitabine,CCFSTTG1_CENTRAL_NERVOUS_SYSTEM,246,0.06672741203547006,0.6751413958344034
X_scGPT,44,gemcitabine,NCIH226_LUNG,235,0.08280425679666624,0.8035630246426196
X_scGPT,44,gemcitabine,LNCAPCLONEFGC_PROSTATE,129,0.07481093784322534,1.0465287312056668
X_scGPT,44,gemcitabine,RCC10RGB_KIDNEY,233,0.09437197262634024,0.8907755815420028
X_scGPT,44,gemcitabine,RERFLCAD1_LUNG,243,0.06504191072353945,0.7812247335174938
X_scGPT,44,gemcitabine,SKMEL2_SKIN,276,0.06269120004279895,0.7472005492967108
X_scGPT,44,gemcitabine,BICR31_UPPER_AERODIGESTIVE_TRACT,248,0.08173476961265344,0.6357629895210266
X_scGPT,44,gemcitabine,RCM1_LARGE_INTESTINE,128,0.11261458086580274,0.6868292458821088
X_scGPT,44,gemcitabine,COV434_OVARY,88,0.034253479856050935,0.6793200366876342
X_scGPT,44,gemcitabine,SNU1079_BILIARY_TRACT,73,0.1214792435409098,0.8350106943143557
X_scGPT,44,gemcitabine,YD38_UPPER_AERODIGESTIVE_TRACT,624,0.024449792675555578,0.7074173296300265
X_scGPT,44,gemcitabine,NCIH1299_LUNG,534,0.05053793646357275,0.7754886707339841
X_scGPT,44,gemcitabine,IGR37_SKIN,347,0.03065425190787028,0.8659398208777568
X_scGPT,44,gemcitabine,BFTC909_KIDNEY,379,0.0769017314751152,0.7042936427926639
X_scGPT,44,gemcitabine,NCIH460_LUNG,837,0.087573644607408,0.6504536340171149
X_scGPT,44,gemcitabine,IGR1_SKIN,725,0.0948301562911753,0.5926061918817718
X_scGPT,44,gemcitabine,VMCUB1_URINARY_TRACT,478,0.02379434319385377,0.7084313157213283
X_scGPT,44,gemcitabine,JHOC5_OVARY,145,0.08269897904717825,0.7436021907576199
X_scGPT,44,gemcitabine,42MGBA_CENTRAL_NERVOUS_SYSTEM,518,0.027934389930748125,0.7473104802107718
X_scGPT,44,gemcitabine,HT1080_SOFT_TISSUE,516,0.0893115725959972,0.7288654808734738
X_scGPT,44,gemcitabine,LI7_LIVER,196,0.0250721494530931,0.7505115869702125
X_scGPT,44,gemcitabine,A375_SKIN,593,0.09420683579771888,0.7190703867257747
X_scGPT,44,gemcitabine,FTC133_THYROID,140,0.05593561062516512,0.7935851795332772
X_scGPT,44,gemcitabine,OVK18_OVARY,178,0.09553047504723937,0.6164860830882962
X_scGPT,44,gemcitabine,ACCMESO1_PLEURA,162,0.04743336687970219,0.778902072965363
X_scGPT,44,gemcitabine,HMC18_BREAST,293,0.04681430727356625,0.7935087788633925
X_scGPT,44,gemcitabine,TOV112D_OVARY,78,0.043109201521922796,0.7518427295562549
X_scGPT,44,gemcitabine,JHH6_LIVER,206,0.06437359738826198,0.7028610000332582
X_scGPT,44,gemcitabine,A2058_SKIN,294,0.08997249664697757,0.6838064716786755
X_scGPT,44,gemcitabine,NCIH2110_LUNG,1990,0.06901307038895503,0.7317546039669957
X_scGPT,44,gemcitabine,NCIH650_LUNG,271,0.07239728573834057,0.834113306884836
X_scGPT,44,gemcitabine,EFE184_ENDOMETRIUM,86,0.025605562049152576,0.7851034860278285
X_scGPT,44,gemcitabine,HUPT3_PANCREAS,136,0.07944971740947232,0.7587715492529028
X_scGPT,44,gemcitabine,MDAMB361_BREAST,135,0.1427354306283912,1.140340267728876
X_scGPT,44,gemcitabine,BCPAP_THYROID,152,0.028397465394967177,0.756970730267073
X_scGPT,44,gemcitabine,PECAPJ49_UPPER_AERODIGESTIVE_TRACT,202,0.05740211873839658,0.7133596580807525
X_scGPT,44,gemcitabine,EKVX_LUNG,146,0.04681333394368814,0.7522669557022722
X_scGPT,44,gemcitabine,BICR56_UPPER_AERODIGESTIVE_TRACT,81,0.06356978039732361,0.6130197600082115
X_scGPT,44,gemcitabine,NCIH2170_LUNG,142,0.024526231345532175,0.7234566140342766
X_scGPT,44,gemcitabine,DETROIT562_UPPER_AERODIGESTIVE_TRACT,163,0.04616306608766197,0.5708943748035313
X_scGPT,44,gemcitabine,SW1088_CENTRAL_NERVOUS_SYSTEM,128,0.03163338528566283,0.775569352786988
X_scGPT,44,gemcitabine,BHY_UPPER_AERODIGESTIVE_TRACT,145,0.06644163645814567,0.652677313418224
X_scGPT,44,gemcitabine,CAS1_CENTRAL_NERVOUS_SYSTEM,133,0.08370711252885572,0.7824491181767973
X_scGPT,44,gemcitabine,HCC1428_BREAST,127,0.08822669157584968,0.7809575143761522
X_scGPT,44,gemcitabine,HDQP1_BREAST,64,0.059283482426772505,0.7239608187228441
X_scGPT,44,gemcitabine,OSRC2_KIDNEY,126,0.06912653844163255,0.8859306834046803
X_scGPT,44,gemcitabine,HUPT4_PANCREAS,56,0.08732738438742116,0.7341798416205815
X_scGPT,44,gemcitabine,TCCSUP_URINARY_TRACT,316,0.06542016317475512,0.7230977561277679
X_scGPT,44,gemcitabine,VMRCRCZ_KIDNEY,300,0.04829101449601639,0.7607704089085261
X_scGPT,44,gemcitabine,PK59_PANCREAS,174,0.07633138882206551,0.7430792187137165
X_scGPT,44,gemcitabine,HUH6_LIVER,338,0.028899659554993608,0.8032272987111786
X_scGPT,44,gemcitabine,MSTO211H_PLEURA,297,0.07227898073288835,0.7187388593500311
X_scGPT,44,gemcitabine,HS852T_SKIN,162,0.07860528190761489,0.8261213328367398
X_scGPT,44,gemcitabine,SKMEL30_SKIN,353,0.0935933932706689,0.8392348118949544
X_scGPT,44,gemcitabine,T47D_BREAST,221,0.2197803353744721,1.0797244005613198
X_scGPT,44,gemcitabine,CALU6_LUNG,258,0.08148314283113836,0.6596864525430887
X_scGPT,44,gemcitabine,NCIH522_LUNG,208,0.04817544494841606,0.7127878067012017
X_scGPT,44,gemcitabine,LMSU_STOMACH,255,0.027824159873821017,0.6450939547781851
X_scGPT,44,gemcitabine,SNUC4_LARGE_INTESTINE,467,0.07985700983605332,0.5681039272334897
X_scGPT,44,gemcitabine,RVH421_SKIN,239,0.029411510132254973,0.8117130286523987
X_scGPT,44,gemcitabine,OVSAHO_OVARY,227,0.05229583950393136,0.7514261910568775
X_scGPT,44,gemcitabine,GOS3_CENTRAL_NERVOUS_SYSTEM,191,0.05228265476002901,0.6903545428945131
X_scGPT,44,gemcitabine,SNU738_CENTRAL_NERVOUS_SYSTEM,379,0.08213422505693824,0.8040788776799054
X_scGPT,44,gemcitabine,PC3_PROSTATE,169,0.07195342964827482,0.776390643514825
X_scGPT,44,gemcitabine,PATU8988S_PANCREAS,244,0.06130723575943148,0.6530558459582876
X_scGPT,44,gemcitabine,OVTOKO_OVARY,209,0.0374617722031175,0.7086941169209457
X_scGPT,44,gemcitabine,TE1_OESOPHAGUS,206,0.021348942345544276,0.7736914108679133
X_scGPT,44,gemcitabine,NCIH2087_LUNG,219,0.07627309477375839,0.6832354535523071
X_scGPT,44,gemcitabine,EFM192A_BREAST,333,0.07802292334358982,0.7558054818405403
X_scGPT,44,gemcitabine,SNU423_LIVER,212,0.028432307592687587,0.7697509021129249
X_scGPT,44,gemcitabine,KPL1_BREAST,276,0.10265244084465716,0.8318491734672284
X_scGPT,44,gemcitabine,NCIH358_LUNG,336,0.06402206860223238,0.7401457875967026
X_scGPT,44,gemcitabine,COLO792_SKIN,271,0.0418185481923582,0.8172728177366222
X_scGPT,44,gemcitabine,KYSE520_OESOPHAGUS,323,0.043491702054422744,0.6105608357918152
X_scGPT,44,gemcitabine,KMRC3_KIDNEY,245,0.0580887934740582,0.7823140154079515
X_scGPT,44,gemcitabine,MKN7_STOMACH,258,0.06849162116626234,0.7277529593123946
X_scGPT,44,gemcitabine,NCIH1944_LUNG,414,0.03997729320389944,0.7040573731424727
X_scGPT,44,gemcitabine,TE6_OESOPHAGUS,551,0.03302594197208973,0.553125363945312
X_scGPT,44,gemcitabine,ZR751_BREAST,309,0.1157122661628437,0.752897620972692
X_scGPT,44,gemcitabine,PANC0203_PANCREAS,506,0.05536795553663887,0.6696808467740598
X_scGPT,44,gemcitabine,SW1990_PANCREAS,307,0.07659082459615466,0.776078763536211
X_scGPT,44,gemcitabine,RD_SOFT_TISSUE,261,0.0493844931811079,0.6523118835527778
X_scGPT,44,gemcitabine,NCIH1792_LUNG,111,0.02600720172436766,0.756293658200685
X_scGPT,44,gemcitabine,PK45H_PANCREAS,271,0.025426858333973297,0.7847252105434882
X_scGPT,44,gemcitabine,LS180_LARGE_INTESTINE,361,0.08956672915837054,0.6751463516432162
X_scGPT,44,gemcitabine,RERFLCAI_LUNG,763,0.07286707302844837,0.7441282843777893
X_scGPT,44,gemcitabine,CAMA1_BREAST,291,0.09791848441235865,0.8192581135997248
X_scGPT,44,gemcitabine,SNU449_LIVER,282,0.04751121866463772,0.7017200994998851
X_scGPT,44,gemcitabine,A204_SOFT_TISSUE,250,0.027851850489541162,0.7438463864326477
X_scGPT,44,gemcitabine,MKN45_STOMACH,118,0.12439073360129134,0.6932328030214472
X_scGPT,44,gemcitabine,HEP3B217_LIVER,118,0.03866382921060164,0.7242746398610583
X_scGPT,44,gemcitabine,HOS_BONE,829,0.029689279296739826,0.701763601513047
X_scGPT,44,gemcitabine,EBC1_LUNG,186,0.06986122595561788,0.6840211688190379
X_scGPT,44,gemcitabine,NCIH292_LUNG,213,0.05745426886117329,0.6651298531064405
X_scGPT,44,gemcitabine,OUMS23_LARGE_INTESTINE,107,0.10001711534274206,0.7865806065987204
X_scGPT,44,gemcitabine,HEC151_ENDOMETRIUM,250,0.02460140748149906,0.7648046581745148
X_scGPT,44,gemcitabine,NCIH1373_LUNG,164,0.06085313695834236,0.7045479380502934
X_scGPT,44,gemcitabine,TE9_OESOPHAGUS,248,0.040244333428699736,0.5901291899142727
X_scGPT,44,gemcitabine,HCC56_LARGE_INTESTINE,99,0.08316575793257207,0.7045187877886223
X_scGPT,44,gemcitabine,HT55_LARGE_INTESTINE,211,0.12982056778157014,0.787171730498002
X_scGPT,44,gemcitabine,RT4_URINARY_TRACT,106,0.06702031121401429,0.592520240342842
X_scGPT,44,gemcitabine,SKES1_BONE,91,0.04392587673742479,0.6912389463120765
X_scGPT,44,gemcitabine,NCIH1435_LUNG,267,0.07109923352696772,0.7607138014018312
X_scGPT,44,gemcitabine,8305C_THYROID,459,0.02109653215496725,0.7798241427521301
X_scGPT,44,gemcitabine,NCIH2228_LUNG,367,0.058328166032488256,0.7488025002161228
X_scGPT,44,gemcitabine,TE10_OESOPHAGUS,219,0.028713342973555732,0.7495247759775484
X_scGPT,44,gemcitabine,ASPC1_PANCREAS,290,0.015622172710954361,0.804361387984506
X_scGPT,44,gemcitabine,HCC366_LUNG,202,0.056858685441407965,0.7748375375672142
X_scGPT,44,gemcitabine,BICR16_UPPER_AERODIGESTIVE_TRACT,212,0.05963520355677969,0.6798280207615979
X_scGPT,44,gemcitabine,HEC6_ENDOMETRIUM,161,0.05955992248085928,0.7615112506824991
X_scGPT,44,gemcitabine,KALS1_CENTRAL_NERVOUS_SYSTEM,288,0.03521908272150041,0.712005802947614
X_scGPT,44,gemcitabine,NCIH2444_LUNG,237,0.05578018501106783,0.7896695597262322
X_scGPT,44,gemcitabine,SNU46_UPPER_AERODIGESTIVE_TRACT,236,0.027173570561635746,0.7537562435461302
X_scGPT,44,gemcitabine,OAW28_OVARY,161,0.11427380137524175,0.8118583837651318
X_scGPT,44,gemcitabine,SNU1214_UPPER_AERODIGESTIVE_TRACT,188,0.03478884482017773,0.702070009518177
X_scGPT,44,gemcitabine,SKMEL5_SKIN,297,0.019039735158382358,0.7947398685044311
X_scGPT,44,gemcitabine,OVCAR4_OVARY,283,0.08727115559016513,0.8192849645766268
X_scGPT,44,gemcitabine,UACC257_SKIN,239,0.057913943958429824,0.6720191037056337
X_scGPT,44,gemcitabine,ONCODG1_OVARY,270,0.046063137663058015,0.6745344027324959
X_scGPT,44,gemcitabine,HUH28_BILIARY_TRACT,139,0.03753949460426535,0.7617743109627594
X_scGPT,44,gemcitabine,IM95_STOMACH,185,0.022772121297913974,0.7715532270637718
X_scGPT,44,gemcitabine,TE14_OESOPHAGUS,474,0.033035983346198894,0.6417200720008416
X_scGPT,44,gemcitabine,CAKI2_KIDNEY,278,0.019004303322937736,0.8015494466685563
X_scGPT,44,gemcitabine,SU8686_PANCREAS,82,0.06211835792329174,0.7380586237442203
X_scGPT,44,gemcitabine,SCC25_UPPER_AERODIGESTIVE_TRACT,898,0.03196605975229097,0.5177924149485101
X_scGPT,44,gemcitabine,SCC9_UPPER_AERODIGESTIVE_TRACT,475,0.039589778613588686,0.6600392128291883
X_scGPT,44,imatinib,NCIH2126_LUNG,264,0.00715570087097596,0.9852159052635684
X_scGPT,44,imatinib,SW579_THYROID,217,0.0210773103177921,0.9675002603486935
X_scGPT,44,imatinib,NCIH446_LUNG,196,0.043367976289368684,0.8805288091606024
X_scGPT,44,imatinib,HEC251_ENDOMETRIUM,107,0.023005607777245043,0.9738423841021885
X_scGPT,44,imatinib,MFE319_ENDOMETRIUM,191,0.03657632908934168,0.9606436600235744
X_scGPT,44,imatinib,SKNAS_AUTONOMIC_GANGLIA,226,0.025479180669334175,0.8576345485923564
X_scGPT,44,imatinib,NCIH2452_PLEURA,538,0.02674678548461636,0.967231254262995
X_scGPT,44,imatinib,COLO741_SKIN,329,0.02804255336275421,0.9450691874991072
X_scGPT,44,imatinib,KNS42_CENTRAL_NERVOUS_SYSTEM,172,0.012117359650309004,0.9648545893818833
X_scGPT,44,imatinib,MCF7_BREAST,143,0.06730293597301015,1.0147500771742601
X_scGPT,44,imatinib,HT1197_URINARY_TRACT,74,0.007187485771238618,1.006385032389615
X_scGPT,44,imatinib,SNU899_UPPER_AERODIGESTIVE_TRACT,83,0.016473896339594233,1.0189452106694141
X_scGPT,44,imatinib,HCC38_BREAST,200,0.05315217343418622,0.9925909650325775
X_scGPT,44,imatinib,SNU308_BILIARY_TRACT,94,0.03136570784188492,0.9696186229269556
X_scGPT,44,imatinib,SW1271_LUNG,115,0.04967112456360815,0.9764892904654793
X_scGPT,44,imatinib,TM31_CENTRAL_NERVOUS_SYSTEM,116,0.01636226075521371,0.9441070582332283
X_scGPT,44,imatinib,NCIH747_LARGE_INTESTINE,80,0.04086871533879369,1.0175851911306382
X_scGPT,44,imatinib,KPNSI9S_AUTONOMIC_GANGLIA,129,0.03527054327701994,0.9127435882886251
X_scGPT,44,imatinib,SQ1_LUNG,238,0.02367275924660469,0.9717288688451302
X_scGPT,44,imatinib,IALM_LUNG,322,0.007934632409447771,0.9862914548157165
X_scGPT,44,imatinib,BT474_BREAST,125,0.006022066886295214,0.9751496601104737
X_scGPT,44,imatinib,DKMG_CENTRAL_NERVOUS_SYSTEM,271,0.04960410614756596,0.8787078523108001
X_scGPT,44,imatinib,BT549_BREAST,266,0.03718880889526747,0.9050830459236202
X_scGPT,44,imatinib,BICR6_UPPER_AERODIGESTIVE_TRACT,286,0.03256219174188783,0.9695977797875037
X_scGPT,44,imatinib,SH10TC_STOMACH,351,0.040425668847485774,0.946472415896902
X_scGPT,44,imatinib,UMUC1_URINARY_TRACT,197,0.04064250418099377,0.9859007448714396
X_scGPT,44,imatinib,LS1034_LARGE_INTESTINE,146,0.008571165704478193,0.9912116776590478
X_scGPT,44,imatinib,CCFSTTG1_CENTRAL_NERVOUS_SYSTEM,246,0.033587872635839365,0.8945295386682681
X_scGPT,44,imatinib,NCIH226_LUNG,235,0.04854858250067495,0.9419620049760696
X_scGPT,44,imatinib,LNCAPCLONEFGC_PROSTATE,129,0.02454099484135801,0.9168671910152879
X_scGPT,44,imatinib,RCC10RGB_KIDNEY,233,0.057955438318378426,0.9972119912057475
X_scGPT,44,imatinib,RERFLCAD1_LUNG,243,0.03479258705463694,0.9550720894778216
X_scGPT,44,imatinib,SKMEL2_SKIN,276,0.038311233502552285,0.9317468864762265
X_scGPT,44,imatinib,BICR31_UPPER_AERODIGESTIVE_TRACT,248,0.019436053739042617,0.9516546896869137
X_scGPT,44,imatinib,RCM1_LARGE_INTESTINE,128,0.041736183804799,0.9147842209786177
X_scGPT,44,imatinib,COV434_OVARY,88,0.010992962361522076,0.9438508146188476
X_scGPT,44,imatinib,SNU1079_BILIARY_TRACT,73,0.07031635743989688,1.003590856512932
X_scGPT,44,imatinib,YD38_UPPER_AERODIGESTIVE_TRACT,624,0.008400764561156146,0.9813803683679837
X_scGPT,44,imatinib,NCIH1299_LUNG,534,0.018868571553573306,0.951001951645376
X_scGPT,44,imatinib,IGR37_SKIN,347,0.01572800291532877,0.94968275034462
X_scGPT,44,imatinib,BFTC909_KIDNEY,379,0.04412544759669127,0.9003862049774632
X_scGPT,44,imatinib,NCIH460_LUNG,837,0.01843232719774796,0.9265577231256765
X_scGPT,44,imatinib,IGR1_SKIN,725,0.02951106208964143,0.9545311469045179
X_scGPT,44,imatinib,VMCUB1_URINARY_TRACT,478,0.008429958664593964,0.9767494489707708
X_scGPT,44,imatinib,JHOC5_OVARY,145,0.04425637632568771,1.000855816232747
X_scGPT,44,imatinib,42MGBA_CENTRAL_NERVOUS_SYSTEM,518,0.009108924121511843,0.9654949485795378
X_scGPT,44,imatinib,HT1080_SOFT_TISSUE,516,0.044930316811260085,0.9514989388543506
X_scGPT,44,imatinib,LI7_LIVER,196,0.010530727683975118,0.9728063347996497
X_scGPT,44,imatinib,A375_SKIN,593,0.036066326347168554,0.9028165705288441
X_scGPT,44,imatinib,FTC133_THYROID,140,0.013846161984436188,0.9530915294374739
X_scGPT,44,imatinib,OVK18_OVARY,178,0.04635205824154768,0.9333313100793389
X_scGPT,44,imatinib,ACCMESO1_PLEURA,162,0.020843136497224385,0.9572171289243816
X_scGPT,44,imatinib,HMC18_BREAST,293,0.021356297081584517,0.9144711683634605
X_scGPT,44,imatinib,TOV112D_OVARY,78,0.02052103913431417,0.8599952123103998
X_scGPT,44,imatinib,JHH6_LIVER,206,0.017279978803295837,0.9478891899863493
X_scGPT,44,imatinib,A2058_SKIN,294,0.05221796496515926,0.9184082391716185
X_scGPT,44,imatinib,NCIH2110_LUNG,1990,0.03517411843816249,0.9695240128579451
X_scGPT,44,imatinib,NCIH650_LUNG,271,0.03639831839014379,1.0239120270933173
X_scGPT,44,imatinib,EFE184_ENDOMETRIUM,86,0.008957382521396691,0.995542434065841
X_scGPT,44,imatinib,HUPT3_PANCREAS,136,0.04521797576157639,1.0195586225565743
X_scGPT,44,imatinib,MDAMB361_BREAST,135,0.07091002886869456,1.0185026349844757
X_scGPT,44,imatinib,BCPAP_THYROID,152,0.009020411705753245,0.9851293544235983
X_scGPT,44,imatinib,PECAPJ49_UPPER_AERODIGESTIVE_TRACT,202,0.03184190013649095,0.9729213593619885
X_scGPT,44,imatinib,EKVX_LUNG,146,0.023055279246659156,0.9689532840905124
X_scGPT,44,imatinib,BICR56_UPPER_AERODIGESTIVE_TRACT,81,0.01931603444730348,0.9256736724464981
X_scGPT,44,imatinib,NCIH2170_LUNG,142,0.007797126352578639,0.9783690706105299
X_scGPT,44,imatinib,DETROIT562_UPPER_AERODIGESTIVE_TRACT,163,0.017431767897039267,0.9879692017666402
X_scGPT,44,imatinib,SW1088_CENTRAL_NERVOUS_SYSTEM,128,0.01300971378223302,0.9773404714651406
X_scGPT,44,imatinib,BHY_UPPER_AERODIGESTIVE_TRACT,145,0.016741535863351312,0.9642736619916455
X_scGPT,44,imatinib,CAS1_CENTRAL_NERVOUS_SYSTEM,133,0.04475850936183914,0.9215230834215207
X_scGPT,44,imatinib,HCC1428_BREAST,127,0.05090097402928279,1.006213239797457
X_scGPT,44,imatinib,HDQP1_BREAST,64,0.016059500551174385,0.9615151109173894
X_scGPT,44,imatinib,OSRC2_KIDNEY,126,0.02448704602531467,0.9906430277559493
X_scGPT,44,imatinib,HUPT4_PANCREAS,56,0.04409688668070251,1.002058509205069
X_scGPT,44,imatinib,TCCSUP_URINARY_TRACT,316,0.017601384730937204,0.9690683046473733
X_scGPT,44,imatinib,VMRCRCZ_KIDNEY,300,0.01862342732775328,0.9831413628657659
X_scGPT,44,imatinib,PK59_PANCREAS,174,0.03012782477685801,0.9716640416233019
X_scGPT,44,imatinib,HUH6_LIVER,338,0.010071523750197226,0.986796553141972
X_scGPT,44,imatinib,MSTO211H_PLEURA,297,0.03225753896614326,0.9315539160962859
X_scGPT,44,imatinib,HS852T_SKIN,162,0.025415377639256997,0.9383385247654386
X_scGPT,44,imatinib,SKMEL30_SKIN,353,0.044694681188706016,1.0144797494323665
X_scGPT,44,imatinib,T47D_BREAST,221,0.09873329649528237,1.0591653874017535
X_scGPT,44,imatinib,CALU6_LUNG,258,0.014223167003217125,0.9588474280150362
X_scGPT,44,imatinib,NCIH522_LUNG,208,0.02064331812495013,0.9024667132359284
X_scGPT,44,imatinib,LMSU_STOMACH,255,0.013625046993692573,0.9347324233429105
X_scGPT,44,imatinib,SNUC4_LARGE_INTESTINE,467,0.04551614450772883,1.0041457662235236
X_scGPT,44,imatinib,RVH421_SKIN,239,0.011218930676747027,0.9846204269880031
X_scGPT,44,imatinib,OVSAHO_OVARY,227,0.024346465521429383,0.9510581367341432
X_scGPT,44,imatinib,GOS3_CENTRAL_NERVOUS_SYSTEM,191,0.019483151391541283,0.9374558360788835
X_scGPT,44,imatinib,SNU738_CENTRAL_NERVOUS_SYSTEM,379,0.03988463278078935,0.9703000091940244
X_scGPT,44,imatinib,PC3_PROSTATE,169,0.03629405836409124,0.9633651636761321
X_scGPT,44,imatinib,PATU8988S_PANCREAS,244,0.027950329496305708,1.0276921643096892
X_scGPT,44,imatinib,OVTOKO_OVARY,209,0.018810637357637567,1.0035564890888888
X_scGPT,44,imatinib,TE1_OESOPHAGUS,206,0.008436040898092806,0.9970781571656755
X_scGPT,44,imatinib,NCIH2087_LUNG,219,0.044017109268843634,0.9792317631037812
X_scGPT,44,imatinib,EFM192A_BREAST,333,0.021806918884244828,0.9655247837215573
X_scGPT,44,imatinib,SNU423_LIVER,212,0.0084666146693482,1.002065416776909
X_scGPT,44,imatinib,KPL1_BREAST,276,0.02081598368008805,0.9491808855015299
X_scGPT,44,imatinib,NCIH358_LUNG,336,0.03256586350228237,0.9639812010739531
X_scGPT,44,imatinib,COLO792_SKIN,271,0.015937154256026164,0.9773056806233537
X_scGPT,44,imatinib,KYSE520_OESOPHAGUS,323,0.013095692862647326,0.9800446764234418
X_scGPT,44,imatinib,KMRC3_KIDNEY,245,0.032181881486837136,0.9908567980844147
X_scGPT,44,imatinib,MKN7_STOMACH,258,0.025336887490411398,0.9572185358797857
X_scGPT,44,imatinib,NCIH1944_LUNG,414,0.01459751339262854,0.9617839840011321
X_scGPT,44,imatinib,TE6_OESOPHAGUS,551,0.013744521411111031,0.9744574762948411
X_scGPT,44,imatinib,ZR751_BREAST,309,0.040560315590417104,0.9290026324080803
X_scGPT,44,imatinib,PANC0203_PANCREAS,506,0.02456156422673677,0.9387862569258618
X_scGPT,44,imatinib,SW1990_PANCREAS,307,0.0318213639839905,0.970296642485193
X_scGPT,44,imatinib,RD_SOFT_TISSUE,261,0.019641633139284045,0.8803804331812365
X_scGPT,44,imatinib,NCIH1792_LUNG,111,0.009184488561318378,0.9865823350511156
X_scGPT,44,imatinib,PK45H_PANCREAS,271,0.008833442863668411,1.0027780543834082
X_scGPT,44,imatinib,LS180_LARGE_INTESTINE,361,0.030645806847526578,0.9306863584346718
X_scGPT,44,imatinib,RERFLCAI_LUNG,763,0.03372690555866985,0.9839225441881432
X_scGPT,44,imatinib,CAMA1_BREAST,291,0.024538705045644368,0.9438249464706867
X_scGPT,44,imatinib,SNU449_LIVER,282,0.015926206873410186,0.9759142986426117
X_scGPT,44,imatinib,A204_SOFT_TISSUE,250,0.009675538790182982,0.9574689774513244
X_scGPT,44,imatinib,MKN45_STOMACH,118,0.0706603571117942,1.0135334391715163
X_scGPT,44,imatinib,HEP3B217_LIVER,118,0.014648967006427812,1.0031067754252483
X_scGPT,44,imatinib,HOS_BONE,829,0.009747978771232497,0.9841510487408057
X_scGPT,44,imatinib,EBC1_LUNG,186,0.019189816553645753,0.9595931547303354
X_scGPT,44,imatinib,NCIH292_LUNG,213,0.01794168617355114,0.9562371339596493
X_scGPT,44,imatinib,OUMS23_LARGE_INTESTINE,107,0.043112670756534105,0.9368329404670501
X_scGPT,44,imatinib,HEC151_ENDOMETRIUM,250,0.007024480954956306,0.992470920085907
X_scGPT,44,imatinib,NCIH1373_LUNG,164,0.016649794230674433,0.9736276181732736
X_scGPT,44,imatinib,TE9_OESOPHAGUS,248,0.013939268061503174,0.9884763186977755
X_scGPT,44,imatinib,HCC56_LARGE_INTESTINE,99,0.031320205780096935,0.9430633030756556
X_scGPT,44,imatinib,HT55_LARGE_INTESTINE,211,0.06497383561275803,1.065662732621505
X_scGPT,44,imatinib,RT4_URINARY_TRACT,106,0.026478906705824534,0.9718228955313845
X_scGPT,44,imatinib,SKES1_BONE,91,0.02678811877090452,0.8760591869825846
X_scGPT,44,imatinib,NCIH1435_LUNG,267,0.0179799550833178,0.9412197720691953
X_scGPT,44,imatinib,8305C_THYROID,459,0.007988940822799374,0.9933742313343455
X_scGPT,44,imatinib,NCIH2228_LUNG,367,0.019259975340796733,0.9805268296104036
X_scGPT,44,imatinib,TE10_OESOPHAGUS,219,0.009443420043016744,0.9941068931257344
X_scGPT,44,imatinib,ASPC1_PANCREAS,290,0.006208809528784857,1.0065556783100655
X_scGPT,44,imatinib,HCC366_LUNG,202,0.03072991594748391,1.0063503074764024
X_scGPT,44,imatinib,BICR16_UPPER_AERODIGESTIVE_TRACT,212,0.028441167863467367,0.962022345021086
X_scGPT,44,imatinib,HEC6_ENDOMETRIUM,161,0.029840176906142043,0.9704559878532931
X_scGPT,44,imatinib,KALS1_CENTRAL_NERVOUS_SYSTEM,288,0.01295768299720905,0.949178616826733
X_scGPT,44,imatinib,NCIH2444_LUNG,237,0.0178060822539171,1.0087648778525082
X_scGPT,44,imatinib,SNU46_UPPER_AERODIGESTIVE_TRACT,236,0.0113099475465959,0.9994544457581084
X_scGPT,44,imatinib,OAW28_OVARY,161,0.051010798137505,1.0077880543211233
X_scGPT,44,imatinib,SNU1214_UPPER_AERODIGESTIVE_TRACT,188,0.018762900275411224,0.9489465384407246
X_scGPT,44,imatinib,SKMEL5_SKIN,297,0.008009169870022669,0.9602134009001633
X_scGPT,44,imatinib,OVCAR4_OVARY,283,0.049860035537852156,1.0213216225165782
X_scGPT,44,imatinib,UACC257_SKIN,239,0.022339756921595937,0.9849586429456287
X_scGPT,44,imatinib,ONCODG1_OVARY,270,0.01895242240444052,0.9951622046806194
X_scGPT,44,imatinib,HUH28_BILIARY_TRACT,139,0.017041415264848807,0.9472846388816833
X_scGPT,44,imatinib,IM95_STOMACH,185,0.008383508877925473,0.9930952149468499
X_scGPT,44,imatinib,TE14_OESOPHAGUS,474,0.01717700131606713,0.9475622633589974
X_scGPT,44,imatinib,CAKI2_KIDNEY,278,0.007085312621817249,1.0010717528329478
X_scGPT,44,imatinib,SU8686_PANCREAS,82,0.03834113250922917,1.0032897620666317
X_scGPT,44,imatinib,SCC25_UPPER_AERODIGESTIVE_TRACT,898,0.012113307915703498,0.9468217060003089
X_scGPT,44,imatinib,SCC9_UPPER_AERODIGESTIVE_TRACT,475,0.017076680078916294,0.9487265776333056
X_scGPT,44,erlotinib,NCIH2126_LUNG,264,0.015006873910636003,0.8453641511274107
X_scGPT,44,erlotinib,SW579_THYROID,217,0.037791534810241154,1.1017470991556546
X_scGPT,44,erlotinib,NCIH446_LUNG,196,0.058291094587207326,1.027326417516689
X_scGPT,44,erlotinib,HEC251_ENDOMETRIUM,107,0.07263079552844566,0.8661803012696382
X_scGPT,44,erlotinib,MFE319_ENDOMETRIUM,191,0.05404970703739932,0.9044255779675788
X_scGPT,44,erlotinib,SKNAS_AUTONOMIC_GANGLIA,226,0.04491900636128884,1.0275050512457315
X_scGPT,44,erlotinib,NCIH2452_PLEURA,538,0.05363522104853464,1.0120677025123157
X_scGPT,44,erlotinib,COLO741_SKIN,329,0.041085465777647545,1.0601806098929292
X_scGPT,44,erlotinib,KNS42_CENTRAL_NERVOUS_SYSTEM,172,0.016451969694570898,0.940108239997265
X_scGPT,44,erlotinib,MCF7_BREAST,143,0.051310987165501115,0.961622474910496
X_scGPT,44,erlotinib,HT1197_URINARY_TRACT,74,0.012534520338864237,0.8498859727704847
X_scGPT,44,erlotinib,SNU899_UPPER_AERODIGESTIVE_TRACT,83,0.047097163019273795,0.7514412022498717
X_scGPT,44,erlotinib,HCC38_BREAST,200,0.04846570269320751,0.8240663808584213
X_scGPT,44,erlotinib,SNU308_BILIARY_TRACT,94,0.06351127728965204,0.811163992323774
X_scGPT,44,erlotinib,SW1271_LUNG,115,0.04638763344656666,0.9257773083189259
X_scGPT,44,erlotinib,TM31_CENTRAL_NERVOUS_SYSTEM,116,0.04255778375205353,0.8940325338264992
X_scGPT,44,erlotinib,NCIH747_LARGE_INTESTINE,80,0.06426607583403984,0.8203837372362613
X_scGPT,44,erlotinib,KPNSI9S_AUTONOMIC_GANGLIA,129,0.036978105386699114,0.9598851809205935
X_scGPT,44,erlotinib,SQ1_LUNG,238,0.042616374179983985,0.9276474571528555
X_scGPT,44,erlotinib,IALM_LUNG,322,0.016354022922682857,0.8868684816804732
X_scGPT,44,erlotinib,BT474_BREAST,125,0.013598146545181418,0.8691596264839172
X_scGPT,44,erlotinib,DKMG_CENTRAL_NERVOUS_SYSTEM,271,0.05392651053034541,0.9728791949053972
X_scGPT,44,erlotinib,BT549_BREAST,266,0.04245111177528351,0.9567054487708816
X_scGPT,44,erlotinib,BICR6_UPPER_AERODIGESTIVE_TRACT,286,0.06797190172033954,0.7851993504104081
X_scGPT,44,erlotinib,SH10TC_STOMACH,351,0.05261380958920051,0.9756967775162808
X_scGPT,44,erlotinib,UMUC1_URINARY_TRACT,197,0.07904762499119777,0.746742626737217
X_scGPT,44,erlotinib,LS1034_LARGE_INTESTINE,146,0.01249734036332885,0.8469547466055988
X_scGPT,44,erlotinib,CCFSTTG1_CENTRAL_NERVOUS_SYSTEM,246,0.04114093466760766,0.9643071492513021
X_scGPT,44,erlotinib,NCIH226_LUNG,235,0.03505783962667038,0.9474319227198337
X_scGPT,44,erlotinib,LNCAPCLONEFGC_PROSTATE,129,0.041058502454319405,0.8383811199387838
X_scGPT,44,erlotinib,RCC10RGB_KIDNEY,233,0.05615528456138424,0.8605538511992524
X_scGPT,44,erlotinib,RERFLCAD1_LUNG,243,0.057066729735465706,0.9415710730317198
X_scGPT,44,erlotinib,SKMEL2_SKIN,276,0.03024362327404569,0.9356953331093857
X_scGPT,44,erlotinib,BICR31_UPPER_AERODIGESTIVE_TRACT,248,0.08424111264564027,0.8026028234631785
X_scGPT,44,erlotinib,RCM1_LARGE_INTESTINE,128,0.0934774785901637,0.8640256100334227
X_scGPT,44,erlotinib,COV434_OVARY,88,0.02122682930050714,0.9786967560648918
X_scGPT,44,erlotinib,SNU1079_BILIARY_TRACT,73,0.053106864145474976,0.9102479676677756
X_scGPT,44,erlotinib,YD38_UPPER_AERODIGESTIVE_TRACT,624,0.015917922265257803,0.8354899866076616
X_scGPT,44,erlotinib,NCIH1299_LUNG,534,0.04136282496331635,0.8642217127348153
X_scGPT,44,erlotinib,IGR37_SKIN,347,0.028804511653986457,0.9994098793189189
X_scGPT,44,erlotinib,BFTC909_KIDNEY,379,0.054719643727862165,0.9357624009919985
X_scGPT,44,erlotinib,NCIH460_LUNG,837,0.06594295357890008,0.9595696440449467
X_scGPT,44,erlotinib,IGR1_SKIN,725,0.04905397689116734,0.983495990161238
X_scGPT,44,erlotinib,VMCUB1_URINARY_TRACT,478,0.014158332235406407,0.8415431049827752
X_scGPT,44,erlotinib,JHOC5_OVARY,145,0.05484966336873193,0.8173204442550396
X_scGPT,44,erlotinib,42MGBA_CENTRAL_NERVOUS_SYSTEM,518,0.014268111506773358,0.9534740397368618
X_scGPT,44,erlotinib,HT1080_SOFT_TISSUE,516,0.05204139698373043,0.8930834803239319
X_scGPT,44,erlotinib,LI7_LIVER,196,0.017425709346037502,0.8947401250503502
X_scGPT,44,erlotinib,A375_SKIN,593,0.06157850754990022,1.02218453578563
X_scGPT,44,erlotinib,FTC133_THYROID,140,0.046083243550940386,0.9843310305050441
X_scGPT,44,erlotinib,OVK18_OVARY,178,0.057685440042585794,0.9355306786097838
X_scGPT,44,erlotinib,ACCMESO1_PLEURA,162,0.04232825849582629,0.8891070437284163
X_scGPT,44,erlotinib,HMC18_BREAST,293,0.04792545163003818,0.9564884713892237
X_scGPT,44,erlotinib,TOV112D_OVARY,78,0.04736963605394153,1.007813763924134
X_scGPT,44,erlotinib,JHH6_LIVER,206,0.05429785300347306,0.9462380501830462
X_scGPT,44,erlotinib,A2058_SKIN,294,0.05224172622446253,0.975672113652132
X_scGPT,44,erlotinib,NCIH2110_LUNG,1990,0.06251002068668933,0.8298617526963727
X_scGPT,44,erlotinib,NCIH650_LUNG,271,0.05166797495043062,0.8470246340955755
X_scGPT,44,erlotinib,EFE184_ENDOMETRIUM,86,0.01167407714738844,0.8680301772993665
X_scGPT,44,erlotinib,HUPT3_PANCREAS,136,0.06258065445479706,0.8356258895467309
X_scGPT,44,erlotinib,MDAMB361_BREAST,135,0.03759134612440071,1.0343739770076894
X_scGPT,44,erlotinib,BCPAP_THYROID,152,0.013949043581756021,0.9127736907256278
X_scGPT,44,erlotinib,PECAPJ49_UPPER_AERODIGESTIVE_TRACT,202,0.09754919248417948,0.665141097094753
X_scGPT,44,erlotinib,EKVX_LUNG,146,0.045587034941880544,0.8852501878999683
X_scGPT,44,erlotinib,BICR56_UPPER_AERODIGESTIVE_TRACT,81,0.06821913804004717,0.7028337974607208
X_scGPT,44,erlotinib,NCIH2170_LUNG,142,0.01463248058373848,0.8559098537539093
X_scGPT,44,erlotinib,DETROIT562_UPPER_AERODIGESTIVE_TRACT,163,0.05860398997168969,0.7547717778229275
X_scGPT,44,erlotinib,SW1088_CENTRAL_NERVOUS_SYSTEM,128,0.017317749761237074,0.9481719629839063
X_scGPT,44,erlotinib,BHY_UPPER_AERODIGESTIVE_TRACT,145,0.06295379532321532,0.7743335321031768
X_scGPT,44,erlotinib,CAS1_CENTRAL_NERVOUS_SYSTEM,133,0.023028624498740255,0.9787450293849286
X_scGPT,44,erlotinib,HCC1428_BREAST,127,0.04345375088006254,0.8398760852851267
X_scGPT,44,erlotinib,HDQP1_BREAST,64,0.0429831368138401,0.9104816131293774
X_scGPT,44,erlotinib,OSRC2_KIDNEY,126,0.038558429322232725,0.976580929661554
X_scGPT,44,erlotinib,HUPT4_PANCREAS,56,0.08316086758794108,0.8977884448000363
X_scGPT,44,erlotinib,TCCSUP_URINARY_TRACT,316,0.04082548427262439,1.003179461895665
X_scGPT,44,erlotinib,VMRCRCZ_KIDNEY,300,0.03878078759122904,0.8543093105157217
X_scGPT,44,erlotinib,PK59_PANCREAS,174,0.05596919528748616,0.9373606984642731
X_scGPT,44,erlotinib,HUH6_LIVER,338,0.014689509031569944,0.8972216745805458
X_scGPT,44,erlotinib,MSTO211H_PLEURA,297,0.024285325954703552,0.9429205489479733
X_scGPT,44,erlotinib,HS852T_SKIN,162,0.048218265453403436,1.0585135534221743
X_scGPT,44,erlotinib,SKMEL30_SKIN,353,0.029471436535404016,0.9567007297496958
X_scGPT,44,erlotinib,T47D_BREAST,221,0.052847190432859834,0.9869700214442085
X_scGPT,44,erlotinib,CALU6_LUNG,258,0.04925684445373104,0.93380895210791
X_scGPT,44,erlotinib,NCIH522_LUNG,208,0.037692022506689155,0.92455193400383
X_scGPT,44,erlotinib,LMSU_STOMACH,255,0.037217437173138544,0.905719276970508
X_scGPT,44,erlotinib,SNUC4_LARGE_INTESTINE,467,0.04319836715304324,0.7728705731653299
X_scGPT,44,erlotinib,RVH421_SKIN,239,0.015410892947795976,0.9303935187631073
X_scGPT,44,erlotinib,OVSAHO_OVARY,227,0.040615203277587414,0.8989092187734428
X_scGPT,44,erlotinib,GOS3_CENTRAL_NERVOUS_SYSTEM,191,0.043459240385640904,0.911717948177098
X_scGPT,44,erlotinib,SNU738_CENTRAL_NERVOUS_SYSTEM,379,0.02767740863303166,0.9216332006265746
X_scGPT,44,erlotinib,PC3_PROSTATE,169,0.02137379985133592,0.9506435228522713
X_scGPT,44,erlotinib,PATU8988S_PANCREAS,244,0.04509863306394106,0.7851515492943467
X_scGPT,44,erlotinib,OVTOKO_OVARY,209,0.0328235365977189,0.8066760583927757
X_scGPT,44,erlotinib,TE1_OESOPHAGUS,206,0.0150543952253671,0.8520980109867541
X_scGPT,44,erlotinib,NCIH2087_LUNG,219,0.06276994704929659,0.8865427753152368
X_scGPT,44,erlotinib,EFM192A_BREAST,333,0.04267328892533045,0.8881701483382834
X_scGPT,44,erlotinib,SNU423_LIVER,212,0.015712062253811384,0.8942772088185796
X_scGPT,44,erlotinib,KPL1_BREAST,276,0.06137784054049277,0.9660505861907766
X_scGPT,44,erlotinib,NCIH358_LUNG,336,0.03488987657656719,0.8886388086137318
X_scGPT,44,erlotinib,COLO792_SKIN,271,0.034473886857652215,0.9204675251707379
X_scGPT,44,erlotinib,KYSE520_OESOPHAGUS,323,0.0405952154706009,0.7657790403617056
X_scGPT,44,erlotinib,KMRC3_KIDNEY,245,0.02249421159306717,0.9078560885117979
X_scGPT,44,erlotinib,MKN7_STOMACH,258,0.048806916842609314,0.94275901645653
X_scGPT,44,erlotinib,NCIH1944_LUNG,414,0.03312599818053636,0.8493581467492569
X_scGPT,44,erlotinib,TE6_OESOPHAGUS,551,0.04014372892415285,0.7251353523475937
X_scGPT,44,erlotinib,ZR751_BREAST,309,0.019440859892382933,0.9996539167215909
X_scGPT,44,erlotinib,PANC0203_PANCREAS,506,0.046737546196094854,0.8210595107596853
X_scGPT,44,erlotinib,SW1990_PANCREAS,307,0.04749700143429026,0.9576849537485974
X_scGPT,44,erlotinib,RD_SOFT_TISSUE,261,0.018316854293231138,0.9482239761115034
X_scGPT,44,erlotinib,NCIH1792_LUNG,111,0.019481070098912083,0.9032850598429775
X_scGPT,44,erlotinib,PK45H_PANCREAS,271,0.014844951412580805,0.8702101199389384
X_scGPT,44,erlotinib,LS180_LARGE_INTESTINE,361,0.0534891448099394,0.8043309990058646
X_scGPT,44,erlotinib,RERFLCAI_LUNG,763,0.05344587119956111,0.9345158153405195
X_scGPT,44,erlotinib,CAMA1_BREAST,291,0.07553342051595831,0.9753845502011145
X_scGPT,44,erlotinib,SNU449_LIVER,282,0.030416282749363536,0.8879013122818994
X_scGPT,44,erlotinib,A204_SOFT_TISSUE,250,0.01913733143068745,0.9633153338432312
X_scGPT,44,erlotinib,MKN45_STOMACH,118,0.06982879183087318,0.8686561897649603
X_scGPT,44,erlotinib,HEP3B217_LIVER,118,0.027691880804697436,0.809092729273489
X_scGPT,44,erlotinib,HOS_BONE,829,0.01617448971965966,0.900140443311238
X_scGPT,44,erlotinib,EBC1_LUNG,186,0.05079053659110704,0.8677357326271713
X_scGPT,44,erlotinib,NCIH292_LUNG,213,0.0479119466447617,0.8375843684997917
X_scGPT,44,erlotinib,OUMS23_LARGE_INTESTINE,107,0.06624457441573763,1.0143160201678767
X_scGPT,44,erlotinib,HEC151_ENDOMETRIUM,250,0.012649828738559863,0.8695717935562134
X_scGPT,44,erlotinib,NCIH1373_LUNG,164,0.04421248337045848,0.8536467305043849
X_scGPT,44,erlotinib,TE9_OESOPHAGUS,248,0.04019709994945099,0.7577279606653798
X_scGPT,44,erlotinib,HCC56_LARGE_INTESTINE,99,0.06149766443900986,0.7878587619222776
X_scGPT,44,erlotinib,HT55_LARGE_INTESTINE,211,0.039509364166367286,0.9368914136954394
X_scGPT,44,erlotinib,RT4_URINARY_TRACT,106,0.05728648383476722,0.8732262574276834
X_scGPT,44,erlotinib,SKES1_BONE,91,0.05027544610130451,0.961397491313599
X_scGPT,44,erlotinib,NCIH1435_LUNG,267,0.05170560872757991,0.8870528882808899
X_scGPT,44,erlotinib,8305C_THYROID,459,0.014132280064038947,0.9096521770252901
X_scGPT,44,erlotinib,NCIH2228_LUNG,367,0.052160221364605235,0.9195207696844512
X_scGPT,44,erlotinib,TE10_OESOPHAGUS,219,0.01216957216191919,0.8385871455549649
X_scGPT,44,erlotinib,ASPC1_PANCREAS,290,0.010337678397932318,0.8406739393184925
X_scGPT,44,erlotinib,HCC366_LUNG,202,0.043178612497763454,0.8783446467748963
X_scGPT,44,erlotinib,BICR16_UPPER_AERODIGESTIVE_TRACT,212,0.052947072599943905,0.793178676434283
X_scGPT,44,erlotinib,HEC6_ENDOMETRIUM,161,0.025031502598104965,0.9168166699616805
X_scGPT,44,erlotinib,KALS1_CENTRAL_NERVOUS_SYSTEM,288,0.03302053047264857,0.9384489537527164
X_scGPT,44,erlotinib,NCIH2444_LUNG,237,0.03471772957002267,0.9393548457431391
X_scGPT,44,erlotinib,SNU46_UPPER_AERODIGESTIVE_TRACT,236,0.026226396424246685,0.8626323503963018
X_scGPT,44,erlotinib,OAW28_OVARY,161,0.06504061030117193,0.9315739037087245
X_scGPT,44,erlotinib,SNU1214_UPPER_AERODIGESTIVE_TRACT,188,0.0684200737123355,0.7325899264913924
X_scGPT,44,erlotinib,SKMEL5_SKIN,297,0.011288004476762828,0.9202479093965857
X_scGPT,44,erlotinib,OVCAR4_OVARY,283,0.033853616975986475,0.8987043167171546
X_scGPT,44,erlotinib,UACC257_SKIN,239,0.01779859446665084,0.9201136797541853
X_scGPT,44,erlotinib,ONCODG1_OVARY,270,0.031861346831951985,0.8662736786736382
X_scGPT,44,erlotinib,HUH28_BILIARY_TRACT,139,0.032861843869106636,0.955286838167863
X_scGPT,44,erlotinib,IM95_STOMACH,185,0.013271447880255924,0.8269144415855407
X_scGPT,44,erlotinib,TE14_OESOPHAGUS,474,0.05243838974492249,0.7373083352036617
X_scGPT,44,erlotinib,CAKI2_KIDNEY,278,0.011858886069929483,0.8663121311784648
X_scGPT,44,erlotinib,SU8686_PANCREAS,82,0.032229662593218245,0.88750809794519
X_scGPT,44,erlotinib,SCC25_UPPER_AERODIGESTIVE_TRACT,898,0.04692076574611921,0.7316635704385677
X_scGPT,44,erlotinib,SCC9_UPPER_AERODIGESTIVE_TRACT,475,0.03586517816506856,0.8362161460675691
X_scGPT,44,sorafenib,NCIH2126_LUNG,264,0.007194056779834623,0.8966375318440524
X_scGPT,44,sorafenib,SW579_THYROID,217,0.025446156052515673,0.9050336730095648
X_scGPT,44,sorafenib,NCIH446_LUNG,196,0.05717495263400168,0.7426019581604977
X_scGPT,44,sorafenib,HEC251_ENDOMETRIUM,107,0.03688224643189243,0.8779905744802172
X_scGPT,44,sorafenib,MFE319_ENDOMETRIUM,191,0.032733214301540754,0.9006192222315603
X_scGPT,44,sorafenib,SKNAS_AUTONOMIC_GANGLIA,226,0.029375629644094167,0.8031894857377078
X_scGPT,44,sorafenib,NCIH2452_PLEURA,538,0.028040427676649805,0.8701810329376987
X_scGPT,44,sorafenib,COLO741_SKIN,329,0.04764086840215931,0.8141479624440967
X_scGPT,44,sorafenib,KNS42_CENTRAL_NERVOUS_SYSTEM,172,0.00911452038885565,0.861259610153908
X_scGPT,44,sorafenib,MCF7_BREAST,143,0.026559033700146596,0.9114763524148848
X_scGPT,44,sorafenib,HT1197_URINARY_TRACT,74,0.006893313567130418,0.8970365427635811
X_scGPT,44,sorafenib,SNU899_UPPER_AERODIGESTIVE_TRACT,83,0.028510739403553805,0.9181174987769989
X_scGPT,44,sorafenib,HCC38_BREAST,200,0.050611917517597624,0.9170049804449082
X_scGPT,44,sorafenib,SNU308_BILIARY_TRACT,94,0.019543056939781644,0.9597260343267563
X_scGPT,44,sorafenib,SW1271_LUNG,115,0.019348743356221748,0.9175351106602213
X_scGPT,44,sorafenib,TM31_CENTRAL_NERVOUS_SYSTEM,116,0.023157413685670262,0.8637702305769098
X_scGPT,44,sorafenib,NCIH747_LARGE_INTESTINE,80,0.04436872918607681,0.9305701680481434
X_scGPT,44,sorafenib,KPNSI9S_AUTONOMIC_GANGLIA,129,0.05022789865350799,0.7712411048800446
X_scGPT,44,sorafenib,SQ1_LUNG,238,0.030915816219832082,0.8797792599481695
X_scGPT,44,sorafenib,IALM_LUNG,322,0.00705970717259758,0.8740967358491436
X_scGPT,44,sorafenib,BT474_BREAST,125,0.008446786527389514,0.8768489561080932
X_scGPT,44,sorafenib,DKMG_CENTRAL_NERVOUS_SYSTEM,271,0.04806030442694394,0.8541842092007289
X_scGPT,44,sorafenib,BT549_BREAST,266,0.022972145280469765,0.8542127622697586
X_scGPT,44,sorafenib,BICR6_UPPER_AERODIGESTIVE_TRACT,286,0.031672481196068324,0.9499930737318693
X_scGPT,44,sorafenib,SH10TC_STOMACH,351,0.060392859462781945,0.7819071924924171
X_scGPT,44,sorafenib,UMUC1_URINARY_TRACT,197,0.025037302410775984,0.9826759230061836
X_scGPT,44,sorafenib,LS1034_LARGE_INTESTINE,146,0.008174078821146704,0.8867895737902759
X_scGPT,44,sorafenib,CCFSTTG1_CENTRAL_NERVOUS_SYSTEM,246,0.03211437618547838,0.8883171350490756
X_scGPT,44,sorafenib,NCIH226_LUNG,235,0.025170992838736264,0.9023705771628846
X_scGPT,44,sorafenib,LNCAPCLONEFGC_PROSTATE,129,0.03094253010549989,0.8275188008944193
X_scGPT,44,sorafenib,RCC10RGB_KIDNEY,233,0.06761640456034691,0.8830680176935483
X_scGPT,44,sorafenib,RERFLCAD1_LUNG,243,0.06677782808832844,0.8323478715900531
X_scGPT,44,sorafenib,SKMEL2_SKIN,276,0.017376018321627558,0.894791359702746
X_scGPT,44,sorafenib,BICR31_UPPER_AERODIGESTIVE_TRACT,248,0.03177165474967562,0.9235753068520177
X_scGPT,44,sorafenib,RCM1_LARGE_INTESTINE,128,0.046788134091385616,0.8752561658620834
X_scGPT,44,sorafenib,COV434_OVARY,88,0.01040944210393828,0.8300441313873638
X_scGPT,44,sorafenib,SNU1079_BILIARY_TRACT,73,0.02190788905347783,0.9405481349932004
X_scGPT,44,sorafenib,YD38_UPPER_AERODIGESTIVE_TRACT,624,0.009710452195081806,0.8870558422536422
X_scGPT,44,sorafenib,NCIH1299_LUNG,534,0.02895550023892046,0.8278632522299049
X_scGPT,44,sorafenib,IGR37_SKIN,347,0.023775641482666515,0.8582854915077474
X_scGPT,44,sorafenib,BFTC909_KIDNEY,379,0.05432908750964805,0.8760337282296535
X_scGPT,44,sorafenib,NCIH460_LUNG,837,0.03197238995880436,0.8703500271698053
X_scGPT,44,sorafenib,IGR1_SKIN,725,0.039825743640635736,0.8187315380162207
X_scGPT,44,sorafenib,VMCUB1_URINARY_TRACT,478,0.008367046855465408,0.8871506052286555
X_scGPT,44,sorafenib,JHOC5_OVARY,145,0.043186636272826,0.9004258262700048
X_scGPT,44,sorafenib,42MGBA_CENTRAL_NERVOUS_SYSTEM,518,0.006578726804496378,0.8613541523231963
X_scGPT,44,sorafenib,HT1080_SOFT_TISSUE,516,0.056847246325090944,0.8151792664398518
X_scGPT,44,sorafenib,LI7_LIVER,196,0.009179896242757926,0.8770560448875233
X_scGPT,44,sorafenib,A375_SKIN,593,0.04218957004954051,0.8554514134915241
X_scGPT,44,sorafenib,FTC133_THYROID,140,0.028116938482927498,0.8491391152143478
X_scGPT,44,sorafenib,OVK18_OVARY,178,0.06001387698796624,0.7626477821489398
X_scGPT,44,sorafenib,ACCMESO1_PLEURA,162,0.03320032595700173,0.8342859616250168
X_scGPT,44,sorafenib,HMC18_BREAST,293,0.02608417525780716,0.8528407114357671
X_scGPT,44,sorafenib,TOV112D_OVARY,78,0.030318749089418232,0.7951905849652413
X_scGPT,44,sorafenib,JHH6_LIVER,206,0.024426877529464607,0.8922915368982889
X_scGPT,44,sorafenib,A2058_SKIN,294,0.05219160291399062,0.8204505013770798
X_scGPT,44,sorafenib,NCIH2110_LUNG,1990,0.02149705808211722,0.9536319653592517
X_scGPT,44,sorafenib,NCIH650_LUNG,271,0.04374815215379834,0.8937242743713829
X_scGPT,44,sorafenib,EFE184_ENDOMETRIUM,86,0.007179118547436213,0.8921389863934628
X_scGPT,44,sorafenib,HUPT3_PANCREAS,136,0.03695321756574968,0.9824933414073551
X_scGPT,44,sorafenib,MDAMB361_BREAST,135,0.029003359570249736,0.8739203201399909
X_scGPT,44,sorafenib,BCPAP_THYROID,152,0.007486781386856677,0.8708966660656428
X_scGPT,44,sorafenib,PECAPJ49_UPPER_AERODIGESTIVE_TRACT,202,0.024149599106351557,0.9852883119394283
X_scGPT,44,sorafenib,EKVX_LUNG,146,0.02865295003845465,0.9072292291954772
X_scGPT,44,sorafenib,BICR56_UPPER_AERODIGESTIVE_TRACT,81,0.024838236502104954,0.9202472803033428
X_scGPT,44,sorafenib,NCIH2170_LUNG,142,0.008354739034296838,0.8764776616868838
X_scGPT,44,sorafenib,DETROIT562_UPPER_AERODIGESTIVE_TRACT,163,0.029850213932846963,0.9609510642619221
X_scGPT,44,sorafenib,SW1088_CENTRAL_NERVOUS_SYSTEM,128,0.008430938166580684,0.8642925973981619
X_scGPT,44,sorafenib,BHY_UPPER_AERODIGESTIVE_TRACT,145,0.032035920673680586,0.9022663527521594
X_scGPT,44,sorafenib,CAS1_CENTRAL_NERVOUS_SYSTEM,133,0.023817402563551724,0.8644529249435081
X_scGPT,44,sorafenib,HCC1428_BREAST,127,0.046335350723152716,0.8827812704514331
X_scGPT,44,sorafenib,HDQP1_BREAST,64,0.01853246924064231,0.9261725042015314
X_scGPT,44,sorafenib,OSRC2_KIDNEY,126,0.030124345849902343,0.8207172008733901
X_scGPT,44,sorafenib,HUPT4_PANCREAS,56,0.06558446730977069,0.8743617406913212
X_scGPT,44,sorafenib,TCCSUP_URINARY_TRACT,316,0.027922002104265712,0.8646690962435324
X_scGPT,44,sorafenib,VMRCRCZ_KIDNEY,300,0.025850743325508442,0.8623105084896088
X_scGPT,44,sorafenib,PK59_PANCREAS,174,0.05129124103698526,0.8874267665134079
X_scGPT,44,sorafenib,HUH6_LIVER,338,0.008128591378650997,0.8717423968413878
X_scGPT,44,sorafenib,MSTO211H_PLEURA,297,0.024619305598300584,0.8567233242169775
X_scGPT,44,sorafenib,HS852T_SKIN,162,0.04119196886025021,0.85059776092753
X_scGPT,44,sorafenib,SKMEL30_SKIN,353,0.01754694268644692,0.909645642842517
X_scGPT,44,sorafenib,T47D_BREAST,221,0.031716628191993224,0.8943136771340175
X_scGPT,44,sorafenib,CALU6_LUNG,258,0.028070697204884684,0.8729809042095213
X_scGPT,44,sorafenib,NCIH522_LUNG,208,0.02831740742429719,0.8129507185747991
X_scGPT,44,sorafenib,LMSU_STOMACH,255,0.020655919113480952,0.8670122242441365
X_scGPT,44,sorafenib,SNUC4_LARGE_INTESTINE,467,0.030587305473534974,0.8321969423610598
X_scGPT,44,sorafenib,RVH421_SKIN,239,0.00889994886223048,0.8714708917809331
X_scGPT,44,sorafenib,OVSAHO_OVARY,227,0.027598615626799803,0.9020613862554407
X_scGPT,44,sorafenib,GOS3_CENTRAL_NERVOUS_SYSTEM,191,0.02705820947430393,0.8585728940539336
X_scGPT,44,sorafenib,SNU738_CENTRAL_NERVOUS_SYSTEM,379,0.02455894497241444,0.9062157366080775
X_scGPT,44,sorafenib,PC3_PROSTATE,169,0.01858212589003087,0.8958796855260635
X_scGPT,44,sorafenib,PATU8988S_PANCREAS,244,0.03698758323722339,0.927817522990899
X_scGPT,44,sorafenib,OVTOKO_OVARY,209,0.022903753627522325,0.9022706575941241
X_scGPT,44,sorafenib,TE1_OESOPHAGUS,206,0.009264907149972126,0.8940553520489665
X_scGPT,44,sorafenib,NCIH2087_LUNG,219,0.039077337121261844,0.9466617330568566
X_scGPT,44,sorafenib,EFM192A_BREAST,333,0.02640940612606467,0.9544770116204614
X_scGPT,44,sorafenib,SNU423_LIVER,212,0.009254755279750936,0.8769808647767553
X_scGPT,44,sorafenib,KPL1_BREAST,276,0.03939719142676887,0.8966770910698435
X_scGPT,44,sorafenib,NCIH358_LUNG,336,0.022479456788701314,0.9382469920175416
X_scGPT,44,sorafenib,COLO792_SKIN,271,0.024515341276957203,0.8572999373133332
X_scGPT,44,sorafenib,KYSE520_OESOPHAGUS,323,0.030543122760468045,0.9218086651973311
X_scGPT,44,sorafenib,KMRC3_KIDNEY,245,0.015556857065409796,0.9168690070814016
X_scGPT,44,sorafenib,MKN7_STOMACH,258,0.046267079178862254,0.9037030306897422
X_scGPT,44,sorafenib,NCIH1944_LUNG,414,0.02731485486403872,0.903341252302778
X_scGPT,44,sorafenib,TE6_OESOPHAGUS,551,0.028751296407779885,0.9158279981241035
X_scGPT,44,sorafenib,ZR751_BREAST,309,0.025341064518859036,0.8543726898319899
X_scGPT,44,sorafenib,PANC0203_PANCREAS,506,0.022313002693780507,0.9209034591324244
X_scGPT,44,sorafenib,SW1990_PANCREAS,307,0.05381869383758153,0.8611247636596232
X_scGPT,44,sorafenib,RD_SOFT_TISSUE,261,0.022970057062822007,0.8429066333277472
X_scGPT,44,sorafenib,NCIH1792_LUNG,111,0.00970692032067016,0.8682897708437465
X_scGPT,44,sorafenib,PK45H_PANCREAS,271,0.008780272482735683,0.8852626852883624
X_scGPT,44,sorafenib,LS180_LARGE_INTESTINE,361,0.05056442669381168,0.871994385511261
X_scGPT,44,sorafenib,RERFLCAI_LUNG,763,0.03928913340784146,0.8749796898149413
X_scGPT,44,sorafenib,CAMA1_BREAST,291,0.035212034672628005,0.9470696944961023
X_scGPT,44,sorafenib,SNU449_LIVER,282,0.021984037818532785,0.8766913895911359
X_scGPT,44,sorafenib,A204_SOFT_TISSUE,250,0.010099275476076449,0.8468225288391114
X_scGPT,44,sorafenib,MKN45_STOMACH,118,0.02913563664066898,0.9243693639666347
X_scGPT,44,sorafenib,HEP3B217_LIVER,118,0.018729604492301755,0.858526158130775
X_scGPT,44,sorafenib,HOS_BONE,829,0.008949582932249622,0.8695890162189562
X_scGPT,44,sorafenib,EBC1_LUNG,186,0.02729928211163337,0.8733263493225139
X_scGPT,44,sorafenib,NCIH292_LUNG,213,0.02292390118751428,0.9108588474457253
X_scGPT,44,sorafenib,OUMS23_LARGE_INTESTINE,107,0.07167627798709807,0.7785042752729399
X_scGPT,44,sorafenib,HEC151_ENDOMETRIUM,250,0.00733102241924311,0.8864167022705078
X_scGPT,44,sorafenib,NCIH1373_LUNG,164,0.02102656465458989,0.8949660666105224
X_scGPT,44,sorafenib,TE9_OESOPHAGUS,248,0.02245585988824914,0.9493028454242214
X_scGPT,44,sorafenib,HCC56_LARGE_INTESTINE,99,0.04731457019008006,0.8917444342314594
X_scGPT,44,sorafenib,HT55_LARGE_INTESTINE,211,0.026228253923526183,0.8966237312244578
X_scGPT,44,sorafenib,RT4_URINARY_TRACT,106,0.046200977592716526,0.8547391267317646
X_scGPT,44,sorafenib,SKES1_BONE,91,0.028586940609650755,0.7841807734835279
X_scGPT,44,sorafenib,NCIH1435_LUNG,267,0.023727875928423684,0.8950028542275732
X_scGPT,44,sorafenib,8305C_THYROID,459,0.007613998189501886,0.8755198537913802
X_scGPT,44,sorafenib,NCIH2228_LUNG,367,0.02330943821882404,0.8886228923251909
X_scGPT,44,sorafenib,TE10_OESOPHAGUS,219,0.00729350406897242,0.8947263898914808
X_scGPT,44,sorafenib,ASPC1_PANCREAS,290,0.006226741845311914,0.9003770871409055
X_scGPT,44,sorafenib,HCC366_LUNG,202,0.04085378161309297,0.9107921203174213
X_scGPT,44,sorafenib,BICR16_UPPER_AERODIGESTIVE_TRACT,212,0.03239530744436627,0.940126360868508
X_scGPT,44,sorafenib,HEC6_ENDOMETRIUM,161,0.013260474771394368,0.924672616194494
X_scGPT,44,sorafenib,KALS1_CENTRAL_NERVOUS_SYSTEM,288,0.01859418134353147,0.8639199301186535
X_scGPT,44,sorafenib,NCIH2444_LUNG,237,0.021009599132800785,0.8838933122811942
X_scGPT,44,sorafenib,SNU46_UPPER_AERODIGESTIVE_TRACT,236,0.010378333905066268,0.8884719377857143
X_scGPT,44,sorafenib,OAW28_OVARY,161,0.04343030924583512,0.874009682895234
X_scGPT,44,sorafenib,SNU1214_UPPER_AERODIGESTIVE_TRACT,188,0.01902833083751454,0.9740567476825511
X_scGPT,44,sorafenib,SKMEL5_SKIN,297,0.007738285518882248,0.8759120620461024
X_scGPT,44,sorafenib,OVCAR4_OVARY,283,0.018115131850253503,0.96136843252519
X_scGPT,44,sorafenib,UACC257_SKIN,239,0.016105039068000922,0.8838389468492325
X_scGPT,44,sorafenib,ONCODG1_OVARY,270,0.02152053518308741,0.9341476994532126
X_scGPT,44,sorafenib,HUH28_BILIARY_TRACT,139,0.0195510055691482,0.8484351184728335
X_scGPT,44,sorafenib,IM95_STOMACH,185,0.008635229923611367,0.902085758222116
X_scGPT,44,sorafenib,TE14_OESOPHAGUS,474,0.02010833299111299,0.9547003556655932
X_scGPT,44,sorafenib,CAKI2_KIDNEY,278,0.00752650132632247,0.8880297297196422
X_scGPT,44,sorafenib,SU8686_PANCREAS,82,0.02225480574310537,0.9405152957613875
X_scGPT,44,sorafenib,SCC25_UPPER_AERODIGESTIVE_TRACT,898,0.027448648860450137,0.9792827129496764
X_scGPT,44,sorafenib,SCC9_UPPER_AERODIGESTIVE_TRACT,475,0.025422662614784958,0.8674656123864023
X_scGPT,44,dasatinib,NCIH2126_LUNG,264,0.034946191447351484,0.71220623927586
X_scGPT,44,dasatinib,SW579_THYROID,217,0.06506384712899527,0.7267757497624867
X_scGPT,44,dasatinib,NCIH446_LUNG,196,0.09817875122607915,0.8105308335958695
X_scGPT,44,dasatinib,HEC251_ENDOMETRIUM,107,0.1133279406410372,0.7188981846671239
X_scGPT,44,dasatinib,MFE319_ENDOMETRIUM,191,0.0614086563005892,0.6675640163621354
X_scGPT,44,dasatinib,SKNAS_AUTONOMIC_GANGLIA,226,0.05523647447684454,0.6625759232360705
X_scGPT,44,dasatinib,NCIH2452_PLEURA,538,0.09362047528967232,0.7315968929834968
X_scGPT,44,dasatinib,COLO741_SKIN,329,0.1174647762293078,0.9076476917803107
X_scGPT,44,dasatinib,KNS42_CENTRAL_NERVOUS_SYSTEM,172,0.03475246414444754,0.7338533654462459
X_scGPT,44,dasatinib,MCF7_BREAST,143,0.08097411313529394,0.9647933590662229
X_scGPT,44,dasatinib,HT1197_URINARY_TRACT,74,0.033067950499681247,0.6619769367011817
X_scGPT,44,dasatinib,SNU899_UPPER_AERODIGESTIVE_TRACT,83,0.05180439201297119,0.5660940893443234
X_scGPT,44,dasatinib,HCC38_BREAST,200,0.08138878487157132,0.7330760344862938
X_scGPT,44,dasatinib,SNU308_BILIARY_TRACT,94,0.06108771901593684,0.665295345986143
X_scGPT,44,dasatinib,SW1271_LUNG,115,0.048563792578602806,0.66143326603848
X_scGPT,44,dasatinib,TM31_CENTRAL_NERVOUS_SYSTEM,116,0.0396369508041987,0.5668991583174673
X_scGPT,44,dasatinib,NCIH747_LARGE_INTESTINE,80,0.10125164926234202,0.7033049464225769
X_scGPT,44,dasatinib,KPNSI9S_AUTONOMIC_GANGLIA,129,0.03961977044207374,0.6232956800349924
X_scGPT,44,dasatinib,SQ1_LUNG,238,0.08925261170644856,0.702958254253163
X_scGPT,44,dasatinib,IALM_LUNG,322,0.03574677728377742,0.7401044031848079
X_scGPT,44,dasatinib,BT474_BREAST,125,0.03681835805962232,0.83898970079422
X_scGPT,44,dasatinib,DKMG_CENTRAL_NERVOUS_SYSTEM,271,0.04819175370049517,0.596322322243694
X_scGPT,44,dasatinib,BT549_BREAST,266,0.05137597073257955,0.6393332268510546
X_scGPT,44,dasatinib,BICR6_UPPER_AERODIGESTIVE_TRACT,286,0.07890939009964108,0.5922555249262523
X_scGPT,44,dasatinib,SH10TC_STOMACH,351,0.05658053970266585,0.7278713089788061
X_scGPT,44,dasatinib,UMUC1_URINARY_TRACT,197,0.07624101147431837,0.5455466649556523
X_scGPT,44,dasatinib,LS1034_LARGE_INTESTINE,146,0.04663087658249555,0.7917768910323104
X_scGPT,44,dasatinib,CCFSTTG1_CENTRAL_NERVOUS_SYSTEM,246,0.04352704517921318,0.6021007975427116
X_scGPT,44,dasatinib,NCIH226_LUNG,235,0.052795292344730974,0.6034397479067457
X_scGPT,44,dasatinib,LNCAPCLONEFGC_PROSTATE,129,0.06560680809273453,1.032953890719155
X_scGPT,44,dasatinib,RCC10RGB_KIDNEY,233,0.09887189110264316,0.6244530483376827
X_scGPT,44,dasatinib,RERFLCAD1_LUNG,243,0.05917836102231715,0.7056151114618827
X_scGPT,44,dasatinib,SKMEL2_SKIN,276,0.0886035170021334,0.7869542742121047
X_scGPT,44,dasatinib,BICR31_UPPER_AERODIGESTIVE_TRACT,248,0.10512283940082728,0.6170855838685266
X_scGPT,44,dasatinib,RCM1_LARGE_INTESTINE,128,0.13998080519350123,0.7492785074282438
X_scGPT,44,dasatinib,COV434_OVARY,88,0.037311343746204054,0.8779495521025225
X_scGPT,44,dasatinib,SNU1079_BILIARY_TRACT,73,0.054746265384941525,0.6888370562906134
X_scGPT,44,dasatinib,YD38_UPPER_AERODIGESTIVE_TRACT,624,0.043766648109436375,0.6504933589544052
X_scGPT,44,dasatinib,NCIH1299_LUNG,534,0.06074498244776692,0.7298556667811862
X_scGPT,44,dasatinib,IGR37_SKIN,347,0.04822982371099535,0.9829816850873854
X_scGPT,44,dasatinib,BFTC909_KIDNEY,379,0.06507596283880462,0.6434413293735333
X_scGPT,44,dasatinib,NCIH460_LUNG,837,0.08725662823703514,0.9217398110398825
X_scGPT,44,dasatinib,IGR1_SKIN,725,0.06556524057652864,0.9443762235805906
X_scGPT,44,dasatinib,VMCUB1_URINARY_TRACT,478,0.03803381642013706,0.6724913683895287
X_scGPT,44,dasatinib,JHOC5_OVARY,145,0.06508489114360487,0.642982592664916
X_scGPT,44,dasatinib,42MGBA_CENTRAL_NERVOUS_SYSTEM,518,0.037905013143969074,0.7421772246425217
X_scGPT,44,dasatinib,HT1080_SOFT_TISSUE,516,0.05823782400151394,0.7099347116873246
X_scGPT,44,dasatinib,LI7_LIVER,196,0.04937212499178473,0.7543423692790829
X_scGPT,44,dasatinib,A375_SKIN,593,0.09506413644673034,0.8076561832106335
X_scGPT,44,dasatinib,FTC133_THYROID,140,0.09386323833063684,0.6367119723132678
X_scGPT,44,dasatinib,OVK18_OVARY,178,0.04992437900194909,0.8417312435889512
X_scGPT,44,dasatinib,ACCMESO1_PLEURA,162,0.05581164215719865,0.6534702367620704
X_scGPT,44,dasatinib,HMC18_BREAST,293,0.05263612817114308,0.743518149283152
X_scGPT,44,dasatinib,TOV112D_OVARY,78,0.04822853759695718,0.6719723129883791
X_scGPT,44,dasatinib,JHH6_LIVER,206,0.10193174257040771,0.6974283287536751
X_scGPT,44,dasatinib,A2058_SKIN,294,0.07950141285442237,0.8449105778518988
X_scGPT,44,dasatinib,NCIH2110_LUNG,1990,0.06586261125463123,0.741141566544322
X_scGPT,44,dasatinib,NCIH650_LUNG,271,0.059343424790175306,0.6074347209006657
X_scGPT,44,dasatinib,EFE184_ENDOMETRIUM,86,0.03833021737372892,0.7374213393344435
X_scGPT,44,dasatinib,HUPT3_PANCREAS,136,0.08871594127736296,0.5892593597664553
X_scGPT,44,dasatinib,MDAMB361_BREAST,135,0.05675667253090401,1.0816482508624041
X_scGPT,44,dasatinib,BCPAP_THYROID,152,0.04005786421500551,0.6889587762324434
X_scGPT,44,dasatinib,PECAPJ49_UPPER_AERODIGESTIVE_TRACT,202,0.09937597674962537,0.49963701877853656
X_scGPT,44,dasatinib,EKVX_LUNG,146,0.04809598642193336,0.6187589544139497
X_scGPT,44,dasatinib,BICR56_UPPER_AERODIGESTIVE_TRACT,81,0.09837154320980329,0.4384519700650816
X_scGPT,44,dasatinib,NCIH2170_LUNG,142,0.03774986163196956,0.7997710738383549
X_scGPT,44,dasatinib,DETROIT562_UPPER_AERODIGESTIVE_TRACT,163,0.04907700182080829,0.5472045105659157
X_scGPT,44,dasatinib,SW1088_CENTRAL_NERVOUS_SYSTEM,128,0.036446447399215834,0.7086146762594581
X_scGPT,44,dasatinib,BHY_UPPER_AERODIGESTIVE_TRACT,145,0.08099453464788918,0.5926765573435816
X_scGPT,44,dasatinib,CAS1_CENTRAL_NERVOUS_SYSTEM,133,0.03876693388241245,0.6315707004159913
X_scGPT,44,dasatinib,HCC1428_BREAST,127,0.06616370847487163,0.9100470538214436
X_scGPT,44,dasatinib,HDQP1_BREAST,64,0.08827222787769828,0.67570990184322
X_scGPT,44,dasatinib,OSRC2_KIDNEY,126,0.08148957939267389,0.6101420971136244
X_scGPT,44,dasatinib,HUPT4_PANCREAS,56,0.07748644050270106,0.6932006116424289
X_scGPT,44,dasatinib,TCCSUP_URINARY_TRACT,316,0.07091072346156356,0.6488699272652215
X_scGPT,44,dasatinib,VMRCRCZ_KIDNEY,300,0.044764067856648763,0.6628843764464061
X_scGPT,44,dasatinib,PK59_PANCREAS,174,0.05836503791022493,0.78122520172733
X_scGPT,44,dasatinib,HUH6_LIVER,338,0.041817777897353824,0.8208062447739776
X_scGPT,44,dasatinib,MSTO211H_PLEURA,297,0.05475124814345505,0.7165438025086014
X_scGPT,44,dasatinib,HS852T_SKIN,162,0.07610862427842463,0.6840289586488112
X_scGPT,44,dasatinib,SKMEL30_SKIN,353,0.09787318787427395,0.8655071456101393
X_scGPT,44,dasatinib,T47D_BREAST,221,0.07389796319418757,1.0268062733417183
X_scGPT,44,dasatinib,CALU6_LUNG,258,0.06677246706261752,0.7416556565336478
X_scGPT,44,dasatinib,NCIH522_LUNG,208,0.05164551957111579,0.6432254751427815
X_scGPT,44,dasatinib,LMSU_STOMACH,255,0.03031974814772349,0.534427622720307
X_scGPT,44,dasatinib,SNUC4_LARGE_INTESTINE,467,0.05132720678680126,0.8539061178742435
X_scGPT,44,dasatinib,RVH421_SKIN,239,0.045669562113236445,0.7670693282801736
X_scGPT,44,dasatinib,OVSAHO_OVARY,227,0.06854298456934331,0.6642956544649233
X_scGPT,44,dasatinib,GOS3_CENTRAL_NERVOUS_SYSTEM,191,0.04115494031799529,0.5758468672555155
X_scGPT,44,dasatinib,SNU738_CENTRAL_NERVOUS_SYSTEM,379,0.039795024865470825,0.6506894277236707
X_scGPT,44,dasatinib,PC3_PROSTATE,169,0.03964138345749427,0.7260628522500484
X_scGPT,44,dasatinib,PATU8988S_PANCREAS,244,0.07629886522111165,0.7209623773567012
X_scGPT,44,dasatinib,OVTOKO_OVARY,209,0.03842512635949985,0.6115752358755997
X_scGPT,44,dasatinib,TE1_OESOPHAGUS,206,0.03793086684438237,0.6916822889476146
X_scGPT,44,dasatinib,NCIH2087_LUNG,219,0.07143988052359974,0.634014221495145
X_scGPT,44,dasatinib,EFM192A_BREAST,333,0.07816703160557627,0.8819457575365588
X_scGPT,44,dasatinib,SNU423_LIVER,212,0.03758947868366901,0.6708985061015723
X_scGPT,44,dasatinib,KPL1_BREAST,276,0.08303557334498089,0.9533695156375567
X_scGPT,44,dasatinib,NCIH358_LUNG,336,0.053121098827569276,0.6847280359693936
X_scGPT,44,dasatinib,COLO792_SKIN,271,0.08257365745128022,0.8216894207405429
X_scGPT,44,dasatinib,KYSE520_OESOPHAGUS,323,0.043727367881695796,0.5867202534764174
X_scGPT,44,dasatinib,KMRC3_KIDNEY,245,0.039683266760748404,0.6523354182437975
X_scGPT,44,dasatinib,MKN7_STOMACH,258,0.060136596109510984,0.7369161530058513
X_scGPT,44,dasatinib,NCIH1944_LUNG,414,0.04119197235945891,0.6610930163215324
X_scGPT,44,dasatinib,TE6_OESOPHAGUS,551,0.03836406265829186,0.5977922138739411
X_scGPT,44,dasatinib,ZR751_BREAST,309,0.045739960516479466,1.0613964279106907
X_scGPT,44,dasatinib,PANC0203_PANCREAS,506,0.097265678303623,0.651406114928336
X_scGPT,44,dasatinib,SW1990_PANCREAS,307,0.06332112962263606,0.6691845189476634
X_scGPT,44,dasatinib,RD_SOFT_TISSUE,261,0.05167563486318079,0.6752200713559585
X_scGPT,44,dasatinib,NCIH1792_LUNG,111,0.040704796016876627,0.7529775645281818
X_scGPT,44,dasatinib,PK45H_PANCREAS,271,0.03912980267682509,0.7091731774411079
X_scGPT,44,dasatinib,LS180_LARGE_INTESTINE,361,0.08209155262800279,0.784318559552824
X_scGPT,44,dasatinib,RERFLCAI_LUNG,763,0.05381780727255978,0.6274550286454892
X_scGPT,44,dasatinib,CAMA1_BREAST,291,0.08916452023152836,0.7979521407294519
X_scGPT,44,dasatinib,SNU449_LIVER,282,0.05255450986371125,0.5911912884272582
X_scGPT,44,dasatinib,A204_SOFT_TISSUE,250,0.03650601814495787,0.8273398513793946
X_scGPT,44,dasatinib,MKN45_STOMACH,118,0.09119840418060786,0.792632669210434
X_scGPT,44,dasatinib,HEP3B217_LIVER,118,0.04100052035543384,0.610119622137587
X_scGPT,44,dasatinib,HOS_BONE,829,0.03639169153523491,0.7090004642277201
X_scGPT,44,dasatinib,EBC1_LUNG,186,0.08632244686478575,0.6329952415920073
X_scGPT,44,dasatinib,NCIH292_LUNG,213,0.0622976021318849,0.5762115737921755
X_scGPT,44,dasatinib,OUMS23_LARGE_INTESTINE,107,0.05631844224885615,0.8153684172674874
X_scGPT,44,dasatinib,HEC151_ENDOMETRIUM,250,0.03237901837553772,0.7466188855171204
X_scGPT,44,dasatinib,NCIH1373_LUNG,164,0.07083946024645359,0.6667271218285328
X_scGPT,44,dasatinib,TE9_OESOPHAGUS,248,0.038270274566728844,0.5900890527954025
X_scGPT,44,dasatinib,HCC56_LARGE_INTESTINE,99,0.09879565314515341,0.7801986911682167
X_scGPT,44,dasatinib,HT55_LARGE_INTESTINE,211,0.06861396202787162,0.9981663467194797
X_scGPT,44,dasatinib,RT4_URINARY_TRACT,106,0.054232324317040205,0.8078205428033505
X_scGPT,44,dasatinib,SKES1_BONE,91,0.05223284850428434,0.6560336921241258
X_scGPT,44,dasatinib,NCIH1435_LUNG,267,0.07997492399169696,0.7048586995414133
X_scGPT,44,dasatinib,8305C_THYROID,459,0.032240718938970715,0.6769228680201346
X_scGPT,44,dasatinib,NCIH2228_LUNG,367,0.07560881109567545,0.5935890710321369
X_scGPT,44,dasatinib,TE10_OESOPHAGUS,219,0.029841821934959042,0.6424093396151991
X_scGPT,44,dasatinib,ASPC1_PANCREAS,290,0.026122445180774116,0.7048459552485368
X_scGPT,44,dasatinib,HCC366_LUNG,202,0.05386195193998355,0.564782368517158
X_scGPT,44,dasatinib,BICR16_UPPER_AERODIGESTIVE_TRACT,212,0.057412749949203576,0.5154384818841826
X_scGPT,44,dasatinib,HEC6_ENDOMETRIUM,161,0.04712741484847525,0.7249100237899686
X_scGPT,44,dasatinib,KALS1_CENTRAL_NERVOUS_SYSTEM,288,0.03372471722929689,0.524278591800895
X_scGPT,44,dasatinib,NCIH2444_LUNG,237,0.06495696827154115,0.645969975095258
X_scGPT,44,dasatinib,SNU46_UPPER_AERODIGESTIVE_TRACT,236,0.043613174226830295,0.6660405730797072
X_scGPT,44,dasatinib,OAW28_OVARY,161,0.07614739879759984,0.7308862583237405
X_scGPT,44,dasatinib,SNU1214_UPPER_AERODIGESTIVE_TRACT,188,0.07845018386774609,0.5246483466409623
X_scGPT,44,dasatinib,SKMEL5_SKIN,297,0.04075229803726671,0.8563732665395897
X_scGPT,44,dasatinib,OVCAR4_OVARY,283,0.05486853443477076,0.6312934208674481
X_scGPT,44,dasatinib,UACC257_SKIN,239,0.04801767294009613,0.9728174381675082
X_scGPT,44,dasatinib,ONCODG1_OVARY,270,0.03661404833536326,0.5455015252033869
X_scGPT,44,dasatinib,HUH28_BILIARY_TRACT,139,0.031909288917415346,0.5330657103507639
X_scGPT,44,dasatinib,IM95_STOMACH,185,0.03759797356025384,0.7761416370804245
X_scGPT,44,dasatinib,TE14_OESOPHAGUS,474,0.06741334574056315,0.6145364952741293
X_scGPT,44,dasatinib,CAKI2_KIDNEY,278,0.03171233574969498,0.698224578829978
X_scGPT,44,dasatinib,SU8686_PANCREAS,82,0.0651646888860847,0.6258099951395174
X_scGPT,44,dasatinib,SCC25_UPPER_AERODIGESTIVE_TRACT,898,0.04733390761109132,0.41045269426497694
X_scGPT,44,dasatinib,SCC9_UPPER_AERODIGESTIVE_TRACT,475,0.03353844806095234,0.5041754065689288
X_scGPT,44,crizotinib,NCIH2126_LUNG,264,0.003920525279322821,0.7758628355734276
X_scGPT,44,crizotinib,SW579_THYROID,217,0.02271004701195766,0.7811833013037932
X_scGPT,44,crizotinib,NCIH446_LUNG,196,0.04584478371230512,0.7691735844222867
X_scGPT,44,crizotinib,HEC251_ENDOMETRIUM,107,0.048518444801160944,0.8646364223177188
X_scGPT,44,crizotinib,MFE319_ENDOMETRIUM,191,0.02981033107221645,0.8123967700603745
X_scGPT,44,crizotinib,SKNAS_AUTONOMIC_GANGLIA,226,0.015351700099641723,0.787156695549467
X_scGPT,44,crizotinib,NCIH2452_PLEURA,538,0.026251750842613473,0.8108435793880193
X_scGPT,44,crizotinib,COLO741_SKIN,329,0.02987095615567641,0.8395276328712974
X_scGPT,44,crizotinib,KNS42_CENTRAL_NERVOUS_SYSTEM,172,0.004668087212847718,0.7957865058682686
X_scGPT,44,crizotinib,MCF7_BREAST,143,0.03783238087626613,0.8166957751854317
X_scGPT,44,crizotinib,HT1197_URINARY_TRACT,74,0.005741286427386658,0.7778117100934725
X_scGPT,44,crizotinib,SNU899_UPPER_AERODIGESTIVE_TRACT,83,0.03842269402174606,0.7119365111891046
X_scGPT,44,crizotinib,HCC38_BREAST,200,0.05359332712727787,0.8179791349172593
X_scGPT,44,crizotinib,SNU308_BILIARY_TRACT,94,0.0303006567381635,0.7918755608670255
X_scGPT,44,crizotinib,SW1271_LUNG,115,0.02196212396186157,0.7776005097057508
X_scGPT,44,crizotinib,TM31_CENTRAL_NERVOUS_SYSTEM,116,0.019523789338447905,0.7517489636766499
X_scGPT,44,crizotinib,NCIH747_LARGE_INTESTINE,80,0.06160034926932584,0.7350993245840073
X_scGPT,44,crizotinib,KPNSI9S_AUTONOMIC_GANGLIA,129,0.040398674229916484,0.8283907526223234
X_scGPT,44,crizotinib,SQ1_LUNG,238,0.036767356715877816,0.8339469317628556
X_scGPT,44,crizotinib,IALM_LUNG,322,0.0047664509304211405,0.7920797398741941
X_scGPT,44,crizotinib,BT474_BREAST,125,0.0059119216823330534,0.787502133846283
X_scGPT,44,crizotinib,DKMG_CENTRAL_NERVOUS_SYSTEM,271,0.06133763160946198,0.7282070088650467
X_scGPT,44,crizotinib,BT549_BREAST,266,0.024988900966778152,0.7791540584617987
X_scGPT,44,crizotinib,BICR6_UPPER_AERODIGESTIVE_TRACT,286,0.05765520924032164,0.7366636825816615
X_scGPT,44,crizotinib,SH10TC_STOMACH,351,0.05922793326448175,0.7411222123352551
X_scGPT,44,crizotinib,UMUC1_URINARY_TRACT,197,0.04158299420669782,0.8033126710635151
X_scGPT,44,crizotinib,LS1034_LARGE_INTESTINE,146,0.0050126508437746235,0.7822577214404328
X_scGPT,44,crizotinib,CCFSTTG1_CENTRAL_NERVOUS_SYSTEM,246,0.043023848067250695,0.719453804618944
X_scGPT,44,crizotinib,NCIH226_LUNG,235,0.030443388056494516,0.7879443564313523
X_scGPT,44,crizotinib,LNCAPCLONEFGC_PROSTATE,129,0.020153521465442643,0.8502483913140704
X_scGPT,44,crizotinib,RCC10RGB_KIDNEY,233,0.07311372480671338,0.759593668925404
X_scGPT,44,crizotinib,RERFLCAD1_LUNG,243,0.08064691253019483,0.6937277216479611
X_scGPT,44,crizotinib,SKMEL2_SKIN,276,0.023138631786810474,0.79492863861547
X_scGPT,44,crizotinib,BICR31_UPPER_AERODIGESTIVE_TRACT,248,0.03850596550905012,0.8468770985641787
X_scGPT,44,crizotinib,RCM1_LARGE_INTESTINE,128,0.07462785425952607,0.7715711398050189
X_scGPT,44,crizotinib,COV434_OVARY,88,0.006226463258987898,0.8061470673842863
X_scGPT,44,crizotinib,SNU1079_BILIARY_TRACT,73,0.030344303419926826,0.8004029646311721
X_scGPT,44,crizotinib,YD38_UPPER_AERODIGESTIVE_TRACT,624,0.004269408480703665,0.7807630226016045
X_scGPT,44,crizotinib,NCIH1299_LUNG,534,0.018734016836763824,0.8081635413098425
X_scGPT,44,crizotinib,IGR37_SKIN,347,0.013947152974515445,0.8358839288225092
X_scGPT,44,crizotinib,BFTC909_KIDNEY,379,0.05625222239597376,0.7306406974477944
X_scGPT,44,crizotinib,NCIH460_LUNG,837,0.0280816712581406,0.7787858352438951
X_scGPT,44,crizotinib,IGR1_SKIN,725,0.040921158288325564,0.7933224048285649
X_scGPT,44,crizotinib,VMCUB1_URINARY_TRACT,478,0.004249196792806374,0.7805704626578167
X_scGPT,44,crizotinib,JHOC5_OVARY,145,0.055205159278667496,0.8224158398036299
X_scGPT,44,crizotinib,42MGBA_CENTRAL_NERVOUS_SYSTEM,518,0.004669857270280111,0.7973473069750664
X_scGPT,44,crizotinib,HT1080_SOFT_TISSUE,516,0.057456408631106896,0.8028218824734059
X_scGPT,44,crizotinib,LI7_LIVER,196,0.005240303240646536,0.7853360881610792
X_scGPT,44,crizotinib,A375_SKIN,593,0.03249954011376896,0.7960080993919308
X_scGPT,44,crizotinib,FTC133_THYROID,140,0.02693639717129358,0.8293348218713488
X_scGPT,44,crizotinib,OVK18_OVARY,178,0.061934834289287886,0.8451779153239861
X_scGPT,44,crizotinib,ACCMESO1_PLEURA,162,0.019129141581843485,0.7862417318938691
X_scGPT,44,crizotinib,HMC18_BREAST,293,0.017260078119764346,0.8139422029358535
X_scGPT,44,crizotinib,TOV112D_OVARY,78,0.013797822092933164,0.7812517667428042
X_scGPT,44,crizotinib,JHH6_LIVER,206,0.028102587957781876,0.827663864904237
X_scGPT,44,crizotinib,A2058_SKIN,294,0.05307962194879396,0.8026824394861857
X_scGPT,44,crizotinib,NCIH2110_LUNG,1990,0.03062266130935376,0.7674268712050951
X_scGPT,44,crizotinib,NCIH650_LUNG,271,0.051850532955467724,0.8105035543001886
X_scGPT,44,crizotinib,EFE184_ENDOMETRIUM,86,0.003313934912360518,0.7879633057949155
X_scGPT,44,crizotinib,HUPT3_PANCREAS,136,0.07339229356298267,0.7289387890521217
X_scGPT,44,crizotinib,MDAMB361_BREAST,135,0.04317814666625267,0.877073531680637
X_scGPT,44,crizotinib,BCPAP_THYROID,152,0.004822677230873917,0.7889813121996427
X_scGPT,44,crizotinib,PECAPJ49_UPPER_AERODIGESTIVE_TRACT,202,0.04118633924996847,0.8121091558201479
X_scGPT,44,crizotinib,EKVX_LUNG,146,0.028717297214995958,0.8046201136830735
X_scGPT,44,crizotinib,BICR56_UPPER_AERODIGESTIVE_TRACT,81,0.03949370572114046,0.8443271252844069
X_scGPT,44,crizotinib,NCIH2170_LUNG,142,0.006517242516978412,0.7846578246271106
X_scGPT,44,crizotinib,DETROIT562_UPPER_AERODIGESTIVE_TRACT,163,0.031894021592771694,0.7167772687285956
X_scGPT,44,crizotinib,SW1088_CENTRAL_NERVOUS_SYSTEM,128,0.003922083578400542,0.7959531750530005
X_scGPT,44,crizotinib,BHY_UPPER_AERODIGESTIVE_TRACT,145,0.031872504247573756,0.8787340229955213
X_scGPT,44,crizotinib,CAS1_CENTRAL_NERVOUS_SYSTEM,133,0.023513885821228594,0.7792428839475589
X_scGPT,44,crizotinib,HCC1428_BREAST,127,0.05862008589307717,0.8376190460573031
X_scGPT,44,crizotinib,HDQP1_BREAST,64,0.026026439233810254,0.8412716640159488
X_scGPT,44,crizotinib,OSRC2_KIDNEY,126,0.026983524210803245,0.875540773546885
X_scGPT,44,crizotinib,HUPT4_PANCREAS,56,0.10322854364059236,0.6399683840572834
X_scGPT,44,crizotinib,TCCSUP_URINARY_TRACT,316,0.026213575937695473,0.8199745799544491
X_scGPT,44,crizotinib,VMRCRCZ_KIDNEY,300,0.02339489936575302,0.7754520889123281
X_scGPT,44,crizotinib,PK59_PANCREAS,174,0.07223162736804786,0.6746886593514475
X_scGPT,44,crizotinib,HUH6_LIVER,338,0.006208340571688338,0.7874306158201229
X_scGPT,44,crizotinib,MSTO211H_PLEURA,297,0.03227067760241388,0.7588884033739366
X_scGPT,44,crizotinib,HS852T_SKIN,162,0.03370385645615345,0.8517531896079028
X_scGPT,44,crizotinib,SKMEL30_SKIN,353,0.031141929286640675,0.7621179130192182
X_scGPT,44,crizotinib,T47D_BREAST,221,0.07087055046664281,0.8731169163911051
X_scGPT,44,crizotinib,CALU6_LUNG,258,0.026970305141700183,0.8016664753126543
X_scGPT,44,crizotinib,NCIH522_LUNG,208,0.02133211332839635,0.7699516705022409
X_scGPT,44,crizotinib,LMSU_STOMACH,255,0.01721304516288021,0.7568029658467161
X_scGPT,44,crizotinib,SNUC4_LARGE_INTESTINE,467,0.06030460412587125,0.752506064398641
X_scGPT,44,crizotinib,RVH421_SKIN,239,0.008537577164329182,0.7926585492229861
X_scGPT,44,crizotinib,OVSAHO_OVARY,227,0.030930061020122145,0.8350509623073796
X_scGPT,44,crizotinib,GOS3_CENTRAL_NERVOUS_SYSTEM,191,0.02048481868196117,0.7676077975028472
X_scGPT,44,crizotinib,SNU738_CENTRAL_NERVOUS_SYSTEM,379,0.03490501345812011,0.7679247201904458
X_scGPT,44,crizotinib,PC3_PROSTATE,169,0.028390775565514354,0.7538689875743798
X_scGPT,44,crizotinib,PATU8988S_PANCREAS,244,0.06191508230043205,0.7032645150530533
X_scGPT,44,crizotinib,OVTOKO_OVARY,209,0.032740286455281174,0.7580969196757631
X_scGPT,44,crizotinib,TE1_OESOPHAGUS,206,0.005059570741973801,0.7805722017311355
X_scGPT,44,crizotinib,NCIH2087_LUNG,219,0.08870602450210636,0.6604941790778888
X_scGPT,44,crizotinib,EFM192A_BREAST,333,0.04130937462848328,0.7374954100127693
X_scGPT,44,crizotinib,SNU423_LIVER,212,0.0049271989093277995,0.787023662958505
X_scGPT,44,crizotinib,KPL1_BREAST,276,0.04006716489124042,0.8430569936399874
X_scGPT,44,crizotinib,NCIH358_LUNG,336,0.02512161879241305,0.7471595553769952
X_scGPT,44,crizotinib,COLO792_SKIN,271,0.016871717130247283,0.7972511213643965
X_scGPT,44,crizotinib,KYSE520_OESOPHAGUS,323,0.02529228268884758,0.722187221972935
X_scGPT,44,crizotinib,KMRC3_KIDNEY,245,0.023667242418826707,0.7492562542156297
X_scGPT,44,crizotinib,MKN7_STOMACH,258,0.060978398696329726,0.6862736496814462
X_scGPT,44,crizotinib,NCIH1944_LUNG,414,0.02110116527005037,0.7726909236055641
X_scGPT,44,crizotinib,TE6_OESOPHAGUS,551,0.023128627003113945,0.7127012873301705
X_scGPT,44,crizotinib,ZR751_BREAST,309,0.03542107595907263,0.7591981039078104
X_scGPT,44,crizotinib,PANC0203_PANCREAS,506,0.04589758334386843,0.7985247897771979
X_scGPT,44,crizotinib,SW1990_PANCREAS,307,0.05910672133625469,0.6893992793870671
X_scGPT,44,crizotinib,RD_SOFT_TISSUE,261,0.019627924588435722,0.7464294036229452
X_scGPT,44,crizotinib,NCIH1792_LUNG,111,0.006031930487428648,0.7926512102823
X_scGPT,44,crizotinib,PK45H_PANCREAS,271,0.004969698621852484,0.7841848339541811
X_scGPT,44,crizotinib,LS180_LARGE_INTESTINE,361,0.04271294983536273,0.8106333570467138
X_scGPT,44,crizotinib,RERFLCAI_LUNG,763,0.07330813493671974,0.714095681866687
X_scGPT,44,crizotinib,CAMA1_BREAST,291,0.04679063882224178,0.8494818128671023
X_scGPT,44,crizotinib,SNU449_LIVER,282,0.02733902782857536,0.8364955334798664
X_scGPT,44,crizotinib,A204_SOFT_TISSUE,250,0.005685784312963785,0.804224038362503
X_scGPT,44,crizotinib,MKN45_STOMACH,118,0.03920705070811131,0.691187676736864
X_scGPT,44,crizotinib,HEP3B217_LIVER,118,0.027885139116053788,0.744192156246153
X_scGPT,44,crizotinib,HOS_BONE,829,0.005003597337676999,0.7856548023741553
X_scGPT,44,crizotinib,EBC1_LUNG,186,0.04302440288007828,0.8181885804540368
X_scGPT,44,crizotinib,NCIH292_LUNG,213,0.031889855584564385,0.8028825222046723
X_scGPT,44,crizotinib,OUMS23_LARGE_INTESTINE,107,0.08595245692214196,0.6400707508916053
X_scGPT,44,crizotinib,HEC151_ENDOMETRIUM,250,0.005005823102544475,0.7838143973350525
X_scGPT,44,crizotinib,NCIH1373_LUNG,164,0.03431199165464032,0.8169051321541391
X_scGPT,44,crizotinib,TE9_OESOPHAGUS,248,0.03273258903393741,0.7202211140144256
X_scGPT,44,crizotinib,HCC56_LARGE_INTESTINE,99,0.06763709773154757,0.828600713098892
X_scGPT,44,crizotinib,HT55_LARGE_INTESTINE,211,0.036013893084371765,0.7175960571844996
X_scGPT,44,crizotinib,RT4_URINARY_TRACT,106,0.06555915107364198,0.6051961079520999
X_scGPT,44,crizotinib,SKES1_BONE,91,0.015983999704531855,0.7726762078620575
X_scGPT,44,crizotinib,NCIH1435_LUNG,267,0.03719903623248103,0.787877037507318
X_scGPT,44,crizotinib,8305C_THYROID,459,0.004144808382729089,0.7905355237408141
X_scGPT,44,crizotinib,NCIH2228_LUNG,367,0.026676524080522793,0.8451911046979212
X_scGPT,44,crizotinib,TE10_OESOPHAGUS,219,0.003952548591521585,0.7783051084165704
X_scGPT,44,crizotinib,ASPC1_PANCREAS,290,0.0037926684037347287,0.7732862215617607
X_scGPT,44,crizotinib,HCC366_LUNG,202,0.05854333907046006,0.7502251645125965
X_scGPT,44,crizotinib,BICR16_UPPER_AERODIGESTIVE_TRACT,212,0.05780819211175687,0.7098213286613518
X_scGPT,44,crizotinib,HEC6_ENDOMETRIUM,161,0.01781555221153046,0.7523502692672777
X_scGPT,44,crizotinib,KALS1_CENTRAL_NERVOUS_SYSTEM,288,0.0157379651775081,0.7479203457219733
X_scGPT,44,crizotinib,NCIH2444_LUNG,237,0.029669873322514796,0.8457419115279797
X_scGPT,44,crizotinib,SNU46_UPPER_AERODIGESTIVE_TRACT,236,0.005217861236963776,0.7821593426041684
X_scGPT,44,crizotinib,OAW28_OVARY,161,0.1069083516408865,0.6521991150719779
X_scGPT,44,crizotinib,SNU1214_UPPER_AERODIGESTIVE_TRACT,188,0.02823145222093603,0.7858643880549897
X_scGPT,44,crizotinib,SKMEL5_SKIN,297,0.009652635862332754,0.7682040405995918
X_scGPT,44,crizotinib,OVCAR4_OVARY,283,0.026224819710127138,0.7471858922247331
X_scGPT,44,crizotinib,UACC257_SKIN,239,0.016764658703198335,0.7192023354095395
X_scGPT,44,crizotinib,ONCODG1_OVARY,270,0.02134233477865278,0.7596091003329666
X_scGPT,44,crizotinib,HUH28_BILIARY_TRACT,139,0.015151670392878557,0.7461092317704674
X_scGPT,44,crizotinib,IM95_STOMACH,185,0.005325532538686277,0.7713274975080748
X_scGPT,44,crizotinib,TE14_OESOPHAGUS,474,0.027414801699371293,0.7554507317170815
X_scGPT,44,crizotinib,CAKI2_KIDNEY,278,0.004378569599495362,0.7845894612854333
X_scGPT,44,crizotinib,SU8686_PANCREAS,82,0.030465843332724934,0.6867450519305903
X_scGPT,44,crizotinib,SCC25_UPPER_AERODIGESTIVE_TRACT,898,0.029317722147000052,0.6857564813044661
X_scGPT,44,crizotinib,SCC9_UPPER_AERODIGESTIVE_TRACT,475,0.01818259576427843,0.7336230820103695
X_scGPT,44,afatinib,NCIH2126_LUNG,264,0.021574730536193257,0.6251243145176859
X_scGPT,44,afatinib,SW579_THYROID,217,0.02803531982110622,0.9031534417433673
X_scGPT,44,afatinib,NCIH446_LUNG,196,0.0579838214529861,0.7766590237009282
X_scGPT,44,afatinib,HEC251_ENDOMETRIUM,107,0.0780506606423358,0.6688819519270246
X_scGPT,44,afatinib,MFE319_ENDOMETRIUM,191,0.06447324918501765,0.6865929246572924
X_scGPT,44,afatinib,SKNAS_AUTONOMIC_GANGLIA,226,0.053337993627309864,0.8482026304818887
X_scGPT,44,afatinib,NCIH2452_PLEURA,538,0.043999109490852735,0.8602134631912062
X_scGPT,44,afatinib,COLO741_SKIN,329,0.03457655929468007,0.8008760295378039
X_scGPT,44,afatinib,KNS42_CENTRAL_NERVOUS_SYSTEM,172,0.022141097939931784,0.7241320048653802
X_scGPT,44,afatinib,MCF7_BREAST,143,0.0416151019390193,0.6768884208652522
X_scGPT,44,afatinib,HT1197_URINARY_TRACT,74,0.021407226429359612,0.657884614693152
X_scGPT,44,afatinib,SNU899_UPPER_AERODIGESTIVE_TRACT,83,0.05356192429913662,0.5487403661371714
X_scGPT,44,afatinib,HCC38_BREAST,200,0.06464165559915933,0.6766919092833996
X_scGPT,44,afatinib,SNU308_BILIARY_TRACT,94,0.07614604770162925,0.593996008659931
X_scGPT,44,afatinib,SW1271_LUNG,115,0.036113977705273186,0.7470608478007109
X_scGPT,44,afatinib,TM31_CENTRAL_NERVOUS_SYSTEM,116,0.04313345025308233,0.7332945861693086
X_scGPT,44,afatinib,NCIH747_LARGE_INTESTINE,80,0.07647571338527695,0.5962523445487022
X_scGPT,44,afatinib,KPNSI9S_AUTONOMIC_GANGLIA,129,0.027280904836097464,0.8290983059609583
X_scGPT,44,afatinib,SQ1_LUNG,238,0.0403982712251482,0.7445317694619924
X_scGPT,44,afatinib,IALM_LUNG,322,0.023876727040298345,0.7025985301281354
X_scGPT,44,afatinib,BT474_BREAST,125,0.023673279143976225,0.6483624639511109
X_scGPT,44,afatinib,DKMG_CENTRAL_NERVOUS_SYSTEM,271,0.04505023643385035,0.7850013161937249
X_scGPT,44,afatinib,BT549_BREAST,266,0.04213051216068697,0.7976140682410476
X_scGPT,44,afatinib,BICR6_UPPER_AERODIGESTIVE_TRACT,286,0.09783969463554695,0.5810872780067937
X_scGPT,44,afatinib,SH10TC_STOMACH,351,0.036533964313467907,0.7965770820606808
X_scGPT,44,afatinib,UMUC1_URINARY_TRACT,197,0.08481429300951955,0.5426869837160643
X_scGPT,44,afatinib,LS1034_LARGE_INTESTINE,146,0.019795052274627908,0.6427237705825126
X_scGPT,44,afatinib,CCFSTTG1_CENTRAL_NERVOUS_SYSTEM,246,0.07082790842708359,0.7496036448614384
X_scGPT,44,afatinib,NCIH226_LUNG,235,0.033117674223791145,0.7683536806005112
X_scGPT,44,afatinib,LNCAPCLONEFGC_PROSTATE,129,0.04084142408362804,0.8494029825972033
X_scGPT,44,afatinib,RCC10RGB_KIDNEY,233,0.047503826773351875,0.6949563550846771
X_scGPT,44,afatinib,RERFLCAD1_LUNG,243,0.041450205984201884,0.763806169170411
X_scGPT,44,afatinib,SKMEL2_SKIN,276,0.040081568431488725,0.7497529739486999
X_scGPT,44,afatinib,BICR31_UPPER_AERODIGESTIVE_TRACT,248,0.10588990180027553,0.5587492963719752
X_scGPT,44,afatinib,RCM1_LARGE_INTESTINE,128,0.100729456796466,0.6640508861746639
X_scGPT,44,afatinib,COV434_OVARY,88,0.024550375652604435,0.78032440895384
X_scGPT,44,afatinib,SNU1079_BILIARY_TRACT,73,0.04327951447001514,0.6965703939738339
X_scGPT,44,afatinib,YD38_UPPER_AERODIGESTIVE_TRACT,624,0.031977632544485955,0.6071463137482985
X_scGPT,44,afatinib,NCIH1299_LUNG,534,0.040606512892188626,0.7220894989002956
X_scGPT,44,afatinib,IGR37_SKIN,347,0.024655225041808698,0.7599717723876668
X_scGPT,44,afatinib,BFTC909_KIDNEY,379,0.058528637805792365,0.7830557357667304
X_scGPT,44,afatinib,NCIH460_LUNG,837,0.06668467259146701,0.738501433616898
X_scGPT,44,afatinib,IGR1_SKIN,725,0.0443885310096987,0.7197239055304692
X_scGPT,44,afatinib,VMCUB1_URINARY_TRACT,478,0.027306079276820296,0.6178993662530907
X_scGPT,44,afatinib,JHOC5_OVARY,145,0.06129731569972717,0.6754177553900357
X_scGPT,44,afatinib,42MGBA_CENTRAL_NERVOUS_SYSTEM,518,0.023108336402938735,0.7520757238146881
X_scGPT,44,afatinib,HT1080_SOFT_TISSUE,516,0.056745853239751266,0.771066203713417
X_scGPT,44,afatinib,LI7_LIVER,196,0.027693934067707336,0.6821437900771901
X_scGPT,44,afatinib,A375_SKIN,593,0.05074063012685743,0.7900365585018371
X_scGPT,44,afatinib,FTC133_THYROID,140,0.0426173900184405,0.7938822950635638
X_scGPT,44,afatinib,OVK18_OVARY,178,0.06907642612379576,0.7464799447340912
X_scGPT,44,afatinib,ACCMESO1_PLEURA,162,0.044784425483264244,0.7329921659864025
X_scGPT,44,afatinib,HMC18_BREAST,293,0.04419589661259611,0.7970918571582833
X_scGPT,44,afatinib,TOV112D_OVARY,78,0.046002911367082996,0.8711848977284554
X_scGPT,44,afatinib,JHH6_LIVER,206,0.061589025585141406,0.7386218413565923
X_scGPT,44,afatinib,A2058_SKIN,294,0.04601588594721102,0.7922405989802613
X_scGPT,44,afatinib,NCIH2110_LUNG,1990,0.06179525316842778,0.6226334770420688
X_scGPT,44,afatinib,NCIH650_LUNG,271,0.04425638458121515,0.7361557120766586
X_scGPT,44,afatinib,EFE184_ENDOMETRIUM,86,0.021199980143447286,0.6585961351560992
X_scGPT,44,afatinib,HUPT3_PANCREAS,136,0.07357224965347268,0.6398942656815052
X_scGPT,44,afatinib,MDAMB361_BREAST,135,0.04200150312183638,0.6981705899591799
X_scGPT,44,afatinib,BCPAP_THYROID,152,0.021146059045207163,0.7125656153810652
X_scGPT,44,afatinib,PECAPJ49_UPPER_AERODIGESTIVE_TRACT,202,0.10914056915609219,0.4484464850756201
X_scGPT,44,afatinib,EKVX_LUNG,146,0.05286094562290912,0.6585890585429048
X_scGPT,44,afatinib,BICR56_UPPER_AERODIGESTIVE_TRACT,81,0.0904887035601999,0.4441110513828419
X_scGPT,44,afatinib,NCIH2170_LUNG,142,0.024311697549068877,0.6477046671887519
X_scGPT,44,afatinib,DETROIT562_UPPER_AERODIGESTIVE_TRACT,163,0.06017918504280359,0.5250695793906603
X_scGPT,44,afatinib,SW1088_CENTRAL_NERVOUS_SYSTEM,128,0.021440095021081122,0.7441507768817246
X_scGPT,44,afatinib,BHY_UPPER_AERODIGESTIVE_TRACT,145,0.07946351160845803,0.5806726385807169
X_scGPT,44,afatinib,CAS1_CENTRAL_NERVOUS_SYSTEM,133,0.028912432438836237,0.8102504248009589
X_scGPT,44,afatinib,HCC1428_BREAST,127,0.07104608374979579,0.673970384391274
X_scGPT,44,afatinib,HDQP1_BREAST,64,0.03951613388999284,0.7033310513943434
X_scGPT,44,afatinib,OSRC2_KIDNEY,126,0.049703858097276,0.7725914040255168
X_scGPT,44,afatinib,HUPT4_PANCREAS,56,0.0678227648525562,0.6704349602971759
X_scGPT,44,afatinib,TCCSUP_URINARY_TRACT,316,0.034173001661198285,0.8314415024051184
X_scGPT,44,afatinib,VMRCRCZ_KIDNEY,300,0.037730295844494326,0.6962288568417231
X_scGPT,44,afatinib,PK59_PANCREAS,174,0.04702062575446876,0.7344678407427908
X_scGPT,44,afatinib,HUH6_LIVER,338,0.017418512204407478,0.711711198091507
X_scGPT,44,afatinib,MSTO211H_PLEURA,297,0.030537440605495812,0.7796630779099384
X_scGPT,44,afatinib,HS852T_SKIN,162,0.042693794171002504,0.8174925185280082
X_scGPT,44,afatinib,SKMEL30_SKIN,353,0.026738788246943503,0.7494119257156977
X_scGPT,44,afatinib,T47D_BREAST,221,0.04986724538662293,0.6472859820898842
X_scGPT,44,afatinib,CALU6_LUNG,258,0.04602176405969798,0.7418649637883947
X_scGPT,44,afatinib,NCIH522_LUNG,208,0.04661411113182389,0.8048205381402602
X_scGPT,44,afatinib,LMSU_STOMACH,255,0.0415704944784174,0.7329138641263925
X_scGPT,44,afatinib,SNUC4_LARGE_INTESTINE,467,0.06974791329394114,0.5585103336825361
X_scGPT,44,afatinib,RVH421_SKIN,239,0.025891639953906663,0.731660027633651
X_scGPT,44,afatinib,OVSAHO_OVARY,227,0.05673724277364922,0.6811439268914613
X_scGPT,44,afatinib,GOS3_CENTRAL_NERVOUS_SYSTEM,191,0.04216999286121372,0.7395021166476904
X_scGPT,44,afatinib,SNU738_CENTRAL_NERVOUS_SYSTEM,379,0.02771496313622586,0.7453582282116671
X_scGPT,44,afatinib,PC3_PROSTATE,169,0.022571338215552465,0.7609161466536437
X_scGPT,44,afatinib,PATU8988S_PANCREAS,244,0.05758148386187946,0.6453474755169916
X_scGPT,44,afatinib,OVTOKO_OVARY,209,0.046441289232032404,0.6339098006914677
X_scGPT,44,afatinib,TE1_OESOPHAGUS,206,0.024668260763296732,0.6489630781331108
X_scGPT,44,afatinib,NCIH2087_LUNG,219,0.07003868628040623,0.6589573326448327
X_scGPT,44,afatinib,EFM192A_BREAST,333,0.07664643268847954,0.6835805589372331
X_scGPT,44,afatinib,SNU423_LIVER,212,0.02481864482488799,0.710374358127702
X_scGPT,44,afatinib,KPL1_BREAST,276,0.04521538356630767,0.7638089957012646
X_scGPT,44,afatinib,NCIH358_LUNG,336,0.04084198554713818,0.6805096454918385
X_scGPT,44,afatinib,COLO792_SKIN,271,0.023170450347318076,0.7448611917091031
X_scGPT,44,afatinib,KYSE520_OESOPHAGUS,323,0.042196631903449675,0.6226072717377276
X_scGPT,44,afatinib,KMRC3_KIDNEY,245,0.021909080248061655,0.7198376592324705
X_scGPT,44,afatinib,MKN7_STOMACH,258,0.05744492316490642,0.7483068741569223
X_scGPT,44,afatinib,NCIH1944_LUNG,414,0.03066801368566652,0.7061437097724509
X_scGPT,44,afatinib,TE6_OESOPHAGUS,551,0.0401204160493634,0.589213724794059
X_scGPT,44,afatinib,ZR751_BREAST,309,0.02419765954259942,0.751868753371501
X_scGPT,44,afatinib,PANC0203_PANCREAS,506,0.055242008101970455,0.6222826763693052
X_scGPT,44,afatinib,SW1990_PANCREAS,307,0.05178689333209829,0.7682469304687426
X_scGPT,44,afatinib,RD_SOFT_TISSUE,261,0.029667491851759886,0.7760773271436435
X_scGPT,44,afatinib,NCIH1792_LUNG,111,0.02610054808036618,0.7235307967340624
X_scGPT,44,afatinib,PK45H_PANCREAS,271,0.02390400449181762,0.6922927045734166
X_scGPT,44,afatinib,LS180_LARGE_INTESTINE,361,0.06339746325513547,0.5910762724288613
X_scGPT,44,afatinib,RERFLCAI_LUNG,763,0.05061333355986466,0.7621248379291119
X_scGPT,44,afatinib,CAMA1_BREAST,291,0.07787544268283607,0.708401447002011
X_scGPT,44,afatinib,SNU449_LIVER,282,0.029926702323514576,0.7249736048228351
X_scGPT,44,afatinib,A204_SOFT_TISSUE,250,0.022377571974141534,0.7686709160804749
X_scGPT,44,afatinib,MKN45_STOMACH,118,0.06187152183428654,0.6443268184439611
X_scGPT,44,afatinib,HEP3B217_LIVER,118,0.02307314868312032,0.7192410700402018
X_scGPT,44,afatinib,HOS_BONE,829,0.023333448987099072,0.6969675547538822
X_scGPT,44,afatinib,EBC1_LUNG,186,0.06058420638231883,0.6885423602596406
X_scGPT,44,afatinib,NCIH292_LUNG,213,0.06140973042355861,0.6496237326116069
X_scGPT,44,afatinib,OUMS23_LARGE_INTESTINE,107,0.046142663842199706,0.7958326306298514
X_scGPT,44,afatinib,HEC151_ENDOMETRIUM,250,0.020018401203748145,0.670654381275177
X_scGPT,44,afatinib,NCIH1373_LUNG,164,0.05156427587837495,0.6828300996524531
X_scGPT,44,afatinib,TE9_OESOPHAGUS,248,0.040100473324709555,0.5876847224370125
X_scGPT,44,afatinib,HCC56_LARGE_INTESTINE,99,0.07523375011161942,0.6021649012661944
X_scGPT,44,afatinib,HT55_LARGE_INTESTINE,211,0.029736155172568335,0.6866929853131986
X_scGPT,44,afatinib,RT4_URINARY_TRACT,106,0.07622093961761027,0.6229317252928356
X_scGPT,44,afatinib,SKES1_BONE,91,0.05547714921228707,0.8374764166035495
X_scGPT,44,afatinib,NCIH1435_LUNG,267,0.06105693482017271,0.6893208299236797
X_scGPT,44,afatinib,8305C_THYROID,459,0.01958812908080278,0.7223294320189615
X_scGPT,44,afatinib,NCIH2228_LUNG,367,0.05120958955019939,0.7428238473893511
X_scGPT,44,afatinib,TE10_OESOPHAGUS,219,0.023985492206190957,0.6270256050645489
X_scGPT,44,afatinib,ASPC1_PANCREAS,290,0.015897766408998183,0.6523374668483076
X_scGPT,44,afatinib,HCC366_LUNG,202,0.04384254829622738,0.7133043228399636
X_scGPT,44,afatinib,BICR16_UPPER_AERODIGESTIVE_TRACT,212,0.08542158460766534,0.5777136766404476
X_scGPT,44,afatinib,HEC6_ENDOMETRIUM,161,0.029406601673520962,0.7077425625753699
X_scGPT,44,afatinib,KALS1_CENTRAL_NERVOUS_SYSTEM,288,0.021290634330559218,0.7709630413187875
X_scGPT,44,afatinib,NCIH2444_LUNG,237,0.03153272282828282,0.7588017525049201
X_scGPT,44,afatinib,SNU46_UPPER_AERODIGESTIVE_TRACT,236,0.033472639402933754,0.6601966647273403
X_scGPT,44,afatinib,OAW28_OVARY,161,0.04634932525108833,0.6907585631616368
X_scGPT,44,afatinib,SNU1214_UPPER_AERODIGESTIVE_TRACT,188,0.08255929255883858,0.48213185148036225
X_scGPT,44,afatinib,SKMEL5_SKIN,297,0.026719525708871057,0.6748183102720113
X_scGPT,44,afatinib,OVCAR4_OVARY,283,0.025633573529934863,0.6767541420754611
X_scGPT,44,afatinib,UACC257_SKIN,239,0.023423685930842427,0.7151465620455881
X_scGPT,44,afatinib,ONCODG1_OVARY,270,0.03327535391881989,0.6538341818032442
X_scGPT,44,afatinib,HUH28_BILIARY_TRACT,139,0.03405925029717827,0.7926917552090377
X_scGPT,44,afatinib,IM95_STOMACH,185,0.021581503697698366,0.61012791910687
X_scGPT,44,afatinib,TE14_OESOPHAGUS,474,0.06352415318376368,0.4744113083252927
X_scGPT,44,afatinib,CAKI2_KIDNEY,278,0.020315336295341244,0.6702658694853886
X_scGPT,44,afatinib,SU8686_PANCREAS,82,0.030485608032227857,0.6889370636242192
X_scGPT,44,afatinib,SCC25_UPPER_AERODIGESTIVE_TRACT,898,0.05545690306589322,0.4704737151186822
X_scGPT,44,afatinib,SCC9_UPPER_AERODIGESTIVE_TRACT,475,0.05035870523476905,0.6960662231947247
