drug,cell_line,y_true,y_pred,fold,rep,model,alpha,seed
doxorubicin,42MGBA_CENTRAL_NERVOUS_SYSTEM,0.5611410140991211,0.46061246143114615,4,X_pca,mil,0.5,42
doxorubicin,8305C_THYROID,0.5387490391731262,0.42740458626632855,4,X_pca,mil,0.5,42
doxorubicin,A204_SOFT_TISSUE,0.3751550614833832,0.4185538362264633,4,X_pca,mil,0.5,42
doxorubicin,A2058_SKIN,0.4950177073478699,0.5551102701701275,5,X_pca,mil,0.5,42
doxorubicin,A375_SKIN,0.5054274201393127,0.5837350463083181,3,X_pca,mil,0.5,42
doxorubicin,ACCMESO1_PLEURA,0.6358495950698853,0.7358553959631625,2,X_pca,mil,0.5,42
doxorubicin,ASPC1_PANCREAS,0.7291187644004822,0.7521483277452403,4,X_pca,mil,0.5,42
doxorubicin,BCPAP_THYROID,0.5380156636238098,0.4660234425805117,4,X_pca,mil,0.5,42
doxorubicin,BFTC909_KIDNEY,0.585321843624115,0.60433622762207,5,X_pca,mil,0.5,42
doxorubicin,BHY_UPPER_AERODIGESTIVE_TRACT,0.4835294783115387,0.530590563601461,3,X_pca,mil,0.5,42
doxorubicin,BICR16_UPPER_AERODIGESTIVE_TRACT,0.6258533000946045,0.5467625623041729,5,X_pca,mil,0.5,42
doxorubicin,BICR31_UPPER_AERODIGESTIVE_TRACT,0.5435177683830261,0.5442442835098312,3,X_pca,mil,0.5,42
doxorubicin,BICR56_UPPER_AERODIGESTIVE_TRACT,0.6303225755691528,0.4418797055144369,3,X_pca,mil,0.5,42
doxorubicin,BICR6_UPPER_AERODIGESTIVE_TRACT,0.5066924095153809,0.6044052564180814,5,X_pca,mil,0.5,42
doxorubicin,BT474_BREAST,0.7362895607948303,0.6954623072147369,4,X_pca,mil,0.5,42
doxorubicin,BT549_BREAST,0.5603541731834412,0.5236459716146153,1,X_pca,mil,0.5,42
doxorubicin,CAKI2_KIDNEY,0.8098970055580139,0.6681754494742523,4,X_pca,mil,0.5,42
doxorubicin,CALU6_LUNG,0.6933369636535645,0.6889041024585103,3,X_pca,mil,0.5,42
doxorubicin,CAMA1_BREAST,0.6567535400390625,0.6355937646631523,3,X_pca,mil,0.5,42
doxorubicin,CAS1_CENTRAL_NERVOUS_SYSTEM,0.4726645350456238,0.46050881644836944,1,X_pca,mil,0.5,42
doxorubicin,CCFSTTG1_CENTRAL_NERVOUS_SYSTEM,0.624411404132843,0.5459577761045317,5,X_pca,mil,0.5,42
doxorubicin,COLO741_SKIN,0.8535335659980774,0.46506433664484226,3,X_pca,mil,0.5,42
doxorubicin,COLO792_SKIN,0.6422173380851746,0.5048763570530388,2,X_pca,mil,0.5,42
doxorubicin,COV434_OVARY,0.3253573477268219,0.5079488530755043,4,X_pca,mil,0.5,42
doxorubicin,DETROIT562_UPPER_AERODIGESTIVE_TRACT,0.6028164625167847,0.506605312319621,2,X_pca,mil,0.5,42
doxorubicin,DKMG_CENTRAL_NERVOUS_SYSTEM,0.5278626680374146,0.4810443877953885,5,X_pca,mil,0.5,42
doxorubicin,EBC1_LUNG,0.4876810908317566,0.5399711673618645,3,X_pca,mil,0.5,42
doxorubicin,EFE184_ENDOMETRIUM,0.8111908435821533,0.5972868328870728,4,X_pca,mil,0.5,42
doxorubicin,EFM192A_BREAST,0.5801385045051575,0.5978494636468343,5,X_pca,mil,0.5,42
doxorubicin,EKVX_LUNG,0.7006396651268005,0.5861325327255954,2,X_pca,mil,0.5,42
doxorubicin,FTC133_THYROID,0.54218590259552,0.6387814319559506,3,X_pca,mil,0.5,42
doxorubicin,GOS3_CENTRAL_NERVOUS_SYSTEM,0.5780242085456848,0.6193528601324371,2,X_pca,mil,0.5,42
doxorubicin,HCC1428_BREAST,0.6737597584724426,0.713259650027658,5,X_pca,mil,0.5,42
doxorubicin,HCC366_LUNG,0.6135154962539673,0.645849212266431,5,X_pca,mil,0.5,42
doxorubicin,HCC38_BREAST,0.5100096464157104,0.6424624109268189,5,X_pca,mil,0.5,42
doxorubicin,HCC56_LARGE_INTESTINE,0.810954749584198,0.7190511341046806,3,X_pca,mil,0.5,42
doxorubicin,HDQP1_BREAST,0.7888896465301514,0.5865253945812583,3,X_pca,mil,0.5,42
doxorubicin,HEC151_ENDOMETRIUM,0.40951746702194214,0.5581782788038254,4,X_pca,mil,0.5,42
doxorubicin,HEC251_ENDOMETRIUM,0.5875652432441711,0.5758250241524705,3,X_pca,mil,0.5,42
doxorubicin,HEC6_ENDOMETRIUM,0.5559057593345642,0.5538872443370938,1,X_pca,mil,0.5,42
doxorubicin,HEP3B217_LIVER,0.7229253053665161,0.5159443316318221,2,X_pca,mil,0.5,42
doxorubicin,HMC18_BREAST,0.4536672532558441,0.5136671190375761,2,X_pca,mil,0.5,42
doxorubicin,HOS_BONE,0.5812419056892395,0.4393771175739992,4,X_pca,mil,0.5,42
doxorubicin,HS852T_SKIN,0.440727174282074,0.6902032303221431,3,X_pca,mil,0.5,42
doxorubicin,HT1080_SOFT_TISSUE,0.3908422589302063,0.4556296903264615,5,X_pca,mil,0.5,42
doxorubicin,HT1197_URINARY_TRACT,0.5438651442527771,0.5569335363201193,4,X_pca,mil,0.5,42
doxorubicin,HT55_LARGE_INTESTINE,0.5889919996261597,0.8217252987255982,1,X_pca,mil,0.5,42
doxorubicin,HUH28_BILIARY_TRACT,0.5371938943862915,0.538931108421559,2,X_pca,mil,0.5,42
doxorubicin,HUH6_LIVER,0.42507052421569824,0.6338639462135247,4,X_pca,mil,0.5,42
doxorubicin,HUPT3_PANCREAS,0.6856333613395691,0.6839881745331428,5,X_pca,mil,0.5,42
doxorubicin,HUPT4_PANCREAS,0.45965781807899475,0.6588261340345655,5,X_pca,mil,0.5,42
doxorubicin,IALM_LUNG,0.8397154211997986,0.44405258109110485,4,X_pca,mil,0.5,42
doxorubicin,IGR1_SKIN,0.5318907499313354,0.6103479930861243,5,X_pca,mil,0.5,42
doxorubicin,IGR37_SKIN,0.5309170484542847,0.48921422887947785,2,X_pca,mil,0.5,42
doxorubicin,IM95_STOMACH,0.4691832363605499,0.7975475736566492,4,X_pca,mil,0.5,42
doxorubicin,JHH6_LIVER,0.8701879978179932,0.682019083968644,3,X_pca,mil,0.5,42
doxorubicin,JHOC5_OVARY,0.5302541851997375,0.5875246064416293,5,X_pca,mil,0.5,42
doxorubicin,KALS1_CENTRAL_NERVOUS_SYSTEM,0.4983648359775543,0.5546628672422634,2,X_pca,mil,0.5,42
doxorubicin,KMRC3_KIDNEY,0.5798169374465942,0.7979923026902335,1,X_pca,mil,0.5,42
doxorubicin,KNS42_CENTRAL_NERVOUS_SYSTEM,0.6755160689353943,0.5873710688116939,4,X_pca,mil,0.5,42
doxorubicin,KPL1_BREAST,0.8693845272064209,0.6937512138831443,3,X_pca,mil,0.5,42
doxorubicin,KPNSI9S_AUTONOMIC_GANGLIA,0.2994575798511505,0.3954194382179615,5,X_pca,mil,0.5,42
doxorubicin,KYSE520_OESOPHAGUS,0.6951316595077515,0.5656799713709036,2,X_pca,mil,0.5,42
doxorubicin,LI7_LIVER,0.6539109349250793,0.6825553159020386,4,X_pca,mil,0.5,42
doxorubicin,LMSU_STOMACH,0.6874845623970032,0.4723162573926589,2,X_pca,mil,0.5,42
doxorubicin,LNCAPCLONEFGC_PROSTATE,0.36991697549819946,0.4407840084659961,2,X_pca,mil,0.5,42
doxorubicin,LS1034_LARGE_INTESTINE,0.7185391783714294,0.6390051396742259,4,X_pca,mil,0.5,42
doxorubicin,LS180_LARGE_INTESTINE,0.5715101361274719,0.7470807546228583,3,X_pca,mil,0.5,42
doxorubicin,MCF7_BREAST,0.6808213591575623,0.863522707165538,1,X_pca,mil,0.5,42
doxorubicin,MDAMB361_BREAST,0.735870361328125,0.6453128329029789,1,X_pca,mil,0.5,42
doxorubicin,MFE319_ENDOMETRIUM,0.6568321585655212,0.513082604289679,2,X_pca,mil,0.5,42
doxorubicin,MKN45_STOMACH,0.888956606388092,0.6767387137574664,1,X_pca,mil,0.5,42
doxorubicin,MKN7_STOMACH,0.6380749344825745,0.6532409454500953,5,X_pca,mil,0.5,42
doxorubicin,MSTO211H_PLEURA,0.3753986358642578,0.5820442957910223,1,X_pca,mil,0.5,42
doxorubicin,NCIH1299_LUNG,0.6539729833602905,0.5468561916650457,2,X_pca,mil,0.5,42
doxorubicin,NCIH1373_LUNG,0.6574230790138245,0.6916541486251645,3,X_pca,mil,0.5,42
doxorubicin,NCIH1435_LUNG,0.5236009955406189,0.5424269954586743,3,X_pca,mil,0.5,42
doxorubicin,NCIH1792_LUNG,0.7039877772331238,0.427081005261825,4,X_pca,mil,0.5,42
doxorubicin,NCIH1944_LUNG,0.6275695562362671,0.5314242312873619,2,X_pca,mil,0.5,42
doxorubicin,NCIH2087_LUNG,0.34448179602622986,0.5654000005765593,5,X_pca,mil,0.5,42
doxorubicin,NCIH2110_LUNG,0.3811848759651184,0.5300906192267959,1,X_pca,mil,0.5,42
doxorubicin,NCIH2126_LUNG,0.5018039345741272,0.5476203026870886,4,X_pca,mil,0.5,42
doxorubicin,NCIH2170_LUNG,0.5922226309776306,0.5230390991963131,4,X_pca,mil,0.5,42
doxorubicin,NCIH2228_LUNG,0.44898903369903564,0.6695886471128594,3,X_pca,mil,0.5,42
doxorubicin,NCIH226_LUNG,0.4597177803516388,0.5597763956861294,1,X_pca,mil,0.5,42
doxorubicin,NCIH2444_LUNG,0.5491931438446045,0.523994865171014,3,X_pca,mil,0.5,42
doxorubicin,NCIH2452_PLEURA,0.5596638917922974,0.6074897535560743,3,X_pca,mil,0.5,42
doxorubicin,NCIH292_LUNG,0.4165792167186737,0.47561960237126955,3,X_pca,mil,0.5,42
doxorubicin,NCIH358_LUNG,0.4872294068336487,0.5198496011573643,1,X_pca,mil,0.5,42
doxorubicin,NCIH446_LUNG,0.4856961667537689,0.4510988717784687,3,X_pca,mil,0.5,42
doxorubicin,NCIH460_LUNG,0.5580957531929016,0.4778710719077818,3,X_pca,mil,0.5,42
doxorubicin,NCIH522_LUNG,0.4944220185279846,0.31385333965031,2,X_pca,mil,0.5,42
doxorubicin,NCIH650_LUNG,0.5603529810905457,0.5606282278620449,5,X_pca,mil,0.5,42
doxorubicin,NCIH747_LARGE_INTESTINE,0.5683852434158325,0.7005089286714792,5,X_pca,mil,0.5,42
doxorubicin,OAW28_OVARY,0.6767528653144836,0.5833126969218995,5,X_pca,mil,0.5,42
doxorubicin,ONCODG1_OVARY,0.581980288028717,0.7008216935175436,2,X_pca,mil,0.5,42
doxorubicin,OSRC2_KIDNEY,0.6995971202850342,0.7832388731222304,3,X_pca,mil,0.5,42
doxorubicin,OUMS23_LARGE_INTESTINE,0.5587512850761414,0.574769082470475,5,X_pca,mil,0.5,42
doxorubicin,OVCAR4_OVARY,0.6055043935775757,0.6123677479504697,1,X_pca,mil,0.5,42
doxorubicin,OVK18_OVARY,0.2882801592350006,0.5285729094502631,5,X_pca,mil,0.5,42
doxorubicin,OVSAHO_OVARY,0.5728036761283875,0.5947711037119054,2,X_pca,mil,0.5,42
doxorubicin,OVTOKO_OVARY,0.7791611552238464,0.7448283513767298,2,X_pca,mil,0.5,42
doxorubicin,PANC0203_PANCREAS,0.7632962465286255,0.504519279177481,3,X_pca,mil,0.5,42
doxorubicin,PATU8988S_PANCREAS,0.7037484049797058,0.9167923216448456,2,X_pca,mil,0.5,42
doxorubicin,PC3_PROSTATE,0.7981969118118286,0.5910346823683857,1,X_pca,mil,0.5,42
doxorubicin,PECAPJ49_UPPER_AERODIGESTIVE_TRACT,0.47215813398361206,0.5056076052755413,1,X_pca,mil,0.5,42
doxorubicin,PK45H_PANCREAS,0.8845717906951904,0.6035295033146975,4,X_pca,mil,0.5,42
doxorubicin,PK59_PANCREAS,0.5667010545730591,0.7372537700609229,5,X_pca,mil,0.5,42
doxorubicin,RCC10RGB_KIDNEY,0.8544673323631287,0.6420878582502128,5,X_pca,mil,0.5,42
doxorubicin,RCM1_LARGE_INTESTINE,0.7463620901107788,0.6833508531562984,3,X_pca,mil,0.5,42
doxorubicin,RD_SOFT_TISSUE,0.48532170057296753,0.46716552230590147,1,X_pca,mil,0.5,42
doxorubicin,RERFLCAD1_LUNG,0.8917138576507568,0.6473063777503654,5,X_pca,mil,0.5,42
doxorubicin,RERFLCAI_LUNG,0.4272306263446808,0.7403686857082897,5,X_pca,mil,0.5,42
doxorubicin,RT4_URINARY_TRACT,0.4836074411869049,0.5804652268031858,5,X_pca,mil,0.5,42
doxorubicin,RVH421_SKIN,0.5980584621429443,0.5939440742197396,4,X_pca,mil,0.5,42
doxorubicin,SCC25_UPPER_AERODIGESTIVE_TRACT,0.4167896807193756,0.510893896255302,2,X_pca,mil,0.5,42
doxorubicin,SCC9_UPPER_AERODIGESTIVE_TRACT,0.49403518438339233,0.5393121751358635,2,X_pca,mil,0.5,42
doxorubicin,SH10TC_STOMACH,0.6935459971427917,0.7717716343212672,5,X_pca,mil,0.5,42
doxorubicin,SKES1_BONE,0.25840020179748535,0.48422941663763025,2,X_pca,mil,0.5,42
doxorubicin,SKMEL2_SKIN,0.7795782685279846,0.3897520096405693,1,X_pca,mil,0.5,42
doxorubicin,SKMEL30_SKIN,0.56974858045578,0.4860957617800229,1,X_pca,mil,0.5,42
doxorubicin,SKMEL5_SKIN,0.5388690829277039,0.7249057252800425,4,X_pca,mil,0.5,42
doxorubicin,SKNAS_AUTONOMIC_GANGLIA,0.49000316858291626,0.38459166185518284,2,X_pca,mil,0.5,42
doxorubicin,SNU1079_BILIARY_TRACT,0.530148446559906,0.6639637204065715,1,X_pca,mil,0.5,42
doxorubicin,SNU1214_UPPER_AERODIGESTIVE_TRACT,0.6214928030967712,0.593943363967094,1,X_pca,mil,0.5,42
doxorubicin,SNU308_BILIARY_TRACT,0.642924427986145,0.5665812799905209,1,X_pca,mil,0.5,42
doxorubicin,SNU423_LIVER,0.5606513023376465,0.5484595072438132,4,X_pca,mil,0.5,42
doxorubicin,SNU449_LIVER,0.8395319581031799,0.635569210910628,3,X_pca,mil,0.5,42
doxorubicin,SNU46_UPPER_AERODIGESTIVE_TRACT,0.696592390537262,0.5569076474945424,4,X_pca,mil,0.5,42
doxorubicin,SNU738_CENTRAL_NERVOUS_SYSTEM,0.7775015234947205,0.5971547649844026,1,X_pca,mil,0.5,42
doxorubicin,SNU899_UPPER_AERODIGESTIVE_TRACT,0.5426186919212341,0.4143246448183634,2,X_pca,mil,0.5,42
doxorubicin,SNUC4_LARGE_INTESTINE,0.787482738494873,0.5821560854191954,5,X_pca,mil,0.5,42
doxorubicin,SQ1_LUNG,0.7245655655860901,0.5693108399375146,3,X_pca,mil,0.5,42
doxorubicin,SU8686_PANCREAS,0.5021981000900269,0.6433749675023847,1,X_pca,mil,0.5,42
doxorubicin,SW1088_CENTRAL_NERVOUS_SYSTEM,0.589234471321106,0.5161758118774742,4,X_pca,mil,0.5,42
doxorubicin,SW1271_LUNG,0.48043984174728394,0.5483872540619062,1,X_pca,mil,0.5,42
doxorubicin,SW1990_PANCREAS,0.6104688048362732,0.7379583327117882,5,X_pca,mil,0.5,42
doxorubicin,SW579_THYROID,0.40079694986343384,0.5887581137468189,3,X_pca,mil,0.5,42
doxorubicin,T47D_BREAST,0.712394654750824,0.6200214904897353,1,X_pca,mil,0.5,42
doxorubicin,TCCSUP_URINARY_TRACT,0.54876708984375,0.5948133154571811,3,X_pca,mil,0.5,42
doxorubicin,TE10_OESOPHAGUS,0.6106919646263123,0.61932087053447,4,X_pca,mil,0.5,42
doxorubicin,TE14_OESOPHAGUS,0.6705263257026672,0.5549673258252285,1,X_pca,mil,0.5,42
doxorubicin,TE1_OESOPHAGUS,0.6324832439422607,0.5056450614362087,4,X_pca,mil,0.5,42
doxorubicin,TE6_OESOPHAGUS,0.4768960773944855,0.5131448999507024,2,X_pca,mil,0.5,42
doxorubicin,TE9_OESOPHAGUS,0.47645479440689087,0.5408599183203713,2,X_pca,mil,0.5,42
doxorubicin,TM31_CENTRAL_NERVOUS_SYSTEM,0.672069787979126,0.5157133582337149,2,X_pca,mil,0.5,42
doxorubicin,TOV112D_OVARY,0.3924221992492676,0.3447615110721344,2,X_pca,mil,0.5,42
doxorubicin,UACC257_SKIN,0.5711562633514404,0.5851490511305661,1,X_pca,mil,0.5,42
doxorubicin,VMCUB1_URINARY_TRACT,0.534176766872406,0.5306977430771584,4,X_pca,mil,0.5,42
doxorubicin,VMRCRCZ_KIDNEY,0.7579551935195923,0.7333704560001691,2,X_pca,mil,0.5,42
doxorubicin,YD38_UPPER_AERODIGESTIVE_TRACT,0.4940035343170166,0.5470201674466714,4,X_pca,mil,0.5,42
doxorubicin,ZR751_BREAST,0.5641409754753113,0.6561667063668322,1,X_pca,mil,0.5,42
platin,42MGBA_CENTRAL_NERVOUS_SYSTEM,0.9792470335960388,1.0068086493889798,4,X_pca,mil,0.5,42
platin,8305C_THYROID,0.9902234673500061,0.9086966092550157,4,X_pca,mil,0.5,42
platin,A204_SOFT_TISSUE,0.9935336112976074,0.9053927047252655,4,X_pca,mil,0.5,42
platin,A2058_SKIN,1.0669606924057007,1.0301423883762488,5,X_pca,mil,0.5,42
platin,A375_SKIN,0.9721842408180237,1.1087997946731156,3,X_pca,mil,0.5,42
platin,ACCMESO1_PLEURA,0.9934868812561035,0.9570367726278893,2,X_pca,mil,0.5,42
platin,ASPC1_PANCREAS,0.9865953326225281,0.9355523197815336,4,X_pca,mil,0.5,42
platin,BCPAP_THYROID,0.989610493183136,0.9603141412923211,4,X_pca,mil,0.5,42
platin,BFTC909_KIDNEY,1.1041555404663086,0.9897887661148816,5,X_pca,mil,0.5,42
platin,BHY_UPPER_AERODIGESTIVE_TRACT,0.9692360758781433,1.0303138231409008,3,X_pca,mil,0.5,42
platin,BICR16_UPPER_AERODIGESTIVE_TRACT,0.8785001635551453,0.9004196358739205,5,X_pca,mil,0.5,42
platin,BICR31_UPPER_AERODIGESTIVE_TRACT,0.9795008301734924,1.0554997630177005,3,X_pca,mil,0.5,42
platin,BICR56_UPPER_AERODIGESTIVE_TRACT,0.9870259761810303,1.1315367781085732,3,X_pca,mil,0.5,42
platin,BICR6_UPPER_AERODIGESTIVE_TRACT,1.0553885698318481,0.989831267536937,5,X_pca,mil,0.5,42
platin,BT474_BREAST,1.0629768371582031,0.9821161360740661,4,X_pca,mil,0.5,42
platin,BT549_BREAST,1.0051050186157227,0.9731448962724298,1,X_pca,mil,0.5,42
platin,CAKI2_KIDNEY,1.0197046995162964,0.9159733254274876,4,X_pca,mil,0.5,42
platin,CALU6_LUNG,0.9243093729019165,0.9827523693557858,3,X_pca,mil,0.5,42
platin,CAMA1_BREAST,1.002544641494751,1.0214455860996574,3,X_pca,mil,0.5,42
platin,CAS1_CENTRAL_NERVOUS_SYSTEM,0.9442310333251953,1.032259385836752,1,X_pca,mil,0.5,42
platin,CCFSTTG1_CENTRAL_NERVOUS_SYSTEM,0.97667396068573,1.0792209416385588,5,X_pca,mil,0.5,42
platin,COLO741_SKIN,1.1626665592193604,1.060693733235623,3,X_pca,mil,0.5,42
platin,COLO792_SKIN,0.9970811009407043,1.026024939829133,2,X_pca,mil,0.5,42
platin,COV434_OVARY,0.9776856303215027,1.0211329785260288,4,X_pca,mil,0.5,42
platin,DETROIT562_UPPER_AERODIGESTIVE_TRACT,0.9451091885566711,1.0050127758570244,2,X_pca,mil,0.5,42
platin,DKMG_CENTRAL_NERVOUS_SYSTEM,1.014595866203308,1.0162668309528449,5,X_pca,mil,0.5,42
platin,EBC1_LUNG,1.0444345474243164,0.928107601019644,3,X_pca,mil,0.5,42
platin,EFE184_ENDOMETRIUM,0.9974330067634583,0.9908129829306935,4,X_pca,mil,0.5,42
platin,EFM192A_BREAST,0.9838091135025024,0.9468324852061343,5,X_pca,mil,0.5,42
platin,EKVX_LUNG,1.0204102993011475,1.0161777412238187,2,X_pca,mil,0.5,42
platin,FTC133_THYROID,1.0277923345565796,1.0607571665729796,3,X_pca,mil,0.5,42
platin,GOS3_CENTRAL_NERVOUS_SYSTEM,1.0298997163772583,1.0085561197465627,2,X_pca,mil,0.5,42
platin,HCC1428_BREAST,1.021384596824646,1.0044859638364296,5,X_pca,mil,0.5,42
platin,HCC366_LUNG,1.0475735664367676,0.9914450028745254,5,X_pca,mil,0.5,42
platin,HCC38_BREAST,0.9923052191734314,1.025087223947048,5,X_pca,mil,0.5,42
platin,HCC56_LARGE_INTESTINE,0.9945890307426453,1.0520411934515443,3,X_pca,mil,0.5,42
platin,HDQP1_BREAST,1.0186738967895508,1.0329677145928144,3,X_pca,mil,0.5,42
platin,HEC151_ENDOMETRIUM,0.9933803677558899,0.8982941012382507,4,X_pca,mil,0.5,42
platin,HEC251_ENDOMETRIUM,0.9321639537811279,1.0418114879420985,3,X_pca,mil,0.5,42
platin,HEC6_ENDOMETRIUM,1.0545552968978882,0.9505796887859794,1,X_pca,mil,0.5,42
platin,HEP3B217_LIVER,1.008824110031128,0.9868364733154491,2,X_pca,mil,0.5,42
platin,HMC18_BREAST,0.9648770093917847,1.0111162709294732,2,X_pca,mil,0.5,42
platin,HOS_BONE,1.0313657522201538,0.9554203420841507,4,X_pca,mil,0.5,42
platin,HS852T_SKIN,1.0592886209487915,1.0368197372666113,3,X_pca,mil,0.5,42
platin,HT1080_SOFT_TISSUE,1.0155428647994995,1.0413054510835529,5,X_pca,mil,0.5,42
platin,HT1197_URINARY_TRACT,1.0305306911468506,0.9148028847333547,4,X_pca,mil,0.5,42
platin,HT55_LARGE_INTESTINE,0.9795694351196289,0.8984072714055319,1,X_pca,mil,0.5,42
platin,HUH28_BILIARY_TRACT,0.964556872844696,0.9616872715435439,2,X_pca,mil,0.5,42
platin,HUH6_LIVER,1.0990561246871948,0.884883369214436,4,X_pca,mil,0.5,42
platin,HUPT3_PANCREAS,0.9551188945770264,1.0516918910776867,5,X_pca,mil,0.5,42
platin,HUPT4_PANCREAS,1.0379315614700317,0.9316957656826291,5,X_pca,mil,0.5,42
platin,IGR1_SKIN,1.0542523860931396,1.0643097828996593,5,X_pca,mil,0.5,42
platin,IGR37_SKIN,1.0100011825561523,1.0670281653789004,2,X_pca,mil,0.5,42
platin,IM95_STOMACH,1.0478476285934448,0.9895075098888294,4,X_pca,mil,0.5,42
platin,JHH6_LIVER,1.018145203590393,1.070572014283208,3,X_pca,mil,0.5,42
platin,JHOC5_OVARY,0.9941608309745789,1.0420043637012613,5,X_pca,mil,0.5,42
platin,KALS1_CENTRAL_NERVOUS_SYSTEM,0.9237702488899231,0.9566564030117459,2,X_pca,mil,0.5,42
platin,KMRC3_KIDNEY,0.9771931767463684,0.9590745359050984,1,X_pca,mil,0.5,42
platin,KNS42_CENTRAL_NERVOUS_SYSTEM,1.0155421495437622,1.0923985267101333,4,X_pca,mil,0.5,42
platin,KPL1_BREAST,1.0343024730682373,0.992444046381591,3,X_pca,mil,0.5,42
platin,KPNSI9S_AUTONOMIC_GANGLIA,0.9301525950431824,0.9891567599865817,5,X_pca,mil,0.5,42
platin,KYSE520_OESOPHAGUS,1.007004976272583,0.997880710721385,2,X_pca,mil,0.5,42
platin,LI7_LIVER,0.9886579513549805,1.0208932693515504,4,X_pca,mil,0.5,42
platin,LMSU_STOMACH,0.9705260992050171,0.9745058127478057,2,X_pca,mil,0.5,42
platin,LNCAPCLONEFGC_PROSTATE,1.0294779539108276,0.9834346272224603,2,X_pca,mil,0.5,42
platin,LS1034_LARGE_INTESTINE,1.0018341541290283,1.0172090064989376,4,X_pca,mil,0.5,42
platin,LS180_LARGE_INTESTINE,0.975742518901825,1.0561920103934332,3,X_pca,mil,0.5,42
platin,MCF7_BREAST,0.9951045513153076,1.0621026650175347,1,X_pca,mil,0.5,42
platin,MDAMB361_BREAST,0.9679059386253357,1.0296302609973484,1,X_pca,mil,0.5,42
platin,MFE319_ENDOMETRIUM,1.0220245122909546,1.0244656280073197,2,X_pca,mil,0.5,42
platin,MKN45_STOMACH,0.8389068841934204,0.9289988380367473,1,X_pca,mil,0.5,42
platin,MKN7_STOMACH,1.0312459468841553,0.9285354713598887,5,X_pca,mil,0.5,42
platin,NCIH1299_LUNG,1.0491753816604614,1.0628955963622317,2,X_pca,mil,0.5,42
platin,NCIH1373_LUNG,0.9896383881568909,0.9969550305750312,3,X_pca,mil,0.5,42
platin,NCIH1435_LUNG,0.9333376288414001,1.0390438167343425,3,X_pca,mil,0.5,42
platin,NCIH1792_LUNG,1.0021350383758545,0.9195078831535202,4,X_pca,mil,0.5,42
platin,NCIH1944_LUNG,0.9932892322540283,0.9222829985445824,2,X_pca,mil,0.5,42
platin,NCIH2087_LUNG,0.9394748210906982,0.9321809372945463,5,X_pca,mil,0.5,42
platin,NCIH2110_LUNG,0.9992964863777161,0.9547389430017328,1,X_pca,mil,0.5,42
platin,NCIH2126_LUNG,1.0432602167129517,0.9226580727280993,4,X_pca,mil,0.5,42
platin,NCIH2170_LUNG,1.0115456581115723,0.887098899189855,4,X_pca,mil,0.5,42
platin,NCIH2228_LUNG,0.8260154724121094,1.0170280493247736,3,X_pca,mil,0.5,42
platin,NCIH226_LUNG,0.830636203289032,1.023081994817612,1,X_pca,mil,0.5,42
platin,NCIH2444_LUNG,0.7672997713088989,0.8875963632567523,3,X_pca,mil,0.5,42
platin,NCIH2452_PLEURA,0.9070914387702942,0.9493596311173917,3,X_pca,mil,0.5,42
platin,NCIH292_LUNG,0.9939825534820557,1.013999966108743,3,X_pca,mil,0.5,42
platin,NCIH358_LUNG,0.8888556361198425,0.9980501956528142,1,X_pca,mil,0.5,42
platin,NCIH446_LUNG,1.0111768245697021,1.0316135898536565,3,X_pca,mil,0.5,42
platin,NCIH460_LUNG,0.9180375933647156,1.0975489917621817,3,X_pca,mil,0.5,42
platin,NCIH522_LUNG,0.9845574498176575,0.9391087391055547,2,X_pca,mil,0.5,42
platin,NCIH650_LUNG,1.0296367406845093,0.9222389310048515,5,X_pca,mil,0.5,42
platin,OAW28_OVARY,1.0268629789352417,0.9059473783333108,5,X_pca,mil,0.5,42
platin,ONCODG1_OVARY,0.8869185447692871,0.9264942321512434,2,X_pca,mil,0.5,42
platin,OSRC2_KIDNEY,0.9602621793746948,1.1127642676943825,3,X_pca,mil,0.5,42
platin,OUMS23_LARGE_INTESTINE,1.002150058746338,1.08838940669443,5,X_pca,mil,0.5,42
platin,OVCAR4_OVARY,0.9627922177314758,0.894403784940605,1,X_pca,mil,0.5,42
platin,OVK18_OVARY,0.9590884447097778,1.021682653869136,5,X_pca,mil,0.5,42
platin,OVSAHO_OVARY,0.9743474125862122,0.9794407423897462,2,X_pca,mil,0.5,42
platin,OVTOKO_OVARY,1.0049556493759155,1.001647183484438,2,X_pca,mil,0.5,42
platin,PANC0203_PANCREAS,1.0155633687973022,0.9923127699982036,3,X_pca,mil,0.5,42
platin,PATU8988S_PANCREAS,1.0182701349258423,0.9439960139208152,2,X_pca,mil,0.5,42
platin,PC3_PROSTATE,1.0260894298553467,0.9802427295397019,1,X_pca,mil,0.5,42
platin,PECAPJ49_UPPER_AERODIGESTIVE_TRACT,1.0142818689346313,0.929452515179568,1,X_pca,mil,0.5,42
platin,PK45H_PANCREAS,0.9461889266967773,0.835825170977969,4,X_pca,mil,0.5,42
platin,PK59_PANCREAS,0.9478214383125305,0.9103743430526777,5,X_pca,mil,0.5,42
platin,RCC10RGB_KIDNEY,1.0726078748703003,0.9441305396382901,5,X_pca,mil,0.5,42
platin,RCM1_LARGE_INTESTINE,1.0170825719833374,1.0434827911667526,3,X_pca,mil,0.5,42
platin,RD_SOFT_TISSUE,1.0147627592086792,0.9670628131121054,1,X_pca,mil,0.5,42
platin,RERFLCAD1_LUNG,1.0816140174865723,0.9151953260103861,5,X_pca,mil,0.5,42
platin,RERFLCAI_LUNG,0.959927499294281,0.9937817096553967,5,X_pca,mil,0.5,42
platin,RT4_URINARY_TRACT,0.9692416787147522,0.9196884688341392,5,X_pca,mil,0.5,42
platin,RVH421_SKIN,1.0230464935302734,1.0254796768332126,4,X_pca,mil,0.5,42
platin,SCC25_UPPER_AERODIGESTIVE_TRACT,1.0477553606033325,0.950140853302516,2,X_pca,mil,0.5,42
platin,SCC9_UPPER_AERODIGESTIVE_TRACT,1.0085161924362183,0.9599286157206485,2,X_pca,mil,0.5,42
platin,SH10TC_STOMACH,1.0161352157592773,0.9870757221156715,5,X_pca,mil,0.5,42
platin,SKES1_BONE,1.0584386587142944,0.9635150530836084,2,X_pca,mil,0.5,42
platin,SKMEL2_SKIN,0.9334335327148438,1.0888011094884595,1,X_pca,mil,0.5,42
platin,SKMEL30_SKIN,1.0383397340774536,1.0305809037543558,1,X_pca,mil,0.5,42
platin,SKMEL5_SKIN,1.0373903512954712,1.0606976723430133,4,X_pca,mil,0.5,42
platin,SKNAS_AUTONOMIC_GANGLIA,1.0376838445663452,0.9725870598206477,2,X_pca,mil,0.5,42
platin,SNU1079_BILIARY_TRACT,1.18472421169281,0.9939604254618083,1,X_pca,mil,0.5,42
platin,SNU1214_UPPER_AERODIGESTIVE_TRACT,0.996803879737854,0.9088257211954036,1,X_pca,mil,0.5,42
platin,SNU423_LIVER,1.0032963752746582,0.9484116041435385,4,X_pca,mil,0.5,42
platin,SNU449_LIVER,1.0042815208435059,1.1094036193181438,3,X_pca,mil,0.5,42
platin,SNU46_UPPER_AERODIGESTIVE_TRACT,1.053178071975708,0.8370973023317628,4,X_pca,mil,0.5,42
platin,SNU738_CENTRAL_NERVOUS_SYSTEM,1.0346550941467285,1.048052447295126,1,X_pca,mil,0.5,42
platin,SNU899_UPPER_AERODIGESTIVE_TRACT,0.959574818611145,1.0036254654447716,2,X_pca,mil,0.5,42
platin,SNUC4_LARGE_INTESTINE,0.9983201026916504,0.9950516808466942,5,X_pca,mil,0.5,42
platin,SQ1_LUNG,1.1197351217269897,1.0203063352769162,3,X_pca,mil,0.5,42
platin,SU8686_PANCREAS,0.7819308638572693,0.8779917686450772,1,X_pca,mil,0.5,42
platin,SW1088_CENTRAL_NERVOUS_SYSTEM,1.0418158769607544,0.9984830673784018,4,X_pca,mil,0.5,42
platin,SW1271_LUNG,0.8586243391036987,1.0524972060452338,1,X_pca,mil,0.5,42
platin,SW1990_PANCREAS,0.9959171414375305,0.9074251164442553,5,X_pca,mil,0.5,42
platin,SW579_THYROID,1.0330111980438232,0.9647889499840099,3,X_pca,mil,0.5,42
platin,T47D_BREAST,0.9664716720581055,1.0538470246133762,1,X_pca,mil,0.5,42
platin,TCCSUP_URINARY_TRACT,0.9622014760971069,1.0057454712783234,3,X_pca,mil,0.5,42
platin,TE10_OESOPHAGUS,1.0060145854949951,0.8432970615826785,4,X_pca,mil,0.5,42
platin,TE14_OESOPHAGUS,0.8898840546607971,0.881752694332147,1,X_pca,mil,0.5,42
platin,TE1_OESOPHAGUS,1.0246561765670776,0.97229307658464,4,X_pca,mil,0.5,42
platin,TE6_OESOPHAGUS,0.8174415230751038,0.9892792710375223,2,X_pca,mil,0.5,42
platin,TE9_OESOPHAGUS,0.990706741809845,1.0068173533485782,2,X_pca,mil,0.5,42
platin,TM31_CENTRAL_NERVOUS_SYSTEM,1.0375616550445557,1.0329466641976917,2,X_pca,mil,0.5,42
platin,TOV112D_OVARY,1.0178531408309937,0.9800124099621406,2,X_pca,mil,0.5,42
platin,UACC257_SKIN,0.9795092344284058,0.9834311871349063,1,X_pca,mil,0.5,42
platin,UMUC1_URINARY_TRACT,0.9927111268043518,0.8986055681548143,1,X_pca,mil,0.5,42
platin,VMCUB1_URINARY_TRACT,1.0341886281967163,0.9948736093782481,4,X_pca,mil,0.5,42
platin,VMRCRCZ_KIDNEY,1.0258471965789795,1.0001475991805395,2,X_pca,mil,0.5,42
platin,YD38_UPPER_AERODIGESTIVE_TRACT,0.998884379863739,0.9954612335333457,4,X_pca,mil,0.5,42
platin,ZR751_BREAST,0.9796913862228394,1.0104524076563641,1,X_pca,mil,0.5,42
etoposide,42MGBA_CENTRAL_NERVOUS_SYSTEM,0.8331009149551392,0.7936257186658594,4,X_pca,mil,0.5,42
etoposide,8305C_THYROID,0.9449881911277771,0.9015528842774352,4,X_pca,mil,0.5,42
etoposide,A204_SOFT_TISSUE,0.6566945314407349,0.7157833898067474,4,X_pca,mil,0.5,42
etoposide,A2058_SKIN,0.7570939660072327,0.8754402319995724,5,X_pca,mil,0.5,42
etoposide,A375_SKIN,0.8881973028182983,0.8479266530546732,3,X_pca,mil,0.5,42
etoposide,ACCMESO1_PLEURA,1.0023478269577026,0.9232128494315677,2,X_pca,mil,0.5,42
etoposide,ASPC1_PANCREAS,0.879176914691925,0.9258952354562694,4,X_pca,mil,0.5,42
etoposide,BCPAP_THYROID,0.9081188440322876,0.8868307157566673,4,X_pca,mil,0.5,42
etoposide,BFTC909_KIDNEY,0.9591362476348877,0.8055841616087035,5,X_pca,mil,0.5,42
etoposide,BHY_UPPER_AERODIGESTIVE_TRACT,0.8850126266479492,0.8905239787595025,3,X_pca,mil,0.5,42
etoposide,BICR16_UPPER_AERODIGESTIVE_TRACT,0.9224086403846741,0.9577644987488693,5,X_pca,mil,0.5,42
etoposide,BICR31_UPPER_AERODIGESTIVE_TRACT,0.7809478044509888,0.8750482288099104,3,X_pca,mil,0.5,42
etoposide,BICR56_UPPER_AERODIGESTIVE_TRACT,0.8778219223022461,0.7914830034161792,3,X_pca,mil,0.5,42
etoposide,BICR6_UPPER_AERODIGESTIVE_TRACT,0.8759380578994751,0.9105446805487146,5,X_pca,mil,0.5,42
etoposide,BT474_BREAST,1.0099736452102661,0.8449961714744568,4,X_pca,mil,0.5,42
etoposide,BT549_BREAST,0.8398808240890503,0.8571387016235438,1,X_pca,mil,0.5,42
etoposide,CAKI2_KIDNEY,0.9896016120910645,0.8480906334283541,4,X_pca,mil,0.5,42
etoposide,CALU6_LUNG,0.9807374477386475,0.8482918889485589,3,X_pca,mil,0.5,42
etoposide,CAMA1_BREAST,0.9752383828163147,0.8229631275655478,3,X_pca,mil,0.5,42
etoposide,CAS1_CENTRAL_NERVOUS_SYSTEM,0.9169378280639648,0.8118708640112913,1,X_pca,mil,0.5,42
etoposide,CCFSTTG1_CENTRAL_NERVOUS_SYSTEM,0.9626949429512024,0.8073226504209565,5,X_pca,mil,0.5,42
etoposide,COLO792_SKIN,0.9148250818252563,0.8833271225440106,2,X_pca,mil,0.5,42
etoposide,COV434_OVARY,0.6470798254013062,0.9526133083484389,4,X_pca,mil,0.5,42
etoposide,DETROIT562_UPPER_AERODIGESTIVE_TRACT,0.9601549506187439,0.8491555671750403,2,X_pca,mil,0.5,42
etoposide,DKMG_CENTRAL_NERVOUS_SYSTEM,0.8593933582305908,0.8270030298796087,5,X_pca,mil,0.5,42
etoposide,EBC1_LUNG,0.835035502910614,0.8972928767563194,3,X_pca,mil,0.5,42
etoposide,EFE184_ENDOMETRIUM,1.0169838666915894,0.9926205221996751,4,X_pca,mil,0.5,42
etoposide,EKVX_LUNG,0.9118933081626892,0.9082366440394153,2,X_pca,mil,0.5,42
etoposide,FTC133_THYROID,0.7460918426513672,1.013435910003526,3,X_pca,mil,0.5,42
etoposide,GOS3_CENTRAL_NERVOUS_SYSTEM,0.8375164270401001,0.8740775104592607,2,X_pca,mil,0.5,42
etoposide,HCC1428_BREAST,0.9771108031272888,0.9429585769420533,5,X_pca,mil,0.5,42
etoposide,HCC366_LUNG,0.910918116569519,0.9641118028966507,5,X_pca,mil,0.5,42
etoposide,HCC38_BREAST,0.8091710805892944,0.8788007366657257,5,X_pca,mil,0.5,42
etoposide,HCC56_LARGE_INTESTINE,0.9495776295661926,1.0038205216629337,3,X_pca,mil,0.5,42
etoposide,HDQP1_BREAST,0.8516975045204163,0.8795732595026493,3,X_pca,mil,0.5,42
etoposide,HEC151_ENDOMETRIUM,1.0013673305511475,0.9063426496982574,4,X_pca,mil,0.5,42
etoposide,HEC251_ENDOMETRIUM,0.8941265940666199,0.9934104603027629,3,X_pca,mil,0.5,42
etoposide,HEC6_ENDOMETRIUM,0.8517888188362122,0.8690926732483858,1,X_pca,mil,0.5,42
etoposide,HEP3B217_LIVER,1.057532548904419,0.8218104536250487,2,X_pca,mil,0.5,42
etoposide,HMC18_BREAST,0.8415269255638123,0.7754220238317808,2,X_pca,mil,0.5,42
etoposide,HOS_BONE,0.7974532842636108,0.699965157396687,4,X_pca,mil,0.5,42
etoposide,HS852T_SKIN,0.7475330829620361,0.8450508687967135,3,X_pca,mil,0.5,42
etoposide,HT1080_SOFT_TISSUE,0.6449280381202698,0.8573093427013058,5,X_pca,mil,0.5,42
etoposide,HT55_LARGE_INTESTINE,0.9650404453277588,1.020427699620125,1,X_pca,mil,0.5,42
etoposide,HUH28_BILIARY_TRACT,1.018973469734192,0.9060780281643216,2,X_pca,mil,0.5,42
etoposide,HUH6_LIVER,0.833292543888092,0.9817487015526676,4,X_pca,mil,0.5,42
etoposide,HUPT3_PANCREAS,0.9852476119995117,0.852895690676044,5,X_pca,mil,0.5,42
etoposide,HUPT4_PANCREAS,0.8033379912376404,0.8493890655892236,5,X_pca,mil,0.5,42
etoposide,IALM_LUNG,0.930241048336029,0.725974944252405,4,X_pca,mil,0.5,42
etoposide,IGR1_SKIN,1.0408581495285034,0.8818714070320129,5,X_pca,mil,0.5,42
etoposide,IGR37_SKIN,0.8412778973579407,0.9604162444985909,2,X_pca,mil,0.5,42
etoposide,IM95_STOMACH,0.9270851612091064,0.9471384148339967,4,X_pca,mil,0.5,42
etoposide,JHH6_LIVER,1.0548464059829712,0.7656926414341603,3,X_pca,mil,0.5,42
etoposide,JHOC5_OVARY,0.8626714944839478,0.8280541765278784,5,X_pca,mil,0.5,42
etoposide,KALS1_CENTRAL_NERVOUS_SYSTEM,0.8603273630142212,0.9091572867085537,2,X_pca,mil,0.5,42
etoposide,KMRC3_KIDNEY,0.8813601136207581,1.006474691021199,1,X_pca,mil,0.5,42
etoposide,KNS42_CENTRAL_NERVOUS_SYSTEM,0.9034853577613831,0.8168652967311615,4,X_pca,mil,0.5,42
etoposide,KPL1_BREAST,1.0205578804016113,0.8530014442360919,3,X_pca,mil,0.5,42
etoposide,KYSE520_OESOPHAGUS,0.9646059274673462,0.9181837374949972,2,X_pca,mil,0.5,42
etoposide,LI7_LIVER,0.7534247040748596,0.9339973214937716,4,X_pca,mil,0.5,42
etoposide,LMSU_STOMACH,0.8622081279754639,0.7804690559705099,2,X_pca,mil,0.5,42
etoposide,LNCAPCLONEFGC_PROSTATE,0.7813186645507812,0.8166665402493736,2,X_pca,mil,0.5,42
etoposide,LS1034_LARGE_INTESTINE,0.9297102689743042,0.9589453053801027,4,X_pca,mil,0.5,42
etoposide,LS180_LARGE_INTESTINE,0.8861265778541565,1.0070065768471714,3,X_pca,mil,0.5,42
etoposide,MCF7_BREAST,0.8706713318824768,1.0201654346672806,1,X_pca,mil,0.5,42
etoposide,MDAMB361_BREAST,0.8954521417617798,0.9561355886635957,1,X_pca,mil,0.5,42
etoposide,MFE319_ENDOMETRIUM,0.9040636420249939,0.9062126709528618,2,X_pca,mil,0.5,42
etoposide,MKN45_STOMACH,1.0311390161514282,0.9658915865219245,1,X_pca,mil,0.5,42
etoposide,MKN7_STOMACH,0.8600762486457825,0.8985797871452893,5,X_pca,mil,0.5,42
etoposide,MSTO211H_PLEURA,0.7917598485946655,0.8313472227817432,1,X_pca,mil,0.5,42
etoposide,NCIH1299_LUNG,0.8532851934432983,0.801483656359969,2,X_pca,mil,0.5,42
etoposide,NCIH1373_LUNG,0.9630944132804871,0.8992381437522609,3,X_pca,mil,0.5,42
etoposide,NCIH1435_LUNG,0.9766814112663269,0.8618971198685607,3,X_pca,mil,0.5,42
etoposide,NCIH1792_LUNG,0.9656820297241211,0.8677658739390673,4,X_pca,mil,0.5,42
etoposide,NCIH1944_LUNG,0.6817682385444641,0.9155042275138523,2,X_pca,mil,0.5,42
etoposide,NCIH2087_LUNG,0.7589763402938843,0.9379645447208457,5,X_pca,mil,0.5,42
etoposide,NCIH2110_LUNG,0.7439486384391785,0.9115078134153356,1,X_pca,mil,0.5,42
etoposide,NCIH2126_LUNG,0.8658925294876099,0.6965969252315435,4,X_pca,mil,0.5,42
etoposide,NCIH2170_LUNG,0.8605372905731201,0.8441698983521528,4,X_pca,mil,0.5,42
etoposide,NCIH2228_LUNG,0.803703784942627,0.83053895628095,3,X_pca,mil,0.5,42
etoposide,NCIH226_LUNG,0.8373623490333557,0.8685329404283078,1,X_pca,mil,0.5,42
etoposide,NCIH2444_LUNG,0.9262818098068237,0.8994171586720753,3,X_pca,mil,0.5,42
etoposide,NCIH2452_PLEURA,0.7958627939224243,0.8720441619038138,3,X_pca,mil,0.5,42
etoposide,NCIH292_LUNG,0.8499202728271484,0.8735143556281435,3,X_pca,mil,0.5,42
etoposide,NCIH358_LUNG,0.9151281714439392,0.920415846897023,1,X_pca,mil,0.5,42
etoposide,NCIH446_LUNG,0.8249961733818054,0.8221562681149464,3,X_pca,mil,0.5,42
etoposide,NCIH460_LUNG,0.8671941161155701,0.7408922445674381,3,X_pca,mil,0.5,42
etoposide,NCIH522_LUNG,0.9969654083251953,0.7217118086723181,2,X_pca,mil,0.5,42
etoposide,NCIH650_LUNG,0.8764075636863708,0.9612213425970605,5,X_pca,mil,0.5,42
etoposide,NCIH747_LARGE_INTESTINE,0.8664198517799377,0.8605292744934558,5,X_pca,mil,0.5,42
etoposide,OAW28_OVARY,0.9306925535202026,0.9911524879266016,5,X_pca,mil,0.5,42
etoposide,ONCODG1_OVARY,1.0017673969268799,1.0562313201250852,2,X_pca,mil,0.5,42
etoposide,OSRC2_KIDNEY,0.9677801132202148,0.9626412386932071,3,X_pca,mil,0.5,42
etoposide,OUMS23_LARGE_INTESTINE,1.0090399980545044,0.8630858615180043,5,X_pca,mil,0.5,42
etoposide,OVCAR4_OVARY,1.0145936012268066,1.0320201084386333,1,X_pca,mil,0.5,42
etoposide,OVK18_OVARY,0.7846348881721497,0.8980553853377867,5,X_pca,mil,0.5,42
etoposide,OVSAHO_OVARY,0.9214667081832886,0.8842031191624209,2,X_pca,mil,0.5,42
etoposide,OVTOKO_OVARY,0.9155097007751465,0.9859130245646791,2,X_pca,mil,0.5,42
etoposide,PANC0203_PANCREAS,0.9984559416770935,0.8069929113029962,3,X_pca,mil,0.5,42
etoposide,PATU8988S_PANCREAS,0.9352052807807922,0.9687745644420874,2,X_pca,mil,0.5,42
etoposide,PC3_PROSTATE,0.9446516036987305,0.9301645420712127,1,X_pca,mil,0.5,42
etoposide,PECAPJ49_UPPER_AERODIGESTIVE_TRACT,0.7879024744033813,0.9053956907574493,1,X_pca,mil,0.5,42
etoposide,PK45H_PANCREAS,0.9257375001907349,0.9949994771243021,4,X_pca,mil,0.5,42
etoposide,PK59_PANCREAS,0.8377517461776733,0.919623662000415,5,X_pca,mil,0.5,42
etoposide,RCC10RGB_KIDNEY,0.9756403565406799,0.8633439819700216,5,X_pca,mil,0.5,42
etoposide,RCM1_LARGE_INTESTINE,0.9171271920204163,0.9419923322275281,3,X_pca,mil,0.5,42
etoposide,RD_SOFT_TISSUE,0.8854100108146667,0.8324336528321336,1,X_pca,mil,0.5,42
etoposide,RERFLCAD1_LUNG,1.0706090927124023,0.8125202062198654,5,X_pca,mil,0.5,42
etoposide,RERFLCAI_LUNG,0.8134436011314392,0.8685568898408472,5,X_pca,mil,0.5,42
etoposide,RT4_URINARY_TRACT,0.8668930530548096,0.9232286895221135,5,X_pca,mil,0.5,42
etoposide,RVH421_SKIN,0.897118330001831,0.904786125636001,4,X_pca,mil,0.5,42
etoposide,SCC25_UPPER_AERODIGESTIVE_TRACT,0.8446158766746521,0.8015478765778659,2,X_pca,mil,0.5,42
etoposide,SCC9_UPPER_AERODIGESTIVE_TRACT,0.8701490759849548,0.8355337147963674,2,X_pca,mil,0.5,42
etoposide,SH10TC_STOMACH,0.9672427773475647,0.9762131361200599,5,X_pca,mil,0.5,42
etoposide,SKES1_BONE,0.5934908390045166,0.8688323746670733,2,X_pca,mil,0.5,42
etoposide,SKMEL30_SKIN,1.0023661851882935,0.892223890205956,1,X_pca,mil,0.5,42
etoposide,SKMEL5_SKIN,0.9399893879890442,0.927446293108391,4,X_pca,mil,0.5,42
etoposide,SKNAS_AUTONOMIC_GANGLIA,0.8629070520401001,0.759095242461272,2,X_pca,mil,0.5,42
etoposide,SNU1079_BILIARY_TRACT,0.7595831751823425,0.864979140562554,1,X_pca,mil,0.5,42
etoposide,SNU1214_UPPER_AERODIGESTIVE_TRACT,1.0224812030792236,0.9298062651081288,1,X_pca,mil,0.5,42
etoposide,SNU308_BILIARY_TRACT,0.979265570640564,0.9322416687265356,1,X_pca,mil,0.5,42
etoposide,SNU423_LIVER,0.8940250873565674,0.8688476884140158,4,X_pca,mil,0.5,42
etoposide,SNU449_LIVER,0.9801832437515259,0.8232212529537526,3,X_pca,mil,0.5,42
etoposide,SNU46_UPPER_AERODIGESTIVE_TRACT,0.9463304877281189,0.8822239783860869,4,X_pca,mil,0.5,42
etoposide,SNU738_CENTRAL_NERVOUS_SYSTEM,0.9562158584594727,0.886967380474614,1,X_pca,mil,0.5,42
etoposide,SNU899_UPPER_AERODIGESTIVE_TRACT,0.915181040763855,0.8646753358553692,2,X_pca,mil,0.5,42
etoposide,SNUC4_LARGE_INTESTINE,1.036194920539856,0.9166377379501147,5,X_pca,mil,0.5,42
etoposide,SQ1_LUNG,0.9289757013320923,0.8917953186676282,3,X_pca,mil,0.5,42
etoposide,SU8686_PANCREAS,0.9100701212882996,1.0168167541666728,1,X_pca,mil,0.5,42
etoposide,SW1088_CENTRAL_NERVOUS_SYSTEM,0.8721161484718323,0.7986882922705263,4,X_pca,mil,0.5,42
etoposide,SW1271_LUNG,0.783595085144043,0.874398370411085,1,X_pca,mil,0.5,42
etoposide,SW1990_PANCREAS,0.9401975274085999,0.9074722610001456,5,X_pca,mil,0.5,42
etoposide,SW579_THYROID,0.75473552942276,0.9589206441756217,3,X_pca,mil,0.5,42
etoposide,T47D_BREAST,0.8190407156944275,0.9956580063336575,1,X_pca,mil,0.5,42
etoposide,TCCSUP_URINARY_TRACT,0.8695651292800903,0.9053915718310996,3,X_pca,mil,0.5,42
etoposide,TE10_OESOPHAGUS,1.0292607545852661,0.9163355258501829,4,X_pca,mil,0.5,42
etoposide,TE14_OESOPHAGUS,0.8199804425239563,0.9061637783603829,1,X_pca,mil,0.5,42
etoposide,TE1_OESOPHAGUS,0.9366662502288818,0.8657980031758836,4,X_pca,mil,0.5,42
etoposide,TE6_OESOPHAGUS,0.936692476272583,0.8949171935365334,2,X_pca,mil,0.5,42
etoposide,TE9_OESOPHAGUS,0.8555706739425659,1.0487718781636608,2,X_pca,mil,0.5,42
etoposide,TM31_CENTRAL_NERVOUS_SYSTEM,0.8893219828605652,0.8781241219619225,2,X_pca,mil,0.5,42
etoposide,TOV112D_OVARY,0.6803762316703796,0.7439111876182067,2,X_pca,mil,0.5,42
etoposide,UACC257_SKIN,0.890669047832489,0.9753619776610051,1,X_pca,mil,0.5,42
etoposide,UMUC1_URINARY_TRACT,0.7779892683029175,0.9145183932357633,1,X_pca,mil,0.5,42
etoposide,VMCUB1_URINARY_TRACT,0.7960208058357239,0.816781451637276,4,X_pca,mil,0.5,42
etoposide,VMRCRCZ_KIDNEY,0.9554398059844971,0.9403087029854457,2,X_pca,mil,0.5,42
etoposide,YD38_UPPER_AERODIGESTIVE_TRACT,0.9334123730659485,0.8779403504270774,4,X_pca,mil,0.5,42
etoposide,ZR751_BREAST,0.8927608728408813,0.9419908778181354,1,X_pca,mil,0.5,42
paclitaxel,42MGBA_CENTRAL_NERVOUS_SYSTEM,0.5773449540138245,0.3160343328382978,4,X_pca,mil,0.5,42
paclitaxel,8305C_THYROID,0.4181595742702484,0.6230755117853742,4,X_pca,mil,0.5,42
paclitaxel,A204_SOFT_TISSUE,0.3976210951805115,0.4314111763238907,4,X_pca,mil,0.5,42
paclitaxel,A2058_SKIN,0.25213122367858887,0.7272435504765737,5,X_pca,mil,0.5,42
paclitaxel,A375_SKIN,0.6486640572547913,0.5394597252042458,3,X_pca,mil,0.5,42
paclitaxel,ACCMESO1_PLEURA,0.894306480884552,0.7437666012549106,2,X_pca,mil,0.5,42
paclitaxel,ASPC1_PANCREAS,0.6668426394462585,0.7502996439563817,4,X_pca,mil,0.5,42
paclitaxel,BCPAP_THYROID,0.23143450915813446,0.667857042072635,4,X_pca,mil,0.5,42
paclitaxel,BFTC909_KIDNEY,0.5808153748512268,0.5132775870508128,5,X_pca,mil,0.5,42
paclitaxel,BHY_UPPER_AERODIGESTIVE_TRACT,0.4818921685218811,0.3358411344988593,3,X_pca,mil,0.5,42
paclitaxel,BICR16_UPPER_AERODIGESTIVE_TRACT,0.5549177527427673,0.4617113029619433,5,X_pca,mil,0.5,42
paclitaxel,BICR31_UPPER_AERODIGESTIVE_TRACT,0.5351428985595703,0.42591127885445473,3,X_pca,mil,0.5,42
paclitaxel,BICR56_UPPER_AERODIGESTIVE_TRACT,0.3730112612247467,0.33813112826994907,3,X_pca,mil,0.5,42
paclitaxel,BICR6_UPPER_AERODIGESTIVE_TRACT,0.23882922530174255,0.6026409728960558,5,X_pca,mil,0.5,42
paclitaxel,BT474_BREAST,0.5603085160255432,0.5984534001350403,4,X_pca,mil,0.5,42
paclitaxel,BT549_BREAST,0.47538626194000244,0.4897684903073132,1,X_pca,mil,0.5,42
paclitaxel,CAKI2_KIDNEY,0.681865394115448,0.8936223891570414,4,X_pca,mil,0.5,42
paclitaxel,CALU6_LUNG,0.5149357914924622,0.7062795639269112,3,X_pca,mil,0.5,42
paclitaxel,CAMA1_BREAST,0.7230926156044006,0.7090078325001234,3,X_pca,mil,0.5,42
paclitaxel,CAS1_CENTRAL_NERVOUS_SYSTEM,0.6666330099105835,0.2884854439057802,1,X_pca,mil,0.5,42
paclitaxel,CCFSTTG1_CENTRAL_NERVOUS_SYSTEM,0.5479162335395813,0.5428710526567164,5,X_pca,mil,0.5,42
paclitaxel,COLO741_SKIN,0.7170583605766296,0.695044758019114,3,X_pca,mil,0.5,42
paclitaxel,COLO792_SKIN,0.7044686079025269,0.7652553028506106,2,X_pca,mil,0.5,42
paclitaxel,COV434_OVARY,0.5393669605255127,0.4731968587095087,4,X_pca,mil,0.5,42
paclitaxel,DETROIT562_UPPER_AERODIGESTIVE_TRACT,0.45106321573257446,0.37631003330090296,2,X_pca,mil,0.5,42
paclitaxel,DKMG_CENTRAL_NERVOUS_SYSTEM,0.38211169838905334,0.5423850618385301,5,X_pca,mil,0.5,42
paclitaxel,EBC1_LUNG,0.47598934173583984,0.6791144295405316,3,X_pca,mil,0.5,42
paclitaxel,EFE184_ENDOMETRIUM,0.860552966594696,0.7666301876306534,4,X_pca,mil,0.5,42
paclitaxel,EFM192A_BREAST,0.34463438391685486,0.7131729079438401,5,X_pca,mil,0.5,42
paclitaxel,EKVX_LUNG,0.553428053855896,0.577962585099756,2,X_pca,mil,0.5,42
paclitaxel,FTC133_THYROID,0.47673356533050537,0.6959434011152812,3,X_pca,mil,0.5,42
paclitaxel,GOS3_CENTRAL_NERVOUS_SYSTEM,0.6263938546180725,0.5986002243626181,2,X_pca,mil,0.5,42
paclitaxel,HCC1428_BREAST,0.7681160569190979,0.8009407686905599,5,X_pca,mil,0.5,42
paclitaxel,HCC366_LUNG,0.33645835518836975,0.7231014087648675,5,X_pca,mil,0.5,42
paclitaxel,HCC56_LARGE_INTESTINE,0.6874182820320129,0.5919195865139817,3,X_pca,mil,0.5,42
paclitaxel,HDQP1_BREAST,0.5503139495849609,0.6133856172673404,3,X_pca,mil,0.5,42
paclitaxel,HEC151_ENDOMETRIUM,0.26064878702163696,0.7607405247688294,4,X_pca,mil,0.5,42
paclitaxel,HEC251_ENDOMETRIUM,0.6074375510215759,0.647117777962551,3,X_pca,mil,0.5,42
paclitaxel,HEC6_ENDOMETRIUM,0.6524566411972046,0.47851943155253157,1,X_pca,mil,0.5,42
paclitaxel,HEP3B217_LIVER,0.8749276995658875,0.6119392542010647,2,X_pca,mil,0.5,42
paclitaxel,HMC18_BREAST,0.5282045602798462,0.5612163451141058,2,X_pca,mil,0.5,42
paclitaxel,HOS_BONE,0.4383065402507782,0.328641555133861,4,X_pca,mil,0.5,42
paclitaxel,HS852T_SKIN,0.561641275882721,0.6854526889912876,3,X_pca,mil,0.5,42
paclitaxel,HT1080_SOFT_TISSUE,0.2787070870399475,0.4076812137929044,5,X_pca,mil,0.5,42
paclitaxel,HT1197_URINARY_TRACT,0.8348632454872131,0.5996218811015825,4,X_pca,mil,0.5,42
paclitaxel,HT55_LARGE_INTESTINE,0.7321103811264038,0.8252529441180387,1,X_pca,mil,0.5,42
paclitaxel,HUH28_BILIARY_TRACT,0.8871231079101562,0.4512429366008841,2,X_pca,mil,0.5,42
paclitaxel,HUH6_LIVER,0.6696184277534485,0.804733137495419,4,X_pca,mil,0.5,42
paclitaxel,HUPT3_PANCREAS,0.6675722002983093,0.6113653038354481,5,X_pca,mil,0.5,42
paclitaxel,HUPT4_PANCREAS,0.4872957468032837,0.6709984892180988,5,X_pca,mil,0.5,42
paclitaxel,IALM_LUNG,0.9551768898963928,0.49613488377621456,4,X_pca,mil,0.5,42
paclitaxel,IGR1_SKIN,0.46965447068214417,0.572465059716126,5,X_pca,mil,0.5,42
paclitaxel,IGR37_SKIN,0.34695038199424744,0.7460262817505113,2,X_pca,mil,0.5,42
paclitaxel,IM95_STOMACH,0.1323966383934021,0.6153026286009196,4,X_pca,mil,0.5,42
paclitaxel,JHH6_LIVER,0.8664480447769165,0.46592588534632934,3,X_pca,mil,0.5,42
paclitaxel,JHOC5_OVARY,0.7029275298118591,0.5888290288119481,5,X_pca,mil,0.5,42
paclitaxel,KALS1_CENTRAL_NERVOUS_SYSTEM,0.5483145117759705,0.6091413573465414,2,X_pca,mil,0.5,42
paclitaxel,KNS42_CENTRAL_NERVOUS_SYSTEM,0.5381373763084412,0.295428229106027,4,X_pca,mil,0.5,42
paclitaxel,KPL1_BREAST,0.8654016256332397,0.6592851527359175,3,X_pca,mil,0.5,42
paclitaxel,KPNSI9S_AUTONOMIC_GANGLIA,0.4790201187133789,0.48929228154263754,5,X_pca,mil,0.5,42
paclitaxel,KYSE520_OESOPHAGUS,0.7341740131378174,0.46106274153795035,2,X_pca,mil,0.5,42
paclitaxel,LI7_LIVER,0.4598449468612671,0.6281625344132891,4,X_pca,mil,0.5,42
paclitaxel,LMSU_STOMACH,0.6969594359397888,0.21976836370486838,2,X_pca,mil,0.5,42
paclitaxel,LNCAPCLONEFGC_PROSTATE,0.26235461235046387,0.6185996664124865,2,X_pca,mil,0.5,42
paclitaxel,LS1034_LARGE_INTESTINE,0.6370921730995178,0.8248750379640762,4,X_pca,mil,0.5,42
paclitaxel,LS180_LARGE_INTESTINE,0.4816078245639801,0.34800658562837217,3,X_pca,mil,0.5,42
paclitaxel,MCF7_BREAST,0.7188596725463867,0.8630746944800957,1,X_pca,mil,0.5,42
paclitaxel,MDAMB361_BREAST,0.7592437863349915,0.5244102994600932,1,X_pca,mil,0.5,42
paclitaxel,MFE319_ENDOMETRIUM,0.33053478598594666,0.5251620521096034,2,X_pca,mil,0.5,42
paclitaxel,MKN45_STOMACH,1.0542246103286743,0.5346140118978792,1,X_pca,mil,0.5,42
paclitaxel,MKN7_STOMACH,0.7204365134239197,0.6878396462100421,5,X_pca,mil,0.5,42
paclitaxel,MSTO211H_PLEURA,0.5372766852378845,0.4266418531687573,1,X_pca,mil,0.5,42
paclitaxel,NCIH1299_LUNG,0.7549321055412292,0.39644594434718516,2,X_pca,mil,0.5,42
paclitaxel,NCIH1373_LUNG,0.8187294602394104,0.7247251840989765,3,X_pca,mil,0.5,42
paclitaxel,NCIH1435_LUNG,0.8090988397598267,0.5431914116336165,3,X_pca,mil,0.5,42
paclitaxel,NCIH1792_LUNG,0.5818405151367188,0.5399199573843328,4,X_pca,mil,0.5,42
paclitaxel,NCIH1944_LUNG,0.3740067780017853,0.5293839194492441,2,X_pca,mil,0.5,42
paclitaxel,NCIH2087_LUNG,0.5467512607574463,0.5925635966263949,5,X_pca,mil,0.5,42
paclitaxel,NCIH2110_LUNG,0.272956520318985,0.41562514300621933,1,X_pca,mil,0.5,42
paclitaxel,NCIH2126_LUNG,0.5379691123962402,0.366457117552107,4,X_pca,mil,0.5,42
paclitaxel,NCIH2170_LUNG,0.5391324758529663,0.3633781010416192,4,X_pca,mil,0.5,42
paclitaxel,NCIH2228_LUNG,0.4602290689945221,0.7724999618140488,3,X_pca,mil,0.5,42
paclitaxel,NCIH226_LUNG,0.8687956929206848,0.6860387912456025,1,X_pca,mil,0.5,42
paclitaxel,NCIH2444_LUNG,0.9581254720687866,0.7171034467119708,3,X_pca,mil,0.5,42
paclitaxel,NCIH2452_PLEURA,0.5407692193984985,0.8444618909000021,3,X_pca,mil,0.5,42
paclitaxel,NCIH292_LUNG,0.5668730139732361,0.4318206075211646,3,X_pca,mil,0.5,42
paclitaxel,NCIH358_LUNG,0.25940781831741333,0.5710564941345226,1,X_pca,mil,0.5,42
paclitaxel,NCIH446_LUNG,0.14456011354923248,0.3971848664235096,3,X_pca,mil,0.5,42
paclitaxel,NCIH460_LUNG,0.7660059332847595,0.2785259124910817,3,X_pca,mil,0.5,42
paclitaxel,NCIH522_LUNG,0.17662416398525238,0.4583498742431402,2,X_pca,mil,0.5,42
paclitaxel,NCIH650_LUNG,0.5765936970710754,0.7406119324844261,5,X_pca,mil,0.5,42
paclitaxel,NCIH747_LARGE_INTESTINE,0.5780559778213501,0.7850083120167255,5,X_pca,mil,0.5,42
paclitaxel,OAW28_OVARY,0.6478685736656189,0.727761163104395,5,X_pca,mil,0.5,42
paclitaxel,ONCODG1_OVARY,0.3199176490306854,0.8260013577010896,2,X_pca,mil,0.5,42
paclitaxel,OSRC2_KIDNEY,0.7962691187858582,0.8557543205836463,3,X_pca,mil,0.5,42
paclitaxel,OUMS23_LARGE_INTESTINE,0.7829944491386414,0.8882891351931563,5,X_pca,mil,0.5,42
paclitaxel,OVCAR4_OVARY,0.8004850149154663,0.6289162883278338,1,X_pca,mil,0.5,42
paclitaxel,OVK18_OVARY,0.4765249192714691,0.5313556406939968,5,X_pca,mil,0.5,42
paclitaxel,OVSAHO_OVARY,0.8824303150177002,0.7879033403774716,2,X_pca,mil,0.5,42
paclitaxel,OVTOKO_OVARY,0.8369354605674744,0.7740659953304455,2,X_pca,mil,0.5,42
paclitaxel,PANC0203_PANCREAS,0.6423929333686829,0.6127484341855106,3,X_pca,mil,0.5,42
paclitaxel,PATU8988S_PANCREAS,0.446163147687912,0.8928165289222217,2,X_pca,mil,0.5,42
paclitaxel,PC3_PROSTATE,0.6623719334602356,0.42901503299114974,1,X_pca,mil,0.5,42
paclitaxel,PECAPJ49_UPPER_AERODIGESTIVE_TRACT,0.1385912001132965,0.3832418992377744,1,X_pca,mil,0.5,42
paclitaxel,PK45H_PANCREAS,0.654854953289032,0.7597811729045811,4,X_pca,mil,0.5,42
paclitaxel,PK59_PANCREAS,0.7222234010696411,0.5905579422739731,5,X_pca,mil,0.5,42
paclitaxel,RCC10RGB_KIDNEY,0.9201443791389465,0.7775681683945553,5,X_pca,mil,0.5,42
paclitaxel,RCM1_LARGE_INTESTINE,0.8737563490867615,0.5743434440810233,3,X_pca,mil,0.5,42
paclitaxel,RD_SOFT_TISSUE,0.4241355359554291,0.3622565597181576,1,X_pca,mil,0.5,42
paclitaxel,RERFLCAD1_LUNG,0.8790925741195679,0.6133981143496164,5,X_pca,mil,0.5,42
paclitaxel,RERFLCAI_LUNG,0.2502758204936981,0.669138641727705,5,X_pca,mil,0.5,42
paclitaxel,RT4_URINARY_TRACT,0.6046387553215027,0.5636030533966029,5,X_pca,mil,0.5,42
paclitaxel,RVH421_SKIN,0.7491921186447144,0.7900709854010258,4,X_pca,mil,0.5,42
paclitaxel,SCC25_UPPER_AERODIGESTIVE_TRACT,0.2888741195201874,0.45517373901433034,2,X_pca,mil,0.5,42
paclitaxel,SCC9_UPPER_AERODIGESTIVE_TRACT,0.5322899222373962,0.5248117544149098,2,X_pca,mil,0.5,42
paclitaxel,SH10TC_STOMACH,0.361468106508255,0.8228390192204391,5,X_pca,mil,0.5,42
paclitaxel,SKES1_BONE,0.13089656829833984,0.5741851830875481,2,X_pca,mil,0.5,42
paclitaxel,SKMEL30_SKIN,0.8269326090812683,0.4962794407568977,1,X_pca,mil,0.5,42
paclitaxel,SKMEL5_SKIN,0.6843826770782471,0.7462718107483604,4,X_pca,mil,0.5,42
paclitaxel,SKNAS_AUTONOMIC_GANGLIA,0.4287222623825073,0.4227058207039284,2,X_pca,mil,0.5,42
paclitaxel,SNU1079_BILIARY_TRACT,0.7723974585533142,0.5929608112328673,1,X_pca,mil,0.5,42
paclitaxel,SNU1214_UPPER_AERODIGESTIVE_TRACT,0.6571193337440491,0.4766418593043977,1,X_pca,mil,0.5,42
paclitaxel,SNU308_BILIARY_TRACT,0.6758968234062195,0.38216331886484267,1,X_pca,mil,0.5,42
paclitaxel,SNU423_LIVER,0.33964672684669495,0.7618522263079319,4,X_pca,mil,0.5,42
paclitaxel,SNU449_LIVER,0.7268666625022888,0.6842186708822318,3,X_pca,mil,0.5,42
paclitaxel,SNU46_UPPER_AERODIGESTIVE_TRACT,0.7909281253814697,0.5026756492206605,4,X_pca,mil,0.5,42
paclitaxel,SNU738_CENTRAL_NERVOUS_SYSTEM,0.4399850070476532,0.6863663618828816,1,X_pca,mil,0.5,42
paclitaxel,SNU899_UPPER_AERODIGESTIVE_TRACT,0.681810736656189,0.2446627186005374,2,X_pca,mil,0.5,42
paclitaxel,SQ1_LUNG,0.7129773497581482,0.6659668658961769,3,X_pca,mil,0.5,42
paclitaxel,SU8686_PANCREAS,0.5364874601364136,0.6723234464482564,1,X_pca,mil,0.5,42
paclitaxel,SW1088_CENTRAL_NERVOUS_SYSTEM,0.5202143788337708,0.478320098714903,4,X_pca,mil,0.5,42
paclitaxel,SW1271_LUNG,0.4873711168766022,0.5848181670126708,1,X_pca,mil,0.5,42
paclitaxel,SW1990_PANCREAS,0.5378300547599792,0.6730780805360999,5,X_pca,mil,0.5,42
paclitaxel,SW579_THYROID,0.2767201066017151,0.7631565920218893,3,X_pca,mil,0.5,42
paclitaxel,T47D_BREAST,0.803274393081665,0.6656156859246853,1,X_pca,mil,0.5,42
paclitaxel,TCCSUP_URINARY_TRACT,0.6246080994606018,0.6882625121293189,3,X_pca,mil,0.5,42
paclitaxel,TE10_OESOPHAGUS,0.5292326211929321,0.4039581888886892,4,X_pca,mil,0.5,42
paclitaxel,TE14_OESOPHAGUS,0.2964872419834137,0.27294654100504606,1,X_pca,mil,0.5,42
paclitaxel,TE1_OESOPHAGUS,0.7852445244789124,0.5158237997189309,4,X_pca,mil,0.5,42
paclitaxel,TE6_OESOPHAGUS,0.25333571434020996,0.48987980768382006,2,X_pca,mil,0.5,42
paclitaxel,TM31_CENTRAL_NERVOUS_SYSTEM,0.6742895245552063,0.4880322551932828,2,X_pca,mil,0.5,42
paclitaxel,TOV112D_OVARY,0.3578580617904663,0.5243332829230871,2,X_pca,mil,0.5,42
paclitaxel,UACC257_SKIN,0.8656947016716003,0.4840598848324939,1,X_pca,mil,0.5,42
paclitaxel,UMUC1_URINARY_TRACT,0.45489633083343506,0.4856998767647041,1,X_pca,mil,0.5,42
paclitaxel,VMCUB1_URINARY_TRACT,0.2998367249965668,0.1623672750704458,4,X_pca,mil,0.5,42
paclitaxel,VMRCRCZ_KIDNEY,0.7868435978889465,0.7630149015784263,2,X_pca,mil,0.5,42
paclitaxel,ZR751_BREAST,1.0104048252105713,0.4501331287487425,1,X_pca,mil,0.5,42
gemcitabine,42MGBA_CENTRAL_NERVOUS_SYSTEM,0.5005143880844116,0.5721548247981716,4,X_pca,mil,0.5,42
gemcitabine,8305C_THYROID,0.6218052506446838,0.7975185547259378,4,X_pca,mil,0.5,42
gemcitabine,A204_SOFT_TISSUE,0.39566460251808167,0.43103010499477384,4,X_pca,mil,0.5,42
gemcitabine,A2058_SKIN,0.8566543459892273,0.751045556802328,5,X_pca,mil,0.5,42
gemcitabine,A375_SKIN,0.34170886874198914,0.9695474306407305,3,X_pca,mil,0.5,42
gemcitabine,ACCMESO1_PLEURA,0.9600024223327637,1.0493920309308133,2,X_pca,mil,0.5,42
gemcitabine,ASPC1_PANCREAS,0.8360801339149475,0.6620530321680266,4,X_pca,mil,0.5,42
gemcitabine,BCPAP_THYROID,0.6562466621398926,0.8514589067352446,4,X_pca,mil,0.5,42
gemcitabine,BFTC909_KIDNEY,0.6332346200942993,0.7992611798730563,5,X_pca,mil,0.5,42
gemcitabine,BHY_UPPER_AERODIGESTIVE_TRACT,0.49976876378059387,0.6265648765810605,3,X_pca,mil,0.5,42
gemcitabine,BICR16_UPPER_AERODIGESTIVE_TRACT,0.898076593875885,0.7082213392516352,5,X_pca,mil,0.5,42
gemcitabine,BICR31_UPPER_AERODIGESTIVE_TRACT,0.8775738477706909,0.6250679459302656,3,X_pca,mil,0.5,42
gemcitabine,BICR56_UPPER_AERODIGESTIVE_TRACT,0.8867817521095276,0.5209063905992626,3,X_pca,mil,0.5,42
gemcitabine,BICR6_UPPER_AERODIGESTIVE_TRACT,0.9811211228370667,0.8030941776045553,5,X_pca,mil,0.5,42
gemcitabine,BT474_BREAST,1.1705902814865112,0.8299155895709991,4,X_pca,mil,0.5,42
gemcitabine,BT549_BREAST,0.8982008099555969,0.7021515280904627,1,X_pca,mil,0.5,42
gemcitabine,CAKI2_KIDNEY,0.8708728551864624,0.6510422053954584,4,X_pca,mil,0.5,42
gemcitabine,CALU6_LUNG,0.781755805015564,0.6885776512844618,3,X_pca,mil,0.5,42
gemcitabine,CAMA1_BREAST,0.8566052317619324,0.9555199553876398,3,X_pca,mil,0.5,42
gemcitabine,CAS1_CENTRAL_NERVOUS_SYSTEM,0.6782752275466919,0.5092543484573078,1,X_pca,mil,0.5,42
gemcitabine,CCFSTTG1_CENTRAL_NERVOUS_SYSTEM,0.9153845310211182,0.6311997949350171,5,X_pca,mil,0.5,42
gemcitabine,COLO741_SKIN,0.866061806678772,0.7705449866849963,3,X_pca,mil,0.5,42
gemcitabine,COLO792_SKIN,0.8210777640342712,0.986959788962044,2,X_pca,mil,0.5,42
gemcitabine,COV434_OVARY,0.4338838756084442,0.7071041353046894,4,X_pca,mil,0.5,42
gemcitabine,DETROIT562_UPPER_AERODIGESTIVE_TRACT,0.6181465983390808,0.52959765832117,2,X_pca,mil,0.5,42
gemcitabine,DKMG_CENTRAL_NERVOUS_SYSTEM,0.6961764693260193,0.6146026533028296,5,X_pca,mil,0.5,42
gemcitabine,EBC1_LUNG,0.30304309725761414,0.6723750201604699,3,X_pca,mil,0.5,42
gemcitabine,EFE184_ENDOMETRIUM,0.671839714050293,0.603128066589666,4,X_pca,mil,0.5,42
gemcitabine,EFM192A_BREAST,0.6512632369995117,0.8236167651038986,5,X_pca,mil,0.5,42
gemcitabine,EKVX_LUNG,0.9874262809753418,0.7145704175919703,2,X_pca,mil,0.5,42
gemcitabine,FTC133_THYROID,0.6643245220184326,0.8255274310708046,3,X_pca,mil,0.5,42
gemcitabine,GOS3_CENTRAL_NERVOUS_SYSTEM,0.6326534152030945,0.9177834209035204,2,X_pca,mil,0.5,42
gemcitabine,HCC1428_BREAST,1.0535941123962402,0.9898586507857315,5,X_pca,mil,0.5,42
gemcitabine,HCC366_LUNG,0.5387693643569946,0.8517837859321349,5,X_pca,mil,0.5,42
gemcitabine,HCC38_BREAST,0.44297653436660767,0.8588297070562839,5,X_pca,mil,0.5,42
gemcitabine,HCC56_LARGE_INTESTINE,0.769647479057312,0.7537762360139326,3,X_pca,mil,0.5,42
gemcitabine,HDQP1_BREAST,0.9436390399932861,0.7519562095403671,3,X_pca,mil,0.5,42
gemcitabine,HEC151_ENDOMETRIUM,0.5687434077262878,0.8094682513475419,4,X_pca,mil,0.5,42
gemcitabine,HEC251_ENDOMETRIUM,0.8283629417419434,0.7601948305268154,3,X_pca,mil,0.5,42
gemcitabine,HEC6_ENDOMETRIUM,0.7369199991226196,0.6614199236313009,1,X_pca,mil,0.5,42
gemcitabine,HEP3B217_LIVER,0.8503090739250183,0.6212580272201764,2,X_pca,mil,0.5,42
gemcitabine,HMC18_BREAST,0.5817105174064636,0.7272411672328519,2,X_pca,mil,0.5,42
gemcitabine,HOS_BONE,0.7406152486801147,0.5629588903722199,4,X_pca,mil,0.5,42
gemcitabine,HS852T_SKIN,0.6088628172874451,0.9703342605520178,3,X_pca,mil,0.5,42
gemcitabine,HT1080_SOFT_TISSUE,0.6308806538581848,0.5687027972682502,5,X_pca,mil,0.5,42
gemcitabine,HT1197_URINARY_TRACT,0.8877960443496704,0.9026250670085082,4,X_pca,mil,0.5,42
gemcitabine,HT55_LARGE_INTESTINE,0.7846170663833618,0.7463702700714364,1,X_pca,mil,0.5,42
gemcitabine,HUH28_BILIARY_TRACT,0.9175785779953003,0.9016413975962632,2,X_pca,mil,0.5,42
gemcitabine,HUH6_LIVER,0.734017014503479,0.8810661562977458,4,X_pca,mil,0.5,42
gemcitabine,HUPT3_PANCREAS,0.82715904712677,0.8405729637426489,5,X_pca,mil,0.5,42
gemcitabine,HUPT4_PANCREAS,0.6738348603248596,0.8032202294894627,5,X_pca,mil,0.5,42
gemcitabine,IALM_LUNG,1.0259499549865723,0.8587880487212484,4,X_pca,mil,0.5,42
gemcitabine,IGR1_SKIN,0.7302095890045166,0.5030293595790863,5,X_pca,mil,0.5,42
gemcitabine,IGR37_SKIN,0.4442389905452728,0.844243510312237,2,X_pca,mil,0.5,42
gemcitabine,IM95_STOMACH,0.6315738558769226,0.7137924042907922,4,X_pca,mil,0.5,42
gemcitabine,JHH6_LIVER,1.39784836769104,0.6246375875565612,3,X_pca,mil,0.5,42
gemcitabine,JHOC5_OVARY,0.4567776322364807,0.5565570779915514,5,X_pca,mil,0.5,42
gemcitabine,KALS1_CENTRAL_NERVOUS_SYSTEM,0.7936452627182007,0.770955416166948,2,X_pca,mil,0.5,42
gemcitabine,KMRC3_KIDNEY,0.5808050632476807,0.793389929314049,1,X_pca,mil,0.5,42
gemcitabine,KNS42_CENTRAL_NERVOUS_SYSTEM,0.9519704580307007,0.5739411202281021,4,X_pca,mil,0.5,42
gemcitabine,KPL1_BREAST,0.8953196406364441,0.8465250639811807,3,X_pca,mil,0.5,42
gemcitabine,KPNSI9S_AUTONOMIC_GANGLIA,0.4565414786338806,0.6689669755540153,5,X_pca,mil,0.5,42
gemcitabine,KYSE520_OESOPHAGUS,0.9058042168617249,0.6730880861865478,2,X_pca,mil,0.5,42
gemcitabine,LI7_LIVER,0.5827900767326355,0.8071938937111777,4,X_pca,mil,0.5,42
gemcitabine,LMSU_STOMACH,0.8756802678108215,0.5416037010211571,2,X_pca,mil,0.5,42
gemcitabine,LNCAPCLONEFGC_PROSTATE,0.5755029320716858,0.9184014649354211,2,X_pca,mil,0.5,42
gemcitabine,LS1034_LARGE_INTESTINE,0.6300612092018127,0.815175035636719,4,X_pca,mil,0.5,42
gemcitabine,LS180_LARGE_INTESTINE,0.4482704699039459,0.801705887443141,3,X_pca,mil,0.5,42
gemcitabine,MCF7_BREAST,0.8343956470489502,0.9283230863251053,1,X_pca,mil,0.5,42
gemcitabine,MDAMB361_BREAST,0.7940967082977295,0.9439642998907302,1,X_pca,mil,0.5,42
gemcitabine,MFE319_ENDOMETRIUM,0.969434380531311,0.7592085509400093,2,X_pca,mil,0.5,42
gemcitabine,MKN45_STOMACH,0.9803581833839417,0.6199949964628382,1,X_pca,mil,0.5,42
gemcitabine,MKN7_STOMACH,0.9915323257446289,0.9637505666230076,5,X_pca,mil,0.5,42
gemcitabine,NCIH1299_LUNG,0.7092453837394714,0.8334460562646165,2,X_pca,mil,0.5,42
gemcitabine,NCIH1373_LUNG,0.6424748301506042,0.7509709796527537,3,X_pca,mil,0.5,42
gemcitabine,NCIH1435_LUNG,0.5391858816146851,0.756678648209304,3,X_pca,mil,0.5,42
gemcitabine,NCIH1792_LUNG,0.6867678165435791,0.7242937665264886,4,X_pca,mil,0.5,42
gemcitabine,NCIH1944_LUNG,0.543655276298523,0.7541643391916717,2,X_pca,mil,0.5,42
gemcitabine,NCIH2087_LUNG,0.42783018946647644,0.657986828725632,5,X_pca,mil,0.5,42
gemcitabine,NCIH2110_LUNG,0.3368552327156067,0.6449872973875784,1,X_pca,mil,0.5,42
gemcitabine,NCIH2126_LUNG,0.6156565546989441,0.4462031503066872,4,X_pca,mil,0.5,42
gemcitabine,NCIH2170_LUNG,0.44036784768104553,0.4775520699544692,4,X_pca,mil,0.5,42
gemcitabine,NCIH2228_LUNG,0.5427727699279785,0.7077495828473925,3,X_pca,mil,0.5,42
gemcitabine,NCIH226_LUNG,0.7438065409660339,0.8976647465787035,1,X_pca,mil,0.5,42
gemcitabine,NCIH2444_LUNG,1.066865086555481,0.7674015295153429,3,X_pca,mil,0.5,42
gemcitabine,NCIH2452_PLEURA,0.7650330066680908,0.8134070058737546,3,X_pca,mil,0.5,42
gemcitabine,NCIH292_LUNG,0.5377177000045776,0.6448803814084317,3,X_pca,mil,0.5,42
gemcitabine,NCIH358_LUNG,0.8151067495346069,0.7352308266397033,1,X_pca,mil,0.5,42
gemcitabine,NCIH446_LUNG,0.529270589351654,0.5948728984411882,3,X_pca,mil,0.5,42
gemcitabine,NCIH460_LUNG,0.6561989784240723,0.5206398660564081,3,X_pca,mil,0.5,42
gemcitabine,NCIH522_LUNG,0.6660993695259094,0.6145420959935739,2,X_pca,mil,0.5,42
gemcitabine,NCIH650_LUNG,0.47172221541404724,0.7176329457231994,5,X_pca,mil,0.5,42
gemcitabine,NCIH747_LARGE_INTESTINE,0.6213706135749817,0.7640180867165327,5,X_pca,mil,0.5,42
gemcitabine,OAW28_OVARY,0.8206195831298828,0.8660934330513759,5,X_pca,mil,0.5,42
gemcitabine,ONCODG1_OVARY,0.7360410094261169,0.7422407939478203,2,X_pca,mil,0.5,42
gemcitabine,OSRC2_KIDNEY,0.8197447061538696,0.740254101772157,3,X_pca,mil,0.5,42
gemcitabine,OUMS23_LARGE_INTESTINE,1.1526105403900146,0.872911274433136,5,X_pca,mil,0.5,42
gemcitabine,OVCAR4_OVARY,0.9360761046409607,0.8059017576092966,1,X_pca,mil,0.5,42
gemcitabine,OVK18_OVARY,0.7555391192436218,0.6846018894,5,X_pca,mil,0.5,42
gemcitabine,OVSAHO_OVARY,0.8870753645896912,0.8330556482470508,2,X_pca,mil,0.5,42
gemcitabine,OVTOKO_OVARY,0.506416916847229,0.7140880853080294,2,X_pca,mil,0.5,42
gemcitabine,PANC0203_PANCREAS,0.8555566668510437,0.6236019406629645,3,X_pca,mil,0.5,42
gemcitabine,PATU8988S_PANCREAS,0.7852508425712585,0.9136279061680934,2,X_pca,mil,0.5,42
gemcitabine,PC3_PROSTATE,0.8767961263656616,0.8216070151893344,1,X_pca,mil,0.5,42
gemcitabine,PECAPJ49_UPPER_AERODIGESTIVE_TRACT,0.4231942892074585,0.7151454392046032,1,X_pca,mil,0.5,42
gemcitabine,PK45H_PANCREAS,0.9328077435493469,0.8179229159196805,4,X_pca,mil,0.5,42
gemcitabine,PK59_PANCREAS,0.636519193649292,0.8470799090533421,5,X_pca,mil,0.5,42
gemcitabine,RCC10RGB_KIDNEY,0.7424089908599854,0.7828228734593534,5,X_pca,mil,0.5,42
gemcitabine,RCM1_LARGE_INTESTINE,0.7560239434242249,0.6798740462400019,3,X_pca,mil,0.5,42
gemcitabine,RD_SOFT_TISSUE,0.7025274038314819,0.6840255979833931,1,X_pca,mil,0.5,42
gemcitabine,RERFLCAD1_LUNG,1.0192153453826904,0.7761014040114949,5,X_pca,mil,0.5,42
gemcitabine,RERFLCAI_LUNG,0.5772891044616699,0.8124289645045644,5,X_pca,mil,0.5,42
gemcitabine,RT4_URINARY_TRACT,0.457478791475296,0.6488641778815467,5,X_pca,mil,0.5,42
gemcitabine,RVH421_SKIN,0.9899332523345947,0.7542406160961135,4,X_pca,mil,0.5,42
gemcitabine,SCC25_UPPER_AERODIGESTIVE_TRACT,0.7432425022125244,0.7364525002798684,2,X_pca,mil,0.5,42
gemcitabine,SCC9_UPPER_AERODIGESTIVE_TRACT,0.847379744052887,0.8207553704161393,2,X_pca,mil,0.5,42
gemcitabine,SH10TC_STOMACH,1.105261206626892,1.119337011096824,5,X_pca,mil,0.5,42
gemcitabine,SKES1_BONE,0.2559921145439148,0.6449314928971804,2,X_pca,mil,0.5,42
gemcitabine,SKMEL2_SKIN,1.6098883152008057,0.7671206549241922,1,X_pca,mil,0.5,42
gemcitabine,SKMEL30_SKIN,0.8910692930221558,0.7096694502715686,1,X_pca,mil,0.5,42
gemcitabine,SKMEL5_SKIN,0.5815538763999939,1.091135120351708,4,X_pca,mil,0.5,42
gemcitabine,SKNAS_AUTONOMIC_GANGLIA,0.6201527714729309,0.5786212314810373,2,X_pca,mil,0.5,42
gemcitabine,SNU1079_BILIARY_TRACT,0.7596206665039062,0.7110515277679652,1,X_pca,mil,0.5,42
gemcitabine,SNU1214_UPPER_AERODIGESTIVE_TRACT,0.7392807602882385,0.9388736448389419,1,X_pca,mil,0.5,42
gemcitabine,SNU308_BILIARY_TRACT,0.8736388683319092,0.8158735556805388,1,X_pca,mil,0.5,42
gemcitabine,SNU423_LIVER,0.7069547176361084,0.9217576761290712,4,X_pca,mil,0.5,42
gemcitabine,SNU449_LIVER,0.8254060745239258,0.6734348100127904,3,X_pca,mil,0.5,42
gemcitabine,SNU46_UPPER_AERODIGESTIVE_TRACT,0.8096166253089905,0.7761824984671706,4,X_pca,mil,0.5,42
gemcitabine,SNU738_CENTRAL_NERVOUS_SYSTEM,0.6285289525985718,0.9019007970601084,1,X_pca,mil,0.5,42
gemcitabine,SNU899_UPPER_AERODIGESTIVE_TRACT,0.7130030393600464,0.8142901895994163,2,X_pca,mil,0.5,42
gemcitabine,SNUC4_LARGE_INTESTINE,0.8598319888114929,0.6265744003417405,5,X_pca,mil,0.5,42
gemcitabine,SQ1_LUNG,0.6690840125083923,0.7486005946367729,3,X_pca,mil,0.5,42
gemcitabine,SU8686_PANCREAS,0.6601048111915588,0.8892303130975584,1,X_pca,mil,0.5,42
gemcitabine,SW1088_CENTRAL_NERVOUS_SYSTEM,0.571869432926178,0.7802788342814893,4,X_pca,mil,0.5,42
gemcitabine,SW1271_LUNG,0.613210141658783,0.7410960270010907,1,X_pca,mil,0.5,42
gemcitabine,SW1990_PANCREAS,0.6145241856575012,0.9377667573841852,5,X_pca,mil,0.5,42
gemcitabine,SW579_THYROID,0.40441542863845825,0.7074713382852792,3,X_pca,mil,0.5,42
gemcitabine,T47D_BREAST,0.8489176630973816,0.9665048238378844,1,X_pca,mil,0.5,42
gemcitabine,TCCSUP_URINARY_TRACT,0.7683467864990234,0.8365663668211503,3,X_pca,mil,0.5,42
gemcitabine,TE10_OESOPHAGUS,0.7129018306732178,0.9955011785846867,4,X_pca,mil,0.5,42
gemcitabine,TE14_OESOPHAGUS,0.5843991637229919,0.7813274255533259,1,X_pca,mil,0.5,42
gemcitabine,TE1_OESOPHAGUS,0.6737027764320374,0.6713942591715785,4,X_pca,mil,0.5,42
gemcitabine,TE6_OESOPHAGUS,0.6561077833175659,0.6323976107279748,2,X_pca,mil,0.5,42
gemcitabine,TE9_OESOPHAGUS,0.6804585456848145,0.6243655157666053,2,X_pca,mil,0.5,42
gemcitabine,TM31_CENTRAL_NERVOUS_SYSTEM,0.786973774433136,0.7604124091308693,2,X_pca,mil,0.5,42
gemcitabine,TOV112D_OVARY,0.34909936785697937,0.7418229709833096,2,X_pca,mil,0.5,42
gemcitabine,UACC257_SKIN,0.6209816336631775,0.7691034976408572,1,X_pca,mil,0.5,42
gemcitabine,UMUC1_URINARY_TRACT,0.5380436182022095,0.7320710944040173,1,X_pca,mil,0.5,42
gemcitabine,VMCUB1_URINARY_TRACT,0.5477825999259949,0.7958116982147784,4,X_pca,mil,0.5,42
gemcitabine,VMRCRCZ_KIDNEY,0.8047785758972168,0.7908481629689534,2,X_pca,mil,0.5,42
gemcitabine,YD38_UPPER_AERODIGESTIVE_TRACT,0.555411159992218,0.8166286260462724,4,X_pca,mil,0.5,42
gemcitabine,ZR751_BREAST,1.101744294166565,0.9133724165194242,1,X_pca,mil,0.5,42
imatinib,42MGBA_CENTRAL_NERVOUS_SYSTEM,0.7974890470504761,0.9478313489079936,4,X_pca,mil,0.5,42
imatinib,8305C_THYROID,1.0951011180877686,1.0314727934617103,4,X_pca,mil,0.5,42
imatinib,A204_SOFT_TISSUE,0.6459641456604004,0.9577660517692566,4,X_pca,mil,0.5,42
imatinib,A2058_SKIN,0.8841478228569031,1.0176675702844347,5,X_pca,mil,0.5,42
imatinib,A375_SKIN,1.0721155405044556,0.9171226420651801,3,X_pca,mil,0.5,42
imatinib,ACCMESO1_PLEURA,1.0530558824539185,0.9792662461598715,2,X_pca,mil,0.5,42
imatinib,ASPC1_PANCREAS,0.8563504219055176,0.9572646046506947,4,X_pca,mil,0.5,42
imatinib,BCPAP_THYROID,1.0814443826675415,1.1015912866906117,4,X_pca,mil,0.5,42
imatinib,BFTC909_KIDNEY,0.9346845149993896,0.926105649930506,5,X_pca,mil,0.5,42
imatinib,BHY_UPPER_AERODIGESTIVE_TRACT,1.003937005996704,1.0539523030149525,3,X_pca,mil,0.5,42
imatinib,BICR16_UPPER_AERODIGESTIVE_TRACT,0.8788600564002991,0.9432199968481964,5,X_pca,mil,0.5,42
imatinib,BICR31_UPPER_AERODIGESTIVE_TRACT,0.9263787269592285,0.9782131081146579,3,X_pca,mil,0.5,42
imatinib,BICR56_UPPER_AERODIGESTIVE_TRACT,0.9975255727767944,1.038662404189875,3,X_pca,mil,0.5,42
imatinib,BICR6_UPPER_AERODIGESTIVE_TRACT,0.9933727383613586,1.0111004426762775,5,X_pca,mil,0.5,42
imatinib,BT474_BREAST,0.9909359812736511,0.8696866130828858,4,X_pca,mil,0.5,42
imatinib,BT549_BREAST,1.058056116104126,0.8554653507426269,1,X_pca,mil,0.5,42
imatinib,CAKI2_KIDNEY,0.891399621963501,0.8801475735448248,4,X_pca,mil,0.5,42
imatinib,CALU6_LUNG,0.9442189335823059,0.8536341613115266,3,X_pca,mil,0.5,42
imatinib,CAMA1_BREAST,0.9417577981948853,0.8931309738519675,3,X_pca,mil,0.5,42
imatinib,CAS1_CENTRAL_NERVOUS_SYSTEM,0.9765406250953674,0.8681925768242743,1,X_pca,mil,0.5,42
imatinib,CCFSTTG1_CENTRAL_NERVOUS_SYSTEM,0.9044836163520813,0.9254269025674681,5,X_pca,mil,0.5,42
imatinib,COLO792_SKIN,0.8340573906898499,0.9886180538532918,2,X_pca,mil,0.5,42
imatinib,COV434_OVARY,0.89787757396698,1.1011860837990588,4,X_pca,mil,0.5,42
imatinib,DETROIT562_UPPER_AERODIGESTIVE_TRACT,0.875342607498169,0.9164524433071628,2,X_pca,mil,0.5,42
imatinib,DKMG_CENTRAL_NERVOUS_SYSTEM,0.8902096152305603,0.89853256962836,5,X_pca,mil,0.5,42
imatinib,EBC1_LUNG,0.9644688963890076,0.9823951695555,3,X_pca,mil,0.5,42
imatinib,EFE184_ENDOMETRIUM,1.009013056755066,1.179708122514015,4,X_pca,mil,0.5,42
imatinib,EFM192A_BREAST,0.8446081876754761,1.0319295287490249,5,X_pca,mil,0.5,42
imatinib,EKVX_LUNG,0.9665436744689941,0.9586015845814796,2,X_pca,mil,0.5,42
imatinib,FTC133_THYROID,0.902299165725708,1.0301761784723826,3,X_pca,mil,0.5,42
imatinib,GOS3_CENTRAL_NERVOUS_SYSTEM,0.9142825603485107,0.9577104343169647,2,X_pca,mil,0.5,42
imatinib,HCC1428_BREAST,0.9144049882888794,1.0248984168833635,5,X_pca,mil,0.5,42
imatinib,HCC366_LUNG,1.028393268585205,1.073112031315813,5,X_pca,mil,0.5,42
imatinib,HCC38_BREAST,0.9484294056892395,0.9445974895358086,5,X_pca,mil,0.5,42
imatinib,HCC56_LARGE_INTESTINE,1.1700106859207153,0.8780101110236813,3,X_pca,mil,0.5,42
imatinib,HDQP1_BREAST,1.1716277599334717,0.9927720027044415,3,X_pca,mil,0.5,42
imatinib,HEC151_ENDOMETRIUM,0.9507309198379517,1.0662107660770417,4,X_pca,mil,0.5,42
imatinib,HEC251_ENDOMETRIUM,0.982420802116394,1.0232321826097006,3,X_pca,mil,0.5,42
imatinib,HEC6_ENDOMETRIUM,0.9746668338775635,1.007272634446991,1,X_pca,mil,0.5,42
imatinib,HEP3B217_LIVER,0.9081746935844421,0.9470719220274586,2,X_pca,mil,0.5,42
imatinib,HMC18_BREAST,0.9684697985649109,0.9429069672021443,2,X_pca,mil,0.5,42
imatinib,HOS_BONE,0.8908408880233765,1.0271281140560984,4,X_pca,mil,0.5,42
imatinib,HS852T_SKIN,1.1679837703704834,0.882605622580022,3,X_pca,mil,0.5,42
imatinib,HT1080_SOFT_TISSUE,0.9255314469337463,1.0032306909561157,5,X_pca,mil,0.5,42
imatinib,HT1197_URINARY_TRACT,0.9558719396591187,1.0824184675474424,4,X_pca,mil,0.5,42
imatinib,HT55_LARGE_INTESTINE,0.9312896728515625,0.9818747382593381,1,X_pca,mil,0.5,42
imatinib,HUH28_BILIARY_TRACT,1.1410142183303833,1.1117025725275493,2,X_pca,mil,0.5,42
imatinib,HUH6_LIVER,0.8700514435768127,0.915166569532022,4,X_pca,mil,0.5,42
imatinib,HUPT3_PANCREAS,0.9597815871238708,1.1142699367859785,5,X_pca,mil,0.5,42
imatinib,HUPT4_PANCREAS,0.9757904410362244,1.0071680301002093,5,X_pca,mil,0.5,42
imatinib,IALM_LUNG,0.9999850988388062,1.1982846271177257,4,X_pca,mil,0.5,42
imatinib,IGR1_SKIN,1.0326862335205078,1.048523680423868,5,X_pca,mil,0.5,42
imatinib,IGR37_SKIN,1.0056467056274414,0.9959492200733262,2,X_pca,mil,0.5,42
imatinib,IM95_STOMACH,0.9186859130859375,1.0387228546915828,4,X_pca,mil,0.5,42
imatinib,JHH6_LIVER,1.000203013420105,0.8443848146396933,3,X_pca,mil,0.5,42
imatinib,JHOC5_OVARY,0.9674712419509888,0.9730737254537385,5,X_pca,mil,0.5,42
imatinib,KALS1_CENTRAL_NERVOUS_SYSTEM,0.9474613070487976,0.989175366030799,2,X_pca,mil,0.5,42
imatinib,KMRC3_KIDNEY,0.8424506187438965,0.9678814875836275,1,X_pca,mil,0.5,42
imatinib,KNS42_CENTRAL_NERVOUS_SYSTEM,0.9179285168647766,1.0384774644707524,4,X_pca,mil,0.5,42
imatinib,KPL1_BREAST,1.0681864023208618,1.0096402749203253,3,X_pca,mil,0.5,42
imatinib,KPNSI9S_AUTONOMIC_GANGLIA,1.039858102798462,0.9486793409022249,5,X_pca,mil,0.5,42
imatinib,KYSE520_OESOPHAGUS,0.945729672908783,0.9473423754836753,2,X_pca,mil,0.5,42
imatinib,LI7_LIVER,0.8340868949890137,0.9057166673699204,4,X_pca,mil,0.5,42
imatinib,LMSU_STOMACH,0.8321190476417542,0.8828303531104443,2,X_pca,mil,0.5,42
imatinib,LNCAPCLONEFGC_PROSTATE,0.9230631589889526,1.0133060706678287,2,X_pca,mil,0.5,42
imatinib,LS1034_LARGE_INTESTINE,0.8493166565895081,0.9950984606187637,4,X_pca,mil,0.5,42
imatinib,LS180_LARGE_INTESTINE,1.0123558044433594,0.926532815863221,3,X_pca,mil,0.5,42
imatinib,MCF7_BREAST,1.0205093622207642,1.0792632765703267,1,X_pca,mil,0.5,42
imatinib,MDAMB361_BREAST,0.9177303910255432,0.9519186130276432,1,X_pca,mil,0.5,42
imatinib,MFE319_ENDOMETRIUM,0.9985067844390869,0.9886953334533731,2,X_pca,mil,0.5,42
imatinib,MKN45_STOMACH,0.9823302030563354,1.0518725039595265,1,X_pca,mil,0.5,42
imatinib,MKN7_STOMACH,1.0322765111923218,1.1055278766524883,5,X_pca,mil,0.5,42
imatinib,NCIH1299_LUNG,1.0137672424316406,0.9877331048138579,2,X_pca,mil,0.5,42
imatinib,NCIH1373_LUNG,0.9991770386695862,0.9928508887930614,3,X_pca,mil,0.5,42
imatinib,NCIH1435_LUNG,0.9789023399353027,0.9418017091822535,3,X_pca,mil,0.5,42
imatinib,NCIH1792_LUNG,1.0024890899658203,1.0286282660724881,4,X_pca,mil,0.5,42
imatinib,NCIH1944_LUNG,0.8461954593658447,0.9259706796079442,2,X_pca,mil,0.5,42
imatinib,NCIH2087_LUNG,0.9938225746154785,1.0826459605944212,5,X_pca,mil,0.5,42
imatinib,NCIH2110_LUNG,0.8915949463844299,1.0345465345298825,1,X_pca,mil,0.5,42
imatinib,NCIH2126_LUNG,0.9990637898445129,0.8656489025011207,4,X_pca,mil,0.5,42
imatinib,NCIH2170_LUNG,0.9432941675186157,0.942992561719787,4,X_pca,mil,0.5,42
imatinib,NCIH2228_LUNG,1.0107890367507935,0.9776190621651486,3,X_pca,mil,0.5,42
imatinib,NCIH226_LUNG,1.00823175907135,0.9726808568264576,1,X_pca,mil,0.5,42
imatinib,NCIH2444_LUNG,1.0054807662963867,1.0209621912819424,3,X_pca,mil,0.5,42
imatinib,NCIH2452_PLEURA,0.9541221857070923,0.9290013842866324,3,X_pca,mil,0.5,42
imatinib,NCIH292_LUNG,0.9060679078102112,1.0001620899343715,3,X_pca,mil,0.5,42
imatinib,NCIH358_LUNG,1.0672982931137085,1.011435186401719,1,X_pca,mil,0.5,42
imatinib,NCIH446_LUNG,0.9621572494506836,1.0105351319118423,3,X_pca,mil,0.5,42
imatinib,NCIH460_LUNG,0.9731983542442322,0.884845254455416,3,X_pca,mil,0.5,42
imatinib,NCIH522_LUNG,0.9223247170448303,0.9066188962986836,2,X_pca,mil,0.5,42
imatinib,NCIH650_LUNG,0.742181658744812,1.071476639636768,5,X_pca,mil,0.5,42
imatinib,NCIH747_LARGE_INTESTINE,0.7638504505157471,0.9994880847632885,5,X_pca,mil,0.5,42
imatinib,OAW28_OVARY,0.9528711438179016,0.9677621018812523,5,X_pca,mil,0.5,42
imatinib,ONCODG1_OVARY,1.0656236410140991,0.9743198012864148,2,X_pca,mil,0.5,42
imatinib,OSRC2_KIDNEY,1.008285641670227,0.8804488745000627,3,X_pca,mil,0.5,42
imatinib,OUMS23_LARGE_INTESTINE,1.0636982917785645,1.0053427743020458,5,X_pca,mil,0.5,42
imatinib,OVCAR4_OVARY,0.9936311841011047,1.04816484008998,1,X_pca,mil,0.5,42
imatinib,OVK18_OVARY,1.0000770092010498,0.9502473413274529,5,X_pca,mil,0.5,42
imatinib,OVSAHO_OVARY,0.9421826601028442,0.9630957757849,2,X_pca,mil,0.5,42
imatinib,OVTOKO_OVARY,1.0253087282180786,0.9604525069871017,2,X_pca,mil,0.5,42
imatinib,PANC0203_PANCREAS,0.9721590876579285,0.9433461082547079,3,X_pca,mil,0.5,42
imatinib,PATU8988S_PANCREAS,0.9349052906036377,1.004999880419403,2,X_pca,mil,0.5,42
imatinib,PC3_PROSTATE,0.9497227668762207,1.0497739942821525,1,X_pca,mil,0.5,42
imatinib,PECAPJ49_UPPER_AERODIGESTIVE_TRACT,0.9878193140029907,0.9850732843474587,1,X_pca,mil,0.5,42
imatinib,PK45H_PANCREAS,0.9831220507621765,1.0807270687004737,4,X_pca,mil,0.5,42
imatinib,PK59_PANCREAS,0.9190185070037842,1.0061433890770222,5,X_pca,mil,0.5,42
imatinib,RCC10RGB_KIDNEY,0.9667925834655762,0.9501583852481432,5,X_pca,mil,0.5,42
imatinib,RCM1_LARGE_INTESTINE,0.9487661719322205,0.860690928529948,3,X_pca,mil,0.5,42
imatinib,RD_SOFT_TISSUE,0.9183173179626465,0.8492350482392585,1,X_pca,mil,0.5,42
imatinib,RERFLCAD1_LUNG,1.0442442893981934,1.0283944631309667,5,X_pca,mil,0.5,42
imatinib,RERFLCAI_LUNG,0.9362004995346069,0.9643852570110036,5,X_pca,mil,0.5,42
imatinib,RT4_URINARY_TRACT,1.027958631515503,0.9309497992947416,5,X_pca,mil,0.5,42
imatinib,RVH421_SKIN,0.9349554181098938,1.0501921251727946,4,X_pca,mil,0.5,42
imatinib,SCC25_UPPER_AERODIGESTIVE_TRACT,0.9275673031806946,0.9819332522512279,2,X_pca,mil,0.5,42
imatinib,SCC9_UPPER_AERODIGESTIVE_TRACT,0.9285261034965515,1.0382189512252809,2,X_pca,mil,0.5,42
imatinib,SH10TC_STOMACH,0.9620896577835083,1.105841651091888,5,X_pca,mil,0.5,42
imatinib,SKES1_BONE,1.0058947801589966,0.8692568357174213,2,X_pca,mil,0.5,42
imatinib,SKMEL2_SKIN,0.9228715300559998,1.0157598416874374,1,X_pca,mil,0.5,42
imatinib,SKMEL30_SKIN,0.9940280318260193,0.9979874768608352,1,X_pca,mil,0.5,42
imatinib,SKMEL5_SKIN,1.0296889543533325,0.9525799496406658,4,X_pca,mil,0.5,42
imatinib,SKNAS_AUTONOMIC_GANGLIA,0.9617713689804077,0.9274792879556133,2,X_pca,mil,0.5,42
imatinib,SNU1214_UPPER_AERODIGESTIVE_TRACT,1.0432400703430176,0.9976645026435244,1,X_pca,mil,0.5,42
imatinib,SNU308_BILIARY_TRACT,0.9719071984291077,0.998790533618724,1,X_pca,mil,0.5,42
imatinib,SNU423_LIVER,0.9207717776298523,1.066822978404333,4,X_pca,mil,0.5,42
imatinib,SNU449_LIVER,0.9065098166465759,0.8562998638508168,3,X_pca,mil,0.5,42
imatinib,SNU46_UPPER_AERODIGESTIVE_TRACT,0.9189621806144714,1.0074312694497027,4,X_pca,mil,0.5,42
imatinib,SNU738_CENTRAL_NERVOUS_SYSTEM,1.1610615253448486,1.031647119956155,1,X_pca,mil,0.5,42
imatinib,SNU899_UPPER_AERODIGESTIVE_TRACT,0.994714081287384,0.9736865335200207,2,X_pca,mil,0.5,42
imatinib,SNUC4_LARGE_INTESTINE,0.9843310117721558,0.972268659374188,5,X_pca,mil,0.5,42
imatinib,SQ1_LUNG,1.3075755834579468,0.9904895347206533,3,X_pca,mil,0.5,42
imatinib,SU8686_PANCREAS,1.0099101066589355,1.0489140647213633,1,X_pca,mil,0.5,42
imatinib,SW1088_CENTRAL_NERVOUS_SYSTEM,0.9793033599853516,0.9551210599020123,4,X_pca,mil,0.5,42
imatinib,SW1271_LUNG,0.9389393925666809,0.874474382918814,1,X_pca,mil,0.5,42
imatinib,SW1990_PANCREAS,0.908486545085907,0.9784903710750493,5,X_pca,mil,0.5,42
imatinib,SW579_THYROID,0.6032810211181641,0.9231836858982315,3,X_pca,mil,0.5,42
imatinib,T47D_BREAST,0.8783296942710876,0.9204659475460312,1,X_pca,mil,0.5,42
imatinib,TCCSUP_URINARY_TRACT,0.9596133828163147,0.9466200120086912,3,X_pca,mil,0.5,42
imatinib,TE10_OESOPHAGUS,1.0412399768829346,0.9933310191925258,4,X_pca,mil,0.5,42
imatinib,TE14_OESOPHAGUS,0.8636499047279358,0.9573172923130325,1,X_pca,mil,0.5,42
imatinib,TE1_OESOPHAGUS,1.0101912021636963,1.0919154500498356,4,X_pca,mil,0.5,42
imatinib,TE6_OESOPHAGUS,0.9241904616355896,0.9972048838861192,2,X_pca,mil,0.5,42
imatinib,TE9_OESOPHAGUS,1.002119541168213,0.9672674632841541,2,X_pca,mil,0.5,42
imatinib,TM31_CENTRAL_NERVOUS_SYSTEM,0.8456926941871643,0.9820018020169489,2,X_pca,mil,0.5,42
imatinib,TOV112D_OVARY,0.8788573145866394,0.941323248239664,2,X_pca,mil,0.5,42
imatinib,UACC257_SKIN,0.9354337453842163,0.9876908732258625,1,X_pca,mil,0.5,42
imatinib,UMUC1_URINARY_TRACT,0.9040716886520386,1.0203402759460023,1,X_pca,mil,0.5,42
imatinib,VMCUB1_URINARY_TRACT,0.9649621248245239,0.9445476339950721,4,X_pca,mil,0.5,42
imatinib,VMRCRCZ_KIDNEY,0.9633647799491882,0.9031543672084809,2,X_pca,mil,0.5,42
imatinib,YD38_UPPER_AERODIGESTIVE_TRACT,1.0483087301254272,1.0988189992614281,4,X_pca,mil,0.5,42
erlotinib,42MGBA_CENTRAL_NERVOUS_SYSTEM,0.9227536916732788,1.0931757213296116,4,X_pca,mil,0.5,42
erlotinib,8305C_THYROID,0.7939732670783997,0.9423477017282141,4,X_pca,mil,0.5,42
erlotinib,A204_SOFT_TISSUE,0.815484344959259,1.1002321190834046,4,X_pca,mil,0.5,42
erlotinib,A2058_SKIN,0.9949605464935303,0.9294919876419768,5,X_pca,mil,0.5,42
erlotinib,A375_SKIN,0.973318874835968,0.8671154315515875,3,X_pca,mil,0.5,42
erlotinib,ACCMESO1_PLEURA,0.9420119524002075,1.080519562886085,2,X_pca,mil,0.5,42
erlotinib,ASPC1_PANCREAS,0.9369305968284607,0.8661193736668291,4,X_pca,mil,0.5,42
erlotinib,BCPAP_THYROID,0.8213984370231628,1.016895778477192,4,X_pca,mil,0.5,42
erlotinib,BFTC909_KIDNEY,0.9552398324012756,1.0505875281419477,5,X_pca,mil,0.5,42
erlotinib,BHY_UPPER_AERODIGESTIVE_TRACT,0.5991201400756836,0.6288391865532974,3,X_pca,mil,0.5,42
erlotinib,BICR16_UPPER_AERODIGESTIVE_TRACT,0.7892967462539673,0.7167012056089798,5,X_pca,mil,0.5,42
erlotinib,BICR31_UPPER_AERODIGESTIVE_TRACT,0.8042541146278381,0.7703590917010461,3,X_pca,mil,0.5,42
erlotinib,BICR56_UPPER_AERODIGESTIVE_TRACT,0.6093823909759521,0.5619226999488878,3,X_pca,mil,0.5,42
erlotinib,BICR6_UPPER_AERODIGESTIVE_TRACT,0.7608282566070557,0.7921276830293081,5,X_pca,mil,0.5,42
erlotinib,BT474_BREAST,0.9083369374275208,0.9119756155014038,4,X_pca,mil,0.5,42
erlotinib,BT549_BREAST,1.1754072904586792,0.9543648070858833,1,X_pca,mil,0.5,42
erlotinib,CAKI2_KIDNEY,0.8694139719009399,0.6739807888972673,4,X_pca,mil,0.5,42
erlotinib,CALU6_LUNG,0.7326635122299194,0.8966136895870978,3,X_pca,mil,0.5,42
erlotinib,CAMA1_BREAST,0.9175612330436707,0.9454777654503629,3,X_pca,mil,0.5,42
erlotinib,CAS1_CENTRAL_NERVOUS_SYSTEM,1.0273317098617554,1.1006544783599395,1,X_pca,mil,0.5,42
erlotinib,CCFSTTG1_CENTRAL_NERVOUS_SYSTEM,1.1513586044311523,0.9837122203373327,5,X_pca,mil,0.5,42
erlotinib,COLO792_SKIN,0.9660155773162842,0.9489566380247418,2,X_pca,mil,0.5,42
erlotinib,COV434_OVARY,0.8242210149765015,0.9884372333234007,4,X_pca,mil,0.5,42
erlotinib,DETROIT562_UPPER_AERODIGESTIVE_TRACT,0.8132838010787964,0.7084746011561411,2,X_pca,mil,0.5,42
erlotinib,DKMG_CENTRAL_NERVOUS_SYSTEM,1.0006624460220337,1.0738497932898603,5,X_pca,mil,0.5,42
erlotinib,EBC1_LUNG,0.9782431721687317,0.9596302621467139,3,X_pca,mil,0.5,42
erlotinib,EFE184_ENDOMETRIUM,0.856898844242096,0.7301345062117244,4,X_pca,mil,0.5,42
erlotinib,EFM192A_BREAST,0.9408064484596252,0.9031174975830514,5,X_pca,mil,0.5,42
erlotinib,EKVX_LUNG,0.6745953559875488,0.9204662197256741,2,X_pca,mil,0.5,42
erlotinib,FTC133_THYROID,0.9978106617927551,0.9615918299981526,3,X_pca,mil,0.5,42
erlotinib,GOS3_CENTRAL_NERVOUS_SYSTEM,0.9610662460327148,0.9631281432681059,2,X_pca,mil,0.5,42
erlotinib,HCC1428_BREAST,0.9036024212837219,0.8984020183405538,5,X_pca,mil,0.5,42
erlotinib,HCC366_LUNG,0.9372639656066895,0.9019589320857926,5,X_pca,mil,0.5,42
erlotinib,HCC38_BREAST,1.3760467767715454,0.8709082680940629,5,X_pca,mil,0.5,42
erlotinib,HCC56_LARGE_INTESTINE,0.8906144499778748,0.7752991740149681,3,X_pca,mil,0.5,42
erlotinib,HDQP1_BREAST,0.7821134328842163,0.9028095360845327,3,X_pca,mil,0.5,42
erlotinib,HEC151_ENDOMETRIUM,0.8126585483551025,0.7532789207696915,4,X_pca,mil,0.5,42
erlotinib,HEC251_ENDOMETRIUM,0.8099750280380249,0.7354049231404456,3,X_pca,mil,0.5,42
erlotinib,HEC6_ENDOMETRIUM,0.9715927243232727,0.8431869175123132,1,X_pca,mil,0.5,42
erlotinib,HEP3B217_LIVER,0.9021901488304138,0.8050172935097905,2,X_pca,mil,0.5,42
erlotinib,HMC18_BREAST,0.9371680021286011,0.8741864727829096,2,X_pca,mil,0.5,42
erlotinib,HOS_BONE,0.9278596639633179,0.9975930197103751,4,X_pca,mil,0.5,42
erlotinib,HS852T_SKIN,0.9603044986724854,0.9043095729969166,3,X_pca,mil,0.5,42
erlotinib,HT1080_SOFT_TISSUE,1.026070475578308,0.9348340478631877,5,X_pca,mil,0.5,42
erlotinib,HT1197_URINARY_TRACT,0.9786010384559631,0.6609310254051879,4,X_pca,mil,0.5,42
erlotinib,HT55_LARGE_INTESTINE,0.7001996040344238,0.9549138359548921,1,X_pca,mil,0.5,42
erlotinib,HUH28_BILIARY_TRACT,0.9290624260902405,0.8269607857834521,2,X_pca,mil,0.5,42
erlotinib,HUH6_LIVER,0.9072860479354858,0.7923603370873886,4,X_pca,mil,0.5,42
erlotinib,HUPT3_PANCREAS,1.0160894393920898,0.9529082959189135,5,X_pca,mil,0.5,42
erlotinib,HUPT4_PANCREAS,0.6695789098739624,0.9742275465812001,5,X_pca,mil,0.5,42
erlotinib,IALM_LUNG,1.0861659049987793,1.0090391086125226,4,X_pca,mil,0.5,42
erlotinib,IGR1_SKIN,0.8977431058883667,1.0046734244247963,5,X_pca,mil,0.5,42
erlotinib,IGR37_SKIN,0.953414261341095,1.0574592089103347,2,X_pca,mil,0.5,42
erlotinib,IM95_STOMACH,0.8462339043617249,0.7099708107677666,4,X_pca,mil,0.5,42
erlotinib,JHH6_LIVER,1.0701408386230469,0.8367632364185111,3,X_pca,mil,0.5,42
erlotinib,JHOC5_OVARY,0.7816890478134155,0.8018131461636774,5,X_pca,mil,0.5,42
erlotinib,KALS1_CENTRAL_NERVOUS_SYSTEM,0.8893588781356812,1.0205883623825178,2,X_pca,mil,0.5,42
erlotinib,KMRC3_KIDNEY,0.7994269132614136,0.9020437642019622,1,X_pca,mil,0.5,42
erlotinib,KNS42_CENTRAL_NERVOUS_SYSTEM,0.9486578702926636,1.0003050416707993,4,X_pca,mil,0.5,42
erlotinib,KPL1_BREAST,1.0272578001022339,0.9620604636012644,3,X_pca,mil,0.5,42
erlotinib,KPNSI9S_AUTONOMIC_GANGLIA,0.9400601387023926,0.9877781424411508,5,X_pca,mil,0.5,42
erlotinib,KYSE520_OESOPHAGUS,0.8989939093589783,0.7205982775695553,2,X_pca,mil,0.5,42
erlotinib,LI7_LIVER,0.8600107431411743,0.8347253904354816,4,X_pca,mil,0.5,42
erlotinib,LMSU_STOMACH,1.00900137424469,0.8885902818511514,2,X_pca,mil,0.5,42
erlotinib,LNCAPCLONEFGC_PROSTATE,0.8897188901901245,0.9178647010825401,2,X_pca,mil,0.5,42
erlotinib,LS1034_LARGE_INTESTINE,1.0561456680297852,0.6199840631795256,4,X_pca,mil,0.5,42
erlotinib,LS180_LARGE_INTESTINE,0.8111333250999451,0.8054954330346591,3,X_pca,mil,0.5,42
erlotinib,MCF7_BREAST,1.005828619003296,1.0266367947305,1,X_pca,mil,0.5,42
erlotinib,MDAMB361_BREAST,0.8625293970108032,0.9016158289379543,1,X_pca,mil,0.5,42
erlotinib,MFE319_ENDOMETRIUM,0.8470615148544312,0.8920003774902583,2,X_pca,mil,0.5,42
erlotinib,MKN45_STOMACH,0.9280589818954468,0.8519288160033145,1,X_pca,mil,0.5,42
erlotinib,MKN7_STOMACH,0.9375415444374084,0.9340109571005947,5,X_pca,mil,0.5,42
erlotinib,MSTO211H_PLEURA,0.7535524368286133,0.9552482551195806,1,X_pca,mil,0.5,42
erlotinib,NCIH1299_LUNG,0.9564399719238281,0.9620236499925677,2,X_pca,mil,0.5,42
erlotinib,NCIH1373_LUNG,0.9308328032493591,0.9261632118283248,3,X_pca,mil,0.5,42
erlotinib,NCIH1435_LUNG,0.8299428224563599,0.7650386793783095,3,X_pca,mil,0.5,42
erlotinib,NCIH1792_LUNG,0.9225801229476929,0.8609785378516257,4,X_pca,mil,0.5,42
erlotinib,NCIH1944_LUNG,0.6755056381225586,0.8632866324146012,2,X_pca,mil,0.5,42
erlotinib,NCIH2087_LUNG,0.9466559886932373,0.8600339100241117,5,X_pca,mil,0.5,42
erlotinib,NCIH2110_LUNG,0.8700545430183411,0.8160826014214425,1,X_pca,mil,0.5,42
erlotinib,NCIH2126_LUNG,0.9581408500671387,0.7507298524406824,4,X_pca,mil,0.5,42
erlotinib,NCIH2170_LUNG,0.8296470642089844,0.784990529569102,4,X_pca,mil,0.5,42
erlotinib,NCIH2228_LUNG,0.9437503218650818,0.774490601847542,3,X_pca,mil,0.5,42
erlotinib,NCIH226_LUNG,1.0212596654891968,0.8493295550346375,1,X_pca,mil,0.5,42
erlotinib,NCIH2444_LUNG,0.8689837455749512,0.8788928248711276,3,X_pca,mil,0.5,42
erlotinib,NCIH2452_PLEURA,0.9806432127952576,1.0034676037978063,3,X_pca,mil,0.5,42
erlotinib,NCIH292_LUNG,0.7732622027397156,0.7240879099133989,3,X_pca,mil,0.5,42
erlotinib,NCIH358_LUNG,0.590069055557251,0.9263057987250033,1,X_pca,mil,0.5,42
erlotinib,NCIH446_LUNG,0.9970192313194275,1.0132440806043392,3,X_pca,mil,0.5,42
erlotinib,NCIH460_LUNG,0.8841593265533447,0.7275897307920057,3,X_pca,mil,0.5,42
erlotinib,NCIH522_LUNG,1.0643805265426636,0.8977054271560448,2,X_pca,mil,0.5,42
erlotinib,NCIH650_LUNG,0.927263081073761,0.8781442802770552,5,X_pca,mil,0.5,42
erlotinib,NCIH747_LARGE_INTESTINE,0.6506001353263855,1.036775068938732,5,X_pca,mil,0.5,42
erlotinib,OAW28_OVARY,0.8934064507484436,0.862470923743633,5,X_pca,mil,0.5,42
erlotinib,ONCODG1_OVARY,0.7493202090263367,0.9048389278076313,2,X_pca,mil,0.5,42
erlotinib,OSRC2_KIDNEY,0.9018242359161377,0.7875717627623725,3,X_pca,mil,0.5,42
erlotinib,OUMS23_LARGE_INTESTINE,0.9114434123039246,0.9549069660846318,5,X_pca,mil,0.5,42
erlotinib,OVCAR4_OVARY,0.9459946751594543,0.7667560000301671,1,X_pca,mil,0.5,42
erlotinib,OVK18_OVARY,0.9644356966018677,0.9385756351304858,5,X_pca,mil,0.5,42
erlotinib,OVSAHO_OVARY,0.9543871283531189,0.8298284936581414,2,X_pca,mil,0.5,42
erlotinib,OVTOKO_OVARY,0.8389784097671509,0.7958040551135415,2,X_pca,mil,0.5,42
erlotinib,PANC0203_PANCREAS,1.0559749603271484,0.7527921013681314,3,X_pca,mil,0.5,42
erlotinib,PATU8988S_PANCREAS,0.7620996832847595,0.8506314285465928,2,X_pca,mil,0.5,42
erlotinib,PC3_PROSTATE,0.9939237236976624,0.9897116740074383,1,X_pca,mil,0.5,42
erlotinib,PECAPJ49_UPPER_AERODIGESTIVE_TRACT,0.7799405455589294,0.6510275727746511,1,X_pca,mil,0.5,42
erlotinib,PK45H_PANCREAS,1.1305443048477173,0.9205747913170564,4,X_pca,mil,0.5,42
erlotinib,PK59_PANCREAS,0.9944639205932617,0.9731872177672112,5,X_pca,mil,0.5,42
erlotinib,RCC10RGB_KIDNEY,0.9213240742683411,0.863352977666732,5,X_pca,mil,0.5,42
erlotinib,RCM1_LARGE_INTESTINE,0.8782681822776794,0.7474095534998924,3,X_pca,mil,0.5,42
erlotinib,RD_SOFT_TISSUE,1.0266718864440918,0.9859059256612113,1,X_pca,mil,0.5,42
erlotinib,RERFLCAD1_LUNG,1.127927541732788,1.0128229135348472,5,X_pca,mil,0.5,42
erlotinib,RERFLCAI_LUNG,0.9139118194580078,1.0771464915606797,5,X_pca,mil,0.5,42
erlotinib,RT4_URINARY_TRACT,0.9337007403373718,0.8499403410362747,5,X_pca,mil,0.5,42
erlotinib,RVH421_SKIN,0.830150842666626,0.998670704444582,4,X_pca,mil,0.5,42
erlotinib,SCC25_UPPER_AERODIGESTIVE_TRACT,0.7244674563407898,0.6646559648298739,2,X_pca,mil,0.5,42
erlotinib,SCC9_UPPER_AERODIGESTIVE_TRACT,0.8072189092636108,0.8441619684821681,2,X_pca,mil,0.5,42
erlotinib,SH10TC_STOMACH,0.8990940451622009,0.9318446494914867,5,X_pca,mil,0.5,42
erlotinib,SKES1_BONE,0.8499570488929749,1.0368123539201506,2,X_pca,mil,0.5,42
erlotinib,SKMEL2_SKIN,1.1927125453948975,0.9467516878376836,1,X_pca,mil,0.5,42
erlotinib,SKMEL30_SKIN,1.0104385614395142,0.9660198570310901,1,X_pca,mil,0.5,42
erlotinib,SKMEL5_SKIN,0.9829933643341064,0.9864671842417733,4,X_pca,mil,0.5,42
erlotinib,SKNAS_AUTONOMIC_GANGLIA,1.0081439018249512,0.9975915719977523,2,X_pca,mil,0.5,42
erlotinib,SNU1079_BILIARY_TRACT,0.5385227799415588,0.8732680825337972,1,X_pca,mil,0.5,42
erlotinib,SNU1214_UPPER_AERODIGESTIVE_TRACT,0.7014681696891785,0.6826694309711456,1,X_pca,mil,0.5,42
erlotinib,SNU308_BILIARY_TRACT,0.7263644933700562,0.8604426777109186,1,X_pca,mil,0.5,42
erlotinib,SNU423_LIVER,1.0440729856491089,1.0231573207760758,4,X_pca,mil,0.5,42
erlotinib,SNU449_LIVER,0.953109622001648,0.7457917575717817,3,X_pca,mil,0.5,42
erlotinib,SNU46_UPPER_AERODIGESTIVE_TRACT,0.899195671081543,0.9309379279108371,4,X_pca,mil,0.5,42
erlotinib,SNU738_CENTRAL_NERVOUS_SYSTEM,0.9397778511047363,0.882847924345716,1,X_pca,mil,0.5,42
erlotinib,SNU899_UPPER_AERODIGESTIVE_TRACT,0.8379518985748291,0.6290694733700121,2,X_pca,mil,0.5,42
erlotinib,SNUC4_LARGE_INTESTINE,0.8305989503860474,0.7364758006765705,5,X_pca,mil,0.5,42
erlotinib,SQ1_LUNG,0.9026238322257996,0.7863446010761902,3,X_pca,mil,0.5,42
erlotinib,SU8686_PANCREAS,0.9828678369522095,0.8155505351903962,1,X_pca,mil,0.5,42
erlotinib,SW1088_CENTRAL_NERVOUS_SYSTEM,1.0083885192871094,1.108575265854597,4,X_pca,mil,0.5,42
erlotinib,SW1271_LUNG,1.048211932182312,0.9397573268931845,1,X_pca,mil,0.5,42
erlotinib,SW1990_PANCREAS,0.8841389417648315,1.031059174467764,5,X_pca,mil,0.5,42
erlotinib,SW579_THYROID,0.9727556109428406,1.15680190385212,3,X_pca,mil,0.5,42
erlotinib,T47D_BREAST,0.9229445457458496,0.9952608406274027,1,X_pca,mil,0.5,42
erlotinib,TCCSUP_URINARY_TRACT,0.9192463755607605,0.8815733748900739,3,X_pca,mil,0.5,42
erlotinib,TE10_OESOPHAGUS,0.8801246285438538,0.7945962036581344,4,X_pca,mil,0.5,42
erlotinib,TE14_OESOPHAGUS,0.708821177482605,0.6952986119920191,1,X_pca,mil,0.5,42
erlotinib,TE1_OESOPHAGUS,0.8910790681838989,0.8749574399688869,4,X_pca,mil,0.5,42
erlotinib,TE6_OESOPHAGUS,0.8162715435028076,0.6703419979600854,2,X_pca,mil,0.5,42
erlotinib,TE9_OESOPHAGUS,0.875459611415863,0.6849404681594141,2,X_pca,mil,0.5,42
erlotinib,TM31_CENTRAL_NERVOUS_SYSTEM,0.9484850168228149,0.9715805269520859,2,X_pca,mil,0.5,42
erlotinib,TOV112D_OVARY,0.8339627385139465,0.9052423208187788,2,X_pca,mil,0.5,42
erlotinib,UACC257_SKIN,1.0504016876220703,0.9128606618697673,1,X_pca,mil,0.5,42
erlotinib,VMCUB1_URINARY_TRACT,0.7953813672065735,0.7477604367119498,4,X_pca,mil,0.5,42
erlotinib,VMRCRCZ_KIDNEY,0.8398489952087402,0.7892285371820132,2,X_pca,mil,0.5,42
erlotinib,YD38_UPPER_AERODIGESTIVE_TRACT,0.5701578259468079,0.7807779030826612,4,X_pca,mil,0.5,42
erlotinib,ZR751_BREAST,0.8760277032852173,0.9553378534934281,1,X_pca,mil,0.5,42
sorafenib,42MGBA_CENTRAL_NERVOUS_SYSTEM,0.7620083093643188,0.8587355271384522,4,X_pca,mil,0.5,42
sorafenib,8305C_THYROID,0.9253087043762207,0.8965577309167982,4,X_pca,mil,0.5,42
sorafenib,A204_SOFT_TISSUE,0.5694727897644043,0.9645590631961822,4,X_pca,mil,0.5,42
sorafenib,A2058_SKIN,0.8890812397003174,0.8884056107122071,5,X_pca,mil,0.5,42
sorafenib,A375_SKIN,1.027357578277588,0.8813344462323953,3,X_pca,mil,0.5,42
sorafenib,ACCMESO1_PLEURA,0.9610148668289185,0.8786187922513043,2,X_pca,mil,0.5,42
sorafenib,ASPC1_PANCREAS,0.8247990012168884,0.9422577769591891,4,X_pca,mil,0.5,42
sorafenib,BCPAP_THYROID,0.9238057732582092,0.9949128267012144,4,X_pca,mil,0.5,42
sorafenib,BFTC909_KIDNEY,0.9635162949562073,0.8471658882490878,5,X_pca,mil,0.5,42
sorafenib,BHY_UPPER_AERODIGESTIVE_TRACT,0.9516038298606873,1.007344650400096,3,X_pca,mil,0.5,42
sorafenib,BICR16_UPPER_AERODIGESTIVE_TRACT,0.9785931706428528,0.9092023063380763,5,X_pca,mil,0.5,42
sorafenib,BICR31_UPPER_AERODIGESTIVE_TRACT,0.9844813942909241,0.9459029027531224,3,X_pca,mil,0.5,42
sorafenib,BICR56_UPPER_AERODIGESTIVE_TRACT,1.0484936237335205,0.9728737363108882,3,X_pca,mil,0.5,42
sorafenib,BICR6_UPPER_AERODIGESTIVE_TRACT,0.9508293867111206,0.9841816150225126,5,X_pca,mil,0.5,42
sorafenib,BT474_BREAST,0.7563530802726746,0.9030471343994141,4,X_pca,mil,0.5,42
sorafenib,BT549_BREAST,0.9377016425132751,0.8139043793194276,1,X_pca,mil,0.5,42
sorafenib,CAKI2_KIDNEY,0.8227479457855225,0.9192241985592053,4,X_pca,mil,0.5,42
sorafenib,CALU6_LUNG,0.7486880421638489,0.8684053892313048,3,X_pca,mil,0.5,42
sorafenib,CAMA1_BREAST,0.8539245128631592,0.9465830027032963,3,X_pca,mil,0.5,42
sorafenib,CAS1_CENTRAL_NERVOUS_SYSTEM,1.0254175662994385,0.904265002200478,1,X_pca,mil,0.5,42
sorafenib,CCFSTTG1_CENTRAL_NERVOUS_SYSTEM,0.842994213104248,0.8942442192294733,5,X_pca,mil,0.5,42
sorafenib,COLO792_SKIN,0.7970544099807739,0.8380210023524577,2,X_pca,mil,0.5,42
sorafenib,COV434_OVARY,0.785873532295227,0.9925502606413581,4,X_pca,mil,0.5,42
sorafenib,DETROIT562_UPPER_AERODIGESTIVE_TRACT,0.9547587633132935,0.9718600540804717,2,X_pca,mil,0.5,42
sorafenib,DKMG_CENTRAL_NERVOUS_SYSTEM,0.9341744780540466,0.8845610710967511,5,X_pca,mil,0.5,42
sorafenib,EBC1_LUNG,0.8767582774162292,0.8151248590920561,3,X_pca,mil,0.5,42
sorafenib,EFE184_ENDOMETRIUM,0.9274181723594666,1.0541523778161337,4,X_pca,mil,0.5,42
sorafenib,EKVX_LUNG,0.7959703803062439,1.0456162936066928,2,X_pca,mil,0.5,42
sorafenib,FTC133_THYROID,0.8832694292068481,0.9484142703669411,3,X_pca,mil,0.5,42
sorafenib,GOS3_CENTRAL_NERVOUS_SYSTEM,0.8840194344520569,0.9534014647543743,2,X_pca,mil,0.5,42
sorafenib,HCC1428_BREAST,0.8387742042541504,1.0910729212085093,5,X_pca,mil,0.5,42
sorafenib,HCC366_LUNG,0.9401351809501648,1.00069857971503,5,X_pca,mil,0.5,42
sorafenib,HCC38_BREAST,0.86554354429245,0.9394419685006141,5,X_pca,mil,0.5,42
sorafenib,HCC56_LARGE_INTESTINE,0.8666735291481018,0.8895897160876881,3,X_pca,mil,0.5,42
sorafenib,HDQP1_BREAST,1.0866868495941162,0.9590297760441899,3,X_pca,mil,0.5,42
sorafenib,HEC151_ENDOMETRIUM,0.8457918167114258,0.9643125610351563,4,X_pca,mil,0.5,42
sorafenib,HEC251_ENDOMETRIUM,0.9381492137908936,0.9253141328553173,3,X_pca,mil,0.5,42
sorafenib,HEC6_ENDOMETRIUM,0.9477641582489014,0.8631027548209481,1,X_pca,mil,0.5,42
sorafenib,HEP3B217_LIVER,0.8732810020446777,0.8659993319188134,2,X_pca,mil,0.5,42
sorafenib,HMC18_BREAST,0.9106922149658203,0.8539929819188428,2,X_pca,mil,0.5,42
sorafenib,HOS_BONE,0.7735216021537781,0.9052496648093615,4,X_pca,mil,0.5,42
sorafenib,HS852T_SKIN,1.1187642812728882,0.8703227506743537,3,X_pca,mil,0.5,42
sorafenib,HT1080_SOFT_TISSUE,0.7839909195899963,0.8643624930418738,5,X_pca,mil,0.5,42
sorafenib,HT1197_URINARY_TRACT,0.6287790536880493,1.0310687897978603,4,X_pca,mil,0.5,42
sorafenib,HT55_LARGE_INTESTINE,0.8548980951309204,0.8124591329651422,1,X_pca,mil,0.5,42
sorafenib,HUH28_BILIARY_TRACT,0.9776293635368347,0.9309428608674797,2,X_pca,mil,0.5,42
sorafenib,HUH6_LIVER,0.7311108112335205,0.9713544801494779,4,X_pca,mil,0.5,42
sorafenib,HUPT3_PANCREAS,0.8269335031509399,0.9972748348818106,5,X_pca,mil,0.5,42
sorafenib,HUPT4_PANCREAS,0.9032252430915833,0.9663019084504673,5,X_pca,mil,0.5,42
sorafenib,IALM_LUNG,0.7974401116371155,0.8412679573578864,4,X_pca,mil,0.5,42
sorafenib,IGR1_SKIN,0.8896166086196899,0.8517650518746211,5,X_pca,mil,0.5,42
sorafenib,IGR37_SKIN,0.879531741142273,0.9928242782350919,2,X_pca,mil,0.5,42
sorafenib,IM95_STOMACH,0.8234829306602478,0.9560283857422907,4,X_pca,mil,0.5,42
sorafenib,JHH6_LIVER,0.9246944785118103,0.7387927565181139,3,X_pca,mil,0.5,42
sorafenib,JHOC5_OVARY,0.920386791229248,0.9139842349907448,5,X_pca,mil,0.5,42
sorafenib,KALS1_CENTRAL_NERVOUS_SYSTEM,0.8867756128311157,0.860371176360382,2,X_pca,mil,0.5,42
sorafenib,KMRC3_KIDNEY,0.8500622510910034,0.9061939451159263,1,X_pca,mil,0.5,42
sorafenib,KNS42_CENTRAL_NERVOUS_SYSTEM,0.7692263722419739,1.0037155210278754,4,X_pca,mil,0.5,42
sorafenib,KPL1_BREAST,0.9400314688682556,1.001030433005181,3,X_pca,mil,0.5,42
sorafenib,KPNSI9S_AUTONOMIC_GANGLIA,0.9903244972229004,0.7737435107083284,5,X_pca,mil,0.5,42
sorafenib,KYSE520_OESOPHAGUS,0.877751350402832,0.9981948140974015,2,X_pca,mil,0.5,42
sorafenib,LI7_LIVER,0.7640031576156616,0.9045685879429992,4,X_pca,mil,0.5,42
sorafenib,LMSU_STOMACH,0.7875993847846985,0.8243892218552383,2,X_pca,mil,0.5,42
sorafenib,LNCAPCLONEFGC_PROSTATE,0.7684576511383057,0.8302273126535638,2,X_pca,mil,0.5,42
sorafenib,LS1034_LARGE_INTESTINE,0.8613359928131104,1.0070187747478485,4,X_pca,mil,0.5,42
sorafenib,LS180_LARGE_INTESTINE,0.9402288794517517,0.8337944391031344,3,X_pca,mil,0.5,42
sorafenib,MCF7_BREAST,0.9517213106155396,0.9285427807094334,1,X_pca,mil,0.5,42
sorafenib,MDAMB361_BREAST,0.8062521815299988,0.7853166059211448,1,X_pca,mil,0.5,42
sorafenib,MFE319_ENDOMETRIUM,0.7475056648254395,0.8567362259195738,2,X_pca,mil,0.5,42
sorafenib,MKN45_STOMACH,0.9648969173431396,0.8741699527885954,1,X_pca,mil,0.5,42
sorafenib,MKN7_STOMACH,0.7809563279151917,0.9711721946102704,5,X_pca,mil,0.5,42
sorafenib,MSTO211H_PLEURA,0.7477384805679321,0.8834197328548239,1,X_pca,mil,0.5,42
sorafenib,NCIH1299_LUNG,0.935891330242157,0.8462680282440971,2,X_pca,mil,0.5,42
sorafenib,NCIH1373_LUNG,0.8798536062240601,0.8906598014802467,3,X_pca,mil,0.5,42
sorafenib,NCIH1435_LUNG,1.1175224781036377,0.8274878096044733,3,X_pca,mil,0.5,42
sorafenib,NCIH1792_LUNG,0.9024240374565125,0.9273050019332955,4,X_pca,mil,0.5,42
sorafenib,NCIH1944_LUNG,0.7645619511604309,0.9476663434275107,2,X_pca,mil,0.5,42
sorafenib,NCIH2087_LUNG,0.6904840469360352,0.9350372996504448,5,X_pca,mil,0.5,42
sorafenib,NCIH2110_LUNG,0.8479146957397461,0.9404362298136381,1,X_pca,mil,0.5,42
sorafenib,NCIH2126_LUNG,1.0344574451446533,0.9077326093207706,4,X_pca,mil,0.5,42
sorafenib,NCIH2170_LUNG,0.8312334418296814,0.9463660952071069,4,X_pca,mil,0.5,42
sorafenib,NCIH2228_LUNG,0.8375949263572693,0.8784156500156309,3,X_pca,mil,0.5,42
sorafenib,NCIH226_LUNG,0.8705545663833618,0.8585657941534164,1,X_pca,mil,0.5,42
sorafenib,NCIH2452_PLEURA,0.8317050337791443,0.914176826029462,3,X_pca,mil,0.5,42
sorafenib,NCIH292_LUNG,0.9365999102592468,0.9600541037572942,3,X_pca,mil,0.5,42
sorafenib,NCIH358_LUNG,0.8402299284934998,0.7817093394696712,1,X_pca,mil,0.5,42
sorafenib,NCIH446_LUNG,0.8009206056594849,0.8367102121820256,3,X_pca,mil,0.5,42
sorafenib,NCIH460_LUNG,0.9303207993507385,0.8223204312216281,3,X_pca,mil,0.5,42
sorafenib,NCIH522_LUNG,0.8639686107635498,0.7576517419746289,2,X_pca,mil,0.5,42
sorafenib,NCIH650_LUNG,0.9268368482589722,0.8958326679314195,5,X_pca,mil,0.5,42
sorafenib,NCIH747_LARGE_INTESTINE,0.8629636764526367,0.955300685763359,5,X_pca,mil,0.5,42
sorafenib,OAW28_OVARY,0.9492865204811096,1.0050078604532324,5,X_pca,mil,0.5,42
sorafenib,ONCODG1_OVARY,0.9276169538497925,1.0226437369982402,2,X_pca,mil,0.5,42
sorafenib,OSRC2_KIDNEY,0.9674766659736633,0.8972600854578472,3,X_pca,mil,0.5,42
sorafenib,OUMS23_LARGE_INTESTINE,0.9748827815055847,0.9017553296044608,5,X_pca,mil,0.5,42
sorafenib,OVCAR4_OVARY,0.9750659465789795,0.9602281227971134,1,X_pca,mil,0.5,42
sorafenib,OVK18_OVARY,0.8941791653633118,0.8198649387681083,5,X_pca,mil,0.5,42
sorafenib,OVSAHO_OVARY,0.9573771357536316,1.0018646798469948,2,X_pca,mil,0.5,42
sorafenib,OVTOKO_OVARY,0.9591962695121765,0.9326056455881402,2,X_pca,mil,0.5,42
sorafenib,PANC0203_PANCREAS,0.8843251466751099,0.8918880470421003,3,X_pca,mil,0.5,42
sorafenib,PATU8988S_PANCREAS,0.8434209823608398,0.9716617328221681,2,X_pca,mil,0.5,42
sorafenib,PC3_PROSTATE,0.8169124722480774,0.8944406410646156,1,X_pca,mil,0.5,42
sorafenib,PECAPJ49_UPPER_AERODIGESTIVE_TRACT,0.9694474935531616,0.9802562429173158,1,X_pca,mil,0.5,42
sorafenib,PK45H_PANCREAS,0.9857468008995056,0.9344381030195313,4,X_pca,mil,0.5,42
sorafenib,PK59_PANCREAS,0.9894026517868042,0.9002460974386368,5,X_pca,mil,0.5,42
sorafenib,RCC10RGB_KIDNEY,0.9638580083847046,0.9398194311002805,5,X_pca,mil,0.5,42
sorafenib,RCM1_LARGE_INTESTINE,0.9093775749206543,0.8723822203464806,3,X_pca,mil,0.5,42
sorafenib,RD_SOFT_TISSUE,0.812127411365509,0.7676464264420257,1,X_pca,mil,0.5,42
sorafenib,RERFLCAD1_LUNG,0.9769673943519592,0.824693254482599,5,X_pca,mil,0.5,42
sorafenib,RERFLCAI_LUNG,0.821485161781311,0.8561234437466293,5,X_pca,mil,0.5,42
sorafenib,RT4_URINARY_TRACT,1.0305711030960083,0.8087839697891811,5,X_pca,mil,0.5,42
sorafenib,RVH421_SKIN,0.7901917099952698,1.0747750069805768,4,X_pca,mil,0.5,42
sorafenib,SCC25_UPPER_AERODIGESTIVE_TRACT,0.887211263179779,0.8888281454354989,2,X_pca,mil,0.5,42
sorafenib,SCC9_UPPER_AERODIGESTIVE_TRACT,0.9200924634933472,0.8580487504758333,2,X_pca,mil,0.5,42
sorafenib,SH10TC_STOMACH,0.836710512638092,0.9408120183523564,5,X_pca,mil,0.5,42
sorafenib,SKES1_BONE,0.826363742351532,0.7726049495267344,2,X_pca,mil,0.5,42
sorafenib,SKMEL30_SKIN,0.8652834296226501,0.7881318084241311,1,X_pca,mil,0.5,42
sorafenib,SKMEL5_SKIN,0.8153934478759766,0.9628147561140735,4,X_pca,mil,0.5,42
sorafenib,SKNAS_AUTONOMIC_GANGLIA,0.8148652911186218,0.8188123365419101,2,X_pca,mil,0.5,42
sorafenib,SNU1079_BILIARY_TRACT,1.00655996799469,0.8501618961765341,1,X_pca,mil,0.5,42
sorafenib,SNU1214_UPPER_AERODIGESTIVE_TRACT,0.9543975591659546,1.020029271219639,1,X_pca,mil,0.5,42
sorafenib,SNU308_BILIARY_TRACT,1.012415885925293,0.9273172528185742,1,X_pca,mil,0.5,42
sorafenib,SNU423_LIVER,0.866847813129425,0.954744353046957,4,X_pca,mil,0.5,42
sorafenib,SNU449_LIVER,0.8178927302360535,0.8064385500360043,3,X_pca,mil,0.5,42
sorafenib,SNU46_UPPER_AERODIGESTIVE_TRACT,0.9638913869857788,0.982710828973075,4,X_pca,mil,0.5,42
sorafenib,SNU738_CENTRAL_NERVOUS_SYSTEM,1.02228844165802,0.9470764854652586,1,X_pca,mil,0.5,42
sorafenib,SNU899_UPPER_AERODIGESTIVE_TRACT,0.91452956199646,0.9062877311763993,2,X_pca,mil,0.5,42
sorafenib,SNUC4_LARGE_INTESTINE,0.9002644419670105,0.8639846358615786,5,X_pca,mil,0.5,42
sorafenib,SQ1_LUNG,0.7700835466384888,0.8189730050684023,3,X_pca,mil,0.5,42
sorafenib,SU8686_PANCREAS,0.8709826469421387,0.9080687223411188,1,X_pca,mil,0.5,42
sorafenib,SW1088_CENTRAL_NERVOUS_SYSTEM,0.9265447854995728,0.8857478676363826,4,X_pca,mil,0.5,42
sorafenib,SW1271_LUNG,0.8496569991111755,0.886217258805814,1,X_pca,mil,0.5,42
sorafenib,SW1990_PANCREAS,0.8949580192565918,0.9230451106248538,5,X_pca,mil,0.5,42
sorafenib,SW579_THYROID,0.5449548959732056,0.9207709788726771,3,X_pca,mil,0.5,42
sorafenib,T47D_BREAST,0.8224495649337769,0.8228791598820578,1,X_pca,mil,0.5,42
sorafenib,TCCSUP_URINARY_TRACT,0.8422660231590271,0.9144398958622655,3,X_pca,mil,0.5,42
sorafenib,TE10_OESOPHAGUS,0.9554001688957214,1.0224341480699304,4,X_pca,mil,0.5,42
sorafenib,TE14_OESOPHAGUS,0.9149248003959656,0.9567746326390199,1,X_pca,mil,0.5,42
sorafenib,TE1_OESOPHAGUS,1.0303728580474854,1.0175818965851682,4,X_pca,mil,0.5,42
sorafenib,TE9_OESOPHAGUS,0.9407044053077698,1.093376824452031,2,X_pca,mil,0.5,42
sorafenib,TM31_CENTRAL_NERVOUS_SYSTEM,0.7330820560455322,0.8429990508433046,2,X_pca,mil,0.5,42
sorafenib,TOV112D_OVARY,0.7878868579864502,0.8607635406347421,2,X_pca,mil,0.5,42
sorafenib,UACC257_SKIN,0.8443854451179504,0.7334106367502252,1,X_pca,mil,0.5,42
sorafenib,UMUC1_URINARY_TRACT,0.7282541990280151,0.981386427346825,1,X_pca,mil,0.5,42
sorafenib,VMCUB1_URINARY_TRACT,0.8223852515220642,1.0061477077306564,4,X_pca,mil,0.5,42
sorafenib,VMRCRCZ_KIDNEY,0.79443359375,0.8435696883996328,2,X_pca,mil,0.5,42
sorafenib,YD38_UPPER_AERODIGESTIVE_TRACT,0.9437626004219055,0.987837374687959,4,X_pca,mil,0.5,42
sorafenib,ZR751_BREAST,1.043095350265503,0.7897968670311097,1,X_pca,mil,0.5,42
dasatinib,42MGBA_CENTRAL_NERVOUS_SYSTEM,0.4334654211997986,0.572914370123484,4,X_pca,mil,0.5,42
dasatinib,8305C_THYROID,0.4926874339580536,0.4956077054175416,4,X_pca,mil,0.5,42
dasatinib,A204_SOFT_TISSUE,0.4259912371635437,0.7693945007324219,4,X_pca,mil,0.5,42
dasatinib,A2058_SKIN,0.9994200468063354,0.9915570567051569,5,X_pca,mil,0.5,42
dasatinib,A375_SKIN,0.8268100023269653,0.8921385065701116,3,X_pca,mil,0.5,42
dasatinib,ACCMESO1_PLEURA,0.730863094329834,0.7463291120014073,2,X_pca,mil,0.5,42
dasatinib,ASPC1_PANCREAS,0.8027234077453613,0.5791782432589038,4,X_pca,mil,0.5,42
dasatinib,BCPAP_THYROID,0.5075414776802063,0.5553550079072777,4,X_pca,mil,0.5,42
dasatinib,BFTC909_KIDNEY,0.8652351498603821,0.7421568820061344,5,X_pca,mil,0.5,42
dasatinib,BHY_UPPER_AERODIGESTIVE_TRACT,0.48131436109542847,0.5042650465307564,3,X_pca,mil,0.5,42
dasatinib,BICR16_UPPER_AERODIGESTIVE_TRACT,0.6939761638641357,0.43112181394167665,5,X_pca,mil,0.5,42
dasatinib,BICR31_UPPER_AERODIGESTIVE_TRACT,0.513609766960144,0.5201469409850336,3,X_pca,mil,0.5,42
dasatinib,BICR56_UPPER_AERODIGESTIVE_TRACT,0.35828065872192383,0.29802471804030145,3,X_pca,mil,0.5,42
dasatinib,BICR6_UPPER_AERODIGESTIVE_TRACT,0.447648286819458,0.5861632896886839,5,X_pca,mil,0.5,42
dasatinib,BT474_BREAST,0.7905335426330566,1.0544809975624085,4,X_pca,mil,0.5,42
dasatinib,BT549_BREAST,0.6169654130935669,0.6910724813552728,1,X_pca,mil,0.5,42
dasatinib,CAKI2_KIDNEY,0.544165313243866,0.4336384883244261,4,X_pca,mil,0.5,42
dasatinib,CALU6_LUNG,0.8003680109977722,0.7829238125520159,3,X_pca,mil,0.5,42
dasatinib,CAMA1_BREAST,1.0918281078338623,1.011188605192191,3,X_pca,mil,0.5,42
dasatinib,CAS1_CENTRAL_NERVOUS_SYSTEM,0.6615645289421082,0.5732082583402333,1,X_pca,mil,0.5,42
dasatinib,CCFSTTG1_CENTRAL_NERVOUS_SYSTEM,0.6407906413078308,0.5184543904492526,5,X_pca,mil,0.5,42
dasatinib,COLO792_SKIN,0.9551751613616943,0.9728996874661463,2,X_pca,mil,0.5,42
dasatinib,COV434_OVARY,0.7681589722633362,0.8428188365968791,4,X_pca,mil,0.5,42
dasatinib,DETROIT562_UPPER_AERODIGESTIVE_TRACT,0.5410073399543762,0.5769036165410024,2,X_pca,mil,0.5,42
dasatinib,DKMG_CENTRAL_NERVOUS_SYSTEM,0.5324797630310059,0.5692922024269386,5,X_pca,mil,0.5,42
dasatinib,EBC1_LUNG,0.644189715385437,0.4794795154243387,3,X_pca,mil,0.5,42
dasatinib,EFE184_ENDOMETRIUM,0.5172581672668457,0.7190226070409598,4,X_pca,mil,0.5,42
dasatinib,EFM192A_BREAST,0.8132383823394775,0.8827136089135935,5,X_pca,mil,0.5,42
dasatinib,EKVX_LUNG,0.9910260438919067,0.6266146443069798,2,X_pca,mil,0.5,42
dasatinib,FTC133_THYROID,0.8035446405410767,0.8404769101313182,3,X_pca,mil,0.5,42
dasatinib,GOS3_CENTRAL_NERVOUS_SYSTEM,0.8528508543968201,0.7180287944084687,2,X_pca,mil,0.5,42
dasatinib,HCC1428_BREAST,0.8256688714027405,0.9008285572209697,5,X_pca,mil,0.5,42
dasatinib,HCC366_LUNG,0.5510829091072083,0.6159747853727624,5,X_pca,mil,0.5,42
dasatinib,HCC38_BREAST,0.6819133758544922,0.5986601112782955,5,X_pca,mil,0.5,42
dasatinib,HCC56_LARGE_INTESTINE,0.9015623331069946,0.8644159767362807,3,X_pca,mil,0.5,42
dasatinib,HDQP1_BREAST,0.5586175918579102,0.6883802972733974,3,X_pca,mil,0.5,42
dasatinib,HEC151_ENDOMETRIUM,0.5504109263420105,0.7180464587211609,4,X_pca,mil,0.5,42
dasatinib,HEC251_ENDOMETRIUM,0.6840876340866089,0.5231312699964114,3,X_pca,mil,0.5,42
dasatinib,HEC6_ENDOMETRIUM,0.654520571231842,0.6739526737180556,1,X_pca,mil,0.5,42
dasatinib,HEP3B217_LIVER,0.9273844957351685,0.5274212234101053,2,X_pca,mil,0.5,42
dasatinib,HMC18_BREAST,0.9990564584732056,0.9060637560313879,2,X_pca,mil,0.5,42
dasatinib,HOS_BONE,0.6318181157112122,0.7149708787264668,4,X_pca,mil,0.5,42
dasatinib,HS852T_SKIN,0.5268118381500244,0.8565595834343521,3,X_pca,mil,0.5,42
dasatinib,HT1080_SOFT_TISSUE,0.6010266542434692,0.697477136355962,5,X_pca,mil,0.5,42
dasatinib,HT1197_URINARY_TRACT,0.7041679620742798,0.6305906430289552,4,X_pca,mil,0.5,42
dasatinib,HT55_LARGE_INTESTINE,0.7281989455223083,0.9231178876348016,1,X_pca,mil,0.5,42
dasatinib,HUH28_BILIARY_TRACT,0.439780056476593,0.49946684631512317,2,X_pca,mil,0.5,42
dasatinib,HUH6_LIVER,0.7917959094047546,0.8774738114261063,4,X_pca,mil,0.5,42
dasatinib,HUPT3_PANCREAS,0.4473266899585724,0.6418953242109102,5,X_pca,mil,0.5,42
dasatinib,HUPT4_PANCREAS,0.22050006687641144,0.7998422863227981,5,X_pca,mil,0.5,42
dasatinib,IALM_LUNG,0.6642125844955444,0.7287483664217943,4,X_pca,mil,0.5,42
dasatinib,IGR1_SKIN,0.9082956314086914,0.9512653834655367,5,X_pca,mil,0.5,42
dasatinib,IGR37_SKIN,0.8115305304527283,1.10850312610181,2,X_pca,mil,0.5,42
dasatinib,IM95_STOMACH,0.6393032670021057,0.6782427663738663,4,X_pca,mil,0.5,42
dasatinib,JHH6_LIVER,0.9760308265686035,0.6804945403800428,3,X_pca,mil,0.5,42
dasatinib,JHOC5_OVARY,0.5276264548301697,0.5649106381268337,5,X_pca,mil,0.5,42
dasatinib,KALS1_CENTRAL_NERVOUS_SYSTEM,0.6172302961349487,0.6159077684084574,2,X_pca,mil,0.5,42
dasatinib,KMRC3_KIDNEY,0.4987582862377167,0.7695578972904049,1,X_pca,mil,0.5,42
dasatinib,KNS42_CENTRAL_NERVOUS_SYSTEM,0.8199730515480042,0.7761122217012006,4,X_pca,mil,0.5,42
dasatinib,KPL1_BREAST,0.7372479438781738,0.9384480822777402,3,X_pca,mil,0.5,42
dasatinib,KPNSI9S_AUTONOMIC_GANGLIA,0.5606821179389954,0.7091347170892612,5,X_pca,mil,0.5,42
dasatinib,KYSE520_OESOPHAGUS,0.4756965637207031,0.4708912790559763,2,X_pca,mil,0.5,42
dasatinib,LI7_LIVER,0.5311142802238464,0.8897136291679071,4,X_pca,mil,0.5,42
dasatinib,LMSU_STOMACH,0.5103955268859863,0.4553941006753959,2,X_pca,mil,0.5,42
dasatinib,LNCAPCLONEFGC_PROSTATE,0.8158725500106812,0.9424689379773399,2,X_pca,mil,0.5,42
dasatinib,LS1034_LARGE_INTESTINE,0.8595411777496338,0.8189961985774237,4,X_pca,mil,0.5,42
dasatinib,LS180_LARGE_INTESTINE,0.6963598132133484,0.8893215420173476,3,X_pca,mil,0.5,42
dasatinib,MCF7_BREAST,0.8226410150527954,0.6594534259992879,1,X_pca,mil,0.5,42
dasatinib,MDAMB361_BREAST,0.9532812237739563,0.6865723980797662,1,X_pca,mil,0.5,42
dasatinib,MFE319_ENDOMETRIUM,0.8195475935935974,0.7291352391555047,2,X_pca,mil,0.5,42
dasatinib,MKN45_STOMACH,0.93873530626297,0.7271751458361998,1,X_pca,mil,0.5,42
dasatinib,MKN7_STOMACH,0.59619140625,0.635397872721502,5,X_pca,mil,0.5,42
dasatinib,MSTO211H_PLEURA,0.5750836133956909,0.7038656464128783,1,X_pca,mil,0.5,42
dasatinib,NCIH1299_LUNG,0.6297326683998108,0.8132848794317424,2,X_pca,mil,0.5,42
dasatinib,NCIH1373_LUNG,0.6252244710922241,0.6435045803465494,3,X_pca,mil,0.5,42
dasatinib,NCIH1435_LUNG,0.47326037287712097,0.6381127030661936,3,X_pca,mil,0.5,42
dasatinib,NCIH1792_LUNG,0.6707721948623657,0.8063442349970877,4,X_pca,mil,0.5,42
dasatinib,NCIH1944_LUNG,0.8082422018051147,0.7650266548861628,2,X_pca,mil,0.5,42
dasatinib,NCIH2087_LUNG,0.595470130443573,0.6086392714280516,5,X_pca,mil,0.5,42
dasatinib,NCIH2110_LUNG,0.7364413738250732,0.6848027285768759,1,X_pca,mil,0.5,42
dasatinib,NCIH2126_LUNG,0.8638811707496643,0.6326635174001708,4,X_pca,mil,0.5,42
dasatinib,NCIH2170_LUNG,0.7118402123451233,1.0213187030503448,4,X_pca,mil,0.5,42
dasatinib,NCIH2228_LUNG,0.6331348419189453,0.41698102705809986,3,X_pca,mil,0.5,42
dasatinib,NCIH226_LUNG,0.7791048884391785,0.5497057610369743,1,X_pca,mil,0.5,42
dasatinib,NCIH2444_LUNG,0.5421454906463623,0.45431268705597405,3,X_pca,mil,0.5,42
dasatinib,NCIH2452_PLEURA,0.5246762037277222,0.7047149778852676,3,X_pca,mil,0.5,42
dasatinib,NCIH292_LUNG,0.5705883502960205,0.6023611977626461,3,X_pca,mil,0.5,42
dasatinib,NCIH358_LUNG,0.576813817024231,0.6607653976728519,1,X_pca,mil,0.5,42
dasatinib,NCIH446_LUNG,0.6678470373153687,0.8275190369815243,3,X_pca,mil,0.5,42
dasatinib,NCIH460_LUNG,0.9236070513725281,0.9071785252154088,3,X_pca,mil,0.5,42
dasatinib,NCIH522_LUNG,0.6360405683517456,0.9498286625513663,2,X_pca,mil,0.5,42
dasatinib,NCIH650_LUNG,0.7932010889053345,0.521742978769035,5,X_pca,mil,0.5,42
dasatinib,NCIH747_LARGE_INTESTINE,0.5042724013328552,0.7732977524399758,5,X_pca,mil,0.5,42
dasatinib,OAW28_OVARY,0.5247742533683777,0.6482030632703201,5,X_pca,mil,0.5,42
dasatinib,ONCODG1_OVARY,0.5328340530395508,0.6545565832544256,2,X_pca,mil,0.5,42
dasatinib,OSRC2_KIDNEY,0.5809530019760132,0.6846998220398313,3,X_pca,mil,0.5,42
dasatinib,OUMS23_LARGE_INTESTINE,0.7905162572860718,0.7155721563602162,5,X_pca,mil,0.5,42
dasatinib,OVCAR4_OVARY,0.6255381107330322,0.4492394650361563,1,X_pca,mil,0.5,42
dasatinib,OVK18_OVARY,0.8288588523864746,0.7887833731228047,5,X_pca,mil,0.5,42
dasatinib,OVSAHO_OVARY,0.7816910743713379,0.7160715297980456,2,X_pca,mil,0.5,42
dasatinib,OVTOKO_OVARY,0.5526567101478577,0.3873416466290871,2,X_pca,mil,0.5,42
dasatinib,PANC0203_PANCREAS,0.7578325271606445,0.4396549852587018,3,X_pca,mil,0.5,42
dasatinib,PATU8988S_PANCREAS,0.6856508851051331,0.8332397528603429,2,X_pca,mil,0.5,42
dasatinib,PC3_PROSTATE,0.7604544758796692,0.5881720908294769,1,X_pca,mil,0.5,42
dasatinib,PECAPJ49_UPPER_AERODIGESTIVE_TRACT,0.3881136178970337,0.38177087312877767,1,X_pca,mil,0.5,42
dasatinib,PK45H_PANCREAS,0.7003129720687866,0.676720312600646,4,X_pca,mil,0.5,42
dasatinib,PK59_PANCREAS,0.5517120361328125,0.7930474719781985,5,X_pca,mil,0.5,42
dasatinib,RCC10RGB_KIDNEY,0.8883867859840393,0.4198135997092775,5,X_pca,mil,0.5,42
dasatinib,RCM1_LARGE_INTESTINE,0.7874229550361633,0.7923628413118422,3,X_pca,mil,0.5,42
dasatinib,RD_SOFT_TISSUE,0.6753624677658081,0.672964340768098,1,X_pca,mil,0.5,42
dasatinib,RERFLCAD1_LUNG,0.8144843578338623,0.7182404306935676,5,X_pca,mil,0.5,42
dasatinib,RERFLCAI_LUNG,0.7495109438896179,0.730423465625018,5,X_pca,mil,0.5,42
dasatinib,RT4_URINARY_TRACT,0.6999799609184265,0.9245634646910541,5,X_pca,mil,0.5,42
dasatinib,RVH421_SKIN,0.8497257828712463,0.8009597388520899,4,X_pca,mil,0.5,42
dasatinib,SCC25_UPPER_AERODIGESTIVE_TRACT,0.3265823721885681,0.38076600057377846,2,X_pca,mil,0.5,42
dasatinib,SCC9_UPPER_AERODIGESTIVE_TRACT,0.6016831398010254,0.5838667956778878,2,X_pca,mil,0.5,42
dasatinib,SH10TC_STOMACH,0.8169143199920654,0.8011182124628301,5,X_pca,mil,0.5,42
dasatinib,SKES1_BONE,0.9750837683677673,0.8166831482897748,2,X_pca,mil,0.5,42
dasatinib,SKMEL30_SKIN,0.9788858294487,0.929465278518774,1,X_pca,mil,0.5,42
dasatinib,SKMEL5_SKIN,0.9444921016693115,0.9948559232833811,4,X_pca,mil,0.5,42
dasatinib,SKNAS_AUTONOMIC_GANGLIA,0.7405744791030884,0.5917358540855677,2,X_pca,mil,0.5,42
dasatinib,SNU1079_BILIARY_TRACT,0.07737455517053604,0.6858419322804229,1,X_pca,mil,0.5,42
dasatinib,SNU1214_UPPER_AERODIGESTIVE_TRACT,0.39772874116897583,0.46281989933328427,1,X_pca,mil,0.5,42
dasatinib,SNU308_BILIARY_TRACT,0.6171565651893616,0.656690260197254,1,X_pca,mil,0.5,42
dasatinib,SNU423_LIVER,0.5482215285301208,0.5767678327436717,4,X_pca,mil,0.5,42
dasatinib,SNU449_LIVER,0.5068399906158447,0.5452200522025427,3,X_pca,mil,0.5,42
dasatinib,SNU46_UPPER_AERODIGESTIVE_TRACT,0.6070349216461182,0.6333741872745046,4,X_pca,mil,0.5,42
dasatinib,SNU738_CENTRAL_NERVOUS_SYSTEM,0.8536766767501831,0.6521793829576951,1,X_pca,mil,0.5,42
dasatinib,SNU899_UPPER_AERODIGESTIVE_TRACT,0.6754158735275269,0.3547652026256883,2,X_pca,mil,0.5,42
dasatinib,SNUC4_LARGE_INTESTINE,0.8817626237869263,0.8279381842378375,5,X_pca,mil,0.5,42
dasatinib,SQ1_LUNG,0.5959621071815491,0.41661080142029194,3,X_pca,mil,0.5,42
dasatinib,SU8686_PANCREAS,0.5122929811477661,0.5291802185337718,1,X_pca,mil,0.5,42
dasatinib,SW1088_CENTRAL_NERVOUS_SYSTEM,0.5384380221366882,0.6382908888626844,4,X_pca,mil,0.5,42
dasatinib,SW1271_LUNG,0.45770686864852905,0.7040203739767489,1,X_pca,mil,0.5,42
dasatinib,SW1990_PANCREAS,0.39563825726509094,0.6932772147538996,5,X_pca,mil,0.5,42
dasatinib,SW579_THYROID,0.3310171961784363,0.6249296247684462,3,X_pca,mil,0.5,42
dasatinib,T47D_BREAST,0.8848981857299805,0.9062257527765645,1,X_pca,mil,0.5,42
dasatinib,TCCSUP_URINARY_TRACT,0.6342606544494629,0.5677312491815302,3,X_pca,mil,0.5,42
dasatinib,TE10_OESOPHAGUS,0.602500855922699,0.5634939986276845,4,X_pca,mil,0.5,42
dasatinib,TE14_OESOPHAGUS,0.6673628687858582,0.5263537033952238,1,X_pca,mil,0.5,42
dasatinib,TE1_OESOPHAGUS,0.617663562297821,0.7174606180017434,4,X_pca,mil,0.5,42
dasatinib,TE6_OESOPHAGUS,0.5395105481147766,0.7249738777397765,2,X_pca,mil,0.5,42
dasatinib,TE9_OESOPHAGUS,0.6579656600952148,0.551457843713222,2,X_pca,mil,0.5,42
dasatinib,TM31_CENTRAL_NERVOUS_SYSTEM,0.6633169651031494,0.7513832157028133,2,X_pca,mil,0.5,42
dasatinib,TOV112D_OVARY,0.8191222548484802,0.7388539895033225,2,X_pca,mil,0.5,42
dasatinib,UACC257_SKIN,0.8085629940032959,0.9470222245699192,1,X_pca,mil,0.5,42
dasatinib,UMUC1_URINARY_TRACT,1.0552480220794678,0.5101362796604331,1,X_pca,mil,0.5,42
dasatinib,VMCUB1_URINARY_TRACT,0.5278096199035645,0.6734350894784329,4,X_pca,mil,0.5,42
dasatinib,VMRCRCZ_KIDNEY,0.5612185001373291,0.5549935528635979,2,X_pca,mil,0.5,42
dasatinib,YD38_UPPER_AERODIGESTIVE_TRACT,0.4801526963710785,0.4544030734552787,4,X_pca,mil,0.5,42
dasatinib,ZR751_BREAST,0.931337296962738,0.9487463463471545,1,X_pca,mil,0.5,42
crizotinib,42MGBA_CENTRAL_NERVOUS_SYSTEM,0.8139702081680298,0.830331359475736,4,X_pca,mil,0.5,42
crizotinib,8305C_THYROID,0.7761738300323486,0.8293204411442243,4,X_pca,mil,0.5,42
crizotinib,A204_SOFT_TISSUE,0.8393369317054749,0.8852386140823364,4,X_pca,mil,0.5,42
crizotinib,A2058_SKIN,0.7947903275489807,0.8332742965545784,5,X_pca,mil,0.5,42
crizotinib,A375_SKIN,0.78465735912323,0.8220013623293898,3,X_pca,mil,0.5,42
crizotinib,ACCMESO1_PLEURA,0.8302913904190063,0.939340164999903,2,X_pca,mil,0.5,42
crizotinib,ASPC1_PANCREAS,0.8185564279556274,0.7241168616146877,4,X_pca,mil,0.5,42
crizotinib,BCPAP_THYROID,0.7649052143096924,0.8878378754383639,4,X_pca,mil,0.5,42
crizotinib,BFTC909_KIDNEY,0.9795162081718445,0.8546340608659709,5,X_pca,mil,0.5,42
crizotinib,BHY_UPPER_AERODIGESTIVE_TRACT,0.7836951017379761,0.7466721230539782,3,X_pca,mil,0.5,42
crizotinib,BICR16_UPPER_AERODIGESTIVE_TRACT,0.7850052714347839,0.7795408429964533,5,X_pca,mil,0.5,42
crizotinib,BICR31_UPPER_AERODIGESTIVE_TRACT,0.819883406162262,0.7944720291322277,3,X_pca,mil,0.5,42
crizotinib,BICR56_UPPER_AERODIGESTIVE_TRACT,0.9423783421516418,0.7347849261613539,3,X_pca,mil,0.5,42
crizotinib,BICR6_UPPER_AERODIGESTIVE_TRACT,0.8377566933631897,0.8823402476060641,5,X_pca,mil,0.5,42
crizotinib,BT474_BREAST,0.8649948835372925,1.0665141673088074,4,X_pca,mil,0.5,42
crizotinib,BT549_BREAST,0.9203373193740845,0.830652895502578,1,X_pca,mil,0.5,42
crizotinib,CAKI2_KIDNEY,0.9734227657318115,0.8764930746966987,4,X_pca,mil,0.5,42
crizotinib,CALU6_LUNG,0.8141430020332336,0.8058046063249426,3,X_pca,mil,0.5,42
crizotinib,CAMA1_BREAST,0.8536314964294434,0.85452896602375,3,X_pca,mil,0.5,42
crizotinib,CCFSTTG1_CENTRAL_NERVOUS_SYSTEM,0.9254195690155029,0.8221933025170148,5,X_pca,mil,0.5,42
crizotinib,COLO792_SKIN,0.7007670998573303,0.85746100248006,2,X_pca,mil,0.5,42
crizotinib,COV434_OVARY,0.7016214728355408,0.9776016527956183,4,X_pca,mil,0.5,42
crizotinib,DETROIT562_UPPER_AERODIGESTIVE_TRACT,0.715034544467926,0.7931323940037218,2,X_pca,mil,0.5,42
crizotinib,DKMG_CENTRAL_NERVOUS_SYSTEM,0.7298175096511841,0.7955924327523066,5,X_pca,mil,0.5,42
crizotinib,EBC1_LUNG,0.39158496260643005,0.7742970367913605,3,X_pca,mil,0.5,42
crizotinib,EFE184_ENDOMETRIUM,0.8450548648834229,0.8505056320234786,4,X_pca,mil,0.5,42
crizotinib,EFM192A_BREAST,0.8649764657020569,0.872946644151533,5,X_pca,mil,0.5,42
crizotinib,EKVX_LUNG,0.7739625573158264,0.8865018021570493,2,X_pca,mil,0.5,42
crizotinib,FTC133_THYROID,0.9462858438491821,0.8466926570449557,3,X_pca,mil,0.5,42
crizotinib,GOS3_CENTRAL_NERVOUS_SYSTEM,0.7839654088020325,0.8849068399499224,2,X_pca,mil,0.5,42
crizotinib,HCC1428_BREAST,0.9103943109512329,0.8804005769294078,5,X_pca,mil,0.5,42
crizotinib,HCC366_LUNG,0.7986536026000977,0.7804575556575661,5,X_pca,mil,0.5,42
crizotinib,HCC38_BREAST,0.9739012718200684,0.815926550924778,5,X_pca,mil,0.5,42
crizotinib,HCC56_LARGE_INTESTINE,0.770784854888916,0.8647830895703248,3,X_pca,mil,0.5,42
crizotinib,HDQP1_BREAST,0.8876451253890991,0.7755876984447241,3,X_pca,mil,0.5,42
crizotinib,HEC151_ENDOMETRIUM,0.8343287706375122,0.8558956520557404,4,X_pca,mil,0.5,42
crizotinib,HEC251_ENDOMETRIUM,0.7653045058250427,0.8358935942159635,3,X_pca,mil,0.5,42
crizotinib,HEC6_ENDOMETRIUM,0.8107236623764038,0.7600825254961571,1,X_pca,mil,0.5,42
crizotinib,HEP3B217_LIVER,0.7867912650108337,0.8398312209016185,2,X_pca,mil,0.5,42
crizotinib,HMC18_BREAST,0.6356581449508667,0.8624842419152374,2,X_pca,mil,0.5,42
crizotinib,HOS_BONE,0.8387298583984375,0.8141096425574134,4,X_pca,mil,0.5,42
crizotinib,HS852T_SKIN,0.7291908264160156,0.7574256997049591,3,X_pca,mil,0.5,42
crizotinib,HT1080_SOFT_TISSUE,0.8266996145248413,0.7834197616045789,5,X_pca,mil,0.5,42
crizotinib,HT1197_URINARY_TRACT,0.7681593298912048,0.8368141683372291,4,X_pca,mil,0.5,42
crizotinib,HT55_LARGE_INTESTINE,0.7315347790718079,0.8646646427317253,1,X_pca,mil,0.5,42
crizotinib,HUH28_BILIARY_TRACT,0.7656625509262085,0.7783303333700989,2,X_pca,mil,0.5,42
crizotinib,HUH6_LIVER,0.7224849462509155,0.8562360379470171,4,X_pca,mil,0.5,42
crizotinib,HUPT3_PANCREAS,0.8537005186080933,0.8758968101704822,5,X_pca,mil,0.5,42
crizotinib,HUPT4_PANCREAS,0.6761891841888428,0.8045510117496762,5,X_pca,mil,0.5,42
crizotinib,IALM_LUNG,0.9222790002822876,0.8922513660436832,4,X_pca,mil,0.5,42
crizotinib,IGR1_SKIN,0.7101178765296936,0.8266788147235739,5,X_pca,mil,0.5,42
crizotinib,IGR37_SKIN,0.8298388123512268,0.8855488544238748,2,X_pca,mil,0.5,42
crizotinib,IM95_STOMACH,0.48041847348213196,0.773403657127071,4,X_pca,mil,0.5,42
crizotinib,JHH6_LIVER,0.9490818977355957,0.8247785675294191,3,X_pca,mil,0.5,42
crizotinib,JHOC5_OVARY,0.798740029335022,0.918828193894748,5,X_pca,mil,0.5,42
crizotinib,KALS1_CENTRAL_NERVOUS_SYSTEM,0.7681830525398254,0.7459475851307312,2,X_pca,mil,0.5,42
crizotinib,KMRC3_KIDNEY,0.8218774795532227,0.8344773586915464,1,X_pca,mil,0.5,42
crizotinib,KPL1_BREAST,0.7377769947052002,0.7091741248749305,3,X_pca,mil,0.5,42
crizotinib,KPNSI9S_AUTONOMIC_GANGLIA,0.6164638996124268,0.8225501817326213,5,X_pca,mil,0.5,42
crizotinib,KYSE520_OESOPHAGUS,0.886725902557373,0.8620632536271039,2,X_pca,mil,0.5,42
crizotinib,LI7_LIVER,0.7944248914718628,0.8989076842458881,4,X_pca,mil,0.5,42
crizotinib,LMSU_STOMACH,0.8106106519699097,0.7610488309579737,2,X_pca,mil,0.5,42
crizotinib,LNCAPCLONEFGC_PROSTATE,0.8331871032714844,1.000993062359418,2,X_pca,mil,0.5,42
crizotinib,LS1034_LARGE_INTESTINE,0.9201149940490723,0.8632062269400244,4,X_pca,mil,0.5,42
crizotinib,LS180_LARGE_INTESTINE,0.7338624000549316,0.8215099546717805,3,X_pca,mil,0.5,42
crizotinib,MCF7_BREAST,0.6917808055877686,0.7662429080142842,1,X_pca,mil,0.5,42
crizotinib,MDAMB361_BREAST,0.8671998977661133,0.7646442545784844,1,X_pca,mil,0.5,42
crizotinib,MFE319_ENDOMETRIUM,0.9220579266548157,0.8850048459013095,2,X_pca,mil,0.5,42
crizotinib,MKN45_STOMACH,0.7614232897758484,0.7383959303467961,1,X_pca,mil,0.5,42
crizotinib,MKN7_STOMACH,0.9172181487083435,0.8663784625918366,5,X_pca,mil,0.5,42
crizotinib,MSTO211H_PLEURA,0.6890996694564819,0.8105587911124181,1,X_pca,mil,0.5,42
crizotinib,NCIH1299_LUNG,0.8208708167076111,0.9433287079637863,2,X_pca,mil,0.5,42
crizotinib,NCIH1373_LUNG,0.7635274529457092,0.7777518659103207,3,X_pca,mil,0.5,42
crizotinib,NCIH1435_LUNG,0.6551457047462463,0.7912051847365018,3,X_pca,mil,0.5,42
crizotinib,NCIH1792_LUNG,0.762959897518158,0.7604823730013393,4,X_pca,mil,0.5,42
crizotinib,NCIH1944_LUNG,0.7629688382148743,0.9444778374427758,2,X_pca,mil,0.5,42
crizotinib,NCIH2087_LUNG,0.6425086259841919,0.7726709181315279,5,X_pca,mil,0.5,42
crizotinib,NCIH2110_LUNG,0.7911942601203918,0.7033895376788911,1,X_pca,mil,0.5,42
crizotinib,NCIH2126_LUNG,0.744774580001831,0.8633975777210612,4,X_pca,mil,0.5,42
crizotinib,NCIH2170_LUNG,0.8758640289306641,0.8610244939025019,4,X_pca,mil,0.5,42
crizotinib,NCIH2228_LUNG,0.5101353526115417,0.7397973626770831,3,X_pca,mil,0.5,42
crizotinib,NCIH226_LUNG,0.6726114153862,0.756633593427374,1,X_pca,mil,0.5,42
crizotinib,NCIH2444_LUNG,0.7086521983146667,0.7649648856010115,3,X_pca,mil,0.5,42
crizotinib,NCIH2452_PLEURA,0.7278137803077698,0.8229129257920064,3,X_pca,mil,0.5,42
crizotinib,NCIH292_LUNG,0.71616530418396,0.7628562721847928,3,X_pca,mil,0.5,42
crizotinib,NCIH358_LUNG,0.6348621845245361,0.7433952272293114,1,X_pca,mil,0.5,42
crizotinib,NCIH446_LUNG,0.6834266185760498,0.84398616272576,3,X_pca,mil,0.5,42
crizotinib,NCIH460_LUNG,0.7870017886161804,0.8024399656548722,3,X_pca,mil,0.5,42
crizotinib,NCIH522_LUNG,0.848747193813324,0.7598107434236087,2,X_pca,mil,0.5,42
crizotinib,NCIH650_LUNG,0.7383224368095398,0.8798117817987815,5,X_pca,mil,0.5,42
crizotinib,NCIH747_LARGE_INTESTINE,0.7999517321586609,0.9164366379380227,5,X_pca,mil,0.5,42
crizotinib,OAW28_OVARY,0.7563913464546204,0.759675253252065,5,X_pca,mil,0.5,42
crizotinib,ONCODG1_OVARY,0.7706544399261475,0.8545845727125804,2,X_pca,mil,0.5,42
crizotinib,OSRC2_KIDNEY,0.7447955012321472,0.9338585445805202,3,X_pca,mil,0.5,42
crizotinib,OUMS23_LARGE_INTESTINE,0.8125985264778137,0.717300982118767,5,X_pca,mil,0.5,42
crizotinib,OVCAR4_OVARY,0.8246361017227173,0.7034927966737916,1,X_pca,mil,0.5,42
crizotinib,OVK18_OVARY,0.7580012083053589,0.9624792123108767,5,X_pca,mil,0.5,42
crizotinib,OVSAHO_OVARY,0.802704930305481,0.9273778596638583,2,X_pca,mil,0.5,42
crizotinib,OVTOKO_OVARY,0.8386441469192505,0.9701576603656751,2,X_pca,mil,0.5,42
crizotinib,PANC0203_PANCREAS,0.8092637658119202,0.7721504988406487,3,X_pca,mil,0.5,42
crizotinib,PATU8988S_PANCREAS,0.7223840951919556,0.8696323897017807,2,X_pca,mil,0.5,42
crizotinib,PC3_PROSTATE,0.9259976744651794,0.7972286350628328,1,X_pca,mil,0.5,42
crizotinib,PECAPJ49_UPPER_AERODIGESTIVE_TRACT,0.7474130392074585,0.8035425779843094,1,X_pca,mil,0.5,42
crizotinib,PK45H_PANCREAS,0.8750272989273071,0.7385125138222951,4,X_pca,mil,0.5,42
crizotinib,PK59_PANCREAS,0.7208161354064941,0.794083207160577,5,X_pca,mil,0.5,42
crizotinib,RCC10RGB_KIDNEY,0.8550746440887451,0.7765718273850469,5,X_pca,mil,0.5,42
crizotinib,RCM1_LARGE_INTESTINE,0.9028158187866211,0.8886841712519526,3,X_pca,mil,0.5,42
crizotinib,RD_SOFT_TISSUE,0.7103429436683655,0.8111760979411246,1,X_pca,mil,0.5,42
crizotinib,RERFLCAD1_LUNG,0.8617494702339172,0.7635871937245499,5,X_pca,mil,0.5,42
crizotinib,RERFLCAI_LUNG,0.767627477645874,0.878327343598262,5,X_pca,mil,0.5,42
crizotinib,RT4_URINARY_TRACT,0.7829967141151428,0.6635686749557279,5,X_pca,mil,0.5,42
crizotinib,RVH421_SKIN,0.7584820985794067,0.7998476516003389,4,X_pca,mil,0.5,42
crizotinib,SCC25_UPPER_AERODIGESTIVE_TRACT,0.748374879360199,0.716039669739377,2,X_pca,mil,0.5,42
crizotinib,SCC9_UPPER_AERODIGESTIVE_TRACT,0.8461494445800781,0.7636882059197677,2,X_pca,mil,0.5,42
crizotinib,SH10TC_STOMACH,0.8429513573646545,0.8261441894066639,5,X_pca,mil,0.5,42
crizotinib,SKES1_BONE,0.6841046810150146,0.8179600140550635,2,X_pca,mil,0.5,42
crizotinib,SKMEL2_SKIN,0.9290096163749695,0.8127824636041254,1,X_pca,mil,0.5,42
crizotinib,SKMEL30_SKIN,0.8163827061653137,0.7874386303823325,1,X_pca,mil,0.5,42
crizotinib,SKMEL5_SKIN,0.8229323029518127,0.8083275994066438,4,X_pca,mil,0.5,42
crizotinib,SNU1079_BILIARY_TRACT,0.7359034419059753,0.8125791663992895,1,X_pca,mil,0.5,42
crizotinib,SNU1214_UPPER_AERODIGESTIVE_TRACT,0.7623101472854614,0.806733820983704,1,X_pca,mil,0.5,42
crizotinib,SNU308_BILIARY_TRACT,0.8218324184417725,0.7883181356369181,1,X_pca,mil,0.5,42
crizotinib,SNU423_LIVER,0.783464252948761,0.9027525816323623,4,X_pca,mil,0.5,42
crizotinib,SNU449_LIVER,0.9006894826889038,0.8638396806328009,3,X_pca,mil,0.5,42
crizotinib,SNU46_UPPER_AERODIGESTIVE_TRACT,0.7758119106292725,0.7705750321432695,4,X_pca,mil,0.5,42
crizotinib,SNU899_UPPER_AERODIGESTIVE_TRACT,0.7911052107810974,0.7603686602718859,2,X_pca,mil,0.5,42
crizotinib,SNUC4_LARGE_INTESTINE,0.901703953742981,0.806161485213539,5,X_pca,mil,0.5,42
crizotinib,SQ1_LUNG,0.9046451449394226,0.8202683762842867,3,X_pca,mil,0.5,42
crizotinib,SU8686_PANCREAS,0.7019903659820557,0.6359400941831309,1,X_pca,mil,0.5,42
crizotinib,SW1088_CENTRAL_NERVOUS_SYSTEM,0.7814385294914246,0.8573097069747746,4,X_pca,mil,0.5,42
crizotinib,SW1271_LUNG,0.649318277835846,0.7422741148782813,1,X_pca,mil,0.5,42
crizotinib,SW1990_PANCREAS,0.8054224252700806,0.8577349286902611,5,X_pca,mil,0.5,42
crizotinib,SW579_THYROID,0.7491196393966675,0.8193555924749594,3,X_pca,mil,0.5,42
crizotinib,T47D_BREAST,0.8559684753417969,0.7992635442120997,1,X_pca,mil,0.5,42
crizotinib,TCCSUP_URINARY_TRACT,0.7408864498138428,0.7891674298274366,3,X_pca,mil,0.5,42
crizotinib,TE10_OESOPHAGUS,0.7655495405197144,0.7811875607325062,4,X_pca,mil,0.5,42
crizotinib,TE14_OESOPHAGUS,0.796092689037323,0.79719106419177,1,X_pca,mil,0.5,42
crizotinib,TE1_OESOPHAGUS,0.7848196029663086,0.8757785208595609,4,X_pca,mil,0.5,42
crizotinib,TE6_OESOPHAGUS,0.7126893401145935,0.8616110777681839,2,X_pca,mil,0.5,42
crizotinib,TE9_OESOPHAGUS,0.7622002363204956,0.8747404921920069,2,X_pca,mil,0.5,42
crizotinib,TM31_CENTRAL_NERVOUS_SYSTEM,0.8138183355331421,0.8498879352520252,2,X_pca,mil,0.5,42
crizotinib,TOV112D_OVARY,0.8564976453781128,0.7895560073546875,2,X_pca,mil,0.5,42
crizotinib,UACC257_SKIN,0.7934483289718628,0.8130622466238971,1,X_pca,mil,0.5,42
crizotinib,UMUC1_URINARY_TRACT,0.6938395500183105,0.771525268022179,1,X_pca,mil,0.5,42
crizotinib,VMCUB1_URINARY_TRACT,0.7650052905082703,0.9068176753850162,4,X_pca,mil,0.5,42
crizotinib,VMRCRCZ_KIDNEY,0.941386878490448,0.9514320629835129,2,X_pca,mil,0.5,42
crizotinib,YD38_UPPER_AERODIGESTIVE_TRACT,0.755638837814331,0.8154833844074836,4,X_pca,mil,0.5,42
crizotinib,ZR751_BREAST,0.7918342351913452,0.8024937861559847,1,X_pca,mil,0.5,42
afatinib,42MGBA_CENTRAL_NERVOUS_SYSTEM,0.7805805802345276,0.8545697440166731,4,X_pca,mil,0.5,42
afatinib,8305C_THYROID,0.6998212933540344,0.8497213064195803,4,X_pca,mil,0.5,42
afatinib,A204_SOFT_TISSUE,0.5940747857093811,0.7753435490131378,4,X_pca,mil,0.5,42
afatinib,A2058_SKIN,0.8065868616104126,0.8624155815361308,5,X_pca,mil,0.5,42
afatinib,A375_SKIN,0.8633260726928711,0.663493757857038,3,X_pca,mil,0.5,42
afatinib,ACCMESO1_PLEURA,0.8422542214393616,0.8499984789041826,2,X_pca,mil,0.5,42
afatinib,ASPC1_PANCREAS,0.7379075288772583,0.7294539650966381,4,X_pca,mil,0.5,42
afatinib,BCPAP_THYROID,0.8028123378753662,0.8065052883405435,4,X_pca,mil,0.5,42
afatinib,BFTC909_KIDNEY,0.7964379191398621,0.8408252870501818,5,X_pca,mil,0.5,42
afatinib,BHY_UPPER_AERODIGESTIVE_TRACT,0.4559202492237091,0.5197997407666568,3,X_pca,mil,0.5,42
afatinib,BICR16_UPPER_AERODIGESTIVE_TRACT,0.6293012499809265,0.5556647306624448,5,X_pca,mil,0.5,42
afatinib,BICR31_UPPER_AERODIGESTIVE_TRACT,0.4663466513156891,0.5794474120822645,3,X_pca,mil,0.5,42
afatinib,BICR56_UPPER_AERODIGESTIVE_TRACT,0.4118909239768982,0.40386767667016865,3,X_pca,mil,0.5,42
afatinib,BICR6_UPPER_AERODIGESTIVE_TRACT,0.6503934264183044,0.6665626684060464,5,X_pca,mil,0.5,42
afatinib,BT474_BREAST,0.4684928059577942,0.6045891461372376,4,X_pca,mil,0.5,42
afatinib,BT549_BREAST,0.8341000080108643,0.8303738471708799,1,X_pca,mil,0.5,42
afatinib,CAKI2_KIDNEY,0.7030969262123108,0.5993994210692618,4,X_pca,mil,0.5,42
afatinib,CALU6_LUNG,0.8139838576316833,0.700099877608839,3,X_pca,mil,0.5,42
afatinib,CAMA1_BREAST,0.9158909320831299,0.7482804414332938,3,X_pca,mil,0.5,42
afatinib,CAS1_CENTRAL_NERVOUS_SYSTEM,0.791459321975708,0.7641827934666684,1,X_pca,mil,0.5,42
afatinib,CCFSTTG1_CENTRAL_NERVOUS_SYSTEM,0.9214351773262024,0.7601300451329084,5,X_pca,mil,0.5,42
afatinib,COLO792_SKIN,0.6935831308364868,0.6636100024314824,2,X_pca,mil,0.5,42
afatinib,COV434_OVARY,0.7342209815979004,0.7473657903346148,4,X_pca,mil,0.5,42
afatinib,DETROIT562_UPPER_AERODIGESTIVE_TRACT,0.6405941247940063,0.5886144672800426,2,X_pca,mil,0.5,42
afatinib,DKMG_CENTRAL_NERVOUS_SYSTEM,0.7595983147621155,0.6688202904379236,5,X_pca,mil,0.5,42
afatinib,EBC1_LUNG,0.7244137525558472,0.641002219851299,3,X_pca,mil,0.5,42
afatinib,EFE184_ENDOMETRIUM,0.6966208815574646,0.6463744654211887,4,X_pca,mil,0.5,42
afatinib,EKVX_LUNG,0.5110589861869812,0.7365845682686323,2,X_pca,mil,0.5,42
afatinib,FTC133_THYROID,0.9659737944602966,0.7636448389717511,3,X_pca,mil,0.5,42
afatinib,GOS3_CENTRAL_NERVOUS_SYSTEM,0.7528745532035828,0.7492682688835404,2,X_pca,mil,0.5,42
afatinib,HCC1428_BREAST,0.7840307950973511,0.7634726316910091,5,X_pca,mil,0.5,42
afatinib,HCC366_LUNG,0.6473970413208008,0.6759415112509586,5,X_pca,mil,0.5,42
afatinib,HCC38_BREAST,0.8087549209594727,0.587435858398676,5,X_pca,mil,0.5,42
afatinib,HCC56_LARGE_INTESTINE,0.7090833187103271,0.6644854181342654,3,X_pca,mil,0.5,42
afatinib,HDQP1_BREAST,0.6334633827209473,0.6869701445102692,3,X_pca,mil,0.5,42
afatinib,HEC151_ENDOMETRIUM,0.6328490376472473,0.7058890982866287,4,X_pca,mil,0.5,42
afatinib,HEC251_ENDOMETRIUM,0.6270521283149719,0.5888773840721523,3,X_pca,mil,0.5,42
afatinib,HEC6_ENDOMETRIUM,0.7746643424034119,0.7314635359722635,1,X_pca,mil,0.5,42
afatinib,HEP3B217_LIVER,0.8157367706298828,0.6230467206845849,2,X_pca,mil,0.5,42
afatinib,HMC18_BREAST,0.7475526928901672,0.8098303397971208,2,X_pca,mil,0.5,42
afatinib,HOS_BONE,0.8421018123626709,0.7441547750635803,4,X_pca,mil,0.5,42
afatinib,HS852T_SKIN,0.6320256590843201,0.7540202858271422,3,X_pca,mil,0.5,42
afatinib,HT1080_SOFT_TISSUE,0.8211916089057922,0.7814204106612723,5,X_pca,mil,0.5,42
afatinib,HT1197_URINARY_TRACT,0.8161650896072388,0.7445756354042001,4,X_pca,mil,0.5,42
afatinib,HT55_LARGE_INTESTINE,0.5103926062583923,0.8139222823613063,1,X_pca,mil,0.5,42
afatinib,HUH28_BILIARY_TRACT,0.7897136211395264,0.6856008006943216,2,X_pca,mil,0.5,42
afatinib,HUPT3_PANCREAS,0.783348023891449,0.6308914124965668,5,X_pca,mil,0.5,42
afatinib,HUPT4_PANCREAS,0.4378226399421692,0.7322700098156929,5,X_pca,mil,0.5,42
afatinib,IALM_LUNG,0.7290401458740234,0.7686256316507826,4,X_pca,mil,0.5,42
afatinib,IGR1_SKIN,0.7011265158653259,0.8336252004524757,5,X_pca,mil,0.5,42
afatinib,IGR37_SKIN,0.7625454068183899,0.770918836425292,2,X_pca,mil,0.5,42
afatinib,IM95_STOMACH,0.5054170489311218,0.6587675120379474,4,X_pca,mil,0.5,42
afatinib,JHH6_LIVER,0.9654181599617004,0.7098983644860463,3,X_pca,mil,0.5,42
afatinib,JHOC5_OVARY,0.5951809287071228,0.6475127713433627,5,X_pca,mil,0.5,42
afatinib,KALS1_CENTRAL_NERVOUS_SYSTEM,0.8067023158073425,0.8066299421091875,2,X_pca,mil,0.5,42
afatinib,KMRC3_KIDNEY,0.6892002820968628,0.8411903225645727,1,X_pca,mil,0.5,42
afatinib,KNS42_CENTRAL_NERVOUS_SYSTEM,0.7642861008644104,0.8080066212041433,4,X_pca,mil,0.5,42
afatinib,KPL1_BREAST,0.8543511033058167,0.8004487485125444,3,X_pca,mil,0.5,42
afatinib,KPNSI9S_AUTONOMIC_GANGLIA,0.7285537719726562,0.7206400143083675,5,X_pca,mil,0.5,42
afatinib,KYSE520_OESOPHAGUS,0.6173625588417053,0.569090488894436,2,X_pca,mil,0.5,42
afatinib,LMSU_STOMACH,0.8196011185646057,0.6960965197460324,2,X_pca,mil,0.5,42
afatinib,LNCAPCLONEFGC_PROSTATE,0.7637406587600708,0.6681136419606764,2,X_pca,mil,0.5,42
afatinib,LS1034_LARGE_INTESTINE,0.7626612186431885,0.5726267095297983,4,X_pca,mil,0.5,42
afatinib,LS180_LARGE_INTESTINE,0.6832981109619141,0.6157361361458691,3,X_pca,mil,0.5,42
afatinib,MCF7_BREAST,0.7744331359863281,0.8365411047752087,1,X_pca,mil,0.5,42
afatinib,MDAMB361_BREAST,0.5245832800865173,0.5307850961331968,1,X_pca,mil,0.5,42
afatinib,MFE319_ENDOMETRIUM,0.7174853086471558,0.6320703649083982,2,X_pca,mil,0.5,42
afatinib,MKN45_STOMACH,1.0346405506134033,0.6457493375923674,1,X_pca,mil,0.5,42
afatinib,MKN7_STOMACH,0.6611157655715942,0.7001160404016805,5,X_pca,mil,0.5,42
afatinib,NCIH1299_LUNG,0.7286441922187805,0.7607165279794722,2,X_pca,mil,0.5,42
afatinib,NCIH1373_LUNG,0.7528212070465088,0.751717317031651,3,X_pca,mil,0.5,42
afatinib,NCIH1435_LUNG,0.4933393597602844,0.612845219029916,3,X_pca,mil,0.5,42
afatinib,NCIH1792_LUNG,0.7517090439796448,0.8183933872360367,4,X_pca,mil,0.5,42
afatinib,NCIH1944_LUNG,0.679461658000946,0.8024965634092617,2,X_pca,mil,0.5,42
afatinib,NCIH2087_LUNG,0.6109737753868103,0.5135303436348971,5,X_pca,mil,0.5,42
afatinib,NCIH2110_LUNG,0.6842941641807556,0.5699424681352011,1,X_pca,mil,0.5,42
afatinib,NCIH2126_LUNG,0.6765623688697815,0.5214657881720499,4,X_pca,mil,0.5,42
afatinib,NCIH2170_LUNG,0.4427151679992676,0.6744808674278394,4,X_pca,mil,0.5,42
afatinib,NCIH2228_LUNG,0.7076731324195862,0.6546834090912375,3,X_pca,mil,0.5,42
afatinib,NCIH2444_LUNG,0.8108291625976562,0.6647526404274164,3,X_pca,mil,0.5,42
afatinib,NCIH2452_PLEURA,0.6361785531044006,0.8045511210274963,3,X_pca,mil,0.5,42
afatinib,NCIH292_LUNG,0.5946270227432251,0.652557050398258,3,X_pca,mil,0.5,42
afatinib,NCIH358_LUNG,0.4591236710548401,0.6400491936753193,1,X_pca,mil,0.5,42
afatinib,NCIH460_LUNG,0.9436857104301453,0.48740126828138974,3,X_pca,mil,0.5,42
afatinib,NCIH522_LUNG,0.6254833936691284,0.6954290356773597,2,X_pca,mil,0.5,42
afatinib,NCIH650_LUNG,0.7707546949386597,0.6754009831435566,5,X_pca,mil,0.5,42
afatinib,NCIH747_LARGE_INTESTINE,0.5129129886627197,0.7520282343029976,5,X_pca,mil,0.5,42
afatinib,OAW28_OVARY,0.6439366340637207,0.5502763268370066,5,X_pca,mil,0.5,42
afatinib,ONCODG1_OVARY,0.5372920036315918,0.6865437533016558,2,X_pca,mil,0.5,42
afatinib,OSRC2_KIDNEY,0.7482349872589111,0.6922063113205017,3,X_pca,mil,0.5,42
afatinib,OUMS23_LARGE_INTESTINE,0.8016155362129211,0.7501911041892577,5,X_pca,mil,0.5,42
afatinib,OVCAR4_OVARY,0.6153212785720825,0.6034311952312927,1,X_pca,mil,0.5,42
afatinib,OVSAHO_OVARY,0.7032063603401184,0.6673932084690631,2,X_pca,mil,0.5,42
afatinib,OVTOKO_OVARY,0.6644402742385864,0.6276720673844004,2,X_pca,mil,0.5,42
afatinib,PANC0203_PANCREAS,0.8054366111755371,0.5454914485630782,3,X_pca,mil,0.5,42
afatinib,PATU8988S_PANCREAS,0.701394259929657,0.813959826700023,2,X_pca,mil,0.5,42
afatinib,PC3_PROSTATE,0.820152997970581,0.8836072062599588,1,X_pca,mil,0.5,42
afatinib,PECAPJ49_UPPER_AERODIGESTIVE_TRACT,0.5759092569351196,0.4286541592071552,1,X_pca,mil,0.5,42
afatinib,PK45H_PANCREAS,0.7739125490188599,0.8331328766812258,4,X_pca,mil,0.5,42
afatinib,PK59_PANCREAS,0.7128807306289673,0.903422085033066,5,X_pca,mil,0.5,42
afatinib,RCC10RGB_KIDNEY,0.7773939967155457,0.6679871375212854,5,X_pca,mil,0.5,42
afatinib,RCM1_LARGE_INTESTINE,0.7846431136131287,0.6238347224425524,3,X_pca,mil,0.5,42
afatinib,RD_SOFT_TISSUE,0.6733316779136658,0.8535544264818974,1,X_pca,mil,0.5,42
afatinib,RERFLCAD1_LUNG,0.8449095487594604,0.7763500785140834,5,X_pca,mil,0.5,42
afatinib,RERFLCAI_LUNG,0.7837137579917908,0.7482118335495145,5,X_pca,mil,0.5,42
afatinib,RT4_URINARY_TRACT,0.5986748933792114,0.745294951605347,5,X_pca,mil,0.5,42
afatinib,RVH421_SKIN,0.7147262692451477,0.7143211635336217,4,X_pca,mil,0.5,42
afatinib,SCC25_UPPER_AERODIGESTIVE_TRACT,0.27695798873901367,0.5271335790444057,2,X_pca,mil,0.5,42
afatinib,SCC9_UPPER_AERODIGESTIVE_TRACT,0.5204415917396545,0.6530056907001295,2,X_pca,mil,0.5,42
afatinib,SH10TC_STOMACH,0.8171871304512024,0.9211385095560992,5,X_pca,mil,0.5,42
afatinib,SKES1_BONE,0.7776396870613098,0.8216400428132696,2,X_pca,mil,0.5,42
afatinib,SKMEL2_SKIN,0.6926764845848083,0.7023411764614824,1,X_pca,mil,0.5,42
afatinib,SKNAS_AUTONOMIC_GANGLIA,0.7450849413871765,0.6850444510974715,2,X_pca,mil,0.5,42
afatinib,SNU1079_BILIARY_TRACT,0.30016279220581055,0.6952253963849316,1,X_pca,mil,0.5,42
afatinib,SNU308_BILIARY_TRACT,0.6170322299003601,0.5721336641210191,1,X_pca,mil,0.5,42
afatinib,SNU449_LIVER,0.7562255859375,0.6328454658072046,3,X_pca,mil,0.5,42
afatinib,SNU46_UPPER_AERODIGESTIVE_TRACT,0.7070208191871643,0.7042745317695505,4,X_pca,mil,0.5,42
afatinib,SNU738_CENTRAL_NERVOUS_SYSTEM,0.8224183320999146,0.8552639229631046,1,X_pca,mil,0.5,42
afatinib,SNU899_UPPER_AERODIGESTIVE_TRACT,0.7591167092323303,0.5277417144143438,2,X_pca,mil,0.5,42
afatinib,SNUC4_LARGE_INTESTINE,0.6135603785514832,0.6861332265033967,5,X_pca,mil,0.5,42
afatinib,SQ1_LUNG,0.5652294158935547,0.5758013303289894,3,X_pca,mil,0.5,42
afatinib,SW1088_CENTRAL_NERVOUS_SYSTEM,0.7634608745574951,0.869840872939676,4,X_pca,mil,0.5,42
afatinib,SW1271_LUNG,0.7113705277442932,0.772666731606359,1,X_pca,mil,0.5,42
afatinib,SW1990_PANCREAS,0.713200032711029,0.7187564091496048,5,X_pca,mil,0.5,42
afatinib,SW579_THYROID,0.7006264328956604,0.8477028064464095,3,X_pca,mil,0.5,42
afatinib,T47D_BREAST,0.7524663805961609,0.7643031178556416,1,X_pca,mil,0.5,42
afatinib,TCCSUP_URINARY_TRACT,0.7976297736167908,0.7812899356778664,3,X_pca,mil,0.5,42
afatinib,TE10_OESOPHAGUS,0.6215711236000061,0.6034361021975948,4,X_pca,mil,0.5,42
afatinib,TE14_OESOPHAGUS,0.4506191611289978,0.4768889141485158,1,X_pca,mil,0.5,42
afatinib,TE1_OESOPHAGUS,0.7135472297668457,0.742854095778419,4,X_pca,mil,0.5,42
afatinib,TE6_OESOPHAGUS,0.41391584277153015,0.5373355357919544,2,X_pca,mil,0.5,42
afatinib,TE9_OESOPHAGUS,0.7153798341751099,0.5598379277413891,2,X_pca,mil,0.5,42
afatinib,TM31_CENTRAL_NERVOUS_SYSTEM,0.7665950059890747,0.6993465218050726,2,X_pca,mil,0.5,42
afatinib,TOV112D_OVARY,0.8150071501731873,0.6565489979126514,2,X_pca,mil,0.5,42
afatinib,UACC257_SKIN,0.7827110886573792,0.8401331968886084,1,X_pca,mil,0.5,42
afatinib,UMUC1_URINARY_TRACT,0.7934571504592896,0.5416326970618388,1,X_pca,mil,0.5,42
afatinib,VMCUB1_URINARY_TRACT,0.5197843313217163,0.5855667652819446,4,X_pca,mil,0.5,42
afatinib,VMRCRCZ_KIDNEY,0.7667264938354492,0.6284143645564715,2,X_pca,mil,0.5,42
afatinib,YD38_UPPER_AERODIGESTIVE_TRACT,0.32698485255241394,0.5401680261278764,4,X_pca,mil,0.5,42
afatinib,ZR751_BREAST,0.7331831455230713,0.7179065753726898,1,X_pca,mil,0.5,42
doxorubicin,42MGBA_CENTRAL_NERVOUS_SYSTEM,0.5611410140991211,0.4168669126899086,4,X_pca,mil,0.5,43
doxorubicin,8305C_THYROID,0.5387490391731262,0.6379479982754244,4,X_pca,mil,0.5,43
doxorubicin,A204_SOFT_TISSUE,0.3751550614833832,0.5181559979915619,4,X_pca,mil,0.5,43
doxorubicin,A2058_SKIN,0.4950177073478699,0.6617777598958438,5,X_pca,mil,0.5,43
doxorubicin,A375_SKIN,0.5054274201393127,0.6470470498826412,3,X_pca,mil,0.5,43
doxorubicin,ACCMESO1_PLEURA,0.6358495950698853,0.7124553188497638,2,X_pca,mil,0.5,43
doxorubicin,ASPC1_PANCREAS,0.7291187644004822,0.7840332237810924,4,X_pca,mil,0.5,43
doxorubicin,BCPAP_THYROID,0.5380156636238098,0.6026920386050877,4,X_pca,mil,0.5,43
doxorubicin,BFTC909_KIDNEY,0.585321843624115,0.5847480705199581,5,X_pca,mil,0.5,43
doxorubicin,BHY_UPPER_AERODIGESTIVE_TRACT,0.4835294783115387,0.5476448835997746,3,X_pca,mil,0.5,43
doxorubicin,BICR16_UPPER_AERODIGESTIVE_TRACT,0.6258533000946045,0.5006390904199403,5,X_pca,mil,0.5,43
doxorubicin,BICR31_UPPER_AERODIGESTIVE_TRACT,0.5435177683830261,0.5834734030067921,3,X_pca,mil,0.5,43
doxorubicin,BICR56_UPPER_AERODIGESTIVE_TRACT,0.6303225755691528,0.39856537367090766,3,X_pca,mil,0.5,43
doxorubicin,BICR6_UPPER_AERODIGESTIVE_TRACT,0.5066924095153809,0.5561525336095503,5,X_pca,mil,0.5,43
doxorubicin,BT474_BREAST,0.7362895607948303,0.8709869318008423,4,X_pca,mil,0.5,43
doxorubicin,BT549_BREAST,0.5603541731834412,0.5540838833142044,1,X_pca,mil,0.5,43
doxorubicin,CAKI2_KIDNEY,0.8098970055580139,0.7151453750167819,4,X_pca,mil,0.5,43
doxorubicin,CALU6_LUNG,0.6933369636535645,0.6537165335675542,3,X_pca,mil,0.5,43
doxorubicin,CAMA1_BREAST,0.6567535400390625,0.6691225588936167,3,X_pca,mil,0.5,43
doxorubicin,CAS1_CENTRAL_NERVOUS_SYSTEM,0.4726645350456238,0.5113262236118317,1,X_pca,mil,0.5,43
doxorubicin,CCFSTTG1_CENTRAL_NERVOUS_SYSTEM,0.624411404132843,0.5343633891363454,5,X_pca,mil,0.5,43
doxorubicin,COLO741_SKIN,0.8535335659980774,0.4668322500849205,3,X_pca,mil,0.5,43
doxorubicin,COLO792_SKIN,0.6422173380851746,0.6540526394694494,2,X_pca,mil,0.5,43
doxorubicin,COV434_OVARY,0.3253573477268219,0.3368773504414342,4,X_pca,mil,0.5,43
doxorubicin,DETROIT562_UPPER_AERODIGESTIVE_TRACT,0.6028164625167847,0.513189237724784,2,X_pca,mil,0.5,43
doxorubicin,DKMG_CENTRAL_NERVOUS_SYSTEM,0.5278626680374146,0.4401220207504681,5,X_pca,mil,0.5,43
doxorubicin,EBC1_LUNG,0.4876810908317566,0.6152642664088998,3,X_pca,mil,0.5,43
doxorubicin,EFE184_ENDOMETRIUM,0.8111908435821533,0.677963298767112,4,X_pca,mil,0.5,43
doxorubicin,EFM192A_BREAST,0.5801385045051575,0.6243002627704952,5,X_pca,mil,0.5,43
doxorubicin,EKVX_LUNG,0.7006396651268005,0.5188628608641559,2,X_pca,mil,0.5,43
doxorubicin,FTC133_THYROID,0.54218590259552,0.6381787617291723,3,X_pca,mil,0.5,43
doxorubicin,GOS3_CENTRAL_NERVOUS_SYSTEM,0.5780242085456848,0.626769464677541,2,X_pca,mil,0.5,43
doxorubicin,HCC1428_BREAST,0.6737597584724426,0.7061406134620426,5,X_pca,mil,0.5,43
doxorubicin,HCC366_LUNG,0.6135154962539673,0.6432141472797582,5,X_pca,mil,0.5,43
doxorubicin,HCC38_BREAST,0.5100096464157104,0.6674015621840954,5,X_pca,mil,0.5,43
doxorubicin,HCC56_LARGE_INTESTINE,0.810954749584198,0.6990358688012518,3,X_pca,mil,0.5,43
doxorubicin,HDQP1_BREAST,0.7888896465301514,0.5677417069673538,3,X_pca,mil,0.5,43
doxorubicin,HEC151_ENDOMETRIUM,0.40951746702194214,0.6892076151371003,4,X_pca,mil,0.5,43
doxorubicin,HEC251_ENDOMETRIUM,0.5875652432441711,0.549006089428875,3,X_pca,mil,0.5,43
doxorubicin,HEC6_ENDOMETRIUM,0.5559057593345642,0.4133151758531606,1,X_pca,mil,0.5,43
doxorubicin,HEP3B217_LIVER,0.7229253053665161,0.6271359387595775,2,X_pca,mil,0.5,43
doxorubicin,HMC18_BREAST,0.4536672532558441,0.5348419822727047,2,X_pca,mil,0.5,43
doxorubicin,HOS_BONE,0.5812419056892395,0.5281870644472189,4,X_pca,mil,0.5,43
doxorubicin,HS852T_SKIN,0.440727174282074,0.7697581939491225,3,X_pca,mil,0.5,43
doxorubicin,HT1080_SOFT_TISSUE,0.3908422589302063,0.5217834076331568,5,X_pca,mil,0.5,43
doxorubicin,HT1197_URINARY_TRACT,0.5438651442527771,0.47774499131215586,4,X_pca,mil,0.5,43
doxorubicin,HT55_LARGE_INTESTINE,0.5889919996261597,0.949195558143453,1,X_pca,mil,0.5,43
doxorubicin,HUH28_BILIARY_TRACT,0.5371938943862915,0.6159192291523913,2,X_pca,mil,0.5,43
doxorubicin,HUH6_LIVER,0.42507052421569824,0.6371777406811009,4,X_pca,mil,0.5,43
doxorubicin,HUPT3_PANCREAS,0.6856333613395691,0.6800745679613422,5,X_pca,mil,0.5,43
doxorubicin,HUPT4_PANCREAS,0.45965781807899475,0.5701728681368488,5,X_pca,mil,0.5,43
doxorubicin,IALM_LUNG,0.8397154211997986,0.5910573799787842,4,X_pca,mil,0.5,43
doxorubicin,IGR1_SKIN,0.5318907499313354,0.5923763403399237,5,X_pca,mil,0.5,43
doxorubicin,IGR37_SKIN,0.5309170484542847,0.7401731342334912,2,X_pca,mil,0.5,43
doxorubicin,IM95_STOMACH,0.4691832363605499,0.6725460936894287,4,X_pca,mil,0.5,43
doxorubicin,JHH6_LIVER,0.8701879978179932,0.7557884124876226,3,X_pca,mil,0.5,43
doxorubicin,JHOC5_OVARY,0.5302541851997375,0.7018293187536042,5,X_pca,mil,0.5,43
doxorubicin,KALS1_CENTRAL_NERVOUS_SYSTEM,0.4983648359775543,0.5970472598241435,2,X_pca,mil,0.5,43
doxorubicin,KMRC3_KIDNEY,0.5798169374465942,0.8745104877316222,1,X_pca,mil,0.5,43
doxorubicin,KNS42_CENTRAL_NERVOUS_SYSTEM,0.6755160689353943,0.515077446955581,4,X_pca,mil,0.5,43
doxorubicin,KPL1_BREAST,0.8693845272064209,0.6344003133151842,3,X_pca,mil,0.5,43
doxorubicin,KPNSI9S_AUTONOMIC_GANGLIA,0.2994575798511505,0.4870509265005126,5,X_pca,mil,0.5,43
doxorubicin,KYSE520_OESOPHAGUS,0.6951316595077515,0.5982557037851021,2,X_pca,mil,0.5,43
doxorubicin,LI7_LIVER,0.6539109349250793,0.5843089531574931,4,X_pca,mil,0.5,43
doxorubicin,LMSU_STOMACH,0.6874845623970032,0.4340075395855249,2,X_pca,mil,0.5,43
doxorubicin,LNCAPCLONEFGC_PROSTATE,0.36991697549819946,0.5224567189697147,2,X_pca,mil,0.5,43
doxorubicin,LS1034_LARGE_INTESTINE,0.7185391783714294,0.6639157125394638,4,X_pca,mil,0.5,43
doxorubicin,LS180_LARGE_INTESTINE,0.5715101361274719,0.7447043629234187,3,X_pca,mil,0.5,43
doxorubicin,MCF7_BREAST,0.6808213591575623,1.0036143381278833,1,X_pca,mil,0.5,43
doxorubicin,MDAMB361_BREAST,0.735870361328125,0.774013555932928,1,X_pca,mil,0.5,43
doxorubicin,MFE319_ENDOMETRIUM,0.6568321585655212,0.5877265096959019,2,X_pca,mil,0.5,43
doxorubicin,MKN45_STOMACH,0.888956606388092,0.7570571876683477,1,X_pca,mil,0.5,43
doxorubicin,MKN7_STOMACH,0.6380749344825745,0.6477157577525737,5,X_pca,mil,0.5,43
doxorubicin,MSTO211H_PLEURA,0.3753986358642578,0.5719456985743359,1,X_pca,mil,0.5,43
doxorubicin,NCIH1299_LUNG,0.6539729833602905,0.5277526697304364,2,X_pca,mil,0.5,43
doxorubicin,NCIH1373_LUNG,0.6574230790138245,0.6570121949402298,3,X_pca,mil,0.5,43
doxorubicin,NCIH1435_LUNG,0.5236009955406189,0.5789742011032747,3,X_pca,mil,0.5,43
doxorubicin,NCIH1792_LUNG,0.7039877772331238,0.5887718796730042,4,X_pca,mil,0.5,43
doxorubicin,NCIH1944_LUNG,0.6275695562362671,0.5994680341027209,2,X_pca,mil,0.5,43
doxorubicin,NCIH2087_LUNG,0.34448179602622986,0.6489672120575491,5,X_pca,mil,0.5,43
doxorubicin,NCIH2110_LUNG,0.3811848759651184,0.6093622099364823,1,X_pca,mil,0.5,43
doxorubicin,NCIH2126_LUNG,0.5018039345741272,0.36144643739768956,4,X_pca,mil,0.5,43
doxorubicin,NCIH2170_LUNG,0.5922226309776306,0.5570256229437572,4,X_pca,mil,0.5,43
doxorubicin,NCIH2228_LUNG,0.44898903369903564,0.6852130954856769,3,X_pca,mil,0.5,43
doxorubicin,NCIH226_LUNG,0.4597177803516388,0.6642240913624459,1,X_pca,mil,0.5,43
doxorubicin,NCIH2444_LUNG,0.5491931438446045,0.48714053492505843,3,X_pca,mil,0.5,43
doxorubicin,NCIH2452_PLEURA,0.5596638917922974,0.5875425912079758,3,X_pca,mil,0.5,43
doxorubicin,NCIH292_LUNG,0.4165792167186737,0.5331857538838901,3,X_pca,mil,0.5,43
doxorubicin,NCIH358_LUNG,0.4872294068336487,0.6380044931457156,1,X_pca,mil,0.5,43
doxorubicin,NCIH446_LUNG,0.4856961667537689,0.4239751565821317,3,X_pca,mil,0.5,43
doxorubicin,NCIH460_LUNG,0.5580957531929016,0.4761812286351317,3,X_pca,mil,0.5,43
doxorubicin,NCIH522_LUNG,0.4944220185279846,0.4095396122966821,2,X_pca,mil,0.5,43
doxorubicin,NCIH650_LUNG,0.5603529810905457,0.6703342994420731,5,X_pca,mil,0.5,43
doxorubicin,NCIH747_LARGE_INTESTINE,0.5683852434158325,0.6995046302676201,5,X_pca,mil,0.5,43
doxorubicin,OAW28_OVARY,0.6767528653144836,0.6144613910535848,5,X_pca,mil,0.5,43
doxorubicin,ONCODG1_OVARY,0.581980288028717,0.7316920698792846,2,X_pca,mil,0.5,43
doxorubicin,OSRC2_KIDNEY,0.6995971202850342,0.8836811814043257,3,X_pca,mil,0.5,43
doxorubicin,OUMS23_LARGE_INTESTINE,0.5587512850761414,0.6164780949877802,5,X_pca,mil,0.5,43
doxorubicin,OVCAR4_OVARY,0.6055043935775757,0.7091901332877129,1,X_pca,mil,0.5,43
doxorubicin,OVK18_OVARY,0.2882801592350006,0.5091291836808237,5,X_pca,mil,0.5,43
doxorubicin,OVSAHO_OVARY,0.5728036761283875,0.6175307074832496,2,X_pca,mil,0.5,43
doxorubicin,OVTOKO_OVARY,0.7791611552238464,0.7337527490403664,2,X_pca,mil,0.5,43
doxorubicin,PANC0203_PANCREAS,0.7632962465286255,0.5883476294194285,3,X_pca,mil,0.5,43
doxorubicin,PATU8988S_PANCREAS,0.7037484049797058,0.7991098934998278,2,X_pca,mil,0.5,43
doxorubicin,PC3_PROSTATE,0.7981969118118286,0.6305203439568626,1,X_pca,mil,0.5,43
doxorubicin,PECAPJ49_UPPER_AERODIGESTIVE_TRACT,0.47215813398361206,0.6338688893483417,1,X_pca,mil,0.5,43
doxorubicin,PK45H_PANCREAS,0.8845717906951904,0.6953501356043938,4,X_pca,mil,0.5,43
doxorubicin,PK59_PANCREAS,0.5667010545730591,0.7184452013722782,5,X_pca,mil,0.5,43
doxorubicin,RCC10RGB_KIDNEY,0.8544673323631287,0.6868202714449346,5,X_pca,mil,0.5,43
doxorubicin,RCM1_LARGE_INTESTINE,0.7463620901107788,0.7157070925459266,3,X_pca,mil,0.5,43
doxorubicin,RD_SOFT_TISSUE,0.48532170057296753,0.5124239504794051,1,X_pca,mil,0.5,43
doxorubicin,RERFLCAD1_LUNG,0.8917138576507568,0.5901313335807236,5,X_pca,mil,0.5,43
doxorubicin,RERFLCAI_LUNG,0.4272306263446808,0.7140965182065652,5,X_pca,mil,0.5,43
doxorubicin,RT4_URINARY_TRACT,0.4836074411869049,0.5633726496741457,5,X_pca,mil,0.5,43
doxorubicin,RVH421_SKIN,0.5980584621429443,0.7262166499093985,4,X_pca,mil,0.5,43
doxorubicin,SCC25_UPPER_AERODIGESTIVE_TRACT,0.4167896807193756,0.504870625806014,2,X_pca,mil,0.5,43
doxorubicin,SCC9_UPPER_AERODIGESTIVE_TRACT,0.49403518438339233,0.5487173080444336,2,X_pca,mil,0.5,43
doxorubicin,SH10TC_STOMACH,0.6935459971427917,0.7687969718903218,5,X_pca,mil,0.5,43
doxorubicin,SKES1_BONE,0.25840020179748535,0.5738401245939863,2,X_pca,mil,0.5,43
doxorubicin,SKMEL2_SKIN,0.7795782685279846,0.5883011280194573,1,X_pca,mil,0.5,43
doxorubicin,SKMEL30_SKIN,0.56974858045578,0.6552256911402046,1,X_pca,mil,0.5,43
doxorubicin,SKMEL5_SKIN,0.5388690829277039,0.7962078285538388,4,X_pca,mil,0.5,43
doxorubicin,SKNAS_AUTONOMIC_GANGLIA,0.49000316858291626,0.3765046803560932,2,X_pca,mil,0.5,43
doxorubicin,SNU1079_BILIARY_TRACT,0.530148446559906,0.671409106826129,1,X_pca,mil,0.5,43
doxorubicin,SNU1214_UPPER_AERODIGESTIVE_TRACT,0.6214928030967712,0.656260795732762,1,X_pca,mil,0.5,43
doxorubicin,SNU308_BILIARY_TRACT,0.642924427986145,0.7516680388374531,1,X_pca,mil,0.5,43
doxorubicin,SNU423_LIVER,0.5606513023376465,0.5954226408645792,4,X_pca,mil,0.5,43
doxorubicin,SNU449_LIVER,0.8395319581031799,0.783421314248802,3,X_pca,mil,0.5,43
doxorubicin,SNU46_UPPER_AERODIGESTIVE_TRACT,0.696592390537262,0.5616264411453473,4,X_pca,mil,0.5,43
doxorubicin,SNU738_CENTRAL_NERVOUS_SYSTEM,0.7775015234947205,0.5054724251060184,1,X_pca,mil,0.5,43
doxorubicin,SNU899_UPPER_AERODIGESTIVE_TRACT,0.5426186919212341,0.5062858153538532,2,X_pca,mil,0.5,43
doxorubicin,SNUC4_LARGE_INTESTINE,0.787482738494873,0.5642411365498823,5,X_pca,mil,0.5,43
doxorubicin,SQ1_LUNG,0.7245655655860901,0.6398644052884158,3,X_pca,mil,0.5,43
doxorubicin,SU8686_PANCREAS,0.5021981000900269,0.6764769634095634,1,X_pca,mil,0.5,43
doxorubicin,SW1088_CENTRAL_NERVOUS_SYSTEM,0.589234471321106,0.5149310359265655,4,X_pca,mil,0.5,43
doxorubicin,SW1271_LUNG,0.48043984174728394,0.6022605515044669,1,X_pca,mil,0.5,43
doxorubicin,SW1990_PANCREAS,0.6104688048362732,0.7327877059821586,5,X_pca,mil,0.5,43
doxorubicin,SW579_THYROID,0.40079694986343384,0.666435136635732,3,X_pca,mil,0.5,43
doxorubicin,T47D_BREAST,0.712394654750824,0.741297354121014,1,X_pca,mil,0.5,43
doxorubicin,TCCSUP_URINARY_TRACT,0.54876708984375,0.6002732605873784,3,X_pca,mil,0.5,43
doxorubicin,TE10_OESOPHAGUS,0.6106919646263123,0.6442624303303897,4,X_pca,mil,0.5,43
doxorubicin,TE14_OESOPHAGUS,0.6705263257026672,0.573521883301594,1,X_pca,mil,0.5,43
doxorubicin,TE1_OESOPHAGUS,0.6324832439422607,0.5660912806837304,4,X_pca,mil,0.5,43
doxorubicin,TE6_OESOPHAGUS,0.4768960773944855,0.5459332856097802,2,X_pca,mil,0.5,43
doxorubicin,TE9_OESOPHAGUS,0.47645479440689087,0.6113616789300595,2,X_pca,mil,0.5,43
doxorubicin,TM31_CENTRAL_NERVOUS_SYSTEM,0.672069787979126,0.6527717966457893,2,X_pca,mil,0.5,43
doxorubicin,TOV112D_OVARY,0.3924221992492676,0.38182655855631215,2,X_pca,mil,0.5,43
doxorubicin,UACC257_SKIN,0.5711562633514404,0.6115332543849945,1,X_pca,mil,0.5,43
doxorubicin,VMCUB1_URINARY_TRACT,0.534176766872406,0.5442825740351338,4,X_pca,mil,0.5,43
doxorubicin,VMRCRCZ_KIDNEY,0.7579551935195923,0.7704128423333167,2,X_pca,mil,0.5,43
doxorubicin,YD38_UPPER_AERODIGESTIVE_TRACT,0.4940035343170166,0.4872588988584586,4,X_pca,mil,0.5,43
doxorubicin,ZR751_BREAST,0.5641409754753113,0.6611441007324022,1,X_pca,mil,0.5,43
platin,42MGBA_CENTRAL_NERVOUS_SYSTEM,0.9792470335960388,1.078916072845459,4,X_pca,mil,0.5,43
platin,8305C_THYROID,0.9902234673500061,1.0157976359583454,4,X_pca,mil,0.5,43
platin,A204_SOFT_TISSUE,0.9935336112976074,1.096465250492096,4,X_pca,mil,0.5,43
platin,A2058_SKIN,1.0669606924057007,1.0698737978529769,5,X_pca,mil,0.5,43
platin,A375_SKIN,0.9721842408180237,1.078502485161085,3,X_pca,mil,0.5,43
platin,ACCMESO1_PLEURA,0.9934868812561035,1.0037213254857946,2,X_pca,mil,0.5,43
platin,ASPC1_PANCREAS,0.9865953326225281,1.0306390622566486,4,X_pca,mil,0.5,43
platin,BCPAP_THYROID,0.989610493183136,1.1107874991078126,4,X_pca,mil,0.5,43
platin,BFTC909_KIDNEY,1.1041555404663086,0.9740452057138911,5,X_pca,mil,0.5,43
platin,BHY_UPPER_AERODIGESTIVE_TRACT,0.9692360758781433,0.9679599363228371,3,X_pca,mil,0.5,43
platin,BICR16_UPPER_AERODIGESTIVE_TRACT,0.8785001635551453,0.9039564967717765,5,X_pca,mil,0.5,43
platin,BICR31_UPPER_AERODIGESTIVE_TRACT,0.9795008301734924,0.98415563351685,3,X_pca,mil,0.5,43
platin,BICR56_UPPER_AERODIGESTIVE_TRACT,0.9870259761810303,1.0513136386871338,3,X_pca,mil,0.5,43
platin,BICR6_UPPER_AERODIGESTIVE_TRACT,1.0553885698318481,0.9380082538077882,5,X_pca,mil,0.5,43
platin,BT474_BREAST,1.0629768371582031,0.9509183931350708,4,X_pca,mil,0.5,43
platin,BT549_BREAST,1.0051050186157227,1.0009879550539462,1,X_pca,mil,0.5,43
platin,CAKI2_KIDNEY,1.0197046995162964,0.9412060611539608,4,X_pca,mil,0.5,43
platin,CALU6_LUNG,0.9243093729019165,0.944618494011635,3,X_pca,mil,0.5,43
platin,CAMA1_BREAST,1.002544641494751,1.0011339738606588,3,X_pca,mil,0.5,43
platin,CAS1_CENTRAL_NERVOUS_SYSTEM,0.9442310333251953,0.9729794595474587,1,X_pca,mil,0.5,43
platin,CCFSTTG1_CENTRAL_NERVOUS_SYSTEM,0.97667396068573,1.0147084637386043,5,X_pca,mil,0.5,43
platin,COLO741_SKIN,1.1626665592193604,1.0054695513835432,3,X_pca,mil,0.5,43
platin,COLO792_SKIN,0.9970811009407043,1.098219835670232,2,X_pca,mil,0.5,43
platin,COV434_OVARY,0.9776856303215027,1.0131522444161503,4,X_pca,mil,0.5,43
platin,DETROIT562_UPPER_AERODIGESTIVE_TRACT,0.9451091885566711,1.0125960199379482,2,X_pca,mil,0.5,43
platin,DKMG_CENTRAL_NERVOUS_SYSTEM,1.014595866203308,0.9723993592596581,5,X_pca,mil,0.5,43
platin,EBC1_LUNG,1.0444345474243164,0.8947054698903073,3,X_pca,mil,0.5,43
platin,EFE184_ENDOMETRIUM,0.9974330067634583,1.0648718476295471,4,X_pca,mil,0.5,43
platin,EFM192A_BREAST,0.9838091135025024,0.9797849436779996,5,X_pca,mil,0.5,43
platin,EKVX_LUNG,1.0204102993011475,1.0604851776606417,2,X_pca,mil,0.5,43
platin,FTC133_THYROID,1.0277923345565796,1.03059900530747,3,X_pca,mil,0.5,43
platin,GOS3_CENTRAL_NERVOUS_SYSTEM,1.0298997163772583,1.0198074011278402,2,X_pca,mil,0.5,43
platin,HCC1428_BREAST,1.021384596824646,0.9948805988304258,5,X_pca,mil,0.5,43
platin,HCC366_LUNG,1.0475735664367676,0.9414968891899185,5,X_pca,mil,0.5,43
platin,HCC38_BREAST,0.9923052191734314,1.0546122434735299,5,X_pca,mil,0.5,43
platin,HCC56_LARGE_INTESTINE,0.9945890307426453,0.9765060128587665,3,X_pca,mil,0.5,43
platin,HDQP1_BREAST,1.0186738967895508,0.9628639556467533,3,X_pca,mil,0.5,43
platin,HEC151_ENDOMETRIUM,0.9933803677558899,1.0067409675121308,4,X_pca,mil,0.5,43
platin,HEC251_ENDOMETRIUM,0.9321639537811279,0.9834072489604772,3,X_pca,mil,0.5,43
platin,HEC6_ENDOMETRIUM,1.0545552968978882,0.9763584111047827,1,X_pca,mil,0.5,43
platin,HEP3B217_LIVER,1.008824110031128,0.9969036079059213,2,X_pca,mil,0.5,43
platin,HMC18_BREAST,0.9648770093917847,0.9121989746142573,2,X_pca,mil,0.5,43
platin,HOS_BONE,1.0313657522201538,1.0469310741660391,4,X_pca,mil,0.5,43
platin,HS852T_SKIN,1.0592886209487915,1.028250969486472,3,X_pca,mil,0.5,43
platin,HT1080_SOFT_TISSUE,1.0155428647994995,0.9934706902781199,5,X_pca,mil,0.5,43
platin,HT1197_URINARY_TRACT,1.0305306911468506,1.0324210903129063,4,X_pca,mil,0.5,43
platin,HT55_LARGE_INTESTINE,0.9795694351196289,0.9932213411511968,1,X_pca,mil,0.5,43
platin,HUH28_BILIARY_TRACT,0.964556872844696,0.9468286980827936,2,X_pca,mil,0.5,43
platin,HUH6_LIVER,1.0990561246871948,1.017182548194242,4,X_pca,mil,0.5,43
platin,HUPT3_PANCREAS,0.9551188945770264,1.0266899229849087,5,X_pca,mil,0.5,43
platin,HUPT4_PANCREAS,1.0379315614700317,0.9003972868834224,5,X_pca,mil,0.5,43
platin,IGR1_SKIN,1.0542523860931396,1.0329808768732793,5,X_pca,mil,0.5,43
platin,IGR37_SKIN,1.0100011825561523,1.1080268599114431,2,X_pca,mil,0.5,43
platin,IM95_STOMACH,1.0478476285934448,1.0531203376280296,4,X_pca,mil,0.5,43
platin,JHH6_LIVER,1.018145203590393,1.0275362993328316,3,X_pca,mil,0.5,43
platin,JHOC5_OVARY,0.9941608309745789,1.0440348473088494,5,X_pca,mil,0.5,43
platin,KALS1_CENTRAL_NERVOUS_SYSTEM,0.9237702488899231,0.9101221110257838,2,X_pca,mil,0.5,43
platin,KMRC3_KIDNEY,0.9771931767463684,1.0305722307185738,1,X_pca,mil,0.5,43
platin,KNS42_CENTRAL_NERVOUS_SYSTEM,1.0155421495437622,1.1092091233924377,4,X_pca,mil,0.5,43
platin,KPL1_BREAST,1.0343024730682373,1.0114226557206416,3,X_pca,mil,0.5,43
platin,KPNSI9S_AUTONOMIC_GANGLIA,0.9301525950431824,0.9435267942820409,5,X_pca,mil,0.5,43
platin,KYSE520_OESOPHAGUS,1.007004976272583,1.018400530881557,2,X_pca,mil,0.5,43
platin,LI7_LIVER,0.9886579513549805,0.9930070778545068,4,X_pca,mil,0.5,43
platin,LMSU_STOMACH,0.9705260992050171,1.0533132634910882,2,X_pca,mil,0.5,43
platin,LNCAPCLONEFGC_PROSTATE,1.0294779539108276,1.0512959957122803,2,X_pca,mil,0.5,43
platin,LS1034_LARGE_INTESTINE,1.0018341541290283,0.9724723092497212,4,X_pca,mil,0.5,43
platin,LS180_LARGE_INTESTINE,0.975742518901825,0.9604615445282321,3,X_pca,mil,0.5,43
platin,MCF7_BREAST,0.9951045513153076,1.0573229118660614,1,X_pca,mil,0.5,43
platin,MDAMB361_BREAST,0.9679059386253357,1.0662891193672464,1,X_pca,mil,0.5,43
platin,MFE319_ENDOMETRIUM,1.0220245122909546,0.9861985229696902,2,X_pca,mil,0.5,43
platin,MKN45_STOMACH,0.8389068841934204,1.0086526325193501,1,X_pca,mil,0.5,43
platin,MKN7_STOMACH,1.0312459468841553,0.8896891708059829,5,X_pca,mil,0.5,43
platin,NCIH1299_LUNG,1.0491753816604614,0.992428554019678,2,X_pca,mil,0.5,43
platin,NCIH1373_LUNG,0.9896383881568909,0.8993035387702104,3,X_pca,mil,0.5,43
platin,NCIH1435_LUNG,0.9333376288414001,1.0107682351762435,3,X_pca,mil,0.5,43
platin,NCIH1792_LUNG,1.0021350383758545,0.9651470962945405,4,X_pca,mil,0.5,43
platin,NCIH1944_LUNG,0.9932892322540283,0.9623720892097639,2,X_pca,mil,0.5,43
platin,NCIH2087_LUNG,0.9394748210906982,0.9443513840845187,5,X_pca,mil,0.5,43
platin,NCIH2110_LUNG,0.9992964863777161,1.0116824202801116,1,X_pca,mil,0.5,43
platin,NCIH2126_LUNG,1.0432602167129517,1.0746456883621938,4,X_pca,mil,0.5,43
platin,NCIH2170_LUNG,1.0115456581115723,1.0149750973976834,4,X_pca,mil,0.5,43
platin,NCIH2228_LUNG,0.8260154724121094,0.8980505040945734,3,X_pca,mil,0.5,43
platin,NCIH226_LUNG,0.830636203289032,0.9612145806880708,1,X_pca,mil,0.5,43
platin,NCIH2444_LUNG,0.7672997713088989,0.8778524647785139,3,X_pca,mil,0.5,43
platin,NCIH2452_PLEURA,0.9070914387702942,0.9014366887315941,3,X_pca,mil,0.5,43
platin,NCIH292_LUNG,0.9939825534820557,0.9627089592772471,3,X_pca,mil,0.5,43
platin,NCIH358_LUNG,0.8888556361198425,1.0384018364406766,1,X_pca,mil,0.5,43
platin,NCIH446_LUNG,1.0111768245697021,1.0281745745819442,3,X_pca,mil,0.5,43
platin,NCIH460_LUNG,0.9180375933647156,0.9982072938157951,3,X_pca,mil,0.5,43
platin,NCIH522_LUNG,0.9845574498176575,0.9311582672481353,2,X_pca,mil,0.5,43
platin,NCIH650_LUNG,1.0296367406845093,0.9708208864025524,5,X_pca,mil,0.5,43
platin,OAW28_OVARY,1.0268629789352417,0.9368584033865366,5,X_pca,mil,0.5,43
platin,ONCODG1_OVARY,0.8869185447692871,1.0070784389972687,2,X_pca,mil,0.5,43
platin,OSRC2_KIDNEY,0.9602621793746948,1.1276987043638078,3,X_pca,mil,0.5,43
platin,OUMS23_LARGE_INTESTINE,1.002150058746338,1.0323581595287146,5,X_pca,mil,0.5,43
platin,OVCAR4_OVARY,0.9627922177314758,0.9229364475176107,1,X_pca,mil,0.5,43
platin,OVK18_OVARY,0.9590884447097778,1.0040978012460002,5,X_pca,mil,0.5,43
platin,OVSAHO_OVARY,0.9743474125862122,0.9846348400157979,2,X_pca,mil,0.5,43
platin,OVTOKO_OVARY,1.0049556493759155,1.0414432258697217,2,X_pca,mil,0.5,43
platin,PANC0203_PANCREAS,1.0155633687973022,0.9345123054010595,3,X_pca,mil,0.5,43
platin,PATU8988S_PANCREAS,1.0182701349258423,0.9827762246131897,2,X_pca,mil,0.5,43
platin,PC3_PROSTATE,1.0260894298553467,0.9908657613590625,1,X_pca,mil,0.5,43
platin,PECAPJ49_UPPER_AERODIGESTIVE_TRACT,1.0142818689346313,0.9535219312304317,1,X_pca,mil,0.5,43
platin,PK45H_PANCREAS,0.9461889266967773,0.9388849759453777,4,X_pca,mil,0.5,43
platin,PK59_PANCREAS,0.9478214383125305,0.9126745208926584,5,X_pca,mil,0.5,43
platin,RCC10RGB_KIDNEY,1.0726078748703003,0.9511246335864578,5,X_pca,mil,0.5,43
platin,RCM1_LARGE_INTESTINE,1.0170825719833374,0.9963294896297157,3,X_pca,mil,0.5,43
platin,RD_SOFT_TISSUE,1.0147627592086792,1.0025679007800603,1,X_pca,mil,0.5,43
platin,RERFLCAD1_LUNG,1.0816140174865723,0.9716485522902061,5,X_pca,mil,0.5,43
platin,RERFLCAI_LUNG,0.959927499294281,0.9846558473213316,5,X_pca,mil,0.5,43
platin,RT4_URINARY_TRACT,0.9692416787147522,0.9601620126445338,5,X_pca,mil,0.5,43
platin,RVH421_SKIN,1.0230464935302734,1.0031817218748595,4,X_pca,mil,0.5,43
platin,SCC25_UPPER_AERODIGESTIVE_TRACT,1.0477553606033325,0.986537846929512,2,X_pca,mil,0.5,43
platin,SCC9_UPPER_AERODIGESTIVE_TRACT,1.0085161924362183,1.0468132641440944,2,X_pca,mil,0.5,43
platin,SH10TC_STOMACH,1.0161352157592773,0.9411874320092704,5,X_pca,mil,0.5,43
platin,SKES1_BONE,1.0584386587142944,0.9819202285546523,2,X_pca,mil,0.5,43
platin,SKMEL2_SKIN,0.9334335327148438,1.1026235641776652,1,X_pca,mil,0.5,43
platin,SKMEL30_SKIN,1.0383397340774536,1.046346182694854,1,X_pca,mil,0.5,43
platin,SKMEL5_SKIN,1.0373903512954712,0.9976236292408773,4,X_pca,mil,0.5,43
platin,SKNAS_AUTONOMIC_GANGLIA,1.0376838445663452,0.9980542411846397,2,X_pca,mil,0.5,43
platin,SNU1079_BILIARY_TRACT,1.18472421169281,1.0098303899373093,1,X_pca,mil,0.5,43
platin,SNU1214_UPPER_AERODIGESTIVE_TRACT,0.996803879737854,0.9191945074720586,1,X_pca,mil,0.5,43
platin,SNU423_LIVER,1.0032963752746582,1.0073578208684921,4,X_pca,mil,0.5,43
platin,SNU449_LIVER,1.0042815208435059,1.0073537987174717,3,X_pca,mil,0.5,43
platin,SNU46_UPPER_AERODIGESTIVE_TRACT,1.053178071975708,0.9252184104111235,4,X_pca,mil,0.5,43
platin,SNU738_CENTRAL_NERVOUS_SYSTEM,1.0346550941467285,0.9452030910351031,1,X_pca,mil,0.5,43
platin,SNU899_UPPER_AERODIGESTIVE_TRACT,0.959574818611145,1.0415908019226718,2,X_pca,mil,0.5,43
platin,SNUC4_LARGE_INTESTINE,0.9983201026916504,0.9632708763412541,5,X_pca,mil,0.5,43
platin,SQ1_LUNG,1.1197351217269897,1.0357126122763176,3,X_pca,mil,0.5,43
platin,SU8686_PANCREAS,0.7819308638572693,0.8759243982594188,1,X_pca,mil,0.5,43
platin,SW1088_CENTRAL_NERVOUS_SYSTEM,1.0418158769607544,1.008078276179731,4,X_pca,mil,0.5,43
platin,SW1271_LUNG,0.8586243391036987,1.0032094509705254,1,X_pca,mil,0.5,43
platin,SW1990_PANCREAS,0.9959171414375305,0.8919942365407167,5,X_pca,mil,0.5,43
platin,SW579_THYROID,1.0330111980438232,1.00339241016845,3,X_pca,mil,0.5,43
platin,T47D_BREAST,0.9664716720581055,1.0433625182415025,1,X_pca,mil,0.5,43
platin,TCCSUP_URINARY_TRACT,0.9622014760971069,0.9430332698776752,3,X_pca,mil,0.5,43
platin,TE10_OESOPHAGUS,1.0060145854949951,0.8871678709983826,4,X_pca,mil,0.5,43
platin,TE14_OESOPHAGUS,0.8898840546607971,0.8848997847440374,1,X_pca,mil,0.5,43
platin,TE1_OESOPHAGUS,1.0246561765670776,0.9839594775033229,4,X_pca,mil,0.5,43
platin,TE6_OESOPHAGUS,0.8174415230751038,0.9911747601850063,2,X_pca,mil,0.5,43
platin,TE9_OESOPHAGUS,0.990706741809845,0.9619261084064361,2,X_pca,mil,0.5,43
platin,TM31_CENTRAL_NERVOUS_SYSTEM,1.0375616550445557,1.0751412999013374,2,X_pca,mil,0.5,43
platin,TOV112D_OVARY,1.0178531408309937,0.9864159065943497,2,X_pca,mil,0.5,43
platin,UACC257_SKIN,0.9795092344284058,1.0263483698896783,1,X_pca,mil,0.5,43
platin,UMUC1_URINARY_TRACT,0.9927111268043518,0.9354061883718229,1,X_pca,mil,0.5,43
platin,VMCUB1_URINARY_TRACT,1.0341886281967163,1.0310473213884122,4,X_pca,mil,0.5,43
platin,VMRCRCZ_KIDNEY,1.0258471965789795,1.0031659636894863,2,X_pca,mil,0.5,43
platin,YD38_UPPER_AERODIGESTIVE_TRACT,0.998884379863739,1.0924640021836147,4,X_pca,mil,0.5,43
platin,ZR751_BREAST,0.9796913862228394,1.0592348185943554,1,X_pca,mil,0.5,43
etoposide,42MGBA_CENTRAL_NERVOUS_SYSTEM,0.8331009149551392,0.863413161350033,4,X_pca,mil,0.5,43
etoposide,8305C_THYROID,0.9449881911277771,0.9099787285385049,4,X_pca,mil,0.5,43
etoposide,A204_SOFT_TISSUE,0.6566945314407349,0.9991056971549988,4,X_pca,mil,0.5,43
etoposide,A2058_SKIN,0.7570939660072327,0.955339636729688,5,X_pca,mil,0.5,43
etoposide,A375_SKIN,0.8881973028182983,0.8432675832238608,3,X_pca,mil,0.5,43
etoposide,ACCMESO1_PLEURA,1.0023478269577026,0.880794186283041,2,X_pca,mil,0.5,43
etoposide,ASPC1_PANCREAS,0.879176914691925,0.9642739651532009,4,X_pca,mil,0.5,43
etoposide,BCPAP_THYROID,0.9081188440322876,0.8865180168496934,4,X_pca,mil,0.5,43
etoposide,BFTC909_KIDNEY,0.9591362476348877,0.8315972383858975,5,X_pca,mil,0.5,43
etoposide,BHY_UPPER_AERODIGESTIVE_TRACT,0.8850126266479492,0.9268978476524353,3,X_pca,mil,0.5,43
etoposide,BICR16_UPPER_AERODIGESTIVE_TRACT,0.9224086403846741,0.9182109953659885,5,X_pca,mil,0.5,43
etoposide,BICR31_UPPER_AERODIGESTIVE_TRACT,0.7809478044509888,0.8651092434602399,3,X_pca,mil,0.5,43
etoposide,BICR56_UPPER_AERODIGESTIVE_TRACT,0.8778219223022461,0.7821334188367114,3,X_pca,mil,0.5,43
etoposide,BICR6_UPPER_AERODIGESTIVE_TRACT,0.8759380578994751,0.9093020056094323,5,X_pca,mil,0.5,43
etoposide,BT474_BREAST,1.0099736452102661,0.8708316326141358,4,X_pca,mil,0.5,43
etoposide,BT549_BREAST,0.8398808240890503,0.8640515436803488,1,X_pca,mil,0.5,43
etoposide,CAKI2_KIDNEY,0.9896016120910645,0.8741759113270602,4,X_pca,mil,0.5,43
etoposide,CALU6_LUNG,0.9807374477386475,0.8463977951874104,3,X_pca,mil,0.5,43
etoposide,CAMA1_BREAST,0.9752383828163147,0.7718394046386903,3,X_pca,mil,0.5,43
etoposide,CAS1_CENTRAL_NERVOUS_SYSTEM,0.9169378280639648,0.7510793025332286,1,X_pca,mil,0.5,43
etoposide,CCFSTTG1_CENTRAL_NERVOUS_SYSTEM,0.9626949429512024,0.7659422505677231,5,X_pca,mil,0.5,43
etoposide,COLO792_SKIN,0.9148250818252563,0.97711278019796,2,X_pca,mil,0.5,43
etoposide,COV434_OVARY,0.6470798254013062,0.9276274584911086,4,X_pca,mil,0.5,43
etoposide,DETROIT562_UPPER_AERODIGESTIVE_TRACT,0.9601549506187439,0.8299199441459282,2,X_pca,mil,0.5,43
etoposide,DKMG_CENTRAL_NERVOUS_SYSTEM,0.8593933582305908,0.7917334712299474,5,X_pca,mil,0.5,43
etoposide,EBC1_LUNG,0.835035502910614,0.9400774025788872,3,X_pca,mil,0.5,43
etoposide,EFE184_ENDOMETRIUM,1.0169838666915894,0.985984276893527,4,X_pca,mil,0.5,43
etoposide,EKVX_LUNG,0.9118933081626892,0.8592244896986713,2,X_pca,mil,0.5,43
etoposide,FTC133_THYROID,0.7460918426513672,0.9343568431479591,3,X_pca,mil,0.5,43
etoposide,GOS3_CENTRAL_NERVOUS_SYSTEM,0.8375164270401001,0.9245403674260484,2,X_pca,mil,0.5,43
etoposide,HCC1428_BREAST,0.9771108031272888,0.8645611555557552,5,X_pca,mil,0.5,43
etoposide,HCC366_LUNG,0.910918116569519,0.9219810915465402,5,X_pca,mil,0.5,43
etoposide,HCC38_BREAST,0.8091710805892944,0.8353410956263542,5,X_pca,mil,0.5,43
etoposide,HCC56_LARGE_INTESTINE,0.9495776295661926,1.0378057733930723,3,X_pca,mil,0.5,43
etoposide,HDQP1_BREAST,0.8516975045204163,0.8814618131145835,3,X_pca,mil,0.5,43
etoposide,HEC151_ENDOMETRIUM,1.0013673305511475,0.9507768149375916,4,X_pca,mil,0.5,43
etoposide,HEC251_ENDOMETRIUM,0.8941265940666199,0.9443766580563839,3,X_pca,mil,0.5,43
etoposide,HEC6_ENDOMETRIUM,0.8517888188362122,0.8611487346406309,1,X_pca,mil,0.5,43
etoposide,HEP3B217_LIVER,1.057532548904419,0.7984053012678178,2,X_pca,mil,0.5,43
etoposide,HMC18_BREAST,0.8415269255638123,0.7345631762372756,2,X_pca,mil,0.5,43
etoposide,HOS_BONE,0.7974532842636108,0.6837579856376165,4,X_pca,mil,0.5,43
etoposide,HS852T_SKIN,0.7475330829620361,0.9365355225256932,3,X_pca,mil,0.5,43
etoposide,HT1080_SOFT_TISSUE,0.6449280381202698,0.8029182782006818,5,X_pca,mil,0.5,43
etoposide,HT55_LARGE_INTESTINE,0.9650404453277588,1.0492524103530776,1,X_pca,mil,0.5,43
etoposide,HUH28_BILIARY_TRACT,1.018973469734192,0.8479320985807789,2,X_pca,mil,0.5,43
etoposide,HUH6_LIVER,0.833292543888092,1.0473786685946425,4,X_pca,mil,0.5,43
etoposide,HUPT3_PANCREAS,0.9852476119995117,0.8643986670409932,5,X_pca,mil,0.5,43
etoposide,HUPT4_PANCREAS,0.8033379912376404,0.8916575355189187,5,X_pca,mil,0.5,43
etoposide,IALM_LUNG,0.930241048336029,0.8808930156208714,4,X_pca,mil,0.5,43
etoposide,IGR1_SKIN,1.0408581495285034,0.8415615441059244,5,X_pca,mil,0.5,43
etoposide,IGR37_SKIN,0.8412778973579407,0.9737785436234488,2,X_pca,mil,0.5,43
etoposide,IM95_STOMACH,0.9270851612091064,0.9306530707591288,4,X_pca,mil,0.5,43
etoposide,JHH6_LIVER,1.0548464059829712,0.8274247258612253,3,X_pca,mil,0.5,43
etoposide,JHOC5_OVARY,0.8626714944839478,0.8832917710830426,5,X_pca,mil,0.5,43
etoposide,KALS1_CENTRAL_NERVOUS_SYSTEM,0.8603273630142212,0.7902697535852591,2,X_pca,mil,0.5,43
etoposide,KMRC3_KIDNEY,0.8813601136207581,0.981231326959571,1,X_pca,mil,0.5,43
etoposide,KNS42_CENTRAL_NERVOUS_SYSTEM,0.9034853577613831,0.9161078843266465,4,X_pca,mil,0.5,43
etoposide,KPL1_BREAST,1.0205578804016113,0.8309667427902636,3,X_pca,mil,0.5,43
etoposide,KYSE520_OESOPHAGUS,0.9646059274673462,0.9371369285480157,2,X_pca,mil,0.5,43
etoposide,LI7_LIVER,0.7534247040748596,0.8059477871473955,4,X_pca,mil,0.5,43
etoposide,LMSU_STOMACH,0.8622081279754639,0.7864206342136159,2,X_pca,mil,0.5,43
etoposide,LNCAPCLONEFGC_PROSTATE,0.7813186645507812,0.8202886955682621,2,X_pca,mil,0.5,43
etoposide,LS1034_LARGE_INTESTINE,0.9297102689743042,0.8916544995895804,4,X_pca,mil,0.5,43
etoposide,LS180_LARGE_INTESTINE,0.8861265778541565,1.0857787541735535,3,X_pca,mil,0.5,43
etoposide,MCF7_BREAST,0.8706713318824768,1.0652389476349304,1,X_pca,mil,0.5,43
etoposide,MDAMB361_BREAST,0.8954521417617798,0.9235962589581808,1,X_pca,mil,0.5,43
etoposide,MFE319_ENDOMETRIUM,0.9040636420249939,0.9117008918867061,2,X_pca,mil,0.5,43
etoposide,MKN45_STOMACH,1.0311390161514282,0.9340774639178131,1,X_pca,mil,0.5,43
etoposide,MKN7_STOMACH,0.8600762486457825,0.9549181449782941,5,X_pca,mil,0.5,43
etoposide,MSTO211H_PLEURA,0.7917598485946655,0.7766420159877752,1,X_pca,mil,0.5,43
etoposide,NCIH1299_LUNG,0.8532851934432983,0.78648189491547,2,X_pca,mil,0.5,43
etoposide,NCIH1373_LUNG,0.9630944132804871,0.9025458613546883,3,X_pca,mil,0.5,43
etoposide,NCIH1435_LUNG,0.9766814112663269,0.8875649227631672,3,X_pca,mil,0.5,43
etoposide,NCIH1792_LUNG,0.9656820297241211,0.8080398563866142,4,X_pca,mil,0.5,43
etoposide,NCIH1944_LUNG,0.6817682385444641,0.8375739738129188,2,X_pca,mil,0.5,43
etoposide,NCIH2087_LUNG,0.7589763402938843,0.9169033196963132,5,X_pca,mil,0.5,43
etoposide,NCIH2110_LUNG,0.7439486384391785,0.8981164139419345,1,X_pca,mil,0.5,43
etoposide,NCIH2126_LUNG,0.8658925294876099,0.7252605780959129,4,X_pca,mil,0.5,43
etoposide,NCIH2170_LUNG,0.8605372905731201,0.7892482016288059,4,X_pca,mil,0.5,43
etoposide,NCIH2228_LUNG,0.803703784942627,0.7758660573075837,3,X_pca,mil,0.5,43
etoposide,NCIH226_LUNG,0.8373623490333557,0.8407447723632163,1,X_pca,mil,0.5,43
etoposide,NCIH2444_LUNG,0.9262818098068237,0.9567517140243627,3,X_pca,mil,0.5,43
etoposide,NCIH2452_PLEURA,0.7958627939224243,0.7915131900057917,3,X_pca,mil,0.5,43
etoposide,NCIH292_LUNG,0.8499202728271484,0.8783810373762964,3,X_pca,mil,0.5,43
etoposide,NCIH358_LUNG,0.9151281714439392,0.9325412194288912,1,X_pca,mil,0.5,43
etoposide,NCIH446_LUNG,0.8249961733818054,0.7811729003276143,3,X_pca,mil,0.5,43
etoposide,NCIH460_LUNG,0.8671941161155701,0.6907013059374537,3,X_pca,mil,0.5,43
etoposide,NCIH522_LUNG,0.9969654083251953,0.6892368908111866,2,X_pca,mil,0.5,43
etoposide,NCIH650_LUNG,0.8764075636863708,0.7379102541951675,5,X_pca,mil,0.5,43
etoposide,NCIH747_LARGE_INTESTINE,0.8664198517799377,0.910765366256237,5,X_pca,mil,0.5,43
etoposide,OAW28_OVARY,0.9306925535202026,0.9797418583994326,5,X_pca,mil,0.5,43
etoposide,ONCODG1_OVARY,1.0017673969268799,1.0638405704939806,2,X_pca,mil,0.5,43
etoposide,OSRC2_KIDNEY,0.9677801132202148,1.002350025706821,3,X_pca,mil,0.5,43
etoposide,OUMS23_LARGE_INTESTINE,1.0090399980545044,0.9056705949462462,5,X_pca,mil,0.5,43
etoposide,OVCAR4_OVARY,1.0145936012268066,1.0213802911788752,1,X_pca,mil,0.5,43
etoposide,OVK18_OVARY,0.7846348881721497,0.7593377373191748,5,X_pca,mil,0.5,43
etoposide,OVSAHO_OVARY,0.9214667081832886,0.9637788402876665,2,X_pca,mil,0.5,43
etoposide,OVTOKO_OVARY,0.9155097007751465,1.0004292889074846,2,X_pca,mil,0.5,43
etoposide,PANC0203_PANCREAS,0.9984559416770935,0.8701850419694727,3,X_pca,mil,0.5,43
etoposide,PATU8988S_PANCREAS,0.9352052807807922,0.978037814624974,2,X_pca,mil,0.5,43
etoposide,PC3_PROSTATE,0.9446516036987305,0.9788570548655718,1,X_pca,mil,0.5,43
etoposide,PECAPJ49_UPPER_AERODIGESTIVE_TRACT,0.7879024744033813,0.963630734693886,1,X_pca,mil,0.5,43
etoposide,PK45H_PANCREAS,0.9257375001907349,0.9253419239582611,4,X_pca,mil,0.5,43
etoposide,PK59_PANCREAS,0.8377517461776733,0.9264138710909876,5,X_pca,mil,0.5,43
etoposide,RCC10RGB_KIDNEY,0.9756403565406799,0.9350884247235474,5,X_pca,mil,0.5,43
etoposide,RCM1_LARGE_INTESTINE,0.9171271920204163,0.9722679499536753,3,X_pca,mil,0.5,43
etoposide,RD_SOFT_TISSUE,0.8854100108146667,0.7576497280506339,1,X_pca,mil,0.5,43
etoposide,RERFLCAD1_LUNG,1.0706090927124023,0.819522198335624,5,X_pca,mil,0.5,43
etoposide,RERFLCAI_LUNG,0.8134436011314392,0.936245104510381,5,X_pca,mil,0.5,43
etoposide,RT4_URINARY_TRACT,0.8668930530548096,0.8575200342907096,5,X_pca,mil,0.5,43
etoposide,RVH421_SKIN,0.897118330001831,1.0235941624541662,4,X_pca,mil,0.5,43
etoposide,SCC25_UPPER_AERODIGESTIVE_TRACT,0.8446158766746521,0.7759345467212736,2,X_pca,mil,0.5,43
etoposide,SCC9_UPPER_AERODIGESTIVE_TRACT,0.8701490759849548,0.7706899030585038,2,X_pca,mil,0.5,43
etoposide,SH10TC_STOMACH,0.9672427773475647,0.9879582087878148,5,X_pca,mil,0.5,43
etoposide,SKES1_BONE,0.5934908390045166,0.8409051148446052,2,X_pca,mil,0.5,43
etoposide,SKMEL30_SKIN,1.0023661851882935,0.8962150503150464,1,X_pca,mil,0.5,43
etoposide,SKMEL5_SKIN,0.9399893879890442,0.8911557454452772,4,X_pca,mil,0.5,43
etoposide,SKNAS_AUTONOMIC_GANGLIA,0.8629070520401001,0.7335928180048951,2,X_pca,mil,0.5,43
etoposide,SNU1079_BILIARY_TRACT,0.7595831751823425,0.8608266392799273,1,X_pca,mil,0.5,43
etoposide,SNU1214_UPPER_AERODIGESTIVE_TRACT,1.0224812030792236,0.9736514221480552,1,X_pca,mil,0.5,43
etoposide,SNU308_BILIARY_TRACT,0.979265570640564,0.8711995044921307,1,X_pca,mil,0.5,43
etoposide,SNU423_LIVER,0.8940250873565674,0.9714367541502107,4,X_pca,mil,0.5,43
etoposide,SNU449_LIVER,0.9801832437515259,0.8731832789613846,3,X_pca,mil,0.5,43
etoposide,SNU46_UPPER_AERODIGESTIVE_TRACT,0.9463304877281189,0.8890458966715861,4,X_pca,mil,0.5,43
etoposide,SNU738_CENTRAL_NERVOUS_SYSTEM,0.9562158584594727,0.9266997294249824,1,X_pca,mil,0.5,43
etoposide,SNU899_UPPER_AERODIGESTIVE_TRACT,0.915181040763855,0.8489558696746826,2,X_pca,mil,0.5,43
etoposide,SNUC4_LARGE_INTESTINE,1.036194920539856,0.8434207053970729,5,X_pca,mil,0.5,43
etoposide,SQ1_LUNG,0.9289757013320923,0.9370885213383106,3,X_pca,mil,0.5,43
etoposide,SU8686_PANCREAS,0.9100701212882996,0.969885899526317,1,X_pca,mil,0.5,43
etoposide,SW1088_CENTRAL_NERVOUS_SYSTEM,0.8721161484718323,0.885015245527029,4,X_pca,mil,0.5,43
etoposide,SW1271_LUNG,0.783595085144043,0.9362209392630536,1,X_pca,mil,0.5,43
etoposide,SW1990_PANCREAS,0.9401975274085999,0.9444742393027687,5,X_pca,mil,0.5,43
etoposide,SW579_THYROID,0.75473552942276,0.9927786550214214,3,X_pca,mil,0.5,43
etoposide,T47D_BREAST,0.8190407156944275,0.9438630285845623,1,X_pca,mil,0.5,43
etoposide,TCCSUP_URINARY_TRACT,0.8695651292800903,0.8876993310036538,3,X_pca,mil,0.5,43
etoposide,TE10_OESOPHAGUS,1.0292607545852661,0.9194081651565691,4,X_pca,mil,0.5,43
etoposide,TE14_OESOPHAGUS,0.8199804425239563,0.8814842366468051,1,X_pca,mil,0.5,43
etoposide,TE1_OESOPHAGUS,0.9366662502288818,0.8789179680995571,4,X_pca,mil,0.5,43
etoposide,TE6_OESOPHAGUS,0.936692476272583,0.8821057479308002,2,X_pca,mil,0.5,43
etoposide,TE9_OESOPHAGUS,0.8555706739425659,0.9662326408490058,2,X_pca,mil,0.5,43
etoposide,TM31_CENTRAL_NERVOUS_SYSTEM,0.8893219828605652,0.8949841990553099,2,X_pca,mil,0.5,43
etoposide,TOV112D_OVARY,0.6803762316703796,0.6671156524083554,2,X_pca,mil,0.5,43
etoposide,UACC257_SKIN,0.890669047832489,0.8789737281938976,1,X_pca,mil,0.5,43
etoposide,UMUC1_URINARY_TRACT,0.7779892683029175,0.9826359364587038,1,X_pca,mil,0.5,43
etoposide,VMCUB1_URINARY_TRACT,0.7960208058357239,0.8509263783443922,4,X_pca,mil,0.5,43
etoposide,VMRCRCZ_KIDNEY,0.9554398059844971,0.9582427960634231,2,X_pca,mil,0.5,43
etoposide,YD38_UPPER_AERODIGESTIVE_TRACT,0.9334123730659485,0.8997466767636629,4,X_pca,mil,0.5,43
etoposide,ZR751_BREAST,0.8927608728408813,0.9228211375116144,1,X_pca,mil,0.5,43
paclitaxel,42MGBA_CENTRAL_NERVOUS_SYSTEM,0.5773449540138245,0.39902866116821994,4,X_pca,mil,0.5,43
paclitaxel,8305C_THYROID,0.4181595742702484,0.9099998130647705,4,X_pca,mil,0.5,43
paclitaxel,A204_SOFT_TISSUE,0.3976210951805115,0.747239217877388,4,X_pca,mil,0.5,43
paclitaxel,A2058_SKIN,0.25213122367858887,0.6382944496715961,5,X_pca,mil,0.5,43
paclitaxel,A375_SKIN,0.6486640572547913,0.5333107290742369,3,X_pca,mil,0.5,43
paclitaxel,ACCMESO1_PLEURA,0.894306480884552,0.7018654215850948,2,X_pca,mil,0.5,43
paclitaxel,ASPC1_PANCREAS,0.6668426394462585,0.7826861088645869,4,X_pca,mil,0.5,43
paclitaxel,BCPAP_THYROID,0.23143450915813446,0.85456540866902,4,X_pca,mil,0.5,43
paclitaxel,BFTC909_KIDNEY,0.5808153748512268,0.4675579126088789,5,X_pca,mil,0.5,43
paclitaxel,BHY_UPPER_AERODIGESTIVE_TRACT,0.4818921685218811,0.35756305641141434,3,X_pca,mil,0.5,43
paclitaxel,BICR16_UPPER_AERODIGESTIVE_TRACT,0.5549177527427673,0.3811159060811097,5,X_pca,mil,0.5,43
paclitaxel,BICR31_UPPER_AERODIGESTIVE_TRACT,0.5351428985595703,0.4618906160035441,3,X_pca,mil,0.5,43
paclitaxel,BICR56_UPPER_AERODIGESTIVE_TRACT,0.3730112612247467,0.27671413620313007,3,X_pca,mil,0.5,43
paclitaxel,BICR6_UPPER_AERODIGESTIVE_TRACT,0.23882922530174255,0.5611603944660066,5,X_pca,mil,0.5,43
paclitaxel,BT474_BREAST,0.5603085160255432,0.7973574903011322,4,X_pca,mil,0.5,43
paclitaxel,BT549_BREAST,0.47538626194000244,0.468503896119003,1,X_pca,mil,0.5,43
paclitaxel,CAKI2_KIDNEY,0.681865394115448,0.9131668799643894,4,X_pca,mil,0.5,43
paclitaxel,CALU6_LUNG,0.5149357914924622,0.5115327873202258,3,X_pca,mil,0.5,43
paclitaxel,CAMA1_BREAST,0.7230926156044006,0.7242908970392037,3,X_pca,mil,0.5,43
paclitaxel,CAS1_CENTRAL_NERVOUS_SYSTEM,0.6666330099105835,0.37395858854279485,1,X_pca,mil,0.5,43
paclitaxel,CCFSTTG1_CENTRAL_NERVOUS_SYSTEM,0.5479162335395813,0.5667752967617377,5,X_pca,mil,0.5,43
paclitaxel,COLO741_SKIN,0.7170583605766296,0.6339766538976536,3,X_pca,mil,0.5,43
paclitaxel,COLO792_SKIN,0.7044686079025269,0.6688088707598373,2,X_pca,mil,0.5,43
paclitaxel,COV434_OVARY,0.5393669605255127,0.333291466940533,4,X_pca,mil,0.5,43
paclitaxel,DETROIT562_UPPER_AERODIGESTIVE_TRACT,0.45106321573257446,0.4401012454296182,2,X_pca,mil,0.5,43
paclitaxel,DKMG_CENTRAL_NERVOUS_SYSTEM,0.38211169838905334,0.4613411191204817,5,X_pca,mil,0.5,43
paclitaxel,EBC1_LUNG,0.47598934173583984,0.5134886085025726,3,X_pca,mil,0.5,43
paclitaxel,EFE184_ENDOMETRIUM,0.860552966594696,0.7882529237242633,4,X_pca,mil,0.5,43
paclitaxel,EFM192A_BREAST,0.34463438391685486,0.620058568569275,5,X_pca,mil,0.5,43
paclitaxel,EKVX_LUNG,0.553428053855896,0.5620099659243675,2,X_pca,mil,0.5,43
paclitaxel,FTC133_THYROID,0.47673356533050537,0.6579465487173626,3,X_pca,mil,0.5,43
paclitaxel,GOS3_CENTRAL_NERVOUS_SYSTEM,0.6263938546180725,0.688442818313369,2,X_pca,mil,0.5,43
paclitaxel,HCC1428_BREAST,0.7681160569190979,0.7700237432333428,5,X_pca,mil,0.5,43
paclitaxel,HCC366_LUNG,0.33645835518836975,0.790667917321224,5,X_pca,mil,0.5,43
paclitaxel,HCC56_LARGE_INTESTINE,0.6874182820320129,0.7757630227792143,3,X_pca,mil,0.5,43
paclitaxel,HDQP1_BREAST,0.5503139495849609,0.5114102493971586,3,X_pca,mil,0.5,43
paclitaxel,HEC151_ENDOMETRIUM,0.26064878702163696,0.8146631593704223,4,X_pca,mil,0.5,43
paclitaxel,HEC251_ENDOMETRIUM,0.6074375510215759,0.5218515312560251,3,X_pca,mil,0.5,43
paclitaxel,HEC6_ENDOMETRIUM,0.6524566411972046,0.49556216930750735,1,X_pca,mil,0.5,43
paclitaxel,HEP3B217_LIVER,0.8749276995658875,0.5551990990416479,2,X_pca,mil,0.5,43
paclitaxel,HMC18_BREAST,0.5282045602798462,0.5950333634741071,2,X_pca,mil,0.5,43
paclitaxel,HOS_BONE,0.4383065402507782,0.42146554431092753,4,X_pca,mil,0.5,43
paclitaxel,HS852T_SKIN,0.561641275882721,0.8869566203635416,3,X_pca,mil,0.5,43
paclitaxel,HT1080_SOFT_TISSUE,0.2787070870399475,0.4643006057355755,5,X_pca,mil,0.5,43
paclitaxel,HT1197_URINARY_TRACT,0.8348632454872131,0.8587219280165594,4,X_pca,mil,0.5,43
paclitaxel,HT55_LARGE_INTESTINE,0.7321103811264038,0.8249309527648003,1,X_pca,mil,0.5,43
paclitaxel,HUH28_BILIARY_TRACT,0.8871231079101562,0.4478670935407817,2,X_pca,mil,0.5,43
paclitaxel,HUH6_LIVER,0.6696184277534485,0.8592902252659995,4,X_pca,mil,0.5,43
paclitaxel,HUPT3_PANCREAS,0.6675722002983093,0.6514018870451871,5,X_pca,mil,0.5,43
paclitaxel,HUPT4_PANCREAS,0.4872957468032837,0.541450730391911,5,X_pca,mil,0.5,43
paclitaxel,IALM_LUNG,0.9551768898963928,0.5677365464453371,4,X_pca,mil,0.5,43
paclitaxel,IGR1_SKIN,0.46965447068214417,0.5161905234435509,5,X_pca,mil,0.5,43
paclitaxel,IGR37_SKIN,0.34695038199424744,0.7597946186230574,2,X_pca,mil,0.5,43
paclitaxel,IM95_STOMACH,0.1323966383934021,0.6320660465472453,4,X_pca,mil,0.5,43
paclitaxel,JHH6_LIVER,0.8664480447769165,0.47747815060384063,3,X_pca,mil,0.5,43
paclitaxel,JHOC5_OVARY,0.7029275298118591,0.5544135484202155,5,X_pca,mil,0.5,43
paclitaxel,KALS1_CENTRAL_NERVOUS_SYSTEM,0.5483145117759705,0.38893560071786243,2,X_pca,mil,0.5,43
paclitaxel,KNS42_CENTRAL_NERVOUS_SYSTEM,0.5381373763084412,0.6140377575228381,4,X_pca,mil,0.5,43
paclitaxel,KPL1_BREAST,0.8654016256332397,0.7650580190230107,3,X_pca,mil,0.5,43
paclitaxel,KPNSI9S_AUTONOMIC_GANGLIA,0.4790201187133789,0.46701366772023284,5,X_pca,mil,0.5,43
paclitaxel,KYSE520_OESOPHAGUS,0.7341740131378174,0.4756016124143689,2,X_pca,mil,0.5,43
paclitaxel,LI7_LIVER,0.4598449468612671,0.5267535480005401,4,X_pca,mil,0.5,43
paclitaxel,LMSU_STOMACH,0.6969594359397888,0.26117198864618935,2,X_pca,mil,0.5,43
paclitaxel,LNCAPCLONEFGC_PROSTATE,0.26235461235046387,0.6171664944452833,2,X_pca,mil,0.5,43
paclitaxel,LS1034_LARGE_INTESTINE,0.6370921730995178,0.9785716309122843,4,X_pca,mil,0.5,43
paclitaxel,LS180_LARGE_INTESTINE,0.4816078245639801,0.5625492903994721,3,X_pca,mil,0.5,43
paclitaxel,MCF7_BREAST,0.7188596725463867,0.919306997652654,1,X_pca,mil,0.5,43
paclitaxel,MDAMB361_BREAST,0.7592437863349915,0.5418027734314954,1,X_pca,mil,0.5,43
paclitaxel,MFE319_ENDOMETRIUM,0.33053478598594666,0.4841808213301354,2,X_pca,mil,0.5,43
paclitaxel,MKN45_STOMACH,1.0542246103286743,0.6403655538619575,1,X_pca,mil,0.5,43
paclitaxel,MKN7_STOMACH,0.7204365134239197,0.5960322094056033,5,X_pca,mil,0.5,43
paclitaxel,MSTO211H_PLEURA,0.5372766852378845,0.4002277671488046,1,X_pca,mil,0.5,43
paclitaxel,NCIH1299_LUNG,0.7549321055412292,0.48321331378895693,2,X_pca,mil,0.5,43
paclitaxel,NCIH1373_LUNG,0.8187294602394104,0.5948594343371507,3,X_pca,mil,0.5,43
paclitaxel,NCIH1435_LUNG,0.8090988397598267,0.5044805501284224,3,X_pca,mil,0.5,43
paclitaxel,NCIH1792_LUNG,0.5818405151367188,0.4635872593871108,4,X_pca,mil,0.5,43
paclitaxel,NCIH1944_LUNG,0.3740067780017853,0.5430602538556868,2,X_pca,mil,0.5,43
paclitaxel,NCIH2087_LUNG,0.5467512607574463,0.692905442491514,5,X_pca,mil,0.5,43
paclitaxel,NCIH2110_LUNG,0.272956520318985,0.4520871750673457,1,X_pca,mil,0.5,43
paclitaxel,NCIH2126_LUNG,0.5379691123962402,0.43697549289826193,4,X_pca,mil,0.5,43
paclitaxel,NCIH2170_LUNG,0.5391324758529663,0.45671935799256175,4,X_pca,mil,0.5,43
paclitaxel,NCIH2228_LUNG,0.4602290689945221,0.7494506118895248,3,X_pca,mil,0.5,43
paclitaxel,NCIH226_LUNG,0.8687956929206848,0.6742901791917517,1,X_pca,mil,0.5,43
paclitaxel,NCIH2444_LUNG,0.9581254720687866,0.6073366108071452,3,X_pca,mil,0.5,43
paclitaxel,NCIH2452_PLEURA,0.5407692193984985,0.8243418827265169,3,X_pca,mil,0.5,43
paclitaxel,NCIH292_LUNG,0.5668730139732361,0.31227549574744534,3,X_pca,mil,0.5,43
paclitaxel,NCIH358_LUNG,0.25940781831741333,0.6972832448248353,1,X_pca,mil,0.5,43
paclitaxel,NCIH446_LUNG,0.14456011354923248,0.4857992645429105,3,X_pca,mil,0.5,43
paclitaxel,NCIH460_LUNG,0.7660059332847595,0.3854792089943675,3,X_pca,mil,0.5,43
paclitaxel,NCIH522_LUNG,0.17662416398525238,0.4327020809914057,2,X_pca,mil,0.5,43
paclitaxel,NCIH650_LUNG,0.5765936970710754,0.669053163805571,5,X_pca,mil,0.5,43
paclitaxel,NCIH747_LARGE_INTESTINE,0.5780559778213501,0.6602521412074566,5,X_pca,mil,0.5,43
paclitaxel,OAW28_OVARY,0.6478685736656189,0.7240293220333431,5,X_pca,mil,0.5,43
paclitaxel,ONCODG1_OVARY,0.3199176490306854,0.8822889396437892,2,X_pca,mil,0.5,43
paclitaxel,OSRC2_KIDNEY,0.7962691187858582,0.9158052083045717,3,X_pca,mil,0.5,43
paclitaxel,OUMS23_LARGE_INTESTINE,0.7829944491386414,0.8070670416421979,5,X_pca,mil,0.5,43
paclitaxel,OVCAR4_OVARY,0.8004850149154663,0.7180027685822531,1,X_pca,mil,0.5,43
paclitaxel,OVK18_OVARY,0.4765249192714691,0.3951327633321955,5,X_pca,mil,0.5,43
paclitaxel,OVSAHO_OVARY,0.8824303150177002,0.7719840492708567,2,X_pca,mil,0.5,43
paclitaxel,OVTOKO_OVARY,0.8369354605674744,0.8808714757410533,2,X_pca,mil,0.5,43
paclitaxel,PANC0203_PANCREAS,0.6423929333686829,0.48238517049508606,3,X_pca,mil,0.5,43
paclitaxel,PATU8988S_PANCREAS,0.446163147687912,1.0098511928417644,2,X_pca,mil,0.5,43
paclitaxel,PC3_PROSTATE,0.6623719334602356,0.7304286055663634,1,X_pca,mil,0.5,43
paclitaxel,PECAPJ49_UPPER_AERODIGESTIVE_TRACT,0.1385912001132965,0.42887218576846736,1,X_pca,mil,0.5,43
paclitaxel,PK45H_PANCREAS,0.654854953289032,0.8293200343077473,4,X_pca,mil,0.5,43
paclitaxel,PK59_PANCREAS,0.7222234010696411,0.5994415067393204,5,X_pca,mil,0.5,43
paclitaxel,RCC10RGB_KIDNEY,0.9201443791389465,0.742363331655576,5,X_pca,mil,0.5,43
paclitaxel,RCM1_LARGE_INTESTINE,0.8737563490867615,0.7349096166435629,3,X_pca,mil,0.5,43
paclitaxel,RD_SOFT_TISSUE,0.4241355359554291,0.28259710036931823,1,X_pca,mil,0.5,43
paclitaxel,RERFLCAD1_LUNG,0.8790925741195679,0.7334238000122117,5,X_pca,mil,0.5,43
paclitaxel,RERFLCAI_LUNG,0.2502758204936981,0.6059585369117607,5,X_pca,mil,0.5,43
paclitaxel,RT4_URINARY_TRACT,0.6046387553215027,0.480116513259006,5,X_pca,mil,0.5,43
paclitaxel,RVH421_SKIN,0.7491921186447144,1.0720440573273344,4,X_pca,mil,0.5,43
paclitaxel,SCC25_UPPER_AERODIGESTIVE_TRACT,0.2888741195201874,0.33680535225666447,2,X_pca,mil,0.5,43
paclitaxel,SCC9_UPPER_AERODIGESTIVE_TRACT,0.5322899222373962,0.4188103436168871,2,X_pca,mil,0.5,43
paclitaxel,SH10TC_STOMACH,0.361468106508255,0.8667591171726542,5,X_pca,mil,0.5,43
paclitaxel,SKES1_BONE,0.13089656829833984,0.4885785445407197,2,X_pca,mil,0.5,43
paclitaxel,SKMEL30_SKIN,0.8269326090812683,0.6586428575914237,1,X_pca,mil,0.5,43
paclitaxel,SKMEL5_SKIN,0.6843826770782471,0.7986457237490902,4,X_pca,mil,0.5,43
paclitaxel,SKNAS_AUTONOMIC_GANGLIA,0.4287222623825073,0.3308204719714359,2,X_pca,mil,0.5,43
paclitaxel,SNU1079_BILIARY_TRACT,0.7723974585533142,0.7580738606518262,1,X_pca,mil,0.5,43
paclitaxel,SNU1214_UPPER_AERODIGESTIVE_TRACT,0.6571193337440491,0.49727846840594675,1,X_pca,mil,0.5,43
paclitaxel,SNU308_BILIARY_TRACT,0.6758968234062195,0.5403438667033581,1,X_pca,mil,0.5,43
paclitaxel,SNU423_LIVER,0.33964672684669495,0.8634254950678574,4,X_pca,mil,0.5,43
paclitaxel,SNU449_LIVER,0.7268666625022888,0.6376500665507419,3,X_pca,mil,0.5,43
paclitaxel,SNU46_UPPER_AERODIGESTIVE_TRACT,0.7909281253814697,0.6811727112380125,4,X_pca,mil,0.5,43
paclitaxel,SNU738_CENTRAL_NERVOUS_SYSTEM,0.4399850070476532,0.7660704609743838,1,X_pca,mil,0.5,43
paclitaxel,SNU899_UPPER_AERODIGESTIVE_TRACT,0.681810736656189,0.28058891519006474,2,X_pca,mil,0.5,43
paclitaxel,SQ1_LUNG,0.7129773497581482,0.5857448710613892,3,X_pca,mil,0.5,43
paclitaxel,SU8686_PANCREAS,0.5364874601364136,0.7655470025975529,1,X_pca,mil,0.5,43
paclitaxel,SW1088_CENTRAL_NERVOUS_SYSTEM,0.5202143788337708,0.6791573450900614,4,X_pca,mil,0.5,43
paclitaxel,SW1271_LUNG,0.4873711168766022,0.6506197784257972,1,X_pca,mil,0.5,43
paclitaxel,SW1990_PANCREAS,0.5378300547599792,0.704904708392457,5,X_pca,mil,0.5,43
paclitaxel,SW579_THYROID,0.2767201066017151,0.7349096231746234,3,X_pca,mil,0.5,43
paclitaxel,T47D_BREAST,0.803274393081665,0.6838863826445325,1,X_pca,mil,0.5,43
paclitaxel,TCCSUP_URINARY_TRACT,0.6246080994606018,0.7687315110918842,3,X_pca,mil,0.5,43
paclitaxel,TE10_OESOPHAGUS,0.5292326211929321,0.588438419582637,4,X_pca,mil,0.5,43
paclitaxel,TE14_OESOPHAGUS,0.2964872419834137,0.2993842917907087,1,X_pca,mil,0.5,43
paclitaxel,TE1_OESOPHAGUS,0.7852445244789124,0.7352370195886464,4,X_pca,mil,0.5,43
paclitaxel,TE6_OESOPHAGUS,0.25333571434020996,0.40652670482758385,2,X_pca,mil,0.5,43
paclitaxel,TM31_CENTRAL_NERVOUS_SYSTEM,0.6742895245552063,0.5165035131162611,2,X_pca,mil,0.5,43
paclitaxel,TOV112D_OVARY,0.3578580617904663,0.42267093750146717,2,X_pca,mil,0.5,43
paclitaxel,UACC257_SKIN,0.8656947016716003,0.501883083931073,1,X_pca,mil,0.5,43
paclitaxel,UMUC1_URINARY_TRACT,0.45489633083343506,0.589812182835516,1,X_pca,mil,0.5,43
paclitaxel,VMCUB1_URINARY_TRACT,0.2998367249965668,0.21007821861670106,4,X_pca,mil,0.5,43
paclitaxel,VMRCRCZ_KIDNEY,0.7868435978889465,0.833199980656306,2,X_pca,mil,0.5,43
paclitaxel,ZR751_BREAST,1.0104048252105713,0.564514296629668,1,X_pca,mil,0.5,43
gemcitabine,42MGBA_CENTRAL_NERVOUS_SYSTEM,0.5005143880844116,0.7637345247747355,4,X_pca,mil,0.5,43
gemcitabine,8305C_THYROID,0.6218052506446838,1.0186118527694985,4,X_pca,mil,0.5,43
gemcitabine,A204_SOFT_TISSUE,0.39566460251808167,0.8468374266624451,4,X_pca,mil,0.5,43
gemcitabine,A2058_SKIN,0.8566543459892273,0.7561618757693946,5,X_pca,mil,0.5,43
gemcitabine,A375_SKIN,0.34170886874198914,1.0691364715111396,3,X_pca,mil,0.5,43
gemcitabine,ACCMESO1_PLEURA,0.9600024223327637,0.9585258611190466,2,X_pca,mil,0.5,43
gemcitabine,ASPC1_PANCREAS,0.8360801339149475,0.6116584162259924,4,X_pca,mil,0.5,43
gemcitabine,BCPAP_THYROID,0.6562466621398926,1.0601686233360517,4,X_pca,mil,0.5,43
gemcitabine,BFTC909_KIDNEY,0.6332346200942993,0.7737469656643579,5,X_pca,mil,0.5,43
gemcitabine,BHY_UPPER_AERODIGESTIVE_TRACT,0.49976876378059387,0.6884038146199851,3,X_pca,mil,0.5,43
gemcitabine,BICR16_UPPER_AERODIGESTIVE_TRACT,0.898076593875885,0.5229779373643533,5,X_pca,mil,0.5,43
gemcitabine,BICR31_UPPER_AERODIGESTIVE_TRACT,0.8775738477706909,0.6701687901250778,3,X_pca,mil,0.5,43
gemcitabine,BICR56_UPPER_AERODIGESTIVE_TRACT,0.8867817521095276,0.47448145202648495,3,X_pca,mil,0.5,43
gemcitabine,BICR6_UPPER_AERODIGESTIVE_TRACT,0.9811211228370667,0.6952727082726005,5,X_pca,mil,0.5,43
gemcitabine,BT474_BREAST,1.1705902814865112,1.1765567312240601,4,X_pca,mil,0.5,43
gemcitabine,BT549_BREAST,0.8982008099555969,0.7735962582037861,1,X_pca,mil,0.5,43
gemcitabine,CAKI2_KIDNEY,0.8708728551864624,0.46336754491860915,4,X_pca,mil,0.5,43
gemcitabine,CALU6_LUNG,0.781755805015564,0.7298279478568439,3,X_pca,mil,0.5,43
gemcitabine,CAMA1_BREAST,0.8566052317619324,0.8822572014176149,3,X_pca,mil,0.5,43
gemcitabine,CAS1_CENTRAL_NERVOUS_SYSTEM,0.6782752275466919,0.5965452844038942,1,X_pca,mil,0.5,43
gemcitabine,CCFSTTG1_CENTRAL_NERVOUS_SYSTEM,0.9153845310211182,0.6343643406057745,5,X_pca,mil,0.5,43
gemcitabine,COLO741_SKIN,0.866061806678772,0.7482352966957904,3,X_pca,mil,0.5,43
gemcitabine,COLO792_SKIN,0.8210777640342712,0.986860341361528,2,X_pca,mil,0.5,43
gemcitabine,COV434_OVARY,0.4338838756084442,0.8621416921642694,4,X_pca,mil,0.5,43
gemcitabine,DETROIT562_UPPER_AERODIGESTIVE_TRACT,0.6181465983390808,0.590475624872863,2,X_pca,mil,0.5,43
gemcitabine,DKMG_CENTRAL_NERVOUS_SYSTEM,0.6961764693260193,0.576591141769367,5,X_pca,mil,0.5,43
gemcitabine,EBC1_LUNG,0.30304309725761414,0.640902851377764,3,X_pca,mil,0.5,43
gemcitabine,EFE184_ENDOMETRIUM,0.671839714050293,0.781532539531242,4,X_pca,mil,0.5,43
gemcitabine,EFM192A_BREAST,0.6512632369995117,0.8136092640974142,5,X_pca,mil,0.5,43
gemcitabine,EKVX_LUNG,0.9874262809753418,0.5394443424597178,2,X_pca,mil,0.5,43
gemcitabine,FTC133_THYROID,0.6643245220184326,0.9164453140326909,3,X_pca,mil,0.5,43
gemcitabine,GOS3_CENTRAL_NERVOUS_SYSTEM,0.6326534152030945,0.9229421133458302,2,X_pca,mil,0.5,43
gemcitabine,HCC1428_BREAST,1.0535941123962402,0.9035592750301511,5,X_pca,mil,0.5,43
gemcitabine,HCC366_LUNG,0.5387693643569946,0.8327578500945969,5,X_pca,mil,0.5,43
gemcitabine,HCC38_BREAST,0.44297653436660767,0.6932437360286713,5,X_pca,mil,0.5,43
gemcitabine,HCC56_LARGE_INTESTINE,0.769647479057312,0.8429030511114333,3,X_pca,mil,0.5,43
gemcitabine,HDQP1_BREAST,0.9436390399932861,0.671014956664294,3,X_pca,mil,0.5,43
gemcitabine,HEC151_ENDOMETRIUM,0.5687434077262878,0.8983894628286362,4,X_pca,mil,0.5,43
gemcitabine,HEC251_ENDOMETRIUM,0.8283629417419434,0.7784898818653321,3,X_pca,mil,0.5,43
gemcitabine,HEC6_ENDOMETRIUM,0.7369199991226196,0.4663389876762532,1,X_pca,mil,0.5,43
gemcitabine,HEP3B217_LIVER,0.8503090739250183,0.6742755790888253,2,X_pca,mil,0.5,43
gemcitabine,HMC18_BREAST,0.5817105174064636,0.6798018171315308,2,X_pca,mil,0.5,43
gemcitabine,HOS_BONE,0.7406152486801147,0.5722148703148339,4,X_pca,mil,0.5,43
gemcitabine,HS852T_SKIN,0.6088628172874451,1.079168685424475,3,X_pca,mil,0.5,43
gemcitabine,HT1080_SOFT_TISSUE,0.6308806538581848,0.4952026307582855,5,X_pca,mil,0.5,43
gemcitabine,HT1197_URINARY_TRACT,0.8877960443496704,1.0302637960459735,4,X_pca,mil,0.5,43
gemcitabine,HT55_LARGE_INTESTINE,0.7846170663833618,0.6790432626319722,1,X_pca,mil,0.5,43
gemcitabine,HUH28_BILIARY_TRACT,0.9175785779953003,0.848159407540191,2,X_pca,mil,0.5,43
gemcitabine,HUH6_LIVER,0.734017014503479,1.127367014186622,4,X_pca,mil,0.5,43
gemcitabine,HUPT3_PANCREAS,0.82715904712677,0.7627837324843687,5,X_pca,mil,0.5,43
gemcitabine,HUPT4_PANCREAS,0.6738348603248596,0.759427476142134,5,X_pca,mil,0.5,43
gemcitabine,IALM_LUNG,1.0259499549865723,0.8971417823008129,4,X_pca,mil,0.5,43
gemcitabine,IGR1_SKIN,0.7302095890045166,0.49527981511477764,5,X_pca,mil,0.5,43
gemcitabine,IGR37_SKIN,0.4442389905452728,0.945232101321564,2,X_pca,mil,0.5,43
gemcitabine,IM95_STOMACH,0.6315738558769226,0.7700570902308902,4,X_pca,mil,0.5,43
gemcitabine,JHH6_LIVER,1.39784836769104,0.6231476350606067,3,X_pca,mil,0.5,43
gemcitabine,JHOC5_OVARY,0.4567776322364807,0.5136912633632792,5,X_pca,mil,0.5,43
gemcitabine,KALS1_CENTRAL_NERVOUS_SYSTEM,0.7936452627182007,0.7721777672155036,2,X_pca,mil,0.5,43
gemcitabine,KMRC3_KIDNEY,0.5808050632476807,0.6893173925730647,1,X_pca,mil,0.5,43
gemcitabine,KNS42_CENTRAL_NERVOUS_SYSTEM,0.9519704580307007,0.7310335213361785,4,X_pca,mil,0.5,43
gemcitabine,KPL1_BREAST,0.8953196406364441,0.882383734419726,3,X_pca,mil,0.5,43
gemcitabine,KPNSI9S_AUTONOMIC_GANGLIA,0.4565414786338806,0.6009200152962707,5,X_pca,mil,0.5,43
gemcitabine,KYSE520_OESOPHAGUS,0.9058042168617249,0.6787258411524096,2,X_pca,mil,0.5,43
gemcitabine,LI7_LIVER,0.5827900767326355,0.6130872849298983,4,X_pca,mil,0.5,43
gemcitabine,LMSU_STOMACH,0.8756802678108215,0.41175994966544355,2,X_pca,mil,0.5,43
gemcitabine,LNCAPCLONEFGC_PROSTATE,0.5755029320716858,1.0681148268455682,2,X_pca,mil,0.5,43
gemcitabine,LS1034_LARGE_INTESTINE,0.6300612092018127,0.7712574717524934,4,X_pca,mil,0.5,43
gemcitabine,LS180_LARGE_INTESTINE,0.4482704699039459,0.815584833189391,3,X_pca,mil,0.5,43
gemcitabine,MCF7_BREAST,0.8343956470489502,0.9526301193070579,1,X_pca,mil,0.5,43
gemcitabine,MDAMB361_BREAST,0.7940967082977295,1.0170370216722842,1,X_pca,mil,0.5,43
gemcitabine,MFE319_ENDOMETRIUM,0.969434380531311,0.8201315443553225,2,X_pca,mil,0.5,43
gemcitabine,MKN45_STOMACH,0.9803581833839417,0.6159290547593165,1,X_pca,mil,0.5,43
gemcitabine,MKN7_STOMACH,0.9915323257446289,0.9594849410445191,5,X_pca,mil,0.5,43
gemcitabine,NCIH1299_LUNG,0.7092453837394714,0.7626322811462459,2,X_pca,mil,0.5,43
gemcitabine,NCIH1373_LUNG,0.6424748301506042,0.8502963903110202,3,X_pca,mil,0.5,43
gemcitabine,NCIH1435_LUNG,0.5391858816146851,0.7638390774137518,3,X_pca,mil,0.5,43
gemcitabine,NCIH1792_LUNG,0.6867678165435791,0.5742699595185013,4,X_pca,mil,0.5,43
gemcitabine,NCIH1944_LUNG,0.543655276298523,0.6496855964263281,2,X_pca,mil,0.5,43
gemcitabine,NCIH2087_LUNG,0.42783018946647644,0.6716441879533741,5,X_pca,mil,0.5,43
gemcitabine,NCIH2110_LUNG,0.3368552327156067,0.5160626012626006,1,X_pca,mil,0.5,43
gemcitabine,NCIH2126_LUNG,0.6156565546989441,0.6275596791370348,4,X_pca,mil,0.5,43
gemcitabine,NCIH2170_LUNG,0.44036784768104553,0.5611996379956393,4,X_pca,mil,0.5,43
gemcitabine,NCIH2228_LUNG,0.5427727699279785,0.7714698986234068,3,X_pca,mil,0.5,43
gemcitabine,NCIH226_LUNG,0.7438065409660339,0.9404153880920816,1,X_pca,mil,0.5,43
gemcitabine,NCIH2444_LUNG,1.066865086555481,0.7461553669931517,3,X_pca,mil,0.5,43
gemcitabine,NCIH2452_PLEURA,0.7650330066680908,0.7813845771506817,3,X_pca,mil,0.5,43
gemcitabine,NCIH292_LUNG,0.5377177000045776,0.6635853620202329,3,X_pca,mil,0.5,43
gemcitabine,NCIH358_LUNG,0.8151067495346069,0.6651038549663055,1,X_pca,mil,0.5,43
gemcitabine,NCIH446_LUNG,0.529270589351654,0.5691896579703506,3,X_pca,mil,0.5,43
gemcitabine,NCIH460_LUNG,0.6561989784240723,0.4676289517107545,3,X_pca,mil,0.5,43
gemcitabine,NCIH522_LUNG,0.6660993695259094,0.6313605073552865,2,X_pca,mil,0.5,43
gemcitabine,NCIH650_LUNG,0.47172221541404724,0.8168076702369536,5,X_pca,mil,0.5,43
gemcitabine,NCIH747_LARGE_INTESTINE,0.6213706135749817,0.734419284760952,5,X_pca,mil,0.5,43
gemcitabine,OAW28_OVARY,0.8206195831298828,0.8030238440318137,5,X_pca,mil,0.5,43
gemcitabine,ONCODG1_OVARY,0.7360410094261169,0.8461182843755792,2,X_pca,mil,0.5,43
gemcitabine,OSRC2_KIDNEY,0.8197447061538696,0.794082713269052,3,X_pca,mil,0.5,43
gemcitabine,OUMS23_LARGE_INTESTINE,1.1526105403900146,0.7835900477159803,5,X_pca,mil,0.5,43
gemcitabine,OVCAR4_OVARY,0.9360761046409607,0.8035133054526029,1,X_pca,mil,0.5,43
gemcitabine,OVK18_OVARY,0.7555391192436218,0.5615349031901091,5,X_pca,mil,0.5,43
gemcitabine,OVSAHO_OVARY,0.8870753645896912,0.8962155583146385,2,X_pca,mil,0.5,43
gemcitabine,OVTOKO_OVARY,0.506416916847229,0.7525660750683415,2,X_pca,mil,0.5,43
gemcitabine,PANC0203_PANCREAS,0.8555566668510437,0.6354092739434111,3,X_pca,mil,0.5,43
gemcitabine,PATU8988S_PANCREAS,0.7852508425712585,0.9290100134542731,2,X_pca,mil,0.5,43
gemcitabine,PC3_PROSTATE,0.8767961263656616,0.9497300873141317,1,X_pca,mil,0.5,43
gemcitabine,PECAPJ49_UPPER_AERODIGESTIVE_TRACT,0.4231942892074585,0.7687023982848271,1,X_pca,mil,0.5,43
gemcitabine,PK45H_PANCREAS,0.9328077435493469,0.8555945089822325,4,X_pca,mil,0.5,43
gemcitabine,PK59_PANCREAS,0.636519193649292,0.9320604979306802,5,X_pca,mil,0.5,43
gemcitabine,RCC10RGB_KIDNEY,0.7424089908599854,0.6286547031781192,5,X_pca,mil,0.5,43
gemcitabine,RCM1_LARGE_INTESTINE,0.7560239434242249,0.7525010879617184,3,X_pca,mil,0.5,43
gemcitabine,RD_SOFT_TISSUE,0.7025274038314819,0.7961103642123869,1,X_pca,mil,0.5,43
gemcitabine,RERFLCAD1_LUNG,1.0192153453826904,0.7213640065840733,5,X_pca,mil,0.5,43
gemcitabine,RERFLCAI_LUNG,0.5772891044616699,0.6824879147122135,5,X_pca,mil,0.5,43
gemcitabine,RT4_URINARY_TRACT,0.457478791475296,0.5719155486462251,5,X_pca,mil,0.5,43
gemcitabine,RVH421_SKIN,0.9899332523345947,1.0312259926706178,4,X_pca,mil,0.5,43
gemcitabine,SCC25_UPPER_AERODIGESTIVE_TRACT,0.7432425022125244,0.7217317441258505,2,X_pca,mil,0.5,43
gemcitabine,SCC9_UPPER_AERODIGESTIVE_TRACT,0.847379744052887,0.7381699126017721,2,X_pca,mil,0.5,43
gemcitabine,SH10TC_STOMACH,1.105261206626892,1.0075023057963435,5,X_pca,mil,0.5,43
gemcitabine,SKES1_BONE,0.2559921145439148,0.6740650302106208,2,X_pca,mil,0.5,43
gemcitabine,SKMEL2_SKIN,1.6098883152008057,0.7857610415937244,1,X_pca,mil,0.5,43
gemcitabine,SKMEL30_SKIN,0.8910692930221558,0.7731782842121449,1,X_pca,mil,0.5,43
gemcitabine,SKMEL5_SKIN,0.5815538763999939,0.9611325499786673,4,X_pca,mil,0.5,43
gemcitabine,SKNAS_AUTONOMIC_GANGLIA,0.6201527714729309,0.5980848749127008,2,X_pca,mil,0.5,43
gemcitabine,SNU1079_BILIARY_TRACT,0.7596206665039062,0.673345782168924,1,X_pca,mil,0.5,43
gemcitabine,SNU1214_UPPER_AERODIGESTIVE_TRACT,0.7392807602882385,0.9637191229044123,1,X_pca,mil,0.5,43
gemcitabine,SNU308_BILIARY_TRACT,0.8736388683319092,0.7265069303994484,1,X_pca,mil,0.5,43
gemcitabine,SNU423_LIVER,0.7069547176361084,1.0111915286419526,4,X_pca,mil,0.5,43
gemcitabine,SNU449_LIVER,0.8254060745239258,0.8141642409436246,3,X_pca,mil,0.5,43
gemcitabine,SNU46_UPPER_AERODIGESTIVE_TRACT,0.8096166253089905,0.7039590565077329,4,X_pca,mil,0.5,43
gemcitabine,SNU738_CENTRAL_NERVOUS_SYSTEM,0.6285289525985718,0.7445616546752899,1,X_pca,mil,0.5,43
gemcitabine,SNU899_UPPER_AERODIGESTIVE_TRACT,0.7130030393600464,0.790266066430563,2,X_pca,mil,0.5,43
gemcitabine,SNUC4_LARGE_INTESTINE,0.8598319888114929,0.5932628231589748,5,X_pca,mil,0.5,43
gemcitabine,SQ1_LUNG,0.6690840125083923,0.8732548824378422,3,X_pca,mil,0.5,43
gemcitabine,SU8686_PANCREAS,0.6601048111915588,0.8083250250031309,1,X_pca,mil,0.5,43
gemcitabine,SW1088_CENTRAL_NERVOUS_SYSTEM,0.571869432926178,0.8727336800657213,4,X_pca,mil,0.5,43
gemcitabine,SW1271_LUNG,0.613210141658783,0.6921709089175515,1,X_pca,mil,0.5,43
gemcitabine,SW1990_PANCREAS,0.6145241856575012,0.8081033100716842,5,X_pca,mil,0.5,43
gemcitabine,SW579_THYROID,0.40441542863845825,0.6943661334327839,3,X_pca,mil,0.5,43
gemcitabine,T47D_BREAST,0.8489176630973816,0.9302512717462773,1,X_pca,mil,0.5,43
gemcitabine,TCCSUP_URINARY_TRACT,0.7683467864990234,0.7123648017833505,3,X_pca,mil,0.5,43
gemcitabine,TE10_OESOPHAGUS,0.7129018306732178,0.861159720649458,4,X_pca,mil,0.5,43
gemcitabine,TE14_OESOPHAGUS,0.5843991637229919,0.7462763315388925,1,X_pca,mil,0.5,43
gemcitabine,TE1_OESOPHAGUS,0.6737027764320374,0.7774870213374351,4,X_pca,mil,0.5,43
gemcitabine,TE6_OESOPHAGUS,0.6561077833175659,0.7469817309652179,2,X_pca,mil,0.5,43
gemcitabine,TE9_OESOPHAGUS,0.6804585456848145,0.5743053811452081,2,X_pca,mil,0.5,43
gemcitabine,TM31_CENTRAL_NERVOUS_SYSTEM,0.786973774433136,0.7530822137306477,2,X_pca,mil,0.5,43
gemcitabine,TOV112D_OVARY,0.34909936785697937,0.6860465927001758,2,X_pca,mil,0.5,43
gemcitabine,UACC257_SKIN,0.6209816336631775,0.6850264001341544,1,X_pca,mil,0.5,43
gemcitabine,UMUC1_URINARY_TRACT,0.5380436182022095,0.7038584179079472,1,X_pca,mil,0.5,43
gemcitabine,VMCUB1_URINARY_TRACT,0.5477825999259949,0.7413127475328525,4,X_pca,mil,0.5,43
gemcitabine,VMRCRCZ_KIDNEY,0.8047785758972168,0.6965090105930964,2,X_pca,mil,0.5,43
gemcitabine,YD38_UPPER_AERODIGESTIVE_TRACT,0.555411159992218,0.6553156265081503,4,X_pca,mil,0.5,43
gemcitabine,ZR751_BREAST,1.101744294166565,0.8937694342583901,1,X_pca,mil,0.5,43
imatinib,42MGBA_CENTRAL_NERVOUS_SYSTEM,0.7974890470504761,0.8035776162929977,4,X_pca,mil,0.5,43
imatinib,8305C_THYROID,1.0951011180877686,0.9640169357941821,4,X_pca,mil,0.5,43
imatinib,A204_SOFT_TISSUE,0.6459641456604004,0.9813864912986755,4,X_pca,mil,0.5,43
imatinib,A2058_SKIN,0.8841478228569031,0.9957691682439272,5,X_pca,mil,0.5,43
imatinib,A375_SKIN,1.0721155405044556,0.942032099373224,3,X_pca,mil,0.5,43
imatinib,ACCMESO1_PLEURA,1.0530558824539185,1.0400340292188857,2,X_pca,mil,0.5,43
imatinib,ASPC1_PANCREAS,0.8563504219055176,0.9315805887353832,4,X_pca,mil,0.5,43
imatinib,BCPAP_THYROID,1.0814443826675415,1.0231718581758047,4,X_pca,mil,0.5,43
imatinib,BFTC909_KIDNEY,0.9346845149993896,0.8515214146284441,5,X_pca,mil,0.5,43
imatinib,BHY_UPPER_AERODIGESTIVE_TRACT,1.003937005996704,0.9815559399539027,3,X_pca,mil,0.5,43
imatinib,BICR16_UPPER_AERODIGESTIVE_TRACT,0.8788600564002991,0.8915112212581454,5,X_pca,mil,0.5,43
imatinib,BICR31_UPPER_AERODIGESTIVE_TRACT,0.9263787269592285,0.9134225194011966,3,X_pca,mil,0.5,43
imatinib,BICR56_UPPER_AERODIGESTIVE_TRACT,0.9975255727767944,1.0438372154294708,3,X_pca,mil,0.5,43
imatinib,BICR6_UPPER_AERODIGESTIVE_TRACT,0.9933727383613586,0.9925075031660654,5,X_pca,mil,0.5,43
imatinib,BT474_BREAST,0.9909359812736511,0.8762506470680237,4,X_pca,mil,0.5,43
imatinib,BT549_BREAST,1.058056116104126,0.854169927369383,1,X_pca,mil,0.5,43
imatinib,CAKI2_KIDNEY,0.891399621963501,0.8784281334859861,4,X_pca,mil,0.5,43
imatinib,CALU6_LUNG,0.9442189335823059,0.942611754171608,3,X_pca,mil,0.5,43
imatinib,CAMA1_BREAST,0.9417577981948853,0.9746177626639297,3,X_pca,mil,0.5,43
imatinib,CAS1_CENTRAL_NERVOUS_SYSTEM,0.9765406250953674,0.7876192423185908,1,X_pca,mil,0.5,43
imatinib,CCFSTTG1_CENTRAL_NERVOUS_SYSTEM,0.9044836163520813,0.8328548502631303,5,X_pca,mil,0.5,43
imatinib,COLO792_SKIN,0.8340573906898499,1.0684457335524893,2,X_pca,mil,0.5,43
imatinib,COV434_OVARY,0.89787757396698,0.902190508490259,4,X_pca,mil,0.5,43
imatinib,DETROIT562_UPPER_AERODIGESTIVE_TRACT,0.875342607498169,0.9609727446286956,2,X_pca,mil,0.5,43
imatinib,DKMG_CENTRAL_NERVOUS_SYSTEM,0.8902096152305603,0.7965233985788268,5,X_pca,mil,0.5,43
imatinib,EBC1_LUNG,0.9644688963890076,0.9611833114777842,3,X_pca,mil,0.5,43
imatinib,EFE184_ENDOMETRIUM,1.009013056755066,1.0507013818552329,4,X_pca,mil,0.5,43
imatinib,EFM192A_BREAST,0.8446081876754761,0.9217930135426221,5,X_pca,mil,0.5,43
imatinib,EKVX_LUNG,0.9665436744689941,0.8735178729442701,2,X_pca,mil,0.5,43
imatinib,FTC133_THYROID,0.902299165725708,0.9850631083760942,3,X_pca,mil,0.5,43
imatinib,GOS3_CENTRAL_NERVOUS_SYSTEM,0.9142825603485107,1.0751142607933564,2,X_pca,mil,0.5,43
imatinib,HCC1428_BREAST,0.9144049882888794,0.9842405070470074,5,X_pca,mil,0.5,43
imatinib,HCC366_LUNG,1.028393268585205,1.003536198693927,5,X_pca,mil,0.5,43
imatinib,HCC38_BREAST,0.9484294056892395,0.8600340688228607,5,X_pca,mil,0.5,43
imatinib,HCC56_LARGE_INTESTINE,1.1700106859207153,0.8567140493730102,3,X_pca,mil,0.5,43
imatinib,HDQP1_BREAST,1.1716277599334717,0.9947284869849682,3,X_pca,mil,0.5,43
imatinib,HEC151_ENDOMETRIUM,0.9507309198379517,0.9546211915016174,4,X_pca,mil,0.5,43
imatinib,HEC251_ENDOMETRIUM,0.982420802116394,0.962666899244362,3,X_pca,mil,0.5,43
imatinib,HEC6_ENDOMETRIUM,0.9746668338775635,1.075355369481981,1,X_pca,mil,0.5,43
imatinib,HEP3B217_LIVER,0.9081746935844421,0.8280484615746191,2,X_pca,mil,0.5,43
imatinib,HMC18_BREAST,0.9684697985649109,0.9759410351209673,2,X_pca,mil,0.5,43
imatinib,HOS_BONE,0.8908408880233765,0.7889202201179486,4,X_pca,mil,0.5,43
imatinib,HS852T_SKIN,1.1679837703704834,0.9289472592465672,3,X_pca,mil,0.5,43
imatinib,HT1080_SOFT_TISSUE,0.9255314469337463,1.0064889666183974,5,X_pca,mil,0.5,43
imatinib,HT1197_URINARY_TRACT,0.9558719396591187,1.06390828699679,4,X_pca,mil,0.5,43
imatinib,HT55_LARGE_INTESTINE,0.9312896728515625,0.8957043343810673,1,X_pca,mil,0.5,43
imatinib,HUH28_BILIARY_TRACT,1.1410142183303833,1.0614131624750096,2,X_pca,mil,0.5,43
imatinib,HUH6_LIVER,0.8700514435768127,0.9072691605993982,4,X_pca,mil,0.5,43
imatinib,HUPT3_PANCREAS,0.9597815871238708,1.1089805307633736,5,X_pca,mil,0.5,43
imatinib,HUPT4_PANCREAS,0.9757904410362244,0.9730477152126176,5,X_pca,mil,0.5,43
imatinib,IALM_LUNG,0.9999850988388062,0.9483295803114494,4,X_pca,mil,0.5,43
imatinib,IGR1_SKIN,1.0326862335205078,1.024766733153113,5,X_pca,mil,0.5,43
imatinib,IGR37_SKIN,1.0056467056274414,1.0334775384290074,2,X_pca,mil,0.5,43
imatinib,IM95_STOMACH,0.9186859130859375,1.05579580100807,4,X_pca,mil,0.5,43
imatinib,JHH6_LIVER,1.000203013420105,0.8445643134487485,3,X_pca,mil,0.5,43
imatinib,JHOC5_OVARY,0.9674712419509888,1.0243222113313346,5,X_pca,mil,0.5,43
imatinib,KALS1_CENTRAL_NERVOUS_SYSTEM,0.9474613070487976,0.8901683968595333,2,X_pca,mil,0.5,43
imatinib,KMRC3_KIDNEY,0.8424506187438965,0.9640548813099764,1,X_pca,mil,0.5,43
imatinib,KNS42_CENTRAL_NERVOUS_SYSTEM,0.9179285168647766,0.9430521927600684,4,X_pca,mil,0.5,43
imatinib,KPL1_BREAST,1.0681864023208618,1.0483565168536229,3,X_pca,mil,0.5,43
imatinib,KPNSI9S_AUTONOMIC_GANGLIA,1.039858102798462,0.8631351839664371,5,X_pca,mil,0.5,43
imatinib,KYSE520_OESOPHAGUS,0.945729672908783,0.9459028437779784,2,X_pca,mil,0.5,43
imatinib,LI7_LIVER,0.8340868949890137,0.8849772652801202,4,X_pca,mil,0.5,43
imatinib,LMSU_STOMACH,0.8321190476417542,0.8759600286390267,2,X_pca,mil,0.5,43
imatinib,LNCAPCLONEFGC_PROSTATE,0.9230631589889526,1.025608873182489,2,X_pca,mil,0.5,43
imatinib,LS1034_LARGE_INTESTINE,0.8493166565895081,0.9454709569068804,4,X_pca,mil,0.5,43
imatinib,LS180_LARGE_INTESTINE,1.0123558044433594,0.953602003588901,3,X_pca,mil,0.5,43
imatinib,MCF7_BREAST,1.0205093622207642,1.0786329682890352,1,X_pca,mil,0.5,43
imatinib,MDAMB361_BREAST,0.9177303910255432,0.9920770243362144,1,X_pca,mil,0.5,43
imatinib,MFE319_ENDOMETRIUM,0.9985067844390869,1.0863217964222294,2,X_pca,mil,0.5,43
imatinib,MKN45_STOMACH,0.9823302030563354,1.0796396787893974,1,X_pca,mil,0.5,43
imatinib,MKN7_STOMACH,1.0322765111923218,1.0724506817122763,5,X_pca,mil,0.5,43
imatinib,NCIH1299_LUNG,1.0137672424316406,0.9746876399168808,2,X_pca,mil,0.5,43
imatinib,NCIH1373_LUNG,0.9991770386695862,0.9929620725352589,3,X_pca,mil,0.5,43
imatinib,NCIH1435_LUNG,0.9789023399353027,0.9696524399943119,3,X_pca,mil,0.5,43
imatinib,NCIH1792_LUNG,1.0024890899658203,0.8344055996821808,4,X_pca,mil,0.5,43
imatinib,NCIH1944_LUNG,0.8461954593658447,0.9241588819718015,2,X_pca,mil,0.5,43
imatinib,NCIH2087_LUNG,0.9938225746154785,1.0604866106216222,5,X_pca,mil,0.5,43
imatinib,NCIH2110_LUNG,0.8915949463844299,1.0069378287049393,1,X_pca,mil,0.5,43
imatinib,NCIH2126_LUNG,0.9990637898445129,0.8800097290765155,4,X_pca,mil,0.5,43
imatinib,NCIH2170_LUNG,0.9432941675186157,0.8691867904763826,4,X_pca,mil,0.5,43
imatinib,NCIH2228_LUNG,1.0107890367507935,0.9157096927107518,3,X_pca,mil,0.5,43
imatinib,NCIH226_LUNG,1.00823175907135,0.9835247460831987,1,X_pca,mil,0.5,43
imatinib,NCIH2444_LUNG,1.0054807662963867,0.9983318025552774,3,X_pca,mil,0.5,43
imatinib,NCIH2452_PLEURA,0.9541221857070923,0.9458503943615243,3,X_pca,mil,0.5,43
imatinib,NCIH292_LUNG,0.9060679078102112,1.0581914782524109,3,X_pca,mil,0.5,43
imatinib,NCIH358_LUNG,1.0672982931137085,1.1023192047363235,1,X_pca,mil,0.5,43
imatinib,NCIH446_LUNG,0.9621572494506836,0.9883416322421055,3,X_pca,mil,0.5,43
imatinib,NCIH460_LUNG,0.9731983542442322,0.9109123806372338,3,X_pca,mil,0.5,43
imatinib,NCIH522_LUNG,0.9223247170448303,0.9745622813128508,2,X_pca,mil,0.5,43
imatinib,NCIH650_LUNG,0.742181658744812,1.0176524027247271,5,X_pca,mil,0.5,43
imatinib,NCIH747_LARGE_INTESTINE,0.7638504505157471,0.8726903446018696,5,X_pca,mil,0.5,43
imatinib,OAW28_OVARY,0.9528711438179016,0.9722538086938561,5,X_pca,mil,0.5,43
imatinib,ONCODG1_OVARY,1.0656236410140991,1.0235336120481844,2,X_pca,mil,0.5,43
imatinib,OSRC2_KIDNEY,1.008285641670227,0.9464676153092157,3,X_pca,mil,0.5,43
imatinib,OUMS23_LARGE_INTESTINE,1.0636982917785645,1.004284366268978,5,X_pca,mil,0.5,43
imatinib,OVCAR4_OVARY,0.9936311841011047,1.050933197403965,1,X_pca,mil,0.5,43
imatinib,OVK18_OVARY,1.0000770092010498,0.9332196531670817,5,X_pca,mil,0.5,43
imatinib,OVSAHO_OVARY,0.9421826601028442,1.0420864878246963,2,X_pca,mil,0.5,43
imatinib,OVTOKO_OVARY,1.0253087282180786,0.8534248793524418,2,X_pca,mil,0.5,43
imatinib,PANC0203_PANCREAS,0.9721590876579285,0.9978369386064205,3,X_pca,mil,0.5,43
imatinib,PATU8988S_PANCREAS,0.9349052906036377,0.9400658211747154,2,X_pca,mil,0.5,43
imatinib,PC3_PROSTATE,0.9497227668762207,1.0206120617290926,1,X_pca,mil,0.5,43
imatinib,PECAPJ49_UPPER_AERODIGESTIVE_TRACT,0.9878193140029907,1.0405043747165414,1,X_pca,mil,0.5,43
imatinib,PK45H_PANCREAS,0.9831220507621765,0.9088238954983954,4,X_pca,mil,0.5,43
imatinib,PK59_PANCREAS,0.9190185070037842,0.8989074106874138,5,X_pca,mil,0.5,43
imatinib,RCC10RGB_KIDNEY,0.9667925834655762,1.0046324648058977,5,X_pca,mil,0.5,43
imatinib,RCM1_LARGE_INTESTINE,0.9487661719322205,0.8655229061841965,3,X_pca,mil,0.5,43
imatinib,RD_SOFT_TISSUE,0.9183173179626465,0.9200583342391412,1,X_pca,mil,0.5,43
imatinib,RERFLCAD1_LUNG,1.0442442893981934,1.0473750184592887,5,X_pca,mil,0.5,43
imatinib,RERFLCAI_LUNG,0.9362004995346069,1.0350459860942935,5,X_pca,mil,0.5,43
imatinib,RT4_URINARY_TRACT,1.027958631515503,0.9143084231412636,5,X_pca,mil,0.5,43
imatinib,RVH421_SKIN,0.9349554181098938,1.1654932025087428,4,X_pca,mil,0.5,43
imatinib,SCC25_UPPER_AERODIGESTIVE_TRACT,0.9275673031806946,1.0523257930586758,2,X_pca,mil,0.5,43
imatinib,SCC9_UPPER_AERODIGESTIVE_TRACT,0.9285261034965515,0.9631070455751921,2,X_pca,mil,0.5,43
imatinib,SH10TC_STOMACH,0.9620896577835083,1.016521629444894,5,X_pca,mil,0.5,43
imatinib,SKES1_BONE,1.0058947801589966,1.053336052449195,2,X_pca,mil,0.5,43
imatinib,SKMEL2_SKIN,0.9228715300559998,1.1042021290547606,1,X_pca,mil,0.5,43
imatinib,SKMEL30_SKIN,0.9940280318260193,0.9071742573135635,1,X_pca,mil,0.5,43
imatinib,SKMEL5_SKIN,1.0296889543533325,0.996421192430888,4,X_pca,mil,0.5,43
imatinib,SKNAS_AUTONOMIC_GANGLIA,0.9617713689804077,0.9191473529929608,2,X_pca,mil,0.5,43
imatinib,SNU1214_UPPER_AERODIGESTIVE_TRACT,1.0432400703430176,1.0818943695185033,1,X_pca,mil,0.5,43
imatinib,SNU308_BILIARY_TRACT,0.9719071984291077,1.065874529011706,1,X_pca,mil,0.5,43
imatinib,SNU423_LIVER,0.9207717776298523,1.0132029995603382,4,X_pca,mil,0.5,43
imatinib,SNU449_LIVER,0.9065098166465759,0.8715989513600126,3,X_pca,mil,0.5,43
imatinib,SNU46_UPPER_AERODIGESTIVE_TRACT,0.9189621806144714,0.9572333802106017,4,X_pca,mil,0.5,43
imatinib,SNU738_CENTRAL_NERVOUS_SYSTEM,1.1610615253448486,1.0723800427995445,1,X_pca,mil,0.5,43
imatinib,SNU899_UPPER_AERODIGESTIVE_TRACT,0.994714081287384,0.8844123432435185,2,X_pca,mil,0.5,43
imatinib,SNUC4_LARGE_INTESTINE,0.9843310117721558,0.9689408364592068,5,X_pca,mil,0.5,43
imatinib,SQ1_LUNG,1.3075755834579468,1.0275053111445003,3,X_pca,mil,0.5,43
imatinib,SU8686_PANCREAS,1.0099101066589355,1.0847783045070927,1,X_pca,mil,0.5,43
imatinib,SW1088_CENTRAL_NERVOUS_SYSTEM,0.9793033599853516,0.8799131959676743,4,X_pca,mil,0.5,43
imatinib,SW1271_LUNG,0.9389393925666809,0.8707826101261636,1,X_pca,mil,0.5,43
imatinib,SW1990_PANCREAS,0.908486545085907,0.9601540103409112,5,X_pca,mil,0.5,43
imatinib,SW579_THYROID,0.6032810211181641,0.8934311825558886,3,X_pca,mil,0.5,43
imatinib,T47D_BREAST,0.8783296942710876,1.0116547071016753,1,X_pca,mil,0.5,43
imatinib,TCCSUP_URINARY_TRACT,0.9596133828163147,0.9326026994216291,3,X_pca,mil,0.5,43
imatinib,TE10_OESOPHAGUS,1.0412399768829346,0.8693890802936467,4,X_pca,mil,0.5,43
imatinib,TE14_OESOPHAGUS,0.8636499047279358,0.9276338282516737,1,X_pca,mil,0.5,43
imatinib,TE1_OESOPHAGUS,1.0101912021636963,0.8940886455832175,4,X_pca,mil,0.5,43
imatinib,TE6_OESOPHAGUS,0.9241904616355896,0.9896741063754918,2,X_pca,mil,0.5,43
imatinib,TE9_OESOPHAGUS,1.002119541168213,0.9917286764229497,2,X_pca,mil,0.5,43
imatinib,TM31_CENTRAL_NERVOUS_SYSTEM,0.8456926941871643,0.8678079915457758,2,X_pca,mil,0.5,43
imatinib,TOV112D_OVARY,0.8788573145866394,0.8961728314558665,2,X_pca,mil,0.5,43
imatinib,UACC257_SKIN,0.9354337453842163,0.9803944871016627,1,X_pca,mil,0.5,43
imatinib,UMUC1_URINARY_TRACT,0.9040716886520386,1.0993837919937173,1,X_pca,mil,0.5,43
imatinib,VMCUB1_URINARY_TRACT,0.9649621248245239,0.8660973114698003,4,X_pca,mil,0.5,43
imatinib,VMRCRCZ_KIDNEY,0.9633647799491882,0.8094393386443456,2,X_pca,mil,0.5,43
imatinib,YD38_UPPER_AERODIGESTIVE_TRACT,1.0483087301254272,1.0433289444026275,4,X_pca,mil,0.5,43
erlotinib,42MGBA_CENTRAL_NERVOUS_SYSTEM,0.9227536916732788,1.2236361737186845,4,X_pca,mil,0.5,43
erlotinib,8305C_THYROID,0.7939732670783997,1.049503919865311,4,X_pca,mil,0.5,43
erlotinib,A204_SOFT_TISSUE,0.815484344959259,1.3989317469596863,4,X_pca,mil,0.5,43
erlotinib,A2058_SKIN,0.9949605464935303,0.9735689678159701,5,X_pca,mil,0.5,43
erlotinib,A375_SKIN,0.973318874835968,0.8851550165155485,3,X_pca,mil,0.5,43
erlotinib,ACCMESO1_PLEURA,0.9420119524002075,1.2092524590315643,2,X_pca,mil,0.5,43
erlotinib,ASPC1_PANCREAS,0.9369305968284607,0.8530701994895935,4,X_pca,mil,0.5,43
erlotinib,BCPAP_THYROID,0.8213984370231628,1.1052176850406747,4,X_pca,mil,0.5,43
erlotinib,BFTC909_KIDNEY,0.9552398324012756,0.9841205935364977,5,X_pca,mil,0.5,43
erlotinib,BHY_UPPER_AERODIGESTIVE_TRACT,0.5991201400756836,0.7416553748065028,3,X_pca,mil,0.5,43
erlotinib,BICR16_UPPER_AERODIGESTIVE_TRACT,0.7892967462539673,0.654386006436258,5,X_pca,mil,0.5,43
erlotinib,BICR31_UPPER_AERODIGESTIVE_TRACT,0.8042541146278381,0.8155770474864591,3,X_pca,mil,0.5,43
erlotinib,BICR56_UPPER_AERODIGESTIVE_TRACT,0.6093823909759521,0.6496685636632237,3,X_pca,mil,0.5,43
erlotinib,BICR6_UPPER_AERODIGESTIVE_TRACT,0.7608282566070557,0.7150089092604763,5,X_pca,mil,0.5,43
erlotinib,BT474_BREAST,0.9083369374275208,1.1369196996688842,4,X_pca,mil,0.5,43
erlotinib,BT549_BREAST,1.1754072904586792,0.9761397701905186,1,X_pca,mil,0.5,43
erlotinib,CAKI2_KIDNEY,0.8694139719009399,0.633622061327207,4,X_pca,mil,0.5,43
erlotinib,CALU6_LUNG,0.7326635122299194,0.8694324735985246,3,X_pca,mil,0.5,43
erlotinib,CAMA1_BREAST,0.9175612330436707,0.9514359827713459,3,X_pca,mil,0.5,43
erlotinib,CAS1_CENTRAL_NERVOUS_SYSTEM,1.0273317098617554,1.0390566972861612,1,X_pca,mil,0.5,43
erlotinib,CCFSTTG1_CENTRAL_NERVOUS_SYSTEM,1.1513586044311523,0.9999250939221886,5,X_pca,mil,0.5,43
erlotinib,COLO792_SKIN,0.9660155773162842,1.0183294778380447,2,X_pca,mil,0.5,43
erlotinib,COV434_OVARY,0.8242210149765015,0.8915912739255212,4,X_pca,mil,0.5,43
erlotinib,DETROIT562_UPPER_AERODIGESTIVE_TRACT,0.8132838010787964,0.5997264794776777,2,X_pca,mil,0.5,43
erlotinib,DKMG_CENTRAL_NERVOUS_SYSTEM,1.0006624460220337,1.0643145730134747,5,X_pca,mil,0.5,43
erlotinib,EBC1_LUNG,0.9782431721687317,1.0110260459684557,3,X_pca,mil,0.5,43
erlotinib,EFE184_ENDOMETRIUM,0.856898844242096,0.7434095560118209,4,X_pca,mil,0.5,43
erlotinib,EFM192A_BREAST,0.9408064484596252,0.8252246474718546,5,X_pca,mil,0.5,43
erlotinib,EKVX_LUNG,0.6745953559875488,0.9826202421155694,2,X_pca,mil,0.5,43
erlotinib,FTC133_THYROID,0.9978106617927551,0.9723641825573784,3,X_pca,mil,0.5,43
erlotinib,GOS3_CENTRAL_NERVOUS_SYSTEM,0.9610662460327148,1.0596448807192098,2,X_pca,mil,0.5,43
erlotinib,HCC1428_BREAST,0.9036024212837219,0.7855546098994458,5,X_pca,mil,0.5,43
erlotinib,HCC366_LUNG,0.9372639656066895,0.8585565804254891,5,X_pca,mil,0.5,43
erlotinib,HCC38_BREAST,1.3760467767715454,0.8505756771564483,5,X_pca,mil,0.5,43
erlotinib,HCC56_LARGE_INTESTINE,0.8906144499778748,0.8219427436289161,3,X_pca,mil,0.5,43
erlotinib,HDQP1_BREAST,0.7821134328842163,1.0020166588947177,3,X_pca,mil,0.5,43
erlotinib,HEC151_ENDOMETRIUM,0.8126585483551025,0.8300108946561814,4,X_pca,mil,0.5,43
erlotinib,HEC251_ENDOMETRIUM,0.8099750280380249,0.9524667842365871,3,X_pca,mil,0.5,43
erlotinib,HEC6_ENDOMETRIUM,0.9715927243232727,0.8320210994400593,1,X_pca,mil,0.5,43
erlotinib,HEP3B217_LIVER,0.9021901488304138,0.6431356908406242,2,X_pca,mil,0.5,43
erlotinib,HMC18_BREAST,0.9371680021286011,0.9375734512309573,2,X_pca,mil,0.5,43
erlotinib,HOS_BONE,0.9278596639633179,1.2093973353918557,4,X_pca,mil,0.5,43
erlotinib,HS852T_SKIN,0.9603044986724854,1.0182666576203006,3,X_pca,mil,0.5,43
erlotinib,HT1080_SOFT_TISSUE,1.026070475578308,0.8751166611909866,5,X_pca,mil,0.5,43
erlotinib,HT1197_URINARY_TRACT,0.9786010384559631,0.9133765834408838,4,X_pca,mil,0.5,43
erlotinib,HT55_LARGE_INTESTINE,0.7001996040344238,1.0060925718167382,1,X_pca,mil,0.5,43
erlotinib,HUH28_BILIARY_TRACT,0.9290624260902405,1.015670971475917,2,X_pca,mil,0.5,43
erlotinib,HUH6_LIVER,0.9072860479354858,0.9464550371000753,4,X_pca,mil,0.5,43
erlotinib,HUPT3_PANCREAS,1.0160894393920898,0.8690619858748773,5,X_pca,mil,0.5,43
erlotinib,HUPT4_PANCREAS,0.6695789098739624,0.8265486348952565,5,X_pca,mil,0.5,43
erlotinib,IALM_LUNG,1.0861659049987793,0.973287468833953,4,X_pca,mil,0.5,43
erlotinib,IGR1_SKIN,0.8977431058883667,0.953478435730112,5,X_pca,mil,0.5,43
erlotinib,IGR37_SKIN,0.953414261341095,1.0265208159812245,2,X_pca,mil,0.5,43
erlotinib,IM95_STOMACH,0.8462339043617249,0.726936747737833,4,X_pca,mil,0.5,43
erlotinib,JHH6_LIVER,1.0701408386230469,0.9227630950293495,3,X_pca,mil,0.5,43
erlotinib,JHOC5_OVARY,0.7816890478134155,0.6781227333792325,5,X_pca,mil,0.5,43
erlotinib,KALS1_CENTRAL_NERVOUS_SYSTEM,0.8893588781356812,1.0908732941995065,2,X_pca,mil,0.5,43
erlotinib,KMRC3_KIDNEY,0.7994269132614136,0.9524890393626934,1,X_pca,mil,0.5,43
erlotinib,KNS42_CENTRAL_NERVOUS_SYSTEM,0.9486578702926636,0.9381547419484272,4,X_pca,mil,0.5,43
erlotinib,KPL1_BREAST,1.0272578001022339,0.9641458845656851,3,X_pca,mil,0.5,43
erlotinib,KPNSI9S_AUTONOMIC_GANGLIA,0.9400601387023926,1.0196041538733844,5,X_pca,mil,0.5,43
erlotinib,KYSE520_OESOPHAGUS,0.8989939093589783,0.7624195264219868,2,X_pca,mil,0.5,43
erlotinib,LI7_LIVER,0.8600107431411743,0.7736728846722719,4,X_pca,mil,0.5,43
erlotinib,LMSU_STOMACH,1.00900137424469,0.9511143787234437,2,X_pca,mil,0.5,43
erlotinib,LNCAPCLONEFGC_PROSTATE,0.8897188901901245,1.0708515228227127,2,X_pca,mil,0.5,43
erlotinib,LS1034_LARGE_INTESTINE,1.0561456680297852,0.827509101939528,4,X_pca,mil,0.5,43
erlotinib,LS180_LARGE_INTESTINE,0.8111333250999451,0.8221600802816512,3,X_pca,mil,0.5,43
erlotinib,MCF7_BREAST,1.005828619003296,0.9976488589406847,1,X_pca,mil,0.5,43
erlotinib,MDAMB361_BREAST,0.8625293970108032,0.9071487846197905,1,X_pca,mil,0.5,43
erlotinib,MFE319_ENDOMETRIUM,0.8470615148544312,0.8353911510312745,2,X_pca,mil,0.5,43
erlotinib,MKN45_STOMACH,0.9280589818954468,0.9241858018656909,1,X_pca,mil,0.5,43
erlotinib,MKN7_STOMACH,0.9375415444374084,0.8586249656455461,5,X_pca,mil,0.5,43
erlotinib,MSTO211H_PLEURA,0.7535524368286133,0.9625457946700279,1,X_pca,mil,0.5,43
erlotinib,NCIH1299_LUNG,0.9564399719238281,1.1083674550279696,2,X_pca,mil,0.5,43
erlotinib,NCIH1373_LUNG,0.9308328032493591,0.8385250899122982,3,X_pca,mil,0.5,43
erlotinib,NCIH1435_LUNG,0.8299428224563599,0.805319088898348,3,X_pca,mil,0.5,43
erlotinib,NCIH1792_LUNG,0.9225801229476929,0.9680840577091183,4,X_pca,mil,0.5,43
erlotinib,NCIH1944_LUNG,0.6755056381225586,0.8969742145371322,2,X_pca,mil,0.5,43
erlotinib,NCIH2087_LUNG,0.9466559886932373,0.7914749552670135,5,X_pca,mil,0.5,43
erlotinib,NCIH2110_LUNG,0.8700545430183411,0.786971736792943,1,X_pca,mil,0.5,43
erlotinib,NCIH2126_LUNG,0.9581408500671387,0.5855313388235641,4,X_pca,mil,0.5,43
erlotinib,NCIH2170_LUNG,0.8296470642089844,0.7276989561571202,4,X_pca,mil,0.5,43
erlotinib,NCIH2228_LUNG,0.9437503218650818,0.8281626137790628,3,X_pca,mil,0.5,43
erlotinib,NCIH226_LUNG,1.0212596654891968,0.8345448253002573,1,X_pca,mil,0.5,43
erlotinib,NCIH2444_LUNG,0.8689837455749512,0.9996959725512734,3,X_pca,mil,0.5,43
erlotinib,NCIH2452_PLEURA,0.9806432127952576,1.1145300114021868,3,X_pca,mil,0.5,43
erlotinib,NCIH292_LUNG,0.7732622027397156,0.7634951857054177,3,X_pca,mil,0.5,43
erlotinib,NCIH358_LUNG,0.590069055557251,0.8766543975188619,1,X_pca,mil,0.5,43
erlotinib,NCIH446_LUNG,0.9970192313194275,1.1038939548390252,3,X_pca,mil,0.5,43
erlotinib,NCIH460_LUNG,0.8841593265533447,0.8162196015442856,3,X_pca,mil,0.5,43
erlotinib,NCIH522_LUNG,1.0643805265426636,0.8620711599404995,2,X_pca,mil,0.5,43
erlotinib,NCIH650_LUNG,0.927263081073761,0.8714966598032146,5,X_pca,mil,0.5,43
erlotinib,NCIH747_LARGE_INTESTINE,0.6506001353263855,0.9737125016748905,5,X_pca,mil,0.5,43
erlotinib,OAW28_OVARY,0.8934064507484436,0.8295479083653563,5,X_pca,mil,0.5,43
erlotinib,ONCODG1_OVARY,0.7493202090263367,0.8566214426800057,2,X_pca,mil,0.5,43
erlotinib,OSRC2_KIDNEY,0.9018242359161377,0.9246839767410642,3,X_pca,mil,0.5,43
erlotinib,OUMS23_LARGE_INTESTINE,0.9114434123039246,0.8009006030091615,5,X_pca,mil,0.5,43
erlotinib,OVCAR4_OVARY,0.9459946751594543,0.8142985526748765,1,X_pca,mil,0.5,43
erlotinib,OVK18_OVARY,0.9644356966018677,0.8896658926197653,5,X_pca,mil,0.5,43
erlotinib,OVSAHO_OVARY,0.9543871283531189,0.8429933775889191,2,X_pca,mil,0.5,43
erlotinib,OVTOKO_OVARY,0.8389784097671509,0.7581601101530796,2,X_pca,mil,0.5,43
erlotinib,PANC0203_PANCREAS,1.0559749603271484,0.7950726257482537,3,X_pca,mil,0.5,43
erlotinib,PATU8988S_PANCREAS,0.7620996832847595,0.8700263895949379,2,X_pca,mil,0.5,43
erlotinib,PC3_PROSTATE,0.9939237236976624,0.9923081718958341,1,X_pca,mil,0.5,43
erlotinib,PECAPJ49_UPPER_AERODIGESTIVE_TRACT,0.7799405455589294,0.5837252972149612,1,X_pca,mil,0.5,43
erlotinib,PK45H_PANCREAS,1.1305443048477173,1.1300428274372847,4,X_pca,mil,0.5,43
erlotinib,PK59_PANCREAS,0.9944639205932617,0.9497738466865715,5,X_pca,mil,0.5,43
erlotinib,RCC10RGB_KIDNEY,0.9213240742683411,0.8082669858257147,5,X_pca,mil,0.5,43
erlotinib,RCM1_LARGE_INTESTINE,0.8782681822776794,0.8975280565209687,3,X_pca,mil,0.5,43
erlotinib,RD_SOFT_TISSUE,1.0266718864440918,0.9910099278007888,1,X_pca,mil,0.5,43
erlotinib,RERFLCAD1_LUNG,1.127927541732788,0.8997690520659396,5,X_pca,mil,0.5,43
erlotinib,RERFLCAI_LUNG,0.9139118194580078,1.0004921805499265,5,X_pca,mil,0.5,43
erlotinib,RT4_URINARY_TRACT,0.9337007403373718,0.8578264617694998,5,X_pca,mil,0.5,43
erlotinib,RVH421_SKIN,0.830150842666626,1.3350516076367271,4,X_pca,mil,0.5,43
erlotinib,SCC25_UPPER_AERODIGESTIVE_TRACT,0.7244674563407898,0.6810683578186417,2,X_pca,mil,0.5,43
erlotinib,SCC9_UPPER_AERODIGESTIVE_TRACT,0.8072189092636108,0.9623982438288237,2,X_pca,mil,0.5,43
erlotinib,SH10TC_STOMACH,0.8990940451622009,0.9363135569795245,5,X_pca,mil,0.5,43
erlotinib,SKES1_BONE,0.8499570488929749,1.04148990046847,2,X_pca,mil,0.5,43
erlotinib,SKMEL2_SKIN,1.1927125453948975,0.9002348303362944,1,X_pca,mil,0.5,43
erlotinib,SKMEL30_SKIN,1.0104385614395142,1.0149141884390422,1,X_pca,mil,0.5,43
erlotinib,SKMEL5_SKIN,0.9829933643341064,1.3020758165253534,4,X_pca,mil,0.5,43
erlotinib,SKNAS_AUTONOMIC_GANGLIA,1.0081439018249512,0.9889550106187838,2,X_pca,mil,0.5,43
erlotinib,SNU1079_BILIARY_TRACT,0.5385227799415588,0.8152216889270364,1,X_pca,mil,0.5,43
erlotinib,SNU1214_UPPER_AERODIGESTIVE_TRACT,0.7014681696891785,0.6584555039063413,1,X_pca,mil,0.5,43
erlotinib,SNU308_BILIARY_TRACT,0.7263644933700562,0.8212578226911261,1,X_pca,mil,0.5,43
erlotinib,SNU423_LIVER,1.0440729856491089,1.028115988902326,4,X_pca,mil,0.5,43
erlotinib,SNU449_LIVER,0.953109622001648,0.8243656147879066,3,X_pca,mil,0.5,43
erlotinib,SNU46_UPPER_AERODIGESTIVE_TRACT,0.899195671081543,0.8517103907415422,4,X_pca,mil,0.5,43
erlotinib,SNU738_CENTRAL_NERVOUS_SYSTEM,0.9397778511047363,0.9775400509305868,1,X_pca,mil,0.5,43
erlotinib,SNU899_UPPER_AERODIGESTIVE_TRACT,0.8379518985748291,0.45891900593975943,2,X_pca,mil,0.5,43
erlotinib,SNUC4_LARGE_INTESTINE,0.8305989503860474,0.6914086679447387,5,X_pca,mil,0.5,43
erlotinib,SQ1_LUNG,0.9026238322257996,0.8706266589525367,3,X_pca,mil,0.5,43
erlotinib,SU8686_PANCREAS,0.9828678369522095,0.8664869426227197,1,X_pca,mil,0.5,43
erlotinib,SW1088_CENTRAL_NERVOUS_SYSTEM,1.0083885192871094,1.1670051920227706,4,X_pca,mil,0.5,43
erlotinib,SW1271_LUNG,1.048211932182312,0.9583547566248023,1,X_pca,mil,0.5,43
erlotinib,SW1990_PANCREAS,0.8841389417648315,1.0127102818085238,5,X_pca,mil,0.5,43
erlotinib,SW579_THYROID,0.9727556109428406,1.1590997291050749,3,X_pca,mil,0.5,43
erlotinib,T47D_BREAST,0.9229445457458496,0.8449697602388546,1,X_pca,mil,0.5,43
erlotinib,TCCSUP_URINARY_TRACT,0.9192463755607605,0.9389121423039255,3,X_pca,mil,0.5,43
erlotinib,TE10_OESOPHAGUS,0.8801246285438538,0.801969374831953,4,X_pca,mil,0.5,43
erlotinib,TE14_OESOPHAGUS,0.708821177482605,0.6175151344718812,1,X_pca,mil,0.5,43
erlotinib,TE1_OESOPHAGUS,0.8910790681838989,0.9417491913999169,4,X_pca,mil,0.5,43
erlotinib,TE6_OESOPHAGUS,0.8162715435028076,0.6497681204182266,2,X_pca,mil,0.5,43
erlotinib,TE9_OESOPHAGUS,0.875459611415863,0.6561427503343551,2,X_pca,mil,0.5,43
erlotinib,TM31_CENTRAL_NERVOUS_SYSTEM,0.9484850168228149,1.045246976202932,2,X_pca,mil,0.5,43
erlotinib,TOV112D_OVARY,0.8339627385139465,0.9241690803796817,2,X_pca,mil,0.5,43
erlotinib,UACC257_SKIN,1.0504016876220703,1.0198615617333098,1,X_pca,mil,0.5,43
erlotinib,VMCUB1_URINARY_TRACT,0.7953813672065735,0.5681220856047076,4,X_pca,mil,0.5,43
erlotinib,VMRCRCZ_KIDNEY,0.8398489952087402,0.7977354835470517,2,X_pca,mil,0.5,43
erlotinib,YD38_UPPER_AERODIGESTIVE_TRACT,0.5701578259468079,0.6438437728927686,4,X_pca,mil,0.5,43
erlotinib,ZR751_BREAST,0.8760277032852173,0.8825906499689836,1,X_pca,mil,0.5,43
sorafenib,42MGBA_CENTRAL_NERVOUS_SYSTEM,0.7620083093643188,0.6696536692873392,4,X_pca,mil,0.5,43
sorafenib,8305C_THYROID,0.9253087043762207,0.8728593626183362,4,X_pca,mil,0.5,43
sorafenib,A204_SOFT_TISSUE,0.5694727897644043,0.9470879611968994,4,X_pca,mil,0.5,43
sorafenib,A2058_SKIN,0.8890812397003174,0.7955437916882184,5,X_pca,mil,0.5,43
sorafenib,A375_SKIN,1.027357578277588,0.8590339756434121,3,X_pca,mil,0.5,43
sorafenib,ACCMESO1_PLEURA,0.9610148668289185,0.8671299292717451,2,X_pca,mil,0.5,43
sorafenib,ASPC1_PANCREAS,0.8247990012168884,0.7948892505004488,4,X_pca,mil,0.5,43
sorafenib,BCPAP_THYROID,0.9238057732582092,0.8312537115263311,4,X_pca,mil,0.5,43
sorafenib,BFTC909_KIDNEY,0.9635162949562073,0.8217842201444279,5,X_pca,mil,0.5,43
sorafenib,BHY_UPPER_AERODIGESTIVE_TRACT,0.9516038298606873,1.0159805338958214,3,X_pca,mil,0.5,43
sorafenib,BICR16_UPPER_AERODIGESTIVE_TRACT,0.9785931706428528,0.9148043410957984,5,X_pca,mil,0.5,43
sorafenib,BICR31_UPPER_AERODIGESTIVE_TRACT,0.9844813942909241,0.9630861702945924,3,X_pca,mil,0.5,43
sorafenib,BICR56_UPPER_AERODIGESTIVE_TRACT,1.0484936237335205,0.9721455088368168,3,X_pca,mil,0.5,43
sorafenib,BICR6_UPPER_AERODIGESTIVE_TRACT,0.9508293867111206,0.9239484988726102,5,X_pca,mil,0.5,43
sorafenib,BT474_BREAST,0.7563530802726746,0.8025295343399048,4,X_pca,mil,0.5,43
sorafenib,BT549_BREAST,0.9377016425132751,0.8286623432672113,1,X_pca,mil,0.5,43
sorafenib,CAKI2_KIDNEY,0.8227479457855225,0.860737463231567,4,X_pca,mil,0.5,43
sorafenib,CALU6_LUNG,0.7486880421638489,0.8521393066228822,3,X_pca,mil,0.5,43
sorafenib,CAMA1_BREAST,0.8539245128631592,0.8903262539417883,3,X_pca,mil,0.5,43
sorafenib,CAS1_CENTRAL_NERVOUS_SYSTEM,1.0254175662994385,0.8210547243742118,1,X_pca,mil,0.5,43
sorafenib,CCFSTTG1_CENTRAL_NERVOUS_SYSTEM,0.842994213104248,0.9185396418338869,5,X_pca,mil,0.5,43
sorafenib,COLO792_SKIN,0.7970544099807739,0.8096066539577892,2,X_pca,mil,0.5,43
sorafenib,COV434_OVARY,0.785873532295227,0.9189115329222246,4,X_pca,mil,0.5,43
sorafenib,DETROIT562_UPPER_AERODIGESTIVE_TRACT,0.9547587633132935,0.921726781532077,2,X_pca,mil,0.5,43
sorafenib,DKMG_CENTRAL_NERVOUS_SYSTEM,0.9341744780540466,0.8494858119320605,5,X_pca,mil,0.5,43
sorafenib,EBC1_LUNG,0.8767582774162292,0.8818432342621588,3,X_pca,mil,0.5,43
sorafenib,EFE184_ENDOMETRIUM,0.9274181723594666,0.9020074696041817,4,X_pca,mil,0.5,43
sorafenib,EKVX_LUNG,0.7959703803062439,1.0138216418762729,2,X_pca,mil,0.5,43
sorafenib,FTC133_THYROID,0.8832694292068481,0.9285314053297042,3,X_pca,mil,0.5,43
sorafenib,GOS3_CENTRAL_NERVOUS_SYSTEM,0.8840194344520569,0.9416119356430014,2,X_pca,mil,0.5,43
sorafenib,HCC1428_BREAST,0.8387742042541504,1.0157842011902276,5,X_pca,mil,0.5,43
sorafenib,HCC366_LUNG,0.9401351809501648,1.0290596821520588,5,X_pca,mil,0.5,43
sorafenib,HCC38_BREAST,0.86554354429245,0.868564245402813,5,X_pca,mil,0.5,43
sorafenib,HCC56_LARGE_INTESTINE,0.8666735291481018,0.8787659424724001,3,X_pca,mil,0.5,43
sorafenib,HDQP1_BREAST,1.0866868495941162,0.9581572972238064,3,X_pca,mil,0.5,43
sorafenib,HEC151_ENDOMETRIUM,0.8457918167114258,0.9087995793819428,4,X_pca,mil,0.5,43
sorafenib,HEC251_ENDOMETRIUM,0.9381492137908936,0.9212891169797595,3,X_pca,mil,0.5,43
sorafenib,HEC6_ENDOMETRIUM,0.9477641582489014,0.8693259595343785,1,X_pca,mil,0.5,43
sorafenib,HEP3B217_LIVER,0.8732810020446777,0.9435636830531945,2,X_pca,mil,0.5,43
sorafenib,HMC18_BREAST,0.9106922149658203,0.8005163538374591,2,X_pca,mil,0.5,43
sorafenib,HOS_BONE,0.7735216021537781,0.8855845538856613,4,X_pca,mil,0.5,43
sorafenib,HS852T_SKIN,1.1187642812728882,0.9435103590841647,3,X_pca,mil,0.5,43
sorafenib,HT1080_SOFT_TISSUE,0.7839909195899963,0.9240367209264474,5,X_pca,mil,0.5,43
sorafenib,HT1197_URINARY_TRACT,0.6287790536880493,1.0379943976531159,4,X_pca,mil,0.5,43
sorafenib,HT55_LARGE_INTESTINE,0.8548980951309204,0.9659733218604355,1,X_pca,mil,0.5,43
sorafenib,HUH28_BILIARY_TRACT,0.9776293635368347,0.9403469862697793,2,X_pca,mil,0.5,43
sorafenib,HUH6_LIVER,0.7311108112335205,0.8924319068708363,4,X_pca,mil,0.5,43
sorafenib,HUPT3_PANCREAS,0.8269335031509399,0.8822262063622475,5,X_pca,mil,0.5,43
sorafenib,HUPT4_PANCREAS,0.9032252430915833,0.9332666982497487,5,X_pca,mil,0.5,43
sorafenib,IALM_LUNG,0.7974401116371155,0.8269291177669668,4,X_pca,mil,0.5,43
sorafenib,IGR1_SKIN,0.8896166086196899,0.911697152154199,5,X_pca,mil,0.5,43
sorafenib,IGR37_SKIN,0.879531741142273,0.9358421062529946,2,X_pca,mil,0.5,43
sorafenib,IM95_STOMACH,0.8234829306602478,0.9531730220124528,4,X_pca,mil,0.5,43
sorafenib,JHH6_LIVER,0.9246944785118103,0.8282162963765339,3,X_pca,mil,0.5,43
sorafenib,JHOC5_OVARY,0.920386791229248,0.9364570588901125,5,X_pca,mil,0.5,43
sorafenib,KALS1_CENTRAL_NERVOUS_SYSTEM,0.8867756128311157,0.9607771159046226,2,X_pca,mil,0.5,43
sorafenib,KMRC3_KIDNEY,0.8500622510910034,0.9536094906378766,1,X_pca,mil,0.5,43
sorafenib,KNS42_CENTRAL_NERVOUS_SYSTEM,0.7692263722419739,0.88488783722007,4,X_pca,mil,0.5,43
sorafenib,KPL1_BREAST,0.9400314688682556,1.0128807447094847,3,X_pca,mil,0.5,43
sorafenib,KPNSI9S_AUTONOMIC_GANGLIA,0.9903244972229004,0.7625098685885585,5,X_pca,mil,0.5,43
sorafenib,KYSE520_OESOPHAGUS,0.877751350402832,0.9919899523073674,2,X_pca,mil,0.5,43
sorafenib,LI7_LIVER,0.7640031576156616,0.8659879019369885,4,X_pca,mil,0.5,43
sorafenib,LMSU_STOMACH,0.7875993847846985,0.8123722261073543,2,X_pca,mil,0.5,43
sorafenib,LNCAPCLONEFGC_PROSTATE,0.7684576511383057,0.9129574589951094,2,X_pca,mil,0.5,43
sorafenib,LS1034_LARGE_INTESTINE,0.8613359928131104,0.8992822966347002,4,X_pca,mil,0.5,43
sorafenib,LS180_LARGE_INTESTINE,0.9402288794517517,0.9003972483804021,3,X_pca,mil,0.5,43
sorafenib,MCF7_BREAST,0.9517213106155396,0.9843690949720103,1,X_pca,mil,0.5,43
sorafenib,MDAMB361_BREAST,0.8062521815299988,0.9056394382759377,1,X_pca,mil,0.5,43
sorafenib,MFE319_ENDOMETRIUM,0.7475056648254395,0.8846166211897166,2,X_pca,mil,0.5,43
sorafenib,MKN45_STOMACH,0.9648969173431396,0.9977155221720874,1,X_pca,mil,0.5,43
sorafenib,MKN7_STOMACH,0.7809563279151917,0.9575316242931425,5,X_pca,mil,0.5,43
sorafenib,MSTO211H_PLEURA,0.7477384805679321,0.8861984672771158,1,X_pca,mil,0.5,43
sorafenib,NCIH1299_LUNG,0.935891330242157,0.9215150801430034,2,X_pca,mil,0.5,43
sorafenib,NCIH1373_LUNG,0.8798536062240601,0.8750553330997142,3,X_pca,mil,0.5,43
sorafenib,NCIH1435_LUNG,1.1175224781036377,0.8433362921971953,3,X_pca,mil,0.5,43
sorafenib,NCIH1792_LUNG,0.9024240374565125,0.8429909375336793,4,X_pca,mil,0.5,43
sorafenib,NCIH1944_LUNG,0.7645619511604309,0.876108015720971,2,X_pca,mil,0.5,43
sorafenib,NCIH2087_LUNG,0.6904840469360352,0.8848531398599007,5,X_pca,mil,0.5,43
sorafenib,NCIH2110_LUNG,0.8479146957397461,1.0355959001498007,1,X_pca,mil,0.5,43
sorafenib,NCIH2126_LUNG,1.0344574451446533,0.8131672023146441,4,X_pca,mil,0.5,43
sorafenib,NCIH2170_LUNG,0.8312334418296814,0.8525238011924314,4,X_pca,mil,0.5,43
sorafenib,NCIH2228_LUNG,0.8375949263572693,0.9619903450765792,3,X_pca,mil,0.5,43
sorafenib,NCIH226_LUNG,0.8705545663833618,0.9348454734112354,1,X_pca,mil,0.5,43
sorafenib,NCIH2452_PLEURA,0.8317050337791443,0.8905890817757433,3,X_pca,mil,0.5,43
sorafenib,NCIH292_LUNG,0.9365999102592468,1.0069137159647517,3,X_pca,mil,0.5,43
sorafenib,NCIH358_LUNG,0.8402299284934998,0.8834189964192254,1,X_pca,mil,0.5,43
sorafenib,NCIH446_LUNG,0.8009206056594849,0.9190728433278142,3,X_pca,mil,0.5,43
sorafenib,NCIH460_LUNG,0.9303207993507385,0.8473625534893934,3,X_pca,mil,0.5,43
sorafenib,NCIH522_LUNG,0.8639686107635498,0.8209711972337502,2,X_pca,mil,0.5,43
sorafenib,NCIH650_LUNG,0.9268368482589722,0.9511477129045888,5,X_pca,mil,0.5,43
sorafenib,NCIH747_LARGE_INTESTINE,0.8629636764526367,0.938335508108139,5,X_pca,mil,0.5,43
sorafenib,OAW28_OVARY,0.9492865204811096,0.9619003016015758,5,X_pca,mil,0.5,43
sorafenib,ONCODG1_OVARY,0.9276169538497925,1.0533180267722517,2,X_pca,mil,0.5,43
sorafenib,OSRC2_KIDNEY,0.9674766659736633,0.9498316910531786,3,X_pca,mil,0.5,43
sorafenib,OUMS23_LARGE_INTESTINE,0.9748827815055847,0.7639125513139172,5,X_pca,mil,0.5,43
sorafenib,OVCAR4_OVARY,0.9750659465789795,0.9351140077459518,1,X_pca,mil,0.5,43
sorafenib,OVK18_OVARY,0.8941791653633118,0.8546299934387207,5,X_pca,mil,0.5,43
sorafenib,OVSAHO_OVARY,0.9573771357536316,1.1296023398243908,2,X_pca,mil,0.5,43
sorafenib,OVTOKO_OVARY,0.9591962695121765,1.0035556828576413,2,X_pca,mil,0.5,43
sorafenib,PANC0203_PANCREAS,0.8843251466751099,0.9323431119146083,3,X_pca,mil,0.5,43
sorafenib,PATU8988S_PANCREAS,0.8434209823608398,0.9994135003109448,2,X_pca,mil,0.5,43
sorafenib,PC3_PROSTATE,0.8169124722480774,0.9298863682521166,1,X_pca,mil,0.5,43
sorafenib,PECAPJ49_UPPER_AERODIGESTIVE_TRACT,0.9694474935531616,1.0663516943407532,1,X_pca,mil,0.5,43
sorafenib,PK45H_PANCREAS,0.9857468008995056,0.9361760801054895,4,X_pca,mil,0.5,43
sorafenib,PK59_PANCREAS,0.9894026517868042,0.8724061634348727,5,X_pca,mil,0.5,43
sorafenib,RCC10RGB_KIDNEY,0.9638580083847046,0.8967953183620273,5,X_pca,mil,0.5,43
sorafenib,RCM1_LARGE_INTESTINE,0.9093775749206543,0.833422648254782,3,X_pca,mil,0.5,43
sorafenib,RD_SOFT_TISSUE,0.812127411365509,0.7597157466457265,1,X_pca,mil,0.5,43
sorafenib,RERFLCAD1_LUNG,0.9769673943519592,0.909617380350215,5,X_pca,mil,0.5,43
sorafenib,RERFLCAI_LUNG,0.821485161781311,0.8934321959709277,5,X_pca,mil,0.5,43
sorafenib,RT4_URINARY_TRACT,1.0305711030960083,0.7512734852871805,5,X_pca,mil,0.5,43
sorafenib,RVH421_SKIN,0.7901917099952698,0.973736990944611,4,X_pca,mil,0.5,43
sorafenib,SCC25_UPPER_AERODIGESTIVE_TRACT,0.887211263179779,1.0708241401642626,2,X_pca,mil,0.5,43
sorafenib,SCC9_UPPER_AERODIGESTIVE_TRACT,0.9200924634933472,0.8809180632390474,2,X_pca,mil,0.5,43
sorafenib,SH10TC_STOMACH,0.836710512638092,0.9257918212488506,5,X_pca,mil,0.5,43
sorafenib,SKES1_BONE,0.826363742351532,0.9083425337141686,2,X_pca,mil,0.5,43
sorafenib,SKMEL30_SKIN,0.8652834296226501,0.8860942093238614,1,X_pca,mil,0.5,43
sorafenib,SKMEL5_SKIN,0.8153934478759766,0.8610090112646019,4,X_pca,mil,0.5,43
sorafenib,SKNAS_AUTONOMIC_GANGLIA,0.8148652911186218,0.9309692414460984,2,X_pca,mil,0.5,43
sorafenib,SNU1079_BILIARY_TRACT,1.00655996799469,0.8541179021743879,1,X_pca,mil,0.5,43
sorafenib,SNU1214_UPPER_AERODIGESTIVE_TRACT,0.9543975591659546,1.0675823739234438,1,X_pca,mil,0.5,43
sorafenib,SNU308_BILIARY_TRACT,1.012415885925293,0.9862743337103661,1,X_pca,mil,0.5,43
sorafenib,SNU423_LIVER,0.866847813129425,1.061781699083886,4,X_pca,mil,0.5,43
sorafenib,SNU449_LIVER,0.8178927302360535,0.8693221046569499,3,X_pca,mil,0.5,43
sorafenib,SNU46_UPPER_AERODIGESTIVE_TRACT,0.9638913869857788,0.9579217565261712,4,X_pca,mil,0.5,43
sorafenib,SNU738_CENTRAL_NERVOUS_SYSTEM,1.02228844165802,0.9480080255417836,1,X_pca,mil,0.5,43
sorafenib,SNU899_UPPER_AERODIGESTIVE_TRACT,0.91452956199646,0.9463937835521009,2,X_pca,mil,0.5,43
sorafenib,SNUC4_LARGE_INTESTINE,0.9002644419670105,0.8786331725324757,5,X_pca,mil,0.5,43
sorafenib,SQ1_LUNG,0.7700835466384888,0.9378692172154659,3,X_pca,mil,0.5,43
sorafenib,SU8686_PANCREAS,0.8709826469421387,0.9465540393096644,1,X_pca,mil,0.5,43
sorafenib,SW1088_CENTRAL_NERVOUS_SYSTEM,0.9265447854995728,0.8868167628534138,4,X_pca,mil,0.5,43
sorafenib,SW1271_LUNG,0.8496569991111755,0.8705799507058185,1,X_pca,mil,0.5,43
sorafenib,SW1990_PANCREAS,0.8949580192565918,0.9119196462320582,5,X_pca,mil,0.5,43
sorafenib,SW579_THYROID,0.5449548959732056,0.8716897827139648,3,X_pca,mil,0.5,43
sorafenib,T47D_BREAST,0.8224495649337769,0.8992866032263812,1,X_pca,mil,0.5,43
sorafenib,TCCSUP_URINARY_TRACT,0.8422660231590271,0.8767231123734124,3,X_pca,mil,0.5,43
sorafenib,TE10_OESOPHAGUS,0.9554001688957214,0.9187855421135959,4,X_pca,mil,0.5,43
sorafenib,TE14_OESOPHAGUS,0.9149248003959656,1.0441791461741372,1,X_pca,mil,0.5,43
sorafenib,TE1_OESOPHAGUS,1.0303728580474854,1.0546515381451949,4,X_pca,mil,0.5,43
sorafenib,TE9_OESOPHAGUS,0.9407044053077698,1.0079267472028732,2,X_pca,mil,0.5,43
sorafenib,TM31_CENTRAL_NERVOUS_SYSTEM,0.7330820560455322,0.878622446080734,2,X_pca,mil,0.5,43
sorafenib,TOV112D_OVARY,0.7878868579864502,0.9199592623955164,2,X_pca,mil,0.5,43
sorafenib,UACC257_SKIN,0.8443854451179504,0.8163489385130016,1,X_pca,mil,0.5,43
sorafenib,UMUC1_URINARY_TRACT,0.7282541990280151,1.072657511924124,1,X_pca,mil,0.5,43
sorafenib,VMCUB1_URINARY_TRACT,0.8223852515220642,1.0797052112832728,4,X_pca,mil,0.5,43
sorafenib,VMRCRCZ_KIDNEY,0.79443359375,0.9380807499090831,2,X_pca,mil,0.5,43
sorafenib,YD38_UPPER_AERODIGESTIVE_TRACT,0.9437626004219055,1.0570819148650537,4,X_pca,mil,0.5,43
sorafenib,ZR751_BREAST,1.043095350265503,0.8758327845230843,1,X_pca,mil,0.5,43
dasatinib,42MGBA_CENTRAL_NERVOUS_SYSTEM,0.4334654211997986,0.7134216608458044,4,X_pca,mil,0.5,43
dasatinib,8305C_THYROID,0.4926874339580536,0.539287069329509,4,X_pca,mil,0.5,43
dasatinib,A204_SOFT_TISSUE,0.4259912371635437,0.648410730600357,4,X_pca,mil,0.5,43
dasatinib,A2058_SKIN,0.9994200468063354,0.9640721962565467,5,X_pca,mil,0.5,43
dasatinib,A375_SKIN,0.8268100023269653,0.9136368094568108,3,X_pca,mil,0.5,43
dasatinib,ACCMESO1_PLEURA,0.730863094329834,0.7989397611882951,2,X_pca,mil,0.5,43
dasatinib,ASPC1_PANCREAS,0.8027234077453613,0.67324760587051,4,X_pca,mil,0.5,43
dasatinib,BCPAP_THYROID,0.5075414776802063,0.4022353236612521,4,X_pca,mil,0.5,43
dasatinib,BFTC909_KIDNEY,0.8652351498603821,0.6469028596827726,5,X_pca,mil,0.5,43
dasatinib,BHY_UPPER_AERODIGESTIVE_TRACT,0.48131436109542847,0.5566889318926581,3,X_pca,mil,0.5,43
dasatinib,BICR16_UPPER_AERODIGESTIVE_TRACT,0.6939761638641357,0.39716703458777014,5,X_pca,mil,0.5,43
dasatinib,BICR31_UPPER_AERODIGESTIVE_TRACT,0.513609766960144,0.5676051858932741,3,X_pca,mil,0.5,43
dasatinib,BICR56_UPPER_AERODIGESTIVE_TRACT,0.35828065872192383,0.35488892778938197,3,X_pca,mil,0.5,43
dasatinib,BICR6_UPPER_AERODIGESTIVE_TRACT,0.447648286819458,0.6064485635582384,5,X_pca,mil,0.5,43
dasatinib,BT474_BREAST,0.7905335426330566,0.9806331734657288,4,X_pca,mil,0.5,43
dasatinib,BT549_BREAST,0.6169654130935669,0.6708249390349352,1,X_pca,mil,0.5,43
dasatinib,CAKI2_KIDNEY,0.544165313243866,0.657344816078385,4,X_pca,mil,0.5,43
dasatinib,CALU6_LUNG,0.8003680109977722,0.849245149497838,3,X_pca,mil,0.5,43
dasatinib,CAMA1_BREAST,1.0918281078338623,0.9781772525040144,3,X_pca,mil,0.5,43
dasatinib,CAS1_CENTRAL_NERVOUS_SYSTEM,0.6615645289421082,0.5501847078925685,1,X_pca,mil,0.5,43
dasatinib,CCFSTTG1_CENTRAL_NERVOUS_SYSTEM,0.6407906413078308,0.5936064193161522,5,X_pca,mil,0.5,43
dasatinib,COLO792_SKIN,0.9551751613616943,1.1595530377982728,2,X_pca,mil,0.5,43
dasatinib,COV434_OVARY,0.7681589722633362,0.9717199727892876,4,X_pca,mil,0.5,43
dasatinib,DETROIT562_UPPER_AERODIGESTIVE_TRACT,0.5410073399543762,0.5529337113985986,2,X_pca,mil,0.5,43
dasatinib,DKMG_CENTRAL_NERVOUS_SYSTEM,0.5324797630310059,0.577755189029933,5,X_pca,mil,0.5,43
dasatinib,EBC1_LUNG,0.644189715385437,0.6521399001921376,3,X_pca,mil,0.5,43
dasatinib,EFE184_ENDOMETRIUM,0.5172581672668457,0.7186002575380858,4,X_pca,mil,0.5,43
dasatinib,EFM192A_BREAST,0.8132383823394775,0.9791575308676597,5,X_pca,mil,0.5,43
dasatinib,EKVX_LUNG,0.9910260438919067,0.6190191950291803,2,X_pca,mil,0.5,43
dasatinib,FTC133_THYROID,0.8035446405410767,0.7393654740282467,3,X_pca,mil,0.5,43
dasatinib,GOS3_CENTRAL_NERVOUS_SYSTEM,0.8528508543968201,0.7538551460385947,2,X_pca,mil,0.5,43
dasatinib,HCC1428_BREAST,0.8256688714027405,0.8864881142856568,5,X_pca,mil,0.5,43
dasatinib,HCC366_LUNG,0.5510829091072083,0.5953409131800774,5,X_pca,mil,0.5,43
dasatinib,HCC38_BREAST,0.6819133758544922,0.7292360989749431,5,X_pca,mil,0.5,43
dasatinib,HCC56_LARGE_INTESTINE,0.9015623331069946,0.8872845841176582,3,X_pca,mil,0.5,43
dasatinib,HDQP1_BREAST,0.5586175918579102,0.5652046515606344,3,X_pca,mil,0.5,43
dasatinib,HEC151_ENDOMETRIUM,0.5504109263420105,0.7292641258239746,4,X_pca,mil,0.5,43
dasatinib,HEC251_ENDOMETRIUM,0.6840876340866089,0.4972860169744937,3,X_pca,mil,0.5,43
dasatinib,HEC6_ENDOMETRIUM,0.654520571231842,0.6435231658982934,1,X_pca,mil,0.5,43
dasatinib,HEP3B217_LIVER,0.9273844957351685,0.38293861458867284,2,X_pca,mil,0.5,43
dasatinib,HMC18_BREAST,0.9990564584732056,0.7962773388359734,2,X_pca,mil,0.5,43
dasatinib,HOS_BONE,0.6318181157112122,0.8481718872654711,4,X_pca,mil,0.5,43
dasatinib,HS852T_SKIN,0.5268118381500244,0.875524879053787,3,X_pca,mil,0.5,43
dasatinib,HT1080_SOFT_TISSUE,0.6010266542434692,0.7557268898731978,5,X_pca,mil,0.5,43
dasatinib,HT1197_URINARY_TRACT,0.7041679620742798,0.7625736553926725,4,X_pca,mil,0.5,43
dasatinib,HT55_LARGE_INTESTINE,0.7281989455223083,0.958296129488832,1,X_pca,mil,0.5,43
dasatinib,HUH28_BILIARY_TRACT,0.439780056476593,0.42634449116617656,2,X_pca,mil,0.5,43
dasatinib,HUH6_LIVER,0.7917959094047546,0.9785535335540771,4,X_pca,mil,0.5,43
dasatinib,HUPT3_PANCREAS,0.4473266899585724,0.5935001509154544,5,X_pca,mil,0.5,43
dasatinib,HUPT4_PANCREAS,0.22050006687641144,0.7692245585577828,5,X_pca,mil,0.5,43
dasatinib,IALM_LUNG,0.6642125844955444,0.749109358798643,4,X_pca,mil,0.5,43
dasatinib,IGR1_SKIN,0.9082956314086914,0.9269436315010334,5,X_pca,mil,0.5,43
dasatinib,IGR37_SKIN,0.8115305304527283,1.1299579906188788,2,X_pca,mil,0.5,43
dasatinib,IM95_STOMACH,0.6393032670021057,0.8273656796764683,4,X_pca,mil,0.5,43
dasatinib,JHH6_LIVER,0.9760308265686035,0.8076129152068814,3,X_pca,mil,0.5,43
dasatinib,JHOC5_OVARY,0.5276264548301697,0.5983363817478048,5,X_pca,mil,0.5,43
dasatinib,KALS1_CENTRAL_NERVOUS_SYSTEM,0.6172302961349487,0.4700466860085726,2,X_pca,mil,0.5,43
dasatinib,KMRC3_KIDNEY,0.4987582862377167,0.7645001840834715,1,X_pca,mil,0.5,43
dasatinib,KNS42_CENTRAL_NERVOUS_SYSTEM,0.8199730515480042,0.7276126480726308,4,X_pca,mil,0.5,43
dasatinib,KPL1_BREAST,0.7372479438781738,0.9288812659788823,3,X_pca,mil,0.5,43
dasatinib,KPNSI9S_AUTONOMIC_GANGLIA,0.5606821179389954,0.7291291351466216,5,X_pca,mil,0.5,43
dasatinib,KYSE520_OESOPHAGUS,0.4756965637207031,0.4585987052681276,2,X_pca,mil,0.5,43
dasatinib,LI7_LIVER,0.5311142802238464,0.7693770392512789,4,X_pca,mil,0.5,43
dasatinib,LMSU_STOMACH,0.5103955268859863,0.4461302709345724,2,X_pca,mil,0.5,43
dasatinib,LNCAPCLONEFGC_PROSTATE,0.8158725500106812,0.9922516710998476,2,X_pca,mil,0.5,43
dasatinib,LS1034_LARGE_INTESTINE,0.8595411777496338,0.8269697678823994,4,X_pca,mil,0.5,43
dasatinib,LS180_LARGE_INTESTINE,0.6963598132133484,0.9094142960049109,3,X_pca,mil,0.5,43
dasatinib,MCF7_BREAST,0.8226410150527954,0.6862499422126717,1,X_pca,mil,0.5,43
dasatinib,MDAMB361_BREAST,0.9532812237739563,0.7781596545819883,1,X_pca,mil,0.5,43
dasatinib,MFE319_ENDOMETRIUM,0.8195475935935974,0.7606821373807198,2,X_pca,mil,0.5,43
dasatinib,MKN45_STOMACH,0.93873530626297,0.8154252484693365,1,X_pca,mil,0.5,43
dasatinib,MKN7_STOMACH,0.59619140625,0.668057226626448,5,X_pca,mil,0.5,43
dasatinib,MSTO211H_PLEURA,0.5750836133956909,0.72938588743258,1,X_pca,mil,0.5,43
dasatinib,NCIH1299_LUNG,0.6297326683998108,0.7117024157824141,2,X_pca,mil,0.5,43
dasatinib,NCIH1373_LUNG,0.6252244710922241,0.65051522814646,3,X_pca,mil,0.5,43
dasatinib,NCIH1435_LUNG,0.47326037287712097,0.7382595603832145,3,X_pca,mil,0.5,43
dasatinib,NCIH1792_LUNG,0.6707721948623657,0.8138797267063244,4,X_pca,mil,0.5,43
dasatinib,NCIH1944_LUNG,0.8082422018051147,0.7798498338403334,2,X_pca,mil,0.5,43
dasatinib,NCIH2087_LUNG,0.595470130443573,0.604782733470882,5,X_pca,mil,0.5,43
dasatinib,NCIH2110_LUNG,0.7364413738250732,0.7421998438823163,1,X_pca,mil,0.5,43
dasatinib,NCIH2126_LUNG,0.8638811707496643,0.824153482913971,4,X_pca,mil,0.5,43
dasatinib,NCIH2170_LUNG,0.7118402123451233,0.8991527162807088,4,X_pca,mil,0.5,43
dasatinib,NCIH2228_LUNG,0.6331348419189453,0.47756353272404267,3,X_pca,mil,0.5,43
dasatinib,NCIH226_LUNG,0.7791048884391785,0.5296667871323038,1,X_pca,mil,0.5,43
dasatinib,NCIH2444_LUNG,0.5421454906463623,0.3799541768645435,3,X_pca,mil,0.5,43
dasatinib,NCIH2452_PLEURA,0.5246762037277222,0.6337570929172757,3,X_pca,mil,0.5,43
dasatinib,NCIH292_LUNG,0.5705883502960205,0.5823990319256491,3,X_pca,mil,0.5,43
dasatinib,NCIH358_LUNG,0.576813817024231,0.5843714341698658,1,X_pca,mil,0.5,43
dasatinib,NCIH446_LUNG,0.6678470373153687,0.842569107759972,3,X_pca,mil,0.5,43
dasatinib,NCIH460_LUNG,0.9236070513725281,0.9542519157861439,3,X_pca,mil,0.5,43
dasatinib,NCIH522_LUNG,0.6360405683517456,0.8647143986935799,2,X_pca,mil,0.5,43
dasatinib,NCIH650_LUNG,0.7932010889053345,0.48899716655706565,5,X_pca,mil,0.5,43
dasatinib,NCIH747_LARGE_INTESTINE,0.5042724013328552,0.7888105407357215,5,X_pca,mil,0.5,43
dasatinib,OAW28_OVARY,0.5247742533683777,0.7164647899429251,5,X_pca,mil,0.5,43
dasatinib,ONCODG1_OVARY,0.5328340530395508,0.7566097691103264,2,X_pca,mil,0.5,43
dasatinib,OSRC2_KIDNEY,0.5809530019760132,0.7489141256563248,3,X_pca,mil,0.5,43
dasatinib,OUMS23_LARGE_INTESTINE,0.7905162572860718,0.7363639234382415,5,X_pca,mil,0.5,43
dasatinib,OVCAR4_OVARY,0.6255381107330322,0.5369153340797963,1,X_pca,mil,0.5,43
dasatinib,OVK18_OVARY,0.8288588523864746,0.891077669483892,5,X_pca,mil,0.5,43
dasatinib,OVSAHO_OVARY,0.7816910743713379,0.7070680785809319,2,X_pca,mil,0.5,43
dasatinib,OVTOKO_OVARY,0.5526567101478577,0.47302666406312055,2,X_pca,mil,0.5,43
dasatinib,PANC0203_PANCREAS,0.7578325271606445,0.5527270581764666,3,X_pca,mil,0.5,43
dasatinib,PATU8988S_PANCREAS,0.6856508851051331,0.9195067809253442,2,X_pca,mil,0.5,43
dasatinib,PC3_PROSTATE,0.7604544758796692,0.6587981001512538,1,X_pca,mil,0.5,43
dasatinib,PECAPJ49_UPPER_AERODIGESTIVE_TRACT,0.3881136178970337,0.39241859670912865,1,X_pca,mil,0.5,43
dasatinib,PK45H_PANCREAS,0.7003129720687866,0.7129002732544367,4,X_pca,mil,0.5,43
dasatinib,PK59_PANCREAS,0.5517120361328125,0.9219943535053867,5,X_pca,mil,0.5,43
dasatinib,RCC10RGB_KIDNEY,0.8883867859840393,0.4793230788902152,5,X_pca,mil,0.5,43
dasatinib,RCM1_LARGE_INTESTINE,0.7874229550361633,0.8025632561184466,3,X_pca,mil,0.5,43
dasatinib,RD_SOFT_TISSUE,0.6753624677658081,0.7637838559132426,1,X_pca,mil,0.5,43
dasatinib,RERFLCAD1_LUNG,0.8144843578338623,0.6830447942877012,5,X_pca,mil,0.5,43
dasatinib,RERFLCAI_LUNG,0.7495109438896179,0.740286805878148,5,X_pca,mil,0.5,43
dasatinib,RT4_URINARY_TRACT,0.6999799609184265,0.9807913100944375,5,X_pca,mil,0.5,43
dasatinib,RVH421_SKIN,0.8497257828712463,0.9280854269051652,4,X_pca,mil,0.5,43
dasatinib,SCC25_UPPER_AERODIGESTIVE_TRACT,0.3265823721885681,0.44730904479334777,2,X_pca,mil,0.5,43
dasatinib,SCC9_UPPER_AERODIGESTIVE_TRACT,0.6016831398010254,0.6746682748041655,2,X_pca,mil,0.5,43
dasatinib,SH10TC_STOMACH,0.8169143199920654,0.7121223791202589,5,X_pca,mil,0.5,43
dasatinib,SKES1_BONE,0.9750837683677673,0.8239780114247248,2,X_pca,mil,0.5,43
dasatinib,SKMEL30_SKIN,0.9788858294487,0.8843793614896769,1,X_pca,mil,0.5,43
dasatinib,SKMEL5_SKIN,0.9444921016693115,1.1311270359790686,4,X_pca,mil,0.5,43
dasatinib,SKNAS_AUTONOMIC_GANGLIA,0.7405744791030884,0.5780099706839671,2,X_pca,mil,0.5,43
dasatinib,SNU1079_BILIARY_TRACT,0.07737455517053604,0.7117944878258117,1,X_pca,mil,0.5,43
dasatinib,SNU1214_UPPER_AERODIGESTIVE_TRACT,0.39772874116897583,0.5563733553949822,1,X_pca,mil,0.5,43
dasatinib,SNU308_BILIARY_TRACT,0.6171565651893616,0.7236077874264819,1,X_pca,mil,0.5,43
dasatinib,SNU423_LIVER,0.5482215285301208,0.5163486992131989,4,X_pca,mil,0.5,43
dasatinib,SNU449_LIVER,0.5068399906158447,0.6915750385176206,3,X_pca,mil,0.5,43
dasatinib,SNU46_UPPER_AERODIGESTIVE_TRACT,0.6070349216461182,0.6000257447614508,4,X_pca,mil,0.5,43
dasatinib,SNU738_CENTRAL_NERVOUS_SYSTEM,0.8536766767501831,0.6715003155309481,1,X_pca,mil,0.5,43
dasatinib,SNU899_UPPER_AERODIGESTIVE_TRACT,0.6754158735275269,0.30730525808162,2,X_pca,mil,0.5,43
dasatinib,SNUC4_LARGE_INTESTINE,0.8817626237869263,0.8342178632411508,5,X_pca,mil,0.5,43
dasatinib,SQ1_LUNG,0.5959621071815491,0.39779048294079405,3,X_pca,mil,0.5,43
dasatinib,SU8686_PANCREAS,0.5122929811477661,0.5582939026559272,1,X_pca,mil,0.5,43
dasatinib,SW1088_CENTRAL_NERVOUS_SYSTEM,0.5384380221366882,0.5125263968948275,4,X_pca,mil,0.5,43
dasatinib,SW1271_LUNG,0.45770686864852905,0.7099316900191099,1,X_pca,mil,0.5,43
dasatinib,SW1990_PANCREAS,0.39563825726509094,0.6927707200135781,5,X_pca,mil,0.5,43
dasatinib,SW579_THYROID,0.3310171961784363,0.5412117753710065,3,X_pca,mil,0.5,43
dasatinib,T47D_BREAST,0.8848981857299805,0.9696445459693805,1,X_pca,mil,0.5,43
dasatinib,TCCSUP_URINARY_TRACT,0.6342606544494629,0.6237343998649453,3,X_pca,mil,0.5,43
dasatinib,TE10_OESOPHAGUS,0.602500855922699,0.5054410916485198,4,X_pca,mil,0.5,43
dasatinib,TE14_OESOPHAGUS,0.6673628687858582,0.6507299531109726,1,X_pca,mil,0.5,43
dasatinib,TE1_OESOPHAGUS,0.617663562297821,0.586690181378022,4,X_pca,mil,0.5,43
dasatinib,TE6_OESOPHAGUS,0.5395105481147766,0.6859602500868796,2,X_pca,mil,0.5,43
dasatinib,TE9_OESOPHAGUS,0.6579656600952148,0.6665053474566629,2,X_pca,mil,0.5,43
dasatinib,TM31_CENTRAL_NERVOUS_SYSTEM,0.6633169651031494,0.7706972224445179,2,X_pca,mil,0.5,43
dasatinib,TOV112D_OVARY,0.8191222548484802,0.6978318221293963,2,X_pca,mil,0.5,43
dasatinib,UACC257_SKIN,0.8085629940032959,1.051888883113861,1,X_pca,mil,0.5,43
dasatinib,UMUC1_URINARY_TRACT,1.0552480220794678,0.47097505591242445,1,X_pca,mil,0.5,43
dasatinib,VMCUB1_URINARY_TRACT,0.5278096199035645,0.6396390108633241,4,X_pca,mil,0.5,43
dasatinib,VMRCRCZ_KIDNEY,0.5612185001373291,0.574992625117302,2,X_pca,mil,0.5,43
dasatinib,YD38_UPPER_AERODIGESTIVE_TRACT,0.4801526963710785,0.4931927888343732,4,X_pca,mil,0.5,43
dasatinib,ZR751_BREAST,0.931337296962738,1.1338375675639674,1,X_pca,mil,0.5,43
crizotinib,42MGBA_CENTRAL_NERVOUS_SYSTEM,0.8139702081680298,0.8292768029747782,4,X_pca,mil,0.5,43
crizotinib,8305C_THYROID,0.7761738300323486,0.8073333230413383,4,X_pca,mil,0.5,43
crizotinib,A204_SOFT_TISSUE,0.8393369317054749,0.8521751140356064,4,X_pca,mil,0.5,43
crizotinib,A2058_SKIN,0.7947903275489807,0.8899316814075522,5,X_pca,mil,0.5,43
crizotinib,A375_SKIN,0.78465735912323,0.8016853632050461,3,X_pca,mil,0.5,43
crizotinib,ACCMESO1_PLEURA,0.8302913904190063,0.9626974952809605,2,X_pca,mil,0.5,43
crizotinib,ASPC1_PANCREAS,0.8185564279556274,0.7645052958151389,4,X_pca,mil,0.5,43
crizotinib,BCPAP_THYROID,0.7649052143096924,0.8016334293704284,4,X_pca,mil,0.5,43
crizotinib,BFTC909_KIDNEY,0.9795162081718445,0.8823769701187718,5,X_pca,mil,0.5,43
crizotinib,BHY_UPPER_AERODIGESTIVE_TRACT,0.7836951017379761,0.79933627350577,3,X_pca,mil,0.5,43
crizotinib,BICR16_UPPER_AERODIGESTIVE_TRACT,0.7850052714347839,0.6910968636566738,5,X_pca,mil,0.5,43
crizotinib,BICR31_UPPER_AERODIGESTIVE_TRACT,0.819883406162262,0.7972002743232635,3,X_pca,mil,0.5,43
crizotinib,BICR56_UPPER_AERODIGESTIVE_TRACT,0.9423783421516418,0.6829652594931331,3,X_pca,mil,0.5,43
crizotinib,BICR6_UPPER_AERODIGESTIVE_TRACT,0.8377566933631897,0.8348650625952474,5,X_pca,mil,0.5,43
crizotinib,BT474_BREAST,0.8649948835372925,0.9195032153129578,4,X_pca,mil,0.5,43
crizotinib,BT549_BREAST,0.9203373193740845,0.8676514786885197,1,X_pca,mil,0.5,43
crizotinib,CAKI2_KIDNEY,0.9734227657318115,0.6597432190780159,4,X_pca,mil,0.5,43
crizotinib,CALU6_LUNG,0.8141430020332336,0.7691976318294688,3,X_pca,mil,0.5,43
crizotinib,CAMA1_BREAST,0.8536314964294434,0.8623015784316047,3,X_pca,mil,0.5,43
crizotinib,CCFSTTG1_CENTRAL_NERVOUS_SYSTEM,0.9254195690155029,0.7524498710787393,5,X_pca,mil,0.5,43
crizotinib,COLO792_SKIN,0.7007670998573303,0.7668245054259072,2,X_pca,mil,0.5,43
crizotinib,COV434_OVARY,0.7016214728355408,0.8826300048015334,4,X_pca,mil,0.5,43
crizotinib,DETROIT562_UPPER_AERODIGESTIVE_TRACT,0.715034544467926,0.7867055359793587,2,X_pca,mil,0.5,43
crizotinib,DKMG_CENTRAL_NERVOUS_SYSTEM,0.7298175096511841,0.7433923014415587,5,X_pca,mil,0.5,43
crizotinib,EBC1_LUNG,0.39158496260643005,0.7906798015358627,3,X_pca,mil,0.5,43
crizotinib,EFE184_ENDOMETRIUM,0.8450548648834229,0.7620979166308115,4,X_pca,mil,0.5,43
crizotinib,EFM192A_BREAST,0.8649764657020569,0.8379650124916443,5,X_pca,mil,0.5,43
crizotinib,EKVX_LUNG,0.7739625573158264,0.8146517685014908,2,X_pca,mil,0.5,43
crizotinib,FTC133_THYROID,0.9462858438491821,0.8771802800042289,3,X_pca,mil,0.5,43
crizotinib,GOS3_CENTRAL_NERVOUS_SYSTEM,0.7839654088020325,0.8305253913889381,2,X_pca,mil,0.5,43
crizotinib,HCC1428_BREAST,0.9103943109512329,0.7683878799123088,5,X_pca,mil,0.5,43
crizotinib,HCC366_LUNG,0.7986536026000977,0.7818959373058659,5,X_pca,mil,0.5,43
crizotinib,HCC38_BREAST,0.9739012718200684,0.7905129736661911,5,X_pca,mil,0.5,43
crizotinib,HCC56_LARGE_INTESTINE,0.770784854888916,0.8361589252346694,3,X_pca,mil,0.5,43
crizotinib,HDQP1_BREAST,0.8876451253890991,0.80785614810884,3,X_pca,mil,0.5,43
crizotinib,HEC151_ENDOMETRIUM,0.8343287706375122,0.795675162911415,4,X_pca,mil,0.5,43
crizotinib,HEC251_ENDOMETRIUM,0.7653045058250427,0.857644096156147,3,X_pca,mil,0.5,43
crizotinib,HEC6_ENDOMETRIUM,0.8107236623764038,0.7097521603847883,1,X_pca,mil,0.5,43
crizotinib,HEP3B217_LIVER,0.7867912650108337,0.7222736715260198,2,X_pca,mil,0.5,43
crizotinib,HMC18_BREAST,0.6356581449508667,0.8135289543724711,2,X_pca,mil,0.5,43
crizotinib,HOS_BONE,0.8387298583984375,0.6937395605664202,4,X_pca,mil,0.5,43
crizotinib,HS852T_SKIN,0.7291908264160156,0.7403357010564686,3,X_pca,mil,0.5,43
crizotinib,HT1080_SOFT_TISSUE,0.8266996145248413,0.7797789528619411,5,X_pca,mil,0.5,43
crizotinib,HT1197_URINARY_TRACT,0.7681593298912048,0.6911013126373291,4,X_pca,mil,0.5,43
crizotinib,HT55_LARGE_INTESTINE,0.7315347790718079,0.9593050680454308,1,X_pca,mil,0.5,43
crizotinib,HUH28_BILIARY_TRACT,0.7656625509262085,0.6484061153672582,2,X_pca,mil,0.5,43
crizotinib,HUH6_LIVER,0.7224849462509155,0.9013687365153837,4,X_pca,mil,0.5,43
crizotinib,HUPT3_PANCREAS,0.8537005186080933,0.8074150541249443,5,X_pca,mil,0.5,43
crizotinib,HUPT4_PANCREAS,0.6761891841888428,0.695447106978723,5,X_pca,mil,0.5,43
crizotinib,IALM_LUNG,0.9222790002822876,0.8065644267553128,4,X_pca,mil,0.5,43
crizotinib,IGR1_SKIN,0.7101178765296936,0.8686414657790086,5,X_pca,mil,0.5,43
crizotinib,IGR37_SKIN,0.8298388123512268,0.7289335182317739,2,X_pca,mil,0.5,43
crizotinib,IM95_STOMACH,0.48041847348213196,0.7215766154431008,4,X_pca,mil,0.5,43
crizotinib,JHH6_LIVER,0.9490818977355957,0.908500228692027,3,X_pca,mil,0.5,43
crizotinib,JHOC5_OVARY,0.798740029335022,0.8314143394601756,5,X_pca,mil,0.5,43
crizotinib,KALS1_CENTRAL_NERVOUS_SYSTEM,0.7681830525398254,0.6991812259786658,2,X_pca,mil,0.5,43
crizotinib,KMRC3_KIDNEY,0.8218774795532227,0.8475651042801994,1,X_pca,mil,0.5,43
crizotinib,KPL1_BREAST,0.7377769947052002,0.6874116752026738,3,X_pca,mil,0.5,43
crizotinib,KPNSI9S_AUTONOMIC_GANGLIA,0.6164638996124268,0.7366477669209472,5,X_pca,mil,0.5,43
crizotinib,KYSE520_OESOPHAGUS,0.886725902557373,0.743796705461508,2,X_pca,mil,0.5,43
crizotinib,LI7_LIVER,0.7944248914718628,0.7351150693637984,4,X_pca,mil,0.5,43
crizotinib,LMSU_STOMACH,0.8106106519699097,0.7788720338952307,2,X_pca,mil,0.5,43
crizotinib,LNCAPCLONEFGC_PROSTATE,0.8331871032714844,0.6991472082544666,2,X_pca,mil,0.5,43
crizotinib,LS1034_LARGE_INTESTINE,0.9201149940490723,0.7082551515673938,4,X_pca,mil,0.5,43
crizotinib,LS180_LARGE_INTESTINE,0.7338624000549316,0.8267086349696003,3,X_pca,mil,0.5,43
crizotinib,MCF7_BREAST,0.6917808055877686,0.8816933727764583,1,X_pca,mil,0.5,43
crizotinib,MDAMB361_BREAST,0.8671998977661133,0.9723564969168769,1,X_pca,mil,0.5,43
crizotinib,MFE319_ENDOMETRIUM,0.9220579266548157,0.8377314122559513,2,X_pca,mil,0.5,43
crizotinib,MKN45_STOMACH,0.7614232897758484,0.6972650827492698,1,X_pca,mil,0.5,43
crizotinib,MKN7_STOMACH,0.9172181487083435,0.8011203283487365,5,X_pca,mil,0.5,43
crizotinib,MSTO211H_PLEURA,0.6890996694564819,0.8373784936638392,1,X_pca,mil,0.5,43
crizotinib,NCIH1299_LUNG,0.8208708167076111,0.8366145616055428,2,X_pca,mil,0.5,43
crizotinib,NCIH1373_LUNG,0.7635274529457092,0.8158100134715801,3,X_pca,mil,0.5,43
crizotinib,NCIH1435_LUNG,0.6551457047462463,0.8307448717092307,3,X_pca,mil,0.5,43
crizotinib,NCIH1792_LUNG,0.762959897518158,0.7127935209789792,4,X_pca,mil,0.5,43
crizotinib,NCIH1944_LUNG,0.7629688382148743,0.7781443295703419,2,X_pca,mil,0.5,43
crizotinib,NCIH2087_LUNG,0.6425086259841919,0.7214655666590826,5,X_pca,mil,0.5,43
crizotinib,NCIH2110_LUNG,0.7911942601203918,0.7191230563212879,1,X_pca,mil,0.5,43
crizotinib,NCIH2126_LUNG,0.744774580001831,0.8546711657986497,4,X_pca,mil,0.5,43
crizotinib,NCIH2170_LUNG,0.8758640289306641,0.8025584814833923,4,X_pca,mil,0.5,43
crizotinib,NCIH2228_LUNG,0.5101353526115417,0.7327996805838083,3,X_pca,mil,0.5,43
crizotinib,NCIH226_LUNG,0.6726114153862,0.8932750973295658,1,X_pca,mil,0.5,43
crizotinib,NCIH2444_LUNG,0.7086521983146667,0.8195323212237298,3,X_pca,mil,0.5,43
crizotinib,NCIH2452_PLEURA,0.7278137803077698,0.7686439116648138,3,X_pca,mil,0.5,43
crizotinib,NCIH292_LUNG,0.71616530418396,0.65807396929029,3,X_pca,mil,0.5,43
crizotinib,NCIH358_LUNG,0.6348621845245361,0.7272790605645805,1,X_pca,mil,0.5,43
crizotinib,NCIH446_LUNG,0.6834266185760498,0.8165548288700532,3,X_pca,mil,0.5,43
crizotinib,NCIH460_LUNG,0.7870017886161804,0.7440504465194301,3,X_pca,mil,0.5,43
crizotinib,NCIH522_LUNG,0.848747193813324,0.710416888531584,2,X_pca,mil,0.5,43
crizotinib,NCIH650_LUNG,0.7383224368095398,0.7412713285521827,5,X_pca,mil,0.5,43
crizotinib,NCIH747_LARGE_INTESTINE,0.7999517321586609,0.7834929622709751,5,X_pca,mil,0.5,43
crizotinib,OAW28_OVARY,0.7563913464546204,0.7080718288140267,5,X_pca,mil,0.5,43
crizotinib,ONCODG1_OVARY,0.7706544399261475,0.8532133005283496,2,X_pca,mil,0.5,43
crizotinib,OSRC2_KIDNEY,0.7447955012321472,0.9149522909096309,3,X_pca,mil,0.5,43
crizotinib,OUMS23_LARGE_INTESTINE,0.8125985264778137,0.7422902110581086,5,X_pca,mil,0.5,43
crizotinib,OVCAR4_OVARY,0.8246361017227173,0.7937571663317327,1,X_pca,mil,0.5,43
crizotinib,OVK18_OVARY,0.7580012083053589,0.9130509177620492,5,X_pca,mil,0.5,43
crizotinib,OVSAHO_OVARY,0.802704930305481,0.8442318491998748,2,X_pca,mil,0.5,43
crizotinib,OVTOKO_OVARY,0.8386441469192505,0.834193631792753,2,X_pca,mil,0.5,43
crizotinib,PANC0203_PANCREAS,0.8092637658119202,0.7277401381212733,3,X_pca,mil,0.5,43
crizotinib,PATU8988S_PANCREAS,0.7223840951919556,0.7453211748697719,2,X_pca,mil,0.5,43
crizotinib,PC3_PROSTATE,0.9259976744651794,0.8662937227085498,1,X_pca,mil,0.5,43
crizotinib,PECAPJ49_UPPER_AERODIGESTIVE_TRACT,0.7474130392074585,0.9546158824226644,1,X_pca,mil,0.5,43
crizotinib,PK45H_PANCREAS,0.8750272989273071,0.7085027561636429,4,X_pca,mil,0.5,43
crizotinib,PK59_PANCREAS,0.7208161354064941,0.7990440822195732,5,X_pca,mil,0.5,43
crizotinib,RCC10RGB_KIDNEY,0.8550746440887451,0.764368865622983,5,X_pca,mil,0.5,43
crizotinib,RCM1_LARGE_INTESTINE,0.9028158187866211,0.8913728850893676,3,X_pca,mil,0.5,43
crizotinib,RD_SOFT_TISSUE,0.7103429436683655,0.823903427726921,1,X_pca,mil,0.5,43
crizotinib,RERFLCAD1_LUNG,0.8617494702339172,0.6617089570059207,5,X_pca,mil,0.5,43
crizotinib,RERFLCAI_LUNG,0.767627477645874,0.8673406841714292,5,X_pca,mil,0.5,43
crizotinib,RT4_URINARY_TRACT,0.7829967141151428,0.6997742973408609,5,X_pca,mil,0.5,43
crizotinib,RVH421_SKIN,0.7584820985794067,0.6618269772958556,4,X_pca,mil,0.5,43
crizotinib,SCC25_UPPER_AERODIGESTIVE_TRACT,0.748374879360199,0.6777769702513659,2,X_pca,mil,0.5,43
crizotinib,SCC9_UPPER_AERODIGESTIVE_TRACT,0.8461494445800781,0.7507950938375373,2,X_pca,mil,0.5,43
crizotinib,SH10TC_STOMACH,0.8429513573646545,0.8167524334372278,5,X_pca,mil,0.5,43
crizotinib,SKES1_BONE,0.6841046810150146,0.8044311168429615,2,X_pca,mil,0.5,43
crizotinib,SKMEL2_SKIN,0.9290096163749695,0.8875196459500686,1,X_pca,mil,0.5,43
crizotinib,SKMEL30_SKIN,0.8163827061653137,0.7737876750085577,1,X_pca,mil,0.5,43
crizotinib,SKMEL5_SKIN,0.8229323029518127,0.6251588686548099,4,X_pca,mil,0.5,43
crizotinib,SNU1079_BILIARY_TRACT,0.7359034419059753,0.886214796402683,1,X_pca,mil,0.5,43
crizotinib,SNU1214_UPPER_AERODIGESTIVE_TRACT,0.7623101472854614,0.9242959288840599,1,X_pca,mil,0.5,43
crizotinib,SNU308_BILIARY_TRACT,0.8218324184417725,0.80478177045254,1,X_pca,mil,0.5,43
crizotinib,SNU423_LIVER,0.783464252948761,0.6552976625707915,4,X_pca,mil,0.5,43
crizotinib,SNU449_LIVER,0.9006894826889038,0.8885980244223953,3,X_pca,mil,0.5,43
crizotinib,SNU46_UPPER_AERODIGESTIVE_TRACT,0.7758119106292725,0.6346341405632132,4,X_pca,mil,0.5,43
crizotinib,SNU899_UPPER_AERODIGESTIVE_TRACT,0.7911052107810974,0.7658953702593424,2,X_pca,mil,0.5,43
crizotinib,SNUC4_LARGE_INTESTINE,0.901703953742981,0.7598087254121931,5,X_pca,mil,0.5,43
crizotinib,SQ1_LUNG,0.9046451449394226,0.8759103868187976,3,X_pca,mil,0.5,43
crizotinib,SU8686_PANCREAS,0.7019903659820557,0.6928808529202531,1,X_pca,mil,0.5,43
crizotinib,SW1088_CENTRAL_NERVOUS_SYSTEM,0.7814385294914246,0.7357584461569786,4,X_pca,mil,0.5,43
crizotinib,SW1271_LUNG,0.649318277835846,0.7866877540298131,1,X_pca,mil,0.5,43
crizotinib,SW1990_PANCREAS,0.8054224252700806,0.794598664056983,5,X_pca,mil,0.5,43
crizotinib,SW579_THYROID,0.7491196393966675,0.8644968922237097,3,X_pca,mil,0.5,43
crizotinib,T47D_BREAST,0.8559684753417969,0.9381864880005159,1,X_pca,mil,0.5,43
crizotinib,TCCSUP_URINARY_TRACT,0.7408864498138428,0.8034306683495075,3,X_pca,mil,0.5,43
crizotinib,TE10_OESOPHAGUS,0.7655495405197144,0.6930422550194884,4,X_pca,mil,0.5,43
crizotinib,TE14_OESOPHAGUS,0.796092689037323,0.7594942154386376,1,X_pca,mil,0.5,43
crizotinib,TE1_OESOPHAGUS,0.7848196029663086,0.7657441742790555,4,X_pca,mil,0.5,43
crizotinib,TE6_OESOPHAGUS,0.7126893401145935,0.7850187003287992,2,X_pca,mil,0.5,43
crizotinib,TE9_OESOPHAGUS,0.7622002363204956,0.7614408249576246,2,X_pca,mil,0.5,43
crizotinib,TM31_CENTRAL_NERVOUS_SYSTEM,0.8138183355331421,0.7529740456877083,2,X_pca,mil,0.5,43
crizotinib,TOV112D_OVARY,0.8564976453781128,0.8154926514014219,2,X_pca,mil,0.5,43
crizotinib,UACC257_SKIN,0.7934483289718628,0.7678323245946334,1,X_pca,mil,0.5,43
crizotinib,UMUC1_URINARY_TRACT,0.6938395500183105,0.8397439406607962,1,X_pca,mil,0.5,43
crizotinib,VMCUB1_URINARY_TRACT,0.7650052905082703,0.8011983848141826,4,X_pca,mil,0.5,43
crizotinib,VMRCRCZ_KIDNEY,0.941386878490448,0.8301745692888896,2,X_pca,mil,0.5,43
crizotinib,YD38_UPPER_AERODIGESTIVE_TRACT,0.755638837814331,0.7043591519483389,4,X_pca,mil,0.5,43
crizotinib,ZR751_BREAST,0.7918342351913452,0.8652035312359387,1,X_pca,mil,0.5,43
afatinib,42MGBA_CENTRAL_NERVOUS_SYSTEM,0.7805805802345276,0.8494336690796849,4,X_pca,mil,0.5,43
afatinib,8305C_THYROID,0.6998212933540344,0.8259544416060894,4,X_pca,mil,0.5,43
afatinib,A204_SOFT_TISSUE,0.5940747857093811,0.7496823393106461,4,X_pca,mil,0.5,43
afatinib,A2058_SKIN,0.8065868616104126,0.8608333810048849,5,X_pca,mil,0.5,43
afatinib,A375_SKIN,0.8633260726928711,0.6413649359300205,3,X_pca,mil,0.5,43
afatinib,ACCMESO1_PLEURA,0.8422542214393616,0.8557254359310056,2,X_pca,mil,0.5,43
afatinib,ASPC1_PANCREAS,0.7379075288772583,0.6938601641819395,4,X_pca,mil,0.5,43
afatinib,BCPAP_THYROID,0.8028123378753662,0.5790624920474855,4,X_pca,mil,0.5,43
afatinib,BFTC909_KIDNEY,0.7964379191398621,0.8402005574004946,5,X_pca,mil,0.5,43
afatinib,BHY_UPPER_AERODIGESTIVE_TRACT,0.4559202492237091,0.5647415734570602,3,X_pca,mil,0.5,43
afatinib,BICR16_UPPER_AERODIGESTIVE_TRACT,0.6293012499809265,0.5227155435197758,5,X_pca,mil,0.5,43
afatinib,BICR31_UPPER_AERODIGESTIVE_TRACT,0.4663466513156891,0.5282187923308341,3,X_pca,mil,0.5,43
afatinib,BICR56_UPPER_AERODIGESTIVE_TRACT,0.4118909239768982,0.41142463389738104,3,X_pca,mil,0.5,43
afatinib,BICR6_UPPER_AERODIGESTIVE_TRACT,0.6503934264183044,0.5977444621649656,5,X_pca,mil,0.5,43
afatinib,BT474_BREAST,0.4684928059577942,0.6724060127735138,4,X_pca,mil,0.5,43
afatinib,BT549_BREAST,0.8341000080108643,0.7718217986866944,1,X_pca,mil,0.5,43
afatinib,CAKI2_KIDNEY,0.7030969262123108,0.7262170146480739,4,X_pca,mil,0.5,43
afatinib,CALU6_LUNG,0.8139838576316833,0.722085831239242,3,X_pca,mil,0.5,43
afatinib,CAMA1_BREAST,0.9158909320831299,0.8198196538740007,3,X_pca,mil,0.5,43
afatinib,CAS1_CENTRAL_NERVOUS_SYSTEM,0.791459321975708,0.8480370309119835,1,X_pca,mil,0.5,43
afatinib,CCFSTTG1_CENTRAL_NERVOUS_SYSTEM,0.9214351773262024,0.7156573076073717,5,X_pca,mil,0.5,43
afatinib,COLO792_SKIN,0.6935831308364868,0.7813835658710381,2,X_pca,mil,0.5,43
afatinib,COV434_OVARY,0.7342209815979004,0.6267871243709867,4,X_pca,mil,0.5,43
afatinib,DETROIT562_UPPER_AERODIGESTIVE_TRACT,0.6405941247940063,0.4926128029091958,2,X_pca,mil,0.5,43
afatinib,DKMG_CENTRAL_NERVOUS_SYSTEM,0.7595983147621155,0.7586920989395508,5,X_pca,mil,0.5,43
afatinib,EBC1_LUNG,0.7244137525558472,0.7570726216159841,3,X_pca,mil,0.5,43
afatinib,EFE184_ENDOMETRIUM,0.6966208815574646,0.6560863426258398,4,X_pca,mil,0.5,43
afatinib,EKVX_LUNG,0.5110589861869812,0.6369793255851693,2,X_pca,mil,0.5,43
afatinib,FTC133_THYROID,0.9659737944602966,0.7363278346402304,3,X_pca,mil,0.5,43
afatinib,GOS3_CENTRAL_NERVOUS_SYSTEM,0.7528745532035828,0.7914537280329859,2,X_pca,mil,0.5,43
afatinib,HCC1428_BREAST,0.7840307950973511,0.7590627872099088,5,X_pca,mil,0.5,43
afatinib,HCC366_LUNG,0.6473970413208008,0.7629123064551023,5,X_pca,mil,0.5,43
afatinib,HCC38_BREAST,0.8087549209594727,0.605547887980938,5,X_pca,mil,0.5,43
afatinib,HCC56_LARGE_INTESTINE,0.7090833187103271,0.6084879808353655,3,X_pca,mil,0.5,43
afatinib,HDQP1_BREAST,0.6334633827209473,0.6505835116840899,3,X_pca,mil,0.5,43
afatinib,HEC151_ENDOMETRIUM,0.6328490376472473,0.6277268092632293,4,X_pca,mil,0.5,43
afatinib,HEC251_ENDOMETRIUM,0.6270521283149719,0.6140068385088555,3,X_pca,mil,0.5,43
afatinib,HEC6_ENDOMETRIUM,0.7746643424034119,0.678964988230178,1,X_pca,mil,0.5,43
afatinib,HEP3B217_LIVER,0.8157367706298828,0.5551401492902788,2,X_pca,mil,0.5,43
afatinib,HMC18_BREAST,0.7475526928901672,0.7625206298999005,2,X_pca,mil,0.5,43
afatinib,HOS_BONE,0.8421018123626709,0.7933047778715702,4,X_pca,mil,0.5,43
afatinib,HS852T_SKIN,0.6320256590843201,0.6658320331279143,3,X_pca,mil,0.5,43
afatinib,HT1080_SOFT_TISSUE,0.8211916089057922,0.8658955636643624,5,X_pca,mil,0.5,43
afatinib,HT1197_URINARY_TRACT,0.8161650896072388,0.6091961457922652,4,X_pca,mil,0.5,43
afatinib,HT55_LARGE_INTESTINE,0.5103926062583923,0.7584392359188947,1,X_pca,mil,0.5,43
afatinib,HUH28_BILIARY_TRACT,0.7897136211395264,0.6407969771958083,2,X_pca,mil,0.5,43
afatinib,HUPT3_PANCREAS,0.783348023891449,0.6090577963520499,5,X_pca,mil,0.5,43
afatinib,HUPT4_PANCREAS,0.4378226399421692,0.6764994194465024,5,X_pca,mil,0.5,43
afatinib,IALM_LUNG,0.7290401458740234,0.6629761982223262,4,X_pca,mil,0.5,43
afatinib,IGR1_SKIN,0.7011265158653259,0.9059303323975925,5,X_pca,mil,0.5,43
afatinib,IGR37_SKIN,0.7625454068183899,0.8199859533770284,2,X_pca,mil,0.5,43
afatinib,IM95_STOMACH,0.5054170489311218,0.5772054991206608,4,X_pca,mil,0.5,43
afatinib,JHH6_LIVER,0.9654181599617004,0.7903764027993656,3,X_pca,mil,0.5,43
afatinib,JHOC5_OVARY,0.5951809287071228,0.6533407406560305,5,X_pca,mil,0.5,43
afatinib,KALS1_CENTRAL_NERVOUS_SYSTEM,0.8067023158073425,0.7936253723584943,2,X_pca,mil,0.5,43
afatinib,KMRC3_KIDNEY,0.6892002820968628,0.8163939575759732,1,X_pca,mil,0.5,43
afatinib,KNS42_CENTRAL_NERVOUS_SYSTEM,0.7642861008644104,0.6473987809447355,4,X_pca,mil,0.5,43
afatinib,KPL1_BREAST,0.8543511033058167,0.8242658480353977,3,X_pca,mil,0.5,43
afatinib,KPNSI9S_AUTONOMIC_GANGLIA,0.7285537719726562,0.817748066528823,5,X_pca,mil,0.5,43
afatinib,KYSE520_OESOPHAGUS,0.6173625588417053,0.5542500520084664,2,X_pca,mil,0.5,43
afatinib,LMSU_STOMACH,0.8196011185646057,0.7447843288674074,2,X_pca,mil,0.5,43
afatinib,LNCAPCLONEFGC_PROSTATE,0.7637406587600708,0.6795824341071669,2,X_pca,mil,0.5,43
afatinib,LS1034_LARGE_INTESTINE,0.7626612186431885,0.5696424317278274,4,X_pca,mil,0.5,43
afatinib,LS180_LARGE_INTESTINE,0.6832981109619141,0.6295884481097193,3,X_pca,mil,0.5,43
afatinib,MCF7_BREAST,0.7744331359863281,0.7753752282449415,1,X_pca,mil,0.5,43
afatinib,MDAMB361_BREAST,0.5245832800865173,0.5456959691312578,1,X_pca,mil,0.5,43
afatinib,MFE319_ENDOMETRIUM,0.7174853086471558,0.6332449708621539,2,X_pca,mil,0.5,43
afatinib,MKN45_STOMACH,1.0346405506134033,0.6567236025959758,1,X_pca,mil,0.5,43
afatinib,MKN7_STOMACH,0.6611157655715942,0.6901984584423922,5,X_pca,mil,0.5,43
afatinib,NCIH1299_LUNG,0.7286441922187805,0.8165906128588687,2,X_pca,mil,0.5,43
afatinib,NCIH1373_LUNG,0.7528212070465088,0.6714439900909982,3,X_pca,mil,0.5,43
afatinib,NCIH1435_LUNG,0.4933393597602844,0.6699589303370272,3,X_pca,mil,0.5,43
afatinib,NCIH1792_LUNG,0.7517090439796448,0.8676429645972209,4,X_pca,mil,0.5,43
afatinib,NCIH1944_LUNG,0.679461658000946,0.7300784993142897,2,X_pca,mil,0.5,43
afatinib,NCIH2087_LUNG,0.6109737753868103,0.5934044822165955,5,X_pca,mil,0.5,43
afatinib,NCIH2110_LUNG,0.6842941641807556,0.5812104198651098,1,X_pca,mil,0.5,43
afatinib,NCIH2126_LUNG,0.6765623688697815,0.3827852856254939,4,X_pca,mil,0.5,43
afatinib,NCIH2170_LUNG,0.4427151679992676,0.6158910389517395,4,X_pca,mil,0.5,43
afatinib,NCIH2228_LUNG,0.7076731324195862,0.6298457998833149,3,X_pca,mil,0.5,43
afatinib,NCIH2444_LUNG,0.8108291625976562,0.7082413824801707,3,X_pca,mil,0.5,43
afatinib,NCIH2452_PLEURA,0.6361785531044006,0.7933556453556819,3,X_pca,mil,0.5,43
afatinib,NCIH292_LUNG,0.5946270227432251,0.5437236337314749,3,X_pca,mil,0.5,43
afatinib,NCIH358_LUNG,0.4591236710548401,0.5901931039102021,1,X_pca,mil,0.5,43
afatinib,NCIH460_LUNG,0.9436857104301453,0.5734106748406035,3,X_pca,mil,0.5,43
afatinib,NCIH522_LUNG,0.6254833936691284,0.7616531782998488,2,X_pca,mil,0.5,43
afatinib,NCIH650_LUNG,0.7707546949386597,0.5926395888918,5,X_pca,mil,0.5,43
afatinib,NCIH747_LARGE_INTESTINE,0.5129129886627197,0.7041334189474583,5,X_pca,mil,0.5,43
afatinib,OAW28_OVARY,0.6439366340637207,0.6575511817976555,5,X_pca,mil,0.5,43
afatinib,ONCODG1_OVARY,0.5372920036315918,0.5583266459129475,2,X_pca,mil,0.5,43
afatinib,OSRC2_KIDNEY,0.7482349872589111,0.7662094786526665,3,X_pca,mil,0.5,43
afatinib,OUMS23_LARGE_INTESTINE,0.8016155362129211,0.7661116992201761,5,X_pca,mil,0.5,43
afatinib,OVCAR4_OVARY,0.6153212785720825,0.6331116293849878,1,X_pca,mil,0.5,43
afatinib,OVSAHO_OVARY,0.7032063603401184,0.5997550441567593,2,X_pca,mil,0.5,43
afatinib,OVTOKO_OVARY,0.6644402742385864,0.5160810134627603,2,X_pca,mil,0.5,43
afatinib,PANC0203_PANCREAS,0.8054366111755371,0.5745009925407855,3,X_pca,mil,0.5,43
afatinib,PATU8988S_PANCREAS,0.701394259929657,0.7065283748947206,2,X_pca,mil,0.5,43
afatinib,PC3_PROSTATE,0.820152997970581,0.8582403444679532,1,X_pca,mil,0.5,43
afatinib,PECAPJ49_UPPER_AERODIGESTIVE_TRACT,0.5759092569351196,0.5342704996024028,1,X_pca,mil,0.5,43
afatinib,PK45H_PANCREAS,0.7739125490188599,0.8843124421980109,4,X_pca,mil,0.5,43
afatinib,PK59_PANCREAS,0.7128807306289673,0.8320169685215786,5,X_pca,mil,0.5,43
afatinib,RCC10RGB_KIDNEY,0.7773939967155457,0.6767340936885883,5,X_pca,mil,0.5,43
afatinib,RCM1_LARGE_INTESTINE,0.7846431136131287,0.638643791899085,3,X_pca,mil,0.5,43
afatinib,RD_SOFT_TISSUE,0.6733316779136658,0.8111002956770389,1,X_pca,mil,0.5,43
afatinib,RERFLCAD1_LUNG,0.8449095487594604,0.6623303555412057,5,X_pca,mil,0.5,43
afatinib,RERFLCAI_LUNG,0.7837137579917908,0.8458726570928081,5,X_pca,mil,0.5,43
afatinib,RT4_URINARY_TRACT,0.5986748933792114,0.7856604411916913,5,X_pca,mil,0.5,43
afatinib,RVH421_SKIN,0.7147262692451477,0.87936528656772,4,X_pca,mil,0.5,43
afatinib,SCC25_UPPER_AERODIGESTIVE_TRACT,0.27695798873901367,0.7080885712845554,2,X_pca,mil,0.5,43
afatinib,SCC9_UPPER_AERODIGESTIVE_TRACT,0.5204415917396545,0.8323894850831283,2,X_pca,mil,0.5,43
afatinib,SH10TC_STOMACH,0.8171871304512024,0.9273653184926068,5,X_pca,mil,0.5,43
afatinib,SKES1_BONE,0.7776396870613098,0.8020246042000069,2,X_pca,mil,0.5,43
afatinib,SKMEL2_SKIN,0.6926764845848083,0.8250912762638452,1,X_pca,mil,0.5,43
afatinib,SKNAS_AUTONOMIC_GANGLIA,0.7450849413871765,0.7081644437481872,2,X_pca,mil,0.5,43
afatinib,SNU1079_BILIARY_TRACT,0.30016279220581055,0.6959578745985684,1,X_pca,mil,0.5,43
afatinib,SNU308_BILIARY_TRACT,0.6170322299003601,0.6918416990244642,1,X_pca,mil,0.5,43
afatinib,SNU449_LIVER,0.7562255859375,0.7691183262471611,3,X_pca,mil,0.5,43
afatinib,SNU46_UPPER_AERODIGESTIVE_TRACT,0.7070208191871643,0.7058870235489587,4,X_pca,mil,0.5,43
afatinib,SNU738_CENTRAL_NERVOUS_SYSTEM,0.8224183320999146,0.802527443400159,1,X_pca,mil,0.5,43
afatinib,SNU899_UPPER_AERODIGESTIVE_TRACT,0.7591167092323303,0.5303861703499254,2,X_pca,mil,0.5,43
afatinib,SNUC4_LARGE_INTESTINE,0.6135603785514832,0.6031574070198378,5,X_pca,mil,0.5,43
afatinib,SQ1_LUNG,0.5652294158935547,0.579835855910758,3,X_pca,mil,0.5,43
afatinib,SW1088_CENTRAL_NERVOUS_SYSTEM,0.7634608745574951,0.7904804672580212,4,X_pca,mil,0.5,43
afatinib,SW1271_LUNG,0.7113705277442932,0.7256544424139935,1,X_pca,mil,0.5,43
afatinib,SW1990_PANCREAS,0.713200032711029,0.8826968685423512,5,X_pca,mil,0.5,43
afatinib,SW579_THYROID,0.7006264328956604,0.8794150753504669,3,X_pca,mil,0.5,43
afatinib,T47D_BREAST,0.7524663805961609,0.814412761867316,1,X_pca,mil,0.5,43
afatinib,TCCSUP_URINARY_TRACT,0.7976297736167908,0.8030386376607267,3,X_pca,mil,0.5,43
afatinib,TE10_OESOPHAGUS,0.6215711236000061,0.6092541756695264,4,X_pca,mil,0.5,43
afatinib,TE14_OESOPHAGUS,0.4506191611289978,0.5163182473509623,1,X_pca,mil,0.5,43
afatinib,TE1_OESOPHAGUS,0.7135472297668457,0.7794426183388071,4,X_pca,mil,0.5,43
afatinib,TE6_OESOPHAGUS,0.41391584277153015,0.4658230030385206,2,X_pca,mil,0.5,43
afatinib,TE9_OESOPHAGUS,0.7153798341751099,0.5817241976338048,2,X_pca,mil,0.5,43
afatinib,TM31_CENTRAL_NERVOUS_SYSTEM,0.7665950059890747,0.7257343833816463,2,X_pca,mil,0.5,43
afatinib,TOV112D_OVARY,0.8150071501731873,0.7133437150563949,2,X_pca,mil,0.5,43
afatinib,UACC257_SKIN,0.7827110886573792,0.6543664044416101,1,X_pca,mil,0.5,43
afatinib,UMUC1_URINARY_TRACT,0.7934571504592896,0.5915940907703439,1,X_pca,mil,0.5,43
afatinib,VMCUB1_URINARY_TRACT,0.5197843313217163,0.47318635612850907,4,X_pca,mil,0.5,43
afatinib,VMRCRCZ_KIDNEY,0.7667264938354492,0.6170033027728399,2,X_pca,mil,0.5,43
afatinib,YD38_UPPER_AERODIGESTIVE_TRACT,0.32698485255241394,0.4764513995211858,4,X_pca,mil,0.5,43
afatinib,ZR751_BREAST,0.7331831455230713,0.7287097504802507,1,X_pca,mil,0.5,43
doxorubicin,42MGBA_CENTRAL_NERVOUS_SYSTEM,0.5611410140991211,0.48701961217699824,4,X_pca,mil,0.5,44
doxorubicin,8305C_THYROID,0.5387490391731262,0.540221848454091,4,X_pca,mil,0.5,44
doxorubicin,A204_SOFT_TISSUE,0.3751550614833832,0.5871909172534943,4,X_pca,mil,0.5,44
doxorubicin,A2058_SKIN,0.4950177073478699,0.6192120869143479,5,X_pca,mil,0.5,44
doxorubicin,A375_SKIN,0.5054274201393127,0.6897178560646147,3,X_pca,mil,0.5,44
doxorubicin,ACCMESO1_PLEURA,0.6358495950698853,0.6657763095917525,2,X_pca,mil,0.5,44
doxorubicin,ASPC1_PANCREAS,0.7291187644004822,0.7280355539815179,4,X_pca,mil,0.5,44
doxorubicin,BCPAP_THYROID,0.5380156636238098,0.627650694235375,4,X_pca,mil,0.5,44
doxorubicin,BFTC909_KIDNEY,0.585321843624115,0.6438463192659192,5,X_pca,mil,0.5,44
doxorubicin,BHY_UPPER_AERODIGESTIVE_TRACT,0.4835294783115387,0.5179480762317263,3,X_pca,mil,0.5,44
doxorubicin,BICR16_UPPER_AERODIGESTIVE_TRACT,0.6258533000946045,0.48515543454098253,5,X_pca,mil,0.5,44
doxorubicin,BICR31_UPPER_AERODIGESTIVE_TRACT,0.5435177683830261,0.6096591806459811,3,X_pca,mil,0.5,44
doxorubicin,BICR56_UPPER_AERODIGESTIVE_TRACT,0.6303225755691528,0.40950208424050133,3,X_pca,mil,0.5,44
doxorubicin,BICR6_UPPER_AERODIGESTIVE_TRACT,0.5066924095153809,0.5804219138580602,5,X_pca,mil,0.5,44
doxorubicin,BT474_BREAST,0.7362895607948303,0.7399655532836914,4,X_pca,mil,0.5,44
doxorubicin,BT549_BREAST,0.5603541731834412,0.5622224411121884,1,X_pca,mil,0.5,44
doxorubicin,CAKI2_KIDNEY,0.8098970055580139,0.7249236862650879,4,X_pca,mil,0.5,44
doxorubicin,CALU6_LUNG,0.6933369636535645,0.7170073937538058,3,X_pca,mil,0.5,44
doxorubicin,CAMA1_BREAST,0.6567535400390625,0.6504800430278188,3,X_pca,mil,0.5,44
doxorubicin,CAS1_CENTRAL_NERVOUS_SYSTEM,0.4726645350456238,0.5666109652895677,1,X_pca,mil,0.5,44
doxorubicin,CCFSTTG1_CENTRAL_NERVOUS_SYSTEM,0.624411404132843,0.5664190836553651,5,X_pca,mil,0.5,44
doxorubicin,COLO741_SKIN,0.8535335659980774,0.5786276706083929,3,X_pca,mil,0.5,44
doxorubicin,COLO792_SKIN,0.6422173380851746,0.6473789082022171,2,X_pca,mil,0.5,44
doxorubicin,COV434_OVARY,0.3253573477268219,0.4628492712297223,4,X_pca,mil,0.5,44
doxorubicin,DETROIT562_UPPER_AERODIGESTIVE_TRACT,0.6028164625167847,0.49027523069293955,2,X_pca,mil,0.5,44
doxorubicin,DKMG_CENTRAL_NERVOUS_SYSTEM,0.5278626680374146,0.5090710795673498,5,X_pca,mil,0.5,44
doxorubicin,EBC1_LUNG,0.4876810908317566,0.631918784431232,3,X_pca,mil,0.5,44
doxorubicin,EFE184_ENDOMETRIUM,0.8111908435821533,0.6640398706807646,4,X_pca,mil,0.5,44
doxorubicin,EFM192A_BREAST,0.5801385045051575,0.6700494507769564,5,X_pca,mil,0.5,44
doxorubicin,EKVX_LUNG,0.7006396651268005,0.5827778292028871,2,X_pca,mil,0.5,44
doxorubicin,FTC133_THYROID,0.54218590259552,0.6749674411756652,3,X_pca,mil,0.5,44
doxorubicin,GOS3_CENTRAL_NERVOUS_SYSTEM,0.5780242085456848,0.6171474798499602,2,X_pca,mil,0.5,44
doxorubicin,HCC1428_BREAST,0.6737597584724426,0.6518689781192719,5,X_pca,mil,0.5,44
doxorubicin,HCC366_LUNG,0.6135154962539673,0.6654237238782468,5,X_pca,mil,0.5,44
doxorubicin,HCC38_BREAST,0.5100096464157104,0.7099117468297481,5,X_pca,mil,0.5,44
doxorubicin,HCC56_LARGE_INTESTINE,0.810954749584198,0.7598932216865848,3,X_pca,mil,0.5,44
doxorubicin,HDQP1_BREAST,0.7888896465301514,0.6416149446740746,3,X_pca,mil,0.5,44
doxorubicin,HEC151_ENDOMETRIUM,0.40951746702194214,0.6207647440433502,4,X_pca,mil,0.5,44
doxorubicin,HEC251_ENDOMETRIUM,0.5875652432441711,0.6924494304389597,3,X_pca,mil,0.5,44
doxorubicin,HEC6_ENDOMETRIUM,0.5559057593345642,0.563738308152797,1,X_pca,mil,0.5,44
doxorubicin,HEP3B217_LIVER,0.7229253053665161,0.5125412155511015,2,X_pca,mil,0.5,44
doxorubicin,HMC18_BREAST,0.4536672532558441,0.51045931524791,2,X_pca,mil,0.5,44
doxorubicin,HOS_BONE,0.5812419056892395,0.46298321233152334,4,X_pca,mil,0.5,44
doxorubicin,HS852T_SKIN,0.440727174282074,0.6931018021739559,3,X_pca,mil,0.5,44
doxorubicin,HT1080_SOFT_TISSUE,0.3908422589302063,0.5826404073326162,5,X_pca,mil,0.5,44
doxorubicin,HT1197_URINARY_TRACT,0.5438651442527771,0.6151698191423673,4,X_pca,mil,0.5,44
doxorubicin,HT55_LARGE_INTESTINE,0.5889919996261597,0.8609766917771072,1,X_pca,mil,0.5,44
doxorubicin,HUH28_BILIARY_TRACT,0.5371938943862915,0.5274050658126529,2,X_pca,mil,0.5,44
doxorubicin,HUH6_LIVER,0.42507052421569824,0.5926153669519537,4,X_pca,mil,0.5,44
doxorubicin,HUPT3_PANCREAS,0.6856333613395691,0.7531128615579185,5,X_pca,mil,0.5,44
doxorubicin,HUPT4_PANCREAS,0.45965781807899475,0.6147383818668979,5,X_pca,mil,0.5,44
doxorubicin,IALM_LUNG,0.8397154211997986,0.5505179087197558,4,X_pca,mil,0.5,44
doxorubicin,IGR1_SKIN,0.5318907499313354,0.578451042997426,5,X_pca,mil,0.5,44
doxorubicin,IGR37_SKIN,0.5309170484542847,0.6856146783753156,2,X_pca,mil,0.5,44
doxorubicin,IM95_STOMACH,0.4691832363605499,0.6859792129413501,4,X_pca,mil,0.5,44
doxorubicin,JHH6_LIVER,0.8701879978179932,0.7624310498098725,3,X_pca,mil,0.5,44
doxorubicin,JHOC5_OVARY,0.5302541851997375,0.6915656517291892,5,X_pca,mil,0.5,44
doxorubicin,KALS1_CENTRAL_NERVOUS_SYSTEM,0.4983648359775543,0.6058806753199961,2,X_pca,mil,0.5,44
doxorubicin,KMRC3_KIDNEY,0.5798169374465942,0.7571404515480509,1,X_pca,mil,0.5,44
doxorubicin,KNS42_CENTRAL_NERVOUS_SYSTEM,0.6755160689353943,0.5509448619775994,4,X_pca,mil,0.5,44
doxorubicin,KPL1_BREAST,0.8693845272064209,0.6342892536650533,3,X_pca,mil,0.5,44
doxorubicin,KPNSI9S_AUTONOMIC_GANGLIA,0.2994575798511505,0.49399162563242655,5,X_pca,mil,0.5,44
doxorubicin,KYSE520_OESOPHAGUS,0.6951316595077515,0.6269802087600755,2,X_pca,mil,0.5,44
doxorubicin,LI7_LIVER,0.6539109349250793,0.5697179363698376,4,X_pca,mil,0.5,44
doxorubicin,LMSU_STOMACH,0.6874845623970032,0.435447678378984,2,X_pca,mil,0.5,44
doxorubicin,LNCAPCLONEFGC_PROSTATE,0.36991697549819946,0.6123225538767585,2,X_pca,mil,0.5,44
doxorubicin,LS1034_LARGE_INTESTINE,0.7185391783714294,0.6211341523552594,4,X_pca,mil,0.5,44
doxorubicin,LS180_LARGE_INTESTINE,0.5715101361274719,0.8179297183854428,3,X_pca,mil,0.5,44
doxorubicin,MCF7_BREAST,0.6808213591575623,0.9015169302066723,1,X_pca,mil,0.5,44
doxorubicin,MDAMB361_BREAST,0.735870361328125,0.740954030001605,1,X_pca,mil,0.5,44
doxorubicin,MFE319_ENDOMETRIUM,0.6568321585655212,0.5509788693557859,2,X_pca,mil,0.5,44
doxorubicin,MKN45_STOMACH,0.888956606388092,0.7280317873267804,1,X_pca,mil,0.5,44
doxorubicin,MKN7_STOMACH,0.6380749344825745,0.7218570862860643,5,X_pca,mil,0.5,44
doxorubicin,MSTO211H_PLEURA,0.3753986358642578,0.5838621392193868,1,X_pca,mil,0.5,44
doxorubicin,NCIH1299_LUNG,0.6539729833602905,0.5744788933559304,2,X_pca,mil,0.5,44
doxorubicin,NCIH1373_LUNG,0.6574230790138245,0.7164690932486115,3,X_pca,mil,0.5,44
doxorubicin,NCIH1435_LUNG,0.5236009955406189,0.5232455663466722,3,X_pca,mil,0.5,44
doxorubicin,NCIH1792_LUNG,0.7039877772331238,0.49166169198783666,4,X_pca,mil,0.5,44
doxorubicin,NCIH1944_LUNG,0.6275695562362671,0.5989401874622861,2,X_pca,mil,0.5,44
doxorubicin,NCIH2087_LUNG,0.34448179602622986,0.6534437703215368,5,X_pca,mil,0.5,44
doxorubicin,NCIH2110_LUNG,0.3811848759651184,0.5722802200359316,1,X_pca,mil,0.5,44
doxorubicin,NCIH2126_LUNG,0.5018039345741272,0.5265400156830297,4,X_pca,mil,0.5,44
doxorubicin,NCIH2170_LUNG,0.5922226309776306,0.5704886474659745,4,X_pca,mil,0.5,44
doxorubicin,NCIH2228_LUNG,0.44898903369903564,0.6919300861514557,3,X_pca,mil,0.5,44
doxorubicin,NCIH226_LUNG,0.4597177803516388,0.5747840816670275,1,X_pca,mil,0.5,44
doxorubicin,NCIH2444_LUNG,0.5491931438446045,0.600581903497881,3,X_pca,mil,0.5,44
doxorubicin,NCIH2452_PLEURA,0.5596638917922974,0.5761433145149046,3,X_pca,mil,0.5,44
doxorubicin,NCIH292_LUNG,0.4165792167186737,0.4654176042113506,3,X_pca,mil,0.5,44
doxorubicin,NCIH358_LUNG,0.4872294068336487,0.5072491332179024,1,X_pca,mil,0.5,44
doxorubicin,NCIH446_LUNG,0.4856961667537689,0.41887535519745883,3,X_pca,mil,0.5,44
doxorubicin,NCIH460_LUNG,0.5580957531929016,0.5140454395626324,3,X_pca,mil,0.5,44
doxorubicin,NCIH522_LUNG,0.4944220185279846,0.45247668801591945,2,X_pca,mil,0.5,44
doxorubicin,NCIH650_LUNG,0.5603529810905457,0.7024444134912807,5,X_pca,mil,0.5,44
doxorubicin,NCIH747_LARGE_INTESTINE,0.5683852434158325,0.7334565587341786,5,X_pca,mil,0.5,44
doxorubicin,OAW28_OVARY,0.6767528653144836,0.640519998273494,5,X_pca,mil,0.5,44
doxorubicin,ONCODG1_OVARY,0.581980288028717,0.6516830542573222,2,X_pca,mil,0.5,44
doxorubicin,OSRC2_KIDNEY,0.6995971202850342,0.846610487926574,3,X_pca,mil,0.5,44
doxorubicin,OUMS23_LARGE_INTESTINE,0.5587512850761414,0.5590616361560109,5,X_pca,mil,0.5,44
doxorubicin,OVCAR4_OVARY,0.6055043935775757,0.6342197014249256,1,X_pca,mil,0.5,44
doxorubicin,OVK18_OVARY,0.2882801592350006,0.5628756169187888,5,X_pca,mil,0.5,44
doxorubicin,OVSAHO_OVARY,0.5728036761283875,0.5949658814505858,2,X_pca,mil,0.5,44
doxorubicin,OVTOKO_OVARY,0.7791611552238464,0.6980214971674686,2,X_pca,mil,0.5,44
doxorubicin,PANC0203_PANCREAS,0.7632962465286255,0.6184671439907767,3,X_pca,mil,0.5,44
doxorubicin,PATU8988S_PANCREAS,0.7037484049797058,0.8560403414437028,2,X_pca,mil,0.5,44
doxorubicin,PC3_PROSTATE,0.7981969118118286,0.6276016990108603,1,X_pca,mil,0.5,44
doxorubicin,PECAPJ49_UPPER_AERODIGESTIVE_TRACT,0.47215813398361206,0.5494734311457907,1,X_pca,mil,0.5,44
doxorubicin,PK45H_PANCREAS,0.8845717906951904,0.6635464502436649,4,X_pca,mil,0.5,44
doxorubicin,PK59_PANCREAS,0.5667010545730591,0.7341121712635303,5,X_pca,mil,0.5,44
doxorubicin,RCC10RGB_KIDNEY,0.8544673323631287,0.718631033477865,5,X_pca,mil,0.5,44
doxorubicin,RCM1_LARGE_INTESTINE,0.7463620901107788,0.734830966219306,3,X_pca,mil,0.5,44
doxorubicin,RD_SOFT_TISSUE,0.48532170057296753,0.5659928917884827,1,X_pca,mil,0.5,44
doxorubicin,RERFLCAD1_LUNG,0.8917138576507568,0.6458201088287212,5,X_pca,mil,0.5,44
doxorubicin,RERFLCAI_LUNG,0.4272306263446808,0.7462276325000848,5,X_pca,mil,0.5,44
doxorubicin,RT4_URINARY_TRACT,0.4836074411869049,0.6369737996807638,5,X_pca,mil,0.5,44
doxorubicin,RVH421_SKIN,0.5980584621429443,0.6245704227162205,4,X_pca,mil,0.5,44
doxorubicin,SCC25_UPPER_AERODIGESTIVE_TRACT,0.4167896807193756,0.45699524584087337,2,X_pca,mil,0.5,44
doxorubicin,SCC9_UPPER_AERODIGESTIVE_TRACT,0.49403518438339233,0.5571940097055937,2,X_pca,mil,0.5,44
doxorubicin,SH10TC_STOMACH,0.6935459971427917,0.7571823882241534,5,X_pca,mil,0.5,44
doxorubicin,SKES1_BONE,0.25840020179748535,0.5622391039198571,2,X_pca,mil,0.5,44
doxorubicin,SKMEL2_SKIN,0.7795782685279846,0.5052742267000503,1,X_pca,mil,0.5,44
doxorubicin,SKMEL30_SKIN,0.56974858045578,0.6210339830043295,1,X_pca,mil,0.5,44
doxorubicin,SKMEL5_SKIN,0.5388690829277039,0.6052307170448881,4,X_pca,mil,0.5,44
doxorubicin,SKNAS_AUTONOMIC_GANGLIA,0.49000316858291626,0.4412372469638301,2,X_pca,mil,0.5,44
doxorubicin,SNU1079_BILIARY_TRACT,0.530148446559906,0.7138005784929615,1,X_pca,mil,0.5,44
doxorubicin,SNU1214_UPPER_AERODIGESTIVE_TRACT,0.6214928030967712,0.6359053366678826,1,X_pca,mil,0.5,44
doxorubicin,SNU308_BILIARY_TRACT,0.642924427986145,0.5667618979164895,1,X_pca,mil,0.5,44
doxorubicin,SNU423_LIVER,0.5606513023376465,0.5528825570671063,4,X_pca,mil,0.5,44
doxorubicin,SNU449_LIVER,0.8395319581031799,0.6861080137339044,3,X_pca,mil,0.5,44
doxorubicin,SNU46_UPPER_AERODIGESTIVE_TRACT,0.696592390537262,0.5728674229171317,4,X_pca,mil,0.5,44
doxorubicin,SNU738_CENTRAL_NERVOUS_SYSTEM,0.7775015234947205,0.6101703665816375,1,X_pca,mil,0.5,44
doxorubicin,SNU899_UPPER_AERODIGESTIVE_TRACT,0.5426186919212341,0.46993457014302176,2,X_pca,mil,0.5,44
doxorubicin,SNUC4_LARGE_INTESTINE,0.787482738494873,0.7073064588760155,5,X_pca,mil,0.5,44
doxorubicin,SQ1_LUNG,0.7245655655860901,0.6559655076565862,3,X_pca,mil,0.5,44
doxorubicin,SU8686_PANCREAS,0.5021981000900269,0.6270850031841092,1,X_pca,mil,0.5,44
doxorubicin,SW1088_CENTRAL_NERVOUS_SYSTEM,0.589234471321106,0.5263382324483246,4,X_pca,mil,0.5,44
doxorubicin,SW1271_LUNG,0.48043984174728394,0.6163123750168344,1,X_pca,mil,0.5,44
doxorubicin,SW1990_PANCREAS,0.6104688048362732,0.7872275985801647,5,X_pca,mil,0.5,44
doxorubicin,SW579_THYROID,0.40079694986343384,0.5063417787376088,3,X_pca,mil,0.5,44
doxorubicin,T47D_BREAST,0.712394654750824,0.6757430979029625,1,X_pca,mil,0.5,44
doxorubicin,TCCSUP_URINARY_TRACT,0.54876708984375,0.5353154047757764,3,X_pca,mil,0.5,44
doxorubicin,TE10_OESOPHAGUS,0.6106919646263123,0.5894935309342598,4,X_pca,mil,0.5,44
doxorubicin,TE14_OESOPHAGUS,0.6705263257026672,0.5375867533155635,1,X_pca,mil,0.5,44
doxorubicin,TE1_OESOPHAGUS,0.6324832439422607,0.6075557529636957,4,X_pca,mil,0.5,44
doxorubicin,TE6_OESOPHAGUS,0.4768960773944855,0.5564134588799762,2,X_pca,mil,0.5,44
doxorubicin,TE9_OESOPHAGUS,0.47645479440689087,0.5908596443553125,2,X_pca,mil,0.5,44
doxorubicin,TM31_CENTRAL_NERVOUS_SYSTEM,0.672069787979126,0.5811433013657044,2,X_pca,mil,0.5,44
doxorubicin,TOV112D_OVARY,0.3924221992492676,0.41578784852455825,2,X_pca,mil,0.5,44
doxorubicin,UACC257_SKIN,0.5711562633514404,0.6110889054990712,1,X_pca,mil,0.5,44
doxorubicin,VMCUB1_URINARY_TRACT,0.534176766872406,0.5919910261571157,4,X_pca,mil,0.5,44
doxorubicin,VMRCRCZ_KIDNEY,0.7579551935195923,0.7338149711489678,2,X_pca,mil,0.5,44
doxorubicin,YD38_UPPER_AERODIGESTIVE_TRACT,0.4940035343170166,0.5476351364587362,4,X_pca,mil,0.5,44
doxorubicin,ZR751_BREAST,0.5641409754753113,0.6837915866891929,1,X_pca,mil,0.5,44
platin,42MGBA_CENTRAL_NERVOUS_SYSTEM,0.9792470335960388,1.0168825674471247,4,X_pca,mil,0.5,44
platin,8305C_THYROID,0.9902234673500061,0.9978788969044072,4,X_pca,mil,0.5,44
platin,A204_SOFT_TISSUE,0.9935336112976074,0.9838847188949585,4,X_pca,mil,0.5,44
platin,A2058_SKIN,1.0669606924057007,1.045904004046706,5,X_pca,mil,0.5,44
platin,A375_SKIN,0.9721842408180237,1.0817709539029088,3,X_pca,mil,0.5,44
platin,ACCMESO1_PLEURA,0.9934868812561035,0.9812622118143388,2,X_pca,mil,0.5,44
platin,ASPC1_PANCREAS,0.9865953326225281,0.9509354755796235,4,X_pca,mil,0.5,44
platin,BCPAP_THYROID,0.989610493183136,0.9836958050727844,4,X_pca,mil,0.5,44
platin,BFTC909_KIDNEY,1.1041555404663086,0.9645706246899426,5,X_pca,mil,0.5,44
platin,BHY_UPPER_AERODIGESTIVE_TRACT,0.9692360758781433,0.9984799422066787,3,X_pca,mil,0.5,44
platin,BICR16_UPPER_AERODIGESTIVE_TRACT,0.8785001635551453,0.8747545078677951,5,X_pca,mil,0.5,44
platin,BICR31_UPPER_AERODIGESTIVE_TRACT,0.9795008301734924,1.0277377436718633,3,X_pca,mil,0.5,44
platin,BICR56_UPPER_AERODIGESTIVE_TRACT,0.9870259761810303,1.1140763634516868,3,X_pca,mil,0.5,44
platin,BICR6_UPPER_AERODIGESTIVE_TRACT,1.0553885698318481,0.9379494173543437,5,X_pca,mil,0.5,44
platin,BT474_BREAST,1.0629768371582031,0.9833463163375854,4,X_pca,mil,0.5,44
platin,BT549_BREAST,1.0051050186157227,1.0296109343381752,1,X_pca,mil,0.5,44
platin,CAKI2_KIDNEY,1.0197046995162964,0.9930844909424404,4,X_pca,mil,0.5,44
platin,CALU6_LUNG,0.9243093729019165,1.0642821463041527,3,X_pca,mil,0.5,44
platin,CAMA1_BREAST,1.002544641494751,1.039489028584916,3,X_pca,mil,0.5,44
platin,CAS1_CENTRAL_NERVOUS_SYSTEM,0.9442310333251953,1.0164701024392493,1,X_pca,mil,0.5,44
platin,CCFSTTG1_CENTRAL_NERVOUS_SYSTEM,0.97667396068573,1.0281496488951085,5,X_pca,mil,0.5,44
platin,COLO741_SKIN,1.1626665592193604,1.0442045446949526,3,X_pca,mil,0.5,44
platin,COLO792_SKIN,0.9970811009407043,1.0894262553141125,2,X_pca,mil,0.5,44
platin,COV434_OVARY,0.9776856303215027,1.0096765133467587,4,X_pca,mil,0.5,44
platin,DETROIT562_UPPER_AERODIGESTIVE_TRACT,0.9451091885566711,1.0413675677556933,2,X_pca,mil,0.5,44
platin,DKMG_CENTRAL_NERVOUS_SYSTEM,1.014595866203308,0.9601305272306463,5,X_pca,mil,0.5,44
platin,EBC1_LUNG,1.0444345474243164,0.9516546521135556,3,X_pca,mil,0.5,44
platin,EFE184_ENDOMETRIUM,0.9974330067634583,1.012755612301272,4,X_pca,mil,0.5,44
platin,EFM192A_BREAST,0.9838091135025024,1.0000259281994701,5,X_pca,mil,0.5,44
platin,EKVX_LUNG,1.0204102993011475,1.0675949658433053,2,X_pca,mil,0.5,44
platin,FTC133_THYROID,1.0277923345565796,1.0384951365845545,3,X_pca,mil,0.5,44
platin,GOS3_CENTRAL_NERVOUS_SYSTEM,1.0298997163772583,1.0193757611419518,2,X_pca,mil,0.5,44
platin,HCC1428_BREAST,1.021384596824646,1.045755674050549,5,X_pca,mil,0.5,44
platin,HCC366_LUNG,1.0475735664367676,0.9489406648248729,5,X_pca,mil,0.5,44
platin,HCC38_BREAST,0.9923052191734314,0.9640136298537254,5,X_pca,mil,0.5,44
platin,HCC56_LARGE_INTESTINE,0.9945890307426453,1.0129764417205194,3,X_pca,mil,0.5,44
platin,HDQP1_BREAST,1.0186738967895508,0.9929031673818827,3,X_pca,mil,0.5,44
platin,HEC151_ENDOMETRIUM,0.9933803677558899,0.9776343646049499,4,X_pca,mil,0.5,44
platin,HEC251_ENDOMETRIUM,0.9321639537811279,0.9752300738174224,3,X_pca,mil,0.5,44
platin,HEC6_ENDOMETRIUM,1.0545552968978882,1.0027072311188123,1,X_pca,mil,0.5,44
platin,HEP3B217_LIVER,1.008824110031128,0.9773976944260678,2,X_pca,mil,0.5,44
platin,HMC18_BREAST,0.9648770093917847,0.9657403615147587,2,X_pca,mil,0.5,44
platin,HOS_BONE,1.0313657522201538,0.929957168165536,4,X_pca,mil,0.5,44
platin,HS852T_SKIN,1.0592886209487915,1.0427693904917916,3,X_pca,mil,0.5,44
platin,HT1080_SOFT_TISSUE,1.0155428647994995,1.0317314929047297,5,X_pca,mil,0.5,44
platin,HT1197_URINARY_TRACT,1.0305306911468506,0.999065866341462,4,X_pca,mil,0.5,44
platin,HT55_LARGE_INTESTINE,0.9795694351196289,1.015069482168315,1,X_pca,mil,0.5,44
platin,HUH28_BILIARY_TRACT,0.964556872844696,0.9431845815919286,2,X_pca,mil,0.5,44
platin,HUH6_LIVER,1.0990561246871948,0.9905723259293822,4,X_pca,mil,0.5,44
platin,HUPT3_PANCREAS,0.9551188945770264,1.0544751759837656,5,X_pca,mil,0.5,44
platin,HUPT4_PANCREAS,1.0379315614700317,0.8589329783405576,5,X_pca,mil,0.5,44
platin,IGR1_SKIN,1.0542523860931396,1.0859430141284547,5,X_pca,mil,0.5,44
platin,IGR37_SKIN,1.0100011825561523,1.1607979695803838,2,X_pca,mil,0.5,44
platin,IM95_STOMACH,1.0478476285934448,1.0133537795092609,4,X_pca,mil,0.5,44
platin,JHH6_LIVER,1.018145203590393,1.0336432271790736,3,X_pca,mil,0.5,44
platin,JHOC5_OVARY,0.9941608309745789,1.0297401054152127,5,X_pca,mil,0.5,44
platin,KALS1_CENTRAL_NERVOUS_SYSTEM,0.9237702488899231,1.0136832512087293,2,X_pca,mil,0.5,44
platin,KMRC3_KIDNEY,0.9771931767463684,1.0363814412331094,1,X_pca,mil,0.5,44
platin,KNS42_CENTRAL_NERVOUS_SYSTEM,1.0155421495437622,0.9942961123793624,4,X_pca,mil,0.5,44
platin,KPL1_BREAST,1.0343024730682373,1.0009003974821256,3,X_pca,mil,0.5,44
platin,KPNSI9S_AUTONOMIC_GANGLIA,0.9301525950431824,1.0073429091956265,5,X_pca,mil,0.5,44
platin,KYSE520_OESOPHAGUS,1.007004976272583,1.0369158617852272,2,X_pca,mil,0.5,44
platin,LI7_LIVER,0.9886579513549805,1.019205517610725,4,X_pca,mil,0.5,44
platin,LMSU_STOMACH,0.9705260992050171,1.0106946491727642,2,X_pca,mil,0.5,44
platin,LNCAPCLONEFGC_PROSTATE,1.0294779539108276,1.0593268132024958,2,X_pca,mil,0.5,44
platin,LS1034_LARGE_INTESTINE,1.0018341541290283,1.0756018480209455,4,X_pca,mil,0.5,44
platin,LS180_LARGE_INTESTINE,0.975742518901825,1.0024381403777738,3,X_pca,mil,0.5,44
platin,MCF7_BREAST,0.9951045513153076,1.069987676777206,1,X_pca,mil,0.5,44
platin,MDAMB361_BREAST,0.9679059386253357,1.0925604352244624,1,X_pca,mil,0.5,44
platin,MFE319_ENDOMETRIUM,1.0220245122909546,1.0228384430495856,2,X_pca,mil,0.5,44
platin,MKN45_STOMACH,0.8389068841934204,1.0192691017005404,1,X_pca,mil,0.5,44
platin,MKN7_STOMACH,1.0312459468841553,0.9333584045254907,5,X_pca,mil,0.5,44
platin,NCIH1299_LUNG,1.0491753816604614,1.0457133694311207,2,X_pca,mil,0.5,44
platin,NCIH1373_LUNG,0.9896383881568909,0.9485691251551233,3,X_pca,mil,0.5,44
platin,NCIH1435_LUNG,0.9333376288414001,1.0140652837378255,3,X_pca,mil,0.5,44
platin,NCIH1792_LUNG,1.0021350383758545,0.9777958613258224,4,X_pca,mil,0.5,44
platin,NCIH1944_LUNG,0.9932892322540283,0.9460538147728225,2,X_pca,mil,0.5,44
platin,NCIH2087_LUNG,0.9394748210906982,0.9096560614294114,5,X_pca,mil,0.5,44
platin,NCIH2110_LUNG,0.9992964863777161,1.0140024907924423,1,X_pca,mil,0.5,44
platin,NCIH2126_LUNG,1.0432602167129517,1.0094155922080532,4,X_pca,mil,0.5,44
platin,NCIH2170_LUNG,1.0115456581115723,0.9241859992625008,4,X_pca,mil,0.5,44
platin,NCIH2228_LUNG,0.8260154724121094,1.0004951729761482,3,X_pca,mil,0.5,44
platin,NCIH226_LUNG,0.830636203289032,0.9782575346053914,1,X_pca,mil,0.5,44
platin,NCIH2444_LUNG,0.7672997713088989,0.8811153170931691,3,X_pca,mil,0.5,44
platin,NCIH2452_PLEURA,0.9070914387702942,0.9324390624535571,3,X_pca,mil,0.5,44
platin,NCIH292_LUNG,0.9939825534820557,0.8984910845756531,3,X_pca,mil,0.5,44
platin,NCIH358_LUNG,0.8888556361198425,0.9933534881898335,1,X_pca,mil,0.5,44
platin,NCIH446_LUNG,1.0111768245697021,0.9729325835193906,3,X_pca,mil,0.5,44
platin,NCIH460_LUNG,0.9180375933647156,1.0775322157849547,3,X_pca,mil,0.5,44
platin,NCIH522_LUNG,0.9845574498176575,0.9336528634795775,2,X_pca,mil,0.5,44
platin,NCIH650_LUNG,1.0296367406845093,0.9838977321927398,5,X_pca,mil,0.5,44
platin,OAW28_OVARY,1.0268629789352417,0.9297379718063781,5,X_pca,mil,0.5,44
platin,ONCODG1_OVARY,0.8869185447692871,0.9470536296014432,2,X_pca,mil,0.5,44
platin,OSRC2_KIDNEY,0.9602621793746948,1.0944882877289304,3,X_pca,mil,0.5,44
platin,OUMS23_LARGE_INTESTINE,1.002150058746338,1.0359286337255318,5,X_pca,mil,0.5,44
platin,OVCAR4_OVARY,0.9627922177314758,0.9455351953792909,1,X_pca,mil,0.5,44
platin,OVK18_OVARY,0.9590884447097778,1.0663314923811495,5,X_pca,mil,0.5,44
platin,OVSAHO_OVARY,0.9743474125862122,0.9563890015501283,2,X_pca,mil,0.5,44
platin,OVTOKO_OVARY,1.0049556493759155,1.0425991336124365,2,X_pca,mil,0.5,44
platin,PANC0203_PANCREAS,1.0155633687973022,1.0152146202537853,3,X_pca,mil,0.5,44
platin,PATU8988S_PANCREAS,1.0182701349258423,0.9993204020085882,2,X_pca,mil,0.5,44
platin,PC3_PROSTATE,1.0260894298553467,0.9849304574481129,1,X_pca,mil,0.5,44
platin,PECAPJ49_UPPER_AERODIGESTIVE_TRACT,1.0142818689346313,0.9750167302566,1,X_pca,mil,0.5,44
platin,PK45H_PANCREAS,0.9461889266967773,0.9600130337190804,4,X_pca,mil,0.5,44
platin,PK59_PANCREAS,0.9478214383125305,0.884073733255781,5,X_pca,mil,0.5,44
platin,RCC10RGB_KIDNEY,1.0726078748703003,0.9708887412824344,5,X_pca,mil,0.5,44
platin,RCM1_LARGE_INTESTINE,1.0170825719833374,1.0429013054817915,3,X_pca,mil,0.5,44
platin,RD_SOFT_TISSUE,1.0147627592086792,1.035603270220117,1,X_pca,mil,0.5,44
platin,RERFLCAD1_LUNG,1.0816140174865723,0.9907470227759562,5,X_pca,mil,0.5,44
platin,RERFLCAI_LUNG,0.959927499294281,0.9663136430367886,5,X_pca,mil,0.5,44
platin,RT4_URINARY_TRACT,0.9692416787147522,0.940024806643432,5,X_pca,mil,0.5,44
platin,RVH421_SKIN,1.0230464935302734,0.9741787194706905,4,X_pca,mil,0.5,44
platin,SCC25_UPPER_AERODIGESTIVE_TRACT,1.0477553606033325,0.966077519485308,2,X_pca,mil,0.5,44
platin,SCC9_UPPER_AERODIGESTIVE_TRACT,1.0085161924362183,1.0084174477426628,2,X_pca,mil,0.5,44
platin,SH10TC_STOMACH,1.0161352157592773,0.9270169897976085,5,X_pca,mil,0.5,44
platin,SKES1_BONE,1.0584386587142944,1.0122801812140496,2,X_pca,mil,0.5,44
platin,SKMEL2_SKIN,0.9334335327148438,1.1136615222346955,1,X_pca,mil,0.5,44
platin,SKMEL30_SKIN,1.0383397340774536,1.0821817556116466,1,X_pca,mil,0.5,44
platin,SKMEL5_SKIN,1.0373903512954712,1.0164733910400057,4,X_pca,mil,0.5,44
platin,SKNAS_AUTONOMIC_GANGLIA,1.0376838445663452,0.9983127127706477,2,X_pca,mil,0.5,44
platin,SNU1079_BILIARY_TRACT,1.18472421169281,1.0514372750504377,1,X_pca,mil,0.5,44
platin,SNU1214_UPPER_AERODIGESTIVE_TRACT,0.996803879737854,0.9765889054917275,1,X_pca,mil,0.5,44
platin,SNU423_LIVER,1.0032963752746582,0.9115246570897553,4,X_pca,mil,0.5,44
platin,SNU449_LIVER,1.0042815208435059,1.1467345640168969,3,X_pca,mil,0.5,44
platin,SNU46_UPPER_AERODIGESTIVE_TRACT,1.053178071975708,0.9357974549471322,4,X_pca,mil,0.5,44
platin,SNU738_CENTRAL_NERVOUS_SYSTEM,1.0346550941467285,1.0116544924184956,1,X_pca,mil,0.5,44
platin,SNU899_UPPER_AERODIGESTIVE_TRACT,0.959574818611145,1.0467447911400394,2,X_pca,mil,0.5,44
platin,SNUC4_LARGE_INTESTINE,0.9983201026916504,0.9871944896158876,5,X_pca,mil,0.5,44
platin,SQ1_LUNG,1.1197351217269897,1.0108763067161335,3,X_pca,mil,0.5,44
platin,SU8686_PANCREAS,0.7819308638572693,0.8832876478753439,1,X_pca,mil,0.5,44
platin,SW1088_CENTRAL_NERVOUS_SYSTEM,1.0418158769607544,0.9525804854929447,4,X_pca,mil,0.5,44
platin,SW1271_LUNG,0.8586243391036987,1.0422401303830353,1,X_pca,mil,0.5,44
platin,SW1990_PANCREAS,0.9959171414375305,0.9101304893384927,5,X_pca,mil,0.5,44
platin,SW579_THYROID,1.0330111980438232,1.0556758175247825,3,X_pca,mil,0.5,44
platin,T47D_BREAST,0.9664716720581055,1.0749949540487782,1,X_pca,mil,0.5,44
platin,TCCSUP_URINARY_TRACT,0.9622014760971069,1.0007575293885003,3,X_pca,mil,0.5,44
platin,TE10_OESOPHAGUS,1.0060145854949951,0.844061419027581,4,X_pca,mil,0.5,44
platin,TE14_OESOPHAGUS,0.8898840546607971,0.9283493538446064,1,X_pca,mil,0.5,44
platin,TE1_OESOPHAGUS,1.0246561765670776,1.0017798187084568,4,X_pca,mil,0.5,44
platin,TE6_OESOPHAGUS,0.8174415230751038,1.009289278741757,2,X_pca,mil,0.5,44
platin,TE9_OESOPHAGUS,0.990706741809845,1.0349391903127394,2,X_pca,mil,0.5,44
platin,TM31_CENTRAL_NERVOUS_SYSTEM,1.0375616550445557,1.0713825698556572,2,X_pca,mil,0.5,44
platin,TOV112D_OVARY,1.0178531408309937,0.9867623303181086,2,X_pca,mil,0.5,44
platin,UACC257_SKIN,0.9795092344284058,1.095964526032803,1,X_pca,mil,0.5,44
platin,UMUC1_URINARY_TRACT,0.9927111268043518,0.9704879310530454,1,X_pca,mil,0.5,44
platin,VMCUB1_URINARY_TRACT,1.0341886281967163,1.0261541910500707,4,X_pca,mil,0.5,44
platin,VMRCRCZ_KIDNEY,1.0258471965789795,1.0229424609740576,2,X_pca,mil,0.5,44
platin,YD38_UPPER_AERODIGESTIVE_TRACT,0.998884379863739,1.048729015657535,4,X_pca,mil,0.5,44
platin,ZR751_BREAST,0.9796913862228394,1.0655899333336591,1,X_pca,mil,0.5,44
etoposide,42MGBA_CENTRAL_NERVOUS_SYSTEM,0.8331009149551392,0.8696574528475065,4,X_pca,mil,0.5,44
etoposide,8305C_THYROID,0.9449881911277771,0.8969471337748509,4,X_pca,mil,0.5,44
etoposide,A204_SOFT_TISSUE,0.6566945314407349,0.8158819508552552,4,X_pca,mil,0.5,44
etoposide,A2058_SKIN,0.7570939660072327,0.8913471220301933,5,X_pca,mil,0.5,44
etoposide,A375_SKIN,0.8881973028182983,0.829987002162869,3,X_pca,mil,0.5,44
etoposide,ACCMESO1_PLEURA,1.0023478269577026,0.8877049986227059,2,X_pca,mil,0.5,44
etoposide,ASPC1_PANCREAS,0.879176914691925,0.9295675750436454,4,X_pca,mil,0.5,44
etoposide,BCPAP_THYROID,0.9081188440322876,0.9696840698781767,4,X_pca,mil,0.5,44
etoposide,BFTC909_KIDNEY,0.9591362476348877,0.8419450370491652,5,X_pca,mil,0.5,44
etoposide,BHY_UPPER_AERODIGESTIVE_TRACT,0.8850126266479492,0.9359201875226251,3,X_pca,mil,0.5,44
etoposide,BICR16_UPPER_AERODIGESTIVE_TRACT,0.9224086403846741,0.9261237998616021,5,X_pca,mil,0.5,44
etoposide,BICR31_UPPER_AERODIGESTIVE_TRACT,0.7809478044509888,0.9588532793906427,3,X_pca,mil,0.5,44
etoposide,BICR56_UPPER_AERODIGESTIVE_TRACT,0.8778219223022461,0.8500182341646265,3,X_pca,mil,0.5,44
etoposide,BICR6_UPPER_AERODIGESTIVE_TRACT,0.8759380578994751,0.9196243450775013,5,X_pca,mil,0.5,44
etoposide,BT474_BREAST,1.0099736452102661,0.9050630178451539,4,X_pca,mil,0.5,44
etoposide,BT549_BREAST,0.8398808240890503,0.8678127858871804,1,X_pca,mil,0.5,44
etoposide,CAKI2_KIDNEY,0.9896016120910645,0.8620873308010238,4,X_pca,mil,0.5,44
etoposide,CALU6_LUNG,0.9807374477386475,0.8576746402784835,3,X_pca,mil,0.5,44
etoposide,CAMA1_BREAST,0.9752383828163147,0.8743037700243422,3,X_pca,mil,0.5,44
etoposide,CAS1_CENTRAL_NERVOUS_SYSTEM,0.9169378280639648,0.8353006588785272,1,X_pca,mil,0.5,44
etoposide,CCFSTTG1_CENTRAL_NERVOUS_SYSTEM,0.9626949429512024,0.7859243973483884,5,X_pca,mil,0.5,44
etoposide,COLO792_SKIN,0.9148250818252563,0.9387998391781346,2,X_pca,mil,0.5,44
etoposide,COV434_OVARY,0.6470798254013062,0.8372246196324175,4,X_pca,mil,0.5,44
etoposide,DETROIT562_UPPER_AERODIGESTIVE_TRACT,0.9601549506187439,0.8522567884322324,2,X_pca,mil,0.5,44
etoposide,DKMG_CENTRAL_NERVOUS_SYSTEM,0.8593933582305908,0.8094557800856024,5,X_pca,mil,0.5,44
etoposide,EBC1_LUNG,0.835035502910614,0.8282090223604633,3,X_pca,mil,0.5,44
etoposide,EFE184_ENDOMETRIUM,1.0169838666915894,0.9446673864542052,4,X_pca,mil,0.5,44
etoposide,EKVX_LUNG,0.9118933081626892,0.8625794600134027,2,X_pca,mil,0.5,44
etoposide,FTC133_THYROID,0.7460918426513672,1.013878254379545,3,X_pca,mil,0.5,44
etoposide,GOS3_CENTRAL_NERVOUS_SYSTEM,0.8375164270401001,0.8781196646665403,2,X_pca,mil,0.5,44
etoposide,HCC1428_BREAST,0.9771108031272888,0.9009001719670033,5,X_pca,mil,0.5,44
etoposide,HCC366_LUNG,0.910918116569519,0.936376692044853,5,X_pca,mil,0.5,44
etoposide,HCC38_BREAST,0.8091710805892944,0.8746179234981537,5,X_pca,mil,0.5,44
etoposide,HCC56_LARGE_INTESTINE,0.9495776295661926,1.0532947754619097,3,X_pca,mil,0.5,44
etoposide,HDQP1_BREAST,0.8516975045204163,1.0025603668764234,3,X_pca,mil,0.5,44
etoposide,HEC151_ENDOMETRIUM,1.0013673305511475,0.9957921109199523,4,X_pca,mil,0.5,44
etoposide,HEC251_ENDOMETRIUM,0.8941265940666199,0.9444900728831781,3,X_pca,mil,0.5,44
etoposide,HEC6_ENDOMETRIUM,0.8517888188362122,0.8702325546963615,1,X_pca,mil,0.5,44
etoposide,HEP3B217_LIVER,1.057532548904419,0.7845806979526908,2,X_pca,mil,0.5,44
etoposide,HMC18_BREAST,0.8415269255638123,0.7625632627832198,2,X_pca,mil,0.5,44
etoposide,HOS_BONE,0.7974532842636108,0.7898955705010561,4,X_pca,mil,0.5,44
etoposide,HS852T_SKIN,0.7475330829620361,0.931164601334819,3,X_pca,mil,0.5,44
etoposide,HT1080_SOFT_TISSUE,0.6449280381202698,0.8800639973361363,5,X_pca,mil,0.5,44
etoposide,HT55_LARGE_INTESTINE,0.9650404453277588,1.0138071939278552,1,X_pca,mil,0.5,44
etoposide,HUH28_BILIARY_TRACT,1.018973469734192,0.8728318930529863,2,X_pca,mil,0.5,44
etoposide,HUH6_LIVER,0.833292543888092,0.9319369955175727,4,X_pca,mil,0.5,44
etoposide,HUPT3_PANCREAS,0.9852476119995117,0.903639566810692,5,X_pca,mil,0.5,44
etoposide,HUPT4_PANCREAS,0.8033379912376404,0.8737573847174644,5,X_pca,mil,0.5,44
etoposide,IALM_LUNG,0.930241048336029,0.8607130506023857,4,X_pca,mil,0.5,44
etoposide,IGR1_SKIN,1.0408581495285034,0.8833832757226352,5,X_pca,mil,0.5,44
etoposide,IGR37_SKIN,0.8412778973579407,0.9791883663073053,2,X_pca,mil,0.5,44
etoposide,IM95_STOMACH,0.9270851612091064,0.9185647339434238,4,X_pca,mil,0.5,44
etoposide,JHH6_LIVER,1.0548464059829712,0.8125952100290835,3,X_pca,mil,0.5,44
etoposide,JHOC5_OVARY,0.8626714944839478,0.971871830677164,5,X_pca,mil,0.5,44
etoposide,KALS1_CENTRAL_NERVOUS_SYSTEM,0.8603273630142212,0.9075187324649758,2,X_pca,mil,0.5,44
etoposide,KMRC3_KIDNEY,0.8813601136207581,0.982673412926343,1,X_pca,mil,0.5,44
etoposide,KNS42_CENTRAL_NERVOUS_SYSTEM,0.9034853577613831,0.771631562779116,4,X_pca,mil,0.5,44
etoposide,KPL1_BREAST,1.0205578804016113,0.8907811088838439,3,X_pca,mil,0.5,44
etoposide,KYSE520_OESOPHAGUS,0.9646059274673462,0.9658770826947948,2,X_pca,mil,0.5,44
etoposide,LI7_LIVER,0.7534247040748596,0.8843325917818108,4,X_pca,mil,0.5,44
etoposide,LMSU_STOMACH,0.8622081279754639,0.794306903259427,2,X_pca,mil,0.5,44
etoposide,LNCAPCLONEFGC_PROSTATE,0.7813186645507812,0.8041834812755733,2,X_pca,mil,0.5,44
etoposide,LS1034_LARGE_INTESTINE,0.9297102689743042,0.9119005660488181,4,X_pca,mil,0.5,44
etoposide,LS180_LARGE_INTESTINE,0.8861265778541565,1.0429958484839865,3,X_pca,mil,0.5,44
etoposide,MCF7_BREAST,0.8706713318824768,1.0340322735426308,1,X_pca,mil,0.5,44
etoposide,MDAMB361_BREAST,0.8954521417617798,0.957550640017898,1,X_pca,mil,0.5,44
etoposide,MFE319_ENDOMETRIUM,0.9040636420249939,0.8966768555616209,2,X_pca,mil,0.5,44
etoposide,MKN45_STOMACH,1.0311390161514282,0.9595184694912474,1,X_pca,mil,0.5,44
etoposide,MKN7_STOMACH,0.8600762486457825,0.9298329563565957,5,X_pca,mil,0.5,44
etoposide,MSTO211H_PLEURA,0.7917598485946655,0.799246831574424,1,X_pca,mil,0.5,44
etoposide,NCIH1299_LUNG,0.8532851934432983,0.796582834327712,2,X_pca,mil,0.5,44
etoposide,NCIH1373_LUNG,0.9630944132804871,0.8744059513981749,3,X_pca,mil,0.5,44
etoposide,NCIH1435_LUNG,0.9766814112663269,0.9128553222181198,3,X_pca,mil,0.5,44
etoposide,NCIH1792_LUNG,0.9656820297241211,0.7837345025560878,4,X_pca,mil,0.5,44
etoposide,NCIH1944_LUNG,0.6817682385444641,0.8751395058228774,2,X_pca,mil,0.5,44
etoposide,NCIH2087_LUNG,0.7589763402938843,0.910770768716455,5,X_pca,mil,0.5,44
etoposide,NCIH2110_LUNG,0.7439486384391785,0.8460137248338766,1,X_pca,mil,0.5,44
etoposide,NCIH2126_LUNG,0.8658925294876099,0.9146831432978312,4,X_pca,mil,0.5,44
etoposide,NCIH2170_LUNG,0.8605372905731201,0.8880483873293433,4,X_pca,mil,0.5,44
etoposide,NCIH2228_LUNG,0.803703784942627,0.8955154209435798,3,X_pca,mil,0.5,44
etoposide,NCIH226_LUNG,0.8373623490333557,0.8206986272588689,1,X_pca,mil,0.5,44
etoposide,NCIH2444_LUNG,0.9262818098068237,0.9363707985556076,3,X_pca,mil,0.5,44
etoposide,NCIH2452_PLEURA,0.7958627939224243,0.8035976292918606,3,X_pca,mil,0.5,44
etoposide,NCIH292_LUNG,0.8499202728271484,0.9365461625403642,3,X_pca,mil,0.5,44
etoposide,NCIH358_LUNG,0.9151281714439392,0.8630847292287009,1,X_pca,mil,0.5,44
etoposide,NCIH446_LUNG,0.8249961733818054,0.7982388181345803,3,X_pca,mil,0.5,44
etoposide,NCIH460_LUNG,0.8671941161155701,0.7108084645963484,3,X_pca,mil,0.5,44
etoposide,NCIH522_LUNG,0.9969654083251953,0.7784353354229376,2,X_pca,mil,0.5,44
etoposide,NCIH650_LUNG,0.8764075636863708,0.937391143003513,5,X_pca,mil,0.5,44
etoposide,NCIH747_LARGE_INTESTINE,0.8664198517799377,0.9101987987756729,5,X_pca,mil,0.5,44
etoposide,OAW28_OVARY,0.9306925535202026,0.9759435042831468,5,X_pca,mil,0.5,44
etoposide,ONCODG1_OVARY,1.0017673969268799,0.9196336922822175,2,X_pca,mil,0.5,44
etoposide,OSRC2_KIDNEY,0.9677801132202148,0.9659018388816288,3,X_pca,mil,0.5,44
etoposide,OUMS23_LARGE_INTESTINE,1.0090399980545044,0.9064552204631199,5,X_pca,mil,0.5,44
etoposide,OVCAR4_OVARY,1.0145936012268066,0.978988777201083,1,X_pca,mil,0.5,44
etoposide,OVK18_OVARY,0.7846348881721497,0.8580242304989462,5,X_pca,mil,0.5,44
etoposide,OVSAHO_OVARY,0.9214667081832886,0.8880659630645215,2,X_pca,mil,0.5,44
etoposide,OVTOKO_OVARY,0.9155097007751465,0.9628011718321074,2,X_pca,mil,0.5,44
etoposide,PANC0203_PANCREAS,0.9984559416770935,0.8505754602756425,3,X_pca,mil,0.5,44
etoposide,PATU8988S_PANCREAS,0.9352052807807922,0.9346200679657889,2,X_pca,mil,0.5,44
etoposide,PC3_PROSTATE,0.9446516036987305,0.8969513650476579,1,X_pca,mil,0.5,44
etoposide,PECAPJ49_UPPER_AERODIGESTIVE_TRACT,0.7879024744033813,0.8900946597061535,1,X_pca,mil,0.5,44
etoposide,PK45H_PANCREAS,0.9257375001907349,0.9310435962852956,4,X_pca,mil,0.5,44
etoposide,PK59_PANCREAS,0.8377517461776733,0.926464704261429,5,X_pca,mil,0.5,44
etoposide,RCC10RGB_KIDNEY,0.9756403565406799,0.9506357261039668,5,X_pca,mil,0.5,44
etoposide,RCM1_LARGE_INTESTINE,0.9171271920204163,0.9814450172707438,3,X_pca,mil,0.5,44
etoposide,RD_SOFT_TISSUE,0.8854100108146667,0.8605781599479617,1,X_pca,mil,0.5,44
etoposide,RERFLCAD1_LUNG,1.0706090927124023,0.8558527812545682,5,X_pca,mil,0.5,44
etoposide,RERFLCAI_LUNG,0.8134436011314392,0.8938736990582428,5,X_pca,mil,0.5,44
etoposide,RT4_URINARY_TRACT,0.8668930530548096,0.8466443295748729,5,X_pca,mil,0.5,44
etoposide,RVH421_SKIN,0.897118330001831,0.950071438585864,4,X_pca,mil,0.5,44
etoposide,SCC25_UPPER_AERODIGESTIVE_TRACT,0.8446158766746521,0.8941824260294304,2,X_pca,mil,0.5,44
etoposide,SCC9_UPPER_AERODIGESTIVE_TRACT,0.8701490759849548,0.8554482158861663,2,X_pca,mil,0.5,44
etoposide,SH10TC_STOMACH,0.9672427773475647,0.9744338383022536,5,X_pca,mil,0.5,44
etoposide,SKES1_BONE,0.5934908390045166,0.8877960057049007,2,X_pca,mil,0.5,44
etoposide,SKMEL30_SKIN,1.0023661851882935,0.8995151416775863,1,X_pca,mil,0.5,44
etoposide,SKMEL5_SKIN,0.9399893879890442,0.9807288941710887,4,X_pca,mil,0.5,44
etoposide,SKNAS_AUTONOMIC_GANGLIA,0.8629070520401001,0.8196788332631103,2,X_pca,mil,0.5,44
etoposide,SNU1079_BILIARY_TRACT,0.7595831751823425,0.883387855470997,1,X_pca,mil,0.5,44
etoposide,SNU1214_UPPER_AERODIGESTIVE_TRACT,1.0224812030792236,0.932363860467647,1,X_pca,mil,0.5,44
etoposide,SNU308_BILIARY_TRACT,0.979265570640564,0.8385343551635742,1,X_pca,mil,0.5,44
etoposide,SNU423_LIVER,0.8940250873565674,0.9125883202507811,4,X_pca,mil,0.5,44
etoposide,SNU449_LIVER,0.9801832437515259,0.784227857775722,3,X_pca,mil,0.5,44
etoposide,SNU46_UPPER_AERODIGESTIVE_TRACT,0.9463304877281189,0.7944575005163581,4,X_pca,mil,0.5,44
etoposide,SNU738_CENTRAL_NERVOUS_SYSTEM,0.9562158584594727,0.8676089373930778,1,X_pca,mil,0.5,44
etoposide,SNU899_UPPER_AERODIGESTIVE_TRACT,0.915181040763855,0.9069862652973957,2,X_pca,mil,0.5,44
etoposide,SNUC4_LARGE_INTESTINE,1.036194920539856,0.8767683174165974,5,X_pca,mil,0.5,44
etoposide,SQ1_LUNG,0.9289757013320923,0.8879991434201473,3,X_pca,mil,0.5,44
etoposide,SU8686_PANCREAS,0.9100701212882996,0.8882003317518932,1,X_pca,mil,0.5,44
etoposide,SW1088_CENTRAL_NERVOUS_SYSTEM,0.8721161484718323,0.961644968483597,4,X_pca,mil,0.5,44
etoposide,SW1271_LUNG,0.783595085144043,0.8679299945416658,1,X_pca,mil,0.5,44
etoposide,SW1990_PANCREAS,0.9401975274085999,0.9075158484983911,5,X_pca,mil,0.5,44
etoposide,SW579_THYROID,0.75473552942276,0.9152406750736148,3,X_pca,mil,0.5,44
etoposide,T47D_BREAST,0.8190407156944275,0.9701487562235664,1,X_pca,mil,0.5,44
etoposide,TCCSUP_URINARY_TRACT,0.8695651292800903,0.9073689659185047,3,X_pca,mil,0.5,44
etoposide,TE10_OESOPHAGUS,1.0292607545852661,0.9229996305078132,4,X_pca,mil,0.5,44
etoposide,TE14_OESOPHAGUS,0.8199804425239563,0.8510711880927347,1,X_pca,mil,0.5,44
etoposide,TE1_OESOPHAGUS,0.9366662502288818,0.833635200863903,4,X_pca,mil,0.5,44
etoposide,TE6_OESOPHAGUS,0.936692476272583,0.8779128118132506,2,X_pca,mil,0.5,44
etoposide,TE9_OESOPHAGUS,0.8555706739425659,0.9454464472589954,2,X_pca,mil,0.5,44
etoposide,TM31_CENTRAL_NERVOUS_SYSTEM,0.8893219828605652,0.8377820381830479,2,X_pca,mil,0.5,44
etoposide,TOV112D_OVARY,0.6803762316703796,0.7467150818078946,2,X_pca,mil,0.5,44
etoposide,UACC257_SKIN,0.890669047832489,0.8907925491552473,1,X_pca,mil,0.5,44
etoposide,UMUC1_URINARY_TRACT,0.7779892683029175,0.8604575471224518,1,X_pca,mil,0.5,44
etoposide,VMCUB1_URINARY_TRACT,0.7960208058357239,0.8928881376108864,4,X_pca,mil,0.5,44
etoposide,VMRCRCZ_KIDNEY,0.9554398059844971,0.9054799650112788,2,X_pca,mil,0.5,44
etoposide,YD38_UPPER_AERODIGESTIVE_TRACT,0.9334123730659485,0.9092389898231397,4,X_pca,mil,0.5,44
etoposide,ZR751_BREAST,0.8927608728408813,0.942826000232141,1,X_pca,mil,0.5,44
paclitaxel,42MGBA_CENTRAL_NERVOUS_SYSTEM,0.5773449540138245,0.31116505323920013,4,X_pca,mil,0.5,44
paclitaxel,8305C_THYROID,0.4181595742702484,0.536841853576548,4,X_pca,mil,0.5,44
paclitaxel,A204_SOFT_TISSUE,0.3976210951805115,0.4529163469076157,4,X_pca,mil,0.5,44
paclitaxel,A2058_SKIN,0.25213122367858887,0.6883624714045298,5,X_pca,mil,0.5,44
paclitaxel,A375_SKIN,0.6486640572547913,0.45951752266634577,3,X_pca,mil,0.5,44
paclitaxel,ACCMESO1_PLEURA,0.894306480884552,0.712926048003597,2,X_pca,mil,0.5,44
paclitaxel,ASPC1_PANCREAS,0.6668426394462585,0.7283624779561471,4,X_pca,mil,0.5,44
paclitaxel,BCPAP_THYROID,0.23143450915813446,0.6450810048140978,4,X_pca,mil,0.5,44
paclitaxel,BFTC909_KIDNEY,0.5808153748512268,0.6058088132919925,5,X_pca,mil,0.5,44
paclitaxel,BHY_UPPER_AERODIGESTIVE_TRACT,0.4818921685218811,0.33508716842223857,3,X_pca,mil,0.5,44
paclitaxel,BICR16_UPPER_AERODIGESTIVE_TRACT,0.5549177527427673,0.47874960162729585,5,X_pca,mil,0.5,44
paclitaxel,BICR31_UPPER_AERODIGESTIVE_TRACT,0.5351428985595703,0.44311979352947206,3,X_pca,mil,0.5,44
paclitaxel,BICR56_UPPER_AERODIGESTIVE_TRACT,0.3730112612247467,0.28398175887119625,3,X_pca,mil,0.5,44
paclitaxel,BICR6_UPPER_AERODIGESTIVE_TRACT,0.23882922530174255,0.5847577059810812,5,X_pca,mil,0.5,44
paclitaxel,BT474_BREAST,0.5603085160255432,0.8339162225723267,4,X_pca,mil,0.5,44
paclitaxel,BT549_BREAST,0.47538626194000244,0.5730263972865012,1,X_pca,mil,0.5,44
paclitaxel,CAKI2_KIDNEY,0.681865394115448,0.9204522510655493,4,X_pca,mil,0.5,44
paclitaxel,CALU6_LUNG,0.5149357914924622,0.7563648270082104,3,X_pca,mil,0.5,44
paclitaxel,CAMA1_BREAST,0.7230926156044006,0.8479593866264697,3,X_pca,mil,0.5,44
paclitaxel,CAS1_CENTRAL_NERVOUS_SYSTEM,0.6666330099105835,0.4626729701246534,1,X_pca,mil,0.5,44
paclitaxel,CCFSTTG1_CENTRAL_NERVOUS_SYSTEM,0.5479162335395813,0.5065382493705284,5,X_pca,mil,0.5,44
paclitaxel,COLO741_SKIN,0.7170583605766296,0.6696415864225579,3,X_pca,mil,0.5,44
paclitaxel,COLO792_SKIN,0.7044686079025269,0.7985806947924554,2,X_pca,mil,0.5,44
paclitaxel,COV434_OVARY,0.5393669605255127,0.3593135438859463,4,X_pca,mil,0.5,44
paclitaxel,DETROIT562_UPPER_AERODIGESTIVE_TRACT,0.45106321573257446,0.4563682238382796,2,X_pca,mil,0.5,44
paclitaxel,DKMG_CENTRAL_NERVOUS_SYSTEM,0.38211169838905334,0.4795137672406721,5,X_pca,mil,0.5,44
paclitaxel,EBC1_LUNG,0.47598934173583984,0.5162493290119273,3,X_pca,mil,0.5,44
paclitaxel,EFE184_ENDOMETRIUM,0.860552966594696,0.7297354305899421,4,X_pca,mil,0.5,44
paclitaxel,EFM192A_BREAST,0.34463438391685486,0.7364652739451812,5,X_pca,mil,0.5,44
paclitaxel,EKVX_LUNG,0.553428053855896,0.5367897887752481,2,X_pca,mil,0.5,44
paclitaxel,FTC133_THYROID,0.47673356533050537,0.6960916378668376,3,X_pca,mil,0.5,44
paclitaxel,GOS3_CENTRAL_NERVOUS_SYSTEM,0.6263938546180725,0.6435790008899429,2,X_pca,mil,0.5,44
paclitaxel,HCC1428_BREAST,0.7681160569190979,0.7355878761434179,5,X_pca,mil,0.5,44
paclitaxel,HCC366_LUNG,0.33645835518836975,0.7567587306003759,5,X_pca,mil,0.5,44
paclitaxel,HCC56_LARGE_INTESTINE,0.6874182820320129,0.678632484541999,3,X_pca,mil,0.5,44
paclitaxel,HDQP1_BREAST,0.5503139495849609,0.5426083607599139,3,X_pca,mil,0.5,44
paclitaxel,HEC151_ENDOMETRIUM,0.26064878702163696,0.7667084449529648,4,X_pca,mil,0.5,44
paclitaxel,HEC251_ENDOMETRIUM,0.6074375510215759,0.5851467162649208,3,X_pca,mil,0.5,44
paclitaxel,HEC6_ENDOMETRIUM,0.6524566411972046,0.5057297352678287,1,X_pca,mil,0.5,44
paclitaxel,HEP3B217_LIVER,0.8749276995658875,0.565161775734465,2,X_pca,mil,0.5,44
paclitaxel,HMC18_BREAST,0.5282045602798462,0.4575408766294095,2,X_pca,mil,0.5,44
paclitaxel,HOS_BONE,0.4383065402507782,0.5163495908384588,4,X_pca,mil,0.5,44
paclitaxel,HS852T_SKIN,0.561641275882721,0.6136247158786396,3,X_pca,mil,0.5,44
paclitaxel,HT1080_SOFT_TISSUE,0.2787070870399475,0.4753392905920975,5,X_pca,mil,0.5,44
paclitaxel,HT1197_URINARY_TRACT,0.8348632454872131,0.7376956081873661,4,X_pca,mil,0.5,44
paclitaxel,HT55_LARGE_INTESTINE,0.7321103811264038,0.7595613481591663,1,X_pca,mil,0.5,44
paclitaxel,HUH28_BILIARY_TRACT,0.8871231079101562,0.3895537716021641,2,X_pca,mil,0.5,44
paclitaxel,HUH6_LIVER,0.6696184277534485,0.8774536324323282,4,X_pca,mil,0.5,44
paclitaxel,HUPT3_PANCREAS,0.6675722002983093,0.5663341853548499,5,X_pca,mil,0.5,44
paclitaxel,HUPT4_PANCREAS,0.4872957468032837,0.5429512272988047,5,X_pca,mil,0.5,44
paclitaxel,IALM_LUNG,0.9551768898963928,0.5951687280805955,4,X_pca,mil,0.5,44
paclitaxel,IGR1_SKIN,0.46965447068214417,0.6008209473511268,5,X_pca,mil,0.5,44
paclitaxel,IGR37_SKIN,0.34695038199424744,0.7861875812670683,2,X_pca,mil,0.5,44
paclitaxel,IM95_STOMACH,0.1323966383934021,0.6505938351154328,4,X_pca,mil,0.5,44
paclitaxel,JHH6_LIVER,0.8664480447769165,0.40478990740567733,3,X_pca,mil,0.5,44
paclitaxel,JHOC5_OVARY,0.7029275298118591,0.5977661416448395,5,X_pca,mil,0.5,44
paclitaxel,KALS1_CENTRAL_NERVOUS_SYSTEM,0.5483145117759705,0.4348256099555228,2,X_pca,mil,0.5,44
paclitaxel,KNS42_CENTRAL_NERVOUS_SYSTEM,0.5381373763084412,0.5644264954120614,4,X_pca,mil,0.5,44
paclitaxel,KPL1_BREAST,0.8654016256332397,0.806307929041593,3,X_pca,mil,0.5,44
paclitaxel,KPNSI9S_AUTONOMIC_GANGLIA,0.4790201187133789,0.3898612376331359,5,X_pca,mil,0.5,44
paclitaxel,KYSE520_OESOPHAGUS,0.7341740131378174,0.550594639113813,2,X_pca,mil,0.5,44
paclitaxel,LI7_LIVER,0.4598449468612671,0.5919334331945497,4,X_pca,mil,0.5,44
paclitaxel,LMSU_STOMACH,0.6969594359397888,0.28260564920949,2,X_pca,mil,0.5,44
paclitaxel,LNCAPCLONEFGC_PROSTATE,0.26235461235046387,0.7630616419537123,2,X_pca,mil,0.5,44
paclitaxel,LS1034_LARGE_INTESTINE,0.6370921730995178,0.8432531320068934,4,X_pca,mil,0.5,44
paclitaxel,LS180_LARGE_INTESTINE,0.4816078245639801,0.4450332133558648,3,X_pca,mil,0.5,44
paclitaxel,MCF7_BREAST,0.7188596725463867,0.8614949646529618,1,X_pca,mil,0.5,44
paclitaxel,MDAMB361_BREAST,0.7592437863349915,0.5762330507790601,1,X_pca,mil,0.5,44
paclitaxel,MFE319_ENDOMETRIUM,0.33053478598594666,0.5406514237688475,2,X_pca,mil,0.5,44
paclitaxel,MKN45_STOMACH,1.0542246103286743,0.6754887366698961,1,X_pca,mil,0.5,44
paclitaxel,MKN7_STOMACH,0.7204365134239197,0.7674876461888469,5,X_pca,mil,0.5,44
paclitaxel,MSTO211H_PLEURA,0.5372766852378845,0.4031118463586878,1,X_pca,mil,0.5,44
paclitaxel,NCIH1299_LUNG,0.7549321055412292,0.3933671529261807,2,X_pca,mil,0.5,44
paclitaxel,NCIH1373_LUNG,0.8187294602394104,0.6661663673272947,3,X_pca,mil,0.5,44
paclitaxel,NCIH1435_LUNG,0.8090988397598267,0.5729382708947757,3,X_pca,mil,0.5,44
paclitaxel,NCIH1792_LUNG,0.5818405151367188,0.4774500861898199,4,X_pca,mil,0.5,44
paclitaxel,NCIH1944_LUNG,0.3740067780017853,0.5378425255201865,2,X_pca,mil,0.5,44
paclitaxel,NCIH2087_LUNG,0.5467512607574463,0.5447294403156734,5,X_pca,mil,0.5,44
paclitaxel,NCIH2110_LUNG,0.272956520318985,0.4890788016007773,1,X_pca,mil,0.5,44
paclitaxel,NCIH2126_LUNG,0.5379691123962402,0.5385246104137464,4,X_pca,mil,0.5,44
paclitaxel,NCIH2170_LUNG,0.5391324758529663,0.5093398853926592,4,X_pca,mil,0.5,44
paclitaxel,NCIH2228_LUNG,0.4602290689945221,0.7695265507340756,3,X_pca,mil,0.5,44
paclitaxel,NCIH226_LUNG,0.8687956929206848,0.7196667704176396,1,X_pca,mil,0.5,44
paclitaxel,NCIH2444_LUNG,0.9581254720687866,0.6032708830471281,3,X_pca,mil,0.5,44
paclitaxel,NCIH2452_PLEURA,0.5407692193984985,0.8083545079794072,3,X_pca,mil,0.5,44
paclitaxel,NCIH292_LUNG,0.5668730139732361,0.4289911982598999,3,X_pca,mil,0.5,44
paclitaxel,NCIH358_LUNG,0.25940781831741333,0.6236070777688708,1,X_pca,mil,0.5,44
paclitaxel,NCIH446_LUNG,0.14456011354923248,0.5699653176932918,3,X_pca,mil,0.5,44
paclitaxel,NCIH460_LUNG,0.7660059332847595,0.3035814981805239,3,X_pca,mil,0.5,44
paclitaxel,NCIH522_LUNG,0.17662416398525238,0.457154024965488,2,X_pca,mil,0.5,44
paclitaxel,NCIH650_LUNG,0.5765936970710754,0.6059804137562473,5,X_pca,mil,0.5,44
paclitaxel,NCIH747_LARGE_INTESTINE,0.5780559778213501,0.6955883719027043,5,X_pca,mil,0.5,44
paclitaxel,OAW28_OVARY,0.6478685736656189,0.7279294588551017,5,X_pca,mil,0.5,44
paclitaxel,ONCODG1_OVARY,0.3199176490306854,0.805697994099723,2,X_pca,mil,0.5,44
paclitaxel,OSRC2_KIDNEY,0.7962691187858582,0.9367409793157426,3,X_pca,mil,0.5,44
paclitaxel,OUMS23_LARGE_INTESTINE,0.7829944491386414,0.9309269217687233,5,X_pca,mil,0.5,44
paclitaxel,OVCAR4_OVARY,0.8004850149154663,0.7264148260173865,1,X_pca,mil,0.5,44
paclitaxel,OVK18_OVARY,0.4765249192714691,0.3755091043670526,5,X_pca,mil,0.5,44
paclitaxel,OVSAHO_OVARY,0.8824303150177002,0.7800875828654755,2,X_pca,mil,0.5,44
paclitaxel,OVTOKO_OVARY,0.8369354605674744,0.7473191193986738,2,X_pca,mil,0.5,44
paclitaxel,PANC0203_PANCREAS,0.6423929333686829,0.5650104278396711,3,X_pca,mil,0.5,44
paclitaxel,PATU8988S_PANCREAS,0.446163147687912,0.8515613291595803,2,X_pca,mil,0.5,44
paclitaxel,PC3_PROSTATE,0.6623719334602356,0.5797116179790722,1,X_pca,mil,0.5,44
paclitaxel,PECAPJ49_UPPER_AERODIGESTIVE_TRACT,0.1385912001132965,0.4355727192198876,1,X_pca,mil,0.5,44
paclitaxel,PK45H_PANCREAS,0.654854953289032,0.8228708345071856,4,X_pca,mil,0.5,44
paclitaxel,PK59_PANCREAS,0.7222234010696411,0.7568786060330511,5,X_pca,mil,0.5,44
paclitaxel,RCC10RGB_KIDNEY,0.9201443791389465,0.8298951181475185,5,X_pca,mil,0.5,44
paclitaxel,RCM1_LARGE_INTESTINE,0.8737563490867615,0.6421329425647855,3,X_pca,mil,0.5,44
paclitaxel,RD_SOFT_TISSUE,0.4241355359554291,0.5359684368202969,1,X_pca,mil,0.5,44
paclitaxel,RERFLCAD1_LUNG,0.8790925741195679,0.6801040102670222,5,X_pca,mil,0.5,44
paclitaxel,RERFLCAI_LUNG,0.2502758204936981,0.6652477457435853,5,X_pca,mil,0.5,44
paclitaxel,RT4_URINARY_TRACT,0.6046387553215027,0.4770810533806963,5,X_pca,mil,0.5,44
paclitaxel,RVH421_SKIN,0.7491921186447144,0.8623138666152954,4,X_pca,mil,0.5,44
paclitaxel,SCC25_UPPER_AERODIGESTIVE_TRACT,0.2888741195201874,0.3918043734767124,2,X_pca,mil,0.5,44
paclitaxel,SCC9_UPPER_AERODIGESTIVE_TRACT,0.5322899222373962,0.34043193942622135,2,X_pca,mil,0.5,44
paclitaxel,SH10TC_STOMACH,0.361468106508255,0.9197602852796897,5,X_pca,mil,0.5,44
paclitaxel,SKES1_BONE,0.13089656829833984,0.5201741352186098,2,X_pca,mil,0.5,44
paclitaxel,SKMEL30_SKIN,0.8269326090812683,0.600842888142502,1,X_pca,mil,0.5,44
paclitaxel,SKMEL5_SKIN,0.6843826770782471,0.7979786071913813,4,X_pca,mil,0.5,44
paclitaxel,SKNAS_AUTONOMIC_GANGLIA,0.4287222623825073,0.4956181235281767,2,X_pca,mil,0.5,44
paclitaxel,SNU1079_BILIARY_TRACT,0.7723974585533142,0.6541848121440574,1,X_pca,mil,0.5,44
paclitaxel,SNU1214_UPPER_AERODIGESTIVE_TRACT,0.6571193337440491,0.3905922004834135,1,X_pca,mil,0.5,44
paclitaxel,SNU308_BILIARY_TRACT,0.6758968234062195,0.46641492780218735,1,X_pca,mil,0.5,44
paclitaxel,SNU423_LIVER,0.33964672684669495,0.7961600233080253,4,X_pca,mil,0.5,44
paclitaxel,SNU449_LIVER,0.7268666625022888,0.5823320963069902,3,X_pca,mil,0.5,44
paclitaxel,SNU46_UPPER_AERODIGESTIVE_TRACT,0.7909281253814697,0.593519739301528,4,X_pca,mil,0.5,44
paclitaxel,SNU738_CENTRAL_NERVOUS_SYSTEM,0.4399850070476532,0.787929008771373,1,X_pca,mil,0.5,44
paclitaxel,SNU899_UPPER_AERODIGESTIVE_TRACT,0.681810736656189,0.3467450418386115,2,X_pca,mil,0.5,44
paclitaxel,SQ1_LUNG,0.7129773497581482,0.578060490368795,3,X_pca,mil,0.5,44
paclitaxel,SU8686_PANCREAS,0.5364874601364136,0.74893563913136,1,X_pca,mil,0.5,44
paclitaxel,SW1088_CENTRAL_NERVOUS_SYSTEM,0.5202143788337708,0.5239340276457369,4,X_pca,mil,0.5,44
paclitaxel,SW1271_LUNG,0.4873711168766022,0.6252461552619935,1,X_pca,mil,0.5,44
paclitaxel,SW1990_PANCREAS,0.5378300547599792,0.7030936773708667,5,X_pca,mil,0.5,44
paclitaxel,SW579_THYROID,0.2767201066017151,0.7377456248081224,3,X_pca,mil,0.5,44
paclitaxel,T47D_BREAST,0.803274393081665,0.6683653361117678,1,X_pca,mil,0.5,44
paclitaxel,TCCSUP_URINARY_TRACT,0.6246080994606018,0.6235365555444851,3,X_pca,mil,0.5,44
paclitaxel,TE10_OESOPHAGUS,0.5292326211929321,0.6499720556006584,4,X_pca,mil,0.5,44
paclitaxel,TE14_OESOPHAGUS,0.2964872419834137,0.300593513036579,1,X_pca,mil,0.5,44
paclitaxel,TE1_OESOPHAGUS,0.7852445244789124,0.6128935170115777,4,X_pca,mil,0.5,44
paclitaxel,TE6_OESOPHAGUS,0.25333571434020996,0.4742537457800171,2,X_pca,mil,0.5,44
paclitaxel,TM31_CENTRAL_NERVOUS_SYSTEM,0.6742895245552063,0.5008521177645388,2,X_pca,mil,0.5,44
paclitaxel,TOV112D_OVARY,0.3578580617904663,0.4469284090476158,2,X_pca,mil,0.5,44
paclitaxel,UACC257_SKIN,0.8656947016716003,0.4390421241646531,1,X_pca,mil,0.5,44
paclitaxel,UMUC1_URINARY_TRACT,0.45489633083343506,0.5603117189431553,1,X_pca,mil,0.5,44
paclitaxel,VMCUB1_URINARY_TRACT,0.2998367249965668,0.28245850206668405,4,X_pca,mil,0.5,44
paclitaxel,VMRCRCZ_KIDNEY,0.7868435978889465,0.8522663522760073,2,X_pca,mil,0.5,44
paclitaxel,ZR751_BREAST,1.0104048252105713,0.5276724141585403,1,X_pca,mil,0.5,44
gemcitabine,42MGBA_CENTRAL_NERVOUS_SYSTEM,0.5005143880844116,0.4778207995026268,4,X_pca,mil,0.5,44
gemcitabine,8305C_THYROID,0.6218052506446838,0.7046436665494458,4,X_pca,mil,0.5,44
gemcitabine,A204_SOFT_TISSUE,0.39566460251808167,0.5396508429050445,4,X_pca,mil,0.5,44
gemcitabine,A2058_SKIN,0.8566543459892273,0.6575965266041204,5,X_pca,mil,0.5,44
gemcitabine,A375_SKIN,0.34170886874198914,1.0084449113621479,3,X_pca,mil,0.5,44
gemcitabine,ACCMESO1_PLEURA,0.9600024223327637,0.8487405449519922,2,X_pca,mil,0.5,44
gemcitabine,ASPC1_PANCREAS,0.8360801339149475,0.659177075377826,4,X_pca,mil,0.5,44
gemcitabine,BCPAP_THYROID,0.6562466621398926,0.8676650761381576,4,X_pca,mil,0.5,44
gemcitabine,BFTC909_KIDNEY,0.6332346200942993,0.8317917513029557,5,X_pca,mil,0.5,44
gemcitabine,BHY_UPPER_AERODIGESTIVE_TRACT,0.49976876378059387,0.63509726586013,3,X_pca,mil,0.5,44
gemcitabine,BICR16_UPPER_AERODIGESTIVE_TRACT,0.898076593875885,0.6207314560998161,5,X_pca,mil,0.5,44
gemcitabine,BICR31_UPPER_AERODIGESTIVE_TRACT,0.8775738477706909,0.590622836423497,3,X_pca,mil,0.5,44
gemcitabine,BICR56_UPPER_AERODIGESTIVE_TRACT,0.8867817521095276,0.47840431369381187,3,X_pca,mil,0.5,44
gemcitabine,BICR6_UPPER_AERODIGESTIVE_TRACT,0.9811211228370667,0.7195711638127174,5,X_pca,mil,0.5,44
gemcitabine,BT474_BREAST,1.1705902814865112,0.8286024100780487,4,X_pca,mil,0.5,44
gemcitabine,BT549_BREAST,0.8982008099555969,0.6839584964782672,1,X_pca,mil,0.5,44
gemcitabine,CAKI2_KIDNEY,0.8708728551864624,0.6237755825193666,4,X_pca,mil,0.5,44
gemcitabine,CALU6_LUNG,0.781755805015564,0.6736749406008757,3,X_pca,mil,0.5,44
gemcitabine,CAMA1_BREAST,0.8566052317619324,0.9837774861719191,3,X_pca,mil,0.5,44
gemcitabine,CAS1_CENTRAL_NERVOUS_SYSTEM,0.6782752275466919,0.5411953684082604,1,X_pca,mil,0.5,44
gemcitabine,CCFSTTG1_CENTRAL_NERVOUS_SYSTEM,0.9153845310211182,0.4941201854527481,5,X_pca,mil,0.5,44
gemcitabine,COLO741_SKIN,0.866061806678772,0.866892487263607,3,X_pca,mil,0.5,44
gemcitabine,COLO792_SKIN,0.8210777640342712,0.8625745611657076,2,X_pca,mil,0.5,44
gemcitabine,COV434_OVARY,0.4338838756084442,0.6798275258730758,4,X_pca,mil,0.5,44
gemcitabine,DETROIT562_UPPER_AERODIGESTIVE_TRACT,0.6181465983390808,0.4846929512872286,2,X_pca,mil,0.5,44
gemcitabine,DKMG_CENTRAL_NERVOUS_SYSTEM,0.6961764693260193,0.594090735450442,5,X_pca,mil,0.5,44
gemcitabine,EBC1_LUNG,0.30304309725761414,0.5500134365853443,3,X_pca,mil,0.5,44
gemcitabine,EFE184_ENDOMETRIUM,0.671839714050293,0.6750562492498132,4,X_pca,mil,0.5,44
gemcitabine,EFM192A_BREAST,0.6512632369995117,0.8563989669353038,5,X_pca,mil,0.5,44
gemcitabine,EKVX_LUNG,0.9874262809753418,0.5641115068981092,2,X_pca,mil,0.5,44
gemcitabine,FTC133_THYROID,0.6643245220184326,0.8422151050397328,3,X_pca,mil,0.5,44
gemcitabine,GOS3_CENTRAL_NERVOUS_SYSTEM,0.6326534152030945,0.7618588731863112,2,X_pca,mil,0.5,44
gemcitabine,HCC1428_BREAST,1.0535941123962402,0.853345322327351,5,X_pca,mil,0.5,44
gemcitabine,HCC366_LUNG,0.5387693643569946,0.7830509024091287,5,X_pca,mil,0.5,44
gemcitabine,HCC38_BREAST,0.44297653436660767,0.7961934661865234,5,X_pca,mil,0.5,44
gemcitabine,HCC56_LARGE_INTESTINE,0.769647479057312,0.7560588148507205,3,X_pca,mil,0.5,44
gemcitabine,HDQP1_BREAST,0.9436390399932861,0.7152953753247857,3,X_pca,mil,0.5,44
gemcitabine,HEC151_ENDOMETRIUM,0.5687434077262878,0.7623005155324936,4,X_pca,mil,0.5,44
gemcitabine,HEC251_ENDOMETRIUM,0.8283629417419434,0.749525353730282,3,X_pca,mil,0.5,44
gemcitabine,HEC6_ENDOMETRIUM,0.7369199991226196,0.6925346153493254,1,X_pca,mil,0.5,44
gemcitabine,HEP3B217_LIVER,0.8503090739250183,0.5098256668296911,2,X_pca,mil,0.5,44
gemcitabine,HMC18_BREAST,0.5817105174064636,0.5973539937274854,2,X_pca,mil,0.5,44
gemcitabine,HOS_BONE,0.7406152486801147,0.46137270834678906,4,X_pca,mil,0.5,44
gemcitabine,HS852T_SKIN,0.6088628172874451,1.0869115190005596,3,X_pca,mil,0.5,44
gemcitabine,HT1080_SOFT_TISSUE,0.6308806538581848,0.568527114194955,5,X_pca,mil,0.5,44
gemcitabine,HT1197_URINARY_TRACT,0.8877960443496704,0.9061075376497733,4,X_pca,mil,0.5,44
gemcitabine,HT55_LARGE_INTESTINE,0.7846170663833618,0.7629701483871134,1,X_pca,mil,0.5,44
gemcitabine,HUH28_BILIARY_TRACT,0.9175785779953003,0.8221854020794519,2,X_pca,mil,0.5,44
gemcitabine,HUH6_LIVER,0.734017014503479,0.8420499457410101,4,X_pca,mil,0.5,44
gemcitabine,HUPT3_PANCREAS,0.82715904712677,0.7433964759111404,5,X_pca,mil,0.5,44
gemcitabine,HUPT4_PANCREAS,0.6738348603248596,0.6976902144295829,5,X_pca,mil,0.5,44
gemcitabine,IALM_LUNG,1.0259499549865723,0.6444727057440681,4,X_pca,mil,0.5,44
gemcitabine,IGR1_SKIN,0.7302095890045166,0.5016589591831997,5,X_pca,mil,0.5,44
gemcitabine,IGR37_SKIN,0.4442389905452728,0.8122195009711153,2,X_pca,mil,0.5,44
gemcitabine,IM95_STOMACH,0.6315738558769226,0.6927888757473714,4,X_pca,mil,0.5,44
gemcitabine,JHH6_LIVER,1.39784836769104,0.5550812604357895,3,X_pca,mil,0.5,44
gemcitabine,JHOC5_OVARY,0.4567776322364807,0.52584646919678,5,X_pca,mil,0.5,44
gemcitabine,KALS1_CENTRAL_NERVOUS_SYSTEM,0.7936452627182007,0.7330139451142814,2,X_pca,mil,0.5,44
gemcitabine,KMRC3_KIDNEY,0.5808050632476807,0.7870709607795793,1,X_pca,mil,0.5,44
gemcitabine,KNS42_CENTRAL_NERVOUS_SYSTEM,0.9519704580307007,0.6274582270619481,4,X_pca,mil,0.5,44
gemcitabine,KPL1_BREAST,0.8953196406364441,0.9248133594359177,3,X_pca,mil,0.5,44
gemcitabine,KPNSI9S_AUTONOMIC_GANGLIA,0.4565414786338806,0.6719517735547798,5,X_pca,mil,0.5,44
gemcitabine,KYSE520_OESOPHAGUS,0.9058042168617249,0.6831547628984362,2,X_pca,mil,0.5,44
gemcitabine,LI7_LIVER,0.5827900767326355,0.684779129466232,4,X_pca,mil,0.5,44
gemcitabine,LMSU_STOMACH,0.8756802678108215,0.4847232483181299,2,X_pca,mil,0.5,44
gemcitabine,LNCAPCLONEFGC_PROSTATE,0.5755029320716858,0.9390481618023658,2,X_pca,mil,0.5,44
gemcitabine,LS1034_LARGE_INTESTINE,0.6300612092018127,0.6946168613352187,4,X_pca,mil,0.5,44
gemcitabine,LS180_LARGE_INTESTINE,0.4482704699039459,0.825083444240681,3,X_pca,mil,0.5,44
gemcitabine,MCF7_BREAST,0.8343956470489502,0.8851243753533263,1,X_pca,mil,0.5,44
gemcitabine,MDAMB361_BREAST,0.7940967082977295,0.9212039894527859,1,X_pca,mil,0.5,44
gemcitabine,MFE319_ENDOMETRIUM,0.969434380531311,0.7339013262568969,2,X_pca,mil,0.5,44
gemcitabine,MKN45_STOMACH,0.9803581833839417,0.6402182776038929,1,X_pca,mil,0.5,44
gemcitabine,MKN7_STOMACH,0.9915323257446289,0.8650508851043938,5,X_pca,mil,0.5,44
gemcitabine,NCIH1299_LUNG,0.7092453837394714,0.6963277294506295,2,X_pca,mil,0.5,44
gemcitabine,NCIH1373_LUNG,0.6424748301506042,0.7117589203322806,3,X_pca,mil,0.5,44
gemcitabine,NCIH1435_LUNG,0.5391858816146851,0.7931764996453617,3,X_pca,mil,0.5,44
gemcitabine,NCIH1792_LUNG,0.6867678165435791,0.5339142148559158,4,X_pca,mil,0.5,44
gemcitabine,NCIH1944_LUNG,0.543655276298523,0.7413836444777567,2,X_pca,mil,0.5,44
gemcitabine,NCIH2087_LUNG,0.42783018946647644,0.6191285041641427,5,X_pca,mil,0.5,44
gemcitabine,NCIH2110_LUNG,0.3368552327156067,0.5609551133522436,1,X_pca,mil,0.5,44
gemcitabine,NCIH2126_LUNG,0.6156565546989441,0.5169047704248717,4,X_pca,mil,0.5,44
gemcitabine,NCIH2170_LUNG,0.44036784768104553,0.4436324093963059,4,X_pca,mil,0.5,44
gemcitabine,NCIH2228_LUNG,0.5427727699279785,0.724833657452456,3,X_pca,mil,0.5,44
gemcitabine,NCIH226_LUNG,0.7438065409660339,0.8366121842506083,1,X_pca,mil,0.5,44
gemcitabine,NCIH2444_LUNG,1.066865086555481,0.7671972304456848,3,X_pca,mil,0.5,44
gemcitabine,NCIH2452_PLEURA,0.7650330066680908,0.7696736904768252,3,X_pca,mil,0.5,44
gemcitabine,NCIH292_LUNG,0.5377177000045776,0.5235156913598379,3,X_pca,mil,0.5,44
gemcitabine,NCIH358_LUNG,0.8151067495346069,0.5990087485739163,1,X_pca,mil,0.5,44
gemcitabine,NCIH446_LUNG,0.529270589351654,0.6390424922716861,3,X_pca,mil,0.5,44
gemcitabine,NCIH460_LUNG,0.6561989784240723,0.4062297116328596,3,X_pca,mil,0.5,44
gemcitabine,NCIH522_LUNG,0.6660993695259094,0.6382190288545994,2,X_pca,mil,0.5,44
gemcitabine,NCIH650_LUNG,0.47172221541404724,0.7810291471956401,5,X_pca,mil,0.5,44
gemcitabine,NCIH747_LARGE_INTESTINE,0.6213706135749817,0.7565333105623722,5,X_pca,mil,0.5,44
gemcitabine,OAW28_OVARY,0.8206195831298828,0.7780085857610525,5,X_pca,mil,0.5,44
gemcitabine,ONCODG1_OVARY,0.7360410094261169,0.8541334817806879,2,X_pca,mil,0.5,44
gemcitabine,OSRC2_KIDNEY,0.8197447061538696,0.7038113519785896,3,X_pca,mil,0.5,44
gemcitabine,OUMS23_LARGE_INTESTINE,1.1526105403900146,0.8333623994176633,5,X_pca,mil,0.5,44
gemcitabine,OVCAR4_OVARY,0.9360761046409607,0.7799178422971664,1,X_pca,mil,0.5,44
gemcitabine,OVK18_OVARY,0.7555391192436218,0.5760999012194322,5,X_pca,mil,0.5,44
gemcitabine,OVSAHO_OVARY,0.8870753645896912,0.8155005713391409,2,X_pca,mil,0.5,44
gemcitabine,OVTOKO_OVARY,0.506416916847229,0.6864498243377539,2,X_pca,mil,0.5,44
gemcitabine,PANC0203_PANCREAS,0.8555566668510437,0.5341905481494934,3,X_pca,mil,0.5,44
gemcitabine,PATU8988S_PANCREAS,0.7852508425712585,0.8194567033501922,2,X_pca,mil,0.5,44
gemcitabine,PC3_PROSTATE,0.8767961263656616,0.8599560057975837,1,X_pca,mil,0.5,44
gemcitabine,PECAPJ49_UPPER_AERODIGESTIVE_TRACT,0.4231942892074585,0.7124591574515446,1,X_pca,mil,0.5,44
gemcitabine,PK45H_PANCREAS,0.9328077435493469,0.8414691278635356,4,X_pca,mil,0.5,44
gemcitabine,PK59_PANCREAS,0.636519193649292,0.8510387521023037,5,X_pca,mil,0.5,44
gemcitabine,RCC10RGB_KIDNEY,0.7424089908599854,0.6405644453902102,5,X_pca,mil,0.5,44
gemcitabine,RCM1_LARGE_INTESTINE,0.7560239434242249,0.6795044944155961,3,X_pca,mil,0.5,44
gemcitabine,RD_SOFT_TISSUE,0.7025274038314819,0.7459945349857725,1,X_pca,mil,0.5,44
gemcitabine,RERFLCAD1_LUNG,1.0192153453826904,0.6776638227235142,5,X_pca,mil,0.5,44
gemcitabine,RERFLCAI_LUNG,0.5772891044616699,0.725469468188317,5,X_pca,mil,0.5,44
gemcitabine,RT4_URINARY_TRACT,0.457478791475296,0.5495431971437527,5,X_pca,mil,0.5,44
gemcitabine,RVH421_SKIN,0.9899332523345947,0.9026902000026225,4,X_pca,mil,0.5,44
gemcitabine,SCC25_UPPER_AERODIGESTIVE_TRACT,0.7432425022125244,0.7130219939025845,2,X_pca,mil,0.5,44
gemcitabine,SCC9_UPPER_AERODIGESTIVE_TRACT,0.847379744052887,0.7241354912205746,2,X_pca,mil,0.5,44
gemcitabine,SH10TC_STOMACH,1.105261206626892,0.9442903728906246,5,X_pca,mil,0.5,44
gemcitabine,SKES1_BONE,0.2559921145439148,0.7171075645383898,2,X_pca,mil,0.5,44
gemcitabine,SKMEL2_SKIN,1.6098883152008057,0.707506709124731,1,X_pca,mil,0.5,44
gemcitabine,SKMEL30_SKIN,0.8910692930221558,0.770483608286374,1,X_pca,mil,0.5,44
gemcitabine,SKMEL5_SKIN,0.5815538763999939,0.9538423619687758,4,X_pca,mil,0.5,44
gemcitabine,SKNAS_AUTONOMIC_GANGLIA,0.6201527714729309,0.6039781648237094,2,X_pca,mil,0.5,44
gemcitabine,SNU1079_BILIARY_TRACT,0.7596206665039062,0.6802142793185091,1,X_pca,mil,0.5,44
gemcitabine,SNU1214_UPPER_AERODIGESTIVE_TRACT,0.7392807602882385,0.9858867145599203,1,X_pca,mil,0.5,44
gemcitabine,SNU308_BILIARY_TRACT,0.8736388683319092,0.7610002328106698,1,X_pca,mil,0.5,44
gemcitabine,SNU423_LIVER,0.7069547176361084,0.742481806649352,4,X_pca,mil,0.5,44
gemcitabine,SNU449_LIVER,0.8254060745239258,0.5611921573150243,3,X_pca,mil,0.5,44
gemcitabine,SNU46_UPPER_AERODIGESTIVE_TRACT,0.8096166253089905,0.6866984492388822,4,X_pca,mil,0.5,44
gemcitabine,SNU738_CENTRAL_NERVOUS_SYSTEM,0.6285289525985718,0.9906960625132659,1,X_pca,mil,0.5,44
gemcitabine,SNU899_UPPER_AERODIGESTIVE_TRACT,0.7130030393600464,0.7647954584604286,2,X_pca,mil,0.5,44
gemcitabine,SNUC4_LARGE_INTESTINE,0.8598319888114929,0.5388952905284261,5,X_pca,mil,0.5,44
gemcitabine,SQ1_LUNG,0.6690840125083923,0.7498851975723475,3,X_pca,mil,0.5,44
gemcitabine,SU8686_PANCREAS,0.6601048111915588,0.8127288934661121,1,X_pca,mil,0.5,44
gemcitabine,SW1088_CENTRAL_NERVOUS_SYSTEM,0.571869432926178,0.6180065318476409,4,X_pca,mil,0.5,44
gemcitabine,SW1271_LUNG,0.613210141658783,0.6449559442375017,1,X_pca,mil,0.5,44
gemcitabine,SW1990_PANCREAS,0.6145241856575012,0.8553729871779389,5,X_pca,mil,0.5,44
gemcitabine,SW579_THYROID,0.40441542863845825,0.6548883276326316,3,X_pca,mil,0.5,44
gemcitabine,T47D_BREAST,0.8489176630973816,0.8882796796738293,1,X_pca,mil,0.5,44
gemcitabine,TCCSUP_URINARY_TRACT,0.7683467864990234,0.717266207443008,3,X_pca,mil,0.5,44
gemcitabine,TE10_OESOPHAGUS,0.7129018306732178,0.8901985181521063,4,X_pca,mil,0.5,44
gemcitabine,TE14_OESOPHAGUS,0.5843991637229919,0.7979258222167502,1,X_pca,mil,0.5,44
gemcitabine,TE1_OESOPHAGUS,0.6737027764320374,0.7039263795301752,4,X_pca,mil,0.5,44
gemcitabine,TE6_OESOPHAGUS,0.6561077833175659,0.6859159837400848,2,X_pca,mil,0.5,44
gemcitabine,TE9_OESOPHAGUS,0.6804585456848145,0.6539373437483464,2,X_pca,mil,0.5,44
gemcitabine,TM31_CENTRAL_NERVOUS_SYSTEM,0.786973774433136,0.7318755141619978,2,X_pca,mil,0.5,44
gemcitabine,TOV112D_OVARY,0.34909936785697937,0.7092701296011606,2,X_pca,mil,0.5,44
gemcitabine,UACC257_SKIN,0.6209816336631775,0.6438880368256669,1,X_pca,mil,0.5,44
gemcitabine,UMUC1_URINARY_TRACT,0.5380436182022095,0.6836075109576211,1,X_pca,mil,0.5,44
gemcitabine,VMCUB1_URINARY_TRACT,0.5477825999259949,0.7294596243478264,4,X_pca,mil,0.5,44
gemcitabine,VMRCRCZ_KIDNEY,0.8047785758972168,0.7179409287373225,2,X_pca,mil,0.5,44
gemcitabine,YD38_UPPER_AERODIGESTIVE_TRACT,0.555411159992218,0.6961844744017491,4,X_pca,mil,0.5,44
gemcitabine,ZR751_BREAST,1.101744294166565,0.7337199172734442,1,X_pca,mil,0.5,44
imatinib,42MGBA_CENTRAL_NERVOUS_SYSTEM,0.7974890470504761,0.8079936201738115,4,X_pca,mil,0.5,44
imatinib,8305C_THYROID,1.0951011180877686,0.8640018535335598,4,X_pca,mil,0.5,44
imatinib,A204_SOFT_TISSUE,0.6459641456604004,0.9399047453403473,4,X_pca,mil,0.5,44
imatinib,A2058_SKIN,0.8841478228569031,1.0860458898301026,5,X_pca,mil,0.5,44
imatinib,A375_SKIN,1.0721155405044556,0.9055884583000389,3,X_pca,mil,0.5,44
imatinib,ACCMESO1_PLEURA,1.0530558824539185,1.0066618113606065,2,X_pca,mil,0.5,44
imatinib,ASPC1_PANCREAS,0.8563504219055176,0.9093784854329866,4,X_pca,mil,0.5,44
imatinib,BCPAP_THYROID,1.0814443826675415,0.9558411813095996,4,X_pca,mil,0.5,44
imatinib,BFTC909_KIDNEY,0.9346845149993896,0.9022498478361044,5,X_pca,mil,0.5,44
imatinib,BHY_UPPER_AERODIGESTIVE_TRACT,1.003937005996704,0.9640506838930064,3,X_pca,mil,0.5,44
imatinib,BICR16_UPPER_AERODIGESTIVE_TRACT,0.8788600564002991,0.9309158586668518,5,X_pca,mil,0.5,44
imatinib,BICR31_UPPER_AERODIGESTIVE_TRACT,0.9263787269592285,0.9005902274962394,3,X_pca,mil,0.5,44
imatinib,BICR56_UPPER_AERODIGESTIVE_TRACT,0.9975255727767944,0.9221794752427089,3,X_pca,mil,0.5,44
imatinib,BICR6_UPPER_AERODIGESTIVE_TRACT,0.9933727383613586,1.0166959003968672,5,X_pca,mil,0.5,44
imatinib,BT474_BREAST,0.9909359812736511,0.9596398515701294,4,X_pca,mil,0.5,44
imatinib,BT549_BREAST,1.058056116104126,0.8795416657637832,1,X_pca,mil,0.5,44
imatinib,CAKI2_KIDNEY,0.891399621963501,0.9386327047999814,4,X_pca,mil,0.5,44
imatinib,CALU6_LUNG,0.9442189335823059,0.8917586228182149,3,X_pca,mil,0.5,44
imatinib,CAMA1_BREAST,0.9417577981948853,0.94060782448123,3,X_pca,mil,0.5,44
imatinib,CAS1_CENTRAL_NERVOUS_SYSTEM,0.9765406250953674,0.8863632423537118,1,X_pca,mil,0.5,44
imatinib,CCFSTTG1_CENTRAL_NERVOUS_SYSTEM,0.9044836163520813,0.8163123964294186,5,X_pca,mil,0.5,44
imatinib,COLO792_SKIN,0.8340573906898499,1.0211311196049202,2,X_pca,mil,0.5,44
imatinib,COV434_OVARY,0.89787757396698,1.0304160883480853,4,X_pca,mil,0.5,44
imatinib,DETROIT562_UPPER_AERODIGESTIVE_TRACT,0.875342607498169,0.9771865540486904,2,X_pca,mil,0.5,44
imatinib,DKMG_CENTRAL_NERVOUS_SYSTEM,0.8902096152305603,0.8532905215706772,5,X_pca,mil,0.5,44
imatinib,EBC1_LUNG,0.9644688963890076,0.9313248604215602,3,X_pca,mil,0.5,44
imatinib,EFE184_ENDOMETRIUM,1.009013056755066,1.0895492406778557,4,X_pca,mil,0.5,44
imatinib,EFM192A_BREAST,0.8446081876754761,0.9906291331614818,5,X_pca,mil,0.5,44
imatinib,EKVX_LUNG,0.9665436744689941,0.9578865239881489,2,X_pca,mil,0.5,44
imatinib,FTC133_THYROID,0.902299165725708,1.0110060517277037,3,X_pca,mil,0.5,44
imatinib,GOS3_CENTRAL_NERVOUS_SYSTEM,0.9142825603485107,1.0246079935453325,2,X_pca,mil,0.5,44
imatinib,HCC1428_BREAST,0.9144049882888794,0.9633990652917876,5,X_pca,mil,0.5,44
imatinib,HCC366_LUNG,1.028393268585205,1.0756866359474635,5,X_pca,mil,0.5,44
imatinib,HCC38_BREAST,0.9484294056892395,0.9073851779103279,5,X_pca,mil,0.5,44
imatinib,HCC56_LARGE_INTESTINE,1.1700106859207153,0.8982918954858876,3,X_pca,mil,0.5,44
imatinib,HDQP1_BREAST,1.1716277599334717,1.0565433064475656,3,X_pca,mil,0.5,44
imatinib,HEC151_ENDOMETRIUM,0.9507309198379517,0.9981329326629639,4,X_pca,mil,0.5,44
imatinib,HEC251_ENDOMETRIUM,0.982420802116394,0.9858954832932659,3,X_pca,mil,0.5,44
imatinib,HEC6_ENDOMETRIUM,0.9746668338775635,0.9719561031146079,1,X_pca,mil,0.5,44
imatinib,HEP3B217_LIVER,0.9081746935844421,0.8576104080272933,2,X_pca,mil,0.5,44
imatinib,HMC18_BREAST,0.9684697985649109,0.8593649292561788,2,X_pca,mil,0.5,44
imatinib,HOS_BONE,0.8908408880233765,0.9125077372868472,4,X_pca,mil,0.5,44
imatinib,HS852T_SKIN,1.1679837703704834,0.9168985614806046,3,X_pca,mil,0.5,44
imatinib,HT1080_SOFT_TISSUE,0.9255314469337463,0.9832027062427166,5,X_pca,mil,0.5,44
imatinib,HT1197_URINARY_TRACT,0.9558719396591187,1.1243069719623875,4,X_pca,mil,0.5,44
imatinib,HT55_LARGE_INTESTINE,0.9312896728515625,1.055300533206542,1,X_pca,mil,0.5,44
imatinib,HUH28_BILIARY_TRACT,1.1410142183303833,1.0749944336980366,2,X_pca,mil,0.5,44
imatinib,HUH6_LIVER,0.8700514435768127,0.9920003128474986,4,X_pca,mil,0.5,44
imatinib,HUPT3_PANCREAS,0.9597815871238708,1.0189953832065357,5,X_pca,mil,0.5,44
imatinib,HUPT4_PANCREAS,0.9757904410362244,0.934807895549706,5,X_pca,mil,0.5,44
imatinib,IALM_LUNG,0.9999850988388062,1.0467679087789903,4,X_pca,mil,0.5,44
imatinib,IGR1_SKIN,1.0326862335205078,1.0326073806861351,5,X_pca,mil,0.5,44
imatinib,IGR37_SKIN,1.0056467056274414,1.019746501267128,2,X_pca,mil,0.5,44
imatinib,IM95_STOMACH,0.9186859130859375,0.9909421112086322,4,X_pca,mil,0.5,44
imatinib,JHH6_LIVER,1.000203013420105,0.9063536822795868,3,X_pca,mil,0.5,44
imatinib,JHOC5_OVARY,0.9674712419509888,0.9923324482194309,5,X_pca,mil,0.5,44
imatinib,KALS1_CENTRAL_NERVOUS_SYSTEM,0.9474613070487976,0.9678614243037171,2,X_pca,mil,0.5,44
imatinib,KMRC3_KIDNEY,0.8424506187438965,0.9639182961716943,1,X_pca,mil,0.5,44
imatinib,KNS42_CENTRAL_NERVOUS_SYSTEM,0.9179285168647766,0.9976697685413582,4,X_pca,mil,0.5,44
imatinib,KPL1_BREAST,1.0681864023208618,1.0306775088327518,3,X_pca,mil,0.5,44
imatinib,KPNSI9S_AUTONOMIC_GANGLIA,1.039858102798462,0.9340952995211579,5,X_pca,mil,0.5,44
imatinib,KYSE520_OESOPHAGUS,0.945729672908783,0.9247634707958705,2,X_pca,mil,0.5,44
imatinib,LI7_LIVER,0.8340868949890137,0.9887544959783554,4,X_pca,mil,0.5,44
imatinib,LMSU_STOMACH,0.8321190476417542,0.8896717574082169,2,X_pca,mil,0.5,44
imatinib,LNCAPCLONEFGC_PROSTATE,0.9230631589889526,0.985199161278185,2,X_pca,mil,0.5,44
imatinib,LS1034_LARGE_INTESTINE,0.8493166565895081,0.985308533661986,4,X_pca,mil,0.5,44
imatinib,LS180_LARGE_INTESTINE,1.0123558044433594,0.974629864137919,3,X_pca,mil,0.5,44
imatinib,MCF7_BREAST,1.0205093622207642,1.0500459841914944,1,X_pca,mil,0.5,44
imatinib,MDAMB361_BREAST,0.9177303910255432,0.956413405029862,1,X_pca,mil,0.5,44
imatinib,MFE319_ENDOMETRIUM,0.9985067844390869,1.0005345191631017,2,X_pca,mil,0.5,44
imatinib,MKN45_STOMACH,0.9823302030563354,1.087590773226851,1,X_pca,mil,0.5,44
imatinib,MKN7_STOMACH,1.0322765111923218,1.0650646513284638,5,X_pca,mil,0.5,44
imatinib,NCIH1299_LUNG,1.0137672424316406,0.9525023132897494,2,X_pca,mil,0.5,44
imatinib,NCIH1373_LUNG,0.9991770386695862,1.0262208998930165,3,X_pca,mil,0.5,44
imatinib,NCIH1435_LUNG,0.9789023399353027,0.978217611375373,3,X_pca,mil,0.5,44
imatinib,NCIH1792_LUNG,1.0024890899658203,0.887812762110083,4,X_pca,mil,0.5,44
imatinib,NCIH1944_LUNG,0.8461954593658447,0.9228249949533582,2,X_pca,mil,0.5,44
imatinib,NCIH2087_LUNG,0.9938225746154785,1.0221088969544188,5,X_pca,mil,0.5,44
imatinib,NCIH2110_LUNG,0.8915949463844299,1.0125115641397446,1,X_pca,mil,0.5,44
imatinib,NCIH2126_LUNG,0.9990637898445129,0.933018375526775,4,X_pca,mil,0.5,44
imatinib,NCIH2170_LUNG,0.9432941675186157,0.9520469563947597,4,X_pca,mil,0.5,44
imatinib,NCIH2228_LUNG,1.0107890367507935,1.012851190014821,3,X_pca,mil,0.5,44
imatinib,NCIH226_LUNG,1.00823175907135,0.9084275770694652,1,X_pca,mil,0.5,44
imatinib,NCIH2444_LUNG,1.0054807662963867,1.0824705213937076,3,X_pca,mil,0.5,44
imatinib,NCIH2452_PLEURA,0.9541221857070923,0.9303063680469769,3,X_pca,mil,0.5,44
imatinib,NCIH292_LUNG,0.9060679078102112,1.0241074217876918,3,X_pca,mil,0.5,44
imatinib,NCIH358_LUNG,1.0672982931137085,1.0947145262644404,1,X_pca,mil,0.5,44
imatinib,NCIH446_LUNG,0.9621572494506836,1.00886870342858,3,X_pca,mil,0.5,44
imatinib,NCIH460_LUNG,0.9731983542442322,0.939615661667809,3,X_pca,mil,0.5,44
imatinib,NCIH522_LUNG,0.9223247170448303,0.8852807180239604,2,X_pca,mil,0.5,44
imatinib,NCIH650_LUNG,0.742181658744812,1.0584916501027632,5,X_pca,mil,0.5,44
imatinib,NCIH747_LARGE_INTESTINE,0.7638504505157471,0.9870105564594269,5,X_pca,mil,0.5,44
imatinib,OAW28_OVARY,0.9528711438179016,1.0291137210330608,5,X_pca,mil,0.5,44
imatinib,ONCODG1_OVARY,1.0656236410140991,1.0624569850939292,2,X_pca,mil,0.5,44
imatinib,OSRC2_KIDNEY,1.008285641670227,0.9092159517227657,3,X_pca,mil,0.5,44
imatinib,OUMS23_LARGE_INTESTINE,1.0636982917785645,0.9214901745876419,5,X_pca,mil,0.5,44
imatinib,OVCAR4_OVARY,0.9936311841011047,1.0400362328590016,1,X_pca,mil,0.5,44
imatinib,OVK18_OVARY,1.0000770092010498,0.9393198493491398,5,X_pca,mil,0.5,44
imatinib,OVSAHO_OVARY,0.9421826601028442,1.0324317335032156,2,X_pca,mil,0.5,44
imatinib,OVTOKO_OVARY,1.0253087282180786,0.9004725845236528,2,X_pca,mil,0.5,44
imatinib,PANC0203_PANCREAS,0.9721590876579285,0.9335302754117566,3,X_pca,mil,0.5,44
imatinib,PATU8988S_PANCREAS,0.9349052906036377,1.012219728260744,2,X_pca,mil,0.5,44
imatinib,PC3_PROSTATE,0.9497227668762207,0.9803060561242188,1,X_pca,mil,0.5,44
imatinib,PECAPJ49_UPPER_AERODIGESTIVE_TRACT,0.9878193140029907,1.0070836443712217,1,X_pca,mil,0.5,44
imatinib,PK45H_PANCREAS,0.9831220507621765,1.044265590250712,4,X_pca,mil,0.5,44
imatinib,PK59_PANCREAS,0.9190185070037842,0.9699620018745291,5,X_pca,mil,0.5,44
imatinib,RCC10RGB_KIDNEY,0.9667925834655762,0.8997849300183963,5,X_pca,mil,0.5,44
imatinib,RCM1_LARGE_INTESTINE,0.9487661719322205,0.8468995462171733,3,X_pca,mil,0.5,44
imatinib,RD_SOFT_TISSUE,0.9183173179626465,0.8733059430487768,1,X_pca,mil,0.5,44
imatinib,RERFLCAD1_LUNG,1.0442442893981934,1.0005620654227803,5,X_pca,mil,0.5,44
imatinib,RERFLCAI_LUNG,0.9362004995346069,0.9592419881495704,5,X_pca,mil,0.5,44
imatinib,RT4_URINARY_TRACT,1.027958631515503,0.9845418806345958,5,X_pca,mil,0.5,44
imatinib,RVH421_SKIN,0.9349554181098938,1.0299468701354628,4,X_pca,mil,0.5,44
imatinib,SCC25_UPPER_AERODIGESTIVE_TRACT,0.9275673031806946,1.0583979759556148,2,X_pca,mil,0.5,44
imatinib,SCC9_UPPER_AERODIGESTIVE_TRACT,0.9285261034965515,1.1049676034325047,2,X_pca,mil,0.5,44
imatinib,SH10TC_STOMACH,0.9620896577835083,1.0868686485154677,5,X_pca,mil,0.5,44
imatinib,SKES1_BONE,1.0058947801589966,0.9901571254153828,2,X_pca,mil,0.5,44
imatinib,SKMEL2_SKIN,0.9228715300559998,1.0290755305601202,1,X_pca,mil,0.5,44
imatinib,SKMEL30_SKIN,0.9940280318260193,0.9575758603409397,1,X_pca,mil,0.5,44
imatinib,SKMEL5_SKIN,1.0296889543533325,0.9852047572633634,4,X_pca,mil,0.5,44
imatinib,SKNAS_AUTONOMIC_GANGLIA,0.9617713689804077,0.981069160246216,2,X_pca,mil,0.5,44
imatinib,SNU1214_UPPER_AERODIGESTIVE_TRACT,1.0432400703430176,1.0384103104155114,1,X_pca,mil,0.5,44
imatinib,SNU308_BILIARY_TRACT,0.9719071984291077,1.016809606171669,1,X_pca,mil,0.5,44
imatinib,SNU423_LIVER,0.9207717776298523,1.043479269967889,4,X_pca,mil,0.5,44
imatinib,SNU449_LIVER,0.9065098166465759,0.8599641633794662,3,X_pca,mil,0.5,44
imatinib,SNU46_UPPER_AERODIGESTIVE_TRACT,0.9189621806144714,0.9240610518697965,4,X_pca,mil,0.5,44
imatinib,SNU738_CENTRAL_NERVOUS_SYSTEM,1.1610615253448486,0.9956034469101234,1,X_pca,mil,0.5,44
imatinib,SNU899_UPPER_AERODIGESTIVE_TRACT,0.994714081287384,1.0258049483758858,2,X_pca,mil,0.5,44
imatinib,SNUC4_LARGE_INTESTINE,0.9843310117721558,1.0158555161774285,5,X_pca,mil,0.5,44
imatinib,SQ1_LUNG,1.3075755834579468,0.9996236174547372,3,X_pca,mil,0.5,44
imatinib,SU8686_PANCREAS,1.0099101066589355,1.042758657437999,1,X_pca,mil,0.5,44
imatinib,SW1088_CENTRAL_NERVOUS_SYSTEM,0.9793033599853516,0.9236561702564359,4,X_pca,mil,0.5,44
imatinib,SW1271_LUNG,0.9389393925666809,0.8134280800819397,1,X_pca,mil,0.5,44
imatinib,SW1990_PANCREAS,0.908486545085907,0.9685700335797736,5,X_pca,mil,0.5,44
imatinib,SW579_THYROID,0.6032810211181641,0.9841994956341756,3,X_pca,mil,0.5,44
imatinib,T47D_BREAST,0.8783296942710876,0.9226504982326904,1,X_pca,mil,0.5,44
imatinib,TCCSUP_URINARY_TRACT,0.9596133828163147,1.039182574122767,3,X_pca,mil,0.5,44
imatinib,TE10_OESOPHAGUS,1.0412399768829346,0.9962781463583855,4,X_pca,mil,0.5,44
imatinib,TE14_OESOPHAGUS,0.8636499047279358,0.9477154983498376,1,X_pca,mil,0.5,44
imatinib,TE1_OESOPHAGUS,1.0101912021636963,1.0225779226104033,4,X_pca,mil,0.5,44
imatinib,TE6_OESOPHAGUS,0.9241904616355896,0.9926522647836896,2,X_pca,mil,0.5,44
imatinib,TE9_OESOPHAGUS,1.002119541168213,0.9556257013351687,2,X_pca,mil,0.5,44
imatinib,TM31_CENTRAL_NERVOUS_SYSTEM,0.8456926941871643,0.9935132064696016,2,X_pca,mil,0.5,44
imatinib,TOV112D_OVARY,0.8788573145866394,0.9335050154954959,2,X_pca,mil,0.5,44
imatinib,UACC257_SKIN,0.9354337453842163,0.9286712495352932,1,X_pca,mil,0.5,44
imatinib,UMUC1_URINARY_TRACT,0.9040716886520386,1.0305799990136006,1,X_pca,mil,0.5,44
imatinib,VMCUB1_URINARY_TRACT,0.9649621248245239,0.9425107273097816,4,X_pca,mil,0.5,44
imatinib,VMRCRCZ_KIDNEY,0.9633647799491882,0.8975801012913386,2,X_pca,mil,0.5,44
imatinib,YD38_UPPER_AERODIGESTIVE_TRACT,1.0483087301254272,1.0352865430789115,4,X_pca,mil,0.5,44
erlotinib,42MGBA_CENTRAL_NERVOUS_SYSTEM,0.9227536916732788,1.1128235275220686,4,X_pca,mil,0.5,44
erlotinib,8305C_THYROID,0.7939732670783997,1.0274015530002403,4,X_pca,mil,0.5,44
erlotinib,A204_SOFT_TISSUE,0.815484344959259,1.1626480958461762,4,X_pca,mil,0.5,44
erlotinib,A2058_SKIN,0.9949605464935303,1.0358765425325251,5,X_pca,mil,0.5,44
erlotinib,A375_SKIN,0.973318874835968,0.886976944053354,3,X_pca,mil,0.5,44
erlotinib,ACCMESO1_PLEURA,0.9420119524002075,1.0918271066965881,2,X_pca,mil,0.5,44
erlotinib,ASPC1_PANCREAS,0.9369305968284607,0.8391395176279134,4,X_pca,mil,0.5,44
erlotinib,BCPAP_THYROID,0.8213984370231628,1.0816279563464617,4,X_pca,mil,0.5,44
erlotinib,BFTC909_KIDNEY,0.9552398324012756,1.0265164068632202,5,X_pca,mil,0.5,44
erlotinib,BHY_UPPER_AERODIGESTIVE_TRACT,0.5991201400756836,0.7118874765675643,3,X_pca,mil,0.5,44
erlotinib,BICR16_UPPER_AERODIGESTIVE_TRACT,0.7892967462539673,0.7319772847980823,5,X_pca,mil,0.5,44
erlotinib,BICR31_UPPER_AERODIGESTIVE_TRACT,0.8042541146278381,0.887873419830876,3,X_pca,mil,0.5,44
erlotinib,BICR56_UPPER_AERODIGESTIVE_TRACT,0.6093823909759521,0.7312081323729621,3,X_pca,mil,0.5,44
erlotinib,BICR6_UPPER_AERODIGESTIVE_TRACT,0.7608282566070557,0.7973046049579874,5,X_pca,mil,0.5,44
erlotinib,BT474_BREAST,0.9083369374275208,0.9835337686538697,4,X_pca,mil,0.5,44
erlotinib,BT549_BREAST,1.1754072904586792,0.9169916062426746,1,X_pca,mil,0.5,44
erlotinib,CAKI2_KIDNEY,0.8694139719009399,0.7309600203800545,4,X_pca,mil,0.5,44
erlotinib,CALU6_LUNG,0.7326635122299194,1.0259855049987172,3,X_pca,mil,0.5,44
erlotinib,CAMA1_BREAST,0.9175612330436707,1.0775233048343986,3,X_pca,mil,0.5,44
erlotinib,CAS1_CENTRAL_NERVOUS_SYSTEM,1.0273317098617554,1.0351979857996891,1,X_pca,mil,0.5,44
erlotinib,CCFSTTG1_CENTRAL_NERVOUS_SYSTEM,1.1513586044311523,1.035282891698,5,X_pca,mil,0.5,44
erlotinib,COLO792_SKIN,0.9660155773162842,0.9978444789608466,2,X_pca,mil,0.5,44
erlotinib,COV434_OVARY,0.8242210149765015,1.1164316826246001,4,X_pca,mil,0.5,44
erlotinib,DETROIT562_UPPER_AERODIGESTIVE_TRACT,0.8132838010787964,0.6641003747293555,2,X_pca,mil,0.5,44
erlotinib,DKMG_CENTRAL_NERVOUS_SYSTEM,1.0006624460220337,1.114775689765536,5,X_pca,mil,0.5,44
erlotinib,EBC1_LUNG,0.9782431721687317,1.0012608282668616,3,X_pca,mil,0.5,44
erlotinib,EFE184_ENDOMETRIUM,0.856898844242096,0.7539161513018053,4,X_pca,mil,0.5,44
erlotinib,EFM192A_BREAST,0.9408064484596252,0.997773636389781,5,X_pca,mil,0.5,44
erlotinib,EKVX_LUNG,0.6745953559875488,0.9685232912840909,2,X_pca,mil,0.5,44
erlotinib,FTC133_THYROID,0.9978106617927551,1.0907099655696324,3,X_pca,mil,0.5,44
erlotinib,GOS3_CENTRAL_NERVOUS_SYSTEM,0.9610662460327148,1.0021583316213798,2,X_pca,mil,0.5,44
erlotinib,HCC1428_BREAST,0.9036024212837219,0.9109564362548468,5,X_pca,mil,0.5,44
erlotinib,HCC366_LUNG,0.9372639656066895,0.9264558524188429,5,X_pca,mil,0.5,44
erlotinib,HCC38_BREAST,1.3760467767715454,0.9450219744443893,5,X_pca,mil,0.5,44
erlotinib,HCC56_LARGE_INTESTINE,0.8906144499778748,0.8187327475258799,3,X_pca,mil,0.5,44
erlotinib,HDQP1_BREAST,0.7821134328842163,1.0315718157216907,3,X_pca,mil,0.5,44
erlotinib,HEC151_ENDOMETRIUM,0.8126585483551025,0.8028938763141632,4,X_pca,mil,0.5,44
erlotinib,HEC251_ENDOMETRIUM,0.8099750280380249,0.9766306799148845,3,X_pca,mil,0.5,44
erlotinib,HEC6_ENDOMETRIUM,0.9715927243232727,0.8339928843960258,1,X_pca,mil,0.5,44
erlotinib,HEP3B217_LIVER,0.9021901488304138,0.7916670810368102,2,X_pca,mil,0.5,44
erlotinib,HMC18_BREAST,0.9371680021286011,0.9182929547166662,2,X_pca,mil,0.5,44
erlotinib,HOS_BONE,0.9278596639633179,1.1471112086488198,4,X_pca,mil,0.5,44
erlotinib,HS852T_SKIN,0.9603044986724854,0.9032581128455974,3,X_pca,mil,0.5,44
erlotinib,HT1080_SOFT_TISSUE,1.026070475578308,0.9087773106356923,5,X_pca,mil,0.5,44
erlotinib,HT1197_URINARY_TRACT,0.9786010384559631,0.7267106352625666,4,X_pca,mil,0.5,44
erlotinib,HT55_LARGE_INTESTINE,0.7001996040344238,0.9792247829844036,1,X_pca,mil,0.5,44
erlotinib,HUH28_BILIARY_TRACT,0.9290624260902405,0.9652871566710712,2,X_pca,mil,0.5,44
erlotinib,HUH6_LIVER,0.9072860479354858,0.8138888361891345,4,X_pca,mil,0.5,44
erlotinib,HUPT3_PANCREAS,1.0160894393920898,1.0315588138559286,5,X_pca,mil,0.5,44
erlotinib,HUPT4_PANCREAS,0.6695789098739624,0.9317836112209729,5,X_pca,mil,0.5,44
erlotinib,IALM_LUNG,1.0861659049987793,1.0405673179197015,4,X_pca,mil,0.5,44
erlotinib,IGR1_SKIN,0.8977431058883667,0.9673511064463648,5,X_pca,mil,0.5,44
erlotinib,IGR37_SKIN,0.953414261341095,1.0351668271619923,2,X_pca,mil,0.5,44
erlotinib,IM95_STOMACH,0.8462339043617249,0.6733348511360787,4,X_pca,mil,0.5,44
erlotinib,JHH6_LIVER,1.0701408386230469,0.9516580663259747,3,X_pca,mil,0.5,44
erlotinib,JHOC5_OVARY,0.7816890478134155,0.8243686898001309,5,X_pca,mil,0.5,44
erlotinib,KALS1_CENTRAL_NERVOUS_SYSTEM,0.8893588781356812,1.06882839401563,2,X_pca,mil,0.5,44
erlotinib,KMRC3_KIDNEY,0.7994269132614136,0.8954956096045825,1,X_pca,mil,0.5,44
erlotinib,KNS42_CENTRAL_NERVOUS_SYSTEM,0.9486578702926636,1.1132992918408193,4,X_pca,mil,0.5,44
erlotinib,KPL1_BREAST,1.0272578001022339,1.082878031808397,3,X_pca,mil,0.5,44
erlotinib,KPNSI9S_AUTONOMIC_GANGLIA,0.9400601387023926,1.0131516724593879,5,X_pca,mil,0.5,44
erlotinib,KYSE520_OESOPHAGUS,0.8989939093589783,0.7455240936471212,2,X_pca,mil,0.5,44
erlotinib,LI7_LIVER,0.8600107431411743,0.8594430247131659,4,X_pca,mil,0.5,44
erlotinib,LMSU_STOMACH,1.00900137424469,0.8999146765353633,2,X_pca,mil,0.5,44
erlotinib,LNCAPCLONEFGC_PROSTATE,0.8897188901901245,0.9506299329358477,2,X_pca,mil,0.5,44
erlotinib,LS1034_LARGE_INTESTINE,1.0561456680297852,0.6290586051875597,4,X_pca,mil,0.5,44
erlotinib,LS180_LARGE_INTESTINE,0.8111333250999451,0.9201119537168593,3,X_pca,mil,0.5,44
erlotinib,MCF7_BREAST,1.005828619003296,1.0186811039497803,1,X_pca,mil,0.5,44
erlotinib,MDAMB361_BREAST,0.8625293970108032,0.8824311327051233,1,X_pca,mil,0.5,44
erlotinib,MFE319_ENDOMETRIUM,0.8470615148544312,0.8608253058338664,2,X_pca,mil,0.5,44
erlotinib,MKN45_STOMACH,0.9280589818954468,0.8880981616044449,1,X_pca,mil,0.5,44
erlotinib,MKN7_STOMACH,0.9375415444374084,0.9556132189987242,5,X_pca,mil,0.5,44
erlotinib,MSTO211H_PLEURA,0.7535524368286133,0.9893774867860556,1,X_pca,mil,0.5,44
erlotinib,NCIH1299_LUNG,0.9564399719238281,0.9752702068969998,2,X_pca,mil,0.5,44
erlotinib,NCIH1373_LUNG,0.9308328032493591,0.962055784536571,3,X_pca,mil,0.5,44
erlotinib,NCIH1435_LUNG,0.8299428224563599,0.8243380791685554,3,X_pca,mil,0.5,44
erlotinib,NCIH1792_LUNG,0.9225801229476929,1.0405963073979627,4,X_pca,mil,0.5,44
erlotinib,NCIH1944_LUNG,0.6755056381225586,0.9231337819986297,2,X_pca,mil,0.5,44
erlotinib,NCIH2087_LUNG,0.9466559886932373,0.9017669822527393,5,X_pca,mil,0.5,44
erlotinib,NCIH2110_LUNG,0.8700545430183411,0.77926835525575,1,X_pca,mil,0.5,44
erlotinib,NCIH2126_LUNG,0.9581408500671387,0.684751728718931,4,X_pca,mil,0.5,44
erlotinib,NCIH2170_LUNG,0.8296470642089844,0.8122109808552433,4,X_pca,mil,0.5,44
erlotinib,NCIH2228_LUNG,0.9437503218650818,0.9262383224528882,3,X_pca,mil,0.5,44
erlotinib,NCIH226_LUNG,1.0212596654891968,0.8377896425571848,1,X_pca,mil,0.5,44
erlotinib,NCIH2444_LUNG,0.8689837455749512,0.935233458939484,3,X_pca,mil,0.5,44
erlotinib,NCIH2452_PLEURA,0.9806432127952576,1.0570615771534717,3,X_pca,mil,0.5,44
erlotinib,NCIH292_LUNG,0.7732622027397156,0.7835794130401432,3,X_pca,mil,0.5,44
erlotinib,NCIH358_LUNG,0.590069055557251,0.9703460912264529,1,X_pca,mil,0.5,44
erlotinib,NCIH446_LUNG,0.9970192313194275,1.1835309090662975,3,X_pca,mil,0.5,44
erlotinib,NCIH460_LUNG,0.8841593265533447,0.8012693476648456,3,X_pca,mil,0.5,44
erlotinib,NCIH522_LUNG,1.0643805265426636,0.9326163281041843,2,X_pca,mil,0.5,44
erlotinib,NCIH650_LUNG,0.927263081073761,0.9546906637969492,5,X_pca,mil,0.5,44
erlotinib,NCIH747_LARGE_INTESTINE,0.6506001353263855,1.0402899377048016,5,X_pca,mil,0.5,44
erlotinib,OAW28_OVARY,0.8934064507484436,0.8495116826169979,5,X_pca,mil,0.5,44
erlotinib,ONCODG1_OVARY,0.7493202090263367,0.9226985719468859,2,X_pca,mil,0.5,44
erlotinib,OSRC2_KIDNEY,0.9018242359161377,0.895987374915017,3,X_pca,mil,0.5,44
erlotinib,OUMS23_LARGE_INTESTINE,0.9114434123039246,0.9746205294243643,5,X_pca,mil,0.5,44
erlotinib,OVCAR4_OVARY,0.9459946751594543,0.7504397498002743,1,X_pca,mil,0.5,44
erlotinib,OVK18_OVARY,0.9644356966018677,1.0449478753497092,5,X_pca,mil,0.5,44
erlotinib,OVSAHO_OVARY,0.9543871283531189,0.8856382674582729,2,X_pca,mil,0.5,44
erlotinib,OVTOKO_OVARY,0.8389784097671509,0.7307224798430666,2,X_pca,mil,0.5,44
erlotinib,PANC0203_PANCREAS,1.0559749603271484,0.7921769975909131,3,X_pca,mil,0.5,44
erlotinib,PATU8988S_PANCREAS,0.7620996832847595,0.8603707639897455,2,X_pca,mil,0.5,44
erlotinib,PC3_PROSTATE,0.9939237236976624,0.943812653157838,1,X_pca,mil,0.5,44
erlotinib,PECAPJ49_UPPER_AERODIGESTIVE_TRACT,0.7799405455589294,0.650492307720798,1,X_pca,mil,0.5,44
erlotinib,PK45H_PANCREAS,1.1305443048477173,0.9967498119466859,4,X_pca,mil,0.5,44
erlotinib,PK59_PANCREAS,0.9944639205932617,0.9948066020834034,5,X_pca,mil,0.5,44
erlotinib,RCC10RGB_KIDNEY,0.9213240742683411,0.8767421255807508,5,X_pca,mil,0.5,44
erlotinib,RCM1_LARGE_INTESTINE,0.8782681822776794,0.9110901411622763,3,X_pca,mil,0.5,44
erlotinib,RD_SOFT_TISSUE,1.0266718864440918,0.9542171082734148,1,X_pca,mil,0.5,44
erlotinib,RERFLCAD1_LUNG,1.127927541732788,1.054835278065607,5,X_pca,mil,0.5,44
erlotinib,RERFLCAI_LUNG,0.9139118194580078,1.143138588646605,5,X_pca,mil,0.5,44
erlotinib,RT4_URINARY_TRACT,0.9337007403373718,0.846283790075554,5,X_pca,mil,0.5,44
erlotinib,RVH421_SKIN,0.830150842666626,1.0750734389576453,4,X_pca,mil,0.5,44
erlotinib,SCC25_UPPER_AERODIGESTIVE_TRACT,0.7244674563407898,0.7656245063036216,2,X_pca,mil,0.5,44
erlotinib,SCC9_UPPER_AERODIGESTIVE_TRACT,0.8072189092636108,0.9025066389535603,2,X_pca,mil,0.5,44
erlotinib,SH10TC_STOMACH,0.8990940451622009,1.0002140362038572,5,X_pca,mil,0.5,44
erlotinib,SKES1_BONE,0.8499570488929749,0.9972583821841648,2,X_pca,mil,0.5,44
erlotinib,SKMEL2_SKIN,1.1927125453948975,0.8873739883951519,1,X_pca,mil,0.5,44
erlotinib,SKMEL30_SKIN,1.0104385614395142,0.9480173432455522,1,X_pca,mil,0.5,44
erlotinib,SKMEL5_SKIN,0.9829933643341064,1.0881179432676296,4,X_pca,mil,0.5,44
erlotinib,SKNAS_AUTONOMIC_GANGLIA,1.0081439018249512,0.9658377924851612,2,X_pca,mil,0.5,44
erlotinib,SNU1079_BILIARY_TRACT,0.5385227799415588,0.9081016876926161,1,X_pca,mil,0.5,44
erlotinib,SNU1214_UPPER_AERODIGESTIVE_TRACT,0.7014681696891785,0.6924908826959894,1,X_pca,mil,0.5,44
erlotinib,SNU308_BILIARY_TRACT,0.7263644933700562,0.7992050768213069,1,X_pca,mil,0.5,44
erlotinib,SNU423_LIVER,1.0440729856491089,1.0352537631988525,4,X_pca,mil,0.5,44
erlotinib,SNU449_LIVER,0.953109622001648,0.8163539154309754,3,X_pca,mil,0.5,44
erlotinib,SNU46_UPPER_AERODIGESTIVE_TRACT,0.899195671081543,0.999276863063796,4,X_pca,mil,0.5,44
erlotinib,SNU738_CENTRAL_NERVOUS_SYSTEM,0.9397778511047363,0.8489223985999115,1,X_pca,mil,0.5,44
erlotinib,SNU899_UPPER_AERODIGESTIVE_TRACT,0.8379518985748291,0.6382673109870359,2,X_pca,mil,0.5,44
erlotinib,SNUC4_LARGE_INTESTINE,0.8305989503860474,0.8123436582930849,5,X_pca,mil,0.5,44
erlotinib,SQ1_LUNG,0.9026238322257996,0.8351481627015507,3,X_pca,mil,0.5,44
erlotinib,SU8686_PANCREAS,0.9828678369522095,0.8503512492993983,1,X_pca,mil,0.5,44
erlotinib,SW1088_CENTRAL_NERVOUS_SYSTEM,1.0083885192871094,1.096030711196363,4,X_pca,mil,0.5,44
erlotinib,SW1271_LUNG,1.048211932182312,0.897267786834551,1,X_pca,mil,0.5,44
erlotinib,SW1990_PANCREAS,0.8841389417648315,1.0697036981582642,5,X_pca,mil,0.5,44
erlotinib,SW579_THYROID,0.9727556109428406,1.2004518627021719,3,X_pca,mil,0.5,44
erlotinib,T47D_BREAST,0.9229445457458496,0.954028823257032,1,X_pca,mil,0.5,44
erlotinib,TCCSUP_URINARY_TRACT,0.9192463755607605,0.9901087163369867,3,X_pca,mil,0.5,44
erlotinib,TE10_OESOPHAGUS,0.8801246285438538,0.8618040996599415,4,X_pca,mil,0.5,44
erlotinib,TE14_OESOPHAGUS,0.708821177482605,0.6724958084052122,1,X_pca,mil,0.5,44
erlotinib,TE1_OESOPHAGUS,0.8910790681838989,0.894115195401664,4,X_pca,mil,0.5,44
erlotinib,TE6_OESOPHAGUS,0.8162715435028076,0.7304923551701374,2,X_pca,mil,0.5,44
erlotinib,TE9_OESOPHAGUS,0.875459611415863,0.7596469802721855,2,X_pca,mil,0.5,44
erlotinib,TM31_CENTRAL_NERVOUS_SYSTEM,0.9484850168228149,0.9366150513805193,2,X_pca,mil,0.5,44
erlotinib,TOV112D_OVARY,0.8339627385139465,0.9307444034478604,2,X_pca,mil,0.5,44
erlotinib,UACC257_SKIN,1.0504016876220703,0.9528360344376026,1,X_pca,mil,0.5,44
erlotinib,VMCUB1_URINARY_TRACT,0.7953813672065735,0.754940498137075,4,X_pca,mil,0.5,44
erlotinib,VMRCRCZ_KIDNEY,0.8398489952087402,0.8270600428183873,2,X_pca,mil,0.5,44
erlotinib,YD38_UPPER_AERODIGESTIVE_TRACT,0.5701578259468079,0.7187145398213313,4,X_pca,mil,0.5,44
erlotinib,ZR751_BREAST,0.8760277032852173,0.925159367928613,1,X_pca,mil,0.5,44
sorafenib,42MGBA_CENTRAL_NERVOUS_SYSTEM,0.7620083093643188,0.7093222262661429,4,X_pca,mil,0.5,44
sorafenib,8305C_THYROID,0.9253087043762207,0.8112105742129365,4,X_pca,mil,0.5,44
sorafenib,A204_SOFT_TISSUE,0.5694727897644043,0.8082992646694184,4,X_pca,mil,0.5,44
sorafenib,A2058_SKIN,0.8890812397003174,0.8561439852730758,5,X_pca,mil,0.5,44
sorafenib,A375_SKIN,1.027357578277588,0.8079994489229951,3,X_pca,mil,0.5,44
sorafenib,ACCMESO1_PLEURA,0.9610148668289185,0.8222062676041214,2,X_pca,mil,0.5,44
sorafenib,ASPC1_PANCREAS,0.8247990012168884,0.9441591499180629,4,X_pca,mil,0.5,44
sorafenib,BCPAP_THYROID,0.9238057732582092,0.9707486880453009,4,X_pca,mil,0.5,44
sorafenib,BFTC909_KIDNEY,0.9635162949562073,0.7470462171257644,5,X_pca,mil,0.5,44
sorafenib,BHY_UPPER_AERODIGESTIVE_TRACT,0.9516038298606873,0.9693082447709709,3,X_pca,mil,0.5,44
sorafenib,BICR16_UPPER_AERODIGESTIVE_TRACT,0.9785931706428528,0.8739599728921674,5,X_pca,mil,0.5,44
sorafenib,BICR31_UPPER_AERODIGESTIVE_TRACT,0.9844813942909241,0.9398804907837222,3,X_pca,mil,0.5,44
sorafenib,BICR56_UPPER_AERODIGESTIVE_TRACT,1.0484936237335205,0.9194416447922036,3,X_pca,mil,0.5,44
sorafenib,BICR6_UPPER_AERODIGESTIVE_TRACT,0.9508293867111206,0.9042148448370554,5,X_pca,mil,0.5,44
sorafenib,BT474_BREAST,0.7563530802726746,0.809023232460022,4,X_pca,mil,0.5,44
sorafenib,BT549_BREAST,0.9377016425132751,0.839456478007754,1,X_pca,mil,0.5,44
sorafenib,CAKI2_KIDNEY,0.8227479457855225,0.8261967035506269,4,X_pca,mil,0.5,44
sorafenib,CALU6_LUNG,0.7486880421638489,0.802226491330206,3,X_pca,mil,0.5,44
sorafenib,CAMA1_BREAST,0.8539245128631592,0.9374842576144897,3,X_pca,mil,0.5,44
sorafenib,CAS1_CENTRAL_NERVOUS_SYSTEM,1.0254175662994385,0.9002762329309506,1,X_pca,mil,0.5,44
sorafenib,CCFSTTG1_CENTRAL_NERVOUS_SYSTEM,0.842994213104248,0.7830826642552042,5,X_pca,mil,0.5,44
sorafenib,COLO792_SKIN,0.7970544099807739,0.8670192354279691,2,X_pca,mil,0.5,44
sorafenib,COV434_OVARY,0.785873532295227,0.8663380152799867,4,X_pca,mil,0.5,44
sorafenib,DETROIT562_UPPER_AERODIGESTIVE_TRACT,0.9547587633132935,0.8974106940755083,2,X_pca,mil,0.5,44
sorafenib,DKMG_CENTRAL_NERVOUS_SYSTEM,0.9341744780540466,0.7657468335434959,5,X_pca,mil,0.5,44
sorafenib,EBC1_LUNG,0.8767582774162292,0.7866952223803407,3,X_pca,mil,0.5,44
sorafenib,EFE184_ENDOMETRIUM,0.9274181723594666,0.9799675851367241,4,X_pca,mil,0.5,44
sorafenib,EKVX_LUNG,0.7959703803062439,0.9450833544339219,2,X_pca,mil,0.5,44
sorafenib,FTC133_THYROID,0.8832694292068481,0.8954336208956583,3,X_pca,mil,0.5,44
sorafenib,GOS3_CENTRAL_NERVOUS_SYSTEM,0.8840194344520569,0.8981064071205898,2,X_pca,mil,0.5,44
sorafenib,HCC1428_BREAST,0.8387742042541504,0.990534367993122,5,X_pca,mil,0.5,44
sorafenib,HCC366_LUNG,0.9401351809501648,0.9692980434634898,5,X_pca,mil,0.5,44
sorafenib,HCC38_BREAST,0.86554354429245,0.8353945526480675,5,X_pca,mil,0.5,44
sorafenib,HCC56_LARGE_INTESTINE,0.8666735291481018,0.9127446810404459,3,X_pca,mil,0.5,44
sorafenib,HDQP1_BREAST,1.0866868495941162,0.9766933359205723,3,X_pca,mil,0.5,44
sorafenib,HEC151_ENDOMETRIUM,0.8457918167114258,0.9003302438259124,4,X_pca,mil,0.5,44
sorafenib,HEC251_ENDOMETRIUM,0.9381492137908936,0.8698141084653195,3,X_pca,mil,0.5,44
sorafenib,HEC6_ENDOMETRIUM,0.9477641582489014,0.8951673966757259,1,X_pca,mil,0.5,44
sorafenib,HEP3B217_LIVER,0.8732810020446777,0.8110396518545636,2,X_pca,mil,0.5,44
sorafenib,HMC18_BREAST,0.9106922149658203,0.7875480065980462,2,X_pca,mil,0.5,44
sorafenib,HOS_BONE,0.7735216021537781,0.8197021232726922,4,X_pca,mil,0.5,44
sorafenib,HS852T_SKIN,1.1187642812728882,0.7437057787621463,3,X_pca,mil,0.5,44
sorafenib,HT1080_SOFT_TISSUE,0.7839909195899963,0.8293934368578962,5,X_pca,mil,0.5,44
sorafenib,HT1197_URINARY_TRACT,0.6287790536880493,1.0235365750016392,4,X_pca,mil,0.5,44
sorafenib,HT55_LARGE_INTESTINE,0.8548980951309204,0.8508139744189114,1,X_pca,mil,0.5,44
sorafenib,HUH28_BILIARY_TRACT,0.9776293635368347,0.8707083493685551,2,X_pca,mil,0.5,44
sorafenib,HUH6_LIVER,0.7311108112335205,0.8930345814256273,4,X_pca,mil,0.5,44
sorafenib,HUPT3_PANCREAS,0.8269335031509399,0.8802301498020396,5,X_pca,mil,0.5,44
sorafenib,HUPT4_PANCREAS,0.9032252430915833,0.7795324825814792,5,X_pca,mil,0.5,44
sorafenib,IALM_LUNG,0.7974401116371155,0.7399983560631734,4,X_pca,mil,0.5,44
sorafenib,IGR1_SKIN,0.8896166086196899,0.8505628516756255,5,X_pca,mil,0.5,44
sorafenib,IGR37_SKIN,0.879531741142273,0.8518887984993135,2,X_pca,mil,0.5,44
sorafenib,IM95_STOMACH,0.8234829306602478,1.0069139670681309,4,X_pca,mil,0.5,44
sorafenib,JHH6_LIVER,0.9246944785118103,0.7723716257266628,3,X_pca,mil,0.5,44
sorafenib,JHOC5_OVARY,0.920386791229248,0.8935661044614068,5,X_pca,mil,0.5,44
sorafenib,KALS1_CENTRAL_NERVOUS_SYSTEM,0.8867756128311157,0.8540247097197506,2,X_pca,mil,0.5,44
sorafenib,KMRC3_KIDNEY,0.8500622510910034,0.9203335898263114,1,X_pca,mil,0.5,44
sorafenib,KNS42_CENTRAL_NERVOUS_SYSTEM,0.7692263722419739,0.7648025089225103,4,X_pca,mil,0.5,44
sorafenib,KPL1_BREAST,0.9400314688682556,0.960326947811721,3,X_pca,mil,0.5,44
sorafenib,KPNSI9S_AUTONOMIC_GANGLIA,0.9903244972229004,0.7262273601783339,5,X_pca,mil,0.5,44
sorafenib,KYSE520_OESOPHAGUS,0.877751350402832,0.9741122988355418,2,X_pca,mil,0.5,44
sorafenib,LI7_LIVER,0.7640031576156616,0.9007930980653179,4,X_pca,mil,0.5,44
sorafenib,LMSU_STOMACH,0.7875993847846985,0.7956492052358739,2,X_pca,mil,0.5,44
sorafenib,LNCAPCLONEFGC_PROSTATE,0.7684576511383057,0.7668395961901938,2,X_pca,mil,0.5,44
sorafenib,LS1034_LARGE_INTESTINE,0.8613359928131104,0.9227233598493549,4,X_pca,mil,0.5,44
sorafenib,LS180_LARGE_INTESTINE,0.9402288794517517,0.8075445008740201,3,X_pca,mil,0.5,44
sorafenib,MCF7_BREAST,0.9517213106155396,0.9370520810980897,1,X_pca,mil,0.5,44
sorafenib,MDAMB361_BREAST,0.8062521815299988,0.7561872212975114,1,X_pca,mil,0.5,44
sorafenib,MFE319_ENDOMETRIUM,0.7475056648254395,0.9014454165678374,2,X_pca,mil,0.5,44
sorafenib,MKN45_STOMACH,0.9648969173431396,0.8972030746734748,1,X_pca,mil,0.5,44
sorafenib,MKN7_STOMACH,0.7809563279151917,0.8873855245205783,5,X_pca,mil,0.5,44
sorafenib,MSTO211H_PLEURA,0.7477384805679321,0.8444212769418453,1,X_pca,mil,0.5,44
sorafenib,NCIH1299_LUNG,0.935891330242157,0.8339667114872165,2,X_pca,mil,0.5,44
sorafenib,NCIH1373_LUNG,0.8798536062240601,0.8175870921553635,3,X_pca,mil,0.5,44
sorafenib,NCIH1435_LUNG,1.1175224781036377,0.8111843509174018,3,X_pca,mil,0.5,44
sorafenib,NCIH1792_LUNG,0.9024240374565125,0.7763696710268656,4,X_pca,mil,0.5,44
sorafenib,NCIH1944_LUNG,0.7645619511604309,0.9056912670676834,2,X_pca,mil,0.5,44
sorafenib,NCIH2087_LUNG,0.6904840469360352,0.8572627406686408,5,X_pca,mil,0.5,44
sorafenib,NCIH2110_LUNG,0.8479146957397461,0.9771195750140664,1,X_pca,mil,0.5,44
sorafenib,NCIH2126_LUNG,1.0344574451446533,0.9724856560880487,4,X_pca,mil,0.5,44
sorafenib,NCIH2170_LUNG,0.8312334418296814,0.8577747735339152,4,X_pca,mil,0.5,44
sorafenib,NCIH2228_LUNG,0.8375949263572693,0.8629488464272315,3,X_pca,mil,0.5,44
sorafenib,NCIH226_LUNG,0.8705545663833618,0.8797740401105678,1,X_pca,mil,0.5,44
sorafenib,NCIH2452_PLEURA,0.8317050337791443,0.8412862495418818,3,X_pca,mil,0.5,44
sorafenib,NCIH292_LUNG,0.9365999102592468,0.9695899217901095,3,X_pca,mil,0.5,44
sorafenib,NCIH358_LUNG,0.8402299284934998,0.8492975708629403,1,X_pca,mil,0.5,44
sorafenib,NCIH446_LUNG,0.8009206056594849,0.8714721768486257,3,X_pca,mil,0.5,44
sorafenib,NCIH460_LUNG,0.9303207993507385,0.7860301334584485,3,X_pca,mil,0.5,44
sorafenib,NCIH522_LUNG,0.8639686107635498,0.781529039144516,2,X_pca,mil,0.5,44
sorafenib,NCIH650_LUNG,0.9268368482589722,0.9037983637454325,5,X_pca,mil,0.5,44
sorafenib,NCIH747_LARGE_INTESTINE,0.8629636764526367,0.8491518534719944,5,X_pca,mil,0.5,44
sorafenib,OAW28_OVARY,0.9492865204811096,0.9039735490490931,5,X_pca,mil,0.5,44
sorafenib,ONCODG1_OVARY,0.9276169538497925,1.004992530743281,2,X_pca,mil,0.5,44
sorafenib,OSRC2_KIDNEY,0.9674766659736633,0.8402232802103436,3,X_pca,mil,0.5,44
sorafenib,OUMS23_LARGE_INTESTINE,0.9748827815055847,0.7408469118804575,5,X_pca,mil,0.5,44
sorafenib,OVCAR4_OVARY,0.9750659465789795,1.0190634417870863,1,X_pca,mil,0.5,44
sorafenib,OVK18_OVARY,0.8941791653633118,0.87339916892266,5,X_pca,mil,0.5,44
sorafenib,OVSAHO_OVARY,0.9573771357536316,0.9802039557091465,2,X_pca,mil,0.5,44
sorafenib,OVTOKO_OVARY,0.9591962695121765,0.869757811133371,2,X_pca,mil,0.5,44
sorafenib,PANC0203_PANCREAS,0.8843251466751099,0.8253643310117156,3,X_pca,mil,0.5,44
sorafenib,PATU8988S_PANCREAS,0.8434209823608398,0.895596700613616,2,X_pca,mil,0.5,44
sorafenib,PC3_PROSTATE,0.8169124722480774,0.8756598664458687,1,X_pca,mil,0.5,44
sorafenib,PECAPJ49_UPPER_AERODIGESTIVE_TRACT,0.9694474935531616,1.0298572011513285,1,X_pca,mil,0.5,44
sorafenib,PK45H_PANCREAS,0.9857468008995056,0.9761211559781289,4,X_pca,mil,0.5,44
sorafenib,PK59_PANCREAS,0.9894026517868042,0.8645676477202053,5,X_pca,mil,0.5,44
sorafenib,RCC10RGB_KIDNEY,0.9638580083847046,0.8576403352324031,5,X_pca,mil,0.5,44
sorafenib,RCM1_LARGE_INTESTINE,0.9093775749206543,0.8275039084255695,3,X_pca,mil,0.5,44
sorafenib,RD_SOFT_TISSUE,0.812127411365509,0.8313371881671335,1,X_pca,mil,0.5,44
sorafenib,RERFLCAD1_LUNG,0.9769673943519592,0.8685936444580801,5,X_pca,mil,0.5,44
sorafenib,RERFLCAI_LUNG,0.821485161781311,0.8471651831116933,5,X_pca,mil,0.5,44
sorafenib,RT4_URINARY_TRACT,1.0305711030960083,0.6804467287828337,5,X_pca,mil,0.5,44
sorafenib,RVH421_SKIN,0.7901917099952698,0.9728951399296397,4,X_pca,mil,0.5,44
sorafenib,SCC25_UPPER_AERODIGESTIVE_TRACT,0.887211263179779,0.9457830284910903,2,X_pca,mil,0.5,44
sorafenib,SCC9_UPPER_AERODIGESTIVE_TRACT,0.9200924634933472,0.9500513549854881,2,X_pca,mil,0.5,44
sorafenib,SH10TC_STOMACH,0.836710512638092,0.9428388943359722,5,X_pca,mil,0.5,44
sorafenib,SKES1_BONE,0.826363742351532,0.850606205699208,2,X_pca,mil,0.5,44
sorafenib,SKMEL30_SKIN,0.8652834296226501,0.8026851253536538,1,X_pca,mil,0.5,44
sorafenib,SKMEL5_SKIN,0.8153934478759766,0.8092907944110909,4,X_pca,mil,0.5,44
sorafenib,SKNAS_AUTONOMIC_GANGLIA,0.8148652911186218,0.8508147708082621,2,X_pca,mil,0.5,44
sorafenib,SNU1079_BILIARY_TRACT,1.00655996799469,0.9268024343333833,1,X_pca,mil,0.5,44
sorafenib,SNU1214_UPPER_AERODIGESTIVE_TRACT,0.9543975591659546,1.0031773308490186,1,X_pca,mil,0.5,44
sorafenib,SNU308_BILIARY_TRACT,1.012415885925293,0.9734332466379125,1,X_pca,mil,0.5,44
sorafenib,SNU423_LIVER,0.866847813129425,0.9358887638685838,4,X_pca,mil,0.5,44
sorafenib,SNU449_LIVER,0.8178927302360535,0.8804875805656961,3,X_pca,mil,0.5,44
sorafenib,SNU46_UPPER_AERODIGESTIVE_TRACT,0.9638913869857788,0.8349498947293071,4,X_pca,mil,0.5,44
sorafenib,SNU738_CENTRAL_NERVOUS_SYSTEM,1.02228844165802,0.8825728424620817,1,X_pca,mil,0.5,44
sorafenib,SNU899_UPPER_AERODIGESTIVE_TRACT,0.91452956199646,0.9422044732484472,2,X_pca,mil,0.5,44
sorafenib,SNUC4_LARGE_INTESTINE,0.9002644419670105,0.8380399713934872,5,X_pca,mil,0.5,44
sorafenib,SQ1_LUNG,0.7700835466384888,0.8681814723155078,3,X_pca,mil,0.5,44
sorafenib,SU8686_PANCREAS,0.8709826469421387,0.9429907173645206,1,X_pca,mil,0.5,44
sorafenib,SW1088_CENTRAL_NERVOUS_SYSTEM,0.9265447854995728,0.9031720457132906,4,X_pca,mil,0.5,44
sorafenib,SW1271_LUNG,0.8496569991111755,0.8149752653163412,1,X_pca,mil,0.5,44
sorafenib,SW1990_PANCREAS,0.8949580192565918,0.8839866485968475,5,X_pca,mil,0.5,44
sorafenib,SW579_THYROID,0.5449548959732056,0.8505278850480709,3,X_pca,mil,0.5,44
sorafenib,T47D_BREAST,0.8224495649337769,0.8048463123955878,1,X_pca,mil,0.5,44
sorafenib,TCCSUP_URINARY_TRACT,0.8422660231590271,0.8918529079307483,3,X_pca,mil,0.5,44
sorafenib,TE10_OESOPHAGUS,0.9554001688957214,0.9301097912875484,4,X_pca,mil,0.5,44
sorafenib,TE14_OESOPHAGUS,0.9149248003959656,0.9720047580290444,1,X_pca,mil,0.5,44
sorafenib,TE1_OESOPHAGUS,1.0303728580474854,0.9579327754604007,4,X_pca,mil,0.5,44
sorafenib,TE9_OESOPHAGUS,0.9407044053077698,0.9845613431065313,2,X_pca,mil,0.5,44
sorafenib,TM31_CENTRAL_NERVOUS_SYSTEM,0.7330820560455322,0.7875936365333097,2,X_pca,mil,0.5,44
sorafenib,TOV112D_OVARY,0.7878868579864502,0.8873801743372892,2,X_pca,mil,0.5,44
sorafenib,UACC257_SKIN,0.8443854451179504,0.795743328756867,1,X_pca,mil,0.5,44
sorafenib,UMUC1_URINARY_TRACT,0.7282541990280151,1.0105789300753985,1,X_pca,mil,0.5,44
sorafenib,VMCUB1_URINARY_TRACT,0.8223852515220642,1.0230377196766842,4,X_pca,mil,0.5,44
sorafenib,VMRCRCZ_KIDNEY,0.79443359375,0.882002675930659,2,X_pca,mil,0.5,44
sorafenib,YD38_UPPER_AERODIGESTIVE_TRACT,0.9437626004219055,1.0512091247126079,4,X_pca,mil,0.5,44
sorafenib,ZR751_BREAST,1.043095350265503,0.7283889232715742,1,X_pca,mil,0.5,44
dasatinib,42MGBA_CENTRAL_NERVOUS_SYSTEM,0.4334654211997986,0.6565178417561137,4,X_pca,mil,0.5,44
dasatinib,8305C_THYROID,0.4926874339580536,0.5572826605217129,4,X_pca,mil,0.5,44
dasatinib,A204_SOFT_TISSUE,0.4259912371635437,0.7577027987241745,4,X_pca,mil,0.5,44
dasatinib,A2058_SKIN,0.9994200468063354,0.9410398495035107,5,X_pca,mil,0.5,44
dasatinib,A375_SKIN,0.8268100023269653,0.9067529844996499,3,X_pca,mil,0.5,44
dasatinib,ACCMESO1_PLEURA,0.730863094329834,0.8368753853403492,2,X_pca,mil,0.5,44
dasatinib,ASPC1_PANCREAS,0.8027234077453613,0.6460974875195273,4,X_pca,mil,0.5,44
dasatinib,BCPAP_THYROID,0.5075414776802063,0.6970544741734078,4,X_pca,mil,0.5,44
dasatinib,BFTC909_KIDNEY,0.8652351498603821,0.7738942426081383,5,X_pca,mil,0.5,44
dasatinib,BHY_UPPER_AERODIGESTIVE_TRACT,0.48131436109542847,0.38480272663050685,3,X_pca,mil,0.5,44
dasatinib,BICR16_UPPER_AERODIGESTIVE_TRACT,0.6939761638641357,0.41976432122711865,5,X_pca,mil,0.5,44
dasatinib,BICR31_UPPER_AERODIGESTIVE_TRACT,0.513609766960144,0.5744176218586583,3,X_pca,mil,0.5,44
dasatinib,BICR56_UPPER_AERODIGESTIVE_TRACT,0.35828065872192383,0.2690279318226708,3,X_pca,mil,0.5,44
dasatinib,BICR6_UPPER_AERODIGESTIVE_TRACT,0.447648286819458,0.6458700142957113,5,X_pca,mil,0.5,44
dasatinib,BT474_BREAST,0.7905335426330566,1.0197191553115845,4,X_pca,mil,0.5,44
dasatinib,BT549_BREAST,0.6169654130935669,0.7267191534427772,1,X_pca,mil,0.5,44
dasatinib,CAKI2_KIDNEY,0.544165313243866,0.5224559128070049,4,X_pca,mil,0.5,44
dasatinib,CALU6_LUNG,0.8003680109977722,0.9204321713872659,3,X_pca,mil,0.5,44
dasatinib,CAMA1_BREAST,1.0918281078338623,1.072008343906337,3,X_pca,mil,0.5,44
dasatinib,CAS1_CENTRAL_NERVOUS_SYSTEM,0.6615645289421082,0.5782905895459024,1,X_pca,mil,0.5,44
dasatinib,CCFSTTG1_CENTRAL_NERVOUS_SYSTEM,0.6407906413078308,0.6239429056886735,5,X_pca,mil,0.5,44
dasatinib,COLO792_SKIN,0.9551751613616943,0.9982047747421968,2,X_pca,mil,0.5,44
dasatinib,COV434_OVARY,0.7681589722633362,0.7343685322187163,4,X_pca,mil,0.5,44
dasatinib,DETROIT562_UPPER_AERODIGESTIVE_TRACT,0.5410073399543762,0.5097422552255034,2,X_pca,mil,0.5,44
dasatinib,DKMG_CENTRAL_NERVOUS_SYSTEM,0.5324797630310059,0.606678828542083,5,X_pca,mil,0.5,44
dasatinib,EBC1_LUNG,0.644189715385437,0.5104898055714946,3,X_pca,mil,0.5,44
dasatinib,EFE184_ENDOMETRIUM,0.5172581672668457,0.5887304201375606,4,X_pca,mil,0.5,44
dasatinib,EFM192A_BREAST,0.8132383823394775,1.0106957740969844,5,X_pca,mil,0.5,44
dasatinib,EKVX_LUNG,0.9910260438919067,0.5970700270917317,2,X_pca,mil,0.5,44
dasatinib,FTC133_THYROID,0.8035446405410767,0.8065880971295493,3,X_pca,mil,0.5,44
dasatinib,GOS3_CENTRAL_NERVOUS_SYSTEM,0.8528508543968201,0.6592108195364788,2,X_pca,mil,0.5,44
dasatinib,HCC1428_BREAST,0.8256688714027405,0.8822321769759411,5,X_pca,mil,0.5,44
dasatinib,HCC366_LUNG,0.5510829091072083,0.5089877935329287,5,X_pca,mil,0.5,44
dasatinib,HCC38_BREAST,0.6819133758544922,0.8017420303821564,5,X_pca,mil,0.5,44
dasatinib,HCC56_LARGE_INTESTINE,0.9015623331069946,0.8660717004477375,3,X_pca,mil,0.5,44
dasatinib,HDQP1_BREAST,0.5586175918579102,0.672284325119108,3,X_pca,mil,0.5,44
dasatinib,HEC151_ENDOMETRIUM,0.5504109263420105,0.5401687271595002,4,X_pca,mil,0.5,44
dasatinib,HEC251_ENDOMETRIUM,0.6840876340866089,0.5974493347038733,3,X_pca,mil,0.5,44
dasatinib,HEC6_ENDOMETRIUM,0.654520571231842,0.6120588524000985,1,X_pca,mil,0.5,44
dasatinib,HEP3B217_LIVER,0.9273844957351685,0.3971226983151193,2,X_pca,mil,0.5,44
dasatinib,HMC18_BREAST,0.9990564584732056,0.8777632084722812,2,X_pca,mil,0.5,44
dasatinib,HOS_BONE,0.6318181157112122,0.8431294167142438,4,X_pca,mil,0.5,44
dasatinib,HS852T_SKIN,0.5268118381500244,0.9765072306733072,3,X_pca,mil,0.5,44
dasatinib,HT1080_SOFT_TISSUE,0.6010266542434692,0.6766917085809301,5,X_pca,mil,0.5,44
dasatinib,HT1197_URINARY_TRACT,0.7041679620742798,0.5250388706052626,4,X_pca,mil,0.5,44
dasatinib,HT55_LARGE_INTESTINE,0.7281989455223083,1.0074145333461852,1,X_pca,mil,0.5,44
dasatinib,HUH28_BILIARY_TRACT,0.439780056476593,0.45558821061532273,2,X_pca,mil,0.5,44
dasatinib,HUH6_LIVER,0.7917959094047546,0.8784869473714095,4,X_pca,mil,0.5,44
dasatinib,HUPT3_PANCREAS,0.4473266899585724,0.6194923640612293,5,X_pca,mil,0.5,44
dasatinib,HUPT4_PANCREAS,0.22050006687641144,0.7765719220042229,5,X_pca,mil,0.5,44
dasatinib,IALM_LUNG,0.6642125844955444,0.7300561388827259,4,X_pca,mil,0.5,44
dasatinib,IGR1_SKIN,0.9082956314086914,0.9677480246280802,5,X_pca,mil,0.5,44
dasatinib,IGR37_SKIN,0.8115305304527283,0.9813604011315777,2,X_pca,mil,0.5,44
dasatinib,IM95_STOMACH,0.6393032670021057,0.6421620009718715,4,X_pca,mil,0.5,44
dasatinib,JHH6_LIVER,0.9760308265686035,0.5653019506954452,3,X_pca,mil,0.5,44
dasatinib,JHOC5_OVARY,0.5276264548301697,0.5227036821431127,5,X_pca,mil,0.5,44
dasatinib,KALS1_CENTRAL_NERVOUS_SYSTEM,0.6172302961349487,0.4911782049263517,2,X_pca,mil,0.5,44
dasatinib,KMRC3_KIDNEY,0.4987582862377167,0.7317120283233877,1,X_pca,mil,0.5,44
dasatinib,KNS42_CENTRAL_NERVOUS_SYSTEM,0.8199730515480042,0.5643646270036697,4,X_pca,mil,0.5,44
dasatinib,KPL1_BREAST,0.7372479438781738,0.9866399346054464,3,X_pca,mil,0.5,44
dasatinib,KPNSI9S_AUTONOMIC_GANGLIA,0.5606821179389954,0.731541710075482,5,X_pca,mil,0.5,44
dasatinib,KYSE520_OESOPHAGUS,0.4756965637207031,0.5030807658983827,2,X_pca,mil,0.5,44
dasatinib,LI7_LIVER,0.5311142802238464,0.7653365547255594,4,X_pca,mil,0.5,44
dasatinib,LMSU_STOMACH,0.5103955268859863,0.3528932202096079,2,X_pca,mil,0.5,44
dasatinib,LNCAPCLONEFGC_PROSTATE,0.8158725500106812,0.9432680375816286,2,X_pca,mil,0.5,44
dasatinib,LS1034_LARGE_INTESTINE,0.8595411777496338,0.5861270574674214,4,X_pca,mil,0.5,44
dasatinib,LS180_LARGE_INTESTINE,0.6963598132133484,0.9362733178356678,3,X_pca,mil,0.5,44
dasatinib,MCF7_BREAST,0.8226410150527954,0.7652685129559124,1,X_pca,mil,0.5,44
dasatinib,MDAMB361_BREAST,0.9532812237739563,0.8706500282994023,1,X_pca,mil,0.5,44
dasatinib,MFE319_ENDOMETRIUM,0.8195475935935974,0.6919942676084828,2,X_pca,mil,0.5,44
dasatinib,MKN45_STOMACH,0.93873530626297,0.8675084629301297,1,X_pca,mil,0.5,44
dasatinib,MKN7_STOMACH,0.59619140625,0.6385938771242319,5,X_pca,mil,0.5,44
dasatinib,MSTO211H_PLEURA,0.5750836133956909,0.6652933223681017,1,X_pca,mil,0.5,44
dasatinib,NCIH1299_LUNG,0.6297326683998108,0.7255504246842995,2,X_pca,mil,0.5,44
dasatinib,NCIH1373_LUNG,0.6252244710922241,0.6618764589472514,3,X_pca,mil,0.5,44
dasatinib,NCIH1435_LUNG,0.47326037287712097,0.6877183506774546,3,X_pca,mil,0.5,44
dasatinib,NCIH1792_LUNG,0.6707721948623657,0.6976734942144102,4,X_pca,mil,0.5,44
dasatinib,NCIH1944_LUNG,0.8082422018051147,0.6340260184617434,2,X_pca,mil,0.5,44
dasatinib,NCIH2087_LUNG,0.595470130443573,0.6649247916866111,5,X_pca,mil,0.5,44
dasatinib,NCIH2110_LUNG,0.7364413738250732,0.7745946903324606,1,X_pca,mil,0.5,44
dasatinib,NCIH2126_LUNG,0.8638811707496643,0.6505581596584031,4,X_pca,mil,0.5,44
dasatinib,NCIH2170_LUNG,0.7118402123451233,0.7639573925817517,4,X_pca,mil,0.5,44
dasatinib,NCIH2228_LUNG,0.6331348419189453,0.5139258107632317,3,X_pca,mil,0.5,44
dasatinib,NCIH226_LUNG,0.7791048884391785,0.5040219186468328,1,X_pca,mil,0.5,44
dasatinib,NCIH2444_LUNG,0.5421454906463623,0.42136148988949096,3,X_pca,mil,0.5,44
dasatinib,NCIH2452_PLEURA,0.5246762037277222,0.7343682732613114,3,X_pca,mil,0.5,44
dasatinib,NCIH292_LUNG,0.5705883502960205,0.5815130280496928,3,X_pca,mil,0.5,44
dasatinib,NCIH358_LUNG,0.576813817024231,0.6221084689632768,1,X_pca,mil,0.5,44
dasatinib,NCIH446_LUNG,0.6678470373153687,0.8393789633196227,3,X_pca,mil,0.5,44
dasatinib,NCIH460_LUNG,0.9236070513725281,1.0259048627553733,3,X_pca,mil,0.5,44
dasatinib,NCIH522_LUNG,0.6360405683517456,0.7833775505423546,2,X_pca,mil,0.5,44
dasatinib,NCIH650_LUNG,0.7932010889053345,0.5038218913922891,5,X_pca,mil,0.5,44
dasatinib,NCIH747_LARGE_INTESTINE,0.5042724013328552,0.7154467783868312,5,X_pca,mil,0.5,44
dasatinib,OAW28_OVARY,0.5247742533683777,0.656903956987843,5,X_pca,mil,0.5,44
dasatinib,ONCODG1_OVARY,0.5328340530395508,0.6314254511285711,2,X_pca,mil,0.5,44
dasatinib,OSRC2_KIDNEY,0.5809530019760132,0.7785886712963619,3,X_pca,mil,0.5,44
dasatinib,OUMS23_LARGE_INTESTINE,0.7905162572860718,0.932510777054546,5,X_pca,mil,0.5,44
dasatinib,OVCAR4_OVARY,0.6255381107330322,0.5620701351982966,1,X_pca,mil,0.5,44
dasatinib,OVK18_OVARY,0.8288588523864746,0.7625701343745328,5,X_pca,mil,0.5,44
dasatinib,OVSAHO_OVARY,0.7816910743713379,0.7372940138048012,2,X_pca,mil,0.5,44
dasatinib,OVTOKO_OVARY,0.5526567101478577,0.4011978010811874,2,X_pca,mil,0.5,44
dasatinib,PANC0203_PANCREAS,0.7578325271606445,0.40283905652907526,3,X_pca,mil,0.5,44
dasatinib,PATU8988S_PANCREAS,0.6856508851051331,0.819071040656723,2,X_pca,mil,0.5,44
dasatinib,PC3_PROSTATE,0.7604544758796692,0.6597539276413663,1,X_pca,mil,0.5,44
dasatinib,PECAPJ49_UPPER_AERODIGESTIVE_TRACT,0.3881136178970337,0.4156851789148727,1,X_pca,mil,0.5,44
dasatinib,PK45H_PANCREAS,0.7003129720687866,0.7258178609323678,4,X_pca,mil,0.5,44
dasatinib,PK59_PANCREAS,0.5517120361328125,0.8210135520189658,5,X_pca,mil,0.5,44
dasatinib,RCC10RGB_KIDNEY,0.8883867859840393,0.5574941186178396,5,X_pca,mil,0.5,44
dasatinib,RCM1_LARGE_INTESTINE,0.7874229550361633,0.8109871945343912,3,X_pca,mil,0.5,44
dasatinib,RD_SOFT_TISSUE,0.6753624677658081,0.6467809840408778,1,X_pca,mil,0.5,44
dasatinib,RERFLCAD1_LUNG,0.8144843578338623,0.64553106750971,5,X_pca,mil,0.5,44
dasatinib,RERFLCAI_LUNG,0.7495109438896179,0.6491683005974146,5,X_pca,mil,0.5,44
dasatinib,RT4_URINARY_TRACT,0.6999799609184265,0.9289848821343116,5,X_pca,mil,0.5,44
dasatinib,RVH421_SKIN,0.8497257828712463,0.8318802247985138,4,X_pca,mil,0.5,44
dasatinib,SCC25_UPPER_AERODIGESTIVE_TRACT,0.3265823721885681,0.5083782882958584,2,X_pca,mil,0.5,44
dasatinib,SCC9_UPPER_AERODIGESTIVE_TRACT,0.6016831398010254,0.5555224158261952,2,X_pca,mil,0.5,44
dasatinib,SH10TC_STOMACH,0.8169143199920654,0.735454873481707,5,X_pca,mil,0.5,44
dasatinib,SKES1_BONE,0.9750837683677673,0.8063934740129408,2,X_pca,mil,0.5,44
dasatinib,SKMEL30_SKIN,0.9788858294487,0.9310680031776428,1,X_pca,mil,0.5,44
dasatinib,SKMEL5_SKIN,0.9444921016693115,0.8532526767013049,4,X_pca,mil,0.5,44
dasatinib,SKNAS_AUTONOMIC_GANGLIA,0.7405744791030884,0.6193230711253344,2,X_pca,mil,0.5,44
dasatinib,SNU1079_BILIARY_TRACT,0.07737455517053604,0.6874040985760623,1,X_pca,mil,0.5,44
dasatinib,SNU1214_UPPER_AERODIGESTIVE_TRACT,0.39772874116897583,0.46969077783696195,1,X_pca,mil,0.5,44
dasatinib,SNU308_BILIARY_TRACT,0.6171565651893616,0.6452171390360975,1,X_pca,mil,0.5,44
dasatinib,SNU423_LIVER,0.5482215285301208,0.6198313978483092,4,X_pca,mil,0.5,44
dasatinib,SNU449_LIVER,0.5068399906158447,0.601192888110242,3,X_pca,mil,0.5,44
dasatinib,SNU46_UPPER_AERODIGESTIVE_TRACT,0.6070349216461182,0.5900025742791467,4,X_pca,mil,0.5,44
dasatinib,SNU738_CENTRAL_NERVOUS_SYSTEM,0.8536766767501831,0.6727707689544457,1,X_pca,mil,0.5,44
dasatinib,SNU899_UPPER_AERODIGESTIVE_TRACT,0.6754158735275269,0.3748297407684556,2,X_pca,mil,0.5,44
dasatinib,SNUC4_LARGE_INTESTINE,0.8817626237869263,0.7929079916798839,5,X_pca,mil,0.5,44
dasatinib,SQ1_LUNG,0.5959621071815491,0.3805726574999945,3,X_pca,mil,0.5,44
dasatinib,SU8686_PANCREAS,0.5122929811477661,0.49358211276007863,1,X_pca,mil,0.5,44
dasatinib,SW1088_CENTRAL_NERVOUS_SYSTEM,0.5384380221366882,0.6202154804486781,4,X_pca,mil,0.5,44
dasatinib,SW1271_LUNG,0.45770686864852905,0.7034781533738841,1,X_pca,mil,0.5,44
dasatinib,SW1990_PANCREAS,0.39563825726509094,0.6730507338474162,5,X_pca,mil,0.5,44
dasatinib,SW579_THYROID,0.3310171961784363,0.47925489330621357,3,X_pca,mil,0.5,44
dasatinib,T47D_BREAST,0.8848981857299805,1.0280455812070164,1,X_pca,mil,0.5,44
dasatinib,TCCSUP_URINARY_TRACT,0.6342606544494629,0.6399573435700392,3,X_pca,mil,0.5,44
dasatinib,TE10_OESOPHAGUS,0.602500855922699,0.544595347147554,4,X_pca,mil,0.5,44
dasatinib,TE14_OESOPHAGUS,0.6673628687858582,0.5204364797611277,1,X_pca,mil,0.5,44
dasatinib,TE1_OESOPHAGUS,0.617663562297821,0.5539800782226821,4,X_pca,mil,0.5,44
dasatinib,TE6_OESOPHAGUS,0.5395105481147766,0.7243105528467148,2,X_pca,mil,0.5,44
dasatinib,TE9_OESOPHAGUS,0.6579656600952148,0.6070760772112878,2,X_pca,mil,0.5,44
dasatinib,TM31_CENTRAL_NERVOUS_SYSTEM,0.6633169651031494,0.6345587940565471,2,X_pca,mil,0.5,44
dasatinib,TOV112D_OVARY,0.8191222548484802,0.7587150755601052,2,X_pca,mil,0.5,44
dasatinib,UACC257_SKIN,0.8085629940032959,0.9989538267566569,1,X_pca,mil,0.5,44
dasatinib,UMUC1_URINARY_TRACT,1.0552480220794678,0.47710198224498535,1,X_pca,mil,0.5,44
dasatinib,VMCUB1_URINARY_TRACT,0.5278096199035645,0.5184416392482973,4,X_pca,mil,0.5,44
dasatinib,VMRCRCZ_KIDNEY,0.5612185001373291,0.5585400141278902,2,X_pca,mil,0.5,44
dasatinib,YD38_UPPER_AERODIGESTIVE_TRACT,0.4801526963710785,0.400907446606419,4,X_pca,mil,0.5,44
dasatinib,ZR751_BREAST,0.931337296962738,1.0731755213444287,1,X_pca,mil,0.5,44
crizotinib,42MGBA_CENTRAL_NERVOUS_SYSTEM,0.8139702081680298,0.8726271189547874,4,X_pca,mil,0.5,44
crizotinib,8305C_THYROID,0.7761738300323486,0.8568470272882831,4,X_pca,mil,0.5,44
crizotinib,A204_SOFT_TISSUE,0.8393369317054749,0.8076936018466949,4,X_pca,mil,0.5,44
crizotinib,A2058_SKIN,0.7947903275489807,0.8615012424332755,5,X_pca,mil,0.5,44
crizotinib,A375_SKIN,0.78465735912323,0.8415244374468194,3,X_pca,mil,0.5,44
crizotinib,ACCMESO1_PLEURA,0.8302913904190063,0.8408702733340087,2,X_pca,mil,0.5,44
crizotinib,ASPC1_PANCREAS,0.8185564279556274,0.6824863599292164,4,X_pca,mil,0.5,44
crizotinib,BCPAP_THYROID,0.7649052143096924,0.8849694395535871,4,X_pca,mil,0.5,44
crizotinib,BFTC909_KIDNEY,0.9795162081718445,0.9046230133731007,5,X_pca,mil,0.5,44
crizotinib,BHY_UPPER_AERODIGESTIVE_TRACT,0.7836951017379761,0.7365526774833943,3,X_pca,mil,0.5,44
crizotinib,BICR16_UPPER_AERODIGESTIVE_TRACT,0.7850052714347839,0.795167309495638,5,X_pca,mil,0.5,44
crizotinib,BICR31_UPPER_AERODIGESTIVE_TRACT,0.819883406162262,0.8112022108849017,3,X_pca,mil,0.5,44
crizotinib,BICR56_UPPER_AERODIGESTIVE_TRACT,0.9423783421516418,0.7610351899523794,3,X_pca,mil,0.5,44
crizotinib,BICR6_UPPER_AERODIGESTIVE_TRACT,0.8377566933631897,0.8691606848806768,5,X_pca,mil,0.5,44
crizotinib,BT474_BREAST,0.8649948835372925,0.8894160647392273,4,X_pca,mil,0.5,44
crizotinib,BT549_BREAST,0.9203373193740845,0.8090607967591823,1,X_pca,mil,0.5,44
crizotinib,CAKI2_KIDNEY,0.9734227657318115,0.8501026128693451,4,X_pca,mil,0.5,44
crizotinib,CALU6_LUNG,0.8141430020332336,0.8206325986588648,3,X_pca,mil,0.5,44
crizotinib,CAMA1_BREAST,0.8536314964294434,0.9050128564392168,3,X_pca,mil,0.5,44
crizotinib,CCFSTTG1_CENTRAL_NERVOUS_SYSTEM,0.9254195690155029,0.8341107838522128,5,X_pca,mil,0.5,44
crizotinib,COLO792_SKIN,0.7007670998573303,0.8690156006285186,2,X_pca,mil,0.5,44
crizotinib,COV434_OVARY,0.7016214728355408,0.8445745354348962,4,X_pca,mil,0.5,44
crizotinib,DETROIT562_UPPER_AERODIGESTIVE_TRACT,0.715034544467926,0.7323114049215258,2,X_pca,mil,0.5,44
crizotinib,DKMG_CENTRAL_NERVOUS_SYSTEM,0.7298175096511841,0.7677052322348985,5,X_pca,mil,0.5,44
crizotinib,EBC1_LUNG,0.39158496260643005,0.7725288893586846,3,X_pca,mil,0.5,44
crizotinib,EFE184_ENDOMETRIUM,0.8450548648834229,0.8084325346835824,4,X_pca,mil,0.5,44
crizotinib,EFM192A_BREAST,0.8649764657020569,0.8233298136665298,5,X_pca,mil,0.5,44
crizotinib,EKVX_LUNG,0.7739625573158264,0.8162486247003895,2,X_pca,mil,0.5,44
crizotinib,FTC133_THYROID,0.9462858438491821,0.9085831425019673,3,X_pca,mil,0.5,44
crizotinib,GOS3_CENTRAL_NERVOUS_SYSTEM,0.7839654088020325,0.8093950567445206,2,X_pca,mil,0.5,44
crizotinib,HCC1428_BREAST,0.9103943109512329,0.8615238652454587,5,X_pca,mil,0.5,44
crizotinib,HCC366_LUNG,0.7986536026000977,0.7918539746563034,5,X_pca,mil,0.5,44
crizotinib,HCC38_BREAST,0.9739012718200684,0.8246706372499466,5,X_pca,mil,0.5,44
crizotinib,HCC56_LARGE_INTESTINE,0.770784854888916,0.861036732341304,3,X_pca,mil,0.5,44
crizotinib,HDQP1_BREAST,0.8876451253890991,0.8849376812577248,3,X_pca,mil,0.5,44
crizotinib,HEC151_ENDOMETRIUM,0.8343287706375122,0.8580680108070373,4,X_pca,mil,0.5,44
crizotinib,HEC251_ENDOMETRIUM,0.7653045058250427,0.8383858109188971,3,X_pca,mil,0.5,44
crizotinib,HEC6_ENDOMETRIUM,0.8107236623764038,0.8586266625741994,1,X_pca,mil,0.5,44
crizotinib,HEP3B217_LIVER,0.7867912650108337,0.7096680544190488,2,X_pca,mil,0.5,44
crizotinib,HMC18_BREAST,0.6356581449508667,0.8772137069458034,2,X_pca,mil,0.5,44
crizotinib,HOS_BONE,0.8387298583984375,0.7425098703911278,4,X_pca,mil,0.5,44
crizotinib,HS852T_SKIN,0.7291908264160156,0.8267346734617963,3,X_pca,mil,0.5,44
crizotinib,HT1080_SOFT_TISSUE,0.8266996145248413,0.8249198448981425,5,X_pca,mil,0.5,44
crizotinib,HT1197_URINARY_TRACT,0.7681593298912048,0.8187228739261627,4,X_pca,mil,0.5,44
crizotinib,HT55_LARGE_INTESTINE,0.7315347790718079,0.9120548477670027,1,X_pca,mil,0.5,44
crizotinib,HUH28_BILIARY_TRACT,0.7656625509262085,0.6173114765891068,2,X_pca,mil,0.5,44
crizotinib,HUH6_LIVER,0.7224849462509155,0.7833361876081433,4,X_pca,mil,0.5,44
crizotinib,HUPT3_PANCREAS,0.8537005186080933,0.8572634677676594,5,X_pca,mil,0.5,44
crizotinib,HUPT4_PANCREAS,0.6761891841888428,0.7690204775759152,5,X_pca,mil,0.5,44
crizotinib,IALM_LUNG,0.9222790002822876,0.8173767017281574,4,X_pca,mil,0.5,44
crizotinib,IGR1_SKIN,0.7101178765296936,0.8126490351249431,5,X_pca,mil,0.5,44
crizotinib,IGR37_SKIN,0.8298388123512268,0.8734637131264986,2,X_pca,mil,0.5,44
crizotinib,IM95_STOMACH,0.48041847348213196,0.7845122311566327,4,X_pca,mil,0.5,44
crizotinib,JHH6_LIVER,0.9490818977355957,0.8894430830062015,3,X_pca,mil,0.5,44
crizotinib,JHOC5_OVARY,0.798740029335022,0.8830582310413492,5,X_pca,mil,0.5,44
crizotinib,KALS1_CENTRAL_NERVOUS_SYSTEM,0.7681830525398254,0.7294613139496909,2,X_pca,mil,0.5,44
crizotinib,KMRC3_KIDNEY,0.8218774795532227,0.8508074339555234,1,X_pca,mil,0.5,44
crizotinib,KPL1_BREAST,0.7377769947052002,0.7280452851799951,3,X_pca,mil,0.5,44
crizotinib,KPNSI9S_AUTONOMIC_GANGLIA,0.6164638996124268,0.7927272070285886,5,X_pca,mil,0.5,44
crizotinib,KYSE520_OESOPHAGUS,0.886725902557373,0.8205187924137056,2,X_pca,mil,0.5,44
crizotinib,LI7_LIVER,0.7944248914718628,0.9010368074689593,4,X_pca,mil,0.5,44
crizotinib,LMSU_STOMACH,0.8106106519699097,0.7545857600137299,2,X_pca,mil,0.5,44
crizotinib,LNCAPCLONEFGC_PROSTATE,0.8331871032714844,0.8972354471221451,2,X_pca,mil,0.5,44
crizotinib,LS1034_LARGE_INTESTINE,0.9201149940490723,0.7254663354729953,4,X_pca,mil,0.5,44
crizotinib,LS180_LARGE_INTESTINE,0.7338624000549316,0.8664238642787669,3,X_pca,mil,0.5,44
crizotinib,MCF7_BREAST,0.6917808055877686,0.7638586555327569,1,X_pca,mil,0.5,44
crizotinib,MDAMB361_BREAST,0.8671998977661133,0.8294260064760844,1,X_pca,mil,0.5,44
crizotinib,MFE319_ENDOMETRIUM,0.9220579266548157,0.8057790314339842,2,X_pca,mil,0.5,44
crizotinib,MKN45_STOMACH,0.7614232897758484,0.715356282763562,1,X_pca,mil,0.5,44
crizotinib,MKN7_STOMACH,0.9172181487083435,0.81849798860476,5,X_pca,mil,0.5,44
crizotinib,MSTO211H_PLEURA,0.6890996694564819,0.7903968695839647,1,X_pca,mil,0.5,44
crizotinib,NCIH1299_LUNG,0.8208708167076111,0.880556392089258,2,X_pca,mil,0.5,44
crizotinib,NCIH1373_LUNG,0.7635274529457092,0.8066641815551897,3,X_pca,mil,0.5,44
crizotinib,NCIH1435_LUNG,0.6551457047462463,0.7616700958669855,3,X_pca,mil,0.5,44
crizotinib,NCIH1792_LUNG,0.762959897518158,0.7794201121673928,4,X_pca,mil,0.5,44
crizotinib,NCIH1944_LUNG,0.7629688382148743,0.8147935841394507,2,X_pca,mil,0.5,44
crizotinib,NCIH2087_LUNG,0.6425086259841919,0.7817946922833516,5,X_pca,mil,0.5,44
crizotinib,NCIH2110_LUNG,0.7911942601203918,0.683851702683535,1,X_pca,mil,0.5,44
crizotinib,NCIH2126_LUNG,0.744774580001831,0.8572270915363774,4,X_pca,mil,0.5,44
crizotinib,NCIH2170_LUNG,0.8758640289306641,0.8027106771166895,4,X_pca,mil,0.5,44
crizotinib,NCIH2228_LUNG,0.5101353526115417,0.7925395639131114,3,X_pca,mil,0.5,44
crizotinib,NCIH226_LUNG,0.6726114153862,0.7768341508317501,1,X_pca,mil,0.5,44
crizotinib,NCIH2444_LUNG,0.7086521983146667,0.7060199560998361,3,X_pca,mil,0.5,44
crizotinib,NCIH2452_PLEURA,0.7278137803077698,0.7696378242681461,3,X_pca,mil,0.5,44
crizotinib,NCIH292_LUNG,0.71616530418396,0.7279498487571036,3,X_pca,mil,0.5,44
crizotinib,NCIH358_LUNG,0.6348621845245361,0.6909740144120795,1,X_pca,mil,0.5,44
crizotinib,NCIH446_LUNG,0.6834266185760498,0.8703733713042979,3,X_pca,mil,0.5,44
crizotinib,NCIH460_LUNG,0.7870017886161804,0.8300091452638451,3,X_pca,mil,0.5,44
crizotinib,NCIH522_LUNG,0.848747193813324,0.7998417902451295,2,X_pca,mil,0.5,44
crizotinib,NCIH650_LUNG,0.7383224368095398,0.8031896750865387,5,X_pca,mil,0.5,44
crizotinib,NCIH747_LARGE_INTESTINE,0.7999517321586609,0.8402917817234993,5,X_pca,mil,0.5,44
crizotinib,OAW28_OVARY,0.7563913464546204,0.8071687754636966,5,X_pca,mil,0.5,44
crizotinib,ONCODG1_OVARY,0.7706544399261475,0.8136904535470185,2,X_pca,mil,0.5,44
crizotinib,OSRC2_KIDNEY,0.7447955012321472,0.9250005185604095,3,X_pca,mil,0.5,44
crizotinib,OUMS23_LARGE_INTESTINE,0.8125985264778137,0.7864565303392499,5,X_pca,mil,0.5,44
crizotinib,OVCAR4_OVARY,0.8246361017227173,0.7935470658561787,1,X_pca,mil,0.5,44
crizotinib,OVK18_OVARY,0.7580012083053589,0.9140323065639882,5,X_pca,mil,0.5,44
crizotinib,OVSAHO_OVARY,0.802704930305481,0.8279424483030378,2,X_pca,mil,0.5,44
crizotinib,OVTOKO_OVARY,0.8386441469192505,0.8761666619606565,2,X_pca,mil,0.5,44
crizotinib,PANC0203_PANCREAS,0.8092637658119202,0.8169080582060833,3,X_pca,mil,0.5,44
crizotinib,PATU8988S_PANCREAS,0.7223840951919556,0.794206289971461,2,X_pca,mil,0.5,44
crizotinib,PC3_PROSTATE,0.9259976744651794,0.8319909001243185,1,X_pca,mil,0.5,44
crizotinib,PECAPJ49_UPPER_AERODIGESTIVE_TRACT,0.7474130392074585,0.8717945120712318,1,X_pca,mil,0.5,44
crizotinib,PK45H_PANCREAS,0.8750272989273071,0.7884743838292646,4,X_pca,mil,0.5,44
crizotinib,PK59_PANCREAS,0.7208161354064941,0.7937232077806845,5,X_pca,mil,0.5,44
crizotinib,RCC10RGB_KIDNEY,0.8550746440887451,0.8249748784073433,5,X_pca,mil,0.5,44
crizotinib,RCM1_LARGE_INTESTINE,0.9028158187866211,0.8482658858411014,3,X_pca,mil,0.5,44
crizotinib,RD_SOFT_TISSUE,0.7103429436683655,0.8299179730287457,1,X_pca,mil,0.5,44
crizotinib,RERFLCAD1_LUNG,0.8617494702339172,0.7834808610594322,5,X_pca,mil,0.5,44
crizotinib,RERFLCAI_LUNG,0.767627477645874,0.8180217802290211,5,X_pca,mil,0.5,44
crizotinib,RT4_URINARY_TRACT,0.7829967141151428,0.7489429116249084,5,X_pca,mil,0.5,44
crizotinib,RVH421_SKIN,0.7584820985794067,0.8586256249679183,4,X_pca,mil,0.5,44
crizotinib,SCC25_UPPER_AERODIGESTIVE_TRACT,0.748374879360199,0.6841387316949649,2,X_pca,mil,0.5,44
crizotinib,SCC9_UPPER_AERODIGESTIVE_TRACT,0.8461494445800781,0.7863939812308863,2,X_pca,mil,0.5,44
crizotinib,SH10TC_STOMACH,0.8429513573646545,0.8276391885219476,5,X_pca,mil,0.5,44
crizotinib,SKES1_BONE,0.6841046810150146,0.7981198331811926,2,X_pca,mil,0.5,44
crizotinib,SKMEL2_SKIN,0.9290096163749695,0.8202861894084059,1,X_pca,mil,0.5,44
crizotinib,SKMEL30_SKIN,0.8163827061653137,0.792488102534675,1,X_pca,mil,0.5,44
crizotinib,SKMEL5_SKIN,0.8229323029518127,0.8314634665896997,4,X_pca,mil,0.5,44
crizotinib,SNU1079_BILIARY_TRACT,0.7359034419059753,0.9102842807769775,1,X_pca,mil,0.5,44
crizotinib,SNU1214_UPPER_AERODIGESTIVE_TRACT,0.7623101472854614,0.8693846638532395,1,X_pca,mil,0.5,44
crizotinib,SNU308_BILIARY_TRACT,0.8218324184417725,0.7302626079701363,1,X_pca,mil,0.5,44
crizotinib,SNU423_LIVER,0.783464252948761,0.8254167985803676,4,X_pca,mil,0.5,44
crizotinib,SNU449_LIVER,0.9006894826889038,0.8376776364678187,3,X_pca,mil,0.5,44
crizotinib,SNU46_UPPER_AERODIGESTIVE_TRACT,0.7758119106292725,0.7831346756320888,4,X_pca,mil,0.5,44
crizotinib,SNU899_UPPER_AERODIGESTIVE_TRACT,0.7911052107810974,0.7764124583048992,2,X_pca,mil,0.5,44
crizotinib,SNUC4_LARGE_INTESTINE,0.901703953742981,0.8134028025817054,5,X_pca,mil,0.5,44
crizotinib,SQ1_LUNG,0.9046451449394226,0.7987794244990629,3,X_pca,mil,0.5,44
crizotinib,SU8686_PANCREAS,0.7019903659820557,0.6483813029963795,1,X_pca,mil,0.5,44
crizotinib,SW1088_CENTRAL_NERVOUS_SYSTEM,0.7814385294914246,0.8986430349759758,4,X_pca,mil,0.5,44
crizotinib,SW1271_LUNG,0.649318277835846,0.7469229560831319,1,X_pca,mil,0.5,44
crizotinib,SW1990_PANCREAS,0.8054224252700806,0.7817645867018436,5,X_pca,mil,0.5,44
crizotinib,SW579_THYROID,0.7491196393966675,0.8696919069861486,3,X_pca,mil,0.5,44
crizotinib,T47D_BREAST,0.8559684753417969,0.8999700319713058,1,X_pca,mil,0.5,44
crizotinib,TCCSUP_URINARY_TRACT,0.7408864498138428,0.7985445883455156,3,X_pca,mil,0.5,44
crizotinib,TE10_OESOPHAGUS,0.7655495405197144,0.7840016266526697,4,X_pca,mil,0.5,44
crizotinib,TE14_OESOPHAGUS,0.796092689037323,0.7700314255203375,1,X_pca,mil,0.5,44
crizotinib,TE1_OESOPHAGUS,0.7848196029663086,0.8478740181737733,4,X_pca,mil,0.5,44
crizotinib,TE6_OESOPHAGUS,0.7126893401145935,0.7859981763168169,2,X_pca,mil,0.5,44
crizotinib,TE9_OESOPHAGUS,0.7622002363204956,0.779049119641704,2,X_pca,mil,0.5,44
crizotinib,TM31_CENTRAL_NERVOUS_SYSTEM,0.8138183355331421,0.7642849262418419,2,X_pca,mil,0.5,44
crizotinib,TOV112D_OVARY,0.8564976453781128,0.7877775484170669,2,X_pca,mil,0.5,44
crizotinib,UACC257_SKIN,0.7934483289718628,0.7251871026210706,1,X_pca,mil,0.5,44
crizotinib,UMUC1_URINARY_TRACT,0.6938395500183105,0.8085713961402777,1,X_pca,mil,0.5,44
crizotinib,VMCUB1_URINARY_TRACT,0.7650052905082703,0.9018056597170969,4,X_pca,mil,0.5,44
crizotinib,VMRCRCZ_KIDNEY,0.941386878490448,0.8502168895800909,2,X_pca,mil,0.5,44
crizotinib,YD38_UPPER_AERODIGESTIVE_TRACT,0.755638837814331,0.8016666373572289,4,X_pca,mil,0.5,44
crizotinib,ZR751_BREAST,0.7918342351913452,0.8662179486651251,1,X_pca,mil,0.5,44
afatinib,42MGBA_CENTRAL_NERVOUS_SYSTEM,0.7805805802345276,0.8146210896232413,4,X_pca,mil,0.5,44
afatinib,8305C_THYROID,0.6998212933540344,0.7597134447045836,4,X_pca,mil,0.5,44
afatinib,A204_SOFT_TISSUE,0.5940747857093811,0.8007849931716919,4,X_pca,mil,0.5,44
afatinib,A2058_SKIN,0.8065868616104126,0.8144250672285248,5,X_pca,mil,0.5,44
afatinib,A375_SKIN,0.8633260726928711,0.6483377637388734,3,X_pca,mil,0.5,44
afatinib,ACCMESO1_PLEURA,0.8422542214393616,0.848901742770348,2,X_pca,mil,0.5,44
afatinib,ASPC1_PANCREAS,0.7379075288772583,0.7371897967724964,4,X_pca,mil,0.5,44
afatinib,BCPAP_THYROID,0.8028123378753662,0.7123260919592882,4,X_pca,mil,0.5,44
afatinib,BFTC909_KIDNEY,0.7964379191398621,0.8360828886245989,5,X_pca,mil,0.5,44
afatinib,BHY_UPPER_AERODIGESTIVE_TRACT,0.4559202492237091,0.541960116295979,3,X_pca,mil,0.5,44
afatinib,BICR16_UPPER_AERODIGESTIVE_TRACT,0.6293012499809265,0.5156461566967784,5,X_pca,mil,0.5,44
afatinib,BICR31_UPPER_AERODIGESTIVE_TRACT,0.4663466513156891,0.6361439647453446,3,X_pca,mil,0.5,44
afatinib,BICR56_UPPER_AERODIGESTIVE_TRACT,0.4118909239768982,0.4403149724742513,3,X_pca,mil,0.5,44
afatinib,BICR6_UPPER_AERODIGESTIVE_TRACT,0.6503934264183044,0.6582330929024236,5,X_pca,mil,0.5,44
afatinib,BT474_BREAST,0.4684928059577942,0.49603542804718015,4,X_pca,mil,0.5,44
afatinib,BT549_BREAST,0.8341000080108643,0.746722861564249,1,X_pca,mil,0.5,44
afatinib,CAKI2_KIDNEY,0.7030969262123108,0.6687922624589728,4,X_pca,mil,0.5,44
afatinib,CALU6_LUNG,0.8139838576316833,0.7756687484739363,3,X_pca,mil,0.5,44
afatinib,CAMA1_BREAST,0.9158909320831299,0.8209117313021237,3,X_pca,mil,0.5,44
afatinib,CAS1_CENTRAL_NERVOUS_SYSTEM,0.791459321975708,0.7842882822330733,1,X_pca,mil,0.5,44
afatinib,CCFSTTG1_CENTRAL_NERVOUS_SYSTEM,0.9214351773262024,0.7881804818544931,5,X_pca,mil,0.5,44
afatinib,COLO792_SKIN,0.6935831308364868,0.708756259886541,2,X_pca,mil,0.5,44
afatinib,COV434_OVARY,0.7342209815979004,0.7778793512420221,4,X_pca,mil,0.5,44
afatinib,DETROIT562_UPPER_AERODIGESTIVE_TRACT,0.6405941247940063,0.4834585456760383,2,X_pca,mil,0.5,44
afatinib,DKMG_CENTRAL_NERVOUS_SYSTEM,0.7595983147621155,0.7752124449423758,5,X_pca,mil,0.5,44
afatinib,EBC1_LUNG,0.7244137525558472,0.6137533227923095,3,X_pca,mil,0.5,44
afatinib,EFE184_ENDOMETRIUM,0.6966208815574646,0.5914046681204508,4,X_pca,mil,0.5,44
afatinib,EKVX_LUNG,0.5110589861869812,0.6938230495338571,2,X_pca,mil,0.5,44
afatinib,FTC133_THYROID,0.9659737944602966,0.7438906303473881,3,X_pca,mil,0.5,44
afatinib,GOS3_CENTRAL_NERVOUS_SYSTEM,0.7528745532035828,0.779380935648973,2,X_pca,mil,0.5,44
afatinib,HCC1428_BREAST,0.7840307950973511,0.7292578896199624,5,X_pca,mil,0.5,44
afatinib,HCC366_LUNG,0.6473970413208008,0.6638039294445869,5,X_pca,mil,0.5,44
afatinib,HCC38_BREAST,0.8087549209594727,0.6979483138024807,5,X_pca,mil,0.5,44
afatinib,HCC56_LARGE_INTESTINE,0.7090833187103271,0.6027036480831377,3,X_pca,mil,0.5,44
afatinib,HDQP1_BREAST,0.6334633827209473,0.6697518741711974,3,X_pca,mil,0.5,44
afatinib,HEC151_ENDOMETRIUM,0.6328490376472473,0.6245676501989365,4,X_pca,mil,0.5,44
afatinib,HEC251_ENDOMETRIUM,0.6270521283149719,0.667775514526902,3,X_pca,mil,0.5,44
afatinib,HEC6_ENDOMETRIUM,0.7746643424034119,0.6900435471386643,1,X_pca,mil,0.5,44
afatinib,HEP3B217_LIVER,0.8157367706298828,0.7084143603757277,2,X_pca,mil,0.5,44
afatinib,HMC18_BREAST,0.7475526928901672,0.7920498764555609,2,X_pca,mil,0.5,44
afatinib,HOS_BONE,0.8421018123626709,0.7621901350228433,4,X_pca,mil,0.5,44
afatinib,HS852T_SKIN,0.6320256590843201,0.7044487858628049,3,X_pca,mil,0.5,44
afatinib,HT1080_SOFT_TISSUE,0.8211916089057922,0.7597446095111758,5,X_pca,mil,0.5,44
afatinib,HT1197_URINARY_TRACT,0.8161650896072388,0.5302615113355018,4,X_pca,mil,0.5,44
afatinib,HT55_LARGE_INTESTINE,0.5103926062583923,0.7902942986284952,1,X_pca,mil,0.5,44
afatinib,HUH28_BILIARY_TRACT,0.7897136211395264,0.7142397156722254,2,X_pca,mil,0.5,44
afatinib,HUPT3_PANCREAS,0.783348023891449,0.6682584261631265,5,X_pca,mil,0.5,44
afatinib,HUPT4_PANCREAS,0.4378226399421692,0.6890987242971148,5,X_pca,mil,0.5,44
afatinib,IALM_LUNG,0.7290401458740234,0.74546142607372,4,X_pca,mil,0.5,44
afatinib,IGR1_SKIN,0.7011265158653259,0.7860691736895462,5,X_pca,mil,0.5,44
afatinib,IGR37_SKIN,0.7625454068183899,0.7503242460039232,2,X_pca,mil,0.5,44
afatinib,IM95_STOMACH,0.5054170489311218,0.5952674580586923,4,X_pca,mil,0.5,44
afatinib,JHH6_LIVER,0.9654181599617004,0.6580589682731813,3,X_pca,mil,0.5,44
afatinib,JHOC5_OVARY,0.5951809287071228,0.60660934057729,5,X_pca,mil,0.5,44
afatinib,KALS1_CENTRAL_NERVOUS_SYSTEM,0.8067023158073425,0.8434398621320724,2,X_pca,mil,0.5,44
afatinib,KMRC3_KIDNEY,0.6892002820968628,0.7639602502998041,1,X_pca,mil,0.5,44
afatinib,KNS42_CENTRAL_NERVOUS_SYSTEM,0.7642861008644104,0.7634459623070651,4,X_pca,mil,0.5,44
afatinib,KPL1_BREAST,0.8543511033058167,0.8110145012969556,3,X_pca,mil,0.5,44
afatinib,KPNSI9S_AUTONOMIC_GANGLIA,0.7285537719726562,0.7744102750637735,5,X_pca,mil,0.5,44
afatinib,KYSE520_OESOPHAGUS,0.6173625588417053,0.5975973040511364,2,X_pca,mil,0.5,44
afatinib,LMSU_STOMACH,0.8196011185646057,0.7021719209119386,2,X_pca,mil,0.5,44
afatinib,LNCAPCLONEFGC_PROSTATE,0.7637406587600708,0.7317921805751416,2,X_pca,mil,0.5,44
afatinib,LS1034_LARGE_INTESTINE,0.7626612186431885,0.4131913446400264,4,X_pca,mil,0.5,44
afatinib,LS180_LARGE_INTESTINE,0.6832981109619141,0.57225318306701,3,X_pca,mil,0.5,44
afatinib,MCF7_BREAST,0.7744331359863281,0.8004888437844656,1,X_pca,mil,0.5,44
afatinib,MDAMB361_BREAST,0.5245832800865173,0.5234183428464112,1,X_pca,mil,0.5,44
afatinib,MFE319_ENDOMETRIUM,0.7174853086471558,0.6320271604348228,2,X_pca,mil,0.5,44
afatinib,MKN45_STOMACH,1.0346405506134033,0.6340953091443595,1,X_pca,mil,0.5,44
afatinib,MKN7_STOMACH,0.6611157655715942,0.665186925336372,5,X_pca,mil,0.5,44
afatinib,NCIH1299_LUNG,0.7286441922187805,0.7407610210474957,2,X_pca,mil,0.5,44
afatinib,NCIH1373_LUNG,0.7528212070465088,0.6558905581875545,3,X_pca,mil,0.5,44
afatinib,NCIH1435_LUNG,0.4933393597602844,0.5431950875882352,3,X_pca,mil,0.5,44
afatinib,NCIH1792_LUNG,0.7517090439796448,0.7529649310283832,4,X_pca,mil,0.5,44
afatinib,NCIH1944_LUNG,0.679461658000946,0.6856016616746423,2,X_pca,mil,0.5,44
afatinib,NCIH2087_LUNG,0.6109737753868103,0.612304525968691,5,X_pca,mil,0.5,44
afatinib,NCIH2110_LUNG,0.6842941641807556,0.49330990587047596,1,X_pca,mil,0.5,44
afatinib,NCIH2126_LUNG,0.6765623688697815,0.4993979822505604,4,X_pca,mil,0.5,44
afatinib,NCIH2170_LUNG,0.4427151679992676,0.526679547529825,4,X_pca,mil,0.5,44
afatinib,NCIH2228_LUNG,0.7076731324195862,0.5525175651347605,3,X_pca,mil,0.5,44
afatinib,NCIH2444_LUNG,0.8108291625976562,0.576036783964825,3,X_pca,mil,0.5,44
afatinib,NCIH2452_PLEURA,0.6361785531044006,0.8538932354919972,3,X_pca,mil,0.5,44
afatinib,NCIH292_LUNG,0.5946270227432251,0.5683153747392932,3,X_pca,mil,0.5,44
afatinib,NCIH358_LUNG,0.4591236710548401,0.6249069057937179,1,X_pca,mil,0.5,44
afatinib,NCIH460_LUNG,0.9436857104301453,0.6788219403622399,3,X_pca,mil,0.5,44
afatinib,NCIH522_LUNG,0.6254833936691284,0.7626707422045561,2,X_pca,mil,0.5,44
afatinib,NCIH650_LUNG,0.7707546949386597,0.6429071013997841,5,X_pca,mil,0.5,44
afatinib,NCIH747_LARGE_INTESTINE,0.5129129886627197,0.6925878018140793,5,X_pca,mil,0.5,44
afatinib,OAW28_OVARY,0.6439366340637207,0.5688708530079504,5,X_pca,mil,0.5,44
afatinib,ONCODG1_OVARY,0.5372920036315918,0.7091067470886089,2,X_pca,mil,0.5,44
afatinib,OSRC2_KIDNEY,0.7482349872589111,0.700257293998249,3,X_pca,mil,0.5,44
afatinib,OUMS23_LARGE_INTESTINE,0.8016155362129211,0.7025515116820825,5,X_pca,mil,0.5,44
afatinib,OVCAR4_OVARY,0.6153212785720825,0.6315880974906072,1,X_pca,mil,0.5,44
afatinib,OVSAHO_OVARY,0.7032063603401184,0.6492215859732439,2,X_pca,mil,0.5,44
afatinib,OVTOKO_OVARY,0.6644402742385864,0.5721784597663788,2,X_pca,mil,0.5,44
afatinib,PANC0203_PANCREAS,0.8054366111755371,0.4907555891708894,3,X_pca,mil,0.5,44
afatinib,PATU8988S_PANCREAS,0.701394259929657,0.803775463680752,2,X_pca,mil,0.5,44
afatinib,PC3_PROSTATE,0.820152997970581,0.8378594630568691,1,X_pca,mil,0.5,44
afatinib,PECAPJ49_UPPER_AERODIGESTIVE_TRACT,0.5759092569351196,0.39430068949661634,1,X_pca,mil,0.5,44
afatinib,PK45H_PANCREAS,0.7739125490188599,0.7872712163467689,4,X_pca,mil,0.5,44
afatinib,PK59_PANCREAS,0.7128807306289673,0.767006606548682,5,X_pca,mil,0.5,44
afatinib,RCC10RGB_KIDNEY,0.7773939967155457,0.6705716482559498,5,X_pca,mil,0.5,44
afatinib,RCM1_LARGE_INTESTINE,0.7846431136131287,0.6405556437093765,3,X_pca,mil,0.5,44
afatinib,RD_SOFT_TISSUE,0.6733316779136658,0.7754245779523448,1,X_pca,mil,0.5,44
afatinib,RERFLCAD1_LUNG,0.8449095487594604,0.6874352952335107,5,X_pca,mil,0.5,44
afatinib,RERFLCAI_LUNG,0.7837137579917908,0.8078163093539397,5,X_pca,mil,0.5,44
afatinib,RT4_URINARY_TRACT,0.5986748933792114,0.7231455583055064,5,X_pca,mil,0.5,44
afatinib,RVH421_SKIN,0.7147262692451477,0.6934332503434505,4,X_pca,mil,0.5,44
afatinib,SCC25_UPPER_AERODIGESTIVE_TRACT,0.27695798873901367,0.578720200698997,2,X_pca,mil,0.5,44
afatinib,SCC9_UPPER_AERODIGESTIVE_TRACT,0.5204415917396545,0.751179854305167,2,X_pca,mil,0.5,44
afatinib,SH10TC_STOMACH,0.8171871304512024,0.8440170566580574,5,X_pca,mil,0.5,44
afatinib,SKES1_BONE,0.7776396870613098,0.8421351601789285,2,X_pca,mil,0.5,44
afatinib,SKMEL2_SKIN,0.6926764845848083,0.711588020665922,1,X_pca,mil,0.5,44
afatinib,SKNAS_AUTONOMIC_GANGLIA,0.7450849413871765,0.7528585831148434,2,X_pca,mil,0.5,44
afatinib,SNU1079_BILIARY_TRACT,0.30016279220581055,0.6939992341276717,1,X_pca,mil,0.5,44
afatinib,SNU308_BILIARY_TRACT,0.6170322299003601,0.5334089671043639,1,X_pca,mil,0.5,44
afatinib,SNU449_LIVER,0.7562255859375,0.6058378381297943,3,X_pca,mil,0.5,44
afatinib,SNU46_UPPER_AERODIGESTIVE_TRACT,0.7070208191871643,0.5971459871378996,4,X_pca,mil,0.5,44
afatinib,SNU738_CENTRAL_NERVOUS_SYSTEM,0.8224183320999146,0.7828903031537904,1,X_pca,mil,0.5,44
afatinib,SNU899_UPPER_AERODIGESTIVE_TRACT,0.7591167092323303,0.513481052166008,2,X_pca,mil,0.5,44
afatinib,SNUC4_LARGE_INTESTINE,0.6135603785514832,0.6438583138795685,5,X_pca,mil,0.5,44
afatinib,SQ1_LUNG,0.5652294158935547,0.4783216474436912,3,X_pca,mil,0.5,44
afatinib,SW1088_CENTRAL_NERVOUS_SYSTEM,0.7634608745574951,0.7975717114750296,4,X_pca,mil,0.5,44
afatinib,SW1271_LUNG,0.7113705277442932,0.7200493346089902,1,X_pca,mil,0.5,44
afatinib,SW1990_PANCREAS,0.713200032711029,0.750630925843304,5,X_pca,mil,0.5,44
afatinib,SW579_THYROID,0.7006264328956604,0.8890823881197635,3,X_pca,mil,0.5,44
afatinib,T47D_BREAST,0.7524663805961609,0.7641322707158947,1,X_pca,mil,0.5,44
afatinib,TCCSUP_URINARY_TRACT,0.7976297736167908,0.8303778163994415,3,X_pca,mil,0.5,44
afatinib,TE10_OESOPHAGUS,0.6215711236000061,0.5058092534814251,4,X_pca,mil,0.5,44
afatinib,TE14_OESOPHAGUS,0.4506191611289978,0.40700342635062176,1,X_pca,mil,0.5,44
afatinib,TE1_OESOPHAGUS,0.7135472297668457,0.5990394941232737,4,X_pca,mil,0.5,44
afatinib,TE6_OESOPHAGUS,0.41391584277153015,0.5936502184712086,2,X_pca,mil,0.5,44
afatinib,TE9_OESOPHAGUS,0.7153798341751099,0.614622168723614,2,X_pca,mil,0.5,44
afatinib,TM31_CENTRAL_NERVOUS_SYSTEM,0.7665950059890747,0.6351746318155321,2,X_pca,mil,0.5,44
afatinib,TOV112D_OVARY,0.8150071501731873,0.8139048149952521,2,X_pca,mil,0.5,44
afatinib,UACC257_SKIN,0.7827110886573792,0.7590094818480344,1,X_pca,mil,0.5,44
afatinib,UMUC1_URINARY_TRACT,0.7934571504592896,0.44034900671334437,1,X_pca,mil,0.5,44
afatinib,VMCUB1_URINARY_TRACT,0.5197843313217163,0.5610408186289058,4,X_pca,mil,0.5,44
afatinib,VMRCRCZ_KIDNEY,0.7667264938354492,0.6107394595940908,2,X_pca,mil,0.5,44
afatinib,YD38_UPPER_AERODIGESTIVE_TRACT,0.32698485255241394,0.4784305706047095,4,X_pca,mil,0.5,44
afatinib,ZR751_BREAST,0.7331831455230713,0.70971574791041,1,X_pca,mil,0.5,44
doxorubicin,42MGBA_CENTRAL_NERVOUS_SYSTEM,0.5611410140991211,0.533938413881427,4,X_scGPT,mil,0.5,42
doxorubicin,8305C_THYROID,0.5387490391731262,0.6520261178868528,4,X_scGPT,mil,0.5,42
doxorubicin,A204_SOFT_TISSUE,0.3751550614833832,0.4254159026145935,4,X_scGPT,mil,0.5,42
doxorubicin,A2058_SKIN,0.4950177073478699,0.5811128048669725,5,X_scGPT,mil,0.5,42
doxorubicin,A375_SKIN,0.5054274201393127,0.5137268593801817,3,X_scGPT,mil,0.5,42
doxorubicin,ACCMESO1_PLEURA,0.6358495950698853,0.642251459536729,2,X_scGPT,mil,0.5,42
doxorubicin,ASPC1_PANCREAS,0.7291187644004822,0.7228820406157395,4,X_scGPT,mil,0.5,42
doxorubicin,BCPAP_THYROID,0.5380156636238098,0.6141437566594073,4,X_scGPT,mil,0.5,42
doxorubicin,BFTC909_KIDNEY,0.585321843624115,0.5153684338510508,5,X_scGPT,mil,0.5,42
doxorubicin,BHY_UPPER_AERODIGESTIVE_TRACT,0.4835294783115387,0.598013096431206,3,X_scGPT,mil,0.5,42
doxorubicin,BICR16_UPPER_AERODIGESTIVE_TRACT,0.6258533000946045,0.5278000824575154,5,X_scGPT,mil,0.5,42
doxorubicin,BICR31_UPPER_AERODIGESTIVE_TRACT,0.5435177683830261,0.5992878248854991,3,X_scGPT,mil,0.5,42
doxorubicin,BICR56_UPPER_AERODIGESTIVE_TRACT,0.6303225755691528,0.5565705586362768,3,X_scGPT,mil,0.5,42
doxorubicin,BICR6_UPPER_AERODIGESTIVE_TRACT,0.5066924095153809,0.5575482585838625,5,X_scGPT,mil,0.5,42
doxorubicin,BT474_BREAST,0.7362895607948303,0.7142398657798767,4,X_scGPT,mil,0.5,42
doxorubicin,BT549_BREAST,0.5603541731834412,0.5750313178265005,1,X_scGPT,mil,0.5,42
doxorubicin,CAKI2_KIDNEY,0.8098970055580139,0.7376682779771818,4,X_scGPT,mil,0.5,42
doxorubicin,CALU6_LUNG,0.6933369636535645,0.5506463185992352,3,X_scGPT,mil,0.5,42
doxorubicin,CAMA1_BREAST,0.6567535400390625,0.5704407852744728,3,X_scGPT,mil,0.5,42
doxorubicin,CAS1_CENTRAL_NERVOUS_SYSTEM,0.4726645350456238,0.5920083643798542,1,X_scGPT,mil,0.5,42
doxorubicin,CCFSTTG1_CENTRAL_NERVOUS_SYSTEM,0.624411404132843,0.4947453847503274,5,X_scGPT,mil,0.5,42
doxorubicin,COLO741_SKIN,0.8535335659980774,0.5696506657861287,3,X_scGPT,mil,0.5,42
doxorubicin,COLO792_SKIN,0.6422173380851746,0.6632112238239978,2,X_scGPT,mil,0.5,42
doxorubicin,COV434_OVARY,0.3253573477268219,0.29124697331677785,4,X_scGPT,mil,0.5,42
doxorubicin,DETROIT562_UPPER_AERODIGESTIVE_TRACT,0.6028164625167847,0.6886376288770898,2,X_scGPT,mil,0.5,42
doxorubicin,DKMG_CENTRAL_NERVOUS_SYSTEM,0.5278626680374146,0.47466700675302764,5,X_scGPT,mil,0.5,42
doxorubicin,EBC1_LUNG,0.4876810908317566,0.6381168014580204,3,X_scGPT,mil,0.5,42
doxorubicin,EFE184_ENDOMETRIUM,0.8111908435821533,0.7145911261092784,4,X_scGPT,mil,0.5,42
doxorubicin,EFM192A_BREAST,0.5801385045051575,0.5913258376601223,5,X_scGPT,mil,0.5,42
doxorubicin,EKVX_LUNG,0.7006396651268005,0.6612666812661576,2,X_scGPT,mil,0.5,42
doxorubicin,FTC133_THYROID,0.54218590259552,0.5997672638722829,3,X_scGPT,mil,0.5,42
doxorubicin,GOS3_CENTRAL_NERVOUS_SYSTEM,0.5780242085456848,0.6446382259823265,2,X_scGPT,mil,0.5,42
doxorubicin,HCC1428_BREAST,0.6737597584724426,0.614107306313327,5,X_scGPT,mil,0.5,42
doxorubicin,HCC366_LUNG,0.6135154962539673,0.5995116672008345,5,X_scGPT,mil,0.5,42
doxorubicin,HCC38_BREAST,0.5100096464157104,0.6073196040093899,5,X_scGPT,mil,0.5,42
doxorubicin,HCC56_LARGE_INTESTINE,0.810954749584198,0.6391798396303197,3,X_scGPT,mil,0.5,42
doxorubicin,HDQP1_BREAST,0.7888896465301514,0.6405182061716914,3,X_scGPT,mil,0.5,42
doxorubicin,HEC151_ENDOMETRIUM,0.40951746702194214,0.6924443798065185,4,X_scGPT,mil,0.5,42
doxorubicin,HEC251_ENDOMETRIUM,0.5875652432441711,0.6376005795514472,3,X_scGPT,mil,0.5,42
doxorubicin,HEC6_ENDOMETRIUM,0.5559057593345642,0.6094732010586662,1,X_scGPT,mil,0.5,42
doxorubicin,HEP3B217_LIVER,0.7229253053665161,0.6757441693443363,2,X_scGPT,mil,0.5,42
doxorubicin,HMC18_BREAST,0.4536672532558441,0.6390074698998253,2,X_scGPT,mil,0.5,42
doxorubicin,HOS_BONE,0.5812419056892395,0.575971133027347,4,X_scGPT,mil,0.5,42
doxorubicin,HS852T_SKIN,0.440727174282074,0.5801562731280739,3,X_scGPT,mil,0.5,42
doxorubicin,HT1080_SOFT_TISSUE,0.3908422589302063,0.5759590595036514,5,X_scGPT,mil,0.5,42
doxorubicin,HT1197_URINARY_TRACT,0.5438651442527771,0.6686671666196875,4,X_scGPT,mil,0.5,42
doxorubicin,HT55_LARGE_INTESTINE,0.5889919996261597,0.7705638592277093,1,X_scGPT,mil,0.5,42
doxorubicin,HUH28_BILIARY_TRACT,0.5371938943862915,0.6436700537907991,2,X_scGPT,mil,0.5,42
doxorubicin,HUH6_LIVER,0.42507052421569824,0.7365783526170888,4,X_scGPT,mil,0.5,42
doxorubicin,HUPT3_PANCREAS,0.6856333613395691,0.6006011954125237,5,X_scGPT,mil,0.5,42
doxorubicin,HUPT4_PANCREAS,0.45965781807899475,0.5820369922689029,5,X_scGPT,mil,0.5,42
doxorubicin,IALM_LUNG,0.8397154211997986,0.6295889636374409,4,X_scGPT,mil,0.5,42
doxorubicin,IGR1_SKIN,0.5318907499313354,0.6523630908028832,5,X_scGPT,mil,0.5,42
doxorubicin,IGR37_SKIN,0.5309170484542847,0.6419050787986184,2,X_scGPT,mil,0.5,42
doxorubicin,IM95_STOMACH,0.4691832363605499,0.7195435913833412,4,X_scGPT,mil,0.5,42
doxorubicin,JHH6_LIVER,0.8701879978179932,0.5908255872217197,3,X_scGPT,mil,0.5,42
doxorubicin,JHOC5_OVARY,0.5302541851997375,0.61967829712506,5,X_scGPT,mil,0.5,42
doxorubicin,KALS1_CENTRAL_NERVOUS_SYSTEM,0.4983648359775543,0.6520480165878931,2,X_scGPT,mil,0.5,42
doxorubicin,KMRC3_KIDNEY,0.5798169374465942,0.6513241402956904,1,X_scGPT,mil,0.5,42
doxorubicin,KNS42_CENTRAL_NERVOUS_SYSTEM,0.6755160689353943,0.5664037282383719,4,X_scGPT,mil,0.5,42
doxorubicin,KPL1_BREAST,0.8693845272064209,0.5759887622966282,3,X_scGPT,mil,0.5,42
doxorubicin,KPNSI9S_AUTONOMIC_GANGLIA,0.2994575798511505,0.5134821721287661,5,X_scGPT,mil,0.5,42
doxorubicin,KYSE520_OESOPHAGUS,0.6951316595077515,0.6830375312651643,2,X_scGPT,mil,0.5,42
doxorubicin,LI7_LIVER,0.6539109349250793,0.6356781258875009,4,X_scGPT,mil,0.5,42
doxorubicin,LMSU_STOMACH,0.6874845623970032,0.6475898756700403,2,X_scGPT,mil,0.5,42
doxorubicin,LNCAPCLONEFGC_PROSTATE,0.36991697549819946,0.641121695207995,2,X_scGPT,mil,0.5,42
doxorubicin,LS1034_LARGE_INTESTINE,0.7185391783714294,0.7132690618299458,4,X_scGPT,mil,0.5,42
doxorubicin,LS180_LARGE_INTESTINE,0.5715101361274719,0.5910136996048639,3,X_scGPT,mil,0.5,42
doxorubicin,MCF7_BREAST,0.6808213591575623,0.6861307798148869,1,X_scGPT,mil,0.5,42
doxorubicin,MDAMB361_BREAST,0.735870361328125,0.7119098221814191,1,X_scGPT,mil,0.5,42
doxorubicin,MFE319_ENDOMETRIUM,0.6568321585655212,0.6586338634266279,2,X_scGPT,mil,0.5,42
doxorubicin,MKN45_STOMACH,0.888956606388092,0.6661600637233863,1,X_scGPT,mil,0.5,42
doxorubicin,MKN7_STOMACH,0.6380749344825745,0.5900190166493718,5,X_scGPT,mil,0.5,42
doxorubicin,MSTO211H_PLEURA,0.3753986358642578,0.5881841027174735,1,X_scGPT,mil,0.5,42
doxorubicin,NCIH1299_LUNG,0.6539729833602905,0.6348896868219983,2,X_scGPT,mil,0.5,42
doxorubicin,NCIH1373_LUNG,0.6574230790138245,0.6397682435628844,3,X_scGPT,mil,0.5,42
doxorubicin,NCIH1435_LUNG,0.5236009955406189,0.6491144113103102,3,X_scGPT,mil,0.5,42
doxorubicin,NCIH1792_LUNG,0.7039877772331238,0.6569866873659529,4,X_scGPT,mil,0.5,42
doxorubicin,NCIH1944_LUNG,0.6275695562362671,0.672667102681266,2,X_scGPT,mil,0.5,42
doxorubicin,NCIH2087_LUNG,0.34448179602622986,0.573824096351998,5,X_scGPT,mil,0.5,42
doxorubicin,NCIH2110_LUNG,0.3811848759651184,0.6183488834593164,1,X_scGPT,mil,0.5,42
doxorubicin,NCIH2126_LUNG,0.5018039345741272,0.6425300546442018,4,X_scGPT,mil,0.5,42
doxorubicin,NCIH2170_LUNG,0.5922226309776306,0.6310514723750907,4,X_scGPT,mil,0.5,42
doxorubicin,NCIH2228_LUNG,0.44898903369903564,0.6574882871448506,3,X_scGPT,mil,0.5,42
doxorubicin,NCIH226_LUNG,0.4597177803516388,0.6081986560466441,1,X_scGPT,mil,0.5,42
doxorubicin,NCIH2444_LUNG,0.5491931438446045,0.6942965780632405,3,X_scGPT,mil,0.5,42
doxorubicin,NCIH2452_PLEURA,0.5596638917922974,0.6220873737202258,3,X_scGPT,mil,0.5,42
doxorubicin,NCIH292_LUNG,0.4165792167186737,0.5953093085770316,3,X_scGPT,mil,0.5,42
doxorubicin,NCIH358_LUNG,0.4872294068336487,0.5984223032636302,1,X_scGPT,mil,0.5,42
doxorubicin,NCIH446_LUNG,0.4856961667537689,0.3348535782828623,3,X_scGPT,mil,0.5,42
doxorubicin,NCIH460_LUNG,0.5580957531929016,0.5099126986064364,3,X_scGPT,mil,0.5,42
doxorubicin,NCIH522_LUNG,0.4944220185279846,0.6156821703681579,2,X_scGPT,mil,0.5,42
doxorubicin,NCIH650_LUNG,0.5603529810905457,0.6150823993216581,5,X_scGPT,mil,0.5,42
doxorubicin,NCIH747_LARGE_INTESTINE,0.5683852434158325,0.6203847497701644,5,X_scGPT,mil,0.5,42
doxorubicin,OAW28_OVARY,0.6767528653144836,0.614888268227903,5,X_scGPT,mil,0.5,42
doxorubicin,ONCODG1_OVARY,0.581980288028717,0.6799643229555201,2,X_scGPT,mil,0.5,42
doxorubicin,OSRC2_KIDNEY,0.6995971202850342,0.6888288089207241,3,X_scGPT,mil,0.5,42
doxorubicin,OUMS23_LARGE_INTESTINE,0.5587512850761414,0.5790326988028589,5,X_scGPT,mil,0.5,42
doxorubicin,OVCAR4_OVARY,0.6055043935775757,0.6715158112478762,1,X_scGPT,mil,0.5,42
doxorubicin,OVK18_OVARY,0.2882801592350006,0.5594521826237775,5,X_scGPT,mil,0.5,42
doxorubicin,OVSAHO_OVARY,0.5728036761283875,0.6437701887496242,2,X_scGPT,mil,0.5,42
doxorubicin,OVTOKO_OVARY,0.7791611552238464,0.6777198859379052,2,X_scGPT,mil,0.5,42
doxorubicin,PANC0203_PANCREAS,0.7632962465286255,0.6031688743900404,3,X_scGPT,mil,0.5,42
doxorubicin,PATU8988S_PANCREAS,0.7037484049797058,0.7326558349562473,2,X_scGPT,mil,0.5,42
doxorubicin,PC3_PROSTATE,0.7981969118118286,0.6234205818387883,1,X_scGPT,mil,0.5,42
doxorubicin,PECAPJ49_UPPER_AERODIGESTIVE_TRACT,0.47215813398361206,0.5647883993564266,1,X_scGPT,mil,0.5,42
doxorubicin,PK45H_PANCREAS,0.8845717906951904,0.7069241670664826,4,X_scGPT,mil,0.5,42
doxorubicin,PK59_PANCREAS,0.5667010545730591,0.5997365608640101,5,X_scGPT,mil,0.5,42
doxorubicin,RCC10RGB_KIDNEY,0.8544673323631287,0.5932012639076413,5,X_scGPT,mil,0.5,42
doxorubicin,RCM1_LARGE_INTESTINE,0.7463620901107788,0.630732792429626,3,X_scGPT,mil,0.5,42
doxorubicin,RD_SOFT_TISSUE,0.48532170057296753,0.5177877006402875,1,X_scGPT,mil,0.5,42
doxorubicin,RERFLCAD1_LUNG,0.8917138576507568,0.5695802272592553,5,X_scGPT,mil,0.5,42
doxorubicin,RERFLCAI_LUNG,0.4272306263446808,0.6001083103263675,5,X_scGPT,mil,0.5,42
doxorubicin,RT4_URINARY_TRACT,0.4836074411869049,0.5852522762878886,5,X_scGPT,mil,0.5,42
doxorubicin,RVH421_SKIN,0.5980584621429443,0.7156105862002992,4,X_scGPT,mil,0.5,42
doxorubicin,SCC25_UPPER_AERODIGESTIVE_TRACT,0.4167896807193756,0.6748153765775048,2,X_scGPT,mil,0.5,42
doxorubicin,SCC9_UPPER_AERODIGESTIVE_TRACT,0.49403518438339233,0.6445991656654759,2,X_scGPT,mil,0.5,42
doxorubicin,SH10TC_STOMACH,0.6935459971427917,0.5573571045853813,5,X_scGPT,mil,0.5,42
doxorubicin,SKES1_BONE,0.25840020179748535,0.6038252979844481,2,X_scGPT,mil,0.5,42
doxorubicin,SKMEL2_SKIN,0.7795782685279846,0.5515660878972731,1,X_scGPT,mil,0.5,42
doxorubicin,SKMEL30_SKIN,0.56974858045578,0.6475794637844853,1,X_scGPT,mil,0.5,42
doxorubicin,SKMEL5_SKIN,0.5388690829277039,0.715967362577265,4,X_scGPT,mil,0.5,42
doxorubicin,SKNAS_AUTONOMIC_GANGLIA,0.49000316858291626,0.601726853214534,2,X_scGPT,mil,0.5,42
doxorubicin,SNU1079_BILIARY_TRACT,0.530148446559906,0.6499243137771136,1,X_scGPT,mil,0.5,42
doxorubicin,SNU1214_UPPER_AERODIGESTIVE_TRACT,0.6214928030967712,0.5314780648084397,1,X_scGPT,mil,0.5,42
doxorubicin,SNU308_BILIARY_TRACT,0.642924427986145,0.5849868483999943,1,X_scGPT,mil,0.5,42
doxorubicin,SNU423_LIVER,0.5606513023376465,0.6742493527115516,4,X_scGPT,mil,0.5,42
doxorubicin,SNU449_LIVER,0.8395319581031799,0.6062345146498782,3,X_scGPT,mil,0.5,42
doxorubicin,SNU46_UPPER_AERODIGESTIVE_TRACT,0.696592390537262,0.6431576541419757,4,X_scGPT,mil,0.5,42
doxorubicin,SNU738_CENTRAL_NERVOUS_SYSTEM,0.7775015234947205,0.6332755919968547,1,X_scGPT,mil,0.5,42
doxorubicin,SNU899_UPPER_AERODIGESTIVE_TRACT,0.5426186919212341,0.6902718946158167,2,X_scGPT,mil,0.5,42
doxorubicin,SNUC4_LARGE_INTESTINE,0.787482738494873,0.6616919492501008,5,X_scGPT,mil,0.5,42
doxorubicin,SQ1_LUNG,0.7245655655860901,0.6875549166643319,3,X_scGPT,mil,0.5,42
doxorubicin,SU8686_PANCREAS,0.5021981000900269,0.6492782831192017,1,X_scGPT,mil,0.5,42
doxorubicin,SW1088_CENTRAL_NERVOUS_SYSTEM,0.589234471321106,0.5940267913974822,4,X_scGPT,mil,0.5,42
doxorubicin,SW1271_LUNG,0.48043984174728394,0.6389048488243766,1,X_scGPT,mil,0.5,42
doxorubicin,SW1990_PANCREAS,0.6104688048362732,0.5872262952187939,5,X_scGPT,mil,0.5,42
doxorubicin,SW579_THYROID,0.40079694986343384,0.5947014954507626,3,X_scGPT,mil,0.5,42
doxorubicin,T47D_BREAST,0.712394654750824,0.7050297447728895,1,X_scGPT,mil,0.5,42
doxorubicin,TCCSUP_URINARY_TRACT,0.54876708984375,0.5802847030985204,3,X_scGPT,mil,0.5,42
doxorubicin,TE10_OESOPHAGUS,0.6106919646263123,0.6133513189341924,4,X_scGPT,mil,0.5,42
doxorubicin,TE14_OESOPHAGUS,0.6705263257026672,0.5255319518882011,1,X_scGPT,mil,0.5,42
doxorubicin,TE1_OESOPHAGUS,0.6324832439422607,0.6664326098358747,4,X_scGPT,mil,0.5,42
doxorubicin,TE6_OESOPHAGUS,0.4768960773944855,0.6802670403963424,2,X_scGPT,mil,0.5,42
doxorubicin,TE9_OESOPHAGUS,0.47645479440689087,0.694576199496946,2,X_scGPT,mil,0.5,42
doxorubicin,TM31_CENTRAL_NERVOUS_SYSTEM,0.672069787979126,0.6484217355991232,2,X_scGPT,mil,0.5,42
doxorubicin,TOV112D_OVARY,0.3924221992492676,0.6001888941495847,2,X_scGPT,mil,0.5,42
doxorubicin,UACC257_SKIN,0.5711562633514404,0.5679855813042389,1,X_scGPT,mil,0.5,42
doxorubicin,VMCUB1_URINARY_TRACT,0.534176766872406,0.5639450388598143,4,X_scGPT,mil,0.5,42
doxorubicin,VMRCRCZ_KIDNEY,0.7579551935195923,0.6618807260195414,2,X_scGPT,mil,0.5,42
doxorubicin,YD38_UPPER_AERODIGESTIVE_TRACT,0.4940035343170166,0.5697374049669657,4,X_scGPT,mil,0.5,42
doxorubicin,ZR751_BREAST,0.5641409754753113,0.5042605183078247,1,X_scGPT,mil,0.5,42
platin,42MGBA_CENTRAL_NERVOUS_SYSTEM,0.9792470335960388,0.9923196217498264,4,X_scGPT,mil,0.5,42
platin,8305C_THYROID,0.9902234673500061,0.9447772815856019,4,X_scGPT,mil,0.5,42
platin,A204_SOFT_TISSUE,0.9935336112976074,0.9994229102134704,4,X_scGPT,mil,0.5,42
platin,A2058_SKIN,1.0669606924057007,1.040537571420475,5,X_scGPT,mil,0.5,42
platin,A375_SKIN,0.9721842408180237,1.018022096880773,3,X_scGPT,mil,0.5,42
platin,ACCMESO1_PLEURA,0.9934868812561035,0.9853438348681839,2,X_scGPT,mil,0.5,42
platin,ASPC1_PANCREAS,0.9865953326225281,0.9389707959931473,4,X_scGPT,mil,0.5,42
platin,BCPAP_THYROID,0.989610493183136,0.9446224648701517,4,X_scGPT,mil,0.5,42
platin,BFTC909_KIDNEY,1.1041555404663086,0.9512054119701436,5,X_scGPT,mil,0.5,42
platin,BHY_UPPER_AERODIGESTIVE_TRACT,0.9692360758781433,0.9829370786403787,3,X_scGPT,mil,0.5,42
platin,BICR16_UPPER_AERODIGESTIVE_TRACT,0.8785001635551453,0.9024718929574175,5,X_scGPT,mil,0.5,42
platin,BICR31_UPPER_AERODIGESTIVE_TRACT,0.9795008301734924,0.9882225461544529,3,X_scGPT,mil,0.5,42
platin,BICR56_UPPER_AERODIGESTIVE_TRACT,0.9870259761810303,0.9771753910147114,3,X_scGPT,mil,0.5,42
platin,BICR6_UPPER_AERODIGESTIVE_TRACT,1.0553885698318481,0.937412531642647,5,X_scGPT,mil,0.5,42
platin,BT474_BREAST,1.0629768371582031,1.0005046796798707,4,X_scGPT,mil,0.5,42
platin,BT549_BREAST,1.0051050186157227,0.985049611643741,1,X_scGPT,mil,0.5,42
platin,CAKI2_KIDNEY,1.0197046995162964,0.9302015801985487,4,X_scGPT,mil,0.5,42
platin,CALU6_LUNG,0.9243093729019165,0.9926015822462333,3,X_scGPT,mil,0.5,42
platin,CAMA1_BREAST,1.002544641494751,1.0330262395114833,3,X_scGPT,mil,0.5,42
platin,CAS1_CENTRAL_NERVOUS_SYSTEM,0.9442310333251953,0.9908097726958138,1,X_scGPT,mil,0.5,42
platin,CCFSTTG1_CENTRAL_NERVOUS_SYSTEM,0.97667396068573,0.948294059047854,5,X_scGPT,mil,0.5,42
platin,COLO741_SKIN,1.1626665592193604,1.0554946458086054,3,X_scGPT,mil,0.5,42
platin,COLO792_SKIN,0.9970811009407043,1.048560003732843,2,X_scGPT,mil,0.5,42
platin,COV434_OVARY,0.9776856303215027,0.9692552956667814,4,X_scGPT,mil,0.5,42
platin,DETROIT562_UPPER_AERODIGESTIVE_TRACT,0.9451091885566711,0.947824402455172,2,X_scGPT,mil,0.5,42
platin,DKMG_CENTRAL_NERVOUS_SYSTEM,1.014595866203308,0.9597532161927311,5,X_scGPT,mil,0.5,42
platin,EBC1_LUNG,1.0444345474243164,0.967701703950923,3,X_scGPT,mil,0.5,42
platin,EFE184_ENDOMETRIUM,0.9974330067634583,0.9691185147263283,4,X_scGPT,mil,0.5,42
platin,EFM192A_BREAST,0.9838091135025024,0.9518288667495545,5,X_scGPT,mil,0.5,42
platin,EKVX_LUNG,1.0204102993011475,0.9896316087409242,2,X_scGPT,mil,0.5,42
platin,FTC133_THYROID,1.0277923345565796,1.0125483708722252,3,X_scGPT,mil,0.5,42
platin,GOS3_CENTRAL_NERVOUS_SYSTEM,1.0298997163772583,0.9701662388147484,2,X_scGPT,mil,0.5,42
platin,HCC1428_BREAST,1.021384596824646,1.0444355287889795,5,X_scGPT,mil,0.5,42
platin,HCC366_LUNG,1.0475735664367676,0.9255974567172551,5,X_scGPT,mil,0.5,42
platin,HCC38_BREAST,0.9923052191734314,1.013627405166626,5,X_scGPT,mil,0.5,42
platin,HCC56_LARGE_INTESTINE,0.9945890307426453,1.0036885949096295,3,X_scGPT,mil,0.5,42
platin,HDQP1_BREAST,1.0186738967895508,1.0125443851575255,3,X_scGPT,mil,0.5,42
platin,HEC151_ENDOMETRIUM,0.9933803677558899,0.9710244100093841,4,X_scGPT,mil,0.5,42
platin,HEC251_ENDOMETRIUM,0.9321639537811279,1.015441565313072,3,X_scGPT,mil,0.5,42
platin,HEC6_ENDOMETRIUM,1.0545552968978882,0.9692358133955772,1,X_scGPT,mil,0.5,42
platin,HEP3B217_LIVER,1.008824110031128,0.9693828386775518,2,X_scGPT,mil,0.5,42
platin,HMC18_BREAST,0.9648770093917847,1.0079677794573656,2,X_scGPT,mil,0.5,42
platin,HOS_BONE,1.0313657522201538,0.9304904161230071,4,X_scGPT,mil,0.5,42
platin,HS852T_SKIN,1.0592886209487915,1.027810024258531,3,X_scGPT,mil,0.5,42
platin,HT1080_SOFT_TISSUE,1.0155428647994995,0.9907374208749726,5,X_scGPT,mil,0.5,42
platin,HT1197_URINARY_TRACT,1.0305306911468506,0.9450883148489772,4,X_scGPT,mil,0.5,42
platin,HT55_LARGE_INTESTINE,0.9795694351196289,0.948454654329761,1,X_scGPT,mil,0.5,42
platin,HUH28_BILIARY_TRACT,0.964556872844696,0.9747028333677662,2,X_scGPT,mil,0.5,42
platin,HUH6_LIVER,1.0990561246871948,0.9493463027054037,4,X_scGPT,mil,0.5,42
platin,HUPT3_PANCREAS,0.9551188945770264,0.9528484291890088,5,X_scGPT,mil,0.5,42
platin,HUPT4_PANCREAS,1.0379315614700317,0.9041595267398017,5,X_scGPT,mil,0.5,42
platin,IGR1_SKIN,1.0542523860931396,1.0918584534217572,5,X_scGPT,mil,0.5,42
platin,IGR37_SKIN,1.0100011825561523,1.1104638634909814,2,X_scGPT,mil,0.5,42
platin,IM95_STOMACH,1.0478476285934448,0.9656686811833768,4,X_scGPT,mil,0.5,42
platin,JHH6_LIVER,1.018145203590393,1.0015697126249665,3,X_scGPT,mil,0.5,42
platin,JHOC5_OVARY,0.9941608309745789,0.9920742820049154,5,X_scGPT,mil,0.5,42
platin,KALS1_CENTRAL_NERVOUS_SYSTEM,0.9237702488899231,0.9631407014611695,2,X_scGPT,mil,0.5,42
platin,KMRC3_KIDNEY,0.9771931767463684,0.959535327492928,1,X_scGPT,mil,0.5,42
platin,KNS42_CENTRAL_NERVOUS_SYSTEM,1.0155421495437622,1.0485385250906611,4,X_scGPT,mil,0.5,42
platin,KPL1_BREAST,1.0343024730682373,1.0289256734692531,3,X_scGPT,mil,0.5,42
platin,KPNSI9S_AUTONOMIC_GANGLIA,0.9301525950431824,1.0029500787572343,5,X_scGPT,mil,0.5,42
platin,KYSE520_OESOPHAGUS,1.007004976272583,0.9447013482958909,2,X_scGPT,mil,0.5,42
platin,LI7_LIVER,0.9886579513549805,1.0120636328142516,4,X_scGPT,mil,0.5,42
platin,LMSU_STOMACH,0.9705260992050171,0.9528144880837085,2,X_scGPT,mil,0.5,42
platin,LNCAPCLONEFGC_PROSTATE,1.0294779539108276,1.049457270969716,2,X_scGPT,mil,0.5,42
platin,LS1034_LARGE_INTESTINE,1.0018341541290283,0.993865529968314,4,X_scGPT,mil,0.5,42
platin,LS180_LARGE_INTESTINE,0.975742518901825,0.9901994374320118,3,X_scGPT,mil,0.5,42
platin,MCF7_BREAST,0.9951045513153076,1.0449836520881919,1,X_scGPT,mil,0.5,42
platin,MDAMB361_BREAST,0.9679059386253357,1.1340499197995222,1,X_scGPT,mil,0.5,42
platin,MFE319_ENDOMETRIUM,1.0220245122909546,1.0057838062965434,2,X_scGPT,mil,0.5,42
platin,MKN45_STOMACH,0.8389068841934204,0.9632382564625498,1,X_scGPT,mil,0.5,42
platin,MKN7_STOMACH,1.0312459468841553,0.9146722060765407,5,X_scGPT,mil,0.5,42
platin,NCIH1299_LUNG,1.0491753816604614,0.9974548199426815,2,X_scGPT,mil,0.5,42
platin,NCIH1373_LUNG,0.9896383881568909,0.9577879676731621,3,X_scGPT,mil,0.5,42
platin,NCIH1435_LUNG,0.9333376288414001,0.9834755183605666,3,X_scGPT,mil,0.5,42
platin,NCIH1792_LUNG,1.0021350383758545,0.9431960690128911,4,X_scGPT,mil,0.5,42
platin,NCIH1944_LUNG,0.9932892322540283,0.9754221983577894,2,X_scGPT,mil,0.5,42
platin,NCIH2087_LUNG,0.9394748210906982,0.8961398617862022,5,X_scGPT,mil,0.5,42
platin,NCIH2110_LUNG,0.9992964863777161,1.0128587713792696,1,X_scGPT,mil,0.5,42
platin,NCIH2126_LUNG,1.0432602167129517,0.9797080795873295,4,X_scGPT,mil,0.5,42
platin,NCIH2170_LUNG,1.0115456581115723,0.9590367099768679,4,X_scGPT,mil,0.5,42
platin,NCIH2228_LUNG,0.8260154724121094,0.983559766160045,3,X_scGPT,mil,0.5,42
platin,NCIH226_LUNG,0.830636203289032,0.9948120441842586,1,X_scGPT,mil,0.5,42
platin,NCIH2444_LUNG,0.7672997713088989,0.9946065841847834,3,X_scGPT,mil,0.5,42
platin,NCIH2452_PLEURA,0.9070914387702942,1.0040934883528925,3,X_scGPT,mil,0.5,42
platin,NCIH292_LUNG,0.9939825534820557,0.9602713386217753,3,X_scGPT,mil,0.5,42
platin,NCIH358_LUNG,0.8888556361198425,0.9853361603759584,1,X_scGPT,mil,0.5,42
platin,NCIH446_LUNG,1.0111768245697021,0.9946061570425423,3,X_scGPT,mil,0.5,42
platin,NCIH460_LUNG,0.9180375933647156,1.0004576714520244,3,X_scGPT,mil,0.5,42
platin,NCIH522_LUNG,0.9845574498176575,0.9941150700816741,2,X_scGPT,mil,0.5,42
platin,NCIH650_LUNG,1.0296367406845093,0.9726536043015793,5,X_scGPT,mil,0.5,42
platin,OAW28_OVARY,1.0268629789352417,0.8833144395988181,5,X_scGPT,mil,0.5,42
platin,ONCODG1_OVARY,0.8869185447692871,0.9656356652577718,2,X_scGPT,mil,0.5,42
platin,OSRC2_KIDNEY,0.9602621793746948,1.0305555112778195,3,X_scGPT,mil,0.5,42
platin,OUMS23_LARGE_INTESTINE,1.002150058746338,0.9058531400199249,5,X_scGPT,mil,0.5,42
platin,OVCAR4_OVARY,0.9627922177314758,0.9640530828031129,1,X_scGPT,mil,0.5,42
platin,OVK18_OVARY,0.9590884447097778,1.062085744705093,5,X_scGPT,mil,0.5,42
platin,OVSAHO_OVARY,0.9743474125862122,1.008703513292489,2,X_scGPT,mil,0.5,42
platin,OVTOKO_OVARY,1.0049556493759155,0.977642777433806,2,X_scGPT,mil,0.5,42
platin,PANC0203_PANCREAS,1.0155633687973022,0.9601324420908223,3,X_scGPT,mil,0.5,42
platin,PATU8988S_PANCREAS,1.0182701349258423,0.9711006259331938,2,X_scGPT,mil,0.5,42
platin,PC3_PROSTATE,1.0260894298553467,0.9796807910563677,1,X_scGPT,mil,0.5,42
platin,PECAPJ49_UPPER_AERODIGESTIVE_TRACT,1.0142818689346313,0.9885524263476381,1,X_scGPT,mil,0.5,42
platin,PK45H_PANCREAS,0.9461889266967773,0.9240273791485607,4,X_scGPT,mil,0.5,42
platin,PK59_PANCREAS,0.9478214383125305,0.9174772339990769,5,X_scGPT,mil,0.5,42
platin,RCC10RGB_KIDNEY,1.0726078748703003,0.9518469528578893,5,X_scGPT,mil,0.5,42
platin,RCM1_LARGE_INTESTINE,1.0170825719833374,1.0065075075253844,3,X_scGPT,mil,0.5,42
platin,RD_SOFT_TISSUE,1.0147627592086792,0.9568450343563182,1,X_scGPT,mil,0.5,42
platin,RERFLCAD1_LUNG,1.0816140174865723,0.943015908998717,5,X_scGPT,mil,0.5,42
platin,RERFLCAI_LUNG,0.959927499294281,0.9052543282352612,5,X_scGPT,mil,0.5,42
platin,RT4_URINARY_TRACT,0.9692416787147522,0.8886437736592203,5,X_scGPT,mil,0.5,42
platin,RVH421_SKIN,1.0230464935302734,0.9424522409379232,4,X_scGPT,mil,0.5,42
platin,SCC25_UPPER_AERODIGESTIVE_TRACT,1.0477553606033325,0.9225324794550516,2,X_scGPT,mil,0.5,42
platin,SCC9_UPPER_AERODIGESTIVE_TRACT,1.0085161924362183,0.9522404586641412,2,X_scGPT,mil,0.5,42
platin,SH10TC_STOMACH,1.0161352157592773,0.9358240197866391,5,X_scGPT,mil,0.5,42
platin,SKES1_BONE,1.0584386587142944,0.9934561488392589,2,X_scGPT,mil,0.5,42
platin,SKMEL2_SKIN,0.9334335327148438,1.0160387374352717,1,X_scGPT,mil,0.5,42
platin,SKMEL30_SKIN,1.0383397340774536,1.0144693376997713,1,X_scGPT,mil,0.5,42
platin,SKMEL5_SKIN,1.0373903512954712,1.0471253346915197,4,X_scGPT,mil,0.5,42
platin,SKNAS_AUTONOMIC_GANGLIA,1.0376838445663452,1.0115937332136442,2,X_scGPT,mil,0.5,42
platin,SNU1079_BILIARY_TRACT,1.18472421169281,0.9930424600431363,1,X_scGPT,mil,0.5,42
platin,SNU1214_UPPER_AERODIGESTIVE_TRACT,0.996803879737854,0.9529843422326636,1,X_scGPT,mil,0.5,42
platin,SNU423_LIVER,1.0032963752746582,0.90183942413555,4,X_scGPT,mil,0.5,42
platin,SNU449_LIVER,1.0042815208435059,0.9787373568149323,3,X_scGPT,mil,0.5,42
platin,SNU46_UPPER_AERODIGESTIVE_TRACT,1.053178071975708,0.9229826439740294,4,X_scGPT,mil,0.5,42
platin,SNU738_CENTRAL_NERVOUS_SYSTEM,1.0346550941467285,0.9763583665158314,1,X_scGPT,mil,0.5,42
platin,SNU899_UPPER_AERODIGESTIVE_TRACT,0.959574818611145,0.9594003156007055,2,X_scGPT,mil,0.5,42
platin,SNUC4_LARGE_INTESTINE,0.9983201026916504,0.9500905007315397,5,X_scGPT,mil,0.5,42
platin,SQ1_LUNG,1.1197351217269897,1.006464740308393,3,X_scGPT,mil,0.5,42
platin,SU8686_PANCREAS,0.7819308638572693,0.9612388211052593,1,X_scGPT,mil,0.5,42
platin,SW1088_CENTRAL_NERVOUS_SYSTEM,1.0418158769607544,0.9650573069229722,4,X_scGPT,mil,0.5,42
platin,SW1271_LUNG,0.8586243391036987,0.9939191870067431,1,X_scGPT,mil,0.5,42
platin,SW1990_PANCREAS,0.9959171414375305,0.9015104595923656,5,X_scGPT,mil,0.5,42
platin,SW579_THYROID,1.0330111980438232,1.0092615861497167,3,X_scGPT,mil,0.5,42
platin,T47D_BREAST,0.9664716720581055,1.059716657006363,1,X_scGPT,mil,0.5,42
platin,TCCSUP_URINARY_TRACT,0.9622014760971069,1.0025571373444568,3,X_scGPT,mil,0.5,42
platin,TE10_OESOPHAGUS,1.0060145854949951,0.9623968367162905,4,X_scGPT,mil,0.5,42
platin,TE14_OESOPHAGUS,0.8898840546607971,0.9430213641013777,1,X_scGPT,mil,0.5,42
platin,TE1_OESOPHAGUS,1.0246561765670776,0.961185228477404,4,X_scGPT,mil,0.5,42
platin,TE6_OESOPHAGUS,0.8174415230751038,0.9331373934737135,2,X_scGPT,mil,0.5,42
platin,TE9_OESOPHAGUS,0.990706741809845,0.9454403123067271,2,X_scGPT,mil,0.5,42
platin,TM31_CENTRAL_NERVOUS_SYSTEM,1.0375616550445557,0.9758761838592332,2,X_scGPT,mil,0.5,42
platin,TOV112D_OVARY,1.0178531408309937,1.0052761099277399,2,X_scGPT,mil,0.5,42
platin,UACC257_SKIN,0.9795092344284058,1.0092477471758632,1,X_scGPT,mil,0.5,42
platin,UMUC1_URINARY_TRACT,0.9927111268043518,0.995914687057437,1,X_scGPT,mil,0.5,42
platin,VMCUB1_URINARY_TRACT,1.0341886281967163,0.9601964020330038,4,X_scGPT,mil,0.5,42
platin,VMRCRCZ_KIDNEY,1.0258471965789795,0.9887539319197337,2,X_scGPT,mil,0.5,42
platin,YD38_UPPER_AERODIGESTIVE_TRACT,0.998884379863739,0.9503177903974668,4,X_scGPT,mil,0.5,42
platin,ZR751_BREAST,0.9796913862228394,1.0318952349397357,1,X_scGPT,mil,0.5,42
etoposide,42MGBA_CENTRAL_NERVOUS_SYSTEM,0.8331009149551392,0.7796448808609289,4,X_scGPT,mil,0.5,42
etoposide,8305C_THYROID,0.9449881911277771,0.9135679968821457,4,X_scGPT,mil,0.5,42
etoposide,A204_SOFT_TISSUE,0.6566945314407349,0.7802598624229431,4,X_scGPT,mil,0.5,42
etoposide,A2058_SKIN,0.7570939660072327,0.8536498907472001,5,X_scGPT,mil,0.5,42
etoposide,A375_SKIN,0.8881973028182983,0.828852817642347,3,X_scGPT,mil,0.5,42
etoposide,ACCMESO1_PLEURA,1.0023478269577026,0.8867905276057161,2,X_scGPT,mil,0.5,42
etoposide,ASPC1_PANCREAS,0.879176914691925,0.9567798544620646,4,X_scGPT,mil,0.5,42
etoposide,BCPAP_THYROID,0.9081188440322876,0.8615419433305138,4,X_scGPT,mil,0.5,42
etoposide,BFTC909_KIDNEY,0.9591362476348877,0.8144773216549513,5,X_scGPT,mil,0.5,42
etoposide,BHY_UPPER_AERODIGESTIVE_TRACT,0.8850126266479492,0.8993465107062767,3,X_scGPT,mil,0.5,42
etoposide,BICR16_UPPER_AERODIGESTIVE_TRACT,0.9224086403846741,0.8970810194622796,5,X_scGPT,mil,0.5,42
etoposide,BICR31_UPPER_AERODIGESTIVE_TRACT,0.7809478044509888,0.9058254368362888,3,X_scGPT,mil,0.5,42
etoposide,BICR56_UPPER_AERODIGESTIVE_TRACT,0.8778219223022461,0.8936202136086829,3,X_scGPT,mil,0.5,42
etoposide,BICR6_UPPER_AERODIGESTIVE_TRACT,0.8759380578994751,0.8861069631326449,5,X_scGPT,mil,0.5,42
etoposide,BT474_BREAST,1.0099736452102661,0.9092090849876404,4,X_scGPT,mil,0.5,42
etoposide,BT549_BREAST,0.8398808240890503,0.8657820103760052,1,X_scGPT,mil,0.5,42
etoposide,CAKI2_KIDNEY,0.9896016120910645,0.9788905002659173,4,X_scGPT,mil,0.5,42
etoposide,CALU6_LUNG,0.9807374477386475,0.8609222693498745,3,X_scGPT,mil,0.5,42
etoposide,CAMA1_BREAST,0.9752383828163147,0.8806569721690568,3,X_scGPT,mil,0.5,42
etoposide,CAS1_CENTRAL_NERVOUS_SYSTEM,0.9169378280639648,0.8805779563753229,1,X_scGPT,mil,0.5,42
etoposide,CCFSTTG1_CENTRAL_NERVOUS_SYSTEM,0.9626949429512024,0.8185708430724415,5,X_scGPT,mil,0.5,42
etoposide,COLO792_SKIN,0.9148250818252563,0.9407120650544818,2,X_scGPT,mil,0.5,42
etoposide,COV434_OVARY,0.6470798254013062,0.6927960589528084,4,X_scGPT,mil,0.5,42
etoposide,DETROIT562_UPPER_AERODIGESTIVE_TRACT,0.9601549506187439,0.9411146991823348,2,X_scGPT,mil,0.5,42
etoposide,DKMG_CENTRAL_NERVOUS_SYSTEM,0.8593933582305908,0.8007958205863559,5,X_scGPT,mil,0.5,42
etoposide,EBC1_LUNG,0.835035502910614,0.9212820453028525,3,X_scGPT,mil,0.5,42
etoposide,EFE184_ENDOMETRIUM,1.0169838666915894,0.9158707621485688,4,X_scGPT,mil,0.5,42
etoposide,EKVX_LUNG,0.9118933081626892,0.9095654336556996,2,X_scGPT,mil,0.5,42
etoposide,FTC133_THYROID,0.7460918426513672,0.8754822411707469,3,X_scGPT,mil,0.5,42
etoposide,GOS3_CENTRAL_NERVOUS_SYSTEM,0.8375164270401001,0.8834508573197569,2,X_scGPT,mil,0.5,42
etoposide,HCC1428_BREAST,0.9771108031272888,0.8985483679245776,5,X_scGPT,mil,0.5,42
etoposide,HCC366_LUNG,0.910918116569519,0.92383012057531,5,X_scGPT,mil,0.5,42
etoposide,HCC38_BREAST,0.8091710805892944,0.891539146900177,5,X_scGPT,mil,0.5,42
etoposide,HCC56_LARGE_INTESTINE,0.9495776295661926,0.9409989865139278,3,X_scGPT,mil,0.5,42
etoposide,HDQP1_BREAST,0.8516975045204163,0.9130095150321722,3,X_scGPT,mil,0.5,42
etoposide,HEC151_ENDOMETRIUM,1.0013673305511475,0.9112224683761597,4,X_scGPT,mil,0.5,42
etoposide,HEC251_ENDOMETRIUM,0.8941265940666199,0.9118325520898695,3,X_scGPT,mil,0.5,42
etoposide,HEC6_ENDOMETRIUM,0.8517888188362122,0.9430796222657151,1,X_scGPT,mil,0.5,42
etoposide,HEP3B217_LIVER,1.057532548904419,0.9227507755918017,2,X_scGPT,mil,0.5,42
etoposide,HMC18_BREAST,0.8415269255638123,0.8985519982848965,2,X_scGPT,mil,0.5,42
etoposide,HOS_BONE,0.7974532842636108,0.8479094835328538,4,X_scGPT,mil,0.5,42
etoposide,HS852T_SKIN,0.7475330829620361,0.8721816800994637,3,X_scGPT,mil,0.5,42
etoposide,HT1080_SOFT_TISSUE,0.6449280381202698,0.8587027108946512,5,X_scGPT,mil,0.5,42
etoposide,HT55_LARGE_INTESTINE,0.9650404453277588,1.020009456935087,1,X_scGPT,mil,0.5,42
etoposide,HUH28_BILIARY_TRACT,1.018973469734192,0.8763952482518532,2,X_scGPT,mil,0.5,42
etoposide,HUH6_LIVER,0.833292543888092,0.9493947653375434,4,X_scGPT,mil,0.5,42
etoposide,HUPT3_PANCREAS,0.9852476119995117,0.9059040980303988,5,X_scGPT,mil,0.5,42
etoposide,HUPT4_PANCREAS,0.8033379912376404,0.9188514756304877,5,X_scGPT,mil,0.5,42
etoposide,IALM_LUNG,0.930241048336029,0.851842709209608,4,X_scGPT,mil,0.5,42
etoposide,IGR1_SKIN,1.0408581495285034,0.8946286408654575,5,X_scGPT,mil,0.5,42
etoposide,IGR37_SKIN,0.8412778973579407,0.9578555176512309,2,X_scGPT,mil,0.5,42
etoposide,IM95_STOMACH,0.9270851612091064,0.9268866716204462,4,X_scGPT,mil,0.5,42
etoposide,JHH6_LIVER,1.0548464059829712,0.8786032952151253,3,X_scGPT,mil,0.5,42
etoposide,JHOC5_OVARY,0.8626714944839478,0.9012674335775704,5,X_scGPT,mil,0.5,42
etoposide,KALS1_CENTRAL_NERVOUS_SYSTEM,0.8603273630142212,0.8860892249892155,2,X_scGPT,mil,0.5,42
etoposide,KMRC3_KIDNEY,0.8813601136207581,0.9335840225219727,1,X_scGPT,mil,0.5,42
etoposide,KNS42_CENTRAL_NERVOUS_SYSTEM,0.9034853577613831,0.859060277079427,4,X_scGPT,mil,0.5,42
etoposide,KPL1_BREAST,1.0205578804016113,0.8784735779399457,3,X_scGPT,mil,0.5,42
etoposide,KYSE520_OESOPHAGUS,0.9646059274673462,0.9328286728991813,2,X_scGPT,mil,0.5,42
etoposide,LI7_LIVER,0.7534247040748596,0.8663962906112477,4,X_scGPT,mil,0.5,42
etoposide,LMSU_STOMACH,0.8622081279754639,0.885184715308395,2,X_scGPT,mil,0.5,42
etoposide,LNCAPCLONEFGC_PROSTATE,0.7813186645507812,0.8982079805329789,2,X_scGPT,mil,0.5,42
etoposide,LS1034_LARGE_INTESTINE,0.9297102689743042,0.9433799161486429,4,X_scGPT,mil,0.5,42
etoposide,LS180_LARGE_INTESTINE,0.8861265778541565,0.9100560509597165,3,X_scGPT,mil,0.5,42
etoposide,MCF7_BREAST,0.8706713318824768,0.9617755342196751,1,X_scGPT,mil,0.5,42
etoposide,MDAMB361_BREAST,0.8954521417617798,0.9844337030693336,1,X_scGPT,mil,0.5,42
etoposide,MFE319_ENDOMETRIUM,0.9040636420249939,0.9192349433274793,2,X_scGPT,mil,0.5,42
etoposide,MKN45_STOMACH,1.0311390161514282,0.9671348237385184,1,X_scGPT,mil,0.5,42
etoposide,MKN7_STOMACH,0.8600762486457825,0.8934822634671086,5,X_scGPT,mil,0.5,42
etoposide,MSTO211H_PLEURA,0.7917598485946655,0.8652997827690458,1,X_scGPT,mil,0.5,42
etoposide,NCIH1299_LUNG,0.8532851934432983,0.8947709893689173,2,X_scGPT,mil,0.5,42
etoposide,NCIH1373_LUNG,0.9630944132804871,0.916670865401989,3,X_scGPT,mil,0.5,42
etoposide,NCIH1435_LUNG,0.9766814112663269,0.9212487009580662,3,X_scGPT,mil,0.5,42
etoposide,NCIH1792_LUNG,0.9656820297241211,0.8876129233085357,4,X_scGPT,mil,0.5,42
etoposide,NCIH1944_LUNG,0.6817682385444641,0.9180296997805149,2,X_scGPT,mil,0.5,42
etoposide,NCIH2087_LUNG,0.7589763402938843,0.8941863927667,5,X_scGPT,mil,0.5,42
etoposide,NCIH2110_LUNG,0.7439486384391785,0.9198754427720554,1,X_scGPT,mil,0.5,42
etoposide,NCIH2126_LUNG,0.8658925294876099,0.8558866934794368,4,X_scGPT,mil,0.5,42
etoposide,NCIH2170_LUNG,0.8605372905731201,0.8575476021833823,4,X_scGPT,mil,0.5,42
etoposide,NCIH2228_LUNG,0.803703784942627,0.9206254454659506,3,X_scGPT,mil,0.5,42
etoposide,NCIH226_LUNG,0.8373623490333557,0.8826928011914517,1,X_scGPT,mil,0.5,42
etoposide,NCIH2444_LUNG,0.9262818098068237,0.9445429331139673,3,X_scGPT,mil,0.5,42
etoposide,NCIH2452_PLEURA,0.7958627939224243,0.8846859401265041,3,X_scGPT,mil,0.5,42
etoposide,NCIH292_LUNG,0.8499202728271484,0.9006356177195697,3,X_scGPT,mil,0.5,42
etoposide,NCIH358_LUNG,0.9151281714439392,0.9124783841626984,1,X_scGPT,mil,0.5,42
etoposide,NCIH446_LUNG,0.8249961733818054,0.712517189736269,3,X_scGPT,mil,0.5,42
etoposide,NCIH460_LUNG,0.8671941161155701,0.8288670207864495,3,X_scGPT,mil,0.5,42
etoposide,NCIH522_LUNG,0.9969654083251953,0.8702691538402667,2,X_scGPT,mil,0.5,42
etoposide,NCIH650_LUNG,0.8764075636863708,0.8892270245235344,5,X_scGPT,mil,0.5,42
etoposide,NCIH747_LARGE_INTESTINE,0.8664198517799377,0.9236040495336055,5,X_scGPT,mil,0.5,42
etoposide,OAW28_OVARY,0.9306925535202026,0.9510854123542027,5,X_scGPT,mil,0.5,42
etoposide,ONCODG1_OVARY,1.0017673969268799,0.9239580748257814,2,X_scGPT,mil,0.5,42
etoposide,OSRC2_KIDNEY,0.9677801132202148,0.925782443039001,3,X_scGPT,mil,0.5,42
etoposide,OUMS23_LARGE_INTESTINE,1.0090399980545044,0.9077581356619006,5,X_scGPT,mil,0.5,42
etoposide,OVCAR4_OVARY,1.0145936012268066,0.9696290311880752,1,X_scGPT,mil,0.5,42
etoposide,OVK18_OVARY,0.7846348881721497,0.8520540139648352,5,X_scGPT,mil,0.5,42
etoposide,OVSAHO_OVARY,0.9214667081832886,0.9025218389632943,2,X_scGPT,mil,0.5,42
etoposide,OVTOKO_OVARY,0.9155097007751465,0.9227713178219408,2,X_scGPT,mil,0.5,42
etoposide,PANC0203_PANCREAS,0.9984559416770935,0.8966891306191094,3,X_scGPT,mil,0.5,42
etoposide,PATU8988S_PANCREAS,0.9352052807807922,0.9853169380641374,2,X_scGPT,mil,0.5,42
etoposide,PC3_PROSTATE,0.9446516036987305,0.9059354017472127,1,X_scGPT,mil,0.5,42
etoposide,PECAPJ49_UPPER_AERODIGESTIVE_TRACT,0.7879024744033813,0.9545306300762857,1,X_scGPT,mil,0.5,42
etoposide,PK45H_PANCREAS,0.9257375001907349,0.9370779995548769,4,X_scGPT,mil,0.5,42
etoposide,PK59_PANCREAS,0.8377517461776733,0.8917536858854622,5,X_scGPT,mil,0.5,42
etoposide,RCC10RGB_KIDNEY,0.9756403565406799,0.9016318878902386,5,X_scGPT,mil,0.5,42
etoposide,RCM1_LARGE_INTESTINE,0.9171271920204163,0.9264595257118344,3,X_scGPT,mil,0.5,42
etoposide,RD_SOFT_TISSUE,0.8854100108146667,0.8365172919642423,1,X_scGPT,mil,0.5,42
etoposide,RERFLCAD1_LUNG,1.0706090927124023,0.8662587938975895,5,X_scGPT,mil,0.5,42
etoposide,RERFLCAI_LUNG,0.8134436011314392,0.9091608899292752,5,X_scGPT,mil,0.5,42
etoposide,RT4_URINARY_TRACT,0.8668930530548096,0.9160623820322864,5,X_scGPT,mil,0.5,42
etoposide,RVH421_SKIN,0.897118330001831,0.9449040622890744,4,X_scGPT,mil,0.5,42
etoposide,SCC25_UPPER_AERODIGESTIVE_TRACT,0.8446158766746521,0.9152786604280195,2,X_scGPT,mil,0.5,42
etoposide,SCC9_UPPER_AERODIGESTIVE_TRACT,0.8701490759849548,0.8700780926252666,2,X_scGPT,mil,0.5,42
etoposide,SH10TC_STOMACH,0.9672427773475647,0.8751717177551357,5,X_scGPT,mil,0.5,42
etoposide,SKES1_BONE,0.5934908390045166,0.8647077830283196,2,X_scGPT,mil,0.5,42
etoposide,SKMEL30_SKIN,1.0023661851882935,0.9372352525465212,1,X_scGPT,mil,0.5,42
etoposide,SKMEL5_SKIN,0.9399893879890442,0.9651686376594133,4,X_scGPT,mil,0.5,42
etoposide,SKNAS_AUTONOMIC_GANGLIA,0.8629070520401001,0.861350425049267,2,X_scGPT,mil,0.5,42
etoposide,SNU1079_BILIARY_TRACT,0.7595831751823425,0.9237264068159339,1,X_scGPT,mil,0.5,42
etoposide,SNU1214_UPPER_AERODIGESTIVE_TRACT,1.0224812030792236,0.938955249621513,1,X_scGPT,mil,0.5,42
etoposide,SNU308_BILIARY_TRACT,0.979265570640564,0.9193302183709247,1,X_scGPT,mil,0.5,42
etoposide,SNU423_LIVER,0.8940250873565674,0.9452425134631822,4,X_scGPT,mil,0.5,42
etoposide,SNU449_LIVER,0.9801832437515259,0.8964285890684061,3,X_scGPT,mil,0.5,42
etoposide,SNU46_UPPER_AERODIGESTIVE_TRACT,0.9463304877281189,0.9090870083388636,4,X_scGPT,mil,0.5,42
etoposide,SNU738_CENTRAL_NERVOUS_SYSTEM,0.9562158584594727,0.9137663951335293,1,X_scGPT,mil,0.5,42
etoposide,SNU899_UPPER_AERODIGESTIVE_TRACT,0.915181040763855,0.9473249438297318,2,X_scGPT,mil,0.5,42
etoposide,SNUC4_LARGE_INTESTINE,1.036194920539856,0.9332366937998786,5,X_scGPT,mil,0.5,42
etoposide,SQ1_LUNG,0.9289757013320923,0.9364587341536995,3,X_scGPT,mil,0.5,42
etoposide,SU8686_PANCREAS,0.9100701212882996,0.9552249712188069,1,X_scGPT,mil,0.5,42
etoposide,SW1088_CENTRAL_NERVOUS_SYSTEM,0.8721161484718323,0.853148783557117,4,X_scGPT,mil,0.5,42
etoposide,SW1271_LUNG,0.783595085144043,0.9112479012945424,1,X_scGPT,mil,0.5,42
etoposide,SW1990_PANCREAS,0.9401975274085999,0.8976298611404842,5,X_scGPT,mil,0.5,42
etoposide,SW579_THYROID,0.75473552942276,0.8815288947474572,3,X_scGPT,mil,0.5,42
etoposide,T47D_BREAST,0.8190407156944275,0.9617163360927978,1,X_scGPT,mil,0.5,42
etoposide,TCCSUP_URINARY_TRACT,0.8695651292800903,0.8712095050494882,3,X_scGPT,mil,0.5,42
etoposide,TE10_OESOPHAGUS,1.0292607545852661,0.9046434607679985,4,X_scGPT,mil,0.5,42
etoposide,TE14_OESOPHAGUS,0.8199804425239563,0.9440140299153227,1,X_scGPT,mil,0.5,42
etoposide,TE1_OESOPHAGUS,0.9366662502288818,0.9036126266984106,4,X_scGPT,mil,0.5,42
etoposide,TE6_OESOPHAGUS,0.936692476272583,0.935656788453,2,X_scGPT,mil,0.5,42
etoposide,TE9_OESOPHAGUS,0.8555706739425659,0.9496752276055275,2,X_scGPT,mil,0.5,42
etoposide,TM31_CENTRAL_NERVOUS_SYSTEM,0.8893219828605652,0.8821407900802021,2,X_scGPT,mil,0.5,42
etoposide,TOV112D_OVARY,0.6803762316703796,0.8576806478011303,2,X_scGPT,mil,0.5,42
etoposide,UACC257_SKIN,0.890669047832489,0.9653582223788465,1,X_scGPT,mil,0.5,42
etoposide,UMUC1_URINARY_TRACT,0.7779892683029175,0.9301903160090373,1,X_scGPT,mil,0.5,42
etoposide,VMCUB1_URINARY_TRACT,0.7960208058357239,0.8293402110183589,4,X_scGPT,mil,0.5,42
etoposide,VMRCRCZ_KIDNEY,0.9554398059844971,0.9076404718557993,2,X_scGPT,mil,0.5,42
etoposide,YD38_UPPER_AERODIGESTIVE_TRACT,0.9334123730659485,0.8499406858896598,4,X_scGPT,mil,0.5,42
etoposide,ZR751_BREAST,0.8927608728408813,0.8856649719009894,1,X_scGPT,mil,0.5,42
paclitaxel,42MGBA_CENTRAL_NERVOUS_SYSTEM,0.5773449540138245,0.5184024952668481,4,X_scGPT,mil,0.5,42
paclitaxel,8305C_THYROID,0.4181595742702484,0.7390396482025097,4,X_scGPT,mil,0.5,42
paclitaxel,A204_SOFT_TISSUE,0.3976210951805115,0.47398954355716705,4,X_scGPT,mil,0.5,42
paclitaxel,A2058_SKIN,0.25213122367858887,0.5383190348440287,5,X_scGPT,mil,0.5,42
paclitaxel,A375_SKIN,0.6486640572547913,0.5504129507891444,3,X_scGPT,mil,0.5,42
paclitaxel,ACCMESO1_PLEURA,0.894306480884552,0.40853017660570734,2,X_scGPT,mil,0.5,42
paclitaxel,ASPC1_PANCREAS,0.6668426394462585,0.7991340032939254,4,X_scGPT,mil,0.5,42
paclitaxel,BCPAP_THYROID,0.23143450915813446,0.6040580166797889,4,X_scGPT,mil,0.5,42
paclitaxel,BFTC909_KIDNEY,0.5808153748512268,0.481744186702064,5,X_scGPT,mil,0.5,42
paclitaxel,BHY_UPPER_AERODIGESTIVE_TRACT,0.4818921685218811,0.4841351572809548,3,X_scGPT,mil,0.5,42
paclitaxel,BICR16_UPPER_AERODIGESTIVE_TRACT,0.5549177527427673,0.4499273877942337,5,X_scGPT,mil,0.5,42
paclitaxel,BICR31_UPPER_AERODIGESTIVE_TRACT,0.5351428985595703,0.49356081252617223,3,X_scGPT,mil,0.5,42
paclitaxel,BICR56_UPPER_AERODIGESTIVE_TRACT,0.3730112612247467,0.41046721515832124,3,X_scGPT,mil,0.5,42
paclitaxel,BICR6_UPPER_AERODIGESTIVE_TRACT,0.23882922530174255,0.4771002310139316,5,X_scGPT,mil,0.5,42
paclitaxel,BT474_BREAST,0.5603085160255432,0.784826447725296,4,X_scGPT,mil,0.5,42
paclitaxel,BT549_BREAST,0.47538626194000244,0.5574284486080471,1,X_scGPT,mil,0.5,42
paclitaxel,CAKI2_KIDNEY,0.681865394115448,0.8737805309913141,4,X_scGPT,mil,0.5,42
paclitaxel,CALU6_LUNG,0.5149357914924622,0.5191993069972178,3,X_scGPT,mil,0.5,42
paclitaxel,CAMA1_BREAST,0.7230926156044006,0.6211233155424243,3,X_scGPT,mil,0.5,42
paclitaxel,CAS1_CENTRAL_NERVOUS_SYSTEM,0.6666330099105835,0.6159170913068872,1,X_scGPT,mil,0.5,42
paclitaxel,CCFSTTG1_CENTRAL_NERVOUS_SYSTEM,0.5479162335395813,0.4166508052891832,5,X_scGPT,mil,0.5,42
paclitaxel,COLO741_SKIN,0.7170583605766296,0.7089725929371854,3,X_scGPT,mil,0.5,42
paclitaxel,COLO792_SKIN,0.7044686079025269,0.5405446714360775,2,X_scGPT,mil,0.5,42
paclitaxel,COV434_OVARY,0.5393669605255127,0.21986295994032512,4,X_scGPT,mil,0.5,42
paclitaxel,DETROIT562_UPPER_AERODIGESTIVE_TRACT,0.45106321573257446,0.4329691346437653,2,X_scGPT,mil,0.5,42
paclitaxel,DKMG_CENTRAL_NERVOUS_SYSTEM,0.38211169838905334,0.46036810276693085,5,X_scGPT,mil,0.5,42
paclitaxel,EBC1_LUNG,0.47598934173583984,0.5432018719373211,3,X_scGPT,mil,0.5,42
paclitaxel,EFE184_ENDOMETRIUM,0.860552966594696,0.831489083378814,4,X_scGPT,mil,0.5,42
paclitaxel,EFM192A_BREAST,0.34463438391685486,0.5594977435764966,5,X_scGPT,mil,0.5,42
paclitaxel,EKVX_LUNG,0.553428053855896,0.4476560944155471,2,X_scGPT,mil,0.5,42
paclitaxel,FTC133_THYROID,0.47673356533050537,0.6193207519395011,3,X_scGPT,mil,0.5,42
paclitaxel,GOS3_CENTRAL_NERVOUS_SYSTEM,0.6263938546180725,0.37581287488263315,2,X_scGPT,mil,0.5,42
paclitaxel,HCC1428_BREAST,0.7681160569190979,0.620316833961667,5,X_scGPT,mil,0.5,42
paclitaxel,HCC366_LUNG,0.33645835518836975,0.6162537821743748,5,X_scGPT,mil,0.5,42
paclitaxel,HCC56_LARGE_INTESTINE,0.6874182820320129,0.5728190514174375,3,X_scGPT,mil,0.5,42
paclitaxel,HDQP1_BREAST,0.5503139495849609,0.6571837728843093,3,X_scGPT,mil,0.5,42
paclitaxel,HEC151_ENDOMETRIUM,0.26064878702163696,0.735938987493515,4,X_scGPT,mil,0.5,42
paclitaxel,HEC251_ENDOMETRIUM,0.6074375510215759,0.6258294262061609,3,X_scGPT,mil,0.5,42
paclitaxel,HEC6_ENDOMETRIUM,0.6524566411972046,0.5638361108599242,1,X_scGPT,mil,0.5,42
paclitaxel,HEP3B217_LIVER,0.8749276995658875,0.4419654095071857,2,X_scGPT,mil,0.5,42
paclitaxel,HMC18_BREAST,0.5282045602798462,0.4475656103965772,2,X_scGPT,mil,0.5,42
paclitaxel,HOS_BONE,0.4383065402507782,0.45717044593485473,4,X_scGPT,mil,0.5,42
paclitaxel,HS852T_SKIN,0.561641275882721,0.6132913441569717,3,X_scGPT,mil,0.5,42
paclitaxel,HT1080_SOFT_TISSUE,0.2787070870399475,0.5587273199659909,5,X_scGPT,mil,0.5,42
paclitaxel,HT1197_URINARY_TRACT,0.8348632454872131,0.7762701301961332,4,X_scGPT,mil,0.5,42
paclitaxel,HT55_LARGE_INTESTINE,0.7321103811264038,0.556876877472864,1,X_scGPT,mil,0.5,42
paclitaxel,HUH28_BILIARY_TRACT,0.8871231079101562,0.3772028317983202,2,X_scGPT,mil,0.5,42
paclitaxel,HUH6_LIVER,0.6696184277534485,0.8936297217240701,4,X_scGPT,mil,0.5,42
paclitaxel,HUPT3_PANCREAS,0.6675722002983093,0.5934795406373108,5,X_scGPT,mil,0.5,42
paclitaxel,HUPT4_PANCREAS,0.4872957468032837,0.6201127017182964,5,X_scGPT,mil,0.5,42
paclitaxel,IALM_LUNG,0.9551768898963928,0.6367537253391669,4,X_scGPT,mil,0.5,42
paclitaxel,IGR1_SKIN,0.46965447068214417,0.5709002038528179,5,X_scGPT,mil,0.5,42
paclitaxel,IGR37_SKIN,0.34695038199424744,0.6089639238562295,2,X_scGPT,mil,0.5,42
paclitaxel,IM95_STOMACH,0.1323966383934021,0.7262184524858321,4,X_scGPT,mil,0.5,42
paclitaxel,JHH6_LIVER,0.8664480447769165,0.55927386489308,3,X_scGPT,mil,0.5,42
paclitaxel,JHOC5_OVARY,0.7029275298118591,0.584810039503821,5,X_scGPT,mil,0.5,42
paclitaxel,KALS1_CENTRAL_NERVOUS_SYSTEM,0.5483145117759705,0.3676743096568518,2,X_scGPT,mil,0.5,42
paclitaxel,KNS42_CENTRAL_NERVOUS_SYSTEM,0.5381373763084412,0.581882581114769,4,X_scGPT,mil,0.5,42
paclitaxel,KPL1_BREAST,0.8654016256332397,0.658542701623578,3,X_scGPT,mil,0.5,42
paclitaxel,KPNSI9S_AUTONOMIC_GANGLIA,0.4790201187133789,0.5291003393110378,5,X_scGPT,mil,0.5,42
paclitaxel,KYSE520_OESOPHAGUS,0.7341740131378174,0.420659647822011,2,X_scGPT,mil,0.5,42
paclitaxel,LI7_LIVER,0.4598449468612671,0.6342272819304953,4,X_scGPT,mil,0.5,42
paclitaxel,LMSU_STOMACH,0.6969594359397888,0.35061736831478046,2,X_scGPT,mil,0.5,42
paclitaxel,LNCAPCLONEFGC_PROSTATE,0.26235461235046387,0.6936402773672297,2,X_scGPT,mil,0.5,42
paclitaxel,LS1034_LARGE_INTESTINE,0.6370921730995178,0.7863268321507597,4,X_scGPT,mil,0.5,42
paclitaxel,LS180_LARGE_INTESTINE,0.4816078245639801,0.4943337803732325,3,X_scGPT,mil,0.5,42
paclitaxel,MCF7_BREAST,0.7188596725463867,0.6044526396097837,1,X_scGPT,mil,0.5,42
paclitaxel,MDAMB361_BREAST,0.7592437863349915,0.6470897330178155,1,X_scGPT,mil,0.5,42
paclitaxel,MFE319_ENDOMETRIUM,0.33053478598594666,0.48745678607081866,2,X_scGPT,mil,0.5,42
paclitaxel,MKN45_STOMACH,1.0542246103286743,0.5438127989991236,1,X_scGPT,mil,0.5,42
paclitaxel,MKN7_STOMACH,0.7204365134239197,0.5808383916006532,5,X_scGPT,mil,0.5,42
paclitaxel,MSTO211H_PLEURA,0.5372766852378845,0.5315770865088761,1,X_scGPT,mil,0.5,42
paclitaxel,NCIH1299_LUNG,0.7549321055412292,0.4309249467282706,2,X_scGPT,mil,0.5,42
paclitaxel,NCIH1373_LUNG,0.8187294602394104,0.5346649630767543,3,X_scGPT,mil,0.5,42
paclitaxel,NCIH1435_LUNG,0.8090988397598267,0.5942420615685566,3,X_scGPT,mil,0.5,42
paclitaxel,NCIH1792_LUNG,0.5818405151367188,0.6553203493088215,4,X_scGPT,mil,0.5,42
paclitaxel,NCIH1944_LUNG,0.3740067780017853,0.4417642868227429,2,X_scGPT,mil,0.5,42
paclitaxel,NCIH2087_LUNG,0.5467512607574463,0.513290801412983,5,X_scGPT,mil,0.5,42
paclitaxel,NCIH2110_LUNG,0.272956520318985,0.5716307868610075,1,X_scGPT,mil,0.5,42
paclitaxel,NCIH2126_LUNG,0.5379691123962402,0.6362928050485525,4,X_scGPT,mil,0.5,42
paclitaxel,NCIH2170_LUNG,0.5391324758529663,0.5270755754809984,4,X_scGPT,mil,0.5,42
paclitaxel,NCIH2228_LUNG,0.4602290689945221,0.6410288799361247,3,X_scGPT,mil,0.5,42
paclitaxel,NCIH226_LUNG,0.8687956929206848,0.6545758602466989,1,X_scGPT,mil,0.5,42
paclitaxel,NCIH2444_LUNG,0.9581254720687866,0.728169710701528,3,X_scGPT,mil,0.5,42
paclitaxel,NCIH2452_PLEURA,0.5407692193984985,0.6602418395555596,3,X_scGPT,mil,0.5,42
paclitaxel,NCIH292_LUNG,0.5668730139732361,0.4885684700918869,3,X_scGPT,mil,0.5,42
paclitaxel,NCIH358_LUNG,0.25940781831741333,0.569060717931106,1,X_scGPT,mil,0.5,42
paclitaxel,NCIH446_LUNG,0.14456011354923248,0.3934779262968472,3,X_scGPT,mil,0.5,42
paclitaxel,NCIH460_LUNG,0.7660059332847595,0.5162540698777818,3,X_scGPT,mil,0.5,42
paclitaxel,NCIH522_LUNG,0.17662416398525238,0.39850124358557737,2,X_scGPT,mil,0.5,42
paclitaxel,NCIH650_LUNG,0.5765936970710754,0.6637802580405865,5,X_scGPT,mil,0.5,42
paclitaxel,NCIH747_LARGE_INTESTINE,0.5780559778213501,0.5626722477376461,5,X_scGPT,mil,0.5,42
paclitaxel,OAW28_OVARY,0.6478685736656189,0.6937648152342494,5,X_scGPT,mil,0.5,42
paclitaxel,ONCODG1_OVARY,0.3199176490306854,0.4276379856798384,2,X_scGPT,mil,0.5,42
paclitaxel,OSRC2_KIDNEY,0.7962691187858582,0.7799527484273153,3,X_scGPT,mil,0.5,42
paclitaxel,OUMS23_LARGE_INTESTINE,0.7829944491386414,0.6620069271493181,5,X_scGPT,mil,0.5,42
paclitaxel,OVCAR4_OVARY,0.8004850149154663,0.6778396860870792,1,X_scGPT,mil,0.5,42
paclitaxel,OVK18_OVARY,0.4765249192714691,0.42509855648105066,5,X_scGPT,mil,0.5,42
paclitaxel,OVSAHO_OVARY,0.8824303150177002,0.47036401737103906,2,X_scGPT,mil,0.5,42
paclitaxel,OVTOKO_OVARY,0.8369354605674744,0.4501490852479159,2,X_scGPT,mil,0.5,42
paclitaxel,PANC0203_PANCREAS,0.6423929333686829,0.49463687301153253,3,X_scGPT,mil,0.5,42
paclitaxel,PATU8988S_PANCREAS,0.446163147687912,0.5526821951641411,2,X_scGPT,mil,0.5,42
paclitaxel,PC3_PROSTATE,0.6623719334602356,0.6049273364995358,1,X_scGPT,mil,0.5,42
paclitaxel,PECAPJ49_UPPER_AERODIGESTIVE_TRACT,0.1385912001132965,0.5192595054902652,1,X_scGPT,mil,0.5,42
paclitaxel,PK45H_PANCREAS,0.654854953289032,0.7537456440749644,4,X_scGPT,mil,0.5,42
paclitaxel,PK59_PANCREAS,0.7222234010696411,0.6276409509538234,5,X_scGPT,mil,0.5,42
paclitaxel,RCC10RGB_KIDNEY,0.9201443791389465,0.7121068289095752,5,X_scGPT,mil,0.5,42
paclitaxel,RCM1_LARGE_INTESTINE,0.8737563490867615,0.6162786711938679,3,X_scGPT,mil,0.5,42
paclitaxel,RD_SOFT_TISSUE,0.4241355359554291,0.4154528638640583,1,X_scGPT,mil,0.5,42
paclitaxel,RERFLCAD1_LUNG,0.8790925741195679,0.6340200942730216,5,X_scGPT,mil,0.5,42
paclitaxel,RERFLCAI_LUNG,0.2502758204936981,0.5845733462670527,5,X_scGPT,mil,0.5,42
paclitaxel,RT4_URINARY_TRACT,0.6046387553215027,0.507926771382116,5,X_scGPT,mil,0.5,42
paclitaxel,RVH421_SKIN,0.7491921186447144,0.8792211710159749,4,X_scGPT,mil,0.5,42
paclitaxel,SCC25_UPPER_AERODIGESTIVE_TRACT,0.2888741195201874,0.379661609773381,2,X_scGPT,mil,0.5,42
paclitaxel,SCC9_UPPER_AERODIGESTIVE_TRACT,0.5322899222373962,0.3479957054790698,2,X_scGPT,mil,0.5,42
paclitaxel,SH10TC_STOMACH,0.361468106508255,0.6799826241626359,5,X_scGPT,mil,0.5,42
paclitaxel,SKES1_BONE,0.13089656829833984,0.3889910434628581,2,X_scGPT,mil,0.5,42
paclitaxel,SKMEL30_SKIN,0.8269326090812683,0.6391941357942208,1,X_scGPT,mil,0.5,42
paclitaxel,SKMEL5_SKIN,0.6843826770782471,0.7348180322936086,4,X_scGPT,mil,0.5,42
paclitaxel,SKNAS_AUTONOMIC_GANGLIA,0.4287222623825073,0.40058668353388793,2,X_scGPT,mil,0.5,42
paclitaxel,SNU1079_BILIARY_TRACT,0.7723974585533142,0.6615430369769058,1,X_scGPT,mil,0.5,42
paclitaxel,SNU1214_UPPER_AERODIGESTIVE_TRACT,0.6571193337440491,0.4276701127912136,1,X_scGPT,mil,0.5,42
paclitaxel,SNU308_BILIARY_TRACT,0.6758968234062195,0.5535414849824094,1,X_scGPT,mil,0.5,42
paclitaxel,SNU423_LIVER,0.33964672684669495,0.7287322358702714,4,X_scGPT,mil,0.5,42
paclitaxel,SNU449_LIVER,0.7268666625022888,0.5382137357765902,3,X_scGPT,mil,0.5,42
paclitaxel,SNU46_UPPER_AERODIGESTIVE_TRACT,0.7909281253814697,0.6458766351817018,4,X_scGPT,mil,0.5,42
paclitaxel,SNU738_CENTRAL_NERVOUS_SYSTEM,0.4399850070476532,0.6309007035081808,1,X_scGPT,mil,0.5,42
paclitaxel,SNU899_UPPER_AERODIGESTIVE_TRACT,0.681810736656189,0.46581054559673174,2,X_scGPT,mil,0.5,42
paclitaxel,SQ1_LUNG,0.7129773497581482,0.7160033756444434,3,X_scGPT,mil,0.5,42
paclitaxel,SU8686_PANCREAS,0.5364874601364136,0.6493782088523958,1,X_scGPT,mil,0.5,42
paclitaxel,SW1088_CENTRAL_NERVOUS_SYSTEM,0.5202143788337708,0.6496050581336021,4,X_scGPT,mil,0.5,42
paclitaxel,SW1271_LUNG,0.4873711168766022,0.6663410847601683,1,X_scGPT,mil,0.5,42
paclitaxel,SW1990_PANCREAS,0.5378300547599792,0.6226294198913761,5,X_scGPT,mil,0.5,42
paclitaxel,SW579_THYROID,0.2767201066017151,0.6695626357458704,3,X_scGPT,mil,0.5,42
paclitaxel,T47D_BREAST,0.803274393081665,0.634517208348572,1,X_scGPT,mil,0.5,42
paclitaxel,TCCSUP_URINARY_TRACT,0.6246080994606018,0.5958723747466184,3,X_scGPT,mil,0.5,42
paclitaxel,TE10_OESOPHAGUS,0.5292326211929321,0.5669014855334747,4,X_scGPT,mil,0.5,42
paclitaxel,TE14_OESOPHAGUS,0.2964872419834137,0.36089087173908574,1,X_scGPT,mil,0.5,42
paclitaxel,TE1_OESOPHAGUS,0.7852445244789124,0.6892144620707892,4,X_scGPT,mil,0.5,42
paclitaxel,TE6_OESOPHAGUS,0.25333571434020996,0.4090989956297589,2,X_scGPT,mil,0.5,42
paclitaxel,TM31_CENTRAL_NERVOUS_SYSTEM,0.6742895245552063,0.3856435225441538,2,X_scGPT,mil,0.5,42
paclitaxel,TOV112D_OVARY,0.3578580617904663,0.3970983643562366,2,X_scGPT,mil,0.5,42
paclitaxel,UACC257_SKIN,0.8656947016716003,0.46485208305354897,1,X_scGPT,mil,0.5,42
paclitaxel,UMUC1_URINARY_TRACT,0.45489633083343506,0.5880273205374703,1,X_scGPT,mil,0.5,42
paclitaxel,VMCUB1_URINARY_TRACT,0.2998367249965668,0.4397409283341723,4,X_scGPT,mil,0.5,42
paclitaxel,VMRCRCZ_KIDNEY,0.7868435978889465,0.4391092441479365,2,X_scGPT,mil,0.5,42
paclitaxel,ZR751_BREAST,1.0104048252105713,0.402433870969081,1,X_scGPT,mil,0.5,42
gemcitabine,42MGBA_CENTRAL_NERVOUS_SYSTEM,0.5005143880844116,0.698919635481816,4,X_scGPT,mil,0.5,42
gemcitabine,8305C_THYROID,0.6218052506446838,0.819779007912721,4,X_scGPT,mil,0.5,42
gemcitabine,A204_SOFT_TISSUE,0.39566460251808167,0.6176816027164459,4,X_scGPT,mil,0.5,42
gemcitabine,A2058_SKIN,0.8566543459892273,0.6504179300094137,5,X_scGPT,mil,0.5,42
gemcitabine,A375_SKIN,0.34170886874198914,0.7492351313867617,3,X_scGPT,mil,0.5,42
gemcitabine,ACCMESO1_PLEURA,0.9600024223327637,0.6907446756039137,2,X_scGPT,mil,0.5,42
gemcitabine,ASPC1_PANCREAS,0.8360801339149475,0.7933877875064982,4,X_scGPT,mil,0.5,42
gemcitabine,BCPAP_THYROID,0.6562466621398926,0.7320196163889608,4,X_scGPT,mil,0.5,42
gemcitabine,BFTC909_KIDNEY,0.6332346200942993,0.687311700277404,5,X_scGPT,mil,0.5,42
gemcitabine,BHY_UPPER_AERODIGESTIVE_TRACT,0.49976876378059387,0.7011378917200812,3,X_scGPT,mil,0.5,42
gemcitabine,BICR16_UPPER_AERODIGESTIVE_TRACT,0.898076593875885,0.6586707012270981,5,X_scGPT,mil,0.5,42
gemcitabine,BICR31_UPPER_AERODIGESTIVE_TRACT,0.8775738477706909,0.7200042122314053,3,X_scGPT,mil,0.5,42
gemcitabine,BICR56_UPPER_AERODIGESTIVE_TRACT,0.8867817521095276,0.6620746571340679,3,X_scGPT,mil,0.5,42
gemcitabine,BICR6_UPPER_AERODIGESTIVE_TRACT,0.9811211228370667,0.6607642466580117,5,X_scGPT,mil,0.5,42
gemcitabine,BT474_BREAST,1.1705902814865112,0.8535911898612976,4,X_scGPT,mil,0.5,42
gemcitabine,BT549_BREAST,0.8982008099555969,0.7698663970581571,1,X_scGPT,mil,0.5,42
gemcitabine,CAKI2_KIDNEY,0.8708728551864624,0.8430566946379572,4,X_scGPT,mil,0.5,42
gemcitabine,CALU6_LUNG,0.781755805015564,0.7281396973502728,3,X_scGPT,mil,0.5,42
gemcitabine,CAMA1_BREAST,0.8566052317619324,0.8350415442817399,3,X_scGPT,mil,0.5,42
gemcitabine,CAS1_CENTRAL_NERVOUS_SYSTEM,0.6782752275466919,0.8206680948124793,1,X_scGPT,mil,0.5,42
gemcitabine,CCFSTTG1_CENTRAL_NERVOUS_SYSTEM,0.9153845310211182,0.6789467116681541,5,X_scGPT,mil,0.5,42
gemcitabine,COLO741_SKIN,0.866061806678772,0.8650320094407148,3,X_scGPT,mil,0.5,42
gemcitabine,COLO792_SKIN,0.8210777640342712,0.7402365660755397,2,X_scGPT,mil,0.5,42
gemcitabine,COV434_OVARY,0.4338838756084442,0.37607410651716316,4,X_scGPT,mil,0.5,42
gemcitabine,DETROIT562_UPPER_AERODIGESTIVE_TRACT,0.6181465983390808,0.618278289865131,2,X_scGPT,mil,0.5,42
gemcitabine,DKMG_CENTRAL_NERVOUS_SYSTEM,0.6961764693260193,0.6949408912130828,5,X_scGPT,mil,0.5,42
gemcitabine,EBC1_LUNG,0.30304309725761414,0.7459200835356148,3,X_scGPT,mil,0.5,42
gemcitabine,EFE184_ENDOMETRIUM,0.671839714050293,0.8361266886079034,4,X_scGPT,mil,0.5,42
gemcitabine,EFM192A_BREAST,0.6512632369995117,0.7273857382324723,5,X_scGPT,mil,0.5,42
gemcitabine,EKVX_LUNG,0.9874262809753418,0.6853484339910011,2,X_scGPT,mil,0.5,42
gemcitabine,FTC133_THYROID,0.6643245220184326,0.7988135193075453,3,X_scGPT,mil,0.5,42
gemcitabine,GOS3_CENTRAL_NERVOUS_SYSTEM,0.6326534152030945,0.6650750917914026,2,X_scGPT,mil,0.5,42
gemcitabine,HCC1428_BREAST,1.0535941123962402,0.7369744111233809,5,X_scGPT,mil,0.5,42
gemcitabine,HCC366_LUNG,0.5387693643569946,0.7346944826664311,5,X_scGPT,mil,0.5,42
gemcitabine,HCC38_BREAST,0.44297653436660767,0.7368951553106308,5,X_scGPT,mil,0.5,42
gemcitabine,HCC56_LARGE_INTESTINE,0.769647479057312,0.7670510718316743,3,X_scGPT,mil,0.5,42
gemcitabine,HDQP1_BREAST,0.9436390399932861,0.8005836261436343,3,X_scGPT,mil,0.5,42
gemcitabine,HEC151_ENDOMETRIUM,0.5687434077262878,0.7936149649620056,4,X_scGPT,mil,0.5,42
gemcitabine,HEC251_ENDOMETRIUM,0.8283629417419434,0.784688785811451,3,X_scGPT,mil,0.5,42
gemcitabine,HEC6_ENDOMETRIUM,0.7369199991226196,0.7857131339748453,1,X_scGPT,mil,0.5,42
gemcitabine,HEP3B217_LIVER,0.8503090739250183,0.6594457085859977,2,X_scGPT,mil,0.5,42
gemcitabine,HMC18_BREAST,0.5817105174064636,0.7185686061813563,2,X_scGPT,mil,0.5,42
gemcitabine,HOS_BONE,0.7406152486801147,0.6121784790505547,4,X_scGPT,mil,0.5,42
gemcitabine,HS852T_SKIN,0.6088628172874451,0.8105276900309103,3,X_scGPT,mil,0.5,42
gemcitabine,HT1080_SOFT_TISSUE,0.6308806538581848,0.6868097521653471,5,X_scGPT,mil,0.5,42
gemcitabine,HT1197_URINARY_TRACT,0.8877960443496704,0.807363444888914,4,X_scGPT,mil,0.5,42
gemcitabine,HT55_LARGE_INTESTINE,0.7846170663833618,0.7822973185805913,1,X_scGPT,mil,0.5,42
gemcitabine,HUH28_BILIARY_TRACT,0.9175785779953003,0.6825345655997023,2,X_scGPT,mil,0.5,42
gemcitabine,HUH6_LIVER,0.734017014503479,0.8674284758476111,4,X_scGPT,mil,0.5,42
gemcitabine,HUPT3_PANCREAS,0.82715904712677,0.7263409043936169,5,X_scGPT,mil,0.5,42
gemcitabine,HUPT4_PANCREAS,0.6738348603248596,0.7216038193021502,5,X_scGPT,mil,0.5,42
gemcitabine,IALM_LUNG,1.0259499549865723,0.745510885434121,4,X_scGPT,mil,0.5,42
gemcitabine,IGR1_SKIN,0.7302095890045166,0.5876237842954438,5,X_scGPT,mil,0.5,42
gemcitabine,IGR37_SKIN,0.4442389905452728,0.8082069055491291,2,X_scGPT,mil,0.5,42
gemcitabine,IM95_STOMACH,0.6315738558769226,0.7434941488343316,4,X_scGPT,mil,0.5,42
gemcitabine,JHH6_LIVER,1.39784836769104,0.7591383341446664,3,X_scGPT,mil,0.5,42
gemcitabine,JHOC5_OVARY,0.4567776322364807,0.6966997368582364,5,X_scGPT,mil,0.5,42
gemcitabine,KALS1_CENTRAL_NERVOUS_SYSTEM,0.7936452627182007,0.6639269907027483,2,X_scGPT,mil,0.5,42
gemcitabine,KMRC3_KIDNEY,0.5808050632476807,0.8011011583464486,1,X_scGPT,mil,0.5,42
gemcitabine,KNS42_CENTRAL_NERVOUS_SYSTEM,0.9519704580307007,0.8113401622273201,4,X_scGPT,mil,0.5,42
gemcitabine,KPL1_BREAST,0.8953196406364441,0.855873529245888,3,X_scGPT,mil,0.5,42
gemcitabine,KPNSI9S_AUTONOMIC_GANGLIA,0.4565414786338806,0.7096043700395629,5,X_scGPT,mil,0.5,42
gemcitabine,KYSE520_OESOPHAGUS,0.9058042168617249,0.6246101937426871,2,X_scGPT,mil,0.5,42
gemcitabine,LI7_LIVER,0.5827900767326355,0.7870304453737882,4,X_scGPT,mil,0.5,42
gemcitabine,LMSU_STOMACH,0.8756802678108215,0.6414662716435451,2,X_scGPT,mil,0.5,42
gemcitabine,LNCAPCLONEFGC_PROSTATE,0.5755029320716858,0.8447129652481671,2,X_scGPT,mil,0.5,42
gemcitabine,LS1034_LARGE_INTESTINE,0.6300612092018127,0.810311831431846,4,X_scGPT,mil,0.5,42
gemcitabine,LS180_LARGE_INTESTINE,0.4482704699039459,0.7235412683513356,3,X_scGPT,mil,0.5,42
gemcitabine,MCF7_BREAST,0.8343956470489502,0.9921173353295226,1,X_scGPT,mil,0.5,42
gemcitabine,MDAMB361_BREAST,0.7940967082977295,1.2896318678502683,1,X_scGPT,mil,0.5,42
gemcitabine,MFE319_ENDOMETRIUM,0.969434380531311,0.7103044490539591,2,X_scGPT,mil,0.5,42
gemcitabine,MKN45_STOMACH,0.9803581833839417,0.7407681750038922,1,X_scGPT,mil,0.5,42
gemcitabine,MKN7_STOMACH,0.9915323257446289,0.7087245218513548,5,X_scGPT,mil,0.5,42
gemcitabine,NCIH1299_LUNG,0.7092453837394714,0.6989235129025991,2,X_scGPT,mil,0.5,42
gemcitabine,NCIH1373_LUNG,0.6424748301506042,0.7472373777773322,3,X_scGPT,mil,0.5,42
gemcitabine,NCIH1435_LUNG,0.5391858816146851,0.8061907255694214,3,X_scGPT,mil,0.5,42
gemcitabine,NCIH1792_LUNG,0.6867678165435791,0.7302636657212231,4,X_scGPT,mil,0.5,42
gemcitabine,NCIH1944_LUNG,0.543655276298523,0.665064734681217,2,X_scGPT,mil,0.5,42
gemcitabine,NCIH2087_LUNG,0.42783018946647644,0.6681486999607522,5,X_scGPT,mil,0.5,42
gemcitabine,NCIH2110_LUNG,0.3368552327156067,0.800978173323013,1,X_scGPT,mil,0.5,42
gemcitabine,NCIH2126_LUNG,0.6156565546989441,0.7485873590816151,4,X_scGPT,mil,0.5,42
gemcitabine,NCIH2170_LUNG,0.44036784768104553,0.6415630123564895,4,X_scGPT,mil,0.5,42
gemcitabine,NCIH2228_LUNG,0.5427727699279785,0.7950622189272327,3,X_scGPT,mil,0.5,42
gemcitabine,NCIH226_LUNG,0.7438065409660339,0.8426407743007579,1,X_scGPT,mil,0.5,42
gemcitabine,NCIH2444_LUNG,1.066865086555481,0.847893285600445,3,X_scGPT,mil,0.5,42
gemcitabine,NCIH2452_PLEURA,0.7650330066680908,0.7863639900010758,3,X_scGPT,mil,0.5,42
gemcitabine,NCIH292_LUNG,0.5377177000045776,0.7061291513308673,3,X_scGPT,mil,0.5,42
gemcitabine,NCIH358_LUNG,0.8151067495346069,0.7761955025295416,1,X_scGPT,mil,0.5,42
gemcitabine,NCIH446_LUNG,0.529270589351654,0.618121328706644,3,X_scGPT,mil,0.5,42
gemcitabine,NCIH460_LUNG,0.6561989784240723,0.7275709941395722,3,X_scGPT,mil,0.5,42
gemcitabine,NCIH522_LUNG,0.6660993695259094,0.7011858872496165,2,X_scGPT,mil,0.5,42
gemcitabine,NCIH650_LUNG,0.47172221541404724,0.7645581998068468,5,X_scGPT,mil,0.5,42
gemcitabine,NCIH747_LARGE_INTESTINE,0.6213706135749817,0.6660972759127617,5,X_scGPT,mil,0.5,42
gemcitabine,OAW28_OVARY,0.8206195831298828,0.7732510277943582,5,X_scGPT,mil,0.5,42
gemcitabine,ONCODG1_OVARY,0.7360410094261169,0.653389228714837,2,X_scGPT,mil,0.5,42
gemcitabine,OSRC2_KIDNEY,0.8197447061538696,0.8846492081407517,3,X_scGPT,mil,0.5,42
gemcitabine,OUMS23_LARGE_INTESTINE,1.1526105403900146,0.7553061684158361,5,X_scGPT,mil,0.5,42
gemcitabine,OVCAR4_OVARY,0.9360761046409607,0.8479552751295137,1,X_scGPT,mil,0.5,42
gemcitabine,OVK18_OVARY,0.7555391192436218,0.6045333229089052,5,X_scGPT,mil,0.5,42
gemcitabine,OVSAHO_OVARY,0.8870753645896912,0.7051876675715005,2,X_scGPT,mil,0.5,42
gemcitabine,OVTOKO_OVARY,0.506416916847229,0.6596238901170247,2,X_scGPT,mil,0.5,42
gemcitabine,PANC0203_PANCREAS,0.8555566668510437,0.7242964987933871,3,X_scGPT,mil,0.5,42
gemcitabine,PATU8988S_PANCREAS,0.7852508425712585,0.631651477979832,2,X_scGPT,mil,0.5,42
gemcitabine,PC3_PROSTATE,0.8767961263656616,0.8123043733235646,1,X_scGPT,mil,0.5,42
gemcitabine,PECAPJ49_UPPER_AERODIGESTIVE_TRACT,0.4231942892074585,0.7528374074119153,1,X_scGPT,mil,0.5,42
gemcitabine,PK45H_PANCREAS,0.9328077435493469,0.7952265627269816,4,X_scGPT,mil,0.5,42
gemcitabine,PK59_PANCREAS,0.636519193649292,0.7265811795475839,5,X_scGPT,mil,0.5,42
gemcitabine,RCC10RGB_KIDNEY,0.7424089908599854,0.8006208746218374,5,X_scGPT,mil,0.5,42
gemcitabine,RCM1_LARGE_INTESTINE,0.7560239434242249,0.7858845992013812,3,X_scGPT,mil,0.5,42
gemcitabine,RD_SOFT_TISSUE,0.7025274038314819,0.6456348059049511,1,X_scGPT,mil,0.5,42
gemcitabine,RERFLCAD1_LUNG,1.0192153453826904,0.7463591964647113,5,X_scGPT,mil,0.5,42
gemcitabine,RERFLCAI_LUNG,0.5772891044616699,0.7177789231584082,5,X_scGPT,mil,0.5,42
gemcitabine,RT4_URINARY_TRACT,0.457478791475296,0.6018456513026975,5,X_scGPT,mil,0.5,42
gemcitabine,RVH421_SKIN,0.9899332523345947,0.8734824607561822,4,X_scGPT,mil,0.5,42
gemcitabine,SCC25_UPPER_AERODIGESTIVE_TRACT,0.7432425022125244,0.5858702297200074,2,X_scGPT,mil,0.5,42
gemcitabine,SCC9_UPPER_AERODIGESTIVE_TRACT,0.847379744052887,0.6430651362318741,2,X_scGPT,mil,0.5,42
gemcitabine,SH10TC_STOMACH,1.105261206626892,0.7947201414665266,5,X_scGPT,mil,0.5,42
gemcitabine,SKES1_BONE,0.2559921145439148,0.7001230173058562,2,X_scGPT,mil,0.5,42
gemcitabine,SKMEL2_SKIN,1.6098883152008057,0.7612029648777368,1,X_scGPT,mil,0.5,42
gemcitabine,SKMEL30_SKIN,0.8910692930221558,0.8376504069684922,1,X_scGPT,mil,0.5,42
gemcitabine,SKMEL5_SKIN,0.5815538763999939,0.8010233973814582,4,X_scGPT,mil,0.5,42
gemcitabine,SKNAS_AUTONOMIC_GANGLIA,0.6201527714729309,0.7235116159493944,2,X_scGPT,mil,0.5,42
gemcitabine,SNU1079_BILIARY_TRACT,0.7596206665039062,0.8578158396564118,1,X_scGPT,mil,0.5,42
gemcitabine,SNU1214_UPPER_AERODIGESTIVE_TRACT,0.7392807602882385,0.686940313336697,1,X_scGPT,mil,0.5,42
gemcitabine,SNU308_BILIARY_TRACT,0.8736388683319092,0.7695222814032372,1,X_scGPT,mil,0.5,42
gemcitabine,SNU423_LIVER,0.7069547176361084,0.7658668281334751,4,X_scGPT,mil,0.5,42
gemcitabine,SNU449_LIVER,0.8254060745239258,0.7421926794745398,3,X_scGPT,mil,0.5,42
gemcitabine,SNU46_UPPER_AERODIGESTIVE_TRACT,0.8096166253089905,0.724338827623149,4,X_scGPT,mil,0.5,42
gemcitabine,SNU738_CENTRAL_NERVOUS_SYSTEM,0.6285289525985718,0.8238281713783898,1,X_scGPT,mil,0.5,42
gemcitabine,SNU899_UPPER_AERODIGESTIVE_TRACT,0.7130030393600464,0.6332077585070967,2,X_scGPT,mil,0.5,42
gemcitabine,SNUC4_LARGE_INTESTINE,0.8598319888114929,0.5531532324100715,5,X_scGPT,mil,0.5,42
gemcitabine,SQ1_LUNG,0.6690840125083923,0.8602262873108647,3,X_scGPT,mil,0.5,42
gemcitabine,SU8686_PANCREAS,0.6601048111915588,0.7981765524643224,1,X_scGPT,mil,0.5,42
gemcitabine,SW1088_CENTRAL_NERVOUS_SYSTEM,0.571869432926178,0.7877784096635878,4,X_scGPT,mil,0.5,42
gemcitabine,SW1271_LUNG,0.613210141658783,0.8516294474187105,1,X_scGPT,mil,0.5,42
gemcitabine,SW1990_PANCREAS,0.6145241856575012,0.7456486126110686,5,X_scGPT,mil,0.5,42
gemcitabine,SW579_THYROID,0.40441542863845825,0.8203795928559545,3,X_scGPT,mil,0.5,42
gemcitabine,T47D_BREAST,0.8489176630973816,1.1134962606753698,1,X_scGPT,mil,0.5,42
gemcitabine,TCCSUP_URINARY_TRACT,0.7683467864990234,0.7769280213721191,3,X_scGPT,mil,0.5,42
gemcitabine,TE10_OESOPHAGUS,0.7129018306732178,0.7261995436394051,4,X_scGPT,mil,0.5,42
gemcitabine,TE14_OESOPHAGUS,0.5843991637229919,0.6401374030088071,1,X_scGPT,mil,0.5,42
gemcitabine,TE1_OESOPHAGUS,0.6737027764320374,0.7719118511213839,4,X_scGPT,mil,0.5,42
gemcitabine,TE6_OESOPHAGUS,0.6561077833175659,0.6057535262808825,2,X_scGPT,mil,0.5,42
gemcitabine,TE9_OESOPHAGUS,0.6804585456848145,0.6193446067552413,2,X_scGPT,mil,0.5,42
gemcitabine,TM31_CENTRAL_NERVOUS_SYSTEM,0.786973774433136,0.6680598592963712,2,X_scGPT,mil,0.5,42
gemcitabine,TOV112D_OVARY,0.34909936785697937,0.7191776220615094,2,X_scGPT,mil,0.5,42
gemcitabine,UACC257_SKIN,0.6209816336631775,0.6798727029786449,1,X_scGPT,mil,0.5,42
gemcitabine,UMUC1_URINARY_TRACT,0.5380436182022095,0.78717130392336,1,X_scGPT,mil,0.5,42
gemcitabine,VMCUB1_URINARY_TRACT,0.5477825999259949,0.6542525561409516,4,X_scGPT,mil,0.5,42
gemcitabine,VMRCRCZ_KIDNEY,0.8047785758972168,0.6830757796764374,2,X_scGPT,mil,0.5,42
gemcitabine,YD38_UPPER_AERODIGESTIVE_TRACT,0.555411159992218,0.6409956154246361,4,X_scGPT,mil,0.5,42
gemcitabine,ZR751_BREAST,1.101744294166565,0.8167873706825343,1,X_scGPT,mil,0.5,42
imatinib,42MGBA_CENTRAL_NERVOUS_SYSTEM,0.7974890470504761,0.91989969482293,4,X_scGPT,mil,0.5,42
imatinib,8305C_THYROID,1.0951011180877686,0.9825735767422679,4,X_scGPT,mil,0.5,42
imatinib,A204_SOFT_TISSUE,0.6459641456604004,0.9809351706504822,4,X_scGPT,mil,0.5,42
imatinib,A2058_SKIN,0.8841478228569031,0.9393070019832274,5,X_scGPT,mil,0.5,42
imatinib,A375_SKIN,1.0721155405044556,0.897497809254902,3,X_scGPT,mil,0.5,42
imatinib,ACCMESO1_PLEURA,1.0530558824539185,0.9780307905173596,2,X_scGPT,mil,0.5,42
imatinib,ASPC1_PANCREAS,0.8563504219055176,1.0458268650646867,4,X_scGPT,mil,0.5,42
imatinib,BCPAP_THYROID,1.0814443826675415,0.9530996848878107,4,X_scGPT,mil,0.5,42
imatinib,BFTC909_KIDNEY,0.9346845149993896,0.9307093008527026,5,X_scGPT,mil,0.5,42
imatinib,BHY_UPPER_AERODIGESTIVE_TRACT,1.003937005996704,0.936017999155768,3,X_scGPT,mil,0.5,42
imatinib,BICR16_UPPER_AERODIGESTIVE_TRACT,0.8788600564002991,0.9859923101821035,5,X_scGPT,mil,0.5,42
imatinib,BICR31_UPPER_AERODIGESTIVE_TRACT,0.9263787269592285,0.9135050271307269,3,X_scGPT,mil,0.5,42
imatinib,BICR56_UPPER_AERODIGESTIVE_TRACT,0.9975255727767944,0.9092294603218267,3,X_scGPT,mil,0.5,42
imatinib,BICR6_UPPER_AERODIGESTIVE_TRACT,0.9933727383613586,0.9945176529300797,5,X_scGPT,mil,0.5,42
imatinib,BT474_BREAST,0.9909359812736511,0.9545647373199463,4,X_scGPT,mil,0.5,42
imatinib,BT549_BREAST,1.058056116104126,0.9179603629990628,1,X_scGPT,mil,0.5,42
imatinib,CAKI2_KIDNEY,0.891399621963501,1.0331268398453006,4,X_scGPT,mil,0.5,42
imatinib,CALU6_LUNG,0.9442189335823059,0.9294387487940086,3,X_scGPT,mil,0.5,42
imatinib,CAMA1_BREAST,0.9417577981948853,0.8945181406650347,3,X_scGPT,mil,0.5,42
imatinib,CAS1_CENTRAL_NERVOUS_SYSTEM,0.9765406250953674,0.9310657991502518,1,X_scGPT,mil,0.5,42
imatinib,CCFSTTG1_CENTRAL_NERVOUS_SYSTEM,0.9044836163520813,0.9090937577127441,5,X_scGPT,mil,0.5,42
imatinib,COLO792_SKIN,0.8340573906898499,0.9925763494854044,2,X_scGPT,mil,0.5,42
imatinib,COV434_OVARY,0.89787757396698,0.9674158455295996,4,X_scGPT,mil,0.5,42
imatinib,DETROIT562_UPPER_AERODIGESTIVE_TRACT,0.875342607498169,1.0137027754374077,2,X_scGPT,mil,0.5,42
imatinib,DKMG_CENTRAL_NERVOUS_SYSTEM,0.8902096152305603,0.9027273989251619,5,X_scGPT,mil,0.5,42
imatinib,EBC1_LUNG,0.9644688963890076,0.952412756540442,3,X_scGPT,mil,0.5,42
imatinib,EFE184_ENDOMETRIUM,1.009013056755066,1.0059578404870144,4,X_scGPT,mil,0.5,42
imatinib,EFM192A_BREAST,0.8446081876754761,1.00699425334329,5,X_scGPT,mil,0.5,42
imatinib,EKVX_LUNG,0.9665436744689941,0.9870997932675767,2,X_scGPT,mil,0.5,42
imatinib,FTC133_THYROID,0.902299165725708,0.9340607136487961,3,X_scGPT,mil,0.5,42
imatinib,GOS3_CENTRAL_NERVOUS_SYSTEM,0.9142825603485107,0.9693183174932191,2,X_scGPT,mil,0.5,42
imatinib,HCC1428_BREAST,0.9144049882888794,1.0207974516500637,5,X_scGPT,mil,0.5,42
imatinib,HCC366_LUNG,1.028393268585205,1.0267003798248744,5,X_scGPT,mil,0.5,42
imatinib,HCC38_BREAST,0.9484294056892395,1.0107684722542762,5,X_scGPT,mil,0.5,42
imatinib,HCC56_LARGE_INTESTINE,1.1700106859207153,0.9256851534650783,3,X_scGPT,mil,0.5,42
imatinib,HDQP1_BREAST,1.1716277599334717,0.9410416819155216,3,X_scGPT,mil,0.5,42
imatinib,HEC151_ENDOMETRIUM,0.9507309198379517,0.9921455385684967,4,X_scGPT,mil,0.5,42
imatinib,HEC251_ENDOMETRIUM,0.982420802116394,0.9474986396103262,3,X_scGPT,mil,0.5,42
imatinib,HEC6_ENDOMETRIUM,0.9746668338775635,0.9686394178349039,1,X_scGPT,mil,0.5,42
imatinib,HEP3B217_LIVER,0.9081746935844421,1.008508198342081,2,X_scGPT,mil,0.5,42
imatinib,HMC18_BREAST,0.9684697985649109,0.9715580039056901,2,X_scGPT,mil,0.5,42
imatinib,HOS_BONE,0.8908408880233765,0.9350115840915316,4,X_scGPT,mil,0.5,42
imatinib,HS852T_SKIN,1.1679837703704834,0.9103567703270617,3,X_scGPT,mil,0.5,42
imatinib,HT1080_SOFT_TISSUE,0.9255314469337463,0.9772378083809402,5,X_scGPT,mil,0.5,42
imatinib,HT1197_URINARY_TRACT,0.9558719396591187,1.022404684408291,4,X_scGPT,mil,0.5,42
imatinib,HT55_LARGE_INTESTINE,0.9312896728515625,1.0486759701611306,1,X_scGPT,mil,0.5,42
imatinib,HUH28_BILIARY_TRACT,1.1410142183303833,0.9635644237772166,2,X_scGPT,mil,0.5,42
imatinib,HUH6_LIVER,0.8700514435768127,1.0488345000518144,4,X_scGPT,mil,0.5,42
imatinib,HUPT3_PANCREAS,0.9597815871238708,1.036310663994621,5,X_scGPT,mil,0.5,42
imatinib,HUPT4_PANCREAS,0.9757904410362244,1.0704818442463875,5,X_scGPT,mil,0.5,42
imatinib,IALM_LUNG,0.9999850988388062,0.9680010728214098,4,X_scGPT,mil,0.5,42
imatinib,IGR1_SKIN,1.0326862335205078,0.9574773950412355,5,X_scGPT,mil,0.5,42
imatinib,IGR37_SKIN,1.0056467056274414,0.975965474627547,2,X_scGPT,mil,0.5,42
imatinib,IM95_STOMACH,0.9186859130859375,0.9939253629864873,4,X_scGPT,mil,0.5,42
imatinib,JHH6_LIVER,1.000203013420105,0.9240976036752312,3,X_scGPT,mil,0.5,42
imatinib,JHOC5_OVARY,0.9674712419509888,1.0035263994644428,5,X_scGPT,mil,0.5,42
imatinib,KALS1_CENTRAL_NERVOUS_SYSTEM,0.9474613070487976,0.9693378526717424,2,X_scGPT,mil,0.5,42
imatinib,KMRC3_KIDNEY,0.8424506187438965,0.9899750889564047,1,X_scGPT,mil,0.5,42
imatinib,KNS42_CENTRAL_NERVOUS_SYSTEM,0.9179285168647766,0.9355252048996991,4,X_scGPT,mil,0.5,42
imatinib,KPL1_BREAST,1.0681864023208618,0.908417994129485,3,X_scGPT,mil,0.5,42
imatinib,KPNSI9S_AUTONOMIC_GANGLIA,1.039858102798462,0.9355092080988625,5,X_scGPT,mil,0.5,42
imatinib,KYSE520_OESOPHAGUS,0.945729672908783,1.0054337074143969,2,X_scGPT,mil,0.5,42
imatinib,LI7_LIVER,0.8340868949890137,0.9552911197652623,4,X_scGPT,mil,0.5,42
imatinib,LMSU_STOMACH,0.8321190476417542,0.9719573677754869,2,X_scGPT,mil,0.5,42
imatinib,LNCAPCLONEFGC_PROSTATE,0.9230631589889526,0.949556941671889,2,X_scGPT,mil,0.5,42
imatinib,LS1034_LARGE_INTESTINE,0.8493166565895081,1.030126447955223,4,X_scGPT,mil,0.5,42
imatinib,LS180_LARGE_INTESTINE,1.0123558044433594,0.9089844893880829,3,X_scGPT,mil,0.5,42
imatinib,MCF7_BREAST,1.0205093622207642,0.9629933688190434,1,X_scGPT,mil,0.5,42
imatinib,MDAMB361_BREAST,0.9177303910255432,0.9178916012799299,1,X_scGPT,mil,0.5,42
imatinib,MFE319_ENDOMETRIUM,0.9985067844390869,0.9900952131336272,2,X_scGPT,mil,0.5,42
imatinib,MKN45_STOMACH,0.9823302030563354,0.9964894121986324,1,X_scGPT,mil,0.5,42
imatinib,MKN7_STOMACH,1.0322765111923218,1.0095335074173388,5,X_scGPT,mil,0.5,42
imatinib,NCIH1299_LUNG,1.0137672424316406,0.9831735150197919,2,X_scGPT,mil,0.5,42
imatinib,NCIH1373_LUNG,0.9991770386695862,0.9595050928069324,3,X_scGPT,mil,0.5,42
imatinib,NCIH1435_LUNG,0.9789023399353027,0.9368238018246625,3,X_scGPT,mil,0.5,42
imatinib,NCIH1792_LUNG,1.0024890899658203,0.9895538902497506,4,X_scGPT,mil,0.5,42
imatinib,NCIH1944_LUNG,0.8461954593658447,0.9913541742281061,2,X_scGPT,mil,0.5,42
imatinib,NCIH2087_LUNG,0.9938225746154785,1.0068591179913038,5,X_scGPT,mil,0.5,42
imatinib,NCIH2110_LUNG,0.8915949463844299,0.9522079416255855,1,X_scGPT,mil,0.5,42
imatinib,NCIH2126_LUNG,0.9990637898445129,0.9488980641419237,4,X_scGPT,mil,0.5,42
imatinib,NCIH2170_LUNG,0.9432941675186157,0.9370518675152685,4,X_scGPT,mil,0.5,42
imatinib,NCIH2228_LUNG,1.0107890367507935,0.9663112717363425,3,X_scGPT,mil,0.5,42
imatinib,NCIH226_LUNG,1.00823175907135,0.9457851975522142,1,X_scGPT,mil,0.5,42
imatinib,NCIH2444_LUNG,1.0054807662963867,0.9866027713827946,3,X_scGPT,mil,0.5,42
imatinib,NCIH2452_PLEURA,0.9541221857070923,0.9602575678807652,3,X_scGPT,mil,0.5,42
imatinib,NCIH292_LUNG,0.9060679078102112,0.9392181674079716,3,X_scGPT,mil,0.5,42
imatinib,NCIH358_LUNG,1.0672982931137085,0.9509226000379949,1,X_scGPT,mil,0.5,42
imatinib,NCIH446_LUNG,0.9621572494506836,0.8597189431287804,3,X_scGPT,mil,0.5,42
imatinib,NCIH460_LUNG,0.9731983542442322,0.902951056242274,3,X_scGPT,mil,0.5,42
imatinib,NCIH522_LUNG,0.9223247170448303,0.957275295486817,2,X_scGPT,mil,0.5,42
imatinib,NCIH650_LUNG,0.742181658744812,1.035257959057924,5,X_scGPT,mil,0.5,42
imatinib,NCIH747_LARGE_INTESTINE,0.7638504505157471,1.0474180854856967,5,X_scGPT,mil,0.5,42
imatinib,OAW28_OVARY,0.9528711438179016,1.0884708147611677,5,X_scGPT,mil,0.5,42
imatinib,ONCODG1_OVARY,1.0656236410140991,0.9980713208516439,2,X_scGPT,mil,0.5,42
imatinib,OSRC2_KIDNEY,1.008285641670227,0.9693479755568126,3,X_scGPT,mil,0.5,42
imatinib,OUMS23_LARGE_INTESTINE,1.0636982917785645,1.05631259612948,5,X_scGPT,mil,0.5,42
imatinib,OVCAR4_OVARY,0.9936311841011047,1.0197436805327453,1,X_scGPT,mil,0.5,42
imatinib,OVK18_OVARY,1.0000770092010498,0.9437025544348727,5,X_scGPT,mil,0.5,42
imatinib,OVSAHO_OVARY,0.9421826601028442,0.976688915674907,2,X_scGPT,mil,0.5,42
imatinib,OVTOKO_OVARY,1.0253087282180786,1.0008241656864658,2,X_scGPT,mil,0.5,42
imatinib,PANC0203_PANCREAS,0.9721590876579285,0.925092176486381,3,X_scGPT,mil,0.5,42
imatinib,PATU8988S_PANCREAS,0.9349052906036377,1.0512971961107411,2,X_scGPT,mil,0.5,42
imatinib,PC3_PROSTATE,0.9497227668762207,0.9573582978643609,1,X_scGPT,mil,0.5,42
imatinib,PECAPJ49_UPPER_AERODIGESTIVE_TRACT,0.9878193140029907,0.9611401661197738,1,X_scGPT,mil,0.5,42
imatinib,PK45H_PANCREAS,0.9831220507621765,1.0208429403850514,4,X_scGPT,mil,0.5,42
imatinib,PK59_PANCREAS,0.9190185070037842,1.0310247211620724,5,X_scGPT,mil,0.5,42
imatinib,RCC10RGB_KIDNEY,0.9667925834655762,1.0473338035554844,5,X_scGPT,mil,0.5,42
imatinib,RCM1_LARGE_INTESTINE,0.9487661719322205,0.9278036481700838,3,X_scGPT,mil,0.5,42
imatinib,RD_SOFT_TISSUE,0.9183173179626465,0.8954622951047174,1,X_scGPT,mil,0.5,42
imatinib,RERFLCAD1_LUNG,1.0442442893981934,1.0103054681923165,5,X_scGPT,mil,0.5,42
imatinib,RERFLCAI_LUNG,0.9362004995346069,1.012428828413802,5,X_scGPT,mil,0.5,42
imatinib,RT4_URINARY_TRACT,1.027958631515503,1.0357678273938737,5,X_scGPT,mil,0.5,42
imatinib,RVH421_SKIN,0.9349554181098938,1.0041943948139207,4,X_scGPT,mil,0.5,42
imatinib,SCC25_UPPER_AERODIGESTIVE_TRACT,0.9275673031806946,0.9914573866434246,2,X_scGPT,mil,0.5,42
imatinib,SCC9_UPPER_AERODIGESTIVE_TRACT,0.9285261034965515,0.9617387209440532,2,X_scGPT,mil,0.5,42
imatinib,SH10TC_STOMACH,0.9620896577835083,1.02079422283716,5,X_scGPT,mil,0.5,42
imatinib,SKES1_BONE,1.0058947801589966,0.9501204975358732,2,X_scGPT,mil,0.5,42
imatinib,SKMEL2_SKIN,0.9228715300559998,0.9148434249387272,1,X_scGPT,mil,0.5,42
imatinib,SKMEL30_SKIN,0.9940280318260193,0.9740401585784242,1,X_scGPT,mil,0.5,42
imatinib,SKMEL5_SKIN,1.0296889543533325,0.9737400683489713,4,X_scGPT,mil,0.5,42
imatinib,SKNAS_AUTONOMIC_GANGLIA,0.9617713689804077,0.939752529416464,2,X_scGPT,mil,0.5,42
imatinib,SNU1214_UPPER_AERODIGESTIVE_TRACT,1.0432400703430176,0.9382459067917884,1,X_scGPT,mil,0.5,42
imatinib,SNU308_BILIARY_TRACT,0.9719071984291077,0.9507147092768486,1,X_scGPT,mil,0.5,42
imatinib,SNU423_LIVER,0.9207717776298523,1.0075432289883774,4,X_scGPT,mil,0.5,42
imatinib,SNU449_LIVER,0.9065098166465759,0.9521644193652674,3,X_scGPT,mil,0.5,42
imatinib,SNU46_UPPER_AERODIGESTIVE_TRACT,0.9189621806144714,0.9768080981606144,4,X_scGPT,mil,0.5,42
imatinib,SNU738_CENTRAL_NERVOUS_SYSTEM,1.1610615253448486,0.9711571516650962,1,X_scGPT,mil,0.5,42
imatinib,SNU899_UPPER_AERODIGESTIVE_TRACT,0.994714081287384,1.0208004483257431,2,X_scGPT,mil,0.5,42
imatinib,SNUC4_LARGE_INTESTINE,0.9843310117721558,1.0509533725152433,5,X_scGPT,mil,0.5,42
imatinib,SQ1_LUNG,1.3075755834579468,0.959779698808654,3,X_scGPT,mil,0.5,42
imatinib,SU8686_PANCREAS,1.0099101066589355,1.004408788390276,1,X_scGPT,mil,0.5,42
imatinib,SW1088_CENTRAL_NERVOUS_SYSTEM,0.9793033599853516,0.9444195777177811,4,X_scGPT,mil,0.5,42
imatinib,SW1271_LUNG,0.9389393925666809,0.9707095913265062,1,X_scGPT,mil,0.5,42
imatinib,SW1990_PANCREAS,0.908486545085907,1.0206194939364828,5,X_scGPT,mil,0.5,42
imatinib,SW579_THYROID,0.6032810211181641,0.9357403717282731,3,X_scGPT,mil,0.5,42
imatinib,T47D_BREAST,0.8783296942710876,0.9643137665355906,1,X_scGPT,mil,0.5,42
imatinib,TCCSUP_URINARY_TRACT,0.9596133828163147,0.9384292384868935,3,X_scGPT,mil,0.5,42
imatinib,TE10_OESOPHAGUS,1.0412399768829346,0.9570053731469803,4,X_scGPT,mil,0.5,42
imatinib,TE14_OESOPHAGUS,0.8636499047279358,0.933502580168881,1,X_scGPT,mil,0.5,42
imatinib,TE1_OESOPHAGUS,1.0101912021636963,0.9837421065974004,4,X_scGPT,mil,0.5,42
imatinib,TE6_OESOPHAGUS,0.9241904616355896,1.0099898098601188,2,X_scGPT,mil,0.5,42
imatinib,TE9_OESOPHAGUS,1.002119541168213,1.0174171561675687,2,X_scGPT,mil,0.5,42
imatinib,TM31_CENTRAL_NERVOUS_SYSTEM,0.8456926941871643,0.9689440449763989,2,X_scGPT,mil,0.5,42
imatinib,TOV112D_OVARY,0.8788573145866394,0.9427622533761538,2,X_scGPT,mil,0.5,42
imatinib,UACC257_SKIN,0.9354337453842163,0.9561035692941194,1,X_scGPT,mil,0.5,42
imatinib,UMUC1_URINARY_TRACT,0.9040716886520386,0.9669102151986911,1,X_scGPT,mil,0.5,42
imatinib,VMCUB1_URINARY_TRACT,0.9649621248245239,0.909464958073205,4,X_scGPT,mil,0.5,42
imatinib,VMRCRCZ_KIDNEY,0.9633647799491882,0.9874007934331894,2,X_scGPT,mil,0.5,42
imatinib,YD38_UPPER_AERODIGESTIVE_TRACT,1.0483087301254272,0.9170236272307543,4,X_scGPT,mil,0.5,42
erlotinib,42MGBA_CENTRAL_NERVOUS_SYSTEM,0.9227536916732788,1.032837026943111,4,X_scGPT,mil,0.5,42
erlotinib,8305C_THYROID,0.7939732670783997,0.9159015967695282,4,X_scGPT,mil,0.5,42
erlotinib,A204_SOFT_TISSUE,0.815484344959259,0.9649093749523163,4,X_scGPT,mil,0.5,42
erlotinib,A2058_SKIN,0.9949605464935303,0.9571640527978236,5,X_scGPT,mil,0.5,42
erlotinib,A375_SKIN,0.973318874835968,0.9813393396631662,3,X_scGPT,mil,0.5,42
erlotinib,ACCMESO1_PLEURA,0.9420119524002075,0.8912273005202964,2,X_scGPT,mil,0.5,42
erlotinib,ASPC1_PANCREAS,0.9369305968284607,0.7821948807815026,4,X_scGPT,mil,0.5,42
erlotinib,BCPAP_THYROID,0.8213984370231628,0.928343796024197,4,X_scGPT,mil,0.5,42
erlotinib,BFTC909_KIDNEY,0.9552398324012756,0.9406919685391448,5,X_scGPT,mil,0.5,42
erlotinib,BHY_UPPER_AERODIGESTIVE_TRACT,0.5991201400756836,0.8088682898159685,3,X_scGPT,mil,0.5,42
erlotinib,BICR16_UPPER_AERODIGESTIVE_TRACT,0.7892967462539673,0.791421151667271,5,X_scGPT,mil,0.5,42
erlotinib,BICR31_UPPER_AERODIGESTIVE_TRACT,0.8042541146278381,0.8072897311179869,3,X_scGPT,mil,0.5,42
erlotinib,BICR56_UPPER_AERODIGESTIVE_TRACT,0.6093823909759521,0.7373854135289605,3,X_scGPT,mil,0.5,42
erlotinib,BICR6_UPPER_AERODIGESTIVE_TRACT,0.7608282566070557,0.7723880645695266,5,X_scGPT,mil,0.5,42
erlotinib,BT474_BREAST,0.9083369374275208,0.8788432326316834,4,X_scGPT,mil,0.5,42
erlotinib,BT549_BREAST,1.1754072904586792,0.9657438986731651,1,X_scGPT,mil,0.5,42
erlotinib,CAKI2_KIDNEY,0.8694139719009399,0.7999038655552075,4,X_scGPT,mil,0.5,42
erlotinib,CALU6_LUNG,0.7326635122299194,0.9320232165876285,3,X_scGPT,mil,0.5,42
erlotinib,CAMA1_BREAST,0.9175612330436707,0.9476607833121651,3,X_scGPT,mil,0.5,42
erlotinib,CAS1_CENTRAL_NERVOUS_SYSTEM,1.0273317098617554,0.9941129092883346,1,X_scGPT,mil,0.5,42
erlotinib,CCFSTTG1_CENTRAL_NERVOUS_SYSTEM,1.1513586044311523,0.9636883590279556,5,X_scGPT,mil,0.5,42
erlotinib,COLO792_SKIN,0.9660155773162842,0.9113259311091856,2,X_scGPT,mil,0.5,42
erlotinib,COV434_OVARY,0.8242210149765015,0.9197401837869124,4,X_scGPT,mil,0.5,42
erlotinib,DETROIT562_UPPER_AERODIGESTIVE_TRACT,0.8132838010787964,0.7628026483980425,2,X_scGPT,mil,0.5,42
erlotinib,DKMG_CENTRAL_NERVOUS_SYSTEM,1.0006624460220337,0.9683530449427362,5,X_scGPT,mil,0.5,42
erlotinib,EBC1_LUNG,0.9782431721687317,0.84689926075679,3,X_scGPT,mil,0.5,42
erlotinib,EFE184_ENDOMETRIUM,0.856898844242096,0.8256933287132618,4,X_scGPT,mil,0.5,42
erlotinib,EFM192A_BREAST,0.9408064484596252,0.8642275823845161,5,X_scGPT,mil,0.5,42
erlotinib,EKVX_LUNG,0.6745953559875488,0.8550973738709541,2,X_scGPT,mil,0.5,42
erlotinib,FTC133_THYROID,0.9978106617927551,0.9718319637434824,3,X_scGPT,mil,0.5,42
erlotinib,GOS3_CENTRAL_NERVOUS_SYSTEM,0.9610662460327148,0.8873074298129656,2,X_scGPT,mil,0.5,42
erlotinib,HCC1428_BREAST,0.9036024212837219,0.8318099130795696,5,X_scGPT,mil,0.5,42
erlotinib,HCC366_LUNG,0.9372639656066895,0.8785372795444903,5,X_scGPT,mil,0.5,42
erlotinib,HCC38_BREAST,1.3760467767715454,0.8272753167152405,5,X_scGPT,mil,0.5,42
erlotinib,HCC56_LARGE_INTESTINE,0.8906144499778748,0.8340730323936,3,X_scGPT,mil,0.5,42
erlotinib,HDQP1_BREAST,0.7821134328842163,0.8949343468993902,3,X_scGPT,mil,0.5,42
erlotinib,HEC151_ENDOMETRIUM,0.8126585483551025,0.8398715074062347,4,X_scGPT,mil,0.5,42
erlotinib,HEC251_ENDOMETRIUM,0.8099750280380249,0.8792351378458683,3,X_scGPT,mil,0.5,42
erlotinib,HEC6_ENDOMETRIUM,0.9715927243232727,0.9058902992965272,1,X_scGPT,mil,0.5,42
erlotinib,HEP3B217_LIVER,0.9021901488304138,0.8231031823966463,2,X_scGPT,mil,0.5,42
erlotinib,HMC18_BREAST,0.9371680021286011,0.911128304313881,2,X_scGPT,mil,0.5,42
erlotinib,HOS_BONE,0.9278596639633179,0.8859265294955061,4,X_scGPT,mil,0.5,42
erlotinib,HS852T_SKIN,0.9603044986724854,1.0067364514609913,3,X_scGPT,mil,0.5,42
erlotinib,HT1080_SOFT_TISSUE,1.026070475578308,0.8896956170021102,5,X_scGPT,mil,0.5,42
erlotinib,HT1197_URINARY_TRACT,0.9786010384559631,0.7604528625269193,4,X_scGPT,mil,0.5,42
erlotinib,HT55_LARGE_INTESTINE,0.7001996040344238,0.8801496548675248,1,X_scGPT,mil,0.5,42
erlotinib,HUH28_BILIARY_TRACT,0.9290624260902405,0.9165997766762328,2,X_scGPT,mil,0.5,42
erlotinib,HUH6_LIVER,0.9072860479354858,0.8593013639280782,4,X_scGPT,mil,0.5,42
erlotinib,HUPT3_PANCREAS,1.0160894393920898,0.7834370675332406,5,X_scGPT,mil,0.5,42
erlotinib,HUPT4_PANCREAS,0.6695789098739624,0.8262839689850807,5,X_scGPT,mil,0.5,42
erlotinib,IALM_LUNG,1.0861659049987793,0.8655876000845655,4,X_scGPT,mil,0.5,42
erlotinib,IGR1_SKIN,0.8977431058883667,0.9701779802092191,5,X_scGPT,mil,0.5,42
erlotinib,IGR37_SKIN,0.953414261341095,0.9860816745661865,2,X_scGPT,mil,0.5,42
erlotinib,IM95_STOMACH,0.8462339043617249,0.77948851134326,4,X_scGPT,mil,0.5,42
erlotinib,JHH6_LIVER,1.0701408386230469,0.9256211024464913,3,X_scGPT,mil,0.5,42
erlotinib,JHOC5_OVARY,0.7816890478134155,0.8292663631768062,5,X_scGPT,mil,0.5,42
erlotinib,KALS1_CENTRAL_NERVOUS_SYSTEM,0.8893588781356812,0.8948783510261111,2,X_scGPT,mil,0.5,42
erlotinib,KMRC3_KIDNEY,0.7994269132614136,0.9031676294852277,1,X_scGPT,mil,0.5,42
erlotinib,KNS42_CENTRAL_NERVOUS_SYSTEM,0.9486578702926636,1.007830377234969,4,X_scGPT,mil,0.5,42
erlotinib,KPL1_BREAST,1.0272578001022339,0.9749857394591622,3,X_scGPT,mil,0.5,42
erlotinib,KPNSI9S_AUTONOMIC_GANGLIA,0.9400601387023926,0.9339177779449049,5,X_scGPT,mil,0.5,42
erlotinib,KYSE520_OESOPHAGUS,0.8989939093589783,0.7815580358815267,2,X_scGPT,mil,0.5,42
erlotinib,LI7_LIVER,0.8600107431411743,0.8843705191904184,4,X_scGPT,mil,0.5,42
erlotinib,LMSU_STOMACH,1.00900137424469,0.870222012201945,2,X_scGPT,mil,0.5,42
erlotinib,LNCAPCLONEFGC_PROSTATE,0.8897188901901245,0.935750497403995,2,X_scGPT,mil,0.5,42
erlotinib,LS1034_LARGE_INTESTINE,1.0561456680297852,0.8016280703348656,4,X_scGPT,mil,0.5,42
erlotinib,LS180_LARGE_INTESTINE,0.8111333250999451,0.8354475166328726,3,X_scGPT,mil,0.5,42
erlotinib,MCF7_BREAST,1.005828619003296,0.9333706773244418,1,X_scGPT,mil,0.5,42
erlotinib,MDAMB361_BREAST,0.8625293970108032,1.0438188831011455,1,X_scGPT,mil,0.5,42
erlotinib,MFE319_ENDOMETRIUM,0.8470615148544312,0.8663420705271017,2,X_scGPT,mil,0.5,42
erlotinib,MKN45_STOMACH,0.9280589818954468,0.8480839385824689,1,X_scGPT,mil,0.5,42
erlotinib,MKN7_STOMACH,0.9375415444374084,0.9099962831467621,5,X_scGPT,mil,0.5,42
erlotinib,MSTO211H_PLEURA,0.7535524368286133,0.9476330284317735,1,X_scGPT,mil,0.5,42
erlotinib,NCIH1299_LUNG,0.9564399719238281,0.88130527388737,2,X_scGPT,mil,0.5,42
erlotinib,NCIH1373_LUNG,0.9308328032493591,0.8462515618742966,3,X_scGPT,mil,0.5,42
erlotinib,NCIH1435_LUNG,0.8299428224563599,0.8663530240344645,3,X_scGPT,mil,0.5,42
erlotinib,NCIH1792_LUNG,0.9225801229476929,0.8865758352451496,4,X_scGPT,mil,0.5,42
erlotinib,NCIH1944_LUNG,0.6755056381225586,0.8364026691890569,2,X_scGPT,mil,0.5,42
erlotinib,NCIH2087_LUNG,0.9466559886932373,0.8410264403308363,5,X_scGPT,mil,0.5,42
erlotinib,NCIH2110_LUNG,0.8700545430183411,0.8488342312712166,1,X_scGPT,mil,0.5,42
erlotinib,NCIH2126_LUNG,0.9581408500671387,0.7946730447989522,4,X_scGPT,mil,0.5,42
erlotinib,NCIH2170_LUNG,0.8296470642089844,0.816361879798728,4,X_scGPT,mil,0.5,42
erlotinib,NCIH2228_LUNG,0.9437503218650818,0.9030409591724178,3,X_scGPT,mil,0.5,42
erlotinib,NCIH226_LUNG,1.0212596654891968,0.9474234814339496,1,X_scGPT,mil,0.5,42
erlotinib,NCIH2444_LUNG,0.8689837455749512,0.9191335922555078,3,X_scGPT,mil,0.5,42
erlotinib,NCIH2452_PLEURA,0.9806432127952576,0.9899056754369275,3,X_scGPT,mil,0.5,42
erlotinib,NCIH292_LUNG,0.7732622027397156,0.8153605679391136,3,X_scGPT,mil,0.5,42
erlotinib,NCIH358_LUNG,0.590069055557251,0.8819664516264484,1,X_scGPT,mil,0.5,42
erlotinib,NCIH446_LUNG,0.9970192313194275,1.07307781218266,3,X_scGPT,mil,0.5,42
erlotinib,NCIH460_LUNG,0.8841593265533447,0.9573426258037024,3,X_scGPT,mil,0.5,42
erlotinib,NCIH522_LUNG,1.0643805265426636,0.9150634797719809,2,X_scGPT,mil,0.5,42
erlotinib,NCIH650_LUNG,0.927263081073761,0.8524512364855552,5,X_scGPT,mil,0.5,42
erlotinib,NCIH747_LARGE_INTESTINE,0.6506001353263855,0.7653508342802524,5,X_scGPT,mil,0.5,42
erlotinib,OAW28_OVARY,0.8934064507484436,0.8976903439308546,5,X_scGPT,mil,0.5,42
erlotinib,ONCODG1_OVARY,0.7493202090263367,0.8296872796835723,2,X_scGPT,mil,0.5,42
erlotinib,OSRC2_KIDNEY,0.9018242359161377,0.9632287460660177,3,X_scGPT,mil,0.5,42
erlotinib,OUMS23_LARGE_INTESTINE,0.9114434123039246,0.9580326899189815,5,X_scGPT,mil,0.5,42
erlotinib,OVCAR4_OVARY,0.9459946751594543,0.8715900159556116,1,X_scGPT,mil,0.5,42
erlotinib,OVK18_OVARY,0.9644356966018677,0.8883280496249039,5,X_scGPT,mil,0.5,42
erlotinib,OVSAHO_OVARY,0.9543871283531189,0.875858510643375,2,X_scGPT,mil,0.5,42
erlotinib,OVTOKO_OVARY,0.8389784097671509,0.8184324813801707,2,X_scGPT,mil,0.5,42
erlotinib,PANC0203_PANCREAS,1.0559749603271484,0.8187364447022615,3,X_scGPT,mil,0.5,42
erlotinib,PATU8988S_PANCREAS,0.7620996832847595,0.7302580732302587,2,X_scGPT,mil,0.5,42
erlotinib,PC3_PROSTATE,0.9939237236976624,0.9540484000945232,1,X_scGPT,mil,0.5,42
erlotinib,PECAPJ49_UPPER_AERODIGESTIVE_TRACT,0.7799405455589294,0.7307482113932618,1,X_scGPT,mil,0.5,42
erlotinib,PK45H_PANCREAS,1.1305443048477173,0.8349388107602447,4,X_scGPT,mil,0.5,42
erlotinib,PK59_PANCREAS,0.9944639205932617,0.8942546495075884,5,X_scGPT,mil,0.5,42
erlotinib,RCC10RGB_KIDNEY,0.9213240742683411,0.8608911188375284,5,X_scGPT,mil,0.5,42
erlotinib,RCM1_LARGE_INTESTINE,0.8782681822776794,0.852323523722589,3,X_scGPT,mil,0.5,42
erlotinib,RD_SOFT_TISSUE,1.0266718864440918,0.9589168979747086,1,X_scGPT,mil,0.5,42
erlotinib,RERFLCAD1_LUNG,1.127927541732788,0.920574137948668,5,X_scGPT,mil,0.5,42
erlotinib,RERFLCAI_LUNG,0.9139118194580078,0.9471782421690764,5,X_scGPT,mil,0.5,42
erlotinib,RT4_URINARY_TRACT,0.9337007403373718,0.7922154856177995,5,X_scGPT,mil,0.5,42
erlotinib,RVH421_SKIN,0.830150842666626,0.951747066056878,4,X_scGPT,mil,0.5,42
erlotinib,SCC25_UPPER_AERODIGESTIVE_TRACT,0.7244674563407898,0.7499632109910714,2,X_scGPT,mil,0.5,42
erlotinib,SCC9_UPPER_AERODIGESTIVE_TRACT,0.8072189092636108,0.8661444189673976,2,X_scGPT,mil,0.5,42
erlotinib,SH10TC_STOMACH,0.8990940451622009,0.9544659808829978,5,X_scGPT,mil,0.5,42
erlotinib,SKES1_BONE,0.8499570488929749,0.9283824811924944,2,X_scGPT,mil,0.5,42
erlotinib,SKMEL2_SKIN,1.1927125453948975,0.940112119567567,1,X_scGPT,mil,0.5,42
erlotinib,SKMEL30_SKIN,1.0104385614395142,0.9483949016916853,1,X_scGPT,mil,0.5,42
erlotinib,SKMEL5_SKIN,0.9829933643341064,0.96257046156058,4,X_scGPT,mil,0.5,42
erlotinib,SKNAS_AUTONOMIC_GANGLIA,1.0081439018249512,0.9574090529859594,2,X_scGPT,mil,0.5,42
erlotinib,SNU1079_BILIARY_TRACT,0.5385227799415588,0.8935175244122335,1,X_scGPT,mil,0.5,42
erlotinib,SNU1214_UPPER_AERODIGESTIVE_TRACT,0.7014681696891785,0.7666706328696393,1,X_scGPT,mil,0.5,42
erlotinib,SNU308_BILIARY_TRACT,0.7263644933700562,0.8326372852984895,1,X_scGPT,mil,0.5,42
erlotinib,SNU423_LIVER,1.0440729856491089,0.8545677701257309,4,X_scGPT,mil,0.5,42
erlotinib,SNU449_LIVER,0.953109622001648,0.9040996497827218,3,X_scGPT,mil,0.5,42
erlotinib,SNU46_UPPER_AERODIGESTIVE_TRACT,0.899195671081543,0.8172048976865866,4,X_scGPT,mil,0.5,42
erlotinib,SNU738_CENTRAL_NERVOUS_SYSTEM,0.9397778511047363,0.9202836806981733,1,X_scGPT,mil,0.5,42
erlotinib,SNU899_UPPER_AERODIGESTIVE_TRACT,0.8379518985748291,0.7639613869678543,2,X_scGPT,mil,0.5,42
erlotinib,SNUC4_LARGE_INTESTINE,0.8305989503860474,0.7467681113351335,5,X_scGPT,mil,0.5,42
erlotinib,SQ1_LUNG,0.9026238322257996,0.9111193466086348,3,X_scGPT,mil,0.5,42
erlotinib,SU8686_PANCREAS,0.9828678369522095,0.8795678630107786,1,X_scGPT,mil,0.5,42
erlotinib,SW1088_CENTRAL_NERVOUS_SYSTEM,1.0083885192871094,1.0187446530908346,4,X_scGPT,mil,0.5,42
erlotinib,SW1271_LUNG,1.048211932182312,0.9212418426638064,1,X_scGPT,mil,0.5,42
erlotinib,SW1990_PANCREAS,0.8841389417648315,0.9487228550817757,5,X_scGPT,mil,0.5,42
erlotinib,SW579_THYROID,0.9727556109428406,1.0422731934604557,3,X_scGPT,mil,0.5,42
erlotinib,T47D_BREAST,0.9229445457458496,0.9594888800409584,1,X_scGPT,mil,0.5,42
erlotinib,TCCSUP_URINARY_TRACT,0.9192463755607605,0.9893834430582916,3,X_scGPT,mil,0.5,42
erlotinib,TE10_OESOPHAGUS,0.8801246285438538,0.7972411679350622,4,X_scGPT,mil,0.5,42
erlotinib,TE14_OESOPHAGUS,0.708821177482605,0.778610910167171,1,X_scGPT,mil,0.5,42
erlotinib,TE1_OESOPHAGUS,0.8910790681838989,0.8109970810343918,4,X_scGPT,mil,0.5,42
erlotinib,TE6_OESOPHAGUS,0.8162715435028076,0.7612820882113572,2,X_scGPT,mil,0.5,42
erlotinib,TE9_OESOPHAGUS,0.875459611415863,0.7582764214565677,2,X_scGPT,mil,0.5,42
erlotinib,TM31_CENTRAL_NERVOUS_SYSTEM,0.9484850168228149,0.8845963611684996,2,X_scGPT,mil,0.5,42
erlotinib,TOV112D_OVARY,0.8339627385139465,0.9523398387126434,2,X_scGPT,mil,0.5,42
erlotinib,UACC257_SKIN,1.0504016876220703,0.9258801627857416,1,X_scGPT,mil,0.5,42
erlotinib,VMCUB1_URINARY_TRACT,0.7953813672065735,0.7944125973280504,4,X_scGPT,mil,0.5,42
erlotinib,VMRCRCZ_KIDNEY,0.8398489952087402,0.8662773009141286,2,X_scGPT,mil,0.5,42
erlotinib,YD38_UPPER_AERODIGESTIVE_TRACT,0.5701578259468079,0.766742833913901,4,X_scGPT,mil,0.5,42
erlotinib,ZR751_BREAST,0.8760277032852173,1.0242909353142031,1,X_scGPT,mil,0.5,42
sorafenib,42MGBA_CENTRAL_NERVOUS_SYSTEM,0.7620083093643188,0.8470743012014043,4,X_scGPT,mil,0.5,42
sorafenib,8305C_THYROID,0.9253087043762207,0.8816118516953163,4,X_scGPT,mil,0.5,42
sorafenib,A204_SOFT_TISSUE,0.5694727897644043,0.8318762376308441,4,X_scGPT,mil,0.5,42
sorafenib,A2058_SKIN,0.8890812397003174,0.8334948436743548,5,X_scGPT,mil,0.5,42
sorafenib,A375_SKIN,1.027357578277588,0.8462494724315496,3,X_scGPT,mil,0.5,42
sorafenib,ACCMESO1_PLEURA,0.9610148668289185,0.8853223574014357,2,X_scGPT,mil,0.5,42
sorafenib,ASPC1_PANCREAS,0.8247990012168884,0.8938011983345295,4,X_scGPT,mil,0.5,42
sorafenib,BCPAP_THYROID,0.9238057732582092,0.8687078364585575,4,X_scGPT,mil,0.5,42
sorafenib,BFTC909_KIDNEY,0.9635162949562073,0.8625675529477465,5,X_scGPT,mil,0.5,42
sorafenib,BHY_UPPER_AERODIGESTIVE_TRACT,0.9516038298606873,0.8868976494361615,3,X_scGPT,mil,0.5,42
sorafenib,BICR16_UPPER_AERODIGESTIVE_TRACT,0.9785931706428528,0.9241739235958963,5,X_scGPT,mil,0.5,42
sorafenib,BICR31_UPPER_AERODIGESTIVE_TRACT,0.9844813942909241,0.9189937494454845,3,X_scGPT,mil,0.5,42
sorafenib,BICR56_UPPER_AERODIGESTIVE_TRACT,1.0484936237335205,0.9151755218152646,3,X_scGPT,mil,0.5,42
sorafenib,BICR6_UPPER_AERODIGESTIVE_TRACT,0.9508293867111206,0.9440676315681084,5,X_scGPT,mil,0.5,42
sorafenib,BT474_BREAST,0.7563530802726746,0.8814286236763,4,X_scGPT,mil,0.5,42
sorafenib,BT549_BREAST,0.9377016425132751,0.8300708928950747,1,X_scGPT,mil,0.5,42
sorafenib,CAKI2_KIDNEY,0.8227479457855225,0.9096678701236094,4,X_scGPT,mil,0.5,42
sorafenib,CALU6_LUNG,0.7486880421638489,0.8483754142310268,3,X_scGPT,mil,0.5,42
sorafenib,CAMA1_BREAST,0.8539245128631592,0.9055723914575741,3,X_scGPT,mil,0.5,42
sorafenib,CAS1_CENTRAL_NERVOUS_SYSTEM,1.0254175662994385,0.8290313011721561,1,X_scGPT,mil,0.5,42
sorafenib,CCFSTTG1_CENTRAL_NERVOUS_SYSTEM,0.842994213104248,0.8874866821901585,5,X_scGPT,mil,0.5,42
sorafenib,COLO792_SKIN,0.7970544099807739,0.8886381897979116,2,X_scGPT,mil,0.5,42
sorafenib,COV434_OVARY,0.785873532295227,0.8489077165722847,4,X_scGPT,mil,0.5,42
sorafenib,DETROIT562_UPPER_AERODIGESTIVE_TRACT,0.9547587633132935,0.9840444417818923,2,X_scGPT,mil,0.5,42
sorafenib,DKMG_CENTRAL_NERVOUS_SYSTEM,0.9341744780540466,0.8462949736091924,5,X_scGPT,mil,0.5,42
sorafenib,EBC1_LUNG,0.8767582774162292,0.8848765915439974,3,X_scGPT,mil,0.5,42
sorafenib,EFE184_ENDOMETRIUM,0.9274181723594666,0.9088690904683845,4,X_scGPT,mil,0.5,42
sorafenib,EKVX_LUNG,0.7959703803062439,0.9265276524302077,2,X_scGPT,mil,0.5,42
sorafenib,FTC133_THYROID,0.8832694292068481,0.8699796727725437,3,X_scGPT,mil,0.5,42
sorafenib,GOS3_CENTRAL_NERVOUS_SYSTEM,0.8840194344520569,0.9052571738577638,2,X_scGPT,mil,0.5,42
sorafenib,HCC1428_BREAST,0.8387742042541504,0.9241781098636117,5,X_scGPT,mil,0.5,42
sorafenib,HCC366_LUNG,0.9401351809501648,0.8953985064336569,5,X_scGPT,mil,0.5,42
sorafenib,HCC38_BREAST,0.86554354429245,0.9228025418519974,5,X_scGPT,mil,0.5,42
sorafenib,HCC56_LARGE_INTESTINE,0.8666735291481018,0.8918661252416745,3,X_scGPT,mil,0.5,42
sorafenib,HDQP1_BREAST,1.0866868495941162,0.8906031744554639,3,X_scGPT,mil,0.5,42
sorafenib,HEC151_ENDOMETRIUM,0.8457918167114258,0.892996029138565,4,X_scGPT,mil,0.5,42
sorafenib,HEC251_ENDOMETRIUM,0.9381492137908936,0.8750253186047634,3,X_scGPT,mil,0.5,42
sorafenib,HEC6_ENDOMETRIUM,0.9477641582489014,0.9048130367853626,1,X_scGPT,mil,0.5,42
sorafenib,HEP3B217_LIVER,0.8732810020446777,0.9276859679464566,2,X_scGPT,mil,0.5,42
sorafenib,HMC18_BREAST,0.9106922149658203,0.8944687147596183,2,X_scGPT,mil,0.5,42
sorafenib,HOS_BONE,0.7735216021537781,0.8641018645323373,4,X_scGPT,mil,0.5,42
sorafenib,HS852T_SKIN,1.1187642812728882,0.8840723920751501,3,X_scGPT,mil,0.5,42
sorafenib,HT1080_SOFT_TISSUE,0.7839909195899963,0.8364630522885064,5,X_scGPT,mil,0.5,42
sorafenib,HT1197_URINARY_TRACT,0.6287790536880493,0.9339385346786396,4,X_scGPT,mil,0.5,42
sorafenib,HT55_LARGE_INTESTINE,0.8548980951309204,0.8506513930045033,1,X_scGPT,mil,0.5,42
sorafenib,HUH28_BILIARY_TRACT,0.9776293635368347,0.892226972168298,2,X_scGPT,mil,0.5,42
sorafenib,HUH6_LIVER,0.7311108112335205,0.8350842681509503,4,X_scGPT,mil,0.5,42
sorafenib,HUPT3_PANCREAS,0.8269335031509399,0.9584270430838361,5,X_scGPT,mil,0.5,42
sorafenib,HUPT4_PANCREAS,0.9032252430915833,0.8641849117619651,5,X_scGPT,mil,0.5,42
sorafenib,IALM_LUNG,0.7974401116371155,0.8794163608032725,4,X_scGPT,mil,0.5,42
sorafenib,IGR1_SKIN,0.8896166086196899,0.8197055424492935,5,X_scGPT,mil,0.5,42
sorafenib,IGR37_SKIN,0.879531741142273,0.8606474066330307,2,X_scGPT,mil,0.5,42
sorafenib,IM95_STOMACH,0.8234829306602478,0.9026791169836714,4,X_scGPT,mil,0.5,42
sorafenib,JHH6_LIVER,0.9246944785118103,0.8799198223549185,3,X_scGPT,mil,0.5,42
sorafenib,JHOC5_OVARY,0.920386791229248,0.9079618273110225,5,X_scGPT,mil,0.5,42
sorafenib,KALS1_CENTRAL_NERVOUS_SYSTEM,0.8867756128311157,0.9103440979702605,2,X_scGPT,mil,0.5,42
sorafenib,KMRC3_KIDNEY,0.8500622510910034,0.8951463979117724,1,X_scGPT,mil,0.5,42
sorafenib,KNS42_CENTRAL_NERVOUS_SYSTEM,0.7692263722419739,0.8707979758118474,4,X_scGPT,mil,0.5,42
sorafenib,KPL1_BREAST,0.9400314688682556,0.8907677842223126,3,X_scGPT,mil,0.5,42
sorafenib,KPNSI9S_AUTONOMIC_GANGLIA,0.9903244972229004,0.805461909881858,5,X_scGPT,mil,0.5,42
sorafenib,KYSE520_OESOPHAGUS,0.877751350402832,0.970293147460595,2,X_scGPT,mil,0.5,42
sorafenib,LI7_LIVER,0.7640031576156616,0.8902556853634971,4,X_scGPT,mil,0.5,42
sorafenib,LMSU_STOMACH,0.7875993847846985,0.920740368085749,2,X_scGPT,mil,0.5,42
sorafenib,LNCAPCLONEFGC_PROSTATE,0.7684576511383057,0.8605229822240135,2,X_scGPT,mil,0.5,42
sorafenib,LS1034_LARGE_INTESTINE,0.8613359928131104,0.8877114531112044,4,X_scGPT,mil,0.5,42
sorafenib,LS180_LARGE_INTESTINE,0.9402288794517517,0.8775279898392526,3,X_scGPT,mil,0.5,42
sorafenib,MCF7_BREAST,0.9517213106155396,0.8785512368162195,1,X_scGPT,mil,0.5,42
sorafenib,MDAMB361_BREAST,0.8062521815299988,0.8312843203544616,1,X_scGPT,mil,0.5,42
sorafenib,MFE319_ENDOMETRIUM,0.7475056648254395,0.9201913257543953,2,X_scGPT,mil,0.5,42
sorafenib,MKN45_STOMACH,0.9648969173431396,0.9124261802535946,1,X_scGPT,mil,0.5,42
sorafenib,MKN7_STOMACH,0.7809563279151917,0.9023000426994737,5,X_scGPT,mil,0.5,42
sorafenib,MSTO211H_PLEURA,0.7477384805679321,0.8244483011338847,1,X_scGPT,mil,0.5,42
sorafenib,NCIH1299_LUNG,0.935891330242157,0.8817522247855583,2,X_scGPT,mil,0.5,42
sorafenib,NCIH1373_LUNG,0.8798536062240601,0.8904746516448695,3,X_scGPT,mil,0.5,42
sorafenib,NCIH1435_LUNG,1.1175224781036377,0.9118561537078257,3,X_scGPT,mil,0.5,42
sorafenib,NCIH1792_LUNG,0.9024240374565125,0.8518600071872677,4,X_scGPT,mil,0.5,42
sorafenib,NCIH1944_LUNG,0.7645619511604309,0.9443241065539024,2,X_scGPT,mil,0.5,42
sorafenib,NCIH2087_LUNG,0.6904840469360352,0.9308572416980517,5,X_scGPT,mil,0.5,42
sorafenib,NCIH2110_LUNG,0.8479146957397461,0.9328122977335849,1,X_scGPT,mil,0.5,42
sorafenib,NCIH2126_LUNG,1.0344574451446533,0.9274681831399599,4,X_scGPT,mil,0.5,42
sorafenib,NCIH2170_LUNG,0.8312334418296814,0.8811734478238603,4,X_scGPT,mil,0.5,42
sorafenib,NCIH2228_LUNG,0.8375949263572693,0.8917778209054827,3,X_scGPT,mil,0.5,42
sorafenib,NCIH226_LUNG,0.8705545663833618,0.8730898722689202,1,X_scGPT,mil,0.5,42
sorafenib,NCIH2452_PLEURA,0.8317050337791443,0.8508439906024579,3,X_scGPT,mil,0.5,42
sorafenib,NCIH292_LUNG,0.9365999102592468,0.8900034002295123,3,X_scGPT,mil,0.5,42
sorafenib,NCIH358_LUNG,0.8402299284934998,0.9205859746961367,1,X_scGPT,mil,0.5,42
sorafenib,NCIH446_LUNG,0.8009206056594849,0.8051190738167081,3,X_scGPT,mil,0.5,42
sorafenib,NCIH460_LUNG,0.9303207993507385,0.8461185580513383,3,X_scGPT,mil,0.5,42
sorafenib,NCIH522_LUNG,0.8639686107635498,0.8783059211877676,2,X_scGPT,mil,0.5,42
sorafenib,NCIH650_LUNG,0.9268368482589722,0.8740795604417245,5,X_scGPT,mil,0.5,42
sorafenib,NCIH747_LARGE_INTESTINE,0.8629636764526367,0.9396140038967132,5,X_scGPT,mil,0.5,42
sorafenib,OAW28_OVARY,0.9492865204811096,0.8615649461005785,5,X_scGPT,mil,0.5,42
sorafenib,ONCODG1_OVARY,0.9276169538497925,0.9558585654806208,2,X_scGPT,mil,0.5,42
sorafenib,OSRC2_KIDNEY,0.9674766659736633,0.8718865031287784,3,X_scGPT,mil,0.5,42
sorafenib,OUMS23_LARGE_INTESTINE,0.9748827815055847,0.7895543112933079,5,X_scGPT,mil,0.5,42
sorafenib,OVCAR4_OVARY,0.9750659465789795,0.9493456160643076,1,X_scGPT,mil,0.5,42
sorafenib,OVK18_OVARY,0.8941791653633118,0.8119785999983884,5,X_scGPT,mil,0.5,42
sorafenib,OVSAHO_OVARY,0.9573771357536316,0.9097421332077833,2,X_scGPT,mil,0.5,42
sorafenib,OVTOKO_OVARY,0.9591962695121765,0.9418518278016998,2,X_scGPT,mil,0.5,42
sorafenib,PANC0203_PANCREAS,0.8843251466751099,0.9090206487612291,3,X_scGPT,mil,0.5,42
sorafenib,PATU8988S_PANCREAS,0.8434209823608398,0.991515053588836,2,X_scGPT,mil,0.5,42
sorafenib,PC3_PROSTATE,0.8169124722480774,0.8556900740375181,1,X_scGPT,mil,0.5,42
sorafenib,PECAPJ49_UPPER_AERODIGESTIVE_TRACT,0.9694474935531616,0.9933833515289987,1,X_scGPT,mil,0.5,42
sorafenib,PK45H_PANCREAS,0.9857468008995056,0.8787319616198099,4,X_scGPT,mil,0.5,42
sorafenib,PK59_PANCREAS,0.9894026517868042,0.8883714285390131,5,X_scGPT,mil,0.5,42
sorafenib,RCC10RGB_KIDNEY,0.9638580083847046,0.8520514816685296,5,X_scGPT,mil,0.5,42
sorafenib,RCM1_LARGE_INTESTINE,0.9093775749206543,0.8806559429503977,3,X_scGPT,mil,0.5,42
sorafenib,RD_SOFT_TISSUE,0.812127411365509,0.8129143016091709,1,X_scGPT,mil,0.5,42
sorafenib,RERFLCAD1_LUNG,0.9769673943519592,0.8414861027595928,5,X_scGPT,mil,0.5,42
sorafenib,RERFLCAI_LUNG,0.821485161781311,0.8744678970714385,5,X_scGPT,mil,0.5,42
sorafenib,RT4_URINARY_TRACT,1.0305711030960083,0.8670285141692972,5,X_scGPT,mil,0.5,42
sorafenib,RVH421_SKIN,0.7901917099952698,0.848101543831526,4,X_scGPT,mil,0.5,42
sorafenib,SCC25_UPPER_AERODIGESTIVE_TRACT,0.887211263179779,1.0015558936282627,2,X_scGPT,mil,0.5,42
sorafenib,SCC9_UPPER_AERODIGESTIVE_TRACT,0.9200924634933472,0.9205024844721744,2,X_scGPT,mil,0.5,42
sorafenib,SH10TC_STOMACH,0.836710512638092,0.7969300237476317,5,X_scGPT,mil,0.5,42
sorafenib,SKES1_BONE,0.826363742351532,0.8591069644624061,2,X_scGPT,mil,0.5,42
sorafenib,SKMEL30_SKIN,0.8652834296226501,0.8692235325281072,1,X_scGPT,mil,0.5,42
sorafenib,SKMEL5_SKIN,0.8153934478759766,0.8750098981841244,4,X_scGPT,mil,0.5,42
sorafenib,SKNAS_AUTONOMIC_GANGLIA,0.8148652911186218,0.8617370376544716,2,X_scGPT,mil,0.5,42
sorafenib,SNU1079_BILIARY_TRACT,1.00655996799469,0.9117678771280262,1,X_scGPT,mil,0.5,42
sorafenib,SNU1214_UPPER_AERODIGESTIVE_TRACT,0.9543975591659546,0.9674882536872904,1,X_scGPT,mil,0.5,42
sorafenib,SNU308_BILIARY_TRACT,1.012415885925293,0.9418086866115002,1,X_scGPT,mil,0.5,42
sorafenib,SNU423_LIVER,0.866847813129425,0.8747486056021925,4,X_scGPT,mil,0.5,42
sorafenib,SNU449_LIVER,0.8178927302360535,0.8761569286914582,3,X_scGPT,mil,0.5,42
sorafenib,SNU46_UPPER_AERODIGESTIVE_TRACT,0.9638913869857788,0.9029263316069619,4,X_scGPT,mil,0.5,42
sorafenib,SNU738_CENTRAL_NERVOUS_SYSTEM,1.02228844165802,0.8818567637403282,1,X_scGPT,mil,0.5,42
sorafenib,SNU899_UPPER_AERODIGESTIVE_TRACT,0.91452956199646,0.9667467367218201,2,X_scGPT,mil,0.5,42
sorafenib,SNUC4_LARGE_INTESTINE,0.9002644419670105,0.8491702462672166,5,X_scGPT,mil,0.5,42
sorafenib,SQ1_LUNG,0.7700835466384888,0.8967976239549011,3,X_scGPT,mil,0.5,42
sorafenib,SU8686_PANCREAS,0.8709826469421387,0.9316357999313168,1,X_scGPT,mil,0.5,42
sorafenib,SW1088_CENTRAL_NERVOUS_SYSTEM,0.9265447854995728,0.857434431090951,4,X_scGPT,mil,0.5,42
sorafenib,SW1271_LUNG,0.8496569991111755,0.8921579728955807,1,X_scGPT,mil,0.5,42
sorafenib,SW1990_PANCREAS,0.8949580192565918,0.8615186288224758,5,X_scGPT,mil,0.5,42
sorafenib,SW579_THYROID,0.5449548959732056,0.8862203480461226,3,X_scGPT,mil,0.5,42
sorafenib,T47D_BREAST,0.8224495649337769,0.8613960956016816,1,X_scGPT,mil,0.5,42
sorafenib,TCCSUP_URINARY_TRACT,0.8422660231590271,0.8670925590433652,3,X_scGPT,mil,0.5,42
sorafenib,TE10_OESOPHAGUS,0.9554001688957214,0.9213732712345036,4,X_scGPT,mil,0.5,42
sorafenib,TE14_OESOPHAGUS,0.9149248003959656,0.9465829445842953,1,X_scGPT,mil,0.5,42
sorafenib,TE1_OESOPHAGUS,1.0303728580474854,0.9121881474569006,4,X_scGPT,mil,0.5,42
sorafenib,TE9_OESOPHAGUS,0.9407044053077698,0.9874824696490841,2,X_scGPT,mil,0.5,42
sorafenib,TM31_CENTRAL_NERVOUS_SYSTEM,0.7330820560455322,0.9079932991800637,2,X_scGPT,mil,0.5,42
sorafenib,TOV112D_OVARY,0.7878868579864502,0.8597642168020591,2,X_scGPT,mil,0.5,42
sorafenib,UACC257_SKIN,0.8443854451179504,0.8585576023516794,1,X_scGPT,mil,0.5,42
sorafenib,UMUC1_URINARY_TRACT,0.7282541990280151,0.9772051288391733,1,X_scGPT,mil,0.5,42
sorafenib,VMCUB1_URINARY_TRACT,0.8223852515220642,0.9146230158446723,4,X_scGPT,mil,0.5,42
sorafenib,VMRCRCZ_KIDNEY,0.79443359375,0.9067433734734853,2,X_scGPT,mil,0.5,42
sorafenib,YD38_UPPER_AERODIGESTIVE_TRACT,0.9437626004219055,0.9166839728370691,4,X_scGPT,mil,0.5,42
sorafenib,ZR751_BREAST,1.043095350265503,0.7944347983810894,1,X_scGPT,mil,0.5,42
dasatinib,42MGBA_CENTRAL_NERVOUS_SYSTEM,0.4334654211997986,0.7669901712060435,4,X_scGPT,mil,0.5,42
dasatinib,8305C_THYROID,0.4926874339580536,0.6239570488986886,4,X_scGPT,mil,0.5,42
dasatinib,A204_SOFT_TISSUE,0.4259912371635437,0.830371399641037,4,X_scGPT,mil,0.5,42
dasatinib,A2058_SKIN,0.9994200468063354,0.8250403548179029,5,X_scGPT,mil,0.5,42
dasatinib,A375_SKIN,0.8268100023269653,0.7534300672867246,3,X_scGPT,mil,0.5,42
dasatinib,ACCMESO1_PLEURA,0.730863094329834,0.57155675192674,2,X_scGPT,mil,0.5,42
dasatinib,ASPC1_PANCREAS,0.8027234077453613,0.6858608798734073,4,X_scGPT,mil,0.5,42
dasatinib,BCPAP_THYROID,0.5075414776802063,0.6772983787875426,4,X_scGPT,mil,0.5,42
dasatinib,BFTC909_KIDNEY,0.8652351498603821,0.669089110671373,5,X_scGPT,mil,0.5,42
dasatinib,BHY_UPPER_AERODIGESTIVE_TRACT,0.48131436109542847,0.5638024062945926,3,X_scGPT,mil,0.5,42
dasatinib,BICR16_UPPER_AERODIGESTIVE_TRACT,0.6939761638641357,0.5949453251822939,5,X_scGPT,mil,0.5,42
dasatinib,BICR31_UPPER_AERODIGESTIVE_TRACT,0.513609766960144,0.5892599452166788,3,X_scGPT,mil,0.5,42
dasatinib,BICR56_UPPER_AERODIGESTIVE_TRACT,0.35828065872192383,0.48402748358102493,3,X_scGPT,mil,0.5,42
dasatinib,BICR6_UPPER_AERODIGESTIVE_TRACT,0.447648286819458,0.6333924131793576,5,X_scGPT,mil,0.5,42
dasatinib,BT474_BREAST,0.7905335426330566,0.9352555093765259,4,X_scGPT,mil,0.5,42
dasatinib,BT549_BREAST,0.6169654130935669,0.6272738006778229,1,X_scGPT,mil,0.5,42
dasatinib,CAKI2_KIDNEY,0.544165313243866,0.6402249087532648,4,X_scGPT,mil,0.5,42
dasatinib,CALU6_LUNG,0.8003680109977722,0.7142997638199681,3,X_scGPT,mil,0.5,42
dasatinib,CAMA1_BREAST,1.0918281078338623,0.8109567218629765,3,X_scGPT,mil,0.5,42
dasatinib,CAS1_CENTRAL_NERVOUS_SYSTEM,0.6615645289421082,0.618797637018046,1,X_scGPT,mil,0.5,42
dasatinib,CCFSTTG1_CENTRAL_NERVOUS_SYSTEM,0.6407906413078308,0.6445972056892829,5,X_scGPT,mil,0.5,42
dasatinib,COLO792_SKIN,0.9551751613616943,0.7782245691851936,2,X_scGPT,mil,0.5,42
dasatinib,COV434_OVARY,0.7681589722633362,0.9049454636194489,4,X_scGPT,mil,0.5,42
dasatinib,DETROIT562_UPPER_AERODIGESTIVE_TRACT,0.5410073399543762,0.5755857832592689,2,X_scGPT,mil,0.5,42
dasatinib,DKMG_CENTRAL_NERVOUS_SYSTEM,0.5324797630310059,0.6382303096051586,5,X_scGPT,mil,0.5,42
dasatinib,EBC1_LUNG,0.644189715385437,0.612958447426878,3,X_scGPT,mil,0.5,42
dasatinib,EFE184_ENDOMETRIUM,0.5172581672668457,0.7152458193690278,4,X_scGPT,mil,0.5,42
dasatinib,EFM192A_BREAST,0.8132383823394775,0.8046649334666965,5,X_scGPT,mil,0.5,42
dasatinib,EKVX_LUNG,0.9910260438919067,0.6061468369340244,2,X_scGPT,mil,0.5,42
dasatinib,FTC133_THYROID,0.8035446405410767,0.6520107235227313,3,X_scGPT,mil,0.5,42
dasatinib,GOS3_CENTRAL_NERVOUS_SYSTEM,0.8528508543968201,0.5399912904694443,2,X_scGPT,mil,0.5,42
dasatinib,HCC1428_BREAST,0.8256688714027405,0.8675128268444632,5,X_scGPT,mil,0.5,42
dasatinib,HCC366_LUNG,0.5510829091072083,0.637326064971414,5,X_scGPT,mil,0.5,42
dasatinib,HCC38_BREAST,0.6819133758544922,0.7346224683523178,5,X_scGPT,mil,0.5,42
dasatinib,HCC56_LARGE_INTESTINE,0.9015623331069946,0.7513153745670511,3,X_scGPT,mil,0.5,42
dasatinib,HDQP1_BREAST,0.5586175918579102,0.6598973041400313,3,X_scGPT,mil,0.5,42
dasatinib,HEC151_ENDOMETRIUM,0.5504109263420105,0.7401379246711731,4,X_scGPT,mil,0.5,42
dasatinib,HEC251_ENDOMETRIUM,0.6840876340866089,0.650925541871062,3,X_scGPT,mil,0.5,42
dasatinib,HEC6_ENDOMETRIUM,0.654520571231842,0.6745839844579282,1,X_scGPT,mil,0.5,42
dasatinib,HEP3B217_LIVER,0.9273844957351685,0.5985750273122625,2,X_scGPT,mil,0.5,42
dasatinib,HMC18_BREAST,0.9990564584732056,0.6816701545243378,2,X_scGPT,mil,0.5,42
dasatinib,HOS_BONE,0.6318181157112122,0.7173278841523698,4,X_scGPT,mil,0.5,42
dasatinib,HS852T_SKIN,0.5268118381500244,0.6979809951635054,3,X_scGPT,mil,0.5,42
dasatinib,HT1080_SOFT_TISSUE,0.6010266542434692,0.7183255590209665,5,X_scGPT,mil,0.5,42
dasatinib,HT1197_URINARY_TRACT,0.7041679620742798,0.5655672485763962,4,X_scGPT,mil,0.5,42
dasatinib,HT55_LARGE_INTESTINE,0.7281989455223083,0.8980301672248479,1,X_scGPT,mil,0.5,42
dasatinib,HUH28_BILIARY_TRACT,0.439780056476593,0.5178386916359552,2,X_scGPT,mil,0.5,42
dasatinib,HUH6_LIVER,0.7917959094047546,0.9094804513031209,4,X_scGPT,mil,0.5,42
dasatinib,HUPT3_PANCREAS,0.4473266899585724,0.6287938159178285,5,X_scGPT,mil,0.5,42
dasatinib,HUPT4_PANCREAS,0.22050006687641144,0.6681225523352623,5,X_scGPT,mil,0.5,42
dasatinib,IALM_LUNG,0.6642125844955444,0.731287563809697,4,X_scGPT,mil,0.5,42
dasatinib,IGR1_SKIN,0.9082956314086914,0.9295310392050907,5,X_scGPT,mil,0.5,42
dasatinib,IGR37_SKIN,0.8115305304527283,0.9628544228221223,2,X_scGPT,mil,0.5,42
dasatinib,IM95_STOMACH,0.6393032670021057,0.8265518800632373,4,X_scGPT,mil,0.5,42
dasatinib,JHH6_LIVER,0.9760308265686035,0.672584218886292,3,X_scGPT,mil,0.5,42
dasatinib,JHOC5_OVARY,0.5276264548301697,0.6815672549708136,5,X_scGPT,mil,0.5,42
dasatinib,KALS1_CENTRAL_NERVOUS_SYSTEM,0.6172302961349487,0.5116540062137775,2,X_scGPT,mil,0.5,42
dasatinib,KMRC3_KIDNEY,0.4987582862377167,0.62791746392542,1,X_scGPT,mil,0.5,42
dasatinib,KNS42_CENTRAL_NERVOUS_SYSTEM,0.8199730515480042,0.7251034160686094,4,X_scGPT,mil,0.5,42
dasatinib,KPL1_BREAST,0.7372479438781738,0.8957556842461877,3,X_scGPT,mil,0.5,42
dasatinib,KPNSI9S_AUTONOMIC_GANGLIA,0.5606821179389954,0.6690245792847271,5,X_scGPT,mil,0.5,42
dasatinib,KYSE520_OESOPHAGUS,0.4756965637207031,0.5666369700763986,2,X_scGPT,mil,0.5,42
dasatinib,LI7_LIVER,0.5311142802238464,0.7791313854407291,4,X_scGPT,mil,0.5,42
dasatinib,LMSU_STOMACH,0.5103955268859863,0.5109111854843065,2,X_scGPT,mil,0.5,42
dasatinib,LNCAPCLONEFGC_PROSTATE,0.8158725500106812,1.0044021047362985,2,X_scGPT,mil,0.5,42
dasatinib,LS1034_LARGE_INTESTINE,0.8595411777496338,0.819177897009131,4,X_scGPT,mil,0.5,42
dasatinib,LS180_LARGE_INTESTINE,0.6963598132133484,0.7594778384198112,3,X_scGPT,mil,0.5,42
dasatinib,MCF7_BREAST,0.8226410150527954,0.8410997007276628,1,X_scGPT,mil,0.5,42
dasatinib,MDAMB361_BREAST,0.9532812237739563,0.9495923859101755,1,X_scGPT,mil,0.5,42
dasatinib,MFE319_ENDOMETRIUM,0.8195475935935974,0.6968149408620066,2,X_scGPT,mil,0.5,42
dasatinib,MKN45_STOMACH,0.93873530626297,0.7377428700358181,1,X_scGPT,mil,0.5,42
dasatinib,MKN7_STOMACH,0.59619140625,0.7201808108839878,5,X_scGPT,mil,0.5,42
dasatinib,MSTO211H_PLEURA,0.5750836133956909,0.6913370233192186,1,X_scGPT,mil,0.5,42
dasatinib,NCIH1299_LUNG,0.6297326683998108,0.6280889906240313,2,X_scGPT,mil,0.5,42
dasatinib,NCIH1373_LUNG,0.6252244710922241,0.6357677889669814,3,X_scGPT,mil,0.5,42
dasatinib,NCIH1435_LUNG,0.47326037287712097,0.688408420103766,3,X_scGPT,mil,0.5,42
dasatinib,NCIH1792_LUNG,0.6707721948623657,0.7783078905698415,4,X_scGPT,mil,0.5,42
dasatinib,NCIH1944_LUNG,0.8082422018051147,0.6180472597119889,2,X_scGPT,mil,0.5,42
dasatinib,NCIH2087_LUNG,0.595470130443573,0.6572280087971796,5,X_scGPT,mil,0.5,42
dasatinib,NCIH2110_LUNG,0.7364413738250732,0.7026566595737659,1,X_scGPT,mil,0.5,42
dasatinib,NCIH2126_LUNG,0.8638811707496643,0.7006131159988317,4,X_scGPT,mil,0.5,42
dasatinib,NCIH2170_LUNG,0.7118402123451233,0.878622357694196,4,X_scGPT,mil,0.5,42
dasatinib,NCIH2228_LUNG,0.6331348419189453,0.6016974372012739,3,X_scGPT,mil,0.5,42
dasatinib,NCIH226_LUNG,0.7791048884391785,0.6003367477274956,1,X_scGPT,mil,0.5,42
dasatinib,NCIH2444_LUNG,0.5421454906463623,0.6479375945867868,3,X_scGPT,mil,0.5,42
dasatinib,NCIH2452_PLEURA,0.5246762037277222,0.6581464563825317,3,X_scGPT,mil,0.5,42
dasatinib,NCIH292_LUNG,0.5705883502960205,0.590186381004226,3,X_scGPT,mil,0.5,42
dasatinib,NCIH358_LUNG,0.576813817024231,0.658031952345655,1,X_scGPT,mil,0.5,42
dasatinib,NCIH446_LUNG,0.6678470373153687,0.7918726680230121,3,X_scGPT,mil,0.5,42
dasatinib,NCIH460_LUNG,0.9236070513725281,0.8264742825478494,3,X_scGPT,mil,0.5,42
dasatinib,NCIH522_LUNG,0.6360405683517456,0.6261955872178078,2,X_scGPT,mil,0.5,42
dasatinib,NCIH650_LUNG,0.7932010889053345,0.6526038378367125,5,X_scGPT,mil,0.5,42
dasatinib,NCIH747_LARGE_INTESTINE,0.5042724013328552,0.6900583062320947,5,X_scGPT,mil,0.5,42
dasatinib,OAW28_OVARY,0.5247742533683777,0.712539289678846,5,X_scGPT,mil,0.5,42
dasatinib,ONCODG1_OVARY,0.5328340530395508,0.5814252383179135,2,X_scGPT,mil,0.5,42
dasatinib,OSRC2_KIDNEY,0.5809530019760132,0.642077980060426,3,X_scGPT,mil,0.5,42
dasatinib,OUMS23_LARGE_INTESTINE,0.7905162572860718,0.7591639311514168,5,X_scGPT,mil,0.5,42
dasatinib,OVCAR4_OVARY,0.6255381107330322,0.5904555057468347,1,X_scGPT,mil,0.5,42
dasatinib,OVK18_OVARY,0.8288588523864746,0.8200524402468392,5,X_scGPT,mil,0.5,42
dasatinib,OVSAHO_OVARY,0.7816910743713379,0.671145802815055,2,X_scGPT,mil,0.5,42
dasatinib,OVTOKO_OVARY,0.5526567101478577,0.5891375136717655,2,X_scGPT,mil,0.5,42
dasatinib,PANC0203_PANCREAS,0.7578325271606445,0.6569862151334408,3,X_scGPT,mil,0.5,42
dasatinib,PATU8988S_PANCREAS,0.6856508851051331,0.7053058518738043,2,X_scGPT,mil,0.5,42
dasatinib,PC3_PROSTATE,0.7604544758796692,0.6864912700370924,1,X_scGPT,mil,0.5,42
dasatinib,PECAPJ49_UPPER_AERODIGESTIVE_TRACT,0.3881136178970337,0.5154063889000675,1,X_scGPT,mil,0.5,42
dasatinib,PK45H_PANCREAS,0.7003129720687866,0.6988527941967728,4,X_scGPT,mil,0.5,42
dasatinib,PK59_PANCREAS,0.5517120361328125,0.7394182246991958,5,X_scGPT,mil,0.5,42
dasatinib,RCC10RGB_KIDNEY,0.8883867859840393,0.6466392579252628,5,X_scGPT,mil,0.5,42
dasatinib,RCM1_LARGE_INTESTINE,0.7874229550361633,0.6974813635461032,3,X_scGPT,mil,0.5,42
dasatinib,RD_SOFT_TISSUE,0.6753624677658081,0.6674007522192038,1,X_scGPT,mil,0.5,42
dasatinib,RERFLCAD1_LUNG,0.8144843578338623,0.7040398238617697,5,X_scGPT,mil,0.5,42
dasatinib,RERFLCAI_LUNG,0.7495109438896179,0.6675675356684944,5,X_scGPT,mil,0.5,42
dasatinib,RT4_URINARY_TRACT,0.6999799609184265,0.7620936289148511,5,X_scGPT,mil,0.5,42
dasatinib,RVH421_SKIN,0.8497257828712463,0.764966716078036,4,X_scGPT,mil,0.5,42
dasatinib,SCC25_UPPER_AERODIGESTIVE_TRACT,0.3265823721885681,0.49147466711185556,2,X_scGPT,mil,0.5,42
dasatinib,SCC9_UPPER_AERODIGESTIVE_TRACT,0.6016831398010254,0.479785477362181,2,X_scGPT,mil,0.5,42
dasatinib,SH10TC_STOMACH,0.8169143199920654,0.7015846920149279,5,X_scGPT,mil,0.5,42
dasatinib,SKES1_BONE,0.9750837683677673,0.6413468639929216,2,X_scGPT,mil,0.5,42
dasatinib,SKMEL30_SKIN,0.9788858294487,0.8055418579504104,1,X_scGPT,mil,0.5,42
dasatinib,SKMEL5_SKIN,0.9444921016693115,0.9348248688861577,4,X_scGPT,mil,0.5,42
dasatinib,SKNAS_AUTONOMIC_GANGLIA,0.7405744791030884,0.6509389695340553,2,X_scGPT,mil,0.5,42
dasatinib,SNU1079_BILIARY_TRACT,0.07737455517053604,0.6584469292261829,1,X_scGPT,mil,0.5,42
dasatinib,SNU1214_UPPER_AERODIGESTIVE_TRACT,0.39772874116897583,0.5274734620718246,1,X_scGPT,mil,0.5,42
dasatinib,SNU308_BILIARY_TRACT,0.6171565651893616,0.6473724696230381,1,X_scGPT,mil,0.5,42
dasatinib,SNU423_LIVER,0.5482215285301208,0.623491754931099,4,X_scGPT,mil,0.5,42
dasatinib,SNU449_LIVER,0.5068399906158447,0.6092478758688514,3,X_scGPT,mil,0.5,42
dasatinib,SNU46_UPPER_AERODIGESTIVE_TRACT,0.6070349216461182,0.6086658693976321,4,X_scGPT,mil,0.5,42
dasatinib,SNU738_CENTRAL_NERVOUS_SYSTEM,0.8536766767501831,0.6206318849309453,1,X_scGPT,mil,0.5,42
dasatinib,SNU899_UPPER_AERODIGESTIVE_TRACT,0.6754158735275269,0.5833221537521086,2,X_scGPT,mil,0.5,42
dasatinib,SNUC4_LARGE_INTESTINE,0.8817626237869263,0.8228030171588351,5,X_scGPT,mil,0.5,42
dasatinib,SQ1_LUNG,0.5959621071815491,0.6914602241345814,3,X_scGPT,mil,0.5,42
dasatinib,SU8686_PANCREAS,0.5122929811477661,0.6017476429299611,1,X_scGPT,mil,0.5,42
dasatinib,SW1088_CENTRAL_NERVOUS_SYSTEM,0.5384380221366882,0.6805206066928804,4,X_scGPT,mil,0.5,42
dasatinib,SW1271_LUNG,0.45770686864852905,0.6355894601863363,1,X_scGPT,mil,0.5,42
dasatinib,SW1990_PANCREAS,0.39563825726509094,0.680177663358881,5,X_scGPT,mil,0.5,42
dasatinib,SW579_THYROID,0.3310171961784363,0.7181202733571628,3,X_scGPT,mil,0.5,42
dasatinib,T47D_BREAST,0.8848981857299805,0.9084174163740685,1,X_scGPT,mil,0.5,42
dasatinib,TCCSUP_URINARY_TRACT,0.6342606544494629,0.6632924256256864,3,X_scGPT,mil,0.5,42
dasatinib,TE10_OESOPHAGUS,0.602500855922699,0.5951363309605481,4,X_scGPT,mil,0.5,42
dasatinib,TE14_OESOPHAGUS,0.6673628687858582,0.5983572694068217,1,X_scGPT,mil,0.5,42
dasatinib,TE1_OESOPHAGUS,0.617663562297821,0.65501460404072,4,X_scGPT,mil,0.5,42
dasatinib,TE6_OESOPHAGUS,0.5395105481147766,0.5744244285374068,2,X_scGPT,mil,0.5,42
dasatinib,TE9_OESOPHAGUS,0.6579656600952148,0.594882462293871,2,X_scGPT,mil,0.5,42
dasatinib,TM31_CENTRAL_NERVOUS_SYSTEM,0.6633169651031494,0.5385082338390679,2,X_scGPT,mil,0.5,42
dasatinib,TOV112D_OVARY,0.8191222548484802,0.6491465912415431,2,X_scGPT,mil,0.5,42
dasatinib,UACC257_SKIN,0.8085629940032959,0.9041198639191345,1,X_scGPT,mil,0.5,42
dasatinib,UMUC1_URINARY_TRACT,1.0552480220794678,0.5436212521821714,1,X_scGPT,mil,0.5,42
dasatinib,VMCUB1_URINARY_TRACT,0.5278096199035645,0.6505835796375155,4,X_scGPT,mil,0.5,42
dasatinib,VMRCRCZ_KIDNEY,0.5612185001373291,0.5945420777797699,2,X_scGPT,mil,0.5,42
dasatinib,YD38_UPPER_AERODIGESTIVE_TRACT,0.4801526963710785,0.6277157632777324,4,X_scGPT,mil,0.5,42
dasatinib,ZR751_BREAST,0.931337296962738,0.9536892642481042,1,X_scGPT,mil,0.5,42
crizotinib,42MGBA_CENTRAL_NERVOUS_SYSTEM,0.8139702081680298,0.8228510347802667,4,X_scGPT,mil,0.5,42
crizotinib,8305C_THYROID,0.7761738300323486,0.8124866766088149,4,X_scGPT,mil,0.5,42
crizotinib,A204_SOFT_TISSUE,0.8393369317054749,0.7879449019432068,4,X_scGPT,mil,0.5,42
crizotinib,A2058_SKIN,0.7947903275489807,0.8148304173330061,5,X_scGPT,mil,0.5,42
crizotinib,A375_SKIN,0.78465735912323,0.8204525403590468,3,X_scGPT,mil,0.5,42
crizotinib,ACCMESO1_PLEURA,0.8302913904190063,0.7272018348729169,2,X_scGPT,mil,0.5,42
crizotinib,ASPC1_PANCREAS,0.8185564279556274,0.7536688492215913,4,X_scGPT,mil,0.5,42
crizotinib,BCPAP_THYROID,0.7649052143096924,0.8043510800129489,4,X_scGPT,mil,0.5,42
crizotinib,BFTC909_KIDNEY,0.9795162081718445,0.7694688311981966,5,X_scGPT,mil,0.5,42
crizotinib,BHY_UPPER_AERODIGESTIVE_TRACT,0.7836951017379761,0.8056635050938047,3,X_scGPT,mil,0.5,42
crizotinib,BICR16_UPPER_AERODIGESTIVE_TRACT,0.7850052714347839,0.7566786838589974,5,X_scGPT,mil,0.5,42
crizotinib,BICR31_UPPER_AERODIGESTIVE_TRACT,0.819883406162262,0.7963539912335335,3,X_scGPT,mil,0.5,42
crizotinib,BICR56_UPPER_AERODIGESTIVE_TRACT,0.9423783421516418,0.79298625021805,3,X_scGPT,mil,0.5,42
crizotinib,BICR6_UPPER_AERODIGESTIVE_TRACT,0.8377566933631897,0.772198447189131,5,X_scGPT,mil,0.5,42
crizotinib,BT474_BREAST,0.8649948835372925,0.8436875410079956,4,X_scGPT,mil,0.5,42
crizotinib,BT549_BREAST,0.9203373193740845,0.8668467422625176,1,X_scGPT,mil,0.5,42
crizotinib,CAKI2_KIDNEY,0.9734227657318115,0.7839524430765522,4,X_scGPT,mil,0.5,42
crizotinib,CALU6_LUNG,0.8141430020332336,0.8023912543936293,3,X_scGPT,mil,0.5,42
crizotinib,CAMA1_BREAST,0.8536314964294434,0.8035896836277545,3,X_scGPT,mil,0.5,42
crizotinib,CCFSTTG1_CENTRAL_NERVOUS_SYSTEM,0.9254195690155029,0.765459099436194,5,X_scGPT,mil,0.5,42
crizotinib,COLO792_SKIN,0.7007670998573303,0.7519423728499466,2,X_scGPT,mil,0.5,42
crizotinib,COV434_OVARY,0.7016214728355408,0.707752720198848,4,X_scGPT,mil,0.5,42
crizotinib,DETROIT562_UPPER_AERODIGESTIVE_TRACT,0.715034544467926,0.6951195762201321,2,X_scGPT,mil,0.5,42
crizotinib,DKMG_CENTRAL_NERVOUS_SYSTEM,0.7298175096511841,0.7686485190673068,5,X_scGPT,mil,0.5,42
crizotinib,EBC1_LUNG,0.39158496260643005,0.7871637190541914,3,X_scGPT,mil,0.5,42
crizotinib,EFE184_ENDOMETRIUM,0.8450548648834229,0.8100282057773235,4,X_scGPT,mil,0.5,42
crizotinib,EFM192A_BREAST,0.8649764657020569,0.7662295944339879,5,X_scGPT,mil,0.5,42
crizotinib,EKVX_LUNG,0.7739625573158264,0.7268146145833682,2,X_scGPT,mil,0.5,42
crizotinib,FTC133_THYROID,0.9462858438491821,0.8168354558093207,3,X_scGPT,mil,0.5,42
crizotinib,GOS3_CENTRAL_NERVOUS_SYSTEM,0.7839654088020325,0.7255092466064773,2,X_scGPT,mil,0.5,42
crizotinib,HCC1428_BREAST,0.9103943109512329,0.8287467857984108,5,X_scGPT,mil,0.5,42
crizotinib,HCC366_LUNG,0.7986536026000977,0.7514496560734097,5,X_scGPT,mil,0.5,42
crizotinib,HCC38_BREAST,0.9739012718200684,0.8154829579591751,5,X_scGPT,mil,0.5,42
crizotinib,HCC56_LARGE_INTESTINE,0.770784854888916,0.7740485848802509,3,X_scGPT,mil,0.5,42
crizotinib,HDQP1_BREAST,0.8876451253890991,0.7960160132497549,3,X_scGPT,mil,0.5,42
crizotinib,HEC151_ENDOMETRIUM,0.8343287706375122,0.8043685944080353,4,X_scGPT,mil,0.5,42
crizotinib,HEC251_ENDOMETRIUM,0.7653045058250427,0.799332063888835,3,X_scGPT,mil,0.5,42
crizotinib,HEC6_ENDOMETRIUM,0.8107236623764038,0.8356541106419534,1,X_scGPT,mil,0.5,42
crizotinib,HEP3B217_LIVER,0.7867912650108337,0.7021001936015436,2,X_scGPT,mil,0.5,42
crizotinib,HMC18_BREAST,0.6356581449508667,0.7560254892798414,2,X_scGPT,mil,0.5,42
crizotinib,HOS_BONE,0.8387298583984375,0.7868079681160655,4,X_scGPT,mil,0.5,42
crizotinib,HS852T_SKIN,0.7291908264160156,0.8285770563431728,3,X_scGPT,mil,0.5,42
crizotinib,HT1080_SOFT_TISSUE,0.8266996145248413,0.79640215808569,5,X_scGPT,mil,0.5,42
crizotinib,HT1197_URINARY_TRACT,0.7681593298912048,0.7675337598130509,4,X_scGPT,mil,0.5,42
crizotinib,HT55_LARGE_INTESTINE,0.7315347790718079,0.8029980583213517,1,X_scGPT,mil,0.5,42
crizotinib,HUH28_BILIARY_TRACT,0.7656625509262085,0.7182773570362613,2,X_scGPT,mil,0.5,42
crizotinib,HUH6_LIVER,0.7224849462509155,0.7697178746116232,4,X_scGPT,mil,0.5,42
crizotinib,HUPT3_PANCREAS,0.8537005186080933,0.7718189371859326,5,X_scGPT,mil,0.5,42
crizotinib,HUPT4_PANCREAS,0.6761891841888428,0.7225933426192829,5,X_scGPT,mil,0.5,42
crizotinib,IALM_LUNG,0.9222790002822876,0.8187313694391192,4,X_scGPT,mil,0.5,42
crizotinib,IGR1_SKIN,0.7101178765296936,0.8309976713410739,5,X_scGPT,mil,0.5,42
crizotinib,IGR37_SKIN,0.8298388123512268,0.8026153455550115,2,X_scGPT,mil,0.5,42
crizotinib,IM95_STOMACH,0.48041847348213196,0.7915939843332446,4,X_scGPT,mil,0.5,42
crizotinib,JHH6_LIVER,0.9490818977355957,0.8076739670003502,3,X_scGPT,mil,0.5,42
crizotinib,JHOC5_OVARY,0.798740029335022,0.8020434482344265,5,X_scGPT,mil,0.5,42
crizotinib,KALS1_CENTRAL_NERVOUS_SYSTEM,0.7681830525398254,0.7146176853113704,2,X_scGPT,mil,0.5,42
crizotinib,KMRC3_KIDNEY,0.8218774795532227,0.8385553921972002,1,X_scGPT,mil,0.5,42
crizotinib,KPL1_BREAST,0.7377769947052002,0.8015073524869006,3,X_scGPT,mil,0.5,42
crizotinib,KPNSI9S_AUTONOMIC_GANGLIA,0.6164638996124268,0.805735611176306,5,X_scGPT,mil,0.5,42
crizotinib,KYSE520_OESOPHAGUS,0.886725902557373,0.6957402421224966,2,X_scGPT,mil,0.5,42
crizotinib,LI7_LIVER,0.7944248914718628,0.8207203870525166,4,X_scGPT,mil,0.5,42
crizotinib,LMSU_STOMACH,0.8106106519699097,0.7182199606708451,2,X_scGPT,mil,0.5,42
crizotinib,LNCAPCLONEFGC_PROSTATE,0.8331871032714844,0.8031217862469281,2,X_scGPT,mil,0.5,42
crizotinib,LS1034_LARGE_INTESTINE,0.9201149940490723,0.7938592050173511,4,X_scGPT,mil,0.5,42
crizotinib,LS180_LARGE_INTESTINE,0.7338624000549316,0.7751505790985191,3,X_scGPT,mil,0.5,42
crizotinib,MCF7_BREAST,0.6917808055877686,0.8936179697096764,1,X_scGPT,mil,0.5,42
crizotinib,MDAMB361_BREAST,0.8671998977661133,0.924517277876536,1,X_scGPT,mil,0.5,42
crizotinib,MFE319_ENDOMETRIUM,0.9220579266548157,0.7418584839211708,2,X_scGPT,mil,0.5,42
crizotinib,MKN45_STOMACH,0.7614232897758484,0.7623830912476879,1,X_scGPT,mil,0.5,42
crizotinib,MKN7_STOMACH,0.9172181487083435,0.7360544740691666,5,X_scGPT,mil,0.5,42
crizotinib,MSTO211H_PLEURA,0.6890996694564819,0.8525392336877509,1,X_scGPT,mil,0.5,42
crizotinib,NCIH1299_LUNG,0.8208708167076111,0.7414366389705,2,X_scGPT,mil,0.5,42
crizotinib,NCIH1373_LUNG,0.7635274529457092,0.7798517564447914,3,X_scGPT,mil,0.5,42
crizotinib,NCIH1435_LUNG,0.6551457047462463,0.7800203142094702,3,X_scGPT,mil,0.5,42
crizotinib,NCIH1792_LUNG,0.762959897518158,0.7900747227239179,4,X_scGPT,mil,0.5,42
crizotinib,NCIH1944_LUNG,0.7629688382148743,0.7197288726838891,2,X_scGPT,mil,0.5,42
crizotinib,NCIH2087_LUNG,0.6425086259841919,0.7307895231464682,5,X_scGPT,mil,0.5,42
crizotinib,NCIH2110_LUNG,0.7911942601203918,0.8528192568663976,1,X_scGPT,mil,0.5,42
crizotinib,NCIH2126_LUNG,0.744774580001831,0.8088631790244218,4,X_scGPT,mil,0.5,42
crizotinib,NCIH2170_LUNG,0.8758640289306641,0.8053576778358137,4,X_scGPT,mil,0.5,42
crizotinib,NCIH2228_LUNG,0.5101353526115417,0.7992121133882278,3,X_scGPT,mil,0.5,42
crizotinib,NCIH226_LUNG,0.6726114153862,0.8704472321145078,1,X_scGPT,mil,0.5,42
crizotinib,NCIH2444_LUNG,0.7086521983146667,0.7873198905574621,3,X_scGPT,mil,0.5,42
crizotinib,NCIH2452_PLEURA,0.7278137803077698,0.8072882788775135,3,X_scGPT,mil,0.5,42
crizotinib,NCIH292_LUNG,0.71616530418396,0.7860208204094793,3,X_scGPT,mil,0.5,42
crizotinib,NCIH358_LUNG,0.6348621845245361,0.8259835115500859,1,X_scGPT,mil,0.5,42
crizotinib,NCIH446_LUNG,0.6834266185760498,0.8636879951370006,3,X_scGPT,mil,0.5,42
crizotinib,NCIH460_LUNG,0.7870017886161804,0.803466615497425,3,X_scGPT,mil,0.5,42
crizotinib,NCIH522_LUNG,0.848747193813324,0.7585593229876115,2,X_scGPT,mil,0.5,42
crizotinib,NCIH650_LUNG,0.7383224368095398,0.7809679231080622,5,X_scGPT,mil,0.5,42
crizotinib,NCIH747_LARGE_INTESTINE,0.7999517321586609,0.774943508207798,5,X_scGPT,mil,0.5,42
crizotinib,OAW28_OVARY,0.7563913464546204,0.7039727442753241,5,X_scGPT,mil,0.5,42
crizotinib,ONCODG1_OVARY,0.7706544399261475,0.7089136408434974,2,X_scGPT,mil,0.5,42
crizotinib,OSRC2_KIDNEY,0.7447955012321472,0.8064419953596025,3,X_scGPT,mil,0.5,42
crizotinib,OUMS23_LARGE_INTESTINE,0.8125985264778137,0.6983327982581664,5,X_scGPT,mil,0.5,42
crizotinib,OVCAR4_OVARY,0.8246361017227173,0.8292315366411378,1,X_scGPT,mil,0.5,42
crizotinib,OVK18_OVARY,0.7580012083053589,0.8554907367470559,5,X_scGPT,mil,0.5,42
crizotinib,OVSAHO_OVARY,0.802704930305481,0.7568905361423408,2,X_scGPT,mil,0.5,42
crizotinib,OVTOKO_OVARY,0.8386441469192505,0.7092313087728035,2,X_scGPT,mil,0.5,42
crizotinib,PANC0203_PANCREAS,0.8092637658119202,0.7778281221983461,3,X_scGPT,mil,0.5,42
crizotinib,PATU8988S_PANCREAS,0.7223840951919556,0.6863444579429314,2,X_scGPT,mil,0.5,42
crizotinib,PC3_PROSTATE,0.9259976744651794,0.8538604678486931,1,X_scGPT,mil,0.5,42
crizotinib,PECAPJ49_UPPER_AERODIGESTIVE_TRACT,0.7474130392074585,0.8599891792429556,1,X_scGPT,mil,0.5,42
crizotinib,PK45H_PANCREAS,0.8750272989273071,0.7785766199506077,4,X_scGPT,mil,0.5,42
crizotinib,PK59_PANCREAS,0.7208161354064941,0.7313771563014765,5,X_scGPT,mil,0.5,42
crizotinib,RCC10RGB_KIDNEY,0.8550746440887451,0.7569963949944328,5,X_scGPT,mil,0.5,42
crizotinib,RCM1_LARGE_INTESTINE,0.9028158187866211,0.7809895523823798,3,X_scGPT,mil,0.5,42
crizotinib,RD_SOFT_TISSUE,0.7103429436683655,0.8115295352150197,1,X_scGPT,mil,0.5,42
crizotinib,RERFLCAD1_LUNG,0.8617494702339172,0.7376434910935139,5,X_scGPT,mil,0.5,42
crizotinib,RERFLCAI_LUNG,0.767627477645874,0.726593530506169,5,X_scGPT,mil,0.5,42
crizotinib,RT4_URINARY_TRACT,0.7829967141151428,0.7233987405615033,5,X_scGPT,mil,0.5,42
crizotinib,RVH421_SKIN,0.7584820985794067,0.7967322331592129,4,X_scGPT,mil,0.5,42
crizotinib,SCC25_UPPER_AERODIGESTIVE_TRACT,0.748374879360199,0.6922463248992019,2,X_scGPT,mil,0.5,42
crizotinib,SCC9_UPPER_AERODIGESTIVE_TRACT,0.8461494445800781,0.7126538513836108,2,X_scGPT,mil,0.5,42
crizotinib,SH10TC_STOMACH,0.8429513573646545,0.7258746427008909,5,X_scGPT,mil,0.5,42
crizotinib,SKES1_BONE,0.6841046810150146,0.7718932504182333,2,X_scGPT,mil,0.5,42
crizotinib,SKMEL2_SKIN,0.9290096163749695,0.8687664190496224,1,X_scGPT,mil,0.5,42
crizotinib,SKMEL30_SKIN,0.8163827061653137,0.8673117694368443,1,X_scGPT,mil,0.5,42
crizotinib,SKMEL5_SKIN,0.8229323029518127,0.7731669141788675,4,X_scGPT,mil,0.5,42
crizotinib,SNU1079_BILIARY_TRACT,0.7359034419059753,0.8844733858761722,1,X_scGPT,mil,0.5,42
crizotinib,SNU1214_UPPER_AERODIGESTIVE_TRACT,0.7623101472854614,0.8247008973613699,1,X_scGPT,mil,0.5,42
crizotinib,SNU308_BILIARY_TRACT,0.8218324184417725,0.8496599032523784,1,X_scGPT,mil,0.5,42
crizotinib,SNU423_LIVER,0.783464252948761,0.7848525328456231,4,X_scGPT,mil,0.5,42
crizotinib,SNU449_LIVER,0.9006894826889038,0.8048691669254439,3,X_scGPT,mil,0.5,42
crizotinib,SNU46_UPPER_AERODIGESTIVE_TRACT,0.7758119106292725,0.7977191767955231,4,X_scGPT,mil,0.5,42
crizotinib,SNU899_UPPER_AERODIGESTIVE_TRACT,0.7911052107810974,0.690373833639076,2,X_scGPT,mil,0.5,42
crizotinib,SNUC4_LARGE_INTESTINE,0.901703953742981,0.7891117315220884,5,X_scGPT,mil,0.5,42
crizotinib,SQ1_LUNG,0.9046451449394226,0.7864783183366311,3,X_scGPT,mil,0.5,42
crizotinib,SU8686_PANCREAS,0.7019903659820557,0.7733736561565865,1,X_scGPT,mil,0.5,42
crizotinib,SW1088_CENTRAL_NERVOUS_SYSTEM,0.7814385294914246,0.8188873236067593,4,X_scGPT,mil,0.5,42
crizotinib,SW1271_LUNG,0.649318277835846,0.8678151628245478,1,X_scGPT,mil,0.5,42
crizotinib,SW1990_PANCREAS,0.8054224252700806,0.7199754089796582,5,X_scGPT,mil,0.5,42
crizotinib,SW579_THYROID,0.7491196393966675,0.8124862829661039,3,X_scGPT,mil,0.5,42
crizotinib,T47D_BREAST,0.8559684753417969,0.9411838221873633,1,X_scGPT,mil,0.5,42
crizotinib,TCCSUP_URINARY_TRACT,0.7408864498138428,0.8232594198441203,3,X_scGPT,mil,0.5,42
crizotinib,TE10_OESOPHAGUS,0.7655495405197144,0.8023182782408309,4,X_scGPT,mil,0.5,42
crizotinib,TE14_OESOPHAGUS,0.796092689037323,0.8015631370655092,1,X_scGPT,mil,0.5,42
crizotinib,TE1_OESOPHAGUS,0.7848196029663086,0.8017306620056189,4,X_scGPT,mil,0.5,42
crizotinib,TE6_OESOPHAGUS,0.7126893401145935,0.696713843060059,2,X_scGPT,mil,0.5,42
crizotinib,TE9_OESOPHAGUS,0.7622002363204956,0.694040976945431,2,X_scGPT,mil,0.5,42
crizotinib,TM31_CENTRAL_NERVOUS_SYSTEM,0.8138183355331421,0.7217993438243866,2,X_scGPT,mil,0.5,42
crizotinib,TOV112D_OVARY,0.8564976453781128,0.7784834924416665,2,X_scGPT,mil,0.5,42
crizotinib,UACC257_SKIN,0.7934483289718628,0.8158015628738882,1,X_scGPT,mil,0.5,42
crizotinib,UMUC1_URINARY_TRACT,0.6938395500183105,0.8492393345397136,1,X_scGPT,mil,0.5,42
crizotinib,VMCUB1_URINARY_TRACT,0.7650052905082703,0.8205989555584337,4,X_scGPT,mil,0.5,42
crizotinib,VMRCRCZ_KIDNEY,0.941386878490448,0.7192433991034826,2,X_scGPT,mil,0.5,42
crizotinib,YD38_UPPER_AERODIGESTIVE_TRACT,0.755638837814331,0.8091863666971525,4,X_scGPT,mil,0.5,42
crizotinib,ZR751_BREAST,0.7918342351913452,0.8268790328001128,1,X_scGPT,mil,0.5,42
afatinib,42MGBA_CENTRAL_NERVOUS_SYSTEM,0.7805805802345276,0.8844112440886185,4,X_scGPT,mil,0.5,42
afatinib,8305C_THYROID,0.6998212933540344,0.7944962717349233,4,X_scGPT,mil,0.5,42
afatinib,A204_SOFT_TISSUE,0.5940747857093811,0.8477397773265839,4,X_scGPT,mil,0.5,42
afatinib,A2058_SKIN,0.8065868616104126,0.7942551877222904,5,X_scGPT,mil,0.5,42
afatinib,A375_SKIN,0.8633260726928711,0.7124763237686221,3,X_scGPT,mil,0.5,42
afatinib,ACCMESO1_PLEURA,0.8422542214393616,0.7087878036646196,2,X_scGPT,mil,0.5,42
afatinib,ASPC1_PANCREAS,0.7379075288772583,0.7257344955000384,4,X_scGPT,mil,0.5,42
afatinib,BCPAP_THYROID,0.8028123378753662,0.7922178299019211,4,X_scGPT,mil,0.5,42
afatinib,BFTC909_KIDNEY,0.7964379191398621,0.7916826703303093,5,X_scGPT,mil,0.5,42
afatinib,BHY_UPPER_AERODIGESTIVE_TRACT,0.4559202492237091,0.5987696078316919,3,X_scGPT,mil,0.5,42
afatinib,BICR16_UPPER_AERODIGESTIVE_TRACT,0.6293012499809265,0.5919322610463736,5,X_scGPT,mil,0.5,42
afatinib,BICR31_UPPER_AERODIGESTIVE_TRACT,0.4663466513156891,0.5564479063595494,3,X_scGPT,mil,0.5,42
afatinib,BICR56_UPPER_AERODIGESTIVE_TRACT,0.4118909239768982,0.4687980759291001,3,X_scGPT,mil,0.5,42
afatinib,BICR6_UPPER_AERODIGESTIVE_TRACT,0.6503934264183044,0.5938228160351307,5,X_scGPT,mil,0.5,42
afatinib,BT474_BREAST,0.4684928059577942,0.7082645030021667,4,X_scGPT,mil,0.5,42
afatinib,BT549_BREAST,0.8341000080108643,0.7891957290414581,1,X_scGPT,mil,0.5,42
afatinib,CAKI2_KIDNEY,0.7030969262123108,0.7317296581731426,4,X_scGPT,mil,0.5,42
afatinib,CALU6_LUNG,0.8139838576316833,0.6987745057242786,3,X_scGPT,mil,0.5,42
afatinib,CAMA1_BREAST,0.9158909320831299,0.6513043151483503,3,X_scGPT,mil,0.5,42
afatinib,CAS1_CENTRAL_NERVOUS_SYSTEM,0.791459321975708,0.8220627352707368,1,X_scGPT,mil,0.5,42
afatinib,CCFSTTG1_CENTRAL_NERVOUS_SYSTEM,0.9214351773262024,0.7840368064438424,5,X_scGPT,mil,0.5,42
afatinib,COLO792_SKIN,0.6935831308364868,0.6871629339742484,2,X_scGPT,mil,0.5,42
afatinib,COV434_OVARY,0.7342209815979004,0.8426184952259064,4,X_scGPT,mil,0.5,42
afatinib,DETROIT562_UPPER_AERODIGESTIVE_TRACT,0.6405941247940063,0.6444055679385647,2,X_scGPT,mil,0.5,42
afatinib,DKMG_CENTRAL_NERVOUS_SYSTEM,0.7595983147621155,0.805582583610422,5,X_scGPT,mil,0.5,42
afatinib,EBC1_LUNG,0.7244137525558472,0.6620917360308349,3,X_scGPT,mil,0.5,42
afatinib,EFE184_ENDOMETRIUM,0.6966208815574646,0.7272850316624309,4,X_scGPT,mil,0.5,42
afatinib,EKVX_LUNG,0.5110589861869812,0.6752030588176152,2,X_scGPT,mil,0.5,42
afatinib,FTC133_THYROID,0.9659737944602966,0.7643796993153436,3,X_scGPT,mil,0.5,42
afatinib,GOS3_CENTRAL_NERVOUS_SYSTEM,0.7528745532035828,0.7172799322617616,2,X_scGPT,mil,0.5,42
afatinib,HCC1428_BREAST,0.7840307950973511,0.700840068379725,5,X_scGPT,mil,0.5,42
afatinib,HCC366_LUNG,0.6473970413208008,0.7280619651964395,5,X_scGPT,mil,0.5,42
afatinib,HCC38_BREAST,0.8087549209594727,0.7070856717228889,5,X_scGPT,mil,0.5,42
afatinib,HCC56_LARGE_INTESTINE,0.7090833187103271,0.6044965557979814,3,X_scGPT,mil,0.5,42
afatinib,HDQP1_BREAST,0.6334633827209473,0.675564038567245,3,X_scGPT,mil,0.5,42
afatinib,HEC151_ENDOMETRIUM,0.6328490376472473,0.7448314292430878,4,X_scGPT,mil,0.5,42
afatinib,HEC251_ENDOMETRIUM,0.6270521283149719,0.6693825593618589,3,X_scGPT,mil,0.5,42
afatinib,HEC6_ENDOMETRIUM,0.7746643424034119,0.6616861176046526,1,X_scGPT,mil,0.5,42
afatinib,HEP3B217_LIVER,0.8157367706298828,0.6842100898088035,2,X_scGPT,mil,0.5,42
afatinib,HMC18_BREAST,0.7475526928901672,0.6952425326910442,2,X_scGPT,mil,0.5,42
afatinib,HOS_BONE,0.8421018123626709,0.7498679616195302,4,X_scGPT,mil,0.5,42
afatinib,HS852T_SKIN,0.6320256590843201,0.7668041914333532,3,X_scGPT,mil,0.5,42
afatinib,HT1080_SOFT_TISSUE,0.8211916089057922,0.7603620029697122,5,X_scGPT,mil,0.5,42
afatinib,HT1197_URINARY_TRACT,0.8161650896072388,0.6857574010217512,4,X_scGPT,mil,0.5,42
afatinib,HT55_LARGE_INTESTINE,0.5103926062583923,0.5792418363817495,1,X_scGPT,mil,0.5,42
afatinib,HUH28_BILIARY_TRACT,0.7897136211395264,0.7344523037937906,2,X_scGPT,mil,0.5,42
afatinib,HUPT3_PANCREAS,0.783348023891449,0.6345792513559846,5,X_scGPT,mil,0.5,42
afatinib,HUPT4_PANCREAS,0.4378226399421692,0.6498986748712403,5,X_scGPT,mil,0.5,42
afatinib,IALM_LUNG,0.7290401458740234,0.7783938788849375,4,X_scGPT,mil,0.5,42
afatinib,IGR1_SKIN,0.7011265158653259,0.7657252860891408,5,X_scGPT,mil,0.5,42
afatinib,IGR37_SKIN,0.7625454068183899,0.674812050133686,2,X_scGPT,mil,0.5,42
afatinib,IM95_STOMACH,0.5054170489311218,0.6788739449269062,4,X_scGPT,mil,0.5,42
afatinib,JHH6_LIVER,0.9654181599617004,0.7019456870926236,3,X_scGPT,mil,0.5,42
afatinib,JHOC5_OVARY,0.5951809287071228,0.6946021819936818,5,X_scGPT,mil,0.5,42
afatinib,KALS1_CENTRAL_NERVOUS_SYSTEM,0.8067023158073425,0.7279151243468126,2,X_scGPT,mil,0.5,42
afatinib,KMRC3_KIDNEY,0.6892002820968628,0.6660169455469871,1,X_scGPT,mil,0.5,42
afatinib,KNS42_CENTRAL_NERVOUS_SYSTEM,0.7642861008644104,0.7931545265885287,4,X_scGPT,mil,0.5,42
afatinib,KPL1_BREAST,0.8543511033058167,0.7119997353225515,3,X_scGPT,mil,0.5,42
afatinib,KPNSI9S_AUTONOMIC_GANGLIA,0.7285537719726562,0.798131242740986,5,X_scGPT,mil,0.5,42
afatinib,KYSE520_OESOPHAGUS,0.6173625588417053,0.6635051236802211,2,X_scGPT,mil,0.5,42
afatinib,LMSU_STOMACH,0.8196011185646057,0.7175641127661163,2,X_scGPT,mil,0.5,42
afatinib,LNCAPCLONEFGC_PROSTATE,0.7637406587600708,0.6454478280488835,2,X_scGPT,mil,0.5,42
afatinib,LS1034_LARGE_INTESTINE,0.7626612186431885,0.6926781878079453,4,X_scGPT,mil,0.5,42
afatinib,LS180_LARGE_INTESTINE,0.6832981109619141,0.5847749262635398,3,X_scGPT,mil,0.5,42
afatinib,MCF7_BREAST,0.7744331359863281,0.6532332121909081,1,X_scGPT,mil,0.5,42
afatinib,MDAMB361_BREAST,0.5245832800865173,0.7084548025219529,1,X_scGPT,mil,0.5,42
afatinib,MFE319_ENDOMETRIUM,0.7174853086471558,0.6610152749490987,2,X_scGPT,mil,0.5,42
afatinib,MKN45_STOMACH,1.0346405506134033,0.567670016470602,1,X_scGPT,mil,0.5,42
afatinib,MKN7_STOMACH,0.6611157655715942,0.7450748055942299,5,X_scGPT,mil,0.5,42
afatinib,NCIH1299_LUNG,0.7286441922187805,0.6931331895487138,2,X_scGPT,mil,0.5,42
afatinib,NCIH1373_LUNG,0.7528212070465088,0.6667731175335442,3,X_scGPT,mil,0.5,42
afatinib,NCIH1435_LUNG,0.4933393597602844,0.6503548760539137,3,X_scGPT,mil,0.5,42
afatinib,NCIH1792_LUNG,0.7517090439796448,0.8127429973971736,4,X_scGPT,mil,0.5,42
afatinib,NCIH1944_LUNG,0.679461658000946,0.6776338267153588,2,X_scGPT,mil,0.5,42
afatinib,NCIH2087_LUNG,0.6109737753868103,0.651979581950462,5,X_scGPT,mil,0.5,42
afatinib,NCIH2110_LUNG,0.6842941641807556,0.6076841233663224,1,X_scGPT,mil,0.5,42
afatinib,NCIH2126_LUNG,0.6765623688697815,0.6662147681821476,4,X_scGPT,mil,0.5,42
afatinib,NCIH2170_LUNG,0.4427151679992676,0.7309893071651459,4,X_scGPT,mil,0.5,42
afatinib,NCIH2228_LUNG,0.7076731324195862,0.7350339790455976,3,X_scGPT,mil,0.5,42
afatinib,NCIH2444_LUNG,0.8108291625976562,0.7652207763889168,3,X_scGPT,mil,0.5,42
afatinib,NCIH2452_PLEURA,0.6361785531044006,0.8137721889081054,3,X_scGPT,mil,0.5,42
afatinib,NCIH292_LUNG,0.5946270227432251,0.6094745736166904,3,X_scGPT,mil,0.5,42
afatinib,NCIH358_LUNG,0.4591236710548401,0.6502165902583372,1,X_scGPT,mil,0.5,42
afatinib,NCIH460_LUNG,0.9436857104301453,0.6858361827002631,3,X_scGPT,mil,0.5,42
afatinib,NCIH522_LUNG,0.6254833936691284,0.7105301684485033,2,X_scGPT,mil,0.5,42
afatinib,NCIH650_LUNG,0.7707546949386597,0.7484282598284338,5,X_scGPT,mil,0.5,42
afatinib,NCIH747_LARGE_INTESTINE,0.5129129886627197,0.5894731029868125,5,X_scGPT,mil,0.5,42
afatinib,OAW28_OVARY,0.6439366340637207,0.7338078414431269,5,X_scGPT,mil,0.5,42
afatinib,ONCODG1_OVARY,0.5372920036315918,0.6774515458831081,2,X_scGPT,mil,0.5,42
afatinib,OSRC2_KIDNEY,0.7482349872589111,0.790729094119299,3,X_scGPT,mil,0.5,42
afatinib,OUMS23_LARGE_INTESTINE,0.8016155362129211,0.8002266939555374,5,X_scGPT,mil,0.5,42
afatinib,OVCAR4_OVARY,0.6153212785720825,0.6069169564718914,1,X_scGPT,mil,0.5,42
afatinib,OVSAHO_OVARY,0.7032063603401184,0.6736410730210695,2,X_scGPT,mil,0.5,42
afatinib,OVTOKO_OVARY,0.6644402742385864,0.6746797955207278,2,X_scGPT,mil,0.5,42
afatinib,PANC0203_PANCREAS,0.8054366111755371,0.5958983077715508,3,X_scGPT,mil,0.5,42
afatinib,PATU8988S_PANCREAS,0.701394259929657,0.6238672958045709,2,X_scGPT,mil,0.5,42
afatinib,PC3_PROSTATE,0.820152997970581,0.7476098611510011,1,X_scGPT,mil,0.5,42
afatinib,PECAPJ49_UPPER_AERODIGESTIVE_TRACT,0.5759092569351196,0.44661168444274674,1,X_scGPT,mil,0.5,42
afatinib,PK45H_PANCREAS,0.7739125490188599,0.7733526287043666,4,X_scGPT,mil,0.5,42
afatinib,PK59_PANCREAS,0.7128807306289673,0.73415172785178,5,X_scGPT,mil,0.5,42
afatinib,RCC10RGB_KIDNEY,0.7773939967155457,0.748631640053614,5,X_scGPT,mil,0.5,42
afatinib,RCM1_LARGE_INTESTINE,0.7846431136131287,0.6198352517094463,3,X_scGPT,mil,0.5,42
afatinib,RD_SOFT_TISSUE,0.6733316779136658,0.7578268670030938,1,X_scGPT,mil,0.5,42
afatinib,RERFLCAD1_LUNG,0.8449095487594604,0.7834882096008018,5,X_scGPT,mil,0.5,42
afatinib,RERFLCAI_LUNG,0.7837137579917908,0.784477586202509,5,X_scGPT,mil,0.5,42
afatinib,RT4_URINARY_TRACT,0.5986748933792114,0.5862606845374377,5,X_scGPT,mil,0.5,42
afatinib,RVH421_SKIN,0.7147262692451477,0.8595514609225126,4,X_scGPT,mil,0.5,42
afatinib,SCC25_UPPER_AERODIGESTIVE_TRACT,0.27695798873901367,0.6538188596876268,2,X_scGPT,mil,0.5,42
afatinib,SCC9_UPPER_AERODIGESTIVE_TRACT,0.5204415917396545,0.7155226768945393,2,X_scGPT,mil,0.5,42
afatinib,SH10TC_STOMACH,0.8171871304512024,0.829296139570383,5,X_scGPT,mil,0.5,42
afatinib,SKES1_BONE,0.7776396870613098,0.718741068473229,2,X_scGPT,mil,0.5,42
afatinib,SKMEL2_SKIN,0.6926764845848083,0.7478632654832758,1,X_scGPT,mil,0.5,42
afatinib,SKNAS_AUTONOMIC_GANGLIA,0.7450849413871765,0.7191058154654714,2,X_scGPT,mil,0.5,42
afatinib,SNU1079_BILIARY_TRACT,0.30016279220581055,0.6630525727794595,1,X_scGPT,mil,0.5,42
afatinib,SNU308_BILIARY_TRACT,0.6170322299003601,0.5916116481765787,1,X_scGPT,mil,0.5,42
afatinib,SNU449_LIVER,0.7562255859375,0.7171047942858215,3,X_scGPT,mil,0.5,42
afatinib,SNU46_UPPER_AERODIGESTIVE_TRACT,0.7070208191871643,0.6993502431501777,4,X_scGPT,mil,0.5,42
afatinib,SNU738_CENTRAL_NERVOUS_SYSTEM,0.8224183320999146,0.714682441902664,1,X_scGPT,mil,0.5,42
afatinib,SNU899_UPPER_AERODIGESTIVE_TRACT,0.7591167092323303,0.6457447208553911,2,X_scGPT,mil,0.5,42
afatinib,SNUC4_LARGE_INTESTINE,0.6135603785514832,0.5598808223864251,5,X_scGPT,mil,0.5,42
afatinib,SQ1_LUNG,0.5652294158935547,0.724091518325966,3,X_scGPT,mil,0.5,42
afatinib,SW1088_CENTRAL_NERVOUS_SYSTEM,0.7634608745574951,0.8563283341936767,4,X_scGPT,mil,0.5,42
afatinib,SW1271_LUNG,0.7113705277442932,0.7172507560771445,1,X_scGPT,mil,0.5,42
afatinib,SW1990_PANCREAS,0.713200032711029,0.7920667558228931,5,X_scGPT,mil,0.5,42
afatinib,SW579_THYROID,0.7006264328956604,0.8347017402473134,3,X_scGPT,mil,0.5,42
afatinib,T47D_BREAST,0.7524663805961609,0.6374926718112031,1,X_scGPT,mil,0.5,42
afatinib,TCCSUP_URINARY_TRACT,0.7976297736167908,0.7914168138670016,3,X_scGPT,mil,0.5,42
afatinib,TE10_OESOPHAGUS,0.6215711236000061,0.6393041488242476,4,X_scGPT,mil,0.5,42
afatinib,TE14_OESOPHAGUS,0.4506191611289978,0.4449873513184519,1,X_scGPT,mil,0.5,42
afatinib,TE1_OESOPHAGUS,0.7135472297668457,0.6973103843267682,4,X_scGPT,mil,0.5,42
afatinib,TE6_OESOPHAGUS,0.41391584277153015,0.6583712158315628,2,X_scGPT,mil,0.5,42
afatinib,TE9_OESOPHAGUS,0.7153798341751099,0.6436861474667827,2,X_scGPT,mil,0.5,42
afatinib,TM31_CENTRAL_NERVOUS_SYSTEM,0.7665950059890747,0.7164897476804668,2,X_scGPT,mil,0.5,42
afatinib,TOV112D_OVARY,0.8150071501731873,0.7209266080306127,2,X_scGPT,mil,0.5,42
afatinib,UACC257_SKIN,0.7827110886573792,0.6764633371241422,1,X_scGPT,mil,0.5,42
afatinib,UMUC1_URINARY_TRACT,0.7934571504592896,0.5336371286568908,1,X_scGPT,mil,0.5,42
afatinib,VMCUB1_URINARY_TRACT,0.5197843313217163,0.6405614573337044,4,X_scGPT,mil,0.5,42
afatinib,VMRCRCZ_KIDNEY,0.7667264938354492,0.6993311736981074,2,X_scGPT,mil,0.5,42
afatinib,YD38_UPPER_AERODIGESTIVE_TRACT,0.32698485255241394,0.6067298459701049,4,X_scGPT,mil,0.5,42
afatinib,ZR751_BREAST,0.7331831455230713,0.7947569312015398,1,X_scGPT,mil,0.5,42
doxorubicin,42MGBA_CENTRAL_NERVOUS_SYSTEM,0.5611410140991211,0.5340396937371221,4,X_scGPT,mil,0.5,43
doxorubicin,8305C_THYROID,0.5387490391731262,0.6296802398166366,4,X_scGPT,mil,0.5,43
doxorubicin,A204_SOFT_TISSUE,0.3751550614833832,0.5377390676736832,4,X_scGPT,mil,0.5,43
doxorubicin,A2058_SKIN,0.4950177073478699,0.5735072614181609,5,X_scGPT,mil,0.5,43
doxorubicin,A375_SKIN,0.5054274201393127,0.5709410337935411,3,X_scGPT,mil,0.5,43
doxorubicin,ACCMESO1_PLEURA,0.6358495950698853,0.6013243191036177,2,X_scGPT,mil,0.5,43
doxorubicin,ASPC1_PANCREAS,0.7291187644004822,0.7101622616422587,4,X_scGPT,mil,0.5,43
doxorubicin,BCPAP_THYROID,0.5380156636238098,0.5973525508061835,4,X_scGPT,mil,0.5,43
doxorubicin,BFTC909_KIDNEY,0.585321843624115,0.49140160347981315,5,X_scGPT,mil,0.5,43
doxorubicin,BHY_UPPER_AERODIGESTIVE_TRACT,0.4835294783115387,0.6349810269372217,3,X_scGPT,mil,0.5,43
doxorubicin,BICR16_UPPER_AERODIGESTIVE_TRACT,0.6258533000946045,0.537831465731252,5,X_scGPT,mil,0.5,43
doxorubicin,BICR31_UPPER_AERODIGESTIVE_TRACT,0.5435177683830261,0.5891080746246923,3,X_scGPT,mil,0.5,43
doxorubicin,BICR56_UPPER_AERODIGESTIVE_TRACT,0.6303225755691528,0.5327435551602163,3,X_scGPT,mil,0.5,43
doxorubicin,BICR6_UPPER_AERODIGESTIVE_TRACT,0.5066924095153809,0.5438216637064527,5,X_scGPT,mil,0.5,43
doxorubicin,BT474_BREAST,0.7362895607948303,0.6542395505905151,4,X_scGPT,mil,0.5,43
doxorubicin,BT549_BREAST,0.5603541731834412,0.6217847175167915,1,X_scGPT,mil,0.5,43
doxorubicin,CAKI2_KIDNEY,0.8098970055580139,0.7119942599063297,4,X_scGPT,mil,0.5,43
doxorubicin,CALU6_LUNG,0.6933369636535645,0.6191999514897665,3,X_scGPT,mil,0.5,43
doxorubicin,CAMA1_BREAST,0.6567535400390625,0.6226857912909124,3,X_scGPT,mil,0.5,43
doxorubicin,CAS1_CENTRAL_NERVOUS_SYSTEM,0.4726645350456238,0.6498043577473863,1,X_scGPT,mil,0.5,43
doxorubicin,CCFSTTG1_CENTRAL_NERVOUS_SYSTEM,0.624411404132843,0.45371609041845895,5,X_scGPT,mil,0.5,43
doxorubicin,COLO741_SKIN,0.8535335659980774,0.6228959728881581,3,X_scGPT,mil,0.5,43
doxorubicin,COLO792_SKIN,0.6422173380851746,0.7034437900539694,2,X_scGPT,mil,0.5,43
doxorubicin,COV434_OVARY,0.3253573477268219,0.4345708577470346,4,X_scGPT,mil,0.5,43
doxorubicin,DETROIT562_UPPER_AERODIGESTIVE_TRACT,0.6028164625167847,0.5373967182051185,2,X_scGPT,mil,0.5,43
doxorubicin,DKMG_CENTRAL_NERVOUS_SYSTEM,0.5278626680374146,0.4380216161923215,5,X_scGPT,mil,0.5,43
doxorubicin,EBC1_LUNG,0.4876810908317566,0.666058811609463,3,X_scGPT,mil,0.5,43
doxorubicin,EFE184_ENDOMETRIUM,0.8111908435821533,0.6895684662253357,4,X_scGPT,mil,0.5,43
doxorubicin,EFM192A_BREAST,0.5801385045051575,0.5995010014052864,5,X_scGPT,mil,0.5,43
doxorubicin,EKVX_LUNG,0.7006396651268005,0.5944026302393168,2,X_scGPT,mil,0.5,43
doxorubicin,FTC133_THYROID,0.54218590259552,0.6567227538142886,3,X_scGPT,mil,0.5,43
doxorubicin,GOS3_CENTRAL_NERVOUS_SYSTEM,0.5780242085456848,0.5401605849802806,2,X_scGPT,mil,0.5,43
doxorubicin,HCC1428_BREAST,0.6737597584724426,0.6531472147449734,5,X_scGPT,mil,0.5,43
doxorubicin,HCC366_LUNG,0.6135154962539673,0.6489402097050506,5,X_scGPT,mil,0.5,43
doxorubicin,HCC38_BREAST,0.5100096464157104,0.635407486408949,5,X_scGPT,mil,0.5,43
doxorubicin,HCC56_LARGE_INTESTINE,0.810954749584198,0.7170961649730953,3,X_scGPT,mil,0.5,43
doxorubicin,HDQP1_BREAST,0.7888896465301514,0.6857138378545642,3,X_scGPT,mil,0.5,43
doxorubicin,HEC151_ENDOMETRIUM,0.40951746702194214,0.6590500793457031,4,X_scGPT,mil,0.5,43
doxorubicin,HEC251_ENDOMETRIUM,0.5875652432441711,0.6766334114787734,3,X_scGPT,mil,0.5,43
doxorubicin,HEC6_ENDOMETRIUM,0.5559057593345642,0.6694655218479796,1,X_scGPT,mil,0.5,43
doxorubicin,HEP3B217_LIVER,0.7229253053665161,0.6508315826876688,2,X_scGPT,mil,0.5,43
doxorubicin,HMC18_BREAST,0.4536672532558441,0.5363326647379293,2,X_scGPT,mil,0.5,43
doxorubicin,HOS_BONE,0.5812419056892395,0.5494398320828473,4,X_scGPT,mil,0.5,43
doxorubicin,HS852T_SKIN,0.440727174282074,0.6294498101428703,3,X_scGPT,mil,0.5,43
doxorubicin,HT1080_SOFT_TISSUE,0.3908422589302063,0.6115816294453865,5,X_scGPT,mil,0.5,43
doxorubicin,HT1197_URINARY_TRACT,0.5438651442527771,0.6795460090443894,4,X_scGPT,mil,0.5,43
doxorubicin,HT55_LARGE_INTESTINE,0.5889919996261597,0.713180661201477,1,X_scGPT,mil,0.5,43
doxorubicin,HUH28_BILIARY_TRACT,0.5371938943862915,0.5945059601351511,2,X_scGPT,mil,0.5,43
doxorubicin,HUH6_LIVER,0.42507052421569824,0.7008043298354516,4,X_scGPT,mil,0.5,43
doxorubicin,HUPT3_PANCREAS,0.6856333613395691,0.5811089974115876,5,X_scGPT,mil,0.5,43
doxorubicin,HUPT4_PANCREAS,0.45965781807899475,0.5902301685086319,5,X_scGPT,mil,0.5,43
doxorubicin,IALM_LUNG,0.8397154211997986,0.6048931475751889,4,X_scGPT,mil,0.5,43
doxorubicin,IGR1_SKIN,0.5318907499313354,0.6650978561927532,5,X_scGPT,mil,0.5,43
doxorubicin,IGR37_SKIN,0.5309170484542847,0.6671084820021813,2,X_scGPT,mil,0.5,43
doxorubicin,IM95_STOMACH,0.4691832363605499,0.6783027810019415,4,X_scGPT,mil,0.5,43
doxorubicin,JHH6_LIVER,0.8701879978179932,0.6350670899580984,3,X_scGPT,mil,0.5,43
doxorubicin,JHOC5_OVARY,0.5302541851997375,0.665420606013002,5,X_scGPT,mil,0.5,43
doxorubicin,KALS1_CENTRAL_NERVOUS_SYSTEM,0.4983648359775543,0.5632945746183395,2,X_scGPT,mil,0.5,43
doxorubicin,KMRC3_KIDNEY,0.5798169374465942,0.6813585300834811,1,X_scGPT,mil,0.5,43
doxorubicin,KNS42_CENTRAL_NERVOUS_SYSTEM,0.6755160689353943,0.5489840367159178,4,X_scGPT,mil,0.5,43
doxorubicin,KPL1_BREAST,0.8693845272064209,0.643894026244896,3,X_scGPT,mil,0.5,43
doxorubicin,KPNSI9S_AUTONOMIC_GANGLIA,0.2994575798511505,0.5157749525798384,5,X_scGPT,mil,0.5,43
doxorubicin,KYSE520_OESOPHAGUS,0.6951316595077515,0.5630401548217324,2,X_scGPT,mil,0.5,43
doxorubicin,LI7_LIVER,0.6539109349250793,0.6071152233955811,4,X_scGPT,mil,0.5,43
doxorubicin,LMSU_STOMACH,0.6874845623970032,0.5023868411195045,2,X_scGPT,mil,0.5,43
doxorubicin,LNCAPCLONEFGC_PROSTATE,0.36991697549819946,0.7013240128524544,2,X_scGPT,mil,0.5,43
doxorubicin,LS1034_LARGE_INTESTINE,0.7185391783714294,0.6763630946205087,4,X_scGPT,mil,0.5,43
doxorubicin,LS180_LARGE_INTESTINE,0.5715101361274719,0.6648775150901393,3,X_scGPT,mil,0.5,43
doxorubicin,MCF7_BREAST,0.6808213591575623,0.6418485353876661,1,X_scGPT,mil,0.5,43
doxorubicin,MDAMB361_BREAST,0.735870361328125,0.6350200679567125,1,X_scGPT,mil,0.5,43
doxorubicin,MFE319_ENDOMETRIUM,0.6568321585655212,0.5577877557090439,2,X_scGPT,mil,0.5,43
doxorubicin,MKN45_STOMACH,0.888956606388092,0.6947875866445444,1,X_scGPT,mil,0.5,43
doxorubicin,MKN7_STOMACH,0.6380749344825745,0.6008858724619991,5,X_scGPT,mil,0.5,43
doxorubicin,MSTO211H_PLEURA,0.3753986358642578,0.6111657924523659,1,X_scGPT,mil,0.5,43
doxorubicin,NCIH1299_LUNG,0.6539729833602905,0.5682883838031176,2,X_scGPT,mil,0.5,43
doxorubicin,NCIH1373_LUNG,0.6574230790138245,0.6759836661016069,3,X_scGPT,mil,0.5,43
doxorubicin,NCIH1435_LUNG,0.5236009955406189,0.6601688937747969,3,X_scGPT,mil,0.5,43
doxorubicin,NCIH1792_LUNG,0.7039877772331238,0.6346061640494579,4,X_scGPT,mil,0.5,43
doxorubicin,NCIH1944_LUNG,0.6275695562362671,0.5935176312923431,2,X_scGPT,mil,0.5,43
doxorubicin,NCIH2087_LUNG,0.34448179602622986,0.565662258564065,5,X_scGPT,mil,0.5,43
doxorubicin,NCIH2110_LUNG,0.3811848759651184,0.6611754566580806,1,X_scGPT,mil,0.5,43
doxorubicin,NCIH2126_LUNG,0.5018039345741272,0.6449208304737554,4,X_scGPT,mil,0.5,43
doxorubicin,NCIH2170_LUNG,0.5922226309776306,0.5922470445364294,4,X_scGPT,mil,0.5,43
doxorubicin,NCIH2228_LUNG,0.44898903369903564,0.7023155120802835,3,X_scGPT,mil,0.5,43
doxorubicin,NCIH226_LUNG,0.4597177803516388,0.6675475663327156,1,X_scGPT,mil,0.5,43
doxorubicin,NCIH2444_LUNG,0.5491931438446045,0.735073790268556,3,X_scGPT,mil,0.5,43
doxorubicin,NCIH2452_PLEURA,0.5596638917922974,0.6281788576269681,3,X_scGPT,mil,0.5,43
doxorubicin,NCIH292_LUNG,0.4165792167186737,0.6207884110755204,3,X_scGPT,mil,0.5,43
doxorubicin,NCIH358_LUNG,0.4872294068336487,0.6589320631963866,1,X_scGPT,mil,0.5,43
doxorubicin,NCIH446_LUNG,0.4856961667537689,0.3465482581939016,3,X_scGPT,mil,0.5,43
doxorubicin,NCIH460_LUNG,0.5580957531929016,0.556603636187607,3,X_scGPT,mil,0.5,43
doxorubicin,NCIH522_LUNG,0.4944220185279846,0.45355965540959287,2,X_scGPT,mil,0.5,43
doxorubicin,NCIH650_LUNG,0.5603529810905457,0.6895393687420666,5,X_scGPT,mil,0.5,43
doxorubicin,NCIH747_LARGE_INTESTINE,0.5683852434158325,0.6084809370338917,5,X_scGPT,mil,0.5,43
doxorubicin,OAW28_OVARY,0.6767528653144836,0.6253529152144557,5,X_scGPT,mil,0.5,43
doxorubicin,ONCODG1_OVARY,0.581980288028717,0.5886414289474488,2,X_scGPT,mil,0.5,43
doxorubicin,OSRC2_KIDNEY,0.6995971202850342,0.7308690320877802,3,X_scGPT,mil,0.5,43
doxorubicin,OUMS23_LARGE_INTESTINE,0.5587512850761414,0.5614043830711151,5,X_scGPT,mil,0.5,43
doxorubicin,OVCAR4_OVARY,0.6055043935775757,0.703108543852614,1,X_scGPT,mil,0.5,43
doxorubicin,OVK18_OVARY,0.2882801592350006,0.5592246417249187,5,X_scGPT,mil,0.5,43
doxorubicin,OVSAHO_OVARY,0.5728036761283875,0.536891403833675,2,X_scGPT,mil,0.5,43
doxorubicin,OVTOKO_OVARY,0.7791611552238464,0.6417237751221543,2,X_scGPT,mil,0.5,43
doxorubicin,PANC0203_PANCREAS,0.7632962465286255,0.6313950964820244,3,X_scGPT,mil,0.5,43
doxorubicin,PATU8988S_PANCREAS,0.7037484049797058,0.7275498941784999,2,X_scGPT,mil,0.5,43
doxorubicin,PC3_PROSTATE,0.7981969118118286,0.6643189396378557,1,X_scGPT,mil,0.5,43
doxorubicin,PECAPJ49_UPPER_AERODIGESTIVE_TRACT,0.47215813398361206,0.6141991332025811,1,X_scGPT,mil,0.5,43
doxorubicin,PK45H_PANCREAS,0.8845717906951904,0.6785382284229532,4,X_scGPT,mil,0.5,43
doxorubicin,PK59_PANCREAS,0.5667010545730591,0.6108680960090681,5,X_scGPT,mil,0.5,43
doxorubicin,RCC10RGB_KIDNEY,0.8544673323631287,0.6236064705214275,5,X_scGPT,mil,0.5,43
doxorubicin,RCM1_LARGE_INTESTINE,0.7463620901107788,0.6560922802891582,3,X_scGPT,mil,0.5,43
doxorubicin,RD_SOFT_TISSUE,0.48532170057296753,0.543142151330166,1,X_scGPT,mil,0.5,43
doxorubicin,RERFLCAD1_LUNG,0.8917138576507568,0.577043534796915,5,X_scGPT,mil,0.5,43
doxorubicin,RERFLCAI_LUNG,0.4272306263446808,0.6589696269438432,5,X_scGPT,mil,0.5,43
doxorubicin,RT4_URINARY_TRACT,0.4836074411869049,0.5762259507516645,5,X_scGPT,mil,0.5,43
doxorubicin,RVH421_SKIN,0.5980584621429443,0.6982012815056485,4,X_scGPT,mil,0.5,43
doxorubicin,SCC25_UPPER_AERODIGESTIVE_TRACT,0.4167896807193756,0.43492146808745336,2,X_scGPT,mil,0.5,43
doxorubicin,SCC9_UPPER_AERODIGESTIVE_TRACT,0.49403518438339233,0.5329409798195488,2,X_scGPT,mil,0.5,43
doxorubicin,SH10TC_STOMACH,0.6935459971427917,0.56020894553247,5,X_scGPT,mil,0.5,43
doxorubicin,SKES1_BONE,0.25840020179748535,0.429851804460798,2,X_scGPT,mil,0.5,43
doxorubicin,SKMEL2_SKIN,0.7795782685279846,0.574504764723605,1,X_scGPT,mil,0.5,43
doxorubicin,SKMEL30_SKIN,0.56974858045578,0.6789400386742762,1,X_scGPT,mil,0.5,43
doxorubicin,SKMEL5_SKIN,0.5388690829277039,0.7173724742449494,4,X_scGPT,mil,0.5,43
doxorubicin,SKNAS_AUTONOMIC_GANGLIA,0.49000316858291626,0.4173138980316905,2,X_scGPT,mil,0.5,43
doxorubicin,SNU1079_BILIARY_TRACT,0.530148446559906,0.6663099706989445,1,X_scGPT,mil,0.5,43
doxorubicin,SNU1214_UPPER_AERODIGESTIVE_TRACT,0.6214928030967712,0.5703548529046647,1,X_scGPT,mil,0.5,43
doxorubicin,SNU308_BILIARY_TRACT,0.642924427986145,0.6239589208618124,1,X_scGPT,mil,0.5,43
doxorubicin,SNU423_LIVER,0.5606513023376465,0.6449945504372975,4,X_scGPT,mil,0.5,43
doxorubicin,SNU449_LIVER,0.8395319581031799,0.6601704124440538,3,X_scGPT,mil,0.5,43
doxorubicin,SNU46_UPPER_AERODIGESTIVE_TRACT,0.696592390537262,0.61892092253192,4,X_scGPT,mil,0.5,43
doxorubicin,SNU738_CENTRAL_NERVOUS_SYSTEM,0.7775015234947205,0.6901963011885067,1,X_scGPT,mil,0.5,43
doxorubicin,SNU899_UPPER_AERODIGESTIVE_TRACT,0.5426186919212341,0.6244638928447861,2,X_scGPT,mil,0.5,43
doxorubicin,SNUC4_LARGE_INTESTINE,0.787482738494873,0.681369468154948,5,X_scGPT,mil,0.5,43
doxorubicin,SQ1_LUNG,0.7245655655860901,0.7221081820355744,3,X_scGPT,mil,0.5,43
doxorubicin,SU8686_PANCREAS,0.5021981000900269,0.7139408966390098,1,X_scGPT,mil,0.5,43
doxorubicin,SW1088_CENTRAL_NERVOUS_SYSTEM,0.589234471321106,0.5830765266437083,4,X_scGPT,mil,0.5,43
doxorubicin,SW1271_LUNG,0.48043984174728394,0.6942019550696663,1,X_scGPT,mil,0.5,43
doxorubicin,SW1990_PANCREAS,0.6104688048362732,0.6252511951356446,5,X_scGPT,mil,0.5,43
doxorubicin,SW579_THYROID,0.40079694986343384,0.5944672769390493,3,X_scGPT,mil,0.5,43
doxorubicin,T47D_BREAST,0.712394654750824,0.6050162831852339,1,X_scGPT,mil,0.5,43
doxorubicin,TCCSUP_URINARY_TRACT,0.54876708984375,0.6233368149097962,3,X_scGPT,mil,0.5,43
doxorubicin,TE10_OESOPHAGUS,0.6106919646263123,0.5917476523140249,4,X_scGPT,mil,0.5,43
doxorubicin,TE14_OESOPHAGUS,0.6705263257026672,0.5720269507748165,1,X_scGPT,mil,0.5,43
doxorubicin,TE1_OESOPHAGUS,0.6324832439422607,0.6478044923069408,4,X_scGPT,mil,0.5,43
doxorubicin,TE6_OESOPHAGUS,0.4768960773944855,0.5237334347355388,2,X_scGPT,mil,0.5,43
doxorubicin,TE9_OESOPHAGUS,0.47645479440689087,0.5501986993176322,2,X_scGPT,mil,0.5,43
doxorubicin,TM31_CENTRAL_NERVOUS_SYSTEM,0.672069787979126,0.5657233174504905,2,X_scGPT,mil,0.5,43
doxorubicin,TOV112D_OVARY,0.3924221992492676,0.41633826914506084,2,X_scGPT,mil,0.5,43
doxorubicin,UACC257_SKIN,0.5711562633514404,0.6079293067984003,1,X_scGPT,mil,0.5,43
doxorubicin,VMCUB1_URINARY_TRACT,0.534176766872406,0.5346605648056733,4,X_scGPT,mil,0.5,43
doxorubicin,VMRCRCZ_KIDNEY,0.7579551935195923,0.6686998516321182,2,X_scGPT,mil,0.5,43
doxorubicin,YD38_UPPER_AERODIGESTIVE_TRACT,0.4940035343170166,0.540752654751906,4,X_scGPT,mil,0.5,43
doxorubicin,ZR751_BREAST,0.5641409754753113,0.5551542686027231,1,X_scGPT,mil,0.5,43
platin,42MGBA_CENTRAL_NERVOUS_SYSTEM,0.9792470335960388,1.0034578061702168,4,X_scGPT,mil,0.5,43
platin,8305C_THYROID,0.9902234673500061,0.969153427740068,4,X_scGPT,mil,0.5,43
platin,A204_SOFT_TISSUE,0.9935336112976074,1.021552593946457,4,X_scGPT,mil,0.5,43
platin,A2058_SKIN,1.0669606924057007,1.0635145310641958,5,X_scGPT,mil,0.5,43
platin,A375_SKIN,0.9721842408180237,1.036711685070501,3,X_scGPT,mil,0.5,43
platin,ACCMESO1_PLEURA,0.9934868812561035,0.9833636375856988,2,X_scGPT,mil,0.5,43
platin,ASPC1_PANCREAS,0.9865953326225281,0.9706081688404083,4,X_scGPT,mil,0.5,43
platin,BCPAP_THYROID,0.989610493183136,0.9662890347995257,4,X_scGPT,mil,0.5,43
platin,BFTC909_KIDNEY,1.1041555404663086,0.9426404623054263,5,X_scGPT,mil,0.5,43
platin,BHY_UPPER_AERODIGESTIVE_TRACT,0.9692360758781433,0.9774691244651531,3,X_scGPT,mil,0.5,43
platin,BICR16_UPPER_AERODIGESTIVE_TRACT,0.8785001635551453,0.9385346655013427,5,X_scGPT,mil,0.5,43
platin,BICR31_UPPER_AERODIGESTIVE_TRACT,0.9795008301734924,0.9975545608228252,3,X_scGPT,mil,0.5,43
platin,BICR56_UPPER_AERODIGESTIVE_TRACT,0.9870259761810303,1.001355391961557,3,X_scGPT,mil,0.5,43
platin,BICR6_UPPER_AERODIGESTIVE_TRACT,1.0553885698318481,0.9867369645125382,5,X_scGPT,mil,0.5,43
platin,BT474_BREAST,1.0629768371582031,1.0321643214225769,4,X_scGPT,mil,0.5,43
platin,BT549_BREAST,1.0051050186157227,0.9949002209910773,1,X_scGPT,mil,0.5,43
platin,CAKI2_KIDNEY,1.0197046995162964,0.9840553034123757,4,X_scGPT,mil,0.5,43
platin,CALU6_LUNG,0.9243093729019165,0.9916669141876605,3,X_scGPT,mil,0.5,43
platin,CAMA1_BREAST,1.002544641494751,1.0045676298977173,3,X_scGPT,mil,0.5,43
platin,CAS1_CENTRAL_NERVOUS_SYSTEM,0.9442310333251953,0.9971025469607877,1,X_scGPT,mil,0.5,43
platin,CCFSTTG1_CENTRAL_NERVOUS_SYSTEM,0.97667396068573,0.9521681520997024,5,X_scGPT,mil,0.5,43
platin,COLO741_SKIN,1.1626665592193604,1.0523906004102759,3,X_scGPT,mil,0.5,43
platin,COLO792_SKIN,0.9970811009407043,1.0518999471435688,2,X_scGPT,mil,0.5,43
platin,COV434_OVARY,0.9776856303215027,1.01041959293864,4,X_scGPT,mil,0.5,43
platin,DETROIT562_UPPER_AERODIGESTIVE_TRACT,0.9451091885566711,0.9886594626801145,2,X_scGPT,mil,0.5,43
platin,DKMG_CENTRAL_NERVOUS_SYSTEM,1.014595866203308,0.9597872799173053,5,X_scGPT,mil,0.5,43
platin,EBC1_LUNG,1.0444345474243164,0.9587160156619164,3,X_scGPT,mil,0.5,43
platin,EFE184_ENDOMETRIUM,0.9974330067634583,1.0049113451048386,4,X_scGPT,mil,0.5,43
platin,EFM192A_BREAST,0.9838091135025024,0.9685395939930065,5,X_scGPT,mil,0.5,43
platin,EKVX_LUNG,1.0204102993011475,1.0023725077714005,2,X_scGPT,mil,0.5,43
platin,FTC133_THYROID,1.0277923345565796,1.0120773030178887,3,X_scGPT,mil,0.5,43
platin,GOS3_CENTRAL_NERVOUS_SYSTEM,1.0298997163772583,0.9725617551054629,2,X_scGPT,mil,0.5,43
platin,HCC1428_BREAST,1.021384596824646,1.0804596327421234,5,X_scGPT,mil,0.5,43
platin,HCC366_LUNG,1.0475735664367676,0.9844282588156144,5,X_scGPT,mil,0.5,43
platin,HCC38_BREAST,0.9923052191734314,1.0563305842876434,5,X_scGPT,mil,0.5,43
platin,HCC56_LARGE_INTESTINE,0.9945890307426453,0.9698681361747511,3,X_scGPT,mil,0.5,43
platin,HDQP1_BREAST,1.0186738967895508,0.9997753286734223,3,X_scGPT,mil,0.5,43
platin,HEC151_ENDOMETRIUM,0.9933803677558899,0.9890750231742859,4,X_scGPT,mil,0.5,43
platin,HEC251_ENDOMETRIUM,0.9321639537811279,1.0107218623161316,3,X_scGPT,mil,0.5,43
platin,HEC6_ENDOMETRIUM,1.0545552968978882,0.9753042222550197,1,X_scGPT,mil,0.5,43
platin,HEP3B217_LIVER,1.008824110031128,0.9396519847845627,2,X_scGPT,mil,0.5,43
platin,HMC18_BREAST,0.9648770093917847,1.0195076524601048,2,X_scGPT,mil,0.5,43
platin,HOS_BONE,1.0313657522201538,0.9297148112221132,4,X_scGPT,mil,0.5,43
platin,HS852T_SKIN,1.0592886209487915,1.022234903441535,3,X_scGPT,mil,0.5,43
platin,HT1080_SOFT_TISSUE,1.0155428647994995,1.021026305912077,5,X_scGPT,mil,0.5,43
platin,HT1197_URINARY_TRACT,1.0305306911468506,0.9843675172006762,4,X_scGPT,mil,0.5,43
platin,HT55_LARGE_INTESTINE,0.9795694351196289,0.9665148975724858,1,X_scGPT,mil,0.5,43
platin,HUH28_BILIARY_TRACT,0.964556872844696,0.9511661070713894,2,X_scGPT,mil,0.5,43
platin,HUH6_LIVER,1.0990561246871948,0.9901967438367697,4,X_scGPT,mil,0.5,43
platin,HUPT3_PANCREAS,0.9551188945770264,0.9786384657901877,5,X_scGPT,mil,0.5,43
platin,HUPT4_PANCREAS,1.0379315614700317,0.9648928440042904,5,X_scGPT,mil,0.5,43
platin,IGR1_SKIN,1.0542523860931396,1.1174222437266645,5,X_scGPT,mil,0.5,43
platin,IGR37_SKIN,1.0100011825561523,1.132996323816371,2,X_scGPT,mil,0.5,43
platin,IM95_STOMACH,1.0478476285934448,1.0004090415464866,4,X_scGPT,mil,0.5,43
platin,JHH6_LIVER,1.018145203590393,1.0043011996352558,3,X_scGPT,mil,0.5,43
platin,JHOC5_OVARY,0.9941608309745789,1.0482401251792908,5,X_scGPT,mil,0.5,43
platin,KALS1_CENTRAL_NERVOUS_SYSTEM,0.9237702488899231,0.9518969030015998,2,X_scGPT,mil,0.5,43
platin,KMRC3_KIDNEY,0.9771931767463684,0.9605901504049495,1,X_scGPT,mil,0.5,43
platin,KNS42_CENTRAL_NERVOUS_SYSTEM,1.0155421495437622,1.0336602912392727,4,X_scGPT,mil,0.5,43
platin,KPL1_BREAST,1.0343024730682373,0.9975039725718291,3,X_scGPT,mil,0.5,43
platin,KPNSI9S_AUTONOMIC_GANGLIA,0.9301525950431824,1.010639912860338,5,X_scGPT,mil,0.5,43
platin,KYSE520_OESOPHAGUS,1.007004976272583,0.9678047709051669,2,X_scGPT,mil,0.5,43
platin,LI7_LIVER,0.9886579513549805,1.0206347728262142,4,X_scGPT,mil,0.5,43
platin,LMSU_STOMACH,0.9705260992050171,0.9767787304579043,2,X_scGPT,mil,0.5,43
platin,LNCAPCLONEFGC_PROSTATE,1.0294779539108276,0.9893855817558229,2,X_scGPT,mil,0.5,43
platin,LS1034_LARGE_INTESTINE,1.0018341541290283,1.0222911087617481,4,X_scGPT,mil,0.5,43
platin,LS180_LARGE_INTESTINE,0.975742518901825,0.9667522286444159,3,X_scGPT,mil,0.5,43
platin,MCF7_BREAST,0.9951045513153076,1.0232334920576402,1,X_scGPT,mil,0.5,43
platin,MDAMB361_BREAST,0.9679059386253357,1.0610428986725984,1,X_scGPT,mil,0.5,43
platin,MFE319_ENDOMETRIUM,1.0220245122909546,1.018055641214261,2,X_scGPT,mil,0.5,43
platin,MKN45_STOMACH,0.8389068841934204,0.9574605176004313,1,X_scGPT,mil,0.5,43
platin,MKN7_STOMACH,1.0312459468841553,0.9705851017966751,5,X_scGPT,mil,0.5,43
platin,NCIH1299_LUNG,1.0491753816604614,1.0201167028941465,2,X_scGPT,mil,0.5,43
platin,NCIH1373_LUNG,0.9896383881568909,0.9455369594620495,3,X_scGPT,mil,0.5,43
platin,NCIH1435_LUNG,0.9333376288414001,0.9725023193305797,3,X_scGPT,mil,0.5,43
platin,NCIH1792_LUNG,1.0021350383758545,0.9637025583971728,4,X_scGPT,mil,0.5,43
platin,NCIH1944_LUNG,0.9932892322540283,0.985922012064192,2,X_scGPT,mil,0.5,43
platin,NCIH2087_LUNG,0.9394748210906982,0.9219049386782189,5,X_scGPT,mil,0.5,43
platin,NCIH2110_LUNG,0.9992964863777161,1.0078560785732078,1,X_scGPT,mil,0.5,43
platin,NCIH2126_LUNG,1.0432602167129517,1.0061376099333619,4,X_scGPT,mil,0.5,43
platin,NCIH2170_LUNG,1.0115456581115723,0.9844766842647338,4,X_scGPT,mil,0.5,43
platin,NCIH2228_LUNG,0.8260154724121094,0.9628060317169418,3,X_scGPT,mil,0.5,43
platin,NCIH226_LUNG,0.830636203289032,1.0034466297068494,1,X_scGPT,mil,0.5,43
platin,NCIH2444_LUNG,0.7672997713088989,0.9647358122757216,3,X_scGPT,mil,0.5,43
platin,NCIH2452_PLEURA,0.9070914387702942,1.0091100047068968,3,X_scGPT,mil,0.5,43
platin,NCIH292_LUNG,0.9939825534820557,0.9542520964089694,3,X_scGPT,mil,0.5,43
platin,NCIH358_LUNG,0.8888556361198425,0.9801696485706738,1,X_scGPT,mil,0.5,43
platin,NCIH446_LUNG,1.0111768245697021,1.0373220227810802,3,X_scGPT,mil,0.5,43
platin,NCIH460_LUNG,0.9180375933647156,1.0133067222051724,3,X_scGPT,mil,0.5,43
platin,NCIH522_LUNG,0.9845574498176575,1.0039087565472493,2,X_scGPT,mil,0.5,43
platin,NCIH650_LUNG,1.0296367406845093,1.019046914753439,5,X_scGPT,mil,0.5,43
platin,OAW28_OVARY,1.0268629789352417,0.9558001782583154,5,X_scGPT,mil,0.5,43
platin,ONCODG1_OVARY,0.8869185447692871,0.9588722613122728,2,X_scGPT,mil,0.5,43
platin,OSRC2_KIDNEY,0.9602621793746948,1.0155463649166956,3,X_scGPT,mil,0.5,43
platin,OUMS23_LARGE_INTESTINE,1.002150058746338,0.9887688950957539,5,X_scGPT,mil,0.5,43
platin,OVCAR4_OVARY,0.9627922177314758,0.9749647747501468,1,X_scGPT,mil,0.5,43
platin,OVK18_OVARY,0.9590884447097778,1.0385439593470498,5,X_scGPT,mil,0.5,43
platin,OVSAHO_OVARY,0.9743474125862122,1.0238764761302965,2,X_scGPT,mil,0.5,43
platin,OVTOKO_OVARY,1.0049556493759155,0.9771741768389798,2,X_scGPT,mil,0.5,43
platin,PANC0203_PANCREAS,1.0155633687973022,0.9516579432214202,3,X_scGPT,mil,0.5,43
platin,PATU8988S_PANCREAS,1.0182701349258423,0.9712593338040055,2,X_scGPT,mil,0.5,43
platin,PC3_PROSTATE,1.0260894298553467,0.9850452316583261,1,X_scGPT,mil,0.5,43
platin,PECAPJ49_UPPER_AERODIGESTIVE_TRACT,1.0142818689346313,0.9928767155892778,1,X_scGPT,mil,0.5,43
platin,PK45H_PANCREAS,0.9461889266967773,0.9544608641374595,4,X_scGPT,mil,0.5,43
platin,PK59_PANCREAS,0.9478214383125305,0.9750655663424524,5,X_scGPT,mil,0.5,43
platin,RCC10RGB_KIDNEY,1.0726078748703003,1.009466353404164,5,X_scGPT,mil,0.5,43
platin,RCM1_LARGE_INTESTINE,1.0170825719833374,1.0059243077412248,3,X_scGPT,mil,0.5,43
platin,RD_SOFT_TISSUE,1.0147627592086792,0.960810878952801,1,X_scGPT,mil,0.5,43
platin,RERFLCAD1_LUNG,1.0816140174865723,1.001763132619269,5,X_scGPT,mil,0.5,43
platin,RERFLCAI_LUNG,0.959927499294281,0.9631012578154298,5,X_scGPT,mil,0.5,43
platin,RT4_URINARY_TRACT,0.9692416787147522,0.9198439987200611,5,X_scGPT,mil,0.5,43
platin,RVH421_SKIN,1.0230464935302734,1.014201692956262,4,X_scGPT,mil,0.5,43
platin,SCC25_UPPER_AERODIGESTIVE_TRACT,1.0477553606033325,0.9716483454130805,2,X_scGPT,mil,0.5,43
platin,SCC9_UPPER_AERODIGESTIVE_TRACT,1.0085161924362183,0.9640161262060467,2,X_scGPT,mil,0.5,43
platin,SH10TC_STOMACH,1.0161352157592773,1.0052208531955709,5,X_scGPT,mil,0.5,43
platin,SKES1_BONE,1.0584386587142944,1.0065003640049106,2,X_scGPT,mil,0.5,43
platin,SKMEL2_SKIN,0.9334335327148438,1.0082214416369149,1,X_scGPT,mil,0.5,43
platin,SKMEL30_SKIN,1.0383397340774536,1.0085377900863841,1,X_scGPT,mil,0.5,43
platin,SKMEL5_SKIN,1.0373903512954712,1.0886626410163212,4,X_scGPT,mil,0.5,43
platin,SKNAS_AUTONOMIC_GANGLIA,1.0376838445663452,1.0302762077972951,2,X_scGPT,mil,0.5,43
platin,SNU1079_BILIARY_TRACT,1.18472421169281,1.0041757699561447,1,X_scGPT,mil,0.5,43
platin,SNU1214_UPPER_AERODIGESTIVE_TRACT,0.996803879737854,0.9613927571063346,1,X_scGPT,mil,0.5,43
platin,SNU423_LIVER,1.0032963752746582,0.9315539980834385,4,X_scGPT,mil,0.5,43
platin,SNU449_LIVER,1.0042815208435059,0.9590798777045934,3,X_scGPT,mil,0.5,43
platin,SNU46_UPPER_AERODIGESTIVE_TRACT,1.053178071975708,0.949582651510077,4,X_scGPT,mil,0.5,43
platin,SNU738_CENTRAL_NERVOUS_SYSTEM,1.0346550941467285,0.9789688256925517,1,X_scGPT,mil,0.5,43
platin,SNU899_UPPER_AERODIGESTIVE_TRACT,0.959574818611145,0.9685782632195806,2,X_scGPT,mil,0.5,43
platin,SNUC4_LARGE_INTESTINE,0.9983201026916504,1.012836526624651,5,X_scGPT,mil,0.5,43
platin,SQ1_LUNG,1.1197351217269897,0.9923145881220072,3,X_scGPT,mil,0.5,43
platin,SU8686_PANCREAS,0.7819308638572693,0.9597765076451186,1,X_scGPT,mil,0.5,43
platin,SW1088_CENTRAL_NERVOUS_SYSTEM,1.0418158769607544,0.9980809255503118,4,X_scGPT,mil,0.5,43
platin,SW1271_LUNG,0.8586243391036987,0.998742677854455,1,X_scGPT,mil,0.5,43
platin,SW1990_PANCREAS,0.9959171414375305,0.9563351358963534,5,X_scGPT,mil,0.5,43
platin,SW579_THYROID,1.0330111980438232,1.0107798279705136,3,X_scGPT,mil,0.5,43
platin,T47D_BREAST,0.9664716720581055,1.0281184253649474,1,X_scGPT,mil,0.5,43
platin,TCCSUP_URINARY_TRACT,0.9622014760971069,1.0039561737941791,3,X_scGPT,mil,0.5,43
platin,TE10_OESOPHAGUS,1.0060145854949951,0.9696107838796154,4,X_scGPT,mil,0.5,43
platin,TE14_OESOPHAGUS,0.8898840546607971,0.9479536339954988,1,X_scGPT,mil,0.5,43
platin,TE1_OESOPHAGUS,1.0246561765670776,0.9843105491503928,4,X_scGPT,mil,0.5,43
platin,TE6_OESOPHAGUS,0.8174415230751038,0.9825054592099683,2,X_scGPT,mil,0.5,43
platin,TE9_OESOPHAGUS,0.990706741809845,0.9842109242754598,2,X_scGPT,mil,0.5,43
platin,TM31_CENTRAL_NERVOUS_SYSTEM,1.0375616550445557,0.9705205888583742,2,X_scGPT,mil,0.5,43
platin,TOV112D_OVARY,1.0178531408309937,1.015898233040785,2,X_scGPT,mil,0.5,43
platin,UACC257_SKIN,0.9795092344284058,0.9842417713987278,1,X_scGPT,mil,0.5,43
platin,UMUC1_URINARY_TRACT,0.9927111268043518,0.9901897665207762,1,X_scGPT,mil,0.5,43
platin,VMCUB1_URINARY_TRACT,1.0341886281967163,0.974176764737612,4,X_scGPT,mil,0.5,43
platin,VMRCRCZ_KIDNEY,1.0258471965789795,0.976218488017718,2,X_scGPT,mil,0.5,43
platin,YD38_UPPER_AERODIGESTIVE_TRACT,0.998884379863739,0.9664316708460833,4,X_scGPT,mil,0.5,43
platin,ZR751_BREAST,0.9796913862228394,1.0118907730556228,1,X_scGPT,mil,0.5,43
etoposide,42MGBA_CENTRAL_NERVOUS_SYSTEM,0.8331009149551392,0.8289960231560077,4,X_scGPT,mil,0.5,43
etoposide,8305C_THYROID,0.9449881911277771,0.9084803346455227,4,X_scGPT,mil,0.5,43
etoposide,A204_SOFT_TISSUE,0.6566945314407349,0.8427816247940063,4,X_scGPT,mil,0.5,43
etoposide,A2058_SKIN,0.7570939660072327,0.8312295044765992,5,X_scGPT,mil,0.5,43
etoposide,A375_SKIN,0.8881973028182983,0.835408478623498,3,X_scGPT,mil,0.5,43
etoposide,ACCMESO1_PLEURA,1.0023478269577026,0.8692954881691638,2,X_scGPT,mil,0.5,43
etoposide,ASPC1_PANCREAS,0.879176914691925,0.9331759748787716,4,X_scGPT,mil,0.5,43
etoposide,BCPAP_THYROID,0.9081188440322876,0.876706597836394,4,X_scGPT,mil,0.5,43
etoposide,BFTC909_KIDNEY,0.9591362476348877,0.7826469092381662,5,X_scGPT,mil,0.5,43
etoposide,BHY_UPPER_AERODIGESTIVE_TRACT,0.8850126266479492,0.9058215918212101,3,X_scGPT,mil,0.5,43
etoposide,BICR16_UPPER_AERODIGESTIVE_TRACT,0.9224086403846741,0.8835266564252242,5,X_scGPT,mil,0.5,43
etoposide,BICR31_UPPER_AERODIGESTIVE_TRACT,0.7809478044509888,0.8857524680995172,3,X_scGPT,mil,0.5,43
etoposide,BICR56_UPPER_AERODIGESTIVE_TRACT,0.8778219223022461,0.8831362216560928,3,X_scGPT,mil,0.5,43
etoposide,BICR6_UPPER_AERODIGESTIVE_TRACT,0.8759380578994751,0.8646871639298392,5,X_scGPT,mil,0.5,43
etoposide,BT474_BREAST,1.0099736452102661,0.8891356372833252,4,X_scGPT,mil,0.5,43
etoposide,BT549_BREAST,0.8398808240890503,0.8843193011624473,1,X_scGPT,mil,0.5,43
etoposide,CAKI2_KIDNEY,0.9896016120910645,0.9418038198416182,4,X_scGPT,mil,0.5,43
etoposide,CALU6_LUNG,0.9807374477386475,0.8742373172164888,3,X_scGPT,mil,0.5,43
etoposide,CAMA1_BREAST,0.9752383828163147,0.9004830064642471,3,X_scGPT,mil,0.5,43
etoposide,CAS1_CENTRAL_NERVOUS_SYSTEM,0.9169378280639648,0.8952401612038002,1,X_scGPT,mil,0.5,43
etoposide,CCFSTTG1_CENTRAL_NERVOUS_SYSTEM,0.9626949429512024,0.80233688519253,5,X_scGPT,mil,0.5,43
etoposide,COLO792_SKIN,0.9148250818252563,0.9621580573025664,2,X_scGPT,mil,0.5,43
etoposide,COV434_OVARY,0.6470798254013062,0.7976867197589441,4,X_scGPT,mil,0.5,43
etoposide,DETROIT562_UPPER_AERODIGESTIVE_TRACT,0.9601549506187439,0.918660416193535,2,X_scGPT,mil,0.5,43
etoposide,DKMG_CENTRAL_NERVOUS_SYSTEM,0.8593933582305908,0.7648081029473196,5,X_scGPT,mil,0.5,43
etoposide,EBC1_LUNG,0.835035502910614,0.915323079914175,3,X_scGPT,mil,0.5,43
etoposide,EFE184_ENDOMETRIUM,1.0169838666915894,0.9078084084876749,4,X_scGPT,mil,0.5,43
etoposide,EKVX_LUNG,0.9118933081626892,0.8996236989759419,2,X_scGPT,mil,0.5,43
etoposide,FTC133_THYROID,0.7460918426513672,0.9069103688001633,3,X_scGPT,mil,0.5,43
etoposide,GOS3_CENTRAL_NERVOUS_SYSTEM,0.8375164270401001,0.8644972821180733,2,X_scGPT,mil,0.5,43
etoposide,HCC1428_BREAST,0.9771108031272888,0.9455699141569963,5,X_scGPT,mil,0.5,43
etoposide,HCC366_LUNG,0.910918116569519,0.9023888176030451,5,X_scGPT,mil,0.5,43
etoposide,HCC38_BREAST,0.8091710805892944,0.886284373998642,5,X_scGPT,mil,0.5,43
etoposide,HCC56_LARGE_INTESTINE,0.9495776295661926,0.9406116026820559,3,X_scGPT,mil,0.5,43
etoposide,HDQP1_BREAST,0.8516975045204163,0.9108931003138423,3,X_scGPT,mil,0.5,43
etoposide,HEC151_ENDOMETRIUM,1.0013673305511475,0.907066427230835,4,X_scGPT,mil,0.5,43
etoposide,HEC251_ENDOMETRIUM,0.8941265940666199,0.9001903138428091,3,X_scGPT,mil,0.5,43
etoposide,HEC6_ENDOMETRIUM,0.8517888188362122,0.9632113638871945,1,X_scGPT,mil,0.5,43
etoposide,HEP3B217_LIVER,1.057532548904419,0.9016618647817838,2,X_scGPT,mil,0.5,43
etoposide,HMC18_BREAST,0.8415269255638123,0.8391786024432133,2,X_scGPT,mil,0.5,43
etoposide,HOS_BONE,0.7974532842636108,0.879328199405003,4,X_scGPT,mil,0.5,43
etoposide,HS852T_SKIN,0.7475330829620361,0.9043246021977177,3,X_scGPT,mil,0.5,43
etoposide,HT1080_SOFT_TISSUE,0.6449280381202698,0.8369148931531019,5,X_scGPT,mil,0.5,43
etoposide,HT55_LARGE_INTESTINE,0.9650404453277588,1.0146392880457837,1,X_scGPT,mil,0.5,43
etoposide,HUH28_BILIARY_TRACT,1.018973469734192,0.8933834626520281,2,X_scGPT,mil,0.5,43
etoposide,HUH6_LIVER,0.833292543888092,0.9498259441034328,4,X_scGPT,mil,0.5,43
etoposide,HUPT3_PANCREAS,0.9852476119995117,0.870202895034762,5,X_scGPT,mil,0.5,43
etoposide,HUPT4_PANCREAS,0.8033379912376404,0.8956487828067371,5,X_scGPT,mil,0.5,43
etoposide,IALM_LUNG,0.930241048336029,0.8706242319960031,4,X_scGPT,mil,0.5,43
etoposide,IGR1_SKIN,1.0408581495285034,0.8802695331080207,5,X_scGPT,mil,0.5,43
etoposide,IGR37_SKIN,0.8412778973579407,0.9937147489542233,2,X_scGPT,mil,0.5,43
etoposide,IM95_STOMACH,0.9270851612091064,0.908386890308277,4,X_scGPT,mil,0.5,43
etoposide,JHH6_LIVER,1.0548464059829712,0.880427302087395,3,X_scGPT,mil,0.5,43
etoposide,JHOC5_OVARY,0.8626714944839478,0.8846472251004186,5,X_scGPT,mil,0.5,43
etoposide,KALS1_CENTRAL_NERVOUS_SYSTEM,0.8603273630142212,0.897788185833229,2,X_scGPT,mil,0.5,43
etoposide,KMRC3_KIDNEY,0.8813601136207581,0.9548357941666428,1,X_scGPT,mil,0.5,43
etoposide,KNS42_CENTRAL_NERVOUS_SYSTEM,0.9034853577613831,0.8533932726050533,4,X_scGPT,mil,0.5,43
etoposide,KPL1_BREAST,1.0205578804016113,0.8979218669127726,3,X_scGPT,mil,0.5,43
etoposide,KYSE520_OESOPHAGUS,0.9646059274673462,0.9067584744916981,2,X_scGPT,mil,0.5,43
etoposide,LI7_LIVER,0.7534247040748596,0.8716977783003632,4,X_scGPT,mil,0.5,43
etoposide,LMSU_STOMACH,0.8622081279754639,0.869182022412618,2,X_scGPT,mil,0.5,43
etoposide,LNCAPCLONEFGC_PROSTATE,0.7813186645507812,0.8873384054317031,2,X_scGPT,mil,0.5,43
etoposide,LS1034_LARGE_INTESTINE,0.9297102689743042,0.9148017564048506,4,X_scGPT,mil,0.5,43
etoposide,LS180_LARGE_INTESTINE,0.8861265778541565,0.9076257991988903,3,X_scGPT,mil,0.5,43
etoposide,MCF7_BREAST,0.8706713318824768,0.9529959930406584,1,X_scGPT,mil,0.5,43
etoposide,MDAMB361_BREAST,0.8954521417617798,0.9424843311309814,1,X_scGPT,mil,0.5,43
etoposide,MFE319_ENDOMETRIUM,0.9040636420249939,0.884358803327171,2,X_scGPT,mil,0.5,43
etoposide,MKN45_STOMACH,1.0311390161514282,1.0023998001874503,1,X_scGPT,mil,0.5,43
etoposide,MKN7_STOMACH,0.8600762486457825,0.8704780404881913,5,X_scGPT,mil,0.5,43
etoposide,MSTO211H_PLEURA,0.7917598485946655,0.8929355875008836,1,X_scGPT,mil,0.5,43
etoposide,NCIH1299_LUNG,0.8532851934432983,0.8442971728714218,2,X_scGPT,mil,0.5,43
etoposide,NCIH1373_LUNG,0.9630944132804871,0.9303283157145105,3,X_scGPT,mil,0.5,43
etoposide,NCIH1435_LUNG,0.9766814112663269,0.9114604793237836,3,X_scGPT,mil,0.5,43
etoposide,NCIH1792_LUNG,0.9656820297241211,0.9030696336213533,4,X_scGPT,mil,0.5,43
etoposide,NCIH1944_LUNG,0.6817682385444641,0.8843227239046696,2,X_scGPT,mil,0.5,43
etoposide,NCIH2087_LUNG,0.7589763402938843,0.8806748817500458,5,X_scGPT,mil,0.5,43
etoposide,NCIH2110_LUNG,0.7439486384391785,0.9619041103813516,1,X_scGPT,mil,0.5,43
etoposide,NCIH2126_LUNG,0.8658925294876099,0.8710373901959622,4,X_scGPT,mil,0.5,43
etoposide,NCIH2170_LUNG,0.8605372905731201,0.8674537308619056,4,X_scGPT,mil,0.5,43
etoposide,NCIH2228_LUNG,0.803703784942627,0.9560865485375843,3,X_scGPT,mil,0.5,43
etoposide,NCIH226_LUNG,0.8373623490333557,0.905593219970135,1,X_scGPT,mil,0.5,43
etoposide,NCIH2444_LUNG,0.9262818098068237,0.9920830351893912,3,X_scGPT,mil,0.5,43
etoposide,NCIH2452_PLEURA,0.7958627939224243,0.8964704341604807,3,X_scGPT,mil,0.5,43
etoposide,NCIH292_LUNG,0.8499202728271484,0.9093969013769302,3,X_scGPT,mil,0.5,43
etoposide,NCIH358_LUNG,0.9151281714439392,0.9537225409987427,1,X_scGPT,mil,0.5,43
etoposide,NCIH446_LUNG,0.8249961733818054,0.7038861969295813,3,X_scGPT,mil,0.5,43
etoposide,NCIH460_LUNG,0.8671941161155701,0.8201562307926347,3,X_scGPT,mil,0.5,43
etoposide,NCIH522_LUNG,0.9969654083251953,0.7661690161778376,2,X_scGPT,mil,0.5,43
etoposide,NCIH650_LUNG,0.8764075636863708,0.8672264321703752,5,X_scGPT,mil,0.5,43
etoposide,NCIH747_LARGE_INTESTINE,0.8664198517799377,0.8944003067910671,5,X_scGPT,mil,0.5,43
etoposide,OAW28_OVARY,0.9306925535202026,0.9571199272730335,5,X_scGPT,mil,0.5,43
etoposide,ONCODG1_OVARY,1.0017673969268799,0.925828195280499,2,X_scGPT,mil,0.5,43
etoposide,OSRC2_KIDNEY,0.9677801132202148,0.9729637110990191,3,X_scGPT,mil,0.5,43
etoposide,OUMS23_LARGE_INTESTINE,1.0090399980545044,0.9095024343962982,5,X_scGPT,mil,0.5,43
etoposide,OVCAR4_OVARY,1.0145936012268066,0.9763604455196394,1,X_scGPT,mil,0.5,43
etoposide,OVK18_OVARY,0.7846348881721497,0.852999865673901,5,X_scGPT,mil,0.5,43
etoposide,OVSAHO_OVARY,0.9214667081832886,0.8679994436612738,2,X_scGPT,mil,0.5,43
etoposide,OVTOKO_OVARY,0.9155097007751465,0.9209522199972965,2,X_scGPT,mil,0.5,43
etoposide,PANC0203_PANCREAS,0.9984559416770935,0.9003770314893232,3,X_scGPT,mil,0.5,43
etoposide,PATU8988S_PANCREAS,0.9352052807807922,0.9829654463979064,2,X_scGPT,mil,0.5,43
etoposide,PC3_PROSTATE,0.9446516036987305,0.9400987286539473,1,X_scGPT,mil,0.5,43
etoposide,PECAPJ49_UPPER_AERODIGESTIVE_TRACT,0.7879024744033813,0.9610886181345081,1,X_scGPT,mil,0.5,43
etoposide,PK45H_PANCREAS,0.9257375001907349,0.9263966987493734,4,X_scGPT,mil,0.5,43
etoposide,PK59_PANCREAS,0.8377517461776733,0.8660100725875504,5,X_scGPT,mil,0.5,43
etoposide,RCC10RGB_KIDNEY,0.9756403565406799,0.8608174779384433,5,X_scGPT,mil,0.5,43
etoposide,RCM1_LARGE_INTESTINE,0.9171271920204163,0.8919313210062683,3,X_scGPT,mil,0.5,43
etoposide,RD_SOFT_TISSUE,0.8854100108146667,0.8480783054655082,1,X_scGPT,mil,0.5,43
etoposide,RERFLCAD1_LUNG,1.0706090927124023,0.8466807020053942,5,X_scGPT,mil,0.5,43
etoposide,RERFLCAI_LUNG,0.8134436011314392,0.9053932229157045,5,X_scGPT,mil,0.5,43
etoposide,RT4_URINARY_TRACT,0.8668930530548096,0.9179257632426496,5,X_scGPT,mil,0.5,43
etoposide,RVH421_SKIN,0.897118330001831,0.9356263466958721,4,X_scGPT,mil,0.5,43
etoposide,SCC25_UPPER_AERODIGESTIVE_TRACT,0.8446158766746521,0.9134375962754401,2,X_scGPT,mil,0.5,43
etoposide,SCC9_UPPER_AERODIGESTIVE_TRACT,0.8701490759849548,0.855137582829124,2,X_scGPT,mil,0.5,43
etoposide,SH10TC_STOMACH,0.9672427773475647,0.8725063524015269,5,X_scGPT,mil,0.5,43
etoposide,SKES1_BONE,0.5934908390045166,0.7460609563104399,2,X_scGPT,mil,0.5,43
etoposide,SKMEL30_SKIN,1.0023661851882935,0.957619035041366,1,X_scGPT,mil,0.5,43
etoposide,SKMEL5_SKIN,0.9399893879890442,0.9458570384015941,4,X_scGPT,mil,0.5,43
etoposide,SKNAS_AUTONOMIC_GANGLIA,0.8629070520401001,0.7711432897939091,2,X_scGPT,mil,0.5,43
etoposide,SNU1079_BILIARY_TRACT,0.7595831751823425,0.9420457759948626,1,X_scGPT,mil,0.5,43
etoposide,SNU1214_UPPER_AERODIGESTIVE_TRACT,1.0224812030792236,0.9413280753379173,1,X_scGPT,mil,0.5,43
etoposide,SNU308_BILIARY_TRACT,0.979265570640564,0.9503288769975622,1,X_scGPT,mil,0.5,43
etoposide,SNU423_LIVER,0.8940250873565674,0.9369032276126573,4,X_scGPT,mil,0.5,43
etoposide,SNU449_LIVER,0.9801832437515259,0.9389179420809374,3,X_scGPT,mil,0.5,43
etoposide,SNU46_UPPER_AERODIGESTIVE_TRACT,0.9463304877281189,0.9007795607134447,4,X_scGPT,mil,0.5,43
etoposide,SNU738_CENTRAL_NERVOUS_SYSTEM,0.9562158584594727,0.9433044808521119,1,X_scGPT,mil,0.5,43
etoposide,SNU899_UPPER_AERODIGESTIVE_TRACT,0.915181040763855,0.9361493544406202,2,X_scGPT,mil,0.5,43
etoposide,SNUC4_LARGE_INTESTINE,1.036194920539856,0.9153800721597365,5,X_scGPT,mil,0.5,43
etoposide,SQ1_LUNG,0.9289757013320923,0.941647464487733,3,X_scGPT,mil,0.5,43
etoposide,SU8686_PANCREAS,0.9100701212882996,0.9899596877214385,1,X_scGPT,mil,0.5,43
etoposide,SW1088_CENTRAL_NERVOUS_SYSTEM,0.8721161484718323,0.8726925891824067,4,X_scGPT,mil,0.5,43
etoposide,SW1271_LUNG,0.783595085144043,0.942299809663192,1,X_scGPT,mil,0.5,43
etoposide,SW1990_PANCREAS,0.9401975274085999,0.8865221352452952,5,X_scGPT,mil,0.5,43
etoposide,SW579_THYROID,0.75473552942276,0.9163894864820665,3,X_scGPT,mil,0.5,43
etoposide,T47D_BREAST,0.8190407156944275,0.9322306424783905,1,X_scGPT,mil,0.5,43
etoposide,TCCSUP_URINARY_TRACT,0.8695651292800903,0.9073541928318483,3,X_scGPT,mil,0.5,43
etoposide,TE10_OESOPHAGUS,1.0292607545852661,0.8869977348471341,4,X_scGPT,mil,0.5,43
etoposide,TE14_OESOPHAGUS,0.8199804425239563,0.9564787874996411,1,X_scGPT,mil,0.5,43
etoposide,TE1_OESOPHAGUS,0.9366662502288818,0.8940876459033744,4,X_scGPT,mil,0.5,43
etoposide,TE6_OESOPHAGUS,0.936692476272583,0.8926385975360005,2,X_scGPT,mil,0.5,43
etoposide,TE9_OESOPHAGUS,0.8555706739425659,0.9238247748824858,2,X_scGPT,mil,0.5,43
etoposide,TM31_CENTRAL_NERVOUS_SYSTEM,0.8893219828605652,0.8602876390876442,2,X_scGPT,mil,0.5,43
etoposide,TOV112D_OVARY,0.6803762316703796,0.7490967290523725,2,X_scGPT,mil,0.5,43
etoposide,UACC257_SKIN,0.890669047832489,0.9639194547880644,1,X_scGPT,mil,0.5,43
etoposide,UMUC1_URINARY_TRACT,0.7779892683029175,0.9576889512502602,1,X_scGPT,mil,0.5,43
etoposide,VMCUB1_URINARY_TRACT,0.7960208058357239,0.8509796689494384,4,X_scGPT,mil,0.5,43
etoposide,VMRCRCZ_KIDNEY,0.9554398059844971,0.9069809671243032,2,X_scGPT,mil,0.5,43
etoposide,YD38_UPPER_AERODIGESTIVE_TRACT,0.9334123730659485,0.862782800808931,4,X_scGPT,mil,0.5,43
etoposide,ZR751_BREAST,0.8927608728408813,0.9023415261101955,1,X_scGPT,mil,0.5,43
paclitaxel,42MGBA_CENTRAL_NERVOUS_SYSTEM,0.5773449540138245,0.5705217216235791,4,X_scGPT,mil,0.5,43
paclitaxel,8305C_THYROID,0.4181595742702484,0.7050718721611048,4,X_scGPT,mil,0.5,43
paclitaxel,A204_SOFT_TISSUE,0.3976210951805115,0.5951497300863265,4,X_scGPT,mil,0.5,43
paclitaxel,A2058_SKIN,0.25213122367858887,0.6174145113854181,5,X_scGPT,mil,0.5,43
paclitaxel,A375_SKIN,0.6486640572547913,0.6061853310108989,3,X_scGPT,mil,0.5,43
paclitaxel,ACCMESO1_PLEURA,0.894306480884552,0.5394400339803578,2,X_scGPT,mil,0.5,43
paclitaxel,ASPC1_PANCREAS,0.6668426394462585,0.8052470932746756,4,X_scGPT,mil,0.5,43
paclitaxel,BCPAP_THYROID,0.23143450915813446,0.6140958358974833,4,X_scGPT,mil,0.5,43
paclitaxel,BFTC909_KIDNEY,0.5808153748512268,0.48497480216944755,5,X_scGPT,mil,0.5,43
paclitaxel,BHY_UPPER_AERODIGESTIVE_TRACT,0.4818921685218811,0.5498193549698797,3,X_scGPT,mil,0.5,43
paclitaxel,BICR16_UPPER_AERODIGESTIVE_TRACT,0.5549177527427673,0.43697405255065774,5,X_scGPT,mil,0.5,43
paclitaxel,BICR31_UPPER_AERODIGESTIVE_TRACT,0.5351428985595703,0.5257010948994467,3,X_scGPT,mil,0.5,43
paclitaxel,BICR56_UPPER_AERODIGESTIVE_TRACT,0.3730112612247467,0.46058897766066187,3,X_scGPT,mil,0.5,43
paclitaxel,BICR6_UPPER_AERODIGESTIVE_TRACT,0.23882922530174255,0.43931850395002564,5,X_scGPT,mil,0.5,43
paclitaxel,BT474_BREAST,0.5603085160255432,0.7506204028129577,4,X_scGPT,mil,0.5,43
paclitaxel,BT549_BREAST,0.47538626194000244,0.543382456540165,1,X_scGPT,mil,0.5,43
paclitaxel,CAKI2_KIDNEY,0.681865394115448,0.8090039967632979,4,X_scGPT,mil,0.5,43
paclitaxel,CALU6_LUNG,0.5149357914924622,0.5669884746388871,3,X_scGPT,mil,0.5,43
paclitaxel,CAMA1_BREAST,0.7230926156044006,0.7014117090357948,3,X_scGPT,mil,0.5,43
paclitaxel,CAS1_CENTRAL_NERVOUS_SYSTEM,0.6666330099105835,0.589220271746915,1,X_scGPT,mil,0.5,43
paclitaxel,CCFSTTG1_CENTRAL_NERVOUS_SYSTEM,0.5479162335395813,0.43233769320375554,5,X_scGPT,mil,0.5,43
paclitaxel,COLO741_SKIN,0.7170583605766296,0.7215341735393443,3,X_scGPT,mil,0.5,43
paclitaxel,COLO792_SKIN,0.7044686079025269,0.6817590769146641,2,X_scGPT,mil,0.5,43
paclitaxel,COV434_OVARY,0.5393669605255127,0.42032104629007255,4,X_scGPT,mil,0.5,43
paclitaxel,DETROIT562_UPPER_AERODIGESTIVE_TRACT,0.45106321573257446,0.35621130448177546,2,X_scGPT,mil,0.5,43
paclitaxel,DKMG_CENTRAL_NERVOUS_SYSTEM,0.38211169838905334,0.49005121773459376,5,X_scGPT,mil,0.5,43
paclitaxel,EBC1_LUNG,0.47598934173583984,0.571676062480096,3,X_scGPT,mil,0.5,43
paclitaxel,EFE184_ENDOMETRIUM,0.860552966594696,0.7920446624589521,4,X_scGPT,mil,0.5,43
paclitaxel,EFM192A_BREAST,0.34463438391685486,0.628767851773683,5,X_scGPT,mil,0.5,43
paclitaxel,EKVX_LUNG,0.553428053855896,0.5120147193131381,2,X_scGPT,mil,0.5,43
paclitaxel,FTC133_THYROID,0.47673356533050537,0.654862430691719,3,X_scGPT,mil,0.5,43
paclitaxel,GOS3_CENTRAL_NERVOUS_SYSTEM,0.6263938546180725,0.4075689033375985,2,X_scGPT,mil,0.5,43
paclitaxel,HCC1428_BREAST,0.7681160569190979,0.7493460506904782,5,X_scGPT,mil,0.5,43
paclitaxel,HCC366_LUNG,0.33645835518836975,0.6265099876292861,5,X_scGPT,mil,0.5,43
paclitaxel,HCC56_LARGE_INTESTINE,0.6874182820320129,0.6342364516523149,3,X_scGPT,mil,0.5,43
paclitaxel,HDQP1_BREAST,0.5503139495849609,0.7069086437113583,3,X_scGPT,mil,0.5,43
paclitaxel,HEC151_ENDOMETRIUM,0.26064878702163696,0.7110989830493927,4,X_scGPT,mil,0.5,43
paclitaxel,HEC251_ENDOMETRIUM,0.6074375510215759,0.6638984312520964,3,X_scGPT,mil,0.5,43
paclitaxel,HEC6_ENDOMETRIUM,0.6524566411972046,0.5464230670321802,1,X_scGPT,mil,0.5,43
paclitaxel,HEP3B217_LIVER,0.8749276995658875,0.6136268490957002,2,X_scGPT,mil,0.5,43
paclitaxel,HMC18_BREAST,0.5282045602798462,0.44292369261129727,2,X_scGPT,mil,0.5,43
paclitaxel,HOS_BONE,0.4383065402507782,0.48797064552261116,4,X_scGPT,mil,0.5,43
paclitaxel,HS852T_SKIN,0.561641275882721,0.6429309591099068,3,X_scGPT,mil,0.5,43
paclitaxel,HT1080_SOFT_TISSUE,0.2787070870399475,0.621944860952307,5,X_scGPT,mil,0.5,43
paclitaxel,HT1197_URINARY_TRACT,0.8348632454872131,0.7804166175223686,4,X_scGPT,mil,0.5,43
paclitaxel,HT55_LARGE_INTESTINE,0.7321103811264038,0.5412303659870726,1,X_scGPT,mil,0.5,43
paclitaxel,HUH28_BILIARY_TRACT,0.8871231079101562,0.5279609175037137,2,X_scGPT,mil,0.5,43
paclitaxel,HUH6_LIVER,0.6696184277534485,0.8508495779256143,4,X_scGPT,mil,0.5,43
paclitaxel,HUPT3_PANCREAS,0.6675722002983093,0.569749011493781,5,X_scGPT,mil,0.5,43
paclitaxel,HUPT4_PANCREAS,0.4872957468032837,0.6245988942682743,5,X_scGPT,mil,0.5,43
paclitaxel,IALM_LUNG,0.9551768898963928,0.6319494880504489,4,X_scGPT,mil,0.5,43
paclitaxel,IGR1_SKIN,0.46965447068214417,0.5943266062900938,5,X_scGPT,mil,0.5,43
paclitaxel,IGR37_SKIN,0.34695038199424744,0.6158758672410541,2,X_scGPT,mil,0.5,43
paclitaxel,IM95_STOMACH,0.1323966383934021,0.7340623546291042,4,X_scGPT,mil,0.5,43
paclitaxel,JHH6_LIVER,0.8664480447769165,0.593187975796681,3,X_scGPT,mil,0.5,43
paclitaxel,JHOC5_OVARY,0.7029275298118591,0.5953554809093475,5,X_scGPT,mil,0.5,43
paclitaxel,KALS1_CENTRAL_NERVOUS_SYSTEM,0.5483145117759705,0.46036196034401655,2,X_scGPT,mil,0.5,43
paclitaxel,KNS42_CENTRAL_NERVOUS_SYSTEM,0.5381373763084412,0.5815077217858892,4,X_scGPT,mil,0.5,43
paclitaxel,KPL1_BREAST,0.8654016256332397,0.7111651896350626,3,X_scGPT,mil,0.5,43
paclitaxel,KPNSI9S_AUTONOMIC_GANGLIA,0.4790201187133789,0.5896544833053914,5,X_scGPT,mil,0.5,43
paclitaxel,KYSE520_OESOPHAGUS,0.7341740131378174,0.4025058619009083,2,X_scGPT,mil,0.5,43
paclitaxel,LI7_LIVER,0.4598449468612671,0.629347668162414,4,X_scGPT,mil,0.5,43
paclitaxel,LMSU_STOMACH,0.6969594359397888,0.3403345856012083,2,X_scGPT,mil,0.5,43
paclitaxel,LNCAPCLONEFGC_PROSTATE,0.26235461235046387,0.9007155978402426,2,X_scGPT,mil,0.5,43
paclitaxel,LS1034_LARGE_INTESTINE,0.6370921730995178,0.7640893708353174,4,X_scGPT,mil,0.5,43
paclitaxel,LS180_LARGE_INTESTINE,0.4816078245639801,0.5661633465428761,3,X_scGPT,mil,0.5,43
paclitaxel,MCF7_BREAST,0.7188596725463867,0.5460440797822459,1,X_scGPT,mil,0.5,43
paclitaxel,MDAMB361_BREAST,0.7592437863349915,0.5544616251080124,1,X_scGPT,mil,0.5,43
paclitaxel,MFE319_ENDOMETRIUM,0.33053478598594666,0.48607706680347784,2,X_scGPT,mil,0.5,43
paclitaxel,MKN45_STOMACH,1.0542246103286743,0.556561837256965,1,X_scGPT,mil,0.5,43
paclitaxel,MKN7_STOMACH,0.7204365134239197,0.6115342189175214,5,X_scGPT,mil,0.5,43
paclitaxel,MSTO211H_PLEURA,0.5372766852378845,0.5043437371550987,1,X_scGPT,mil,0.5,43
paclitaxel,NCIH1299_LUNG,0.7549321055412292,0.47845303018887836,2,X_scGPT,mil,0.5,43
paclitaxel,NCIH1373_LUNG,0.8187294602394104,0.574155656484569,3,X_scGPT,mil,0.5,43
paclitaxel,NCIH1435_LUNG,0.8090988397598267,0.5935594574565745,3,X_scGPT,mil,0.5,43
paclitaxel,NCIH1792_LUNG,0.5818405151367188,0.6534315753090489,4,X_scGPT,mil,0.5,43
paclitaxel,NCIH1944_LUNG,0.3740067780017853,0.4836265338935714,2,X_scGPT,mil,0.5,43
paclitaxel,NCIH2087_LUNG,0.5467512607574463,0.5051094863784912,5,X_scGPT,mil,0.5,43
paclitaxel,NCIH2110_LUNG,0.272956520318985,0.5760763932412594,1,X_scGPT,mil,0.5,43
paclitaxel,NCIH2126_LUNG,0.5379691123962402,0.6896927287858544,4,X_scGPT,mil,0.5,43
paclitaxel,NCIH2170_LUNG,0.5391324758529663,0.5719548703079492,4,X_scGPT,mil,0.5,43
paclitaxel,NCIH2228_LUNG,0.4602290689945221,0.6740991789086314,3,X_scGPT,mil,0.5,43
paclitaxel,NCIH226_LUNG,0.8687956929206848,0.6220685802875681,1,X_scGPT,mil,0.5,43
paclitaxel,NCIH2444_LUNG,0.9581254720687866,0.7444000252942998,3,X_scGPT,mil,0.5,43
paclitaxel,NCIH2452_PLEURA,0.5407692193984985,0.6445364333883095,3,X_scGPT,mil,0.5,43
paclitaxel,NCIH292_LUNG,0.5668730139732361,0.5321561480072182,3,X_scGPT,mil,0.5,43
paclitaxel,NCIH358_LUNG,0.25940781831741333,0.5615102583985954,1,X_scGPT,mil,0.5,43
paclitaxel,NCIH446_LUNG,0.14456011354923248,0.3470278485697143,3,X_scGPT,mil,0.5,43
paclitaxel,NCIH460_LUNG,0.7660059332847595,0.5500873202633829,3,X_scGPT,mil,0.5,43
paclitaxel,NCIH522_LUNG,0.17662416398525238,0.32499724411620545,2,X_scGPT,mil,0.5,43
paclitaxel,NCIH650_LUNG,0.5765936970710754,0.6859746347714174,5,X_scGPT,mil,0.5,43
paclitaxel,NCIH747_LARGE_INTESTINE,0.5780559778213501,0.5297311291098594,5,X_scGPT,mil,0.5,43
paclitaxel,OAW28_OVARY,0.6478685736656189,0.7509472077677709,5,X_scGPT,mil,0.5,43
paclitaxel,ONCODG1_OVARY,0.3199176490306854,0.4891835754668271,2,X_scGPT,mil,0.5,43
paclitaxel,OSRC2_KIDNEY,0.7962691187858582,0.8134381089891706,3,X_scGPT,mil,0.5,43
paclitaxel,OUMS23_LARGE_INTESTINE,0.7829944491386414,0.736211572016511,5,X_scGPT,mil,0.5,43
paclitaxel,OVCAR4_OVARY,0.8004850149154663,0.6352476560816748,1,X_scGPT,mil,0.5,43
paclitaxel,OVK18_OVARY,0.4765249192714691,0.5269444779063879,5,X_scGPT,mil,0.5,43
paclitaxel,OVSAHO_OVARY,0.8824303150177002,0.47623663077270406,2,X_scGPT,mil,0.5,43
paclitaxel,OVTOKO_OVARY,0.8369354605674744,0.5603953254850287,2,X_scGPT,mil,0.5,43
paclitaxel,PANC0203_PANCREAS,0.6423929333686829,0.534458764751438,3,X_scGPT,mil,0.5,43
paclitaxel,PATU8988S_PANCREAS,0.446163147687912,0.733435298087167,2,X_scGPT,mil,0.5,43
paclitaxel,PC3_PROSTATE,0.6623719334602356,0.5854775838597992,1,X_scGPT,mil,0.5,43
paclitaxel,PECAPJ49_UPPER_AERODIGESTIVE_TRACT,0.1385912001132965,0.48907555639743805,1,X_scGPT,mil,0.5,43
paclitaxel,PK45H_PANCREAS,0.654854953289032,0.7403602347162817,4,X_scGPT,mil,0.5,43
paclitaxel,PK59_PANCREAS,0.7222234010696411,0.6821298921245268,5,X_scGPT,mil,0.5,43
paclitaxel,RCC10RGB_KIDNEY,0.9201443791389465,0.8023599505168686,5,X_scGPT,mil,0.5,43
paclitaxel,RCM1_LARGE_INTESTINE,0.8737563490867615,0.6449452557135373,3,X_scGPT,mil,0.5,43
paclitaxel,RD_SOFT_TISSUE,0.4241355359554291,0.3985471342943637,1,X_scGPT,mil,0.5,43
paclitaxel,RERFLCAD1_LUNG,0.8790925741195679,0.6817162689358118,5,X_scGPT,mil,0.5,43
paclitaxel,RERFLCAI_LUNG,0.2502758204936981,0.5610142804457663,5,X_scGPT,mil,0.5,43
paclitaxel,RT4_URINARY_TRACT,0.6046387553215027,0.5617348076599948,5,X_scGPT,mil,0.5,43
paclitaxel,RVH421_SKIN,0.7491921186447144,0.8320061983423752,4,X_scGPT,mil,0.5,43
paclitaxel,SCC25_UPPER_AERODIGESTIVE_TRACT,0.2888741195201874,0.23035872234799018,2,X_scGPT,mil,0.5,43
paclitaxel,SCC9_UPPER_AERODIGESTIVE_TRACT,0.5322899222373962,0.37547086389441237,2,X_scGPT,mil,0.5,43
paclitaxel,SH10TC_STOMACH,0.361468106508255,0.7848718580696997,5,X_scGPT,mil,0.5,43
paclitaxel,SKES1_BONE,0.13089656829833984,0.2862289099247901,2,X_scGPT,mil,0.5,43
paclitaxel,SKMEL30_SKIN,0.8269326090812683,0.5955514597994073,1,X_scGPT,mil,0.5,43
paclitaxel,SKMEL5_SKIN,0.6843826770782471,0.7504148559538202,4,X_scGPT,mil,0.5,43
paclitaxel,SKNAS_AUTONOMIC_GANGLIA,0.4287222623825073,0.29588163584734484,2,X_scGPT,mil,0.5,43
paclitaxel,SNU1079_BILIARY_TRACT,0.7723974585533142,0.6170316252806415,1,X_scGPT,mil,0.5,43
paclitaxel,SNU1214_UPPER_AERODIGESTIVE_TRACT,0.6571193337440491,0.40398999097499444,1,X_scGPT,mil,0.5,43
paclitaxel,SNU308_BILIARY_TRACT,0.6758968234062195,0.5406409701768388,1,X_scGPT,mil,0.5,43
paclitaxel,SNU423_LIVER,0.33964672684669495,0.6966621414670404,4,X_scGPT,mil,0.5,43
paclitaxel,SNU449_LIVER,0.7268666625022888,0.5929738124634357,3,X_scGPT,mil,0.5,43
paclitaxel,SNU46_UPPER_AERODIGESTIVE_TRACT,0.7909281253814697,0.6405449111835432,4,X_scGPT,mil,0.5,43
paclitaxel,SNU738_CENTRAL_NERVOUS_SYSTEM,0.4399850070476532,0.6107435417521283,1,X_scGPT,mil,0.5,43
paclitaxel,SNU899_UPPER_AERODIGESTIVE_TRACT,0.681810736656189,0.5219942101513046,2,X_scGPT,mil,0.5,43
paclitaxel,SQ1_LUNG,0.7129773497581482,0.7342105978677252,3,X_scGPT,mil,0.5,43
paclitaxel,SU8686_PANCREAS,0.5364874601364136,0.6435645498880526,1,X_scGPT,mil,0.5,43
paclitaxel,SW1088_CENTRAL_NERVOUS_SYSTEM,0.5202143788337708,0.666989560239017,4,X_scGPT,mil,0.5,43
paclitaxel,SW1271_LUNG,0.4873711168766022,0.6412490686644678,1,X_scGPT,mil,0.5,43
paclitaxel,SW1990_PANCREAS,0.5378300547599792,0.6399295362082678,5,X_scGPT,mil,0.5,43
paclitaxel,SW579_THYROID,0.2767201066017151,0.6391839141944586,3,X_scGPT,mil,0.5,43
paclitaxel,T47D_BREAST,0.803274393081665,0.5218722814887897,1,X_scGPT,mil,0.5,43
paclitaxel,TCCSUP_URINARY_TRACT,0.6246080994606018,0.6046845933681801,3,X_scGPT,mil,0.5,43
paclitaxel,TE10_OESOPHAGUS,0.5292326211929321,0.5866080581053207,4,X_scGPT,mil,0.5,43
paclitaxel,TE14_OESOPHAGUS,0.2964872419834137,0.3603813121967678,1,X_scGPT,mil,0.5,43
paclitaxel,TE1_OESOPHAGUS,0.7852445244789124,0.6956759558140653,4,X_scGPT,mil,0.5,43
paclitaxel,TE6_OESOPHAGUS,0.25333571434020996,0.30971251549824613,2,X_scGPT,mil,0.5,43
paclitaxel,TM31_CENTRAL_NERVOUS_SYSTEM,0.6742895245552063,0.43871942342355336,2,X_scGPT,mil,0.5,43
paclitaxel,TOV112D_OVARY,0.3578580617904663,0.31111309429009754,2,X_scGPT,mil,0.5,43
paclitaxel,UACC257_SKIN,0.8656947016716003,0.4286523890295787,1,X_scGPT,mil,0.5,43
paclitaxel,UMUC1_URINARY_TRACT,0.45489633083343506,0.5666596452294267,1,X_scGPT,mil,0.5,43
paclitaxel,VMCUB1_URINARY_TRACT,0.2998367249965668,0.4844166683227946,4,X_scGPT,mil,0.5,43
paclitaxel,VMRCRCZ_KIDNEY,0.7868435978889465,0.597787339091301,2,X_scGPT,mil,0.5,43
paclitaxel,ZR751_BREAST,1.0104048252105713,0.4035878897099047,1,X_scGPT,mil,0.5,43
gemcitabine,42MGBA_CENTRAL_NERVOUS_SYSTEM,0.5005143880844116,0.7141930669776261,4,X_scGPT,mil,0.5,43
gemcitabine,8305C_THYROID,0.6218052506446838,0.7693599018396116,4,X_scGPT,mil,0.5,43
gemcitabine,A204_SOFT_TISSUE,0.39566460251808167,0.7287558567523956,4,X_scGPT,mil,0.5,43
gemcitabine,A2058_SKIN,0.8566543459892273,0.6562229730442267,5,X_scGPT,mil,0.5,43
gemcitabine,A375_SKIN,0.34170886874198914,0.8031673711829804,3,X_scGPT,mil,0.5,43
gemcitabine,ACCMESO1_PLEURA,0.9600024223327637,0.811345926773401,2,X_scGPT,mil,0.5,43
gemcitabine,ASPC1_PANCREAS,0.8360801339149475,0.7745201846648907,4,X_scGPT,mil,0.5,43
gemcitabine,BCPAP_THYROID,0.6562466621398926,0.7040160466965876,4,X_scGPT,mil,0.5,43
gemcitabine,BFTC909_KIDNEY,0.6332346200942993,0.6345131251774236,5,X_scGPT,mil,0.5,43
gemcitabine,BHY_UPPER_AERODIGESTIVE_TRACT,0.49976876378059387,0.7032441163885182,3,X_scGPT,mil,0.5,43
gemcitabine,BICR16_UPPER_AERODIGESTIVE_TRACT,0.898076593875885,0.672545757636709,5,X_scGPT,mil,0.5,43
gemcitabine,BICR31_UPPER_AERODIGESTIVE_TRACT,0.8775738477706909,0.682403419286974,3,X_scGPT,mil,0.5,43
gemcitabine,BICR56_UPPER_AERODIGESTIVE_TRACT,0.8867817521095276,0.6177253995412662,3,X_scGPT,mil,0.5,43
gemcitabine,BICR6_UPPER_AERODIGESTIVE_TRACT,0.9811211228370667,0.6738635083803763,5,X_scGPT,mil,0.5,43
gemcitabine,BT474_BREAST,1.1705902814865112,0.8105540957450866,4,X_scGPT,mil,0.5,43
gemcitabine,BT549_BREAST,0.8982008099555969,0.7626071626082399,1,X_scGPT,mil,0.5,43
gemcitabine,CAKI2_KIDNEY,0.8708728551864624,0.803926367982686,4,X_scGPT,mil,0.5,43
gemcitabine,CALU6_LUNG,0.781755805015564,0.7468322095020797,3,X_scGPT,mil,0.5,43
gemcitabine,CAMA1_BREAST,0.8566052317619324,0.860243461181208,3,X_scGPT,mil,0.5,43
gemcitabine,CAS1_CENTRAL_NERVOUS_SYSTEM,0.6782752275466919,0.7967463012476613,1,X_scGPT,mil,0.5,43
gemcitabine,CCFSTTG1_CENTRAL_NERVOUS_SYSTEM,0.9153845310211182,0.650850751293384,5,X_scGPT,mil,0.5,43
gemcitabine,COLO741_SKIN,0.866061806678772,0.8934755316258927,3,X_scGPT,mil,0.5,43
gemcitabine,COLO792_SKIN,0.8210777640342712,0.893560925532971,2,X_scGPT,mil,0.5,43
gemcitabine,COV434_OVARY,0.4338838756084442,0.6057974394749511,4,X_scGPT,mil,0.5,43
gemcitabine,DETROIT562_UPPER_AERODIGESTIVE_TRACT,0.6181465983390808,0.5299047897198449,2,X_scGPT,mil,0.5,43
gemcitabine,DKMG_CENTRAL_NERVOUS_SYSTEM,0.6961764693260193,0.6119076967019437,5,X_scGPT,mil,0.5,43
gemcitabine,EBC1_LUNG,0.30304309725761414,0.725392174336218,3,X_scGPT,mil,0.5,43
gemcitabine,EFE184_ENDOMETRIUM,0.671839714050293,0.8027883123519809,4,X_scGPT,mil,0.5,43
gemcitabine,EFM192A_BREAST,0.6512632369995117,0.8313633255414419,5,X_scGPT,mil,0.5,43
gemcitabine,EKVX_LUNG,0.9874262809753418,0.7832240621521048,2,X_scGPT,mil,0.5,43
gemcitabine,FTC133_THYROID,0.6643245220184326,0.8174491541726249,3,X_scGPT,mil,0.5,43
gemcitabine,GOS3_CENTRAL_NERVOUS_SYSTEM,0.6326534152030945,0.6963900262148592,2,X_scGPT,mil,0.5,43
gemcitabine,HCC1428_BREAST,1.0535941123962402,0.9439260638135625,5,X_scGPT,mil,0.5,43
gemcitabine,HCC366_LUNG,0.5387693643569946,0.7847373461959386,5,X_scGPT,mil,0.5,43
gemcitabine,HCC38_BREAST,0.44297653436660767,0.8299991264939308,5,X_scGPT,mil,0.5,43
gemcitabine,HCC56_LARGE_INTESTINE,0.769647479057312,0.759661346974999,3,X_scGPT,mil,0.5,43
gemcitabine,HDQP1_BREAST,0.9436390399932861,0.7746005840599537,3,X_scGPT,mil,0.5,43
gemcitabine,HEC151_ENDOMETRIUM,0.5687434077262878,0.7368469836711884,4,X_scGPT,mil,0.5,43
gemcitabine,HEC251_ENDOMETRIUM,0.8283629417419434,0.7593376313414529,3,X_scGPT,mil,0.5,43
gemcitabine,HEC6_ENDOMETRIUM,0.7369199991226196,0.7932223614698611,1,X_scGPT,mil,0.5,43
gemcitabine,HEP3B217_LIVER,0.8503090739250183,0.7487800813327401,2,X_scGPT,mil,0.5,43
gemcitabine,HMC18_BREAST,0.5817105174064636,0.8481586451416536,2,X_scGPT,mil,0.5,43
gemcitabine,HOS_BONE,0.7406152486801147,0.5803657373631389,4,X_scGPT,mil,0.5,43
gemcitabine,HS852T_SKIN,0.6088628172874451,0.8494823858325864,3,X_scGPT,mil,0.5,43
gemcitabine,HT1080_SOFT_TISSUE,0.6308806538581848,0.7055754003136657,5,X_scGPT,mil,0.5,43
gemcitabine,HT1197_URINARY_TRACT,0.8877960443496704,0.7943182007686512,4,X_scGPT,mil,0.5,43
gemcitabine,HT55_LARGE_INTESTINE,0.7846170663833618,0.8064025914499545,1,X_scGPT,mil,0.5,43
gemcitabine,HUH28_BILIARY_TRACT,0.9175785779953003,0.7692700422925057,2,X_scGPT,mil,0.5,43
gemcitabine,HUH6_LIVER,0.734017014503479,0.8577667114120968,4,X_scGPT,mil,0.5,43
gemcitabine,HUPT3_PANCREAS,0.82715904712677,0.7347460196298712,5,X_scGPT,mil,0.5,43
gemcitabine,HUPT4_PANCREAS,0.6738348603248596,0.7136274299451283,5,X_scGPT,mil,0.5,43
gemcitabine,IALM_LUNG,1.0259499549865723,0.7075205195394362,4,X_scGPT,mil,0.5,43
gemcitabine,IGR1_SKIN,0.7302095890045166,0.6161400624390306,5,X_scGPT,mil,0.5,43
gemcitabine,IGR37_SKIN,0.4442389905452728,0.9550149591924134,2,X_scGPT,mil,0.5,43
gemcitabine,IM95_STOMACH,0.6315738558769226,0.7222674514796282,4,X_scGPT,mil,0.5,43
gemcitabine,JHH6_LIVER,1.39784836769104,0.7697607116791808,3,X_scGPT,mil,0.5,43
gemcitabine,JHOC5_OVARY,0.4567776322364807,0.755702478721224,5,X_scGPT,mil,0.5,43
gemcitabine,KALS1_CENTRAL_NERVOUS_SYSTEM,0.7936452627182007,0.7189801778230402,2,X_scGPT,mil,0.5,43
gemcitabine,KMRC3_KIDNEY,0.5808050632476807,0.7893401435443334,1,X_scGPT,mil,0.5,43
gemcitabine,KNS42_CENTRAL_NERVOUS_SYSTEM,0.9519704580307007,0.7515361315982286,4,X_scGPT,mil,0.5,43
gemcitabine,KPL1_BREAST,0.8953196406364441,0.8938390508941982,3,X_scGPT,mil,0.5,43
gemcitabine,KPNSI9S_AUTONOMIC_GANGLIA,0.4565414786338806,0.6697108022464339,5,X_scGPT,mil,0.5,43
gemcitabine,KYSE520_OESOPHAGUS,0.9058042168617249,0.5998151672329327,2,X_scGPT,mil,0.5,43
gemcitabine,LI7_LIVER,0.5827900767326355,0.7267037392879019,4,X_scGPT,mil,0.5,43
gemcitabine,LMSU_STOMACH,0.8756802678108215,0.6437921850120321,2,X_scGPT,mil,0.5,43
gemcitabine,LNCAPCLONEFGC_PROSTATE,0.5755029320716858,1.1186365494432375,2,X_scGPT,mil,0.5,43
gemcitabine,LS1034_LARGE_INTESTINE,0.6300612092018127,0.7837130860106586,4,X_scGPT,mil,0.5,43
gemcitabine,LS180_LARGE_INTESTINE,0.4482704699039459,0.7388628625473488,3,X_scGPT,mil,0.5,43
gemcitabine,MCF7_BREAST,0.8343956470489502,0.8472009597124753,1,X_scGPT,mil,0.5,43
gemcitabine,MDAMB361_BREAST,0.7940967082977295,0.902313686300207,1,X_scGPT,mil,0.5,43
gemcitabine,MFE319_ENDOMETRIUM,0.969434380531311,0.7964108330417053,2,X_scGPT,mil,0.5,43
gemcitabine,MKN45_STOMACH,0.9803581833839417,0.7835141081931227,1,X_scGPT,mil,0.5,43
gemcitabine,MKN7_STOMACH,0.9915323257446289,0.7520380688961162,5,X_scGPT,mil,0.5,43
gemcitabine,NCIH1299_LUNG,0.7092453837394714,0.80972867221868,2,X_scGPT,mil,0.5,43
gemcitabine,NCIH1373_LUNG,0.6424748301506042,0.7346955926679983,3,X_scGPT,mil,0.5,43
gemcitabine,NCIH1435_LUNG,0.5391858816146851,0.7639298762721516,3,X_scGPT,mil,0.5,43
gemcitabine,NCIH1792_LUNG,0.6867678165435791,0.7048554841999535,4,X_scGPT,mil,0.5,43
gemcitabine,NCIH1944_LUNG,0.543655276298523,0.7410902041168028,2,X_scGPT,mil,0.5,43
gemcitabine,NCIH2087_LUNG,0.42783018946647644,0.6384114519646179,5,X_scGPT,mil,0.5,43
gemcitabine,NCIH2110_LUNG,0.3368552327156067,0.8099664576688603,1,X_scGPT,mil,0.5,43
gemcitabine,NCIH2126_LUNG,0.6156565546989441,0.7530274402463075,4,X_scGPT,mil,0.5,43
gemcitabine,NCIH2170_LUNG,0.44036784768104553,0.6474689446704488,4,X_scGPT,mil,0.5,43
gemcitabine,NCIH2228_LUNG,0.5427727699279785,0.7777917830106024,3,X_scGPT,mil,0.5,43
gemcitabine,NCIH226_LUNG,0.7438065409660339,0.8100230764835439,1,X_scGPT,mil,0.5,43
gemcitabine,NCIH2444_LUNG,1.066865086555481,0.8116333258302906,3,X_scGPT,mil,0.5,43
gemcitabine,NCIH2452_PLEURA,0.7650330066680908,0.7353879957837243,3,X_scGPT,mil,0.5,43
gemcitabine,NCIH292_LUNG,0.5377177000045776,0.6896434185650427,3,X_scGPT,mil,0.5,43
gemcitabine,NCIH358_LUNG,0.8151067495346069,0.7905205234530426,1,X_scGPT,mil,0.5,43
gemcitabine,NCIH446_LUNG,0.529270589351654,0.5716168351319372,3,X_scGPT,mil,0.5,43
gemcitabine,NCIH460_LUNG,0.6561989784240723,0.7524963155869515,3,X_scGPT,mil,0.5,43
gemcitabine,NCIH522_LUNG,0.6660993695259094,0.7264299111870619,2,X_scGPT,mil,0.5,43
gemcitabine,NCIH650_LUNG,0.47172221541404724,0.8354372925424048,5,X_scGPT,mil,0.5,43
gemcitabine,NCIH747_LARGE_INTESTINE,0.6213706135749817,0.6518395598977804,5,X_scGPT,mil,0.5,43
gemcitabine,OAW28_OVARY,0.8206195831298828,0.8635863996810794,5,X_scGPT,mil,0.5,43
gemcitabine,ONCODG1_OVARY,0.7360410094261169,0.6989305296429882,2,X_scGPT,mil,0.5,43
gemcitabine,OSRC2_KIDNEY,0.8197447061538696,0.859178543563873,3,X_scGPT,mil,0.5,43
gemcitabine,OUMS23_LARGE_INTESTINE,1.1526105403900146,0.849421484169559,5,X_scGPT,mil,0.5,43
gemcitabine,OVCAR4_OVARY,0.9360761046409607,0.8214698377009415,1,X_scGPT,mil,0.5,43
gemcitabine,OVK18_OVARY,0.7555391192436218,0.6592608797416258,5,X_scGPT,mil,0.5,43
gemcitabine,OVSAHO_OVARY,0.8870753645896912,0.7875009250010688,2,X_scGPT,mil,0.5,43
gemcitabine,OVTOKO_OVARY,0.506416916847229,0.7259513992441898,2,X_scGPT,mil,0.5,43
gemcitabine,PANC0203_PANCREAS,0.8555566668510437,0.6950456388147452,3,X_scGPT,mil,0.5,43
gemcitabine,PATU8988S_PANCREAS,0.7852508425712585,0.6860962624921173,2,X_scGPT,mil,0.5,43
gemcitabine,PC3_PROSTATE,0.8767961263656616,0.8050174279325812,1,X_scGPT,mil,0.5,43
gemcitabine,PECAPJ49_UPPER_AERODIGESTIVE_TRACT,0.4231942892074585,0.7303233453542879,1,X_scGPT,mil,0.5,43
gemcitabine,PK45H_PANCREAS,0.9328077435493469,0.7612611083966779,4,X_scGPT,mil,0.5,43
gemcitabine,PK59_PANCREAS,0.636519193649292,0.7599557525125044,5,X_scGPT,mil,0.5,43
gemcitabine,RCC10RGB_KIDNEY,0.7424089908599854,0.8814547412385245,5,X_scGPT,mil,0.5,43
gemcitabine,RCM1_LARGE_INTESTINE,0.7560239434242249,0.739701637532562,3,X_scGPT,mil,0.5,43
gemcitabine,RD_SOFT_TISSUE,0.7025274038314819,0.6663215050752136,1,X_scGPT,mil,0.5,43
gemcitabine,RERFLCAD1_LUNG,1.0192153453826904,0.7662297948397727,5,X_scGPT,mil,0.5,43
gemcitabine,RERFLCAI_LUNG,0.5772891044616699,0.7754618708303059,5,X_scGPT,mil,0.5,43
gemcitabine,RT4_URINARY_TRACT,0.457478791475296,0.5028575217386462,5,X_scGPT,mil,0.5,43
gemcitabine,RVH421_SKIN,0.9899332523345947,0.8726159007479456,4,X_scGPT,mil,0.5,43
gemcitabine,SCC25_UPPER_AERODIGESTIVE_TRACT,0.7432425022125244,0.38317429285936205,2,X_scGPT,mil,0.5,43
gemcitabine,SCC9_UPPER_AERODIGESTIVE_TRACT,0.847379744052887,0.6268221959314848,2,X_scGPT,mil,0.5,43
gemcitabine,SH10TC_STOMACH,1.105261206626892,0.8724597119368039,5,X_scGPT,mil,0.5,43
gemcitabine,SKES1_BONE,0.2559921145439148,0.7087906428745815,2,X_scGPT,mil,0.5,43
gemcitabine,SKMEL2_SKIN,1.6098883152008057,0.7469472455373709,1,X_scGPT,mil,0.5,43
gemcitabine,SKMEL30_SKIN,0.8910692930221558,0.8199657618830629,1,X_scGPT,mil,0.5,43
gemcitabine,SKMEL5_SKIN,0.5815538763999939,0.7774426658145507,4,X_scGPT,mil,0.5,43
gemcitabine,SKNAS_AUTONOMIC_GANGLIA,0.6201527714729309,0.7747851900294819,2,X_scGPT,mil,0.5,43
gemcitabine,SNU1079_BILIARY_TRACT,0.7596206665039062,0.813508149695723,1,X_scGPT,mil,0.5,43
gemcitabine,SNU1214_UPPER_AERODIGESTIVE_TRACT,0.7392807602882385,0.686468282278548,1,X_scGPT,mil,0.5,43
gemcitabine,SNU308_BILIARY_TRACT,0.8736388683319092,0.7690538935204769,1,X_scGPT,mil,0.5,43
gemcitabine,SNU423_LIVER,0.7069547176361084,0.7224657428714464,4,X_scGPT,mil,0.5,43
gemcitabine,SNU449_LIVER,0.8254060745239258,0.7567121185732226,3,X_scGPT,mil,0.5,43
gemcitabine,SNU46_UPPER_AERODIGESTIVE_TRACT,0.8096166253089905,0.6937129244966022,4,X_scGPT,mil,0.5,43
gemcitabine,SNU738_CENTRAL_NERVOUS_SYSTEM,0.6285289525985718,0.8067596714383379,1,X_scGPT,mil,0.5,43
gemcitabine,SNU899_UPPER_AERODIGESTIVE_TRACT,0.7130030393600464,0.609563054449587,2,X_scGPT,mil,0.5,43
gemcitabine,SNUC4_LARGE_INTESTINE,0.8598319888114929,0.5359618635708566,5,X_scGPT,mil,0.5,43
gemcitabine,SQ1_LUNG,0.6690840125083923,0.8260583809944761,3,X_scGPT,mil,0.5,43
gemcitabine,SU8686_PANCREAS,0.6601048111915588,0.813338899030918,1,X_scGPT,mil,0.5,43
gemcitabine,SW1088_CENTRAL_NERVOUS_SYSTEM,0.571869432926178,0.7883880389854312,4,X_scGPT,mil,0.5,43
gemcitabine,SW1271_LUNG,0.613210141658783,0.8244342218274655,1,X_scGPT,mil,0.5,43
gemcitabine,SW1990_PANCREAS,0.6145241856575012,0.8014670192030431,5,X_scGPT,mil,0.5,43
gemcitabine,SW579_THYROID,0.40441542863845825,0.7812398435882709,3,X_scGPT,mil,0.5,43
gemcitabine,T47D_BREAST,0.8489176630973816,0.8391397679013903,1,X_scGPT,mil,0.5,43
gemcitabine,TCCSUP_URINARY_TRACT,0.7683467864990234,0.781909585376329,3,X_scGPT,mil,0.5,43
gemcitabine,TE10_OESOPHAGUS,0.7129018306732178,0.6926711669795589,4,X_scGPT,mil,0.5,43
gemcitabine,TE14_OESOPHAGUS,0.5843991637229919,0.6690529676680826,1,X_scGPT,mil,0.5,43
gemcitabine,TE1_OESOPHAGUS,0.6737027764320374,0.7473406904530757,4,X_scGPT,mil,0.5,43
gemcitabine,TE6_OESOPHAGUS,0.6561077833175659,0.5138056555157781,2,X_scGPT,mil,0.5,43
gemcitabine,TE9_OESOPHAGUS,0.6804585456848145,0.5747743085507424,2,X_scGPT,mil,0.5,43
gemcitabine,TM31_CENTRAL_NERVOUS_SYSTEM,0.786973774433136,0.7040081440374769,2,X_scGPT,mil,0.5,43
gemcitabine,TOV112D_OVARY,0.34909936785697937,0.7726031633523794,2,X_scGPT,mil,0.5,43
gemcitabine,UACC257_SKIN,0.6209816336631775,0.720426374898296,1,X_scGPT,mil,0.5,43
gemcitabine,UMUC1_URINARY_TRACT,0.5380436182022095,0.7684271716829484,1,X_scGPT,mil,0.5,43
gemcitabine,VMCUB1_URINARY_TRACT,0.5477825999259949,0.6356792157539264,4,X_scGPT,mil,0.5,43
gemcitabine,VMRCRCZ_KIDNEY,0.8047785758972168,0.8015286509195964,2,X_scGPT,mil,0.5,43
gemcitabine,YD38_UPPER_AERODIGESTIVE_TRACT,0.555411159992218,0.6206830885165777,4,X_scGPT,mil,0.5,43
gemcitabine,ZR751_BREAST,1.101744294166565,0.7660993771645629,1,X_scGPT,mil,0.5,43
imatinib,42MGBA_CENTRAL_NERVOUS_SYSTEM,0.7974890470504761,0.9142315887116097,4,X_scGPT,mil,0.5,43
imatinib,8305C_THYROID,1.0951011180877686,0.954566975824194,4,X_scGPT,mil,0.5,43
imatinib,A204_SOFT_TISSUE,0.6459641456604004,0.9335709252357483,4,X_scGPT,mil,0.5,43
imatinib,A2058_SKIN,0.8841478228569031,0.8812912690396212,5,X_scGPT,mil,0.5,43
imatinib,A375_SKIN,1.0721155405044556,0.8782919919711945,3,X_scGPT,mil,0.5,43
imatinib,ACCMESO1_PLEURA,1.0530558824539185,0.9399322263988448,2,X_scGPT,mil,0.5,43
imatinib,ASPC1_PANCREAS,0.8563504219055176,0.9966133477358983,4,X_scGPT,mil,0.5,43
imatinib,BCPAP_THYROID,1.0814443826675415,0.9367736770134223,4,X_scGPT,mil,0.5,43
imatinib,BFTC909_KIDNEY,0.9346845149993896,0.8686203988057642,5,X_scGPT,mil,0.5,43
imatinib,BHY_UPPER_AERODIGESTIVE_TRACT,1.003937005996704,0.9477698901603961,3,X_scGPT,mil,0.5,43
imatinib,BICR16_UPPER_AERODIGESTIVE_TRACT,0.8788600564002991,0.9381476547920479,5,X_scGPT,mil,0.5,43
imatinib,BICR31_UPPER_AERODIGESTIVE_TRACT,0.9263787269592285,0.9282500556399745,3,X_scGPT,mil,0.5,43
imatinib,BICR56_UPPER_AERODIGESTIVE_TRACT,0.9975255727767944,0.9244366111578765,3,X_scGPT,mil,0.5,43
imatinib,BICR6_UPPER_AERODIGESTIVE_TRACT,0.9933727383613586,0.9506806176859182,5,X_scGPT,mil,0.5,43
imatinib,BT474_BREAST,0.9909359812736511,0.9658080163002014,4,X_scGPT,mil,0.5,43
imatinib,BT549_BREAST,1.058056116104126,0.9515630495279355,1,X_scGPT,mil,0.5,43
imatinib,CAKI2_KIDNEY,0.891399621963501,0.9918844163846626,4,X_scGPT,mil,0.5,43
imatinib,CALU6_LUNG,0.9442189335823059,0.9275755193806434,3,X_scGPT,mil,0.5,43
imatinib,CAMA1_BREAST,0.9417577981948853,0.9311431076928103,3,X_scGPT,mil,0.5,43
imatinib,CAS1_CENTRAL_NERVOUS_SYSTEM,0.9765406250953674,0.9606839767972329,1,X_scGPT,mil,0.5,43
imatinib,CCFSTTG1_CENTRAL_NERVOUS_SYSTEM,0.9044836163520813,0.8786721740796314,5,X_scGPT,mil,0.5,43
imatinib,COLO792_SKIN,0.8340573906898499,0.9546972719945591,2,X_scGPT,mil,0.5,43
imatinib,COV434_OVARY,0.89787757396698,0.9305001592094247,4,X_scGPT,mil,0.5,43
imatinib,DETROIT562_UPPER_AERODIGESTIVE_TRACT,0.875342607498169,0.9774078064900966,2,X_scGPT,mil,0.5,43
imatinib,DKMG_CENTRAL_NERVOUS_SYSTEM,0.8902096152305603,0.8491986266361391,5,X_scGPT,mil,0.5,43
imatinib,EBC1_LUNG,0.9644688963890076,0.943983506771826,3,X_scGPT,mil,0.5,43
imatinib,EFE184_ENDOMETRIUM,1.009013056755066,0.9848981374918029,4,X_scGPT,mil,0.5,43
imatinib,EFM192A_BREAST,0.8446081876754761,0.9803828264141942,5,X_scGPT,mil,0.5,43
imatinib,EKVX_LUNG,0.9665436744689941,0.9355544002905284,2,X_scGPT,mil,0.5,43
imatinib,FTC133_THYROID,0.902299165725708,0.9355390331574849,3,X_scGPT,mil,0.5,43
imatinib,GOS3_CENTRAL_NERVOUS_SYSTEM,0.9142825603485107,0.9127481364454898,2,X_scGPT,mil,0.5,43
imatinib,HCC1428_BREAST,0.9144049882888794,1.038995033643377,5,X_scGPT,mil,0.5,43
imatinib,HCC366_LUNG,1.028393268585205,0.982448679975944,5,X_scGPT,mil,0.5,43
imatinib,HCC38_BREAST,0.9484294056892395,0.9944316732883454,5,X_scGPT,mil,0.5,43
imatinib,HCC56_LARGE_INTESTINE,1.1700106859207153,0.9456403231379962,3,X_scGPT,mil,0.5,43
imatinib,HDQP1_BREAST,1.1716277599334717,0.9604668598622084,3,X_scGPT,mil,0.5,43
imatinib,HEC151_ENDOMETRIUM,0.9507309198379517,0.9721910378932953,4,X_scGPT,mil,0.5,43
imatinib,HEC251_ENDOMETRIUM,0.982420802116394,0.9468482003033718,3,X_scGPT,mil,0.5,43
imatinib,HEC6_ENDOMETRIUM,0.9746668338775635,0.9868379442588143,1,X_scGPT,mil,0.5,43
imatinib,HEP3B217_LIVER,0.9081746935844421,0.9986739951675221,2,X_scGPT,mil,0.5,43
imatinib,HMC18_BREAST,0.9684697985649109,0.8885482946353561,2,X_scGPT,mil,0.5,43
imatinib,HOS_BONE,0.8908408880233765,0.9445176133200688,4,X_scGPT,mil,0.5,43
imatinib,HS852T_SKIN,1.1679837703704834,0.9131997452106004,3,X_scGPT,mil,0.5,43
imatinib,HT1080_SOFT_TISSUE,0.9255314469337463,0.9251476128896078,5,X_scGPT,mil,0.5,43
imatinib,HT1197_URINARY_TRACT,0.9558719396591187,0.978004272725131,4,X_scGPT,mil,0.5,43
imatinib,HT55_LARGE_INTESTINE,0.9312896728515625,1.0220729940310473,1,X_scGPT,mil,0.5,43
imatinib,HUH28_BILIARY_TRACT,1.1410142183303833,0.9223931547549131,2,X_scGPT,mil,0.5,43
imatinib,HUH6_LIVER,0.8700514435768127,0.9959227381020608,4,X_scGPT,mil,0.5,43
imatinib,HUPT3_PANCREAS,0.9597815871238708,0.9949771051897722,5,X_scGPT,mil,0.5,43
imatinib,HUPT4_PANCREAS,0.9757904410362244,0.9919468760490417,5,X_scGPT,mil,0.5,43
imatinib,IALM_LUNG,0.9999850988388062,0.9502243864240113,4,X_scGPT,mil,0.5,43
imatinib,IGR1_SKIN,1.0326862335205078,0.9158714107809396,5,X_scGPT,mil,0.5,43
imatinib,IGR37_SKIN,1.0056467056274414,0.9222949002936526,2,X_scGPT,mil,0.5,43
imatinib,IM95_STOMACH,0.9186859130859375,0.9819340986174506,4,X_scGPT,mil,0.5,43
imatinib,JHH6_LIVER,1.000203013420105,0.92005477570793,3,X_scGPT,mil,0.5,43
imatinib,JHOC5_OVARY,0.9674712419509888,0.9824242221898046,5,X_scGPT,mil,0.5,43
imatinib,KALS1_CENTRAL_NERVOUS_SYSTEM,0.9474613070487976,0.9220093577686284,2,X_scGPT,mil,0.5,43
imatinib,KMRC3_KIDNEY,0.8424506187438965,0.9967702167374747,1,X_scGPT,mil,0.5,43
imatinib,KNS42_CENTRAL_NERVOUS_SYSTEM,0.9179285168647766,0.9253686669954034,4,X_scGPT,mil,0.5,43
imatinib,KPL1_BREAST,1.0681864023208618,0.9226880181526792,3,X_scGPT,mil,0.5,43
imatinib,KPNSI9S_AUTONOMIC_GANGLIA,1.039858102798462,0.8786696745443714,5,X_scGPT,mil,0.5,43
imatinib,KYSE520_OESOPHAGUS,0.945729672908783,0.9759760380898467,2,X_scGPT,mil,0.5,43
imatinib,LI7_LIVER,0.8340868949890137,0.9423523201626174,4,X_scGPT,mil,0.5,43
imatinib,LMSU_STOMACH,0.8321190476417542,0.9183347919408013,2,X_scGPT,mil,0.5,43
imatinib,LNCAPCLONEFGC_PROSTATE,0.9230631589889526,0.9319367251654928,2,X_scGPT,mil,0.5,43
imatinib,LS1034_LARGE_INTESTINE,0.8493166565895081,0.9905632440357992,4,X_scGPT,mil,0.5,43
imatinib,LS180_LARGE_INTESTINE,1.0123558044433594,0.9250659896396204,3,X_scGPT,mil,0.5,43
imatinib,MCF7_BREAST,1.0205093622207642,0.9578322572307987,1,X_scGPT,mil,0.5,43
imatinib,MDAMB361_BREAST,0.9177303910255432,0.9405524386299982,1,X_scGPT,mil,0.5,43
imatinib,MFE319_ENDOMETRIUM,0.9985067844390869,0.9246320443627722,2,X_scGPT,mil,0.5,43
imatinib,MKN45_STOMACH,0.9823302030563354,1.0116712491391069,1,X_scGPT,mil,0.5,43
imatinib,MKN7_STOMACH,1.0322765111923218,0.9537393372188243,5,X_scGPT,mil,0.5,43
imatinib,NCIH1299_LUNG,1.0137672424316406,0.93005446280433,2,X_scGPT,mil,0.5,43
imatinib,NCIH1373_LUNG,0.9991770386695862,0.964513641668529,3,X_scGPT,mil,0.5,43
imatinib,NCIH1435_LUNG,0.9789023399353027,0.9297654043869132,3,X_scGPT,mil,0.5,43
imatinib,NCIH1792_LUNG,1.0024890899658203,0.959007885005023,4,X_scGPT,mil,0.5,43
imatinib,NCIH1944_LUNG,0.8461954593658447,0.9402716573021838,2,X_scGPT,mil,0.5,43
imatinib,NCIH2087_LUNG,0.9938225746154785,0.9541417120798538,5,X_scGPT,mil,0.5,43
imatinib,NCIH2110_LUNG,0.8915949463844299,0.9739042001153956,1,X_scGPT,mil,0.5,43
imatinib,NCIH2126_LUNG,0.9990637898445129,0.9466770986715952,4,X_scGPT,mil,0.5,43
imatinib,NCIH2170_LUNG,0.9432941675186157,0.9433044228755253,4,X_scGPT,mil,0.5,43
imatinib,NCIH2228_LUNG,1.0107890367507935,0.990516407450798,3,X_scGPT,mil,0.5,43
imatinib,NCIH226_LUNG,1.00823175907135,0.9684259188936112,1,X_scGPT,mil,0.5,43
imatinib,NCIH2444_LUNG,1.0054807662963867,1.0221837635784712,3,X_scGPT,mil,0.5,43
imatinib,NCIH2452_PLEURA,0.9541221857070923,0.9570341968846587,3,X_scGPT,mil,0.5,43
imatinib,NCIH292_LUNG,0.9060679078102112,0.9492801987509213,3,X_scGPT,mil,0.5,43
imatinib,NCIH358_LUNG,1.0672982931137085,0.9789595341398603,1,X_scGPT,mil,0.5,43
imatinib,NCIH446_LUNG,0.9621572494506836,0.8492913714476994,3,X_scGPT,mil,0.5,43
imatinib,NCIH460_LUNG,0.9731983542442322,0.886150234560243,3,X_scGPT,mil,0.5,43
imatinib,NCIH522_LUNG,0.9223247170448303,0.8738697979312676,2,X_scGPT,mil,0.5,43
imatinib,NCIH650_LUNG,0.742181658744812,1.012265421807546,5,X_scGPT,mil,0.5,43
imatinib,NCIH747_LARGE_INTESTINE,0.7638504505157471,0.9891796059906482,5,X_scGPT,mil,0.5,43
imatinib,OAW28_OVARY,0.9528711438179016,1.0414166165434795,5,X_scGPT,mil,0.5,43
imatinib,ONCODG1_OVARY,1.0656236410140991,0.9587275138607732,2,X_scGPT,mil,0.5,43
imatinib,OSRC2_KIDNEY,1.008285641670227,0.9960822642795624,3,X_scGPT,mil,0.5,43
imatinib,OUMS23_LARGE_INTESTINE,1.0636982917785645,0.9822678131477856,5,X_scGPT,mil,0.5,43
imatinib,OVCAR4_OVARY,0.9936311841011047,1.0036200162799958,1,X_scGPT,mil,0.5,43
imatinib,OVK18_OVARY,1.0000770092010498,0.9137059607532587,5,X_scGPT,mil,0.5,43
imatinib,OVSAHO_OVARY,0.9421826601028442,0.9120935585005168,2,X_scGPT,mil,0.5,43
imatinib,OVTOKO_OVARY,1.0253087282180786,0.9731715846289858,2,X_scGPT,mil,0.5,43
imatinib,PANC0203_PANCREAS,0.9721590876579285,0.9383431638889161,3,X_scGPT,mil,0.5,43
imatinib,PATU8988S_PANCREAS,0.9349052906036377,1.0303550743665852,2,X_scGPT,mil,0.5,43
imatinib,PC3_PROSTATE,0.9497227668762207,0.9820769425679946,1,X_scGPT,mil,0.5,43
imatinib,PECAPJ49_UPPER_AERODIGESTIVE_TRACT,0.9878193140029907,0.9698393088166076,1,X_scGPT,mil,0.5,43
imatinib,PK45H_PANCREAS,0.9831220507621765,0.9807781398956186,4,X_scGPT,mil,0.5,43
imatinib,PK59_PANCREAS,0.9190185070037842,0.9667285108703306,5,X_scGPT,mil,0.5,43
imatinib,RCC10RGB_KIDNEY,0.9667925834655762,1.0067757393669161,5,X_scGPT,mil,0.5,43
imatinib,RCM1_LARGE_INTESTINE,0.9487661719322205,0.9108924539759755,3,X_scGPT,mil,0.5,43
imatinib,RD_SOFT_TISSUE,0.9183173179626465,0.9324476342091615,1,X_scGPT,mil,0.5,43
imatinib,RERFLCAD1_LUNG,1.0442442893981934,0.9373107765927727,5,X_scGPT,mil,0.5,43
imatinib,RERFLCAI_LUNG,0.9362004995346069,0.9710647910638062,5,X_scGPT,mil,0.5,43
imatinib,RT4_URINARY_TRACT,1.027958631515503,0.9435399236544123,5,X_scGPT,mil,0.5,43
imatinib,RVH421_SKIN,0.9349554181098938,0.9686002205106504,4,X_scGPT,mil,0.5,43
imatinib,SCC25_UPPER_AERODIGESTIVE_TRACT,0.9275673031806946,0.9778411353882278,2,X_scGPT,mil,0.5,43
imatinib,SCC9_UPPER_AERODIGESTIVE_TRACT,0.9285261034965515,0.9326526144931191,2,X_scGPT,mil,0.5,43
imatinib,SH10TC_STOMACH,0.9620896577835083,0.9578148653024962,5,X_scGPT,mil,0.5,43
imatinib,SKES1_BONE,1.0058947801589966,0.8562956917416918,2,X_scGPT,mil,0.5,43
imatinib,SKMEL2_SKIN,0.9228715300559998,0.9378904797460722,1,X_scGPT,mil,0.5,43
imatinib,SKMEL30_SKIN,0.9940280318260193,0.9830464170269521,1,X_scGPT,mil,0.5,43
imatinib,SKMEL5_SKIN,1.0296889543533325,0.9631203505326602,4,X_scGPT,mil,0.5,43
imatinib,SKNAS_AUTONOMIC_GANGLIA,0.9617713689804077,0.8368754914376588,2,X_scGPT,mil,0.5,43
imatinib,SNU1214_UPPER_AERODIGESTIVE_TRACT,1.0432400703430176,0.9479559659957886,1,X_scGPT,mil,0.5,43
imatinib,SNU308_BILIARY_TRACT,0.9719071984291077,0.9677862689850179,1,X_scGPT,mil,0.5,43
imatinib,SNU423_LIVER,0.9207717776298523,0.9744962116457382,4,X_scGPT,mil,0.5,43
imatinib,SNU449_LIVER,0.9065098166465759,0.9744132535254701,3,X_scGPT,mil,0.5,43
imatinib,SNU46_UPPER_AERODIGESTIVE_TRACT,0.9189621806144714,0.9580676883964215,4,X_scGPT,mil,0.5,43
imatinib,SNU738_CENTRAL_NERVOUS_SYSTEM,1.1610615253448486,0.9933099035851873,1,X_scGPT,mil,0.5,43
imatinib,SNU899_UPPER_AERODIGESTIVE_TRACT,0.994714081287384,0.9973724067929279,2,X_scGPT,mil,0.5,43
imatinib,SNUC4_LARGE_INTESTINE,0.9843310117721558,1.001204220462407,5,X_scGPT,mil,0.5,43
imatinib,SQ1_LUNG,1.3075755834579468,0.9666575539011916,3,X_scGPT,mil,0.5,43
imatinib,SU8686_PANCREAS,1.0099101066589355,1.021811677188408,1,X_scGPT,mil,0.5,43
imatinib,SW1088_CENTRAL_NERVOUS_SYSTEM,0.9793033599853516,0.9262908343225718,4,X_scGPT,mil,0.5,43
imatinib,SW1271_LUNG,0.9389393925666809,0.9887702967809594,1,X_scGPT,mil,0.5,43
imatinib,SW1990_PANCREAS,0.908486545085907,0.9686112906723147,5,X_scGPT,mil,0.5,43
imatinib,SW579_THYROID,0.6032810211181641,0.9574426201082045,3,X_scGPT,mil,0.5,43
imatinib,T47D_BREAST,0.8783296942710876,0.9402139491624961,1,X_scGPT,mil,0.5,43
imatinib,TCCSUP_URINARY_TRACT,0.9596133828163147,0.9419790628967406,3,X_scGPT,mil,0.5,43
imatinib,TE10_OESOPHAGUS,1.0412399768829346,0.9388202036896797,4,X_scGPT,mil,0.5,43
imatinib,TE14_OESOPHAGUS,0.8636499047279358,0.9495277794604563,1,X_scGPT,mil,0.5,43
imatinib,TE1_OESOPHAGUS,1.0101912021636963,0.9611422480310051,4,X_scGPT,mil,0.5,43
imatinib,TE6_OESOPHAGUS,0.9241904616355896,0.9825661136969897,2,X_scGPT,mil,0.5,43
imatinib,TE9_OESOPHAGUS,1.002119541168213,0.9798440971682149,2,X_scGPT,mil,0.5,43
imatinib,TM31_CENTRAL_NERVOUS_SYSTEM,0.8456926941871643,0.9160338373019777,2,X_scGPT,mil,0.5,43
imatinib,TOV112D_OVARY,0.8788573145866394,0.8413852988145291,2,X_scGPT,mil,0.5,43
imatinib,UACC257_SKIN,0.9354337453842163,0.9779569531584384,1,X_scGPT,mil,0.5,43
imatinib,UMUC1_URINARY_TRACT,0.9040716886520386,0.9806003252866909,1,X_scGPT,mil,0.5,43
imatinib,VMCUB1_URINARY_TRACT,0.9649621248245239,0.9194714272371396,4,X_scGPT,mil,0.5,43
imatinib,VMRCRCZ_KIDNEY,0.9633647799491882,0.9639470634857813,2,X_scGPT,mil,0.5,43
imatinib,YD38_UPPER_AERODIGESTIVE_TRACT,1.0483087301254272,0.9217720391849676,4,X_scGPT,mil,0.5,43
erlotinib,42MGBA_CENTRAL_NERVOUS_SYSTEM,0.9227536916732788,1.0324582284942097,4,X_scGPT,mil,0.5,43
erlotinib,8305C_THYROID,0.7939732670783997,0.9462052868082632,4,X_scGPT,mil,0.5,43
erlotinib,A204_SOFT_TISSUE,0.815484344959259,1.017795490026474,4,X_scGPT,mil,0.5,43
erlotinib,A2058_SKIN,0.9949605464935303,0.9398074225098098,5,X_scGPT,mil,0.5,43
erlotinib,A375_SKIN,0.973318874835968,1.0040149442462052,3,X_scGPT,mil,0.5,43
erlotinib,ACCMESO1_PLEURA,0.9420119524002075,0.977646314067605,2,X_scGPT,mil,0.5,43
erlotinib,ASPC1_PANCREAS,0.9369305968284607,0.8474761132536264,4,X_scGPT,mil,0.5,43
erlotinib,BCPAP_THYROID,0.8213984370231628,0.9512552356249407,4,X_scGPT,mil,0.5,43
erlotinib,BFTC909_KIDNEY,0.9552398324012756,0.966307064631369,5,X_scGPT,mil,0.5,43
erlotinib,BHY_UPPER_AERODIGESTIVE_TRACT,0.5991201400756836,0.8295697816487017,3,X_scGPT,mil,0.5,43
erlotinib,BICR16_UPPER_AERODIGESTIVE_TRACT,0.7892967462539673,0.7614442464315666,5,X_scGPT,mil,0.5,43
erlotinib,BICR31_UPPER_AERODIGESTIVE_TRACT,0.8042541146278381,0.8181249506531223,3,X_scGPT,mil,0.5,43
erlotinib,BICR56_UPPER_AERODIGESTIVE_TRACT,0.6093823909759521,0.7588837463178753,3,X_scGPT,mil,0.5,43
erlotinib,BICR6_UPPER_AERODIGESTIVE_TRACT,0.7608282566070557,0.7361086448589405,5,X_scGPT,mil,0.5,43
erlotinib,BT474_BREAST,0.9083369374275208,0.8958642640113831,4,X_scGPT,mil,0.5,43
erlotinib,BT549_BREAST,1.1754072904586792,0.9846148952505642,1,X_scGPT,mil,0.5,43
erlotinib,CAKI2_KIDNEY,0.8694139719009399,0.8622652832552683,4,X_scGPT,mil,0.5,43
erlotinib,CALU6_LUNG,0.7326635122299194,0.9380556442016779,3,X_scGPT,mil,0.5,43
erlotinib,CAMA1_BREAST,0.9175612330436707,0.9534716983021739,3,X_scGPT,mil,0.5,43
erlotinib,CAS1_CENTRAL_NERVOUS_SYSTEM,1.0273317098617554,1.01096917274303,1,X_scGPT,mil,0.5,43
erlotinib,CCFSTTG1_CENTRAL_NERVOUS_SYSTEM,1.1513586044311523,0.9911608918895566,5,X_scGPT,mil,0.5,43
erlotinib,COLO792_SKIN,0.9660155773162842,1.0118518647672505,2,X_scGPT,mil,0.5,43
erlotinib,COV434_OVARY,0.8242210149765015,1.0239489423957737,4,X_scGPT,mil,0.5,43
erlotinib,DETROIT562_UPPER_AERODIGESTIVE_TRACT,0.8132838010787964,0.7346293981089914,2,X_scGPT,mil,0.5,43
erlotinib,DKMG_CENTRAL_NERVOUS_SYSTEM,1.0006624460220337,0.9846191676780307,5,X_scGPT,mil,0.5,43
erlotinib,EBC1_LUNG,0.9782431721687317,0.8714058492132413,3,X_scGPT,mil,0.5,43
erlotinib,EFE184_ENDOMETRIUM,0.856898844242096,0.8708333255246629,4,X_scGPT,mil,0.5,43
erlotinib,EFM192A_BREAST,0.9408064484596252,0.8723710857712113,5,X_scGPT,mil,0.5,43
erlotinib,EKVX_LUNG,0.6745953559875488,0.9622772152293219,2,X_scGPT,mil,0.5,43
erlotinib,FTC133_THYROID,0.9978106617927551,0.9885767068181719,3,X_scGPT,mil,0.5,43
erlotinib,GOS3_CENTRAL_NERVOUS_SYSTEM,0.9610662460327148,0.963228803966682,2,X_scGPT,mil,0.5,43
erlotinib,HCC1428_BREAST,0.9036024212837219,0.8139242830238943,5,X_scGPT,mil,0.5,43
erlotinib,HCC366_LUNG,0.9372639656066895,0.8437455632899067,5,X_scGPT,mil,0.5,43
erlotinib,HCC38_BREAST,1.3760467767715454,0.8088897398114204,5,X_scGPT,mil,0.5,43
erlotinib,HCC56_LARGE_INTESTINE,0.8906144499778748,0.8266237486492504,3,X_scGPT,mil,0.5,43
erlotinib,HDQP1_BREAST,0.7821134328842163,0.9139361009001732,3,X_scGPT,mil,0.5,43
erlotinib,HEC151_ENDOMETRIUM,0.8126585483551025,0.8814503529071808,4,X_scGPT,mil,0.5,43
erlotinib,HEC251_ENDOMETRIUM,0.8099750280380249,0.8922193195218238,3,X_scGPT,mil,0.5,43
erlotinib,HEC6_ENDOMETRIUM,0.9715927243232727,0.957392430453567,1,X_scGPT,mil,0.5,43
erlotinib,HEP3B217_LIVER,0.9021901488304138,0.8914058294336674,2,X_scGPT,mil,0.5,43
erlotinib,HMC18_BREAST,0.9371680021286011,1.0165568386735362,2,X_scGPT,mil,0.5,43
erlotinib,HOS_BONE,0.9278596639633179,0.9086823257807511,4,X_scGPT,mil,0.5,43
erlotinib,HS852T_SKIN,0.9603044986724854,1.0391617450449202,3,X_scGPT,mil,0.5,43
erlotinib,HT1080_SOFT_TISSUE,1.026070475578308,0.8806900305803432,5,X_scGPT,mil,0.5,43
erlotinib,HT1197_URINARY_TRACT,0.9786010384559631,0.83612786515339,4,X_scGPT,mil,0.5,43
erlotinib,HT55_LARGE_INTESTINE,0.7001996040344238,0.9867691160378298,1,X_scGPT,mil,0.5,43
erlotinib,HUH28_BILIARY_TRACT,0.9290624260902405,1.0116218821607905,2,X_scGPT,mil,0.5,43
erlotinib,HUH6_LIVER,0.9072860479354858,0.9109383146085682,4,X_scGPT,mil,0.5,43
erlotinib,HUPT3_PANCREAS,1.0160894393920898,0.7898715957999229,5,X_scGPT,mil,0.5,43
erlotinib,HUPT4_PANCREAS,0.6695789098739624,0.8497610251818385,5,X_scGPT,mil,0.5,43
erlotinib,IALM_LUNG,1.0861659049987793,0.8999926762551255,4,X_scGPT,mil,0.5,43
erlotinib,IGR1_SKIN,0.8977431058883667,0.9187052328833218,5,X_scGPT,mil,0.5,43
erlotinib,IGR37_SKIN,0.953414261341095,1.06337263536041,2,X_scGPT,mil,0.5,43
erlotinib,IM95_STOMACH,0.8462339043617249,0.8406716034219072,4,X_scGPT,mil,0.5,43
erlotinib,JHH6_LIVER,1.0701408386230469,0.9508603330954765,3,X_scGPT,mil,0.5,43
erlotinib,JHOC5_OVARY,0.7816890478134155,0.7694021327742215,5,X_scGPT,mil,0.5,43
erlotinib,KALS1_CENTRAL_NERVOUS_SYSTEM,0.8893588781356812,0.9907233472913504,2,X_scGPT,mil,0.5,43
erlotinib,KMRC3_KIDNEY,0.7994269132614136,0.952128194546213,1,X_scGPT,mil,0.5,43
erlotinib,KNS42_CENTRAL_NERVOUS_SYSTEM,0.9486578702926636,0.9965519367955452,4,X_scGPT,mil,0.5,43
erlotinib,KPL1_BREAST,1.0272578001022339,0.9457698485989502,3,X_scGPT,mil,0.5,43
erlotinib,KPNSI9S_AUTONOMIC_GANGLIA,0.9400601387023926,0.9231213488320048,5,X_scGPT,mil,0.5,43
erlotinib,KYSE520_OESOPHAGUS,0.8989939093589783,0.7787104418772293,2,X_scGPT,mil,0.5,43
erlotinib,LI7_LIVER,0.8600107431411743,0.9092135119194887,4,X_scGPT,mil,0.5,43
erlotinib,LMSU_STOMACH,1.00900137424469,0.9350762341536728,2,X_scGPT,mil,0.5,43
erlotinib,LNCAPCLONEFGC_PROSTATE,0.8897188901901245,1.0451796405999236,2,X_scGPT,mil,0.5,43
erlotinib,LS1034_LARGE_INTESTINE,1.0561456680297852,0.8518710169073653,4,X_scGPT,mil,0.5,43
erlotinib,LS180_LARGE_INTESTINE,0.8111333250999451,0.8248587435632532,3,X_scGPT,mil,0.5,43
erlotinib,MCF7_BREAST,1.005828619003296,1.0058292775720983,1,X_scGPT,mil,0.5,43
erlotinib,MDAMB361_BREAST,0.8625293970108032,1.0653904018578706,1,X_scGPT,mil,0.5,43
erlotinib,MFE319_ENDOMETRIUM,0.8470615148544312,0.9763736041428531,2,X_scGPT,mil,0.5,43
erlotinib,MKN45_STOMACH,0.9280589818954468,0.9161684502989559,1,X_scGPT,mil,0.5,43
erlotinib,MKN7_STOMACH,0.9375415444374084,0.8958339326141417,5,X_scGPT,mil,0.5,43
erlotinib,MSTO211H_PLEURA,0.7535524368286133,0.9822610303609058,1,X_scGPT,mil,0.5,43
erlotinib,NCIH1299_LUNG,0.9564399719238281,0.9481938556115725,2,X_scGPT,mil,0.5,43
erlotinib,NCIH1373_LUNG,0.9308328032493591,0.8620458408826734,3,X_scGPT,mil,0.5,43
erlotinib,NCIH1435_LUNG,0.8299428224563599,0.8664183174626211,3,X_scGPT,mil,0.5,43
erlotinib,NCIH1792_LUNG,0.9225801229476929,0.9250365887676273,4,X_scGPT,mil,0.5,43
erlotinib,NCIH1944_LUNG,0.6755056381225586,0.9075070200622946,2,X_scGPT,mil,0.5,43
erlotinib,NCIH2087_LUNG,0.9466559886932373,0.8460251574646936,5,X_scGPT,mil,0.5,43
erlotinib,NCIH2110_LUNG,0.8700545430183411,0.9131441120825821,1,X_scGPT,mil,0.5,43
erlotinib,NCIH2126_LUNG,0.9581408500671387,0.8510488222042719,4,X_scGPT,mil,0.5,43
erlotinib,NCIH2170_LUNG,0.8296470642089844,0.8894588229521899,4,X_scGPT,mil,0.5,43
erlotinib,NCIH2228_LUNG,0.9437503218650818,0.9324371317751726,3,X_scGPT,mil,0.5,43
erlotinib,NCIH226_LUNG,1.0212596654891968,0.9809893826220898,1,X_scGPT,mil,0.5,43
erlotinib,NCIH2444_LUNG,0.8689837455749512,0.9358915382296727,3,X_scGPT,mil,0.5,43
erlotinib,NCIH2452_PLEURA,0.9806432127952576,1.0021495628534196,3,X_scGPT,mil,0.5,43
erlotinib,NCIH292_LUNG,0.7732622027397156,0.841215429731378,3,X_scGPT,mil,0.5,43
erlotinib,NCIH358_LUNG,0.590069055557251,0.9249247498810291,1,X_scGPT,mil,0.5,43
erlotinib,NCIH446_LUNG,0.9970192313194275,1.0248121543198216,3,X_scGPT,mil,0.5,43
erlotinib,NCIH460_LUNG,0.8841593265533447,0.9449889734654444,3,X_scGPT,mil,0.5,43
erlotinib,NCIH522_LUNG,1.0643805265426636,0.9675843254304849,2,X_scGPT,mil,0.5,43
erlotinib,NCIH650_LUNG,0.927263081073761,0.8225126816337839,5,X_scGPT,mil,0.5,43
erlotinib,NCIH747_LARGE_INTESTINE,0.6506001353263855,0.7550654880702495,5,X_scGPT,mil,0.5,43
erlotinib,OAW28_OVARY,0.8934064507484436,0.8784868124849308,5,X_scGPT,mil,0.5,43
erlotinib,ONCODG1_OVARY,0.7493202090263367,0.9154484929861846,2,X_scGPT,mil,0.5,43
erlotinib,OSRC2_KIDNEY,0.9018242359161377,0.9857764149469043,3,X_scGPT,mil,0.5,43
erlotinib,OUMS23_LARGE_INTESTINE,0.9114434123039246,0.9826793102460487,5,X_scGPT,mil,0.5,43
erlotinib,OVCAR4_OVARY,0.9459946751594543,0.9343489256848716,1,X_scGPT,mil,0.5,43
erlotinib,OVK18_OVARY,0.9644356966018677,0.9393882801693477,5,X_scGPT,mil,0.5,43
erlotinib,OVSAHO_OVARY,0.9543871283531189,0.9832975730496881,2,X_scGPT,mil,0.5,43
erlotinib,OVTOKO_OVARY,0.8389784097671509,0.8875881424931248,2,X_scGPT,mil,0.5,43
erlotinib,PANC0203_PANCREAS,1.0559749603271484,0.8187789591875944,3,X_scGPT,mil,0.5,43
erlotinib,PATU8988S_PANCREAS,0.7620996832847595,0.8248289880938218,2,X_scGPT,mil,0.5,43
erlotinib,PC3_PROSTATE,0.9939237236976624,0.9959685749556186,1,X_scGPT,mil,0.5,43
erlotinib,PECAPJ49_UPPER_AERODIGESTIVE_TRACT,0.7799405455589294,0.752346397626518,1,X_scGPT,mil,0.5,43
erlotinib,PK45H_PANCREAS,1.1305443048477173,0.8833915815582135,4,X_scGPT,mil,0.5,43
erlotinib,PK59_PANCREAS,0.9944639205932617,0.8981846625777496,5,X_scGPT,mil,0.5,43
erlotinib,RCC10RGB_KIDNEY,0.9213240742683411,0.8138368863916192,5,X_scGPT,mil,0.5,43
erlotinib,RCM1_LARGE_INTESTINE,0.8782681822776794,0.8642561621963978,3,X_scGPT,mil,0.5,43
erlotinib,RD_SOFT_TISSUE,1.0266718864440918,0.9630418792081519,1,X_scGPT,mil,0.5,43
erlotinib,RERFLCAD1_LUNG,1.127927541732788,0.9241148817195813,5,X_scGPT,mil,0.5,43
erlotinib,RERFLCAI_LUNG,0.9139118194580078,0.9175918066329756,5,X_scGPT,mil,0.5,43
erlotinib,RT4_URINARY_TRACT,0.9337007403373718,0.8148739051144078,5,X_scGPT,mil,0.5,43
erlotinib,RVH421_SKIN,0.830150842666626,0.9964768751894579,4,X_scGPT,mil,0.5,43
erlotinib,SCC25_UPPER_AERODIGESTIVE_TRACT,0.7244674563407898,0.6600211383505229,2,X_scGPT,mil,0.5,43
erlotinib,SCC9_UPPER_AERODIGESTIVE_TRACT,0.8072189092636108,0.8755628944698133,2,X_scGPT,mil,0.5,43
erlotinib,SH10TC_STOMACH,0.8990940451622009,0.9374356667200724,5,X_scGPT,mil,0.5,43
erlotinib,SKES1_BONE,0.8499570488929749,0.9824264075729873,2,X_scGPT,mil,0.5,43
erlotinib,SKMEL2_SKIN,1.1927125453948975,0.9765925543463748,1,X_scGPT,mil,0.5,43
erlotinib,SKMEL30_SKIN,1.0104385614395142,1.0142437476274313,1,X_scGPT,mil,0.5,43
erlotinib,SKMEL5_SKIN,0.9829933643341064,0.9716052015622457,4,X_scGPT,mil,0.5,43
erlotinib,SKNAS_AUTONOMIC_GANGLIA,1.0081439018249512,1.0492901941843793,2,X_scGPT,mil,0.5,43
erlotinib,SNU1079_BILIARY_TRACT,0.5385227799415588,0.950730803078168,1,X_scGPT,mil,0.5,43
erlotinib,SNU1214_UPPER_AERODIGESTIVE_TRACT,0.7014681696891785,0.7448919634235666,1,X_scGPT,mil,0.5,43
erlotinib,SNU308_BILIARY_TRACT,0.7263644933700562,0.8662699131255455,1,X_scGPT,mil,0.5,43
erlotinib,SNU423_LIVER,1.0440729856491089,0.9014630646638151,4,X_scGPT,mil,0.5,43
erlotinib,SNU449_LIVER,0.953109622001648,0.929008385602464,3,X_scGPT,mil,0.5,43
erlotinib,SNU46_UPPER_AERODIGESTIVE_TRACT,0.899195671081543,0.8614730622808812,4,X_scGPT,mil,0.5,43
erlotinib,SNU738_CENTRAL_NERVOUS_SYSTEM,0.9397778511047363,0.9703678998280326,1,X_scGPT,mil,0.5,43
erlotinib,SNU899_UPPER_AERODIGESTIVE_TRACT,0.8379518985748291,0.7838499524507178,2,X_scGPT,mil,0.5,43
erlotinib,SNUC4_LARGE_INTESTINE,0.8305989503860474,0.7057558846933173,5,X_scGPT,mil,0.5,43
erlotinib,SQ1_LUNG,0.9026238322257996,0.920372500389564,3,X_scGPT,mil,0.5,43
erlotinib,SU8686_PANCREAS,0.9828678369522095,0.9277850069650789,1,X_scGPT,mil,0.5,43
erlotinib,SW1088_CENTRAL_NERVOUS_SYSTEM,1.0083885192871094,1.0298261675052345,4,X_scGPT,mil,0.5,43
erlotinib,SW1271_LUNG,1.048211932182312,0.9739892736725185,1,X_scGPT,mil,0.5,43
erlotinib,SW1990_PANCREAS,0.8841389417648315,0.930030311746007,5,X_scGPT,mil,0.5,43
erlotinib,SW579_THYROID,0.9727556109428406,1.0566143945614863,3,X_scGPT,mil,0.5,43
erlotinib,T47D_BREAST,0.9229445457458496,1.0217636764319233,1,X_scGPT,mil,0.5,43
erlotinib,TCCSUP_URINARY_TRACT,0.9192463755607605,1.0082139989620522,3,X_scGPT,mil,0.5,43
erlotinib,TE10_OESOPHAGUS,0.8801246285438538,0.8298516357870407,4,X_scGPT,mil,0.5,43
erlotinib,TE14_OESOPHAGUS,0.708821177482605,0.7588250948909969,1,X_scGPT,mil,0.5,43
erlotinib,TE1_OESOPHAGUS,0.8910790681838989,0.8527071574359264,4,X_scGPT,mil,0.5,43
erlotinib,TE6_OESOPHAGUS,0.8162715435028076,0.6963189481174448,2,X_scGPT,mil,0.5,43
erlotinib,TE9_OESOPHAGUS,0.875459611415863,0.7483533432166423,2,X_scGPT,mil,0.5,43
erlotinib,TM31_CENTRAL_NERVOUS_SYSTEM,0.9484850168228149,0.9517737781179363,2,X_scGPT,mil,0.5,43
erlotinib,TOV112D_OVARY,0.8339627385139465,1.036934303931701,2,X_scGPT,mil,0.5,43
erlotinib,UACC257_SKIN,1.0504016876220703,0.9788476248665334,1,X_scGPT,mil,0.5,43
erlotinib,VMCUB1_URINARY_TRACT,0.7953813672065735,0.8247687802903323,4,X_scGPT,mil,0.5,43
erlotinib,VMRCRCZ_KIDNEY,0.8398489952087402,0.9378472749392192,2,X_scGPT,mil,0.5,43
erlotinib,YD38_UPPER_AERODIGESTIVE_TRACT,0.5701578259468079,0.7930365273585687,4,X_scGPT,mil,0.5,43
erlotinib,ZR751_BREAST,0.8760277032852173,1.0428584275893795,1,X_scGPT,mil,0.5,43
sorafenib,42MGBA_CENTRAL_NERVOUS_SYSTEM,0.7620083093643188,0.8529678827086931,4,X_scGPT,mil,0.5,43
sorafenib,8305C_THYROID,0.9253087043762207,0.8726249776115085,4,X_scGPT,mil,0.5,43
sorafenib,A204_SOFT_TISSUE,0.5694727897644043,0.8371991250514984,4,X_scGPT,mil,0.5,43
sorafenib,A2058_SKIN,0.8890812397003174,0.8531583401621604,5,X_scGPT,mil,0.5,43
sorafenib,A375_SKIN,1.027357578277588,0.8849931919152579,3,X_scGPT,mil,0.5,43
sorafenib,ACCMESO1_PLEURA,0.9610148668289185,0.82356740810253,2,X_scGPT,mil,0.5,43
sorafenib,ASPC1_PANCREAS,0.8247990012168884,0.9067845338377459,4,X_scGPT,mil,0.5,43
sorafenib,BCPAP_THYROID,0.9238057732582092,0.8704343395013558,4,X_scGPT,mil,0.5,43
sorafenib,BFTC909_KIDNEY,0.9635162949562073,0.8911191509707307,5,X_scGPT,mil,0.5,43
sorafenib,BHY_UPPER_AERODIGESTIVE_TRACT,0.9516038298606873,0.9296989987636435,3,X_scGPT,mil,0.5,43
sorafenib,BICR16_UPPER_AERODIGESTIVE_TRACT,0.9785931706428528,0.947125958384208,5,X_scGPT,mil,0.5,43
sorafenib,BICR31_UPPER_AERODIGESTIVE_TRACT,0.9844813942909241,0.9668257604202917,3,X_scGPT,mil,0.5,43
sorafenib,BICR56_UPPER_AERODIGESTIVE_TRACT,1.0484936237335205,0.9528040672525947,3,X_scGPT,mil,0.5,43
sorafenib,BICR6_UPPER_AERODIGESTIVE_TRACT,0.9508293867111206,0.968533992767334,5,X_scGPT,mil,0.5,43
sorafenib,BT474_BREAST,0.7563530802726746,0.8915082249641418,4,X_scGPT,mil,0.5,43
sorafenib,BT549_BREAST,0.9377016425132751,0.7886132523977667,1,X_scGPT,mil,0.5,43
sorafenib,CAKI2_KIDNEY,0.8227479457855225,0.8999501953450896,4,X_scGPT,mil,0.5,43
sorafenib,CALU6_LUNG,0.7486880421638489,0.8961095239302909,3,X_scGPT,mil,0.5,43
sorafenib,CAMA1_BREAST,0.8539245128631592,0.9573526435701298,3,X_scGPT,mil,0.5,43
sorafenib,CAS1_CENTRAL_NERVOUS_SYSTEM,1.0254175662994385,0.7934678367206028,1,X_scGPT,mil,0.5,43
sorafenib,CCFSTTG1_CENTRAL_NERVOUS_SYSTEM,0.842994213104248,0.8825684284291616,5,X_scGPT,mil,0.5,43
sorafenib,COLO792_SKIN,0.7970544099807739,0.8512128441976006,2,X_scGPT,mil,0.5,43
sorafenib,COV434_OVARY,0.785873532295227,0.823017418384552,4,X_scGPT,mil,0.5,43
sorafenib,DETROIT562_UPPER_AERODIGESTIVE_TRACT,0.9547587633132935,0.9150601757084665,2,X_scGPT,mil,0.5,43
sorafenib,DKMG_CENTRAL_NERVOUS_SYSTEM,0.9341744780540466,0.8728671766735091,5,X_scGPT,mil,0.5,43
sorafenib,EBC1_LUNG,0.8767582774162292,0.9115235417760829,3,X_scGPT,mil,0.5,43
sorafenib,EFE184_ENDOMETRIUM,0.9274181723594666,0.9116173130135203,4,X_scGPT,mil,0.5,43
sorafenib,EKVX_LUNG,0.7959703803062439,0.8887099390977049,2,X_scGPT,mil,0.5,43
sorafenib,FTC133_THYROID,0.8832694292068481,0.904723629781178,3,X_scGPT,mil,0.5,43
sorafenib,GOS3_CENTRAL_NERVOUS_SYSTEM,0.8840194344520569,0.8405332300051345,2,X_scGPT,mil,0.5,43
sorafenib,HCC1428_BREAST,0.8387742042541504,0.9522298076960045,5,X_scGPT,mil,0.5,43
sorafenib,HCC366_LUNG,0.9401351809501648,0.9333905143903034,5,X_scGPT,mil,0.5,43
sorafenib,HCC38_BREAST,0.86554354429245,0.9323395138978958,5,X_scGPT,mil,0.5,43
sorafenib,HCC56_LARGE_INTESTINE,0.8666735291481018,0.9114016685822998,3,X_scGPT,mil,0.5,43
sorafenib,HDQP1_BREAST,1.0866868495941162,0.9248898280784488,3,X_scGPT,mil,0.5,43
sorafenib,HEC151_ENDOMETRIUM,0.8457918167114258,0.8964903912544251,4,X_scGPT,mil,0.5,43
sorafenib,HEC251_ENDOMETRIUM,0.9381492137908936,0.9020838681782517,3,X_scGPT,mil,0.5,43
sorafenib,HEC6_ENDOMETRIUM,0.9477641582489014,0.8253052997292939,1,X_scGPT,mil,0.5,43
sorafenib,HEP3B217_LIVER,0.8732810020446777,0.8504200395891222,2,X_scGPT,mil,0.5,43
sorafenib,HMC18_BREAST,0.9106922149658203,0.8576278560397568,2,X_scGPT,mil,0.5,43
sorafenib,HOS_BONE,0.7735216021537781,0.8745631771869913,4,X_scGPT,mil,0.5,43
sorafenib,HS852T_SKIN,1.1187642812728882,0.921806122785733,3,X_scGPT,mil,0.5,43
sorafenib,HT1080_SOFT_TISSUE,0.7839909195899963,0.8590849702672441,5,X_scGPT,mil,0.5,43
sorafenib,HT1197_URINARY_TRACT,0.6287790536880493,0.9215117942642521,4,X_scGPT,mil,0.5,43
sorafenib,HT55_LARGE_INTESTINE,0.8548980951309204,0.8032879795508362,1,X_scGPT,mil,0.5,43
sorafenib,HUH28_BILIARY_TRACT,0.9776293635368347,0.8479566990042762,2,X_scGPT,mil,0.5,43
sorafenib,HUH6_LIVER,0.7311108112335205,0.8532754978131966,4,X_scGPT,mil,0.5,43
sorafenib,HUPT3_PANCREAS,0.8269335031509399,1.0048695079544012,5,X_scGPT,mil,0.5,43
sorafenib,HUPT4_PANCREAS,0.9032252430915833,0.9103096915142876,5,X_scGPT,mil,0.5,43
sorafenib,IALM_LUNG,0.7974401116371155,0.8892619098935809,4,X_scGPT,mil,0.5,43
sorafenib,IGR1_SKIN,0.8896166086196899,0.8449103722079047,5,X_scGPT,mil,0.5,43
sorafenib,IGR37_SKIN,0.879531741142273,0.8637564048299872,2,X_scGPT,mil,0.5,43
sorafenib,IM95_STOMACH,0.8234829306602478,0.9178643867776201,4,X_scGPT,mil,0.5,43
sorafenib,JHH6_LIVER,0.9246944785118103,0.9232182586656034,3,X_scGPT,mil,0.5,43
sorafenib,JHOC5_OVARY,0.920386791229248,0.940251468378922,5,X_scGPT,mil,0.5,43
sorafenib,KALS1_CENTRAL_NERVOUS_SYSTEM,0.8867756128311157,0.8605327769700024,2,X_scGPT,mil,0.5,43
sorafenib,KMRC3_KIDNEY,0.8500622510910034,0.8223525677408491,1,X_scGPT,mil,0.5,43
sorafenib,KNS42_CENTRAL_NERVOUS_SYSTEM,0.7692263722419739,0.8680047070564225,4,X_scGPT,mil,0.5,43
sorafenib,KPL1_BREAST,0.9400314688682556,0.9286980149538621,3,X_scGPT,mil,0.5,43
sorafenib,KPNSI9S_AUTONOMIC_GANGLIA,0.9903244972229004,0.8417018550310948,5,X_scGPT,mil,0.5,43
sorafenib,KYSE520_OESOPHAGUS,0.877751350402832,0.9046103214331824,2,X_scGPT,mil,0.5,43
sorafenib,LI7_LIVER,0.7640031576156616,0.8931208246824692,4,X_scGPT,mil,0.5,43
sorafenib,LMSU_STOMACH,0.7875993847846985,0.8470583247203453,2,X_scGPT,mil,0.5,43
sorafenib,LNCAPCLONEFGC_PROSTATE,0.7684576511383057,0.7897619290869365,2,X_scGPT,mil,0.5,43
sorafenib,LS1034_LARGE_INTESTINE,0.8613359928131104,0.8968874771301061,4,X_scGPT,mil,0.5,43
sorafenib,LS180_LARGE_INTESTINE,0.9402288794517517,0.9051811392947907,3,X_scGPT,mil,0.5,43
sorafenib,MCF7_BREAST,0.9517213106155396,0.8173394732541971,1,X_scGPT,mil,0.5,43
sorafenib,MDAMB361_BREAST,0.8062521815299988,0.8131539887852139,1,X_scGPT,mil,0.5,43
sorafenib,MFE319_ENDOMETRIUM,0.7475056648254395,0.8765798011375348,2,X_scGPT,mil,0.5,43
sorafenib,MKN45_STOMACH,0.9648969173431396,0.8458069830627765,1,X_scGPT,mil,0.5,43
sorafenib,MKN7_STOMACH,0.7809563279151917,0.9428790870100953,5,X_scGPT,mil,0.5,43
sorafenib,MSTO211H_PLEURA,0.7477384805679321,0.7678949238876702,1,X_scGPT,mil,0.5,43
sorafenib,NCIH1299_LUNG,0.935891330242157,0.8174359315120325,2,X_scGPT,mil,0.5,43
sorafenib,NCIH1373_LUNG,0.8798536062240601,0.9303868438412504,3,X_scGPT,mil,0.5,43
sorafenib,NCIH1435_LUNG,1.1175224781036377,0.942037704285611,3,X_scGPT,mil,0.5,43
sorafenib,NCIH1792_LUNG,0.9024240374565125,0.8612010908556414,4,X_scGPT,mil,0.5,43
sorafenib,NCIH1944_LUNG,0.7645619511604309,0.9081185877611095,2,X_scGPT,mil,0.5,43
sorafenib,NCIH2087_LUNG,0.6904840469360352,0.9711203253976831,5,X_scGPT,mil,0.5,43
sorafenib,NCIH2110_LUNG,0.8479146957397461,0.8570952779384114,1,X_scGPT,mil,0.5,43
sorafenib,NCIH2126_LUNG,1.0344574451446533,0.9281982912710218,4,X_scGPT,mil,0.5,43
sorafenib,NCIH2170_LUNG,0.8312334418296814,0.8954840722218366,4,X_scGPT,mil,0.5,43
sorafenib,NCIH2228_LUNG,0.8375949263572693,0.9345811738630082,3,X_scGPT,mil,0.5,43
sorafenib,NCIH226_LUNG,0.8705545663833618,0.8196304260416234,1,X_scGPT,mil,0.5,43
sorafenib,NCIH2452_PLEURA,0.8317050337791443,0.8922523673360676,3,X_scGPT,mil,0.5,43
sorafenib,NCIH292_LUNG,0.9365999102592468,0.9323690130677021,3,X_scGPT,mil,0.5,43
sorafenib,NCIH358_LUNG,0.8402299284934998,0.8440388996331465,1,X_scGPT,mil,0.5,43
sorafenib,NCIH446_LUNG,0.8009206056594849,0.8453653929184894,3,X_scGPT,mil,0.5,43
sorafenib,NCIH460_LUNG,0.9303207993507385,0.8971631563977386,3,X_scGPT,mil,0.5,43
sorafenib,NCIH522_LUNG,0.8639686107635498,0.7775605945633008,2,X_scGPT,mil,0.5,43
sorafenib,NCIH650_LUNG,0.9268368482589722,0.9286094019773702,5,X_scGPT,mil,0.5,43
sorafenib,NCIH747_LARGE_INTESTINE,0.8629636764526367,0.975190831720829,5,X_scGPT,mil,0.5,43
sorafenib,OAW28_OVARY,0.9492865204811096,0.9034810443842634,5,X_scGPT,mil,0.5,43
sorafenib,ONCODG1_OVARY,0.9276169538497925,0.9163329345208627,2,X_scGPT,mil,0.5,43
sorafenib,OSRC2_KIDNEY,0.9674766659736633,0.8822052237533388,3,X_scGPT,mil,0.5,43
sorafenib,OUMS23_LARGE_INTESTINE,0.9748827815055847,0.7994011323028636,5,X_scGPT,mil,0.5,43
sorafenib,OVCAR4_OVARY,0.9750659465789795,0.8625464791122679,1,X_scGPT,mil,0.5,43
sorafenib,OVK18_OVARY,0.8941791653633118,0.8317831962296133,5,X_scGPT,mil,0.5,43
sorafenib,OVSAHO_OVARY,0.9573771357536316,0.8746777856927611,2,X_scGPT,mil,0.5,43
sorafenib,OVTOKO_OVARY,0.9591962695121765,0.8960318109065152,2,X_scGPT,mil,0.5,43
sorafenib,PANC0203_PANCREAS,0.8843251466751099,0.9488730947726329,3,X_scGPT,mil,0.5,43
sorafenib,PATU8988S_PANCREAS,0.8434209823608398,0.9240779669069853,2,X_scGPT,mil,0.5,43
sorafenib,PC3_PROSTATE,0.8169124722480774,0.8001048935235605,1,X_scGPT,mil,0.5,43
sorafenib,PECAPJ49_UPPER_AERODIGESTIVE_TRACT,0.9694474935531616,0.8914682496302199,1,X_scGPT,mil,0.5,43
sorafenib,PK45H_PANCREAS,0.9857468008995056,0.8848786455238877,4,X_scGPT,mil,0.5,43
sorafenib,PK59_PANCREAS,0.9894026517868042,0.9310287096719633,5,X_scGPT,mil,0.5,43
sorafenib,RCC10RGB_KIDNEY,0.9638580083847046,0.9018414749608019,5,X_scGPT,mil,0.5,43
sorafenib,RCM1_LARGE_INTESTINE,0.9093775749206543,0.9011371890082955,3,X_scGPT,mil,0.5,43
sorafenib,RD_SOFT_TISSUE,0.812127411365509,0.7612650965365414,1,X_scGPT,mil,0.5,43
sorafenib,RERFLCAD1_LUNG,0.9769673943519592,0.8674074921588348,5,X_scGPT,mil,0.5,43
sorafenib,RERFLCAI_LUNG,0.821485161781311,0.9085328908610313,5,X_scGPT,mil,0.5,43
sorafenib,RT4_URINARY_TRACT,1.0305711030960083,0.910201185154465,5,X_scGPT,mil,0.5,43
sorafenib,RVH421_SKIN,0.7901917099952698,0.8490956854620738,4,X_scGPT,mil,0.5,43
sorafenib,SCC25_UPPER_AERODIGESTIVE_TRACT,0.887211263179779,0.8969926411298442,2,X_scGPT,mil,0.5,43
sorafenib,SCC9_UPPER_AERODIGESTIVE_TRACT,0.9200924634933472,0.8507928750389501,2,X_scGPT,mil,0.5,43
sorafenib,SH10TC_STOMACH,0.836710512638092,0.8279860889130508,5,X_scGPT,mil,0.5,43
sorafenib,SKES1_BONE,0.826363742351532,0.7533478337329823,2,X_scGPT,mil,0.5,43
sorafenib,SKMEL30_SKIN,0.8652834296226501,0.7947313932453944,1,X_scGPT,mil,0.5,43
sorafenib,SKMEL5_SKIN,0.8153934478759766,0.8630580434494147,4,X_scGPT,mil,0.5,43
sorafenib,SKNAS_AUTONOMIC_GANGLIA,0.8148652911186218,0.7825106142368992,2,X_scGPT,mil,0.5,43
sorafenib,SNU1079_BILIARY_TRACT,1.00655996799469,0.8311339567785394,1,X_scGPT,mil,0.5,43
sorafenib,SNU1214_UPPER_AERODIGESTIVE_TRACT,0.9543975591659546,0.8757546277756386,1,X_scGPT,mil,0.5,43
sorafenib,SNU308_BILIARY_TRACT,1.012415885925293,0.8558926309676881,1,X_scGPT,mil,0.5,43
sorafenib,SNU423_LIVER,0.866847813129425,0.8689691758943054,4,X_scGPT,mil,0.5,43
sorafenib,SNU449_LIVER,0.8178927302360535,0.926515595287296,3,X_scGPT,mil,0.5,43
sorafenib,SNU46_UPPER_AERODIGESTIVE_TRACT,0.9638913869857788,0.9040516114841073,4,X_scGPT,mil,0.5,43
sorafenib,SNU738_CENTRAL_NERVOUS_SYSTEM,1.02228844165802,0.8167663636496955,1,X_scGPT,mil,0.5,43
sorafenib,SNU899_UPPER_AERODIGESTIVE_TRACT,0.91452956199646,0.8984477922140833,2,X_scGPT,mil,0.5,43
sorafenib,SNUC4_LARGE_INTESTINE,0.9002644419670105,0.9075270258129536,5,X_scGPT,mil,0.5,43
sorafenib,SQ1_LUNG,0.7700835466384888,0.9107096686082727,3,X_scGPT,mil,0.5,43
sorafenib,SU8686_PANCREAS,0.8709826469421387,0.862700936997809,1,X_scGPT,mil,0.5,43
sorafenib,SW1088_CENTRAL_NERVOUS_SYSTEM,0.9265447854995728,0.8528199349530041,4,X_scGPT,mil,0.5,43
sorafenib,SW1271_LUNG,0.8496569991111755,0.8241731317146964,1,X_scGPT,mil,0.5,43
sorafenib,SW1990_PANCREAS,0.8949580192565918,0.904807653023288,5,X_scGPT,mil,0.5,43
sorafenib,SW579_THYROID,0.5449548959732056,0.9446675280272137,3,X_scGPT,mil,0.5,43
sorafenib,T47D_BREAST,0.8224495649337769,0.7933024812607744,1,X_scGPT,mil,0.5,43
sorafenib,TCCSUP_URINARY_TRACT,0.8422660231590271,0.9139521719911431,3,X_scGPT,mil,0.5,43
sorafenib,TE10_OESOPHAGUS,0.9554001688957214,0.9233011935399548,4,X_scGPT,mil,0.5,43
sorafenib,TE14_OESOPHAGUS,0.9149248003959656,0.8568372293866636,1,X_scGPT,mil,0.5,43
sorafenib,TE1_OESOPHAGUS,1.0303728580474854,0.9174945542534578,4,X_scGPT,mil,0.5,43
sorafenib,TE9_OESOPHAGUS,0.9407044053077698,0.9275913793713816,2,X_scGPT,mil,0.5,43
sorafenib,TM31_CENTRAL_NERVOUS_SYSTEM,0.7330820560455322,0.8462901218184109,2,X_scGPT,mil,0.5,43
sorafenib,TOV112D_OVARY,0.7878868579864502,0.7762480958914145,2,X_scGPT,mil,0.5,43
sorafenib,UACC257_SKIN,0.8443854451179504,0.7543391335958217,1,X_scGPT,mil,0.5,43
sorafenib,UMUC1_URINARY_TRACT,0.7282541990280151,0.882364710575433,1,X_scGPT,mil,0.5,43
sorafenib,VMCUB1_URINARY_TRACT,0.8223852515220642,0.927388653969665,4,X_scGPT,mil,0.5,43
sorafenib,VMRCRCZ_KIDNEY,0.79443359375,0.862772878408432,2,X_scGPT,mil,0.5,43
sorafenib,YD38_UPPER_AERODIGESTIVE_TRACT,0.9437626004219055,0.9285285062132738,4,X_scGPT,mil,0.5,43
sorafenib,ZR751_BREAST,1.043095350265503,0.7562018683041569,1,X_scGPT,mil,0.5,43
dasatinib,42MGBA_CENTRAL_NERVOUS_SYSTEM,0.4334654211997986,0.7286989024937383,4,X_scGPT,mil,0.5,43
dasatinib,8305C_THYROID,0.4926874339580536,0.6189985267477098,4,X_scGPT,mil,0.5,43
dasatinib,A204_SOFT_TISSUE,0.4259912371635437,0.8272478327751159,4,X_scGPT,mil,0.5,43
dasatinib,A2058_SKIN,0.9994200468063354,0.8297293952533177,5,X_scGPT,mil,0.5,43
dasatinib,A375_SKIN,0.8268100023269653,0.7663659015152144,3,X_scGPT,mil,0.5,43
dasatinib,ACCMESO1_PLEURA,0.730863094329834,0.6136509073369297,2,X_scGPT,mil,0.5,43
dasatinib,ASPC1_PANCREAS,0.8027234077453613,0.6567085356547915,4,X_scGPT,mil,0.5,43
dasatinib,BCPAP_THYROID,0.5075414776802063,0.6659649939913499,4,X_scGPT,mil,0.5,43
dasatinib,BFTC909_KIDNEY,0.8652351498603821,0.6216368813627943,5,X_scGPT,mil,0.5,43
dasatinib,BHY_UPPER_AERODIGESTIVE_TRACT,0.48131436109542847,0.6200066332159371,3,X_scGPT,mil,0.5,43
dasatinib,BICR16_UPPER_AERODIGESTIVE_TRACT,0.6939761638641357,0.5095867444321794,5,X_scGPT,mil,0.5,43
dasatinib,BICR31_UPPER_AERODIGESTIVE_TRACT,0.513609766960144,0.6434649649646974,3,X_scGPT,mil,0.5,43
dasatinib,BICR56_UPPER_AERODIGESTIVE_TRACT,0.35828065872192383,0.5508213344915414,3,X_scGPT,mil,0.5,43
dasatinib,BICR6_UPPER_AERODIGESTIVE_TRACT,0.447648286819458,0.5600749974275803,5,X_scGPT,mil,0.5,43
dasatinib,BT474_BREAST,0.7905335426330566,0.8706927304267883,4,X_scGPT,mil,0.5,43
dasatinib,BT549_BREAST,0.6169654130935669,0.6224574503817952,1,X_scGPT,mil,0.5,43
dasatinib,CAKI2_KIDNEY,0.544165313243866,0.6462975598925309,4,X_scGPT,mil,0.5,43
dasatinib,CALU6_LUNG,0.8003680109977722,0.719804362502209,3,X_scGPT,mil,0.5,43
dasatinib,CAMA1_BREAST,1.0918281078338623,0.8173079804046867,3,X_scGPT,mil,0.5,43
dasatinib,CAS1_CENTRAL_NERVOUS_SYSTEM,0.6615645289421082,0.6185994937007588,1,X_scGPT,mil,0.5,43
dasatinib,CCFSTTG1_CENTRAL_NERVOUS_SYSTEM,0.6407906413078308,0.5645773553751349,5,X_scGPT,mil,0.5,43
dasatinib,COLO792_SKIN,0.9551751613616943,0.8699457005381144,2,X_scGPT,mil,0.5,43
dasatinib,COV434_OVARY,0.7681589722633362,0.8947033706036481,4,X_scGPT,mil,0.5,43
dasatinib,DETROIT562_UPPER_AERODIGESTIVE_TRACT,0.5410073399543762,0.545528389742038,2,X_scGPT,mil,0.5,43
dasatinib,DKMG_CENTRAL_NERVOUS_SYSTEM,0.5324797630310059,0.562621146770421,5,X_scGPT,mil,0.5,43
dasatinib,EBC1_LUNG,0.644189715385437,0.6507474796105457,3,X_scGPT,mil,0.5,43
dasatinib,EFE184_ENDOMETRIUM,0.5172581672668457,0.6949035885722138,4,X_scGPT,mil,0.5,43
dasatinib,EFM192A_BREAST,0.8132383823394775,0.8588560223579407,5,X_scGPT,mil,0.5,43
dasatinib,EKVX_LUNG,0.9910260438919067,0.5985708832740784,2,X_scGPT,mil,0.5,43
dasatinib,FTC133_THYROID,0.8035446405410767,0.6507770121097565,3,X_scGPT,mil,0.5,43
dasatinib,GOS3_CENTRAL_NERVOUS_SYSTEM,0.8528508543968201,0.5523847435157336,2,X_scGPT,mil,0.5,43
dasatinib,HCC1428_BREAST,0.8256688714027405,0.9452274268067727,5,X_scGPT,mil,0.5,43
dasatinib,HCC366_LUNG,0.5510829091072083,0.5681636866071437,5,X_scGPT,mil,0.5,43
dasatinib,HCC38_BREAST,0.6819133758544922,0.7244709925353527,5,X_scGPT,mil,0.5,43
dasatinib,HCC56_LARGE_INTESTINE,0.9015623331069946,0.7864019051946775,3,X_scGPT,mil,0.5,43
dasatinib,HDQP1_BREAST,0.5586175918579102,0.6866087587550282,3,X_scGPT,mil,0.5,43
dasatinib,HEC151_ENDOMETRIUM,0.5504109263420105,0.7114160426855087,4,X_scGPT,mil,0.5,43
dasatinib,HEC251_ENDOMETRIUM,0.6840876340866089,0.6863226149683801,3,X_scGPT,mil,0.5,43
dasatinib,HEC6_ENDOMETRIUM,0.654520571231842,0.6819680740374215,1,X_scGPT,mil,0.5,43
dasatinib,HEP3B217_LIVER,0.9273844957351685,0.591857919248484,2,X_scGPT,mil,0.5,43
dasatinib,HMC18_BREAST,0.9990564584732056,0.7189976705219152,2,X_scGPT,mil,0.5,43
dasatinib,HOS_BONE,0.6318181157112122,0.6782605227428984,4,X_scGPT,mil,0.5,43
dasatinib,HS852T_SKIN,0.5268118381500244,0.6885949472586314,3,X_scGPT,mil,0.5,43
dasatinib,HT1080_SOFT_TISSUE,0.6010266542434692,0.7074887907320215,5,X_scGPT,mil,0.5,43
dasatinib,HT1197_URINARY_TRACT,0.7041679620742798,0.5831911966607377,4,X_scGPT,mil,0.5,43
dasatinib,HT55_LARGE_INTESTINE,0.7281989455223083,0.8626792170990135,1,X_scGPT,mil,0.5,43
dasatinib,HUH28_BILIARY_TRACT,0.439780056476593,0.5228739256481473,2,X_scGPT,mil,0.5,43
dasatinib,HUH6_LIVER,0.7917959094047546,0.8455750298570599,4,X_scGPT,mil,0.5,43
dasatinib,HUPT3_PANCREAS,0.4473266899585724,0.5539209224721965,5,X_scGPT,mil,0.5,43
dasatinib,HUPT4_PANCREAS,0.22050006687641144,0.7037914650780814,5,X_scGPT,mil,0.5,43
dasatinib,IALM_LUNG,0.6642125844955444,0.6907553002701042,4,X_scGPT,mil,0.5,43
dasatinib,IGR1_SKIN,0.9082956314086914,0.9240994932733733,5,X_scGPT,mil,0.5,43
dasatinib,IGR37_SKIN,0.8115305304527283,1.0553501495710367,2,X_scGPT,mil,0.5,43
dasatinib,IM95_STOMACH,0.6393032670021057,0.7754017143636136,4,X_scGPT,mil,0.5,43
dasatinib,JHH6_LIVER,0.9760308265686035,0.6890087061136672,3,X_scGPT,mil,0.5,43
dasatinib,JHOC5_OVARY,0.5276264548301697,0.6316700557182575,5,X_scGPT,mil,0.5,43
dasatinib,KALS1_CENTRAL_NERVOUS_SYSTEM,0.6172302961349487,0.5096657674552666,2,X_scGPT,mil,0.5,43
dasatinib,KMRC3_KIDNEY,0.4987582862377167,0.6227415759952701,1,X_scGPT,mil,0.5,43
dasatinib,KNS42_CENTRAL_NERVOUS_SYSTEM,0.8199730515480042,0.7020837616088779,4,X_scGPT,mil,0.5,43
dasatinib,KPL1_BREAST,0.7372479438781738,0.9212340218001518,3,X_scGPT,mil,0.5,43
dasatinib,KPNSI9S_AUTONOMIC_GANGLIA,0.5606821179389954,0.6011546905650649,5,X_scGPT,mil,0.5,43
dasatinib,KYSE520_OESOPHAGUS,0.4756965637207031,0.5663420277483323,2,X_scGPT,mil,0.5,43
dasatinib,LI7_LIVER,0.5311142802238464,0.739266994048138,4,X_scGPT,mil,0.5,43
dasatinib,LMSU_STOMACH,0.5103955268859863,0.5269445120119581,2,X_scGPT,mil,0.5,43
dasatinib,LNCAPCLONEFGC_PROSTATE,0.8158725500106812,1.072483898595322,2,X_scGPT,mil,0.5,43
dasatinib,LS1034_LARGE_INTESTINE,0.8595411777496338,0.7868821335165468,4,X_scGPT,mil,0.5,43
dasatinib,LS180_LARGE_INTESTINE,0.6963598132133484,0.7823906037285717,3,X_scGPT,mil,0.5,43
dasatinib,MCF7_BREAST,0.8226410150527954,0.8138907089100017,1,X_scGPT,mil,0.5,43
dasatinib,MDAMB361_BREAST,0.9532812237739563,0.8910310158023128,1,X_scGPT,mil,0.5,43
dasatinib,MFE319_ENDOMETRIUM,0.8195475935935974,0.6673598557866681,2,X_scGPT,mil,0.5,43
dasatinib,MKN45_STOMACH,0.93873530626297,0.7176147441742784,1,X_scGPT,mil,0.5,43
dasatinib,MKN7_STOMACH,0.59619140625,0.7240759246340094,5,X_scGPT,mil,0.5,43
dasatinib,MSTO211H_PLEURA,0.5750836133956909,0.6869658756537068,1,X_scGPT,mil,0.5,43
dasatinib,NCIH1299_LUNG,0.6297326683998108,0.7054953004760243,2,X_scGPT,mil,0.5,43
dasatinib,NCIH1373_LUNG,0.6252244710922241,0.6742579809776167,3,X_scGPT,mil,0.5,43
dasatinib,NCIH1435_LUNG,0.47326037287712097,0.7174093980021244,3,X_scGPT,mil,0.5,43
dasatinib,NCIH1792_LUNG,0.6707721948623657,0.7434561617739566,4,X_scGPT,mil,0.5,43
dasatinib,NCIH1944_LUNG,0.8082422018051147,0.6340096120673101,2,X_scGPT,mil,0.5,43
dasatinib,NCIH2087_LUNG,0.595470130443573,0.6072710568774237,5,X_scGPT,mil,0.5,43
dasatinib,NCIH2110_LUNG,0.7364413738250732,0.6750345344519495,1,X_scGPT,mil,0.5,43
dasatinib,NCIH2126_LUNG,0.8638811707496643,0.6767981025305662,4,X_scGPT,mil,0.5,43
dasatinib,NCIH2170_LUNG,0.7118402123451233,0.808298904291341,4,X_scGPT,mil,0.5,43
dasatinib,NCIH2228_LUNG,0.6331348419189453,0.6232779730892961,3,X_scGPT,mil,0.5,43
dasatinib,NCIH226_LUNG,0.7791048884391785,0.597215547840646,1,X_scGPT,mil,0.5,43
dasatinib,NCIH2444_LUNG,0.5421454906463623,0.6553751594909636,3,X_scGPT,mil,0.5,43
dasatinib,NCIH2452_PLEURA,0.5246762037277222,0.6813633742164059,3,X_scGPT,mil,0.5,43
dasatinib,NCIH292_LUNG,0.5705883502960205,0.6285882480267627,3,X_scGPT,mil,0.5,43
dasatinib,NCIH358_LUNG,0.576813817024231,0.6473877624209438,1,X_scGPT,mil,0.5,43
dasatinib,NCIH446_LUNG,0.6678470373153687,0.771945980434515,3,X_scGPT,mil,0.5,43
dasatinib,NCIH460_LUNG,0.9236070513725281,0.8532045540558965,3,X_scGPT,mil,0.5,43
dasatinib,NCIH522_LUNG,0.6360405683517456,0.644712757319212,2,X_scGPT,mil,0.5,43
dasatinib,NCIH650_LUNG,0.7932010889053345,0.6065379321795108,5,X_scGPT,mil,0.5,43
dasatinib,NCIH747_LARGE_INTESTINE,0.5042724013328552,0.6568135157227516,5,X_scGPT,mil,0.5,43
dasatinib,OAW28_OVARY,0.5247742533683777,0.723407576913419,5,X_scGPT,mil,0.5,43
dasatinib,ONCODG1_OVARY,0.5328340530395508,0.5351356167484213,2,X_scGPT,mil,0.5,43
dasatinib,OSRC2_KIDNEY,0.5809530019760132,0.6333536851027656,3,X_scGPT,mil,0.5,43
dasatinib,OUMS23_LARGE_INTESTINE,0.7905162572860718,0.8360551918778464,5,X_scGPT,mil,0.5,43
dasatinib,OVCAR4_OVARY,0.6255381107330322,0.6159115572700231,1,X_scGPT,mil,0.5,43
dasatinib,OVK18_OVARY,0.8288588523864746,0.8511479694521829,5,X_scGPT,mil,0.5,43
dasatinib,OVSAHO_OVARY,0.7816910743713379,0.657319173676327,2,X_scGPT,mil,0.5,43
dasatinib,OVTOKO_OVARY,0.5526567101478577,0.5913453100685868,2,X_scGPT,mil,0.5,43
dasatinib,PANC0203_PANCREAS,0.7578325271606445,0.6830240790787422,3,X_scGPT,mil,0.5,43
dasatinib,PATU8988S_PANCREAS,0.6856508851051331,0.7165691168581854,2,X_scGPT,mil,0.5,43
dasatinib,PC3_PROSTATE,0.7604544758796692,0.6936691523303647,1,X_scGPT,mil,0.5,43
dasatinib,PECAPJ49_UPPER_AERODIGESTIVE_TRACT,0.3881136178970337,0.4783919620336873,1,X_scGPT,mil,0.5,43
dasatinib,PK45H_PANCREAS,0.7003129720687866,0.6655933892155046,4,X_scGPT,mil,0.5,43
dasatinib,PK59_PANCREAS,0.5517120361328125,0.7885793625623331,5,X_scGPT,mil,0.5,43
dasatinib,RCC10RGB_KIDNEY,0.8883867859840393,0.6213802031437214,5,X_scGPT,mil,0.5,43
dasatinib,RCM1_LARGE_INTESTINE,0.7874229550361633,0.741407036781311,3,X_scGPT,mil,0.5,43
dasatinib,RD_SOFT_TISSUE,0.6753624677658081,0.673811069850264,1,X_scGPT,mil,0.5,43
dasatinib,RERFLCAD1_LUNG,0.8144843578338623,0.7262384657261303,5,X_scGPT,mil,0.5,43
dasatinib,RERFLCAI_LUNG,0.7495109438896179,0.6265461728425982,5,X_scGPT,mil,0.5,43
dasatinib,RT4_URINARY_TRACT,0.6999799609184265,0.7993986595351741,5,X_scGPT,mil,0.5,43
dasatinib,RVH421_SKIN,0.8497257828712463,0.7623327419348841,4,X_scGPT,mil,0.5,43
dasatinib,SCC25_UPPER_AERODIGESTIVE_TRACT,0.3265823721885681,0.4160702849151297,2,X_scGPT,mil,0.5,43
dasatinib,SCC9_UPPER_AERODIGESTIVE_TRACT,0.6016831398010254,0.5128178036840338,2,X_scGPT,mil,0.5,43
dasatinib,SH10TC_STOMACH,0.8169143199920654,0.723119719755276,5,X_scGPT,mil,0.5,43
dasatinib,SKES1_BONE,0.9750837683677673,0.6573739837814163,2,X_scGPT,mil,0.5,43
dasatinib,SKMEL30_SKIN,0.9788858294487,0.7926427331929842,1,X_scGPT,mil,0.5,43
dasatinib,SKMEL5_SKIN,0.9444921016693115,0.9200009508967801,4,X_scGPT,mil,0.5,43
dasatinib,SKNAS_AUTONOMIC_GANGLIA,0.7405744791030884,0.6578140145381995,2,X_scGPT,mil,0.5,43
dasatinib,SNU1079_BILIARY_TRACT,0.07737455517053604,0.6539792336829721,1,X_scGPT,mil,0.5,43
dasatinib,SNU1214_UPPER_AERODIGESTIVE_TRACT,0.39772874116897583,0.4816331142123709,1,X_scGPT,mil,0.5,43
dasatinib,SNU308_BILIARY_TRACT,0.6171565651893616,0.6143836391733047,1,X_scGPT,mil,0.5,43
dasatinib,SNU423_LIVER,0.5482215285301208,0.6124680790136445,4,X_scGPT,mil,0.5,43
dasatinib,SNU449_LIVER,0.5068399906158447,0.6239545994193841,3,X_scGPT,mil,0.5,43
dasatinib,SNU46_UPPER_AERODIGESTIVE_TRACT,0.6070349216461182,0.5971533635915336,4,X_scGPT,mil,0.5,43
dasatinib,SNU738_CENTRAL_NERVOUS_SYSTEM,0.8536766767501831,0.6200732157853159,1,X_scGPT,mil,0.5,43
dasatinib,SNU899_UPPER_AERODIGESTIVE_TRACT,0.6754158735275269,0.5602866174226784,2,X_scGPT,mil,0.5,43
dasatinib,SNUC4_LARGE_INTESTINE,0.8817626237869263,0.8216931556991642,5,X_scGPT,mil,0.5,43
dasatinib,SQ1_LUNG,0.5959621071815491,0.714744086776461,3,X_scGPT,mil,0.5,43
dasatinib,SU8686_PANCREAS,0.5122929811477661,0.6137913218358668,1,X_scGPT,mil,0.5,43
dasatinib,SW1088_CENTRAL_NERVOUS_SYSTEM,0.5384380221366882,0.6727062426507473,4,X_scGPT,mil,0.5,43
dasatinib,SW1271_LUNG,0.45770686864852905,0.625860479603643,1,X_scGPT,mil,0.5,43
dasatinib,SW1990_PANCREAS,0.39563825726509094,0.660870611861785,5,X_scGPT,mil,0.5,43
dasatinib,SW579_THYROID,0.3310171961784363,0.6978580627573251,3,X_scGPT,mil,0.5,43
dasatinib,T47D_BREAST,0.8848981857299805,0.8627671378230617,1,X_scGPT,mil,0.5,43
dasatinib,TCCSUP_URINARY_TRACT,0.6342606544494629,0.6473754463316519,3,X_scGPT,mil,0.5,43
dasatinib,TE10_OESOPHAGUS,0.602500855922699,0.5585255152014292,4,X_scGPT,mil,0.5,43
dasatinib,TE14_OESOPHAGUS,0.6673628687858582,0.5612705514023576,1,X_scGPT,mil,0.5,43
dasatinib,TE1_OESOPHAGUS,0.617663562297821,0.6238798888273609,4,X_scGPT,mil,0.5,43
dasatinib,TE6_OESOPHAGUS,0.5395105481147766,0.5848099077678203,2,X_scGPT,mil,0.5,43
dasatinib,TE9_OESOPHAGUS,0.6579656600952148,0.5770505064677808,2,X_scGPT,mil,0.5,43
dasatinib,TM31_CENTRAL_NERVOUS_SYSTEM,0.6633169651031494,0.5541081675167742,2,X_scGPT,mil,0.5,43
dasatinib,TOV112D_OVARY,0.8191222548484802,0.6626034929202154,2,X_scGPT,mil,0.5,43
dasatinib,UACC257_SKIN,0.8085629940032959,0.9180652860817051,1,X_scGPT,mil,0.5,43
dasatinib,UMUC1_URINARY_TRACT,1.0552480220794678,0.5289170903905394,1,X_scGPT,mil,0.5,43
dasatinib,VMCUB1_URINARY_TRACT,0.5278096199035645,0.5878224227593035,4,X_scGPT,mil,0.5,43
dasatinib,VMRCRCZ_KIDNEY,0.5612185001373291,0.641238182981809,2,X_scGPT,mil,0.5,43
dasatinib,YD38_UPPER_AERODIGESTIVE_TRACT,0.4801526963710785,0.5637297424941491,4,X_scGPT,mil,0.5,43
dasatinib,ZR751_BREAST,0.931337296962738,0.9431306152667814,1,X_scGPT,mil,0.5,43
crizotinib,42MGBA_CENTRAL_NERVOUS_SYSTEM,0.8139702081680298,0.7990824781559609,4,X_scGPT,mil,0.5,43
crizotinib,8305C_THYROID,0.7761738300323486,0.7887068250600029,4,X_scGPT,mil,0.5,43
crizotinib,A204_SOFT_TISSUE,0.8393369317054749,0.7857899703979492,4,X_scGPT,mil,0.5,43
crizotinib,A2058_SKIN,0.7947903275489807,0.8376892863893185,5,X_scGPT,mil,0.5,43
crizotinib,A375_SKIN,0.78465735912323,0.8569331201292814,3,X_scGPT,mil,0.5,43
crizotinib,ACCMESO1_PLEURA,0.8302913904190063,0.8162706718768602,2,X_scGPT,mil,0.5,43
crizotinib,ASPC1_PANCREAS,0.8185564279556274,0.7531323011579185,4,X_scGPT,mil,0.5,43
crizotinib,BCPAP_THYROID,0.7649052143096924,0.7725821251147672,4,X_scGPT,mil,0.5,43
crizotinib,BFTC909_KIDNEY,0.9795162081718445,0.7439965810184428,5,X_scGPT,mil,0.5,43
crizotinib,BHY_UPPER_AERODIGESTIVE_TRACT,0.7836951017379761,0.8283167144347882,3,X_scGPT,mil,0.5,43
crizotinib,BICR16_UPPER_AERODIGESTIVE_TRACT,0.7850052714347839,0.7610939264578639,5,X_scGPT,mil,0.5,43
crizotinib,BICR31_UPPER_AERODIGESTIVE_TRACT,0.819883406162262,0.8163434675624294,3,X_scGPT,mil,0.5,43
crizotinib,BICR56_UPPER_AERODIGESTIVE_TRACT,0.9423783421516418,0.7960354766727965,3,X_scGPT,mil,0.5,43
crizotinib,BICR6_UPPER_AERODIGESTIVE_TRACT,0.8377566933631897,0.7899294294469006,5,X_scGPT,mil,0.5,43
crizotinib,BT474_BREAST,0.8649948835372925,0.8136215085983276,4,X_scGPT,mil,0.5,43
crizotinib,BT549_BREAST,0.9203373193740845,0.8361182035808277,1,X_scGPT,mil,0.5,43
crizotinib,CAKI2_KIDNEY,0.9734227657318115,0.7717538900512586,4,X_scGPT,mil,0.5,43
crizotinib,CALU6_LUNG,0.8141430020332336,0.8287151839381964,3,X_scGPT,mil,0.5,43
crizotinib,CAMA1_BREAST,0.8536314964294434,0.8571212584620079,3,X_scGPT,mil,0.5,43
crizotinib,CCFSTTG1_CENTRAL_NERVOUS_SYSTEM,0.9254195690155029,0.7211720106320653,5,X_scGPT,mil,0.5,43
crizotinib,COLO792_SKIN,0.7007670998573303,0.8292108402480939,2,X_scGPT,mil,0.5,43
crizotinib,COV434_OVARY,0.7016214728355408,0.7589193419976668,4,X_scGPT,mil,0.5,43
crizotinib,DETROIT562_UPPER_AERODIGESTIVE_TRACT,0.715034544467926,0.749475908425688,2,X_scGPT,mil,0.5,43
crizotinib,DKMG_CENTRAL_NERVOUS_SYSTEM,0.7298175096511841,0.7367205328387088,5,X_scGPT,mil,0.5,43
crizotinib,EBC1_LUNG,0.39158496260643005,0.8109530031040151,3,X_scGPT,mil,0.5,43
crizotinib,EFE184_ENDOMETRIUM,0.8450548648834229,0.7896100192569023,4,X_scGPT,mil,0.5,43
crizotinib,EFM192A_BREAST,0.8649764657020569,0.7523918945689101,5,X_scGPT,mil,0.5,43
crizotinib,EKVX_LUNG,0.7739625573158264,0.8350291378694038,2,X_scGPT,mil,0.5,43
crizotinib,FTC133_THYROID,0.9462858438491821,0.8688836723566056,3,X_scGPT,mil,0.5,43
crizotinib,GOS3_CENTRAL_NERVOUS_SYSTEM,0.7839654088020325,0.7890800172121737,2,X_scGPT,mil,0.5,43
crizotinib,HCC1428_BREAST,0.9103943109512329,0.8680904089935183,5,X_scGPT,mil,0.5,43
crizotinib,HCC366_LUNG,0.7986536026000977,0.8113416597099588,5,X_scGPT,mil,0.5,43
crizotinib,HCC38_BREAST,0.9739012718200684,0.8710057723522187,5,X_scGPT,mil,0.5,43
crizotinib,HCC56_LARGE_INTESTINE,0.770784854888916,0.7942575607636962,3,X_scGPT,mil,0.5,43
crizotinib,HDQP1_BREAST,0.8876451253890991,0.8341465713456273,3,X_scGPT,mil,0.5,43
crizotinib,HEC151_ENDOMETRIUM,0.8343287706375122,0.770901558637619,4,X_scGPT,mil,0.5,43
crizotinib,HEC251_ENDOMETRIUM,0.7653045058250427,0.8307330224001519,3,X_scGPT,mil,0.5,43
crizotinib,HEC6_ENDOMETRIUM,0.8107236623764038,0.8075786329204251,1,X_scGPT,mil,0.5,43
crizotinib,HEP3B217_LIVER,0.7867912650108337,0.7619231171527151,2,X_scGPT,mil,0.5,43
crizotinib,HMC18_BREAST,0.6356581449508667,0.8507111239351917,2,X_scGPT,mil,0.5,43
crizotinib,HOS_BONE,0.8387298583984375,0.7264896805237516,4,X_scGPT,mil,0.5,43
crizotinib,HS852T_SKIN,0.7291908264160156,0.8950159597544023,3,X_scGPT,mil,0.5,43
crizotinib,HT1080_SOFT_TISSUE,0.8266996145248413,0.8315897221828616,5,X_scGPT,mil,0.5,43
crizotinib,HT1197_URINARY_TRACT,0.7681593298912048,0.7748430403503211,4,X_scGPT,mil,0.5,43
crizotinib,HT55_LARGE_INTESTINE,0.7315347790718079,0.7971565364661375,1,X_scGPT,mil,0.5,43
crizotinib,HUH28_BILIARY_TRACT,0.7656625509262085,0.7811183826528865,2,X_scGPT,mil,0.5,43
crizotinib,HUH6_LIVER,0.7224849462509155,0.77646353946635,4,X_scGPT,mil,0.5,43
crizotinib,HUPT3_PANCREAS,0.8537005186080933,0.7828658994506387,5,X_scGPT,mil,0.5,43
crizotinib,HUPT4_PANCREAS,0.6761891841888428,0.6978847081107753,5,X_scGPT,mil,0.5,43
crizotinib,IALM_LUNG,0.9222790002822876,0.7814348521439926,4,X_scGPT,mil,0.5,43
crizotinib,IGR1_SKIN,0.7101178765296936,0.8318037982644706,5,X_scGPT,mil,0.5,43
crizotinib,IGR37_SKIN,0.8298388123512268,0.8549963211807119,2,X_scGPT,mil,0.5,43
crizotinib,IM95_STOMACH,0.48041847348213196,0.7628195147256593,4,X_scGPT,mil,0.5,43
crizotinib,JHH6_LIVER,0.9490818977355957,0.8457407395816544,3,X_scGPT,mil,0.5,43
crizotinib,JHOC5_OVARY,0.798740029335022,0.8659999682985503,5,X_scGPT,mil,0.5,43
crizotinib,KALS1_CENTRAL_NERVOUS_SYSTEM,0.7681830525398254,0.7804033282316394,2,X_scGPT,mil,0.5,43
crizotinib,KMRC3_KIDNEY,0.8218774795532227,0.8028251258694395,1,X_scGPT,mil,0.5,43
crizotinib,KPL1_BREAST,0.7377769947052002,0.8512818204319995,3,X_scGPT,mil,0.5,43
crizotinib,KPNSI9S_AUTONOMIC_GANGLIA,0.6164638996124268,0.8241562478302061,5,X_scGPT,mil,0.5,43
crizotinib,KYSE520_OESOPHAGUS,0.886725902557373,0.755369250803909,2,X_scGPT,mil,0.5,43
crizotinib,LI7_LIVER,0.7944248914718628,0.7895812130704218,4,X_scGPT,mil,0.5,43
crizotinib,LMSU_STOMACH,0.8106106519699097,0.7791860428510927,2,X_scGPT,mil,0.5,43
crizotinib,LNCAPCLONEFGC_PROSTATE,0.8331871032714844,0.8326270829799564,2,X_scGPT,mil,0.5,43
crizotinib,LS1034_LARGE_INTESTINE,0.9201149940490723,0.788810036362034,4,X_scGPT,mil,0.5,43
crizotinib,LS180_LARGE_INTESTINE,0.7338624000549316,0.7883874516407869,3,X_scGPT,mil,0.5,43
crizotinib,MCF7_BREAST,0.6917808055877686,0.8427835361107247,1,X_scGPT,mil,0.5,43
crizotinib,MDAMB361_BREAST,0.8671998977661133,0.8557006076530174,1,X_scGPT,mil,0.5,43
crizotinib,MFE319_ENDOMETRIUM,0.9220579266548157,0.8383719693303733,2,X_scGPT,mil,0.5,43
crizotinib,MKN45_STOMACH,0.7614232897758484,0.7929766354924541,1,X_scGPT,mil,0.5,43
crizotinib,MKN7_STOMACH,0.9172181487083435,0.7656271382588749,5,X_scGPT,mil,0.5,43
crizotinib,MSTO211H_PLEURA,0.6890996694564819,0.8266585694017635,1,X_scGPT,mil,0.5,43
crizotinib,NCIH1299_LUNG,0.8208708167076111,0.8408770072326232,2,X_scGPT,mil,0.5,43
crizotinib,NCIH1373_LUNG,0.7635274529457092,0.8125924973226175,3,X_scGPT,mil,0.5,43
crizotinib,NCIH1435_LUNG,0.6551457047462463,0.8091436204838842,3,X_scGPT,mil,0.5,43
crizotinib,NCIH1792_LUNG,0.762959897518158,0.7624820078815426,4,X_scGPT,mil,0.5,43
crizotinib,NCIH1944_LUNG,0.7629688382148743,0.808193590330041,2,X_scGPT,mil,0.5,43
crizotinib,NCIH2087_LUNG,0.6425086259841919,0.7058305246372746,5,X_scGPT,mil,0.5,43
crizotinib,NCIH2110_LUNG,0.7911942601203918,0.8348231109542463,1,X_scGPT,mil,0.5,43
crizotinib,NCIH2126_LUNG,0.744774580001831,0.7874015461314808,4,X_scGPT,mil,0.5,43
crizotinib,NCIH2170_LUNG,0.8758640289306641,0.7652857232261712,4,X_scGPT,mil,0.5,43
crizotinib,NCIH2228_LUNG,0.5101353526115417,0.8476766687323027,3,X_scGPT,mil,0.5,43
crizotinib,NCIH226_LUNG,0.6726114153862,0.825323648909305,1,X_scGPT,mil,0.5,43
crizotinib,NCIH2444_LUNG,0.7086521983146667,0.8487609021271332,3,X_scGPT,mil,0.5,43
crizotinib,NCIH2452_PLEURA,0.7278137803077698,0.8297295743204847,3,X_scGPT,mil,0.5,43
crizotinib,NCIH292_LUNG,0.71616530418396,0.8049167629698633,3,X_scGPT,mil,0.5,43
crizotinib,NCIH358_LUNG,0.6348621845245361,0.8192203479508559,1,X_scGPT,mil,0.5,43
crizotinib,NCIH446_LUNG,0.6834266185760498,0.8426207103291337,3,X_scGPT,mil,0.5,43
crizotinib,NCIH460_LUNG,0.7870017886161804,0.8231057434241547,3,X_scGPT,mil,0.5,43
crizotinib,NCIH522_LUNG,0.848747193813324,0.8019937669428495,2,X_scGPT,mil,0.5,43
crizotinib,NCIH650_LUNG,0.7383224368095398,0.8570130850116265,5,X_scGPT,mil,0.5,43
crizotinib,NCIH747_LARGE_INTESTINE,0.7999517321586609,0.7780798517167569,5,X_scGPT,mil,0.5,43
crizotinib,OAW28_OVARY,0.7563913464546204,0.7311720385314515,5,X_scGPT,mil,0.5,43
crizotinib,ONCODG1_OVARY,0.7706544399261475,0.7803637760656851,2,X_scGPT,mil,0.5,43
crizotinib,OSRC2_KIDNEY,0.7447955012321472,0.869289135176038,3,X_scGPT,mil,0.5,43
crizotinib,OUMS23_LARGE_INTESTINE,0.8125985264778137,0.7075834321641477,5,X_scGPT,mil,0.5,43
crizotinib,OVCAR4_OVARY,0.8246361017227173,0.7942230223345672,1,X_scGPT,mil,0.5,43
crizotinib,OVK18_OVARY,0.7580012083053589,0.8271950342681971,5,X_scGPT,mil,0.5,43
crizotinib,OVSAHO_OVARY,0.802704930305481,0.8554207813897322,2,X_scGPT,mil,0.5,43
crizotinib,OVTOKO_OVARY,0.8386441469192505,0.7907570780179147,2,X_scGPT,mil,0.5,43
crizotinib,PANC0203_PANCREAS,0.8092637658119202,0.7947539920392244,3,X_scGPT,mil,0.5,43
crizotinib,PATU8988S_PANCREAS,0.7223840951919556,0.7664405466591726,2,X_scGPT,mil,0.5,43
crizotinib,PC3_PROSTATE,0.9259976744651794,0.8155064124327439,1,X_scGPT,mil,0.5,43
crizotinib,PECAPJ49_UPPER_AERODIGESTIVE_TRACT,0.7474130392074585,0.8441971797164124,1,X_scGPT,mil,0.5,43
crizotinib,PK45H_PANCREAS,0.8750272989273071,0.7676179895101878,4,X_scGPT,mil,0.5,43
crizotinib,PK59_PANCREAS,0.7208161354064941,0.7526738833764504,5,X_scGPT,mil,0.5,43
crizotinib,RCC10RGB_KIDNEY,0.8550746440887451,0.839666876925931,5,X_scGPT,mil,0.5,43
crizotinib,RCM1_LARGE_INTESTINE,0.9028158187866211,0.786017200909555,3,X_scGPT,mil,0.5,43
crizotinib,RD_SOFT_TISSUE,0.7103429436683655,0.8301043770779138,1,X_scGPT,mil,0.5,43
crizotinib,RERFLCAD1_LUNG,0.8617494702339172,0.7591175928773213,5,X_scGPT,mil,0.5,43
crizotinib,RERFLCAI_LUNG,0.767627477645874,0.7775566977098447,5,X_scGPT,mil,0.5,43
crizotinib,RT4_URINARY_TRACT,0.7829967141151428,0.6366958412921654,5,X_scGPT,mil,0.5,43
crizotinib,RVH421_SKIN,0.7584820985794067,0.7988803708403679,4,X_scGPT,mil,0.5,43
crizotinib,SCC25_UPPER_AERODIGESTIVE_TRACT,0.748374879360199,0.6734444497024562,2,X_scGPT,mil,0.5,43
crizotinib,SCC9_UPPER_AERODIGESTIVE_TRACT,0.8461494445800781,0.7624316645923414,2,X_scGPT,mil,0.5,43
crizotinib,SH10TC_STOMACH,0.8429513573646545,0.7963583518636872,5,X_scGPT,mil,0.5,43
crizotinib,SKES1_BONE,0.6841046810150146,0.794259773505913,2,X_scGPT,mil,0.5,43
crizotinib,SKMEL2_SKIN,0.9290096163749695,0.8649767993584924,1,X_scGPT,mil,0.5,43
crizotinib,SKMEL30_SKIN,0.8163827061653137,0.8241508890143873,1,X_scGPT,mil,0.5,43
crizotinib,SKMEL5_SKIN,0.8229323029518127,0.7606835491729506,4,X_scGPT,mil,0.5,43
crizotinib,SNU1079_BILIARY_TRACT,0.7359034419059753,0.8359310684138781,1,X_scGPT,mil,0.5,43
crizotinib,SNU1214_UPPER_AERODIGESTIVE_TRACT,0.7623101472854614,0.8513161064462459,1,X_scGPT,mil,0.5,43
crizotinib,SNU308_BILIARY_TRACT,0.8218324184417725,0.844691237870683,1,X_scGPT,mil,0.5,43
crizotinib,SNU423_LIVER,0.783464252948761,0.7562612272658438,4,X_scGPT,mil,0.5,43
crizotinib,SNU449_LIVER,0.9006894826889038,0.8489414705029616,3,X_scGPT,mil,0.5,43
crizotinib,SNU46_UPPER_AERODIGESTIVE_TRACT,0.7758119106292725,0.7573628650378372,4,X_scGPT,mil,0.5,43
crizotinib,SNU899_UPPER_AERODIGESTIVE_TRACT,0.7911052107810974,0.7519001953573112,2,X_scGPT,mil,0.5,43
crizotinib,SNUC4_LARGE_INTESTINE,0.901703953742981,0.7941616856566843,5,X_scGPT,mil,0.5,43
crizotinib,SQ1_LUNG,0.9046451449394226,0.8320340604341331,3,X_scGPT,mil,0.5,43
crizotinib,SU8686_PANCREAS,0.7019903659820557,0.7733328843989024,1,X_scGPT,mil,0.5,43
crizotinib,SW1088_CENTRAL_NERVOUS_SYSTEM,0.7814385294914246,0.8131121997721493,4,X_scGPT,mil,0.5,43
crizotinib,SW1271_LUNG,0.649318277835846,0.8130469057870948,1,X_scGPT,mil,0.5,43
crizotinib,SW1990_PANCREAS,0.8054224252700806,0.7651942175257866,5,X_scGPT,mil,0.5,43
crizotinib,SW579_THYROID,0.7491196393966675,0.8490219305737228,3,X_scGPT,mil,0.5,43
crizotinib,T47D_BREAST,0.8559684753417969,0.8657801242975088,1,X_scGPT,mil,0.5,43
crizotinib,TCCSUP_URINARY_TRACT,0.7408864498138428,0.8646533651442467,3,X_scGPT,mil,0.5,43
crizotinib,TE10_OESOPHAGUS,0.7655495405197144,0.7724890213578803,4,X_scGPT,mil,0.5,43
crizotinib,TE14_OESOPHAGUS,0.796092689037323,0.8450034275839601,1,X_scGPT,mil,0.5,43
crizotinib,TE1_OESOPHAGUS,0.7848196029663086,0.78009954905047,4,X_scGPT,mil,0.5,43
crizotinib,TE6_OESOPHAGUS,0.7126893401145935,0.7434327048528433,2,X_scGPT,mil,0.5,43
crizotinib,TE9_OESOPHAGUS,0.7622002363204956,0.7622639267675339,2,X_scGPT,mil,0.5,43
crizotinib,TM31_CENTRAL_NERVOUS_SYSTEM,0.8138183355331421,0.7771830250476969,2,X_scGPT,mil,0.5,43
crizotinib,TOV112D_OVARY,0.8564976453781128,0.8193053282224215,2,X_scGPT,mil,0.5,43
crizotinib,UACC257_SKIN,0.7934483289718628,0.833252260625113,1,X_scGPT,mil,0.5,43
crizotinib,UMUC1_URINARY_TRACT,0.6938395500183105,0.8326515204410263,1,X_scGPT,mil,0.5,43
crizotinib,VMCUB1_URINARY_TRACT,0.7650052905082703,0.7752596537687788,4,X_scGPT,mil,0.5,43
crizotinib,VMRCRCZ_KIDNEY,0.941386878490448,0.8063756384452184,2,X_scGPT,mil,0.5,43
crizotinib,YD38_UPPER_AERODIGESTIVE_TRACT,0.755638837814331,0.7644803982514602,4,X_scGPT,mil,0.5,43
crizotinib,ZR751_BREAST,0.7918342351913452,0.8458311679293808,1,X_scGPT,mil,0.5,43
afatinib,42MGBA_CENTRAL_NERVOUS_SYSTEM,0.7805805802345276,0.8466968611170427,4,X_scGPT,mil,0.5,43
afatinib,8305C_THYROID,0.6998212933540344,0.7842244015020483,4,X_scGPT,mil,0.5,43
afatinib,A204_SOFT_TISSUE,0.5940747857093811,0.8248653666973114,4,X_scGPT,mil,0.5,43
afatinib,A2058_SKIN,0.8065868616104126,0.7763764428443649,5,X_scGPT,mil,0.5,43
afatinib,A375_SKIN,0.8633260726928711,0.7157776817101451,3,X_scGPT,mil,0.5,43
afatinib,ACCMESO1_PLEURA,0.8422542214393616,0.7649434948409045,2,X_scGPT,mil,0.5,43
afatinib,ASPC1_PANCREAS,0.7379075288772583,0.7043825556491984,4,X_scGPT,mil,0.5,43
afatinib,BCPAP_THYROID,0.8028123378753662,0.782985296296446,4,X_scGPT,mil,0.5,43
afatinib,BFTC909_KIDNEY,0.7964379191398621,0.8028649494327152,5,X_scGPT,mil,0.5,43
afatinib,BHY_UPPER_AERODIGESTIVE_TRACT,0.4559202492237091,0.595202761066371,3,X_scGPT,mil,0.5,43
afatinib,BICR16_UPPER_AERODIGESTIVE_TRACT,0.6293012499809265,0.5439116469812844,5,X_scGPT,mil,0.5,43
afatinib,BICR31_UPPER_AERODIGESTIVE_TRACT,0.4663466513156891,0.5571075421908209,3,X_scGPT,mil,0.5,43
afatinib,BICR56_UPPER_AERODIGESTIVE_TRACT,0.4118909239768982,0.4492211676674125,3,X_scGPT,mil,0.5,43
afatinib,BICR6_UPPER_AERODIGESTIVE_TRACT,0.6503934264183044,0.5294730684140345,5,X_scGPT,mil,0.5,43
afatinib,BT474_BREAST,0.4684928059577942,0.6907518067359925,4,X_scGPT,mil,0.5,43
afatinib,BT549_BREAST,0.8341000080108643,0.8488672702832329,1,X_scGPT,mil,0.5,43
afatinib,CAKI2_KIDNEY,0.7030969262123108,0.7114999214951083,4,X_scGPT,mil,0.5,43
afatinib,CALU6_LUNG,0.8139838576316833,0.7032654352428377,3,X_scGPT,mil,0.5,43
afatinib,CAMA1_BREAST,0.9158909320831299,0.6700579075469184,3,X_scGPT,mil,0.5,43
afatinib,CAS1_CENTRAL_NERVOUS_SYSTEM,0.791459321975708,0.8714639773046163,1,X_scGPT,mil,0.5,43
afatinib,CCFSTTG1_CENTRAL_NERVOUS_SYSTEM,0.9214351773262024,0.7727084460297251,5,X_scGPT,mil,0.5,43
afatinib,COLO792_SKIN,0.6935831308364868,0.7521211859044994,2,X_scGPT,mil,0.5,43
afatinib,COV434_OVARY,0.7342209815979004,0.8369538242166693,4,X_scGPT,mil,0.5,43
afatinib,DETROIT562_UPPER_AERODIGESTIVE_TRACT,0.6405941247940063,0.5254562656206587,2,X_scGPT,mil,0.5,43
afatinib,DKMG_CENTRAL_NERVOUS_SYSTEM,0.7595983147621155,0.8039907329196859,5,X_scGPT,mil,0.5,43
afatinib,EBC1_LUNG,0.7244137525558472,0.6708682797929292,3,X_scGPT,mil,0.5,43
afatinib,EFE184_ENDOMETRIUM,0.6966208815574646,0.6916717782963154,4,X_scGPT,mil,0.5,43
afatinib,EKVX_LUNG,0.5110589861869812,0.7002699068964344,2,X_scGPT,mil,0.5,43
afatinib,FTC133_THYROID,0.9659737944602966,0.7571430712938308,3,X_scGPT,mil,0.5,43
afatinib,GOS3_CENTRAL_NERVOUS_SYSTEM,0.7528745532035828,0.7681996969028293,2,X_scGPT,mil,0.5,43
afatinib,HCC1428_BREAST,0.7840307950973511,0.6881015875677424,5,X_scGPT,mil,0.5,43
afatinib,HCC366_LUNG,0.6473970413208008,0.6685952570768866,5,X_scGPT,mil,0.5,43
afatinib,HCC38_BREAST,0.8087549209594727,0.6605897098779678,5,X_scGPT,mil,0.5,43
afatinib,HCC56_LARGE_INTESTINE,0.7090833187103271,0.6362671668481346,3,X_scGPT,mil,0.5,43
afatinib,HDQP1_BREAST,0.6334633827209473,0.6777044907212257,3,X_scGPT,mil,0.5,43
afatinib,HEC151_ENDOMETRIUM,0.6328490376472473,0.7116467273235321,4,X_scGPT,mil,0.5,43
afatinib,HEC251_ENDOMETRIUM,0.6270521283149719,0.6604723451293517,3,X_scGPT,mil,0.5,43
afatinib,HEC6_ENDOMETRIUM,0.7746643424034119,0.7540268087238999,1,X_scGPT,mil,0.5,43
afatinib,HEP3B217_LIVER,0.8157367706298828,0.7297673205197868,2,X_scGPT,mil,0.5,43
afatinib,HMC18_BREAST,0.7475526928901672,0.7759695805787227,2,X_scGPT,mil,0.5,43
afatinib,HOS_BONE,0.8421018123626709,0.7324376260127032,4,X_scGPT,mil,0.5,43
afatinib,HS852T_SKIN,0.6320256590843201,0.7762865946616655,3,X_scGPT,mil,0.5,43
afatinib,HT1080_SOFT_TISSUE,0.8211916089057922,0.7578611340402632,5,X_scGPT,mil,0.5,43
afatinib,HT1197_URINARY_TRACT,0.8161650896072388,0.6768556003634995,4,X_scGPT,mil,0.5,43
afatinib,HT55_LARGE_INTESTINE,0.5103926062583923,0.7404640777416139,1,X_scGPT,mil,0.5,43
afatinib,HUH28_BILIARY_TRACT,0.7897136211395264,0.79454048417455,2,X_scGPT,mil,0.5,43
afatinib,HUPT3_PANCREAS,0.783348023891449,0.5805617932449368,5,X_scGPT,mil,0.5,43
afatinib,HUPT4_PANCREAS,0.4378226399421692,0.6337441221943924,5,X_scGPT,mil,0.5,43
afatinib,IALM_LUNG,0.7290401458740234,0.7377768007124433,4,X_scGPT,mil,0.5,43
afatinib,IGR1_SKIN,0.7011265158653259,0.7229907030483772,5,X_scGPT,mil,0.5,43
afatinib,IGR37_SKIN,0.7625454068183899,0.7049055443029926,2,X_scGPT,mil,0.5,43
afatinib,IM95_STOMACH,0.5054170489311218,0.6665612600945138,4,X_scGPT,mil,0.5,43
afatinib,JHH6_LIVER,0.9654181599617004,0.7088831165461864,3,X_scGPT,mil,0.5,43
afatinib,JHOC5_OVARY,0.5951809287071228,0.6239936750510643,5,X_scGPT,mil,0.5,43
afatinib,KALS1_CENTRAL_NERVOUS_SYSTEM,0.8067023158073425,0.7842616095311112,2,X_scGPT,mil,0.5,43
afatinib,KMRC3_KIDNEY,0.6892002820968628,0.7746347432233849,1,X_scGPT,mil,0.5,43
afatinib,KNS42_CENTRAL_NERVOUS_SYSTEM,0.7642861008644104,0.7761036330877349,4,X_scGPT,mil,0.5,43
afatinib,KPL1_BREAST,0.8543511033058167,0.7287095024965812,3,X_scGPT,mil,0.5,43
afatinib,KPNSI9S_AUTONOMIC_GANGLIA,0.7285537719726562,0.7760445563368095,5,X_scGPT,mil,0.5,43
afatinib,KYSE520_OESOPHAGUS,0.6173625588417053,0.6061730788034552,2,X_scGPT,mil,0.5,43
afatinib,LMSU_STOMACH,0.8196011185646057,0.7572969862059051,2,X_scGPT,mil,0.5,43
afatinib,LNCAPCLONEFGC_PROSTATE,0.7637406587600708,0.779793823874274,2,X_scGPT,mil,0.5,43
afatinib,LS1034_LARGE_INTESTINE,0.7626612186431885,0.6789848914701645,4,X_scGPT,mil,0.5,43
afatinib,LS180_LARGE_INTESTINE,0.6832981109619141,0.6080336145581962,3,X_scGPT,mil,0.5,43
afatinib,MCF7_BREAST,0.7744331359863281,0.7488590795677025,1,X_scGPT,mil,0.5,43
afatinib,MDAMB361_BREAST,0.5245832800865173,0.7880300685211464,1,X_scGPT,mil,0.5,43
afatinib,MFE319_ENDOMETRIUM,0.7174853086471558,0.7038899382371553,2,X_scGPT,mil,0.5,43
afatinib,MKN45_STOMACH,1.0346405506134033,0.6757835927656142,1,X_scGPT,mil,0.5,43
afatinib,MKN7_STOMACH,0.6611157655715942,0.7063367352929226,5,X_scGPT,mil,0.5,43
afatinib,NCIH1299_LUNG,0.7286441922187805,0.7372136337033818,2,X_scGPT,mil,0.5,43
afatinib,NCIH1373_LUNG,0.7528212070465088,0.6850799845486153,3,X_scGPT,mil,0.5,43
afatinib,NCIH1435_LUNG,0.4933393597602844,0.6558200220266978,3,X_scGPT,mil,0.5,43
afatinib,NCIH1792_LUNG,0.7517090439796448,0.7800974056527421,4,X_scGPT,mil,0.5,43
afatinib,NCIH1944_LUNG,0.679461658000946,0.7052774069389859,2,X_scGPT,mil,0.5,43
afatinib,NCIH2087_LUNG,0.6109737753868103,0.6145213133396079,5,X_scGPT,mil,0.5,43
afatinib,NCIH2110_LUNG,0.6842941641807556,0.6746671182576136,1,X_scGPT,mil,0.5,43
afatinib,NCIH2126_LUNG,0.6765623688697815,0.6618387213710583,4,X_scGPT,mil,0.5,43
afatinib,NCIH2170_LUNG,0.4427151679992676,0.7068723012024248,4,X_scGPT,mil,0.5,43
afatinib,NCIH2228_LUNG,0.7076731324195862,0.7504352422923418,3,X_scGPT,mil,0.5,43
afatinib,NCIH2444_LUNG,0.8108291625976562,0.7784436148933217,3,X_scGPT,mil,0.5,43
afatinib,NCIH2452_PLEURA,0.6361785531044006,0.827269274505984,3,X_scGPT,mil,0.5,43
afatinib,NCIH292_LUNG,0.5946270227432251,0.618834355207676,3,X_scGPT,mil,0.5,43
afatinib,NCIH358_LUNG,0.4591236710548401,0.7086679403270993,1,X_scGPT,mil,0.5,43
afatinib,NCIH460_LUNG,0.9436857104301453,0.6890903469909476,3,X_scGPT,mil,0.5,43
afatinib,NCIH522_LUNG,0.6254833936691284,0.7963620229409292,2,X_scGPT,mil,0.5,43
afatinib,NCIH650_LUNG,0.7707546949386597,0.7000471384322952,5,X_scGPT,mil,0.5,43
afatinib,NCIH747_LARGE_INTESTINE,0.5129129886627197,0.5308784253895282,5,X_scGPT,mil,0.5,43
afatinib,OAW28_OVARY,0.6439366340637207,0.6736686881284536,5,X_scGPT,mil,0.5,43
afatinib,ONCODG1_OVARY,0.5372920036315918,0.6853381130430434,2,X_scGPT,mil,0.5,43
afatinib,OSRC2_KIDNEY,0.7482349872589111,0.7761599747907548,3,X_scGPT,mil,0.5,43
afatinib,OUMS23_LARGE_INTESTINE,0.8016155362129211,0.7682269393840683,5,X_scGPT,mil,0.5,43
afatinib,OVCAR4_OVARY,0.6153212785720825,0.7182016109409265,1,X_scGPT,mil,0.5,43
afatinib,OVSAHO_OVARY,0.7032063603401184,0.7063206418495346,2,X_scGPT,mil,0.5,43
afatinib,OVTOKO_OVARY,0.6644402742385864,0.6725964751540189,2,X_scGPT,mil,0.5,43
afatinib,PANC0203_PANCREAS,0.8054366111755371,0.6007367835450078,3,X_scGPT,mil,0.5,43
afatinib,PATU8988S_PANCREAS,0.701394259929657,0.6347406726391589,2,X_scGPT,mil,0.5,43
afatinib,PC3_PROSTATE,0.820152997970581,0.8157747165691218,1,X_scGPT,mil,0.5,43
afatinib,PECAPJ49_UPPER_AERODIGESTIVE_TRACT,0.5759092569351196,0.5111796109393092,1,X_scGPT,mil,0.5,43
afatinib,PK45H_PANCREAS,0.7739125490188599,0.7447430150535274,4,X_scGPT,mil,0.5,43
afatinib,PK59_PANCREAS,0.7128807306289673,0.7089237779721447,5,X_scGPT,mil,0.5,43
afatinib,RCC10RGB_KIDNEY,0.7773939967155457,0.68179478026255,5,X_scGPT,mil,0.5,43
afatinib,RCM1_LARGE_INTESTINE,0.7846431136131287,0.6209814618341625,3,X_scGPT,mil,0.5,43
afatinib,RD_SOFT_TISSUE,0.6733316779136658,0.8406036117067739,1,X_scGPT,mil,0.5,43
afatinib,RERFLCAD1_LUNG,0.8449095487594604,0.7592257120236447,5,X_scGPT,mil,0.5,43
afatinib,RERFLCAI_LUNG,0.7837137579917908,0.7214684583647066,5,X_scGPT,mil,0.5,43
afatinib,RT4_URINARY_TRACT,0.5986748933792114,0.5695716257927552,5,X_scGPT,mil,0.5,43
afatinib,RVH421_SKIN,0.7147262692451477,0.8206125153657283,4,X_scGPT,mil,0.5,43
afatinib,SCC25_UPPER_AERODIGESTIVE_TRACT,0.27695798873901367,0.4795704380772958,2,X_scGPT,mil,0.5,43
afatinib,SCC9_UPPER_AERODIGESTIVE_TRACT,0.5204415917396545,0.7174169320809214,2,X_scGPT,mil,0.5,43
afatinib,SH10TC_STOMACH,0.8171871304512024,0.781173002176475,5,X_scGPT,mil,0.5,43
afatinib,SKES1_BONE,0.7776396870613098,0.8197660465816875,2,X_scGPT,mil,0.5,43
afatinib,SKMEL2_SKIN,0.6926764845848083,0.808879514751227,1,X_scGPT,mil,0.5,43
afatinib,SKNAS_AUTONOMIC_GANGLIA,0.7450849413871765,0.8223582337387895,2,X_scGPT,mil,0.5,43
afatinib,SNU1079_BILIARY_TRACT,0.30016279220581055,0.7511890514256203,1,X_scGPT,mil,0.5,43
afatinib,SNU308_BILIARY_TRACT,0.6170322299003601,0.6374781461472206,1,X_scGPT,mil,0.5,43
afatinib,SNU449_LIVER,0.7562255859375,0.7303436068778343,3,X_scGPT,mil,0.5,43
afatinib,SNU46_UPPER_AERODIGESTIVE_TRACT,0.7070208191871643,0.6953783113572557,4,X_scGPT,mil,0.5,43
afatinib,SNU738_CENTRAL_NERVOUS_SYSTEM,0.8224183320999146,0.8080655783021671,1,X_scGPT,mil,0.5,43
afatinib,SNU899_UPPER_AERODIGESTIVE_TRACT,0.7591167092323303,0.5604203005871141,2,X_scGPT,mil,0.5,43
afatinib,SNUC4_LARGE_INTESTINE,0.6135603785514832,0.5153835389675369,5,X_scGPT,mil,0.5,43
afatinib,SQ1_LUNG,0.5652294158935547,0.7237422055556995,3,X_scGPT,mil,0.5,43
afatinib,SW1088_CENTRAL_NERVOUS_SYSTEM,0.7634608745574951,0.8392958040349185,4,X_scGPT,mil,0.5,43
afatinib,SW1271_LUNG,0.7113705277442932,0.8045518958050272,1,X_scGPT,mil,0.5,43
afatinib,SW1990_PANCREAS,0.713200032711029,0.7459533858182764,5,X_scGPT,mil,0.5,43
afatinib,SW579_THYROID,0.7006264328956604,0.8542365071960308,3,X_scGPT,mil,0.5,43
afatinib,T47D_BREAST,0.7524663805961609,0.761129457756405,1,X_scGPT,mil,0.5,43
afatinib,TCCSUP_URINARY_TRACT,0.7976297736167908,0.7986249129606199,3,X_scGPT,mil,0.5,43
afatinib,TE10_OESOPHAGUS,0.6215711236000061,0.6458111770076839,4,X_scGPT,mil,0.5,43
afatinib,TE14_OESOPHAGUS,0.4506191611289978,0.5020346610103479,1,X_scGPT,mil,0.5,43
afatinib,TE1_OESOPHAGUS,0.7135472297668457,0.6780218947859644,4,X_scGPT,mil,0.5,43
afatinib,TE6_OESOPHAGUS,0.41391584277153015,0.5568443646015576,2,X_scGPT,mil,0.5,43
afatinib,TE9_OESOPHAGUS,0.7153798341751099,0.5537196773915521,2,X_scGPT,mil,0.5,43
afatinib,TM31_CENTRAL_NERVOUS_SYSTEM,0.7665950059890747,0.7649533943883304,2,X_scGPT,mil,0.5,43
afatinib,TOV112D_OVARY,0.8150071501731873,0.8346935617618072,2,X_scGPT,mil,0.5,43
afatinib,UACC257_SKIN,0.7827110886573792,0.782194142062295,1,X_scGPT,mil,0.5,43
afatinib,UMUC1_URINARY_TRACT,0.7934571504592896,0.5950069436567084,1,X_scGPT,mil,0.5,43
afatinib,VMCUB1_URINARY_TRACT,0.5197843313217163,0.6275518881975357,4,X_scGPT,mil,0.5,43
afatinib,VMRCRCZ_KIDNEY,0.7667264938354492,0.7340561014413833,2,X_scGPT,mil,0.5,43
afatinib,YD38_UPPER_AERODIGESTIVE_TRACT,0.32698485255241394,0.5968880800482554,4,X_scGPT,mil,0.5,43
afatinib,ZR751_BREAST,0.7331831455230713,0.826204359145612,1,X_scGPT,mil,0.5,43
doxorubicin,42MGBA_CENTRAL_NERVOUS_SYSTEM,0.5611410140991211,0.6150298278534274,4,X_scGPT,mil,0.5,44
doxorubicin,8305C_THYROID,0.5387490391731262,0.6809675342896405,4,X_scGPT,mil,0.5,44
doxorubicin,A204_SOFT_TISSUE,0.3751550614833832,0.5968230948448181,4,X_scGPT,mil,0.5,44
doxorubicin,A2058_SKIN,0.4950177073478699,0.6129142094631584,5,X_scGPT,mil,0.5,44
doxorubicin,A375_SKIN,0.5054274201393127,0.48038037706788433,3,X_scGPT,mil,0.5,44
doxorubicin,ACCMESO1_PLEURA,0.6358495950698853,0.61197946689747,2,X_scGPT,mil,0.5,44
doxorubicin,ASPC1_PANCREAS,0.7291187644004822,0.7352764826396416,4,X_scGPT,mil,0.5,44
doxorubicin,BCPAP_THYROID,0.5380156636238098,0.6643026533879732,4,X_scGPT,mil,0.5,44
doxorubicin,BFTC909_KIDNEY,0.585321843624115,0.5334018077259013,5,X_scGPT,mil,0.5,44
doxorubicin,BHY_UPPER_AERODIGESTIVE_TRACT,0.4835294783115387,0.6674419557226116,3,X_scGPT,mil,0.5,44
doxorubicin,BICR16_UPPER_AERODIGESTIVE_TRACT,0.6258533000946045,0.5742690523840347,5,X_scGPT,mil,0.5,44
doxorubicin,BICR31_UPPER_AERODIGESTIVE_TRACT,0.5435177683830261,0.618692742360215,3,X_scGPT,mil,0.5,44
doxorubicin,BICR56_UPPER_AERODIGESTIVE_TRACT,0.6303225755691528,0.5457273166120788,3,X_scGPT,mil,0.5,44
doxorubicin,BICR6_UPPER_AERODIGESTIVE_TRACT,0.5066924095153809,0.5826547106246015,5,X_scGPT,mil,0.5,44
doxorubicin,BT474_BREAST,0.7362895607948303,0.6637985916137695,4,X_scGPT,mil,0.5,44
doxorubicin,BT549_BREAST,0.5603541731834412,0.5739986272458744,1,X_scGPT,mil,0.5,44
doxorubicin,CAKI2_KIDNEY,0.8098970055580139,0.7306400393839363,4,X_scGPT,mil,0.5,44
doxorubicin,CALU6_LUNG,0.6933369636535645,0.5540912593750991,3,X_scGPT,mil,0.5,44
doxorubicin,CAMA1_BREAST,0.6567535400390625,0.6162231016609677,3,X_scGPT,mil,0.5,44
doxorubicin,CAS1_CENTRAL_NERVOUS_SYSTEM,0.4726645350456238,0.5870009255140347,1,X_scGPT,mil,0.5,44
doxorubicin,CCFSTTG1_CENTRAL_NERVOUS_SYSTEM,0.624411404132843,0.4794335537325076,5,X_scGPT,mil,0.5,44
doxorubicin,COLO741_SKIN,0.8535335659980774,0.5846267142375552,3,X_scGPT,mil,0.5,44
doxorubicin,COLO792_SKIN,0.6422173380851746,0.671597404893474,2,X_scGPT,mil,0.5,44
doxorubicin,COV434_OVARY,0.3253573477268219,0.523881137709726,4,X_scGPT,mil,0.5,44
doxorubicin,DETROIT562_UPPER_AERODIGESTIVE_TRACT,0.6028164625167847,0.5276134714392796,2,X_scGPT,mil,0.5,44
doxorubicin,DKMG_CENTRAL_NERVOUS_SYSTEM,0.5278626680374146,0.4890120546316309,5,X_scGPT,mil,0.5,44
doxorubicin,EBC1_LUNG,0.4876810908317566,0.6219602949837203,3,X_scGPT,mil,0.5,44
doxorubicin,EFE184_ENDOMETRIUM,0.8111908435821533,0.7028498372366262,4,X_scGPT,mil,0.5,44
doxorubicin,EFM192A_BREAST,0.5801385045051575,0.6088164940073684,5,X_scGPT,mil,0.5,44
doxorubicin,EKVX_LUNG,0.7006396651268005,0.6014595184832403,2,X_scGPT,mil,0.5,44
doxorubicin,FTC133_THYROID,0.54218590259552,0.596099057154996,3,X_scGPT,mil,0.5,44
doxorubicin,GOS3_CENTRAL_NERVOUS_SYSTEM,0.5780242085456848,0.542958178913406,2,X_scGPT,mil,0.5,44
doxorubicin,HCC1428_BREAST,0.6737597584724426,0.6601013358183733,5,X_scGPT,mil,0.5,44
doxorubicin,HCC366_LUNG,0.6135154962539673,0.6689096457592332,5,X_scGPT,mil,0.5,44
doxorubicin,HCC38_BREAST,0.5100096464157104,0.6431677976250648,5,X_scGPT,mil,0.5,44
doxorubicin,HCC56_LARGE_INTESTINE,0.810954749584198,0.7341808514161543,3,X_scGPT,mil,0.5,44
doxorubicin,HDQP1_BREAST,0.7888896465301514,0.6669363221153617,3,X_scGPT,mil,0.5,44
doxorubicin,HEC151_ENDOMETRIUM,0.40951746702194214,0.6851193232536316,4,X_scGPT,mil,0.5,44
doxorubicin,HEC251_ENDOMETRIUM,0.5875652432441711,0.6889146655519433,3,X_scGPT,mil,0.5,44
doxorubicin,HEC6_ENDOMETRIUM,0.5559057593345642,0.6403963687997427,1,X_scGPT,mil,0.5,44
doxorubicin,HEP3B217_LIVER,0.7229253053665161,0.6167990292532969,2,X_scGPT,mil,0.5,44
doxorubicin,HMC18_BREAST,0.4536672532558441,0.5418038323470757,2,X_scGPT,mil,0.5,44
doxorubicin,HOS_BONE,0.5812419056892395,0.6254064732279507,4,X_scGPT,mil,0.5,44
doxorubicin,HS852T_SKIN,0.440727174282074,0.5654945171173708,3,X_scGPT,mil,0.5,44
doxorubicin,HT1080_SOFT_TISSUE,0.3908422589302063,0.6448351420288863,5,X_scGPT,mil,0.5,44
doxorubicin,HT1197_URINARY_TRACT,0.5438651442527771,0.7183638778892724,4,X_scGPT,mil,0.5,44
doxorubicin,HT55_LARGE_INTESTINE,0.5889919996261597,0.7939561532007009,1,X_scGPT,mil,0.5,44
doxorubicin,HUH28_BILIARY_TRACT,0.5371938943862915,0.5697633145953254,2,X_scGPT,mil,0.5,44
doxorubicin,HUH6_LIVER,0.42507052421569824,0.6870430021949069,4,X_scGPT,mil,0.5,44
doxorubicin,HUPT3_PANCREAS,0.6856333613395691,0.6374094475279836,5,X_scGPT,mil,0.5,44
doxorubicin,HUPT4_PANCREAS,0.45965781807899475,0.6281704109694276,5,X_scGPT,mil,0.5,44
doxorubicin,IALM_LUNG,0.8397154211997986,0.6531581180806486,4,X_scGPT,mil,0.5,44
doxorubicin,IGR1_SKIN,0.5318907499313354,0.6895404932416719,5,X_scGPT,mil,0.5,44
doxorubicin,IGR37_SKIN,0.5309170484542847,0.6454984985442258,2,X_scGPT,mil,0.5,44
doxorubicin,IM95_STOMACH,0.4691832363605499,0.7073143453211398,4,X_scGPT,mil,0.5,44
doxorubicin,JHH6_LIVER,0.8701879978179932,0.5895801594535124,3,X_scGPT,mil,0.5,44
doxorubicin,JHOC5_OVARY,0.5302541851997375,0.6925600438282408,5,X_scGPT,mil,0.5,44
doxorubicin,KALS1_CENTRAL_NERVOUS_SYSTEM,0.4983648359775543,0.5488152900296781,2,X_scGPT,mil,0.5,44
doxorubicin,KMRC3_KIDNEY,0.5798169374465942,0.6717278993859583,1,X_scGPT,mil,0.5,44
doxorubicin,KNS42_CENTRAL_NERVOUS_SYSTEM,0.6755160689353943,0.6185447353609773,4,X_scGPT,mil,0.5,44
doxorubicin,KPL1_BREAST,0.8693845272064209,0.6027675380093463,3,X_scGPT,mil,0.5,44
doxorubicin,KPNSI9S_AUTONOMIC_GANGLIA,0.2994575798511505,0.5696751343649488,5,X_scGPT,mil,0.5,44
doxorubicin,KYSE520_OESOPHAGUS,0.6951316595077515,0.5555150336340854,2,X_scGPT,mil,0.5,44
doxorubicin,LI7_LIVER,0.6539109349250793,0.6517925487489117,4,X_scGPT,mil,0.5,44
doxorubicin,LMSU_STOMACH,0.6874845623970032,0.4941688646288479,2,X_scGPT,mil,0.5,44
doxorubicin,LNCAPCLONEFGC_PROSTATE,0.36991697549819946,0.6019718984300776,2,X_scGPT,mil,0.5,44
doxorubicin,LS1034_LARGE_INTESTINE,0.7185391783714294,0.6993856572941558,4,X_scGPT,mil,0.5,44
doxorubicin,LS180_LARGE_INTESTINE,0.5715101361274719,0.6761994938110711,3,X_scGPT,mil,0.5,44
doxorubicin,MCF7_BREAST,0.6808213591575623,0.6997858956977204,1,X_scGPT,mil,0.5,44
doxorubicin,MDAMB361_BREAST,0.735870361328125,0.7236260860054581,1,X_scGPT,mil,0.5,44
doxorubicin,MFE319_ENDOMETRIUM,0.6568321585655212,0.5634647113178413,2,X_scGPT,mil,0.5,44
doxorubicin,MKN45_STOMACH,0.888956606388092,0.6977471620854685,1,X_scGPT,mil,0.5,44
doxorubicin,MKN7_STOMACH,0.6380749344825745,0.5942697476509006,5,X_scGPT,mil,0.5,44
doxorubicin,MSTO211H_PLEURA,0.3753986358642578,0.6184196743098173,1,X_scGPT,mil,0.5,44
doxorubicin,NCIH1299_LUNG,0.6539729833602905,0.5870650741044948,2,X_scGPT,mil,0.5,44
doxorubicin,NCIH1373_LUNG,0.6574230790138245,0.6354030149012078,3,X_scGPT,mil,0.5,44
doxorubicin,NCIH1435_LUNG,0.5236009955406189,0.6162567973583378,3,X_scGPT,mil,0.5,44
doxorubicin,NCIH1792_LUNG,0.7039877772331238,0.6661224998869337,4,X_scGPT,mil,0.5,44
doxorubicin,NCIH1944_LUNG,0.6275695562362671,0.5954770609232538,2,X_scGPT,mil,0.5,44
doxorubicin,NCIH2087_LUNG,0.34448179602622986,0.6017316661468924,5,X_scGPT,mil,0.5,44
doxorubicin,NCIH2110_LUNG,0.3811848759651184,0.63625502173026,1,X_scGPT,mil,0.5,44
doxorubicin,NCIH2126_LUNG,0.5018039345741272,0.6915166472846811,4,X_scGPT,mil,0.5,44
doxorubicin,NCIH2170_LUNG,0.5922226309776306,0.6455775285270852,4,X_scGPT,mil,0.5,44
doxorubicin,NCIH2228_LUNG,0.44898903369903564,0.6606230993199413,3,X_scGPT,mil,0.5,44
doxorubicin,NCIH226_LUNG,0.4597177803516388,0.6100596140039728,1,X_scGPT,mil,0.5,44
doxorubicin,NCIH2444_LUNG,0.5491931438446045,0.6959834317617779,3,X_scGPT,mil,0.5,44
doxorubicin,NCIH2452_PLEURA,0.5596638917922974,0.5787061160935788,3,X_scGPT,mil,0.5,44
doxorubicin,NCIH292_LUNG,0.4165792167186737,0.5671396424792742,3,X_scGPT,mil,0.5,44
doxorubicin,NCIH358_LUNG,0.4872294068336487,0.6292499248825368,1,X_scGPT,mil,0.5,44
doxorubicin,NCIH446_LUNG,0.4856961667537689,0.28529935740694706,3,X_scGPT,mil,0.5,44
doxorubicin,NCIH460_LUNG,0.5580957531929016,0.501786728094698,3,X_scGPT,mil,0.5,44
doxorubicin,NCIH522_LUNG,0.4944220185279846,0.4386064362927125,2,X_scGPT,mil,0.5,44
doxorubicin,NCIH650_LUNG,0.5603529810905457,0.7021340936752263,5,X_scGPT,mil,0.5,44
doxorubicin,NCIH747_LARGE_INTESTINE,0.5683852434158325,0.6633627373725176,5,X_scGPT,mil,0.5,44
doxorubicin,OAW28_OVARY,0.6767528653144836,0.6375613764206075,5,X_scGPT,mil,0.5,44
doxorubicin,ONCODG1_OVARY,0.581980288028717,0.5856657838379895,2,X_scGPT,mil,0.5,44
doxorubicin,OSRC2_KIDNEY,0.6995971202850342,0.7406380758399055,3,X_scGPT,mil,0.5,44
doxorubicin,OUMS23_LARGE_INTESTINE,0.5587512850761414,0.557627113065987,5,X_scGPT,mil,0.5,44
doxorubicin,OVCAR4_OVARY,0.6055043935775757,0.6837748099552869,1,X_scGPT,mil,0.5,44
doxorubicin,OVK18_OVARY,0.2882801592350006,0.6107446522860045,5,X_scGPT,mil,0.5,44
doxorubicin,OVSAHO_OVARY,0.5728036761283875,0.5451711941395562,2,X_scGPT,mil,0.5,44
doxorubicin,OVTOKO_OVARY,0.7791611552238464,0.6409328562791268,2,X_scGPT,mil,0.5,44
doxorubicin,PANC0203_PANCREAS,0.7632962465286255,0.5915303540677421,3,X_scGPT,mil,0.5,44
doxorubicin,PATU8988S_PANCREAS,0.7037484049797058,0.6648114497055773,2,X_scGPT,mil,0.5,44
doxorubicin,PC3_PROSTATE,0.7981969118118286,0.6549103062533768,1,X_scGPT,mil,0.5,44
doxorubicin,PECAPJ49_UPPER_AERODIGESTIVE_TRACT,0.47215813398361206,0.5661420642149331,1,X_scGPT,mil,0.5,44
doxorubicin,PK45H_PANCREAS,0.8845717906951904,0.7038101795854603,4,X_scGPT,mil,0.5,44
doxorubicin,PK59_PANCREAS,0.5667010545730591,0.6122521790622295,5,X_scGPT,mil,0.5,44
doxorubicin,RCC10RGB_KIDNEY,0.8544673323631287,0.6547619406245809,5,X_scGPT,mil,0.5,44
doxorubicin,RCM1_LARGE_INTESTINE,0.7463620901107788,0.6175944784190506,3,X_scGPT,mil,0.5,44
doxorubicin,RD_SOFT_TISSUE,0.48532170057296753,0.5351697667805171,1,X_scGPT,mil,0.5,44
doxorubicin,RERFLCAD1_LUNG,0.8917138576507568,0.6094936312716684,5,X_scGPT,mil,0.5,44
doxorubicin,RERFLCAI_LUNG,0.4272306263446808,0.657058041342589,5,X_scGPT,mil,0.5,44
doxorubicin,RT4_URINARY_TRACT,0.4836074411869049,0.6229899550946254,5,X_scGPT,mil,0.5,44
doxorubicin,RVH421_SKIN,0.5980584621429443,0.7041968685812531,4,X_scGPT,mil,0.5,44
doxorubicin,SCC25_UPPER_AERODIGESTIVE_TRACT,0.4167896807193756,0.35537798652935665,2,X_scGPT,mil,0.5,44
doxorubicin,SCC9_UPPER_AERODIGESTIVE_TRACT,0.49403518438339233,0.5013697699496621,2,X_scGPT,mil,0.5,44
doxorubicin,SH10TC_STOMACH,0.6935459971427917,0.5904983338127788,5,X_scGPT,mil,0.5,44
doxorubicin,SKES1_BONE,0.25840020179748535,0.3993891657708765,2,X_scGPT,mil,0.5,44
doxorubicin,SKMEL2_SKIN,0.7795782685279846,0.5839768762605778,1,X_scGPT,mil,0.5,44
doxorubicin,SKMEL30_SKIN,0.56974858045578,0.7002705475763964,1,X_scGPT,mil,0.5,44
doxorubicin,SKMEL5_SKIN,0.5388690829277039,0.7128648007357562,4,X_scGPT,mil,0.5,44
doxorubicin,SKNAS_AUTONOMIC_GANGLIA,0.49000316858291626,0.39469744911236043,2,X_scGPT,mil,0.5,44
doxorubicin,SNU1079_BILIARY_TRACT,0.530148446559906,0.668832687890693,1,X_scGPT,mil,0.5,44
doxorubicin,SNU1214_UPPER_AERODIGESTIVE_TRACT,0.6214928030967712,0.5255384215332092,1,X_scGPT,mil,0.5,44
doxorubicin,SNU308_BILIARY_TRACT,0.642924427986145,0.5929801070943792,1,X_scGPT,mil,0.5,44
doxorubicin,SNU423_LIVER,0.5606513023376465,0.693081869831625,4,X_scGPT,mil,0.5,44
doxorubicin,SNU449_LIVER,0.8395319581031799,0.6072701054050568,3,X_scGPT,mil,0.5,44
doxorubicin,SNU46_UPPER_AERODIGESTIVE_TRACT,0.696592390537262,0.6832629778122498,4,X_scGPT,mil,0.5,44
doxorubicin,SNU738_CENTRAL_NERVOUS_SYSTEM,0.7775015234947205,0.6498477728668807,1,X_scGPT,mil,0.5,44
doxorubicin,SNU899_UPPER_AERODIGESTIVE_TRACT,0.5426186919212341,0.6096790145678692,2,X_scGPT,mil,0.5,44
doxorubicin,SNUC4_LARGE_INTESTINE,0.787482738494873,0.7192528339729064,5,X_scGPT,mil,0.5,44
doxorubicin,SQ1_LUNG,0.7245655655860901,0.696071571161767,3,X_scGPT,mil,0.5,44
doxorubicin,SU8686_PANCREAS,0.5021981000900269,0.6768378041139463,1,X_scGPT,mil,0.5,44
doxorubicin,SW1088_CENTRAL_NERVOUS_SYSTEM,0.589234471321106,0.6542494772002101,4,X_scGPT,mil,0.5,44
doxorubicin,SW1271_LUNG,0.48043984174728394,0.6571932025577711,1,X_scGPT,mil,0.5,44
doxorubicin,SW1990_PANCREAS,0.6104688048362732,0.6277920408629439,5,X_scGPT,mil,0.5,44
doxorubicin,SW579_THYROID,0.40079694986343384,0.4994314183837258,3,X_scGPT,mil,0.5,44
doxorubicin,T47D_BREAST,0.712394654750824,0.7151115463869604,1,X_scGPT,mil,0.5,44
doxorubicin,TCCSUP_URINARY_TRACT,0.54876708984375,0.5506630351271811,3,X_scGPT,mil,0.5,44
doxorubicin,TE10_OESOPHAGUS,0.6106919646263123,0.6726596148591063,4,X_scGPT,mil,0.5,44
doxorubicin,TE14_OESOPHAGUS,0.6705263257026672,0.5325244762600726,1,X_scGPT,mil,0.5,44
doxorubicin,TE1_OESOPHAGUS,0.6324832439422607,0.6948224578088927,4,X_scGPT,mil,0.5,44
doxorubicin,TE6_OESOPHAGUS,0.4768960773944855,0.5112998473665892,2,X_scGPT,mil,0.5,44
doxorubicin,TE9_OESOPHAGUS,0.47645479440689087,0.5471502017349966,2,X_scGPT,mil,0.5,44
doxorubicin,TM31_CENTRAL_NERVOUS_SYSTEM,0.672069787979126,0.5601455980333788,2,X_scGPT,mil,0.5,44
doxorubicin,TOV112D_OVARY,0.3924221992492676,0.3913216724609717,2,X_scGPT,mil,0.5,44
doxorubicin,UACC257_SKIN,0.5711562633514404,0.6305319300256513,1,X_scGPT,mil,0.5,44
doxorubicin,VMCUB1_URINARY_TRACT,0.534176766872406,0.6209485696698831,4,X_scGPT,mil,0.5,44
doxorubicin,VMRCRCZ_KIDNEY,0.7579551935195923,0.6589934157331785,2,X_scGPT,mil,0.5,44
doxorubicin,YD38_UPPER_AERODIGESTIVE_TRACT,0.4940035343170166,0.6331312157786809,4,X_scGPT,mil,0.5,44
doxorubicin,ZR751_BREAST,0.5641409754753113,0.5943129369356099,1,X_scGPT,mil,0.5,44
platin,42MGBA_CENTRAL_NERVOUS_SYSTEM,0.9792470335960388,0.9732478874300438,4,X_scGPT,mil,0.5,44
platin,8305C_THYROID,0.9902234673500061,0.9571388287222203,4,X_scGPT,mil,0.5,44
platin,A204_SOFT_TISSUE,0.9935336112976074,0.9787501595020294,4,X_scGPT,mil,0.5,44
platin,A2058_SKIN,1.0669606924057007,1.0628341136335515,5,X_scGPT,mil,0.5,44
platin,A375_SKIN,0.9721842408180237,1.0399409699399798,3,X_scGPT,mil,0.5,44
platin,ACCMESO1_PLEURA,0.9934868812561035,0.962578413663087,2,X_scGPT,mil,0.5,44
platin,ASPC1_PANCREAS,0.9865953326225281,0.9665196024138352,4,X_scGPT,mil,0.5,44
platin,BCPAP_THYROID,0.989610493183136,0.9588633199271402,4,X_scGPT,mil,0.5,44
platin,BFTC909_KIDNEY,1.1041555404663086,0.9637253614717549,5,X_scGPT,mil,0.5,44
platin,BHY_UPPER_AERODIGESTIVE_TRACT,0.9692360758781433,0.988108412972812,3,X_scGPT,mil,0.5,44
platin,BICR16_UPPER_AERODIGESTIVE_TRACT,0.8785001635551453,0.8816058548553934,5,X_scGPT,mil,0.5,44
platin,BICR31_UPPER_AERODIGESTIVE_TRACT,0.9795008301734924,1.0007283346306892,3,X_scGPT,mil,0.5,44
platin,BICR56_UPPER_AERODIGESTIVE_TRACT,0.9870259761810303,1.019666509863771,3,X_scGPT,mil,0.5,44
platin,BICR6_UPPER_AERODIGESTIVE_TRACT,1.0553885698318481,0.9471000874792779,5,X_scGPT,mil,0.5,44
platin,BT474_BREAST,1.0629768371582031,0.9964637546539307,4,X_scGPT,mil,0.5,44
platin,BT549_BREAST,1.0051050186157227,0.9604455140748418,1,X_scGPT,mil,0.5,44
platin,CAKI2_KIDNEY,1.0197046995162964,0.96806895582796,4,X_scGPT,mil,0.5,44
platin,CALU6_LUNG,0.9243093729019165,0.9934736365495727,3,X_scGPT,mil,0.5,44
platin,CAMA1_BREAST,1.002544641494751,1.0016690498774814,3,X_scGPT,mil,0.5,44
platin,CAS1_CENTRAL_NERVOUS_SYSTEM,0.9442310333251953,0.9624277191950863,1,X_scGPT,mil,0.5,44
platin,CCFSTTG1_CENTRAL_NERVOUS_SYSTEM,0.97667396068573,0.9784135716717418,5,X_scGPT,mil,0.5,44
platin,COLO741_SKIN,1.1626665592193604,1.041795888207966,3,X_scGPT,mil,0.5,44
platin,COLO792_SKIN,0.9970811009407043,1.013572313688778,2,X_scGPT,mil,0.5,44
platin,COV434_OVARY,0.9776856303215027,0.9739597548138011,4,X_scGPT,mil,0.5,44
platin,DETROIT562_UPPER_AERODIGESTIVE_TRACT,0.9451091885566711,0.9791421802497349,2,X_scGPT,mil,0.5,44
platin,DKMG_CENTRAL_NERVOUS_SYSTEM,1.014595866203308,0.971567547409297,5,X_scGPT,mil,0.5,44
platin,EBC1_LUNG,1.0444345474243164,0.9562246613605048,3,X_scGPT,mil,0.5,44
platin,EFE184_ENDOMETRIUM,0.9974330067634583,0.9805702608685161,4,X_scGPT,mil,0.5,44
platin,EFM192A_BREAST,0.9838091135025024,0.9840018754606848,5,X_scGPT,mil,0.5,44
platin,EKVX_LUNG,1.0204102993011475,0.9877965952435585,2,X_scGPT,mil,0.5,44
platin,FTC133_THYROID,1.0277923345565796,1.0159971786396844,3,X_scGPT,mil,0.5,44
platin,GOS3_CENTRAL_NERVOUS_SYSTEM,1.0298997163772583,0.9584899560319191,2,X_scGPT,mil,0.5,44
platin,HCC1428_BREAST,1.021384596824646,1.1112675929632712,5,X_scGPT,mil,0.5,44
platin,HCC366_LUNG,1.0475735664367676,0.9299168985078831,5,X_scGPT,mil,0.5,44
platin,HCC38_BREAST,0.9923052191734314,1.0566221460700036,5,X_scGPT,mil,0.5,44
platin,HCC56_LARGE_INTESTINE,0.9945890307426453,0.9681244059042498,3,X_scGPT,mil,0.5,44
platin,HDQP1_BREAST,1.0186738967895508,1.0087768053635955,3,X_scGPT,mil,0.5,44
platin,HEC151_ENDOMETRIUM,0.9933803677558899,0.9712230243682861,4,X_scGPT,mil,0.5,44
platin,HEC251_ENDOMETRIUM,0.9321639537811279,1.0192931522832853,3,X_scGPT,mil,0.5,44
platin,HEC6_ENDOMETRIUM,1.0545552968978882,0.9320299014541673,1,X_scGPT,mil,0.5,44
platin,HEP3B217_LIVER,1.008824110031128,0.9174429779335603,2,X_scGPT,mil,0.5,44
platin,HMC18_BREAST,0.9648770093917847,0.9903745575976454,2,X_scGPT,mil,0.5,44
platin,HOS_BONE,1.0313657522201538,0.9390935593692471,4,X_scGPT,mil,0.5,44
platin,HS852T_SKIN,1.0592886209487915,1.011710888809628,3,X_scGPT,mil,0.5,44
platin,HT1080_SOFT_TISSUE,1.0155428647994995,1.0123552057401155,5,X_scGPT,mil,0.5,44
platin,HT1197_URINARY_TRACT,1.0305306911468506,0.9702671677679628,4,X_scGPT,mil,0.5,44
platin,HT55_LARGE_INTESTINE,0.9795694351196289,0.9469520992012386,1,X_scGPT,mil,0.5,44
platin,HUH28_BILIARY_TRACT,0.964556872844696,0.9318252801895142,2,X_scGPT,mil,0.5,44
platin,HUH6_LIVER,1.0990561246871948,0.9717107528060146,4,X_scGPT,mil,0.5,44
platin,HUPT3_PANCREAS,0.9551188945770264,0.960743219975163,5,X_scGPT,mil,0.5,44
platin,HUPT4_PANCREAS,1.0379315614700317,0.9192637194480214,5,X_scGPT,mil,0.5,44
platin,IGR1_SKIN,1.0542523860931396,1.1149322614998654,5,X_scGPT,mil,0.5,44
platin,IGR37_SKIN,1.0100011825561523,1.1095151370471767,2,X_scGPT,mil,0.5,44
platin,IM95_STOMACH,1.0478476285934448,0.9809150972881833,4,X_scGPT,mil,0.5,44
platin,JHH6_LIVER,1.018145203590393,1.0046599313472082,3,X_scGPT,mil,0.5,44
platin,JHOC5_OVARY,0.9941608309745789,1.0167025241358527,5,X_scGPT,mil,0.5,44
platin,KALS1_CENTRAL_NERVOUS_SYSTEM,0.9237702488899231,0.9375432605544726,2,X_scGPT,mil,0.5,44
platin,KMRC3_KIDNEY,0.9771931767463684,0.9128132228948632,1,X_scGPT,mil,0.5,44
platin,KNS42_CENTRAL_NERVOUS_SYSTEM,1.0155421495437622,0.9911852936412013,4,X_scGPT,mil,0.5,44
platin,KPL1_BREAST,1.0343024730682373,1.0037656869145408,3,X_scGPT,mil,0.5,44
platin,KPNSI9S_AUTONOMIC_GANGLIA,0.9301525950431824,1.0088590166365454,5,X_scGPT,mil,0.5,44
platin,KYSE520_OESOPHAGUS,1.007004976272583,0.9461778031414139,2,X_scGPT,mil,0.5,44
platin,LI7_LIVER,0.9886579513549805,0.9922972954049403,4,X_scGPT,mil,0.5,44
platin,LMSU_STOMACH,0.9705260992050171,0.9607938350415697,2,X_scGPT,mil,0.5,44
platin,LNCAPCLONEFGC_PROSTATE,1.0294779539108276,0.928236323271611,2,X_scGPT,mil,0.5,44
platin,LS1034_LARGE_INTESTINE,1.0018341541290283,0.9901653324088006,4,X_scGPT,mil,0.5,44
platin,LS180_LARGE_INTESTINE,0.975742518901825,0.9724111198718528,3,X_scGPT,mil,0.5,44
platin,MCF7_BREAST,0.9951045513153076,0.980788407625852,1,X_scGPT,mil,0.5,44
platin,MDAMB361_BREAST,0.9679059386253357,1.018405066596137,1,X_scGPT,mil,0.5,44
platin,MFE319_ENDOMETRIUM,1.0220245122909546,0.989962119394572,2,X_scGPT,mil,0.5,44
platin,MKN45_STOMACH,0.8389068841934204,0.923338411218029,1,X_scGPT,mil,0.5,44
platin,MKN7_STOMACH,1.0312459468841553,0.9240781017976214,5,X_scGPT,mil,0.5,44
platin,NCIH1299_LUNG,1.0491753816604614,0.9871941357292933,2,X_scGPT,mil,0.5,44
platin,NCIH1373_LUNG,0.9896383881568909,0.9493899817873792,3,X_scGPT,mil,0.5,44
platin,NCIH1435_LUNG,0.9333376288414001,0.9634318394160896,3,X_scGPT,mil,0.5,44
platin,NCIH1792_LUNG,1.0021350383758545,0.9545382868062269,4,X_scGPT,mil,0.5,44
platin,NCIH1944_LUNG,0.9932892322540283,0.9599091093897244,2,X_scGPT,mil,0.5,44
platin,NCIH2087_LUNG,0.9394748210906982,0.8964854473392713,5,X_scGPT,mil,0.5,44
platin,NCIH2110_LUNG,0.9992964863777161,0.9701538828749153,1,X_scGPT,mil,0.5,44
platin,NCIH2126_LUNG,1.0432602167129517,0.9885074758168423,4,X_scGPT,mil,0.5,44
platin,NCIH2170_LUNG,1.0115456581115723,0.9721153441449286,4,X_scGPT,mil,0.5,44
platin,NCIH2228_LUNG,0.8260154724121094,0.9646344607142726,3,X_scGPT,mil,0.5,44
platin,NCIH226_LUNG,0.830636203289032,0.9620094073579667,1,X_scGPT,mil,0.5,44
platin,NCIH2444_LUNG,0.7672997713088989,0.9605298379302528,3,X_scGPT,mil,0.5,44
platin,NCIH2452_PLEURA,0.9070914387702942,1.007714401058105,3,X_scGPT,mil,0.5,44
platin,NCIH292_LUNG,0.9939825534820557,0.965024837585682,3,X_scGPT,mil,0.5,44
platin,NCIH358_LUNG,0.8888556361198425,0.940578419005587,1,X_scGPT,mil,0.5,44
platin,NCIH446_LUNG,1.0111768245697021,1.012977632941032,3,X_scGPT,mil,0.5,44
platin,NCIH460_LUNG,0.9180375933647156,1.0100587689036251,3,X_scGPT,mil,0.5,44
platin,NCIH522_LUNG,0.9845574498176575,0.9597716787113593,2,X_scGPT,mil,0.5,44
platin,NCIH650_LUNG,1.0296367406845093,0.9948914697689324,5,X_scGPT,mil,0.5,44
platin,OAW28_OVARY,1.0268629789352417,0.9198605766207535,5,X_scGPT,mil,0.5,44
platin,ONCODG1_OVARY,0.8869185447692871,0.9533848471111721,2,X_scGPT,mil,0.5,44
platin,OSRC2_KIDNEY,0.9602621793746948,1.0167030346772028,3,X_scGPT,mil,0.5,44
platin,OUMS23_LARGE_INTESTINE,1.002150058746338,0.9429474372730077,5,X_scGPT,mil,0.5,44
platin,OVCAR4_OVARY,0.9627922177314758,0.9233953468369932,1,X_scGPT,mil,0.5,44
platin,OVK18_OVARY,0.9590884447097778,1.0715871078244756,5,X_scGPT,mil,0.5,44
platin,OVSAHO_OVARY,0.9743474125862122,1.000257125509993,2,X_scGPT,mil,0.5,44
platin,OVTOKO_OVARY,1.0049556493759155,0.9733897909593354,2,X_scGPT,mil,0.5,44
platin,PANC0203_PANCREAS,1.0155633687973022,0.9608269238424867,3,X_scGPT,mil,0.5,44
platin,PATU8988S_PANCREAS,1.0182701349258423,0.9498387826759307,2,X_scGPT,mil,0.5,44
platin,PC3_PROSTATE,1.0260894298553467,0.9464043174269636,1,X_scGPT,mil,0.5,44
platin,PECAPJ49_UPPER_AERODIGESTIVE_TRACT,1.0142818689346313,0.9490302503108978,1,X_scGPT,mil,0.5,44
platin,PK45H_PANCREAS,0.9461889266967773,0.9517450717542444,4,X_scGPT,mil,0.5,44
platin,PK59_PANCREAS,0.9478214383125305,0.9297242760658264,5,X_scGPT,mil,0.5,44
platin,RCC10RGB_KIDNEY,1.0726078748703003,0.9787815980645208,5,X_scGPT,mil,0.5,44
platin,RCM1_LARGE_INTESTINE,1.0170825719833374,1.023275036830455,3,X_scGPT,mil,0.5,44
platin,RD_SOFT_TISSUE,1.0147627592086792,0.9452143884709968,1,X_scGPT,mil,0.5,44
platin,RERFLCAD1_LUNG,1.0816140174865723,0.9589780412093112,5,X_scGPT,mil,0.5,44
platin,RERFLCAI_LUNG,0.959927499294281,0.9181412198284195,5,X_scGPT,mil,0.5,44
platin,RT4_URINARY_TRACT,0.9692416787147522,0.8875101169325271,5,X_scGPT,mil,0.5,44
platin,RVH421_SKIN,1.0230464935302734,0.9795732854799246,4,X_scGPT,mil,0.5,44
platin,SCC25_UPPER_AERODIGESTIVE_TRACT,1.0477553606033325,0.9608274745383613,2,X_scGPT,mil,0.5,44
platin,SCC9_UPPER_AERODIGESTIVE_TRACT,1.0085161924362183,0.9493237733840942,2,X_scGPT,mil,0.5,44
platin,SH10TC_STOMACH,1.0161352157592773,0.984788152736816,5,X_scGPT,mil,0.5,44
platin,SKES1_BONE,1.0584386587142944,0.9624658881962954,2,X_scGPT,mil,0.5,44
platin,SKMEL2_SKIN,0.9334335327148438,0.9853995120611744,1,X_scGPT,mil,0.5,44
platin,SKMEL30_SKIN,1.0383397340774536,0.9740035322840424,1,X_scGPT,mil,0.5,44
platin,SKMEL5_SKIN,1.0373903512954712,1.0259078329661078,4,X_scGPT,mil,0.5,44
platin,SKNAS_AUTONOMIC_GANGLIA,1.0376838445663452,1.0062326409120474,2,X_scGPT,mil,0.5,44
platin,SNU1079_BILIARY_TRACT,1.18472421169281,0.9641146692511153,1,X_scGPT,mil,0.5,44
platin,SNU1214_UPPER_AERODIGESTIVE_TRACT,0.996803879737854,0.9138754349439702,1,X_scGPT,mil,0.5,44
platin,SNU423_LIVER,1.0032963752746582,0.9390375678831676,4,X_scGPT,mil,0.5,44
platin,SNU449_LIVER,1.0042815208435059,0.9737757222449526,3,X_scGPT,mil,0.5,44
platin,SNU46_UPPER_AERODIGESTIVE_TRACT,1.053178071975708,0.9470178189419084,4,X_scGPT,mil,0.5,44
platin,SNU738_CENTRAL_NERVOUS_SYSTEM,1.0346550941467285,0.9275014026183881,1,X_scGPT,mil,0.5,44
platin,SNU899_UPPER_AERODIGESTIVE_TRACT,0.959574818611145,0.9737017801009029,2,X_scGPT,mil,0.5,44
platin,SNUC4_LARGE_INTESTINE,0.9983201026916504,0.9751522313859274,5,X_scGPT,mil,0.5,44
platin,SQ1_LUNG,1.1197351217269897,0.9884148250107004,3,X_scGPT,mil,0.5,44
platin,SU8686_PANCREAS,0.7819308638572693,0.9103147147632227,1,X_scGPT,mil,0.5,44
platin,SW1088_CENTRAL_NERVOUS_SYSTEM,1.0418158769607544,0.9698054566979408,4,X_scGPT,mil,0.5,44
platin,SW1271_LUNG,0.8586243391036987,0.9505180193030316,1,X_scGPT,mil,0.5,44
platin,SW1990_PANCREAS,0.9959171414375305,0.9094802515902815,5,X_scGPT,mil,0.5,44
platin,SW579_THYROID,1.0330111980438232,1.0064465398063307,3,X_scGPT,mil,0.5,44
platin,T47D_BREAST,0.9664716720581055,0.9910239547625925,1,X_scGPT,mil,0.5,44
platin,TCCSUP_URINARY_TRACT,0.9622014760971069,1.0013228164443486,3,X_scGPT,mil,0.5,44
platin,TE10_OESOPHAGUS,1.0060145854949951,0.9585343572102725,4,X_scGPT,mil,0.5,44
platin,TE14_OESOPHAGUS,0.8898840546607971,0.9136429305821029,1,X_scGPT,mil,0.5,44
platin,TE1_OESOPHAGUS,1.0246561765670776,0.9687323984011863,4,X_scGPT,mil,0.5,44
platin,TE6_OESOPHAGUS,0.8174415230751038,0.9505332003055164,2,X_scGPT,mil,0.5,44
platin,TE9_OESOPHAGUS,0.990706741809845,0.9607939450971542,2,X_scGPT,mil,0.5,44
platin,TM31_CENTRAL_NERVOUS_SYSTEM,1.0375616550445557,0.9584339728643154,2,X_scGPT,mil,0.5,44
platin,TOV112D_OVARY,1.0178531408309937,0.9816762537528307,2,X_scGPT,mil,0.5,44
platin,UACC257_SKIN,0.9795092344284058,0.9734612992617875,1,X_scGPT,mil,0.5,44
platin,UMUC1_URINARY_TRACT,0.9927111268043518,0.9555967483423689,1,X_scGPT,mil,0.5,44
platin,VMCUB1_URINARY_TRACT,1.0341886281967163,0.9652216621522625,4,X_scGPT,mil,0.5,44
platin,VMRCRCZ_KIDNEY,1.0258471965789795,0.9638327372074127,2,X_scGPT,mil,0.5,44
platin,YD38_UPPER_AERODIGESTIVE_TRACT,0.998884379863739,0.9569246247410774,4,X_scGPT,mil,0.5,44
platin,ZR751_BREAST,0.9796913862228394,0.9661077517521806,1,X_scGPT,mil,0.5,44
etoposide,42MGBA_CENTRAL_NERVOUS_SYSTEM,0.8331009149551392,0.8480778479207897,4,X_scGPT,mil,0.5,44
etoposide,8305C_THYROID,0.9449881911277771,0.8912185275996173,4,X_scGPT,mil,0.5,44
etoposide,A204_SOFT_TISSUE,0.6566945314407349,0.8374561741352081,4,X_scGPT,mil,0.5,44
etoposide,A2058_SKIN,0.7570939660072327,0.8732457465055038,5,X_scGPT,mil,0.5,44
etoposide,A375_SKIN,0.8881973028182983,0.7756899512839358,3,X_scGPT,mil,0.5,44
etoposide,ACCMESO1_PLEURA,1.0023478269577026,0.8947946112832905,2,X_scGPT,mil,0.5,44
etoposide,ASPC1_PANCREAS,0.879176914691925,0.9166749296517208,4,X_scGPT,mil,0.5,44
etoposide,BCPAP_THYROID,0.9081188440322876,0.875099992673648,4,X_scGPT,mil,0.5,44
etoposide,BFTC909_KIDNEY,0.9591362476348877,0.8199924359535479,5,X_scGPT,mil,0.5,44
etoposide,BHY_UPPER_AERODIGESTIVE_TRACT,0.8850126266479492,0.9128957300350584,3,X_scGPT,mil,0.5,44
etoposide,BICR16_UPPER_AERODIGESTIVE_TRACT,0.9224086403846741,0.9121341696887646,5,X_scGPT,mil,0.5,44
etoposide,BICR31_UPPER_AERODIGESTIVE_TRACT,0.7809478044509888,0.8986520099063073,3,X_scGPT,mil,0.5,44
etoposide,BICR56_UPPER_AERODIGESTIVE_TRACT,0.8778219223022461,0.8934972102259412,3,X_scGPT,mil,0.5,44
etoposide,BICR6_UPPER_AERODIGESTIVE_TRACT,0.8759380578994751,0.8894557719464069,5,X_scGPT,mil,0.5,44
etoposide,BT474_BREAST,1.0099736452102661,0.8740394954681396,4,X_scGPT,mil,0.5,44
etoposide,BT549_BREAST,0.8398808240890503,0.8514524913371954,1,X_scGPT,mil,0.5,44
etoposide,CAKI2_KIDNEY,0.9896016120910645,0.9094040284482695,4,X_scGPT,mil,0.5,44
etoposide,CALU6_LUNG,0.9807374477386475,0.8468342640603236,3,X_scGPT,mil,0.5,44
etoposide,CAMA1_BREAST,0.9752383828163147,0.9431447124563132,3,X_scGPT,mil,0.5,44
etoposide,CAS1_CENTRAL_NERVOUS_SYSTEM,0.9169378280639648,0.8694490100208082,1,X_scGPT,mil,0.5,44
etoposide,CCFSTTG1_CENTRAL_NERVOUS_SYSTEM,0.9626949429512024,0.8333624984190716,5,X_scGPT,mil,0.5,44
etoposide,COLO792_SKIN,0.9148250818252563,0.9636768692094022,2,X_scGPT,mil,0.5,44
etoposide,COV434_OVARY,0.6470798254013062,0.8046377443454482,4,X_scGPT,mil,0.5,44
etoposide,DETROIT562_UPPER_AERODIGESTIVE_TRACT,0.9601549506187439,0.9269433950353985,2,X_scGPT,mil,0.5,44
etoposide,DKMG_CENTRAL_NERVOUS_SYSTEM,0.8593933582305908,0.8205513373512183,5,X_scGPT,mil,0.5,44
etoposide,EBC1_LUNG,0.835035502910614,0.9066377089869592,3,X_scGPT,mil,0.5,44
etoposide,EFE184_ENDOMETRIUM,1.0169838666915894,0.8948364396427952,4,X_scGPT,mil,0.5,44
etoposide,EKVX_LUNG,0.9118933081626892,0.94102061488857,2,X_scGPT,mil,0.5,44
etoposide,FTC133_THYROID,0.7460918426513672,0.8889412684100014,3,X_scGPT,mil,0.5,44
etoposide,GOS3_CENTRAL_NERVOUS_SYSTEM,0.8375164270401001,0.8826873533388707,2,X_scGPT,mil,0.5,44
etoposide,HCC1428_BREAST,0.9771108031272888,0.913560678170422,5,X_scGPT,mil,0.5,44
etoposide,HCC366_LUNG,0.910918116569519,0.9254610346685542,5,X_scGPT,mil,0.5,44
etoposide,HCC38_BREAST,0.8091710805892944,0.8852688118815422,5,X_scGPT,mil,0.5,44
etoposide,HCC56_LARGE_INTESTINE,0.9495776295661926,0.9799128204885156,3,X_scGPT,mil,0.5,44
etoposide,HDQP1_BREAST,0.8516975045204163,0.9164143679663539,3,X_scGPT,mil,0.5,44
etoposide,HEC151_ENDOMETRIUM,1.0013673305511475,0.8901588938236237,4,X_scGPT,mil,0.5,44
etoposide,HEC251_ENDOMETRIUM,0.8941265940666199,0.9065197940184692,3,X_scGPT,mil,0.5,44
etoposide,HEC6_ENDOMETRIUM,0.8517888188362122,0.9384814660001245,1,X_scGPT,mil,0.5,44
etoposide,HEP3B217_LIVER,1.057532548904419,0.9334371670828028,2,X_scGPT,mil,0.5,44
etoposide,HMC18_BREAST,0.8415269255638123,0.8703423703896714,2,X_scGPT,mil,0.5,44
etoposide,HOS_BONE,0.7974532842636108,0.8732498849689313,4,X_scGPT,mil,0.5,44
etoposide,HS852T_SKIN,0.7475330829620361,0.9009826889744511,3,X_scGPT,mil,0.5,44
etoposide,HT1080_SOFT_TISSUE,0.6449280381202698,0.8753703096809313,5,X_scGPT,mil,0.5,44
etoposide,HT55_LARGE_INTESTINE,0.9650404453277588,1.0448113781580992,1,X_scGPT,mil,0.5,44
etoposide,HUH28_BILIARY_TRACT,1.018973469734192,0.9220416790289845,2,X_scGPT,mil,0.5,44
etoposide,HUH6_LIVER,0.833292543888092,0.8758085786238224,4,X_scGPT,mil,0.5,44
etoposide,HUPT3_PANCREAS,0.9852476119995117,0.9002295640461585,5,X_scGPT,mil,0.5,44
etoposide,HUPT4_PANCREAS,0.8033379912376404,0.9290755071810314,5,X_scGPT,mil,0.5,44
etoposide,IALM_LUNG,0.930241048336029,0.8682248009287793,4,X_scGPT,mil,0.5,44
etoposide,IGR1_SKIN,1.0408581495285034,0.9254005876902877,5,X_scGPT,mil,0.5,44
etoposide,IGR37_SKIN,0.8412778973579407,0.9641594429868099,2,X_scGPT,mil,0.5,44
etoposide,IM95_STOMACH,0.9270851612091064,0.906103064240636,4,X_scGPT,mil,0.5,44
etoposide,JHH6_LIVER,1.0548464059829712,0.8585105680146263,3,X_scGPT,mil,0.5,44
etoposide,JHOC5_OVARY,0.8626714944839478,0.9136180951677519,5,X_scGPT,mil,0.5,44
etoposide,KALS1_CENTRAL_NERVOUS_SYSTEM,0.8603273630142212,0.9176350952022605,2,X_scGPT,mil,0.5,44
etoposide,KMRC3_KIDNEY,0.8813601136207581,0.9347149887863471,1,X_scGPT,mil,0.5,44
etoposide,KNS42_CENTRAL_NERVOUS_SYSTEM,0.9034853577613831,0.8679611648237983,4,X_scGPT,mil,0.5,44
etoposide,KPL1_BREAST,1.0205578804016113,0.8981012118899304,3,X_scGPT,mil,0.5,44
etoposide,KYSE520_OESOPHAGUS,0.9646059274673462,0.9129732441237837,2,X_scGPT,mil,0.5,44
etoposide,LI7_LIVER,0.7534247040748596,0.8677952338238152,4,X_scGPT,mil,0.5,44
etoposide,LMSU_STOMACH,0.8622081279754639,0.8645985463086296,2,X_scGPT,mil,0.5,44
etoposide,LNCAPCLONEFGC_PROSTATE,0.7813186645507812,0.8706272521684336,2,X_scGPT,mil,0.5,44
etoposide,LS1034_LARGE_INTESTINE,0.9297102689743042,0.8948017897671217,4,X_scGPT,mil,0.5,44
etoposide,LS180_LARGE_INTESTINE,0.8861265778541565,0.9322126659660128,3,X_scGPT,mil,0.5,44
etoposide,MCF7_BREAST,0.8706713318824768,0.9911505313186378,1,X_scGPT,mil,0.5,44
etoposide,MDAMB361_BREAST,0.8954521417617798,1.0198959906895955,1,X_scGPT,mil,0.5,44
etoposide,MFE319_ENDOMETRIUM,0.9040636420249939,0.9239524378202348,2,X_scGPT,mil,0.5,44
etoposide,MKN45_STOMACH,1.0311390161514282,0.9757008865728216,1,X_scGPT,mil,0.5,44
etoposide,MKN7_STOMACH,0.8600762486457825,0.89539799972098,5,X_scGPT,mil,0.5,44
etoposide,MSTO211H_PLEURA,0.7917598485946655,0.8783911251861238,1,X_scGPT,mil,0.5,44
etoposide,NCIH1299_LUNG,0.8532851934432983,0.8602539653635204,2,X_scGPT,mil,0.5,44
etoposide,NCIH1373_LUNG,0.9630944132804871,0.907446150009225,3,X_scGPT,mil,0.5,44
etoposide,NCIH1435_LUNG,0.9766814112663269,0.9124197616112812,3,X_scGPT,mil,0.5,44
etoposide,NCIH1792_LUNG,0.9656820297241211,0.8720351645538399,4,X_scGPT,mil,0.5,44
etoposide,NCIH1944_LUNG,0.6817682385444641,0.9058984935571606,2,X_scGPT,mil,0.5,44
etoposide,NCIH2087_LUNG,0.7589763402938843,0.9038659663505206,5,X_scGPT,mil,0.5,44
etoposide,NCIH2110_LUNG,0.7439486384391785,0.9129977653374025,1,X_scGPT,mil,0.5,44
etoposide,NCIH2126_LUNG,0.8658925294876099,0.8909730172970078,4,X_scGPT,mil,0.5,44
etoposide,NCIH2170_LUNG,0.8605372905731201,0.8671633366128089,4,X_scGPT,mil,0.5,44
etoposide,NCIH2228_LUNG,0.803703784942627,0.9378904079871216,3,X_scGPT,mil,0.5,44
etoposide,NCIH226_LUNG,0.8373623490333557,0.8646171572360587,1,X_scGPT,mil,0.5,44
etoposide,NCIH2444_LUNG,0.9262818098068237,0.970458697166121,3,X_scGPT,mil,0.5,44
etoposide,NCIH2452_PLEURA,0.7958627939224243,0.835335752888683,3,X_scGPT,mil,0.5,44
etoposide,NCIH292_LUNG,0.8499202728271484,0.8946315385925938,3,X_scGPT,mil,0.5,44
etoposide,NCIH358_LUNG,0.9151281714439392,0.9078400370975336,1,X_scGPT,mil,0.5,44
etoposide,NCIH446_LUNG,0.8249961733818054,0.6784968999575596,3,X_scGPT,mil,0.5,44
etoposide,NCIH460_LUNG,0.8671941161155701,0.7574776623268994,3,X_scGPT,mil,0.5,44
etoposide,NCIH522_LUNG,0.9969654083251953,0.7966361169058543,2,X_scGPT,mil,0.5,44
etoposide,NCIH650_LUNG,0.8764075636863708,0.8974837315478448,5,X_scGPT,mil,0.5,44
etoposide,NCIH747_LARGE_INTESTINE,0.8664198517799377,0.9325972907245159,5,X_scGPT,mil,0.5,44
etoposide,OAW28_OVARY,0.9306925535202026,0.9550337036203894,5,X_scGPT,mil,0.5,44
etoposide,ONCODG1_OVARY,1.0017673969268799,0.9639365370626802,2,X_scGPT,mil,0.5,44
etoposide,OSRC2_KIDNEY,0.9677801132202148,0.9798460049288613,3,X_scGPT,mil,0.5,44
etoposide,OUMS23_LARGE_INTESTINE,1.0090399980545044,0.9286523338790252,5,X_scGPT,mil,0.5,44
etoposide,OVCAR4_OVARY,1.0145936012268066,0.9557886300575607,1,X_scGPT,mil,0.5,44
etoposide,OVK18_OVARY,0.7846348881721497,0.8996564190039474,5,X_scGPT,mil,0.5,44
etoposide,OVSAHO_OVARY,0.9214667081832886,0.9037158399951616,2,X_scGPT,mil,0.5,44
etoposide,OVTOKO_OVARY,0.9155097007751465,0.9468076953477267,2,X_scGPT,mil,0.5,44
etoposide,PANC0203_PANCREAS,0.9984559416770935,0.8851774702430243,3,X_scGPT,mil,0.5,44
etoposide,PATU8988S_PANCREAS,0.9352052807807922,1.0062841377297387,2,X_scGPT,mil,0.5,44
etoposide,PC3_PROSTATE,0.9446516036987305,0.9136707683992104,1,X_scGPT,mil,0.5,44
etoposide,PECAPJ49_UPPER_AERODIGESTIVE_TRACT,0.7879024744033813,0.9065717482330775,1,X_scGPT,mil,0.5,44
etoposide,PK45H_PANCREAS,0.9257375001907349,0.8989283262143716,4,X_scGPT,mil,0.5,44
etoposide,PK59_PANCREAS,0.8377517461776733,0.8950757069149237,5,X_scGPT,mil,0.5,44
etoposide,RCC10RGB_KIDNEY,0.9756403565406799,0.9010682809506363,5,X_scGPT,mil,0.5,44
etoposide,RCM1_LARGE_INTESTINE,0.9171271920204163,0.8906155950389802,3,X_scGPT,mil,0.5,44
etoposide,RD_SOFT_TISSUE,0.8854100108146667,0.8414352807962118,1,X_scGPT,mil,0.5,44
etoposide,RERFLCAD1_LUNG,1.0706090927124023,0.8774949797877559,5,X_scGPT,mil,0.5,44
etoposide,RERFLCAI_LUNG,0.8134436011314392,0.9249419774640435,5,X_scGPT,mil,0.5,44
etoposide,RT4_URINARY_TRACT,0.8668930530548096,0.9377252819403162,5,X_scGPT,mil,0.5,44
etoposide,RVH421_SKIN,0.897118330001831,0.880993188425088,4,X_scGPT,mil,0.5,44
etoposide,SCC25_UPPER_AERODIGESTIVE_TRACT,0.8446158766746521,0.8700520497122427,2,X_scGPT,mil,0.5,44
etoposide,SCC9_UPPER_AERODIGESTIVE_TRACT,0.8701490759849548,0.8486481597549037,2,X_scGPT,mil,0.5,44
etoposide,SH10TC_STOMACH,0.9672427773475647,0.8997667039561476,5,X_scGPT,mil,0.5,44
etoposide,SKES1_BONE,0.5934908390045166,0.76994719348111,2,X_scGPT,mil,0.5,44
etoposide,SKMEL30_SKIN,1.0023661851882935,0.9742260534770091,1,X_scGPT,mil,0.5,44
etoposide,SKMEL5_SKIN,0.9399893879890442,0.8903553521994388,4,X_scGPT,mil,0.5,44
etoposide,SKNAS_AUTONOMIC_GANGLIA,0.8629070520401001,0.7876708396768148,2,X_scGPT,mil,0.5,44
etoposide,SNU1079_BILIARY_TRACT,0.7595831751823425,0.9178951317316866,1,X_scGPT,mil,0.5,44
etoposide,SNU1214_UPPER_AERODIGESTIVE_TRACT,1.0224812030792236,0.900891291017228,1,X_scGPT,mil,0.5,44
etoposide,SNU308_BILIARY_TRACT,0.979265570640564,0.8956211494638565,1,X_scGPT,mil,0.5,44
etoposide,SNU423_LIVER,0.8940250873565674,0.898545466504007,4,X_scGPT,mil,0.5,44
etoposide,SNU449_LIVER,0.9801832437515259,0.9383623255482803,3,X_scGPT,mil,0.5,44
etoposide,SNU46_UPPER_AERODIGESTIVE_TRACT,0.9463304877281189,0.9035144771559763,4,X_scGPT,mil,0.5,44
etoposide,SNU738_CENTRAL_NERVOUS_SYSTEM,0.9562158584594727,0.915120493768073,1,X_scGPT,mil,0.5,44
etoposide,SNU899_UPPER_AERODIGESTIVE_TRACT,0.915181040763855,0.9657633814467005,2,X_scGPT,mil,0.5,44
etoposide,SNUC4_LARGE_INTESTINE,1.036194920539856,0.9559399262230197,5,X_scGPT,mil,0.5,44
etoposide,SQ1_LUNG,0.9289757013320923,0.9448798111005992,3,X_scGPT,mil,0.5,44
etoposide,SU8686_PANCREAS,0.9100701212882996,0.9502382750918226,1,X_scGPT,mil,0.5,44
etoposide,SW1088_CENTRAL_NERVOUS_SYSTEM,0.8721161484718323,0.8699283106252551,4,X_scGPT,mil,0.5,44
etoposide,SW1271_LUNG,0.783595085144043,0.9106105835541435,1,X_scGPT,mil,0.5,44
etoposide,SW1990_PANCREAS,0.9401975274085999,0.9088594709623132,5,X_scGPT,mil,0.5,44
etoposide,SW579_THYROID,0.75473552942276,0.8779062513382204,3,X_scGPT,mil,0.5,44
etoposide,T47D_BREAST,0.8190407156944275,1.012999068018538,1,X_scGPT,mil,0.5,44
etoposide,TCCSUP_URINARY_TRACT,0.8695651292800903,0.8877063638801816,3,X_scGPT,mil,0.5,44
etoposide,TE10_OESOPHAGUS,1.0292607545852661,0.911289973618233,4,X_scGPT,mil,0.5,44
etoposide,TE14_OESOPHAGUS,0.8199804425239563,0.9209610677721128,1,X_scGPT,mil,0.5,44
etoposide,TE1_OESOPHAGUS,0.9366662502288818,0.9019933143287029,4,X_scGPT,mil,0.5,44
etoposide,TE6_OESOPHAGUS,0.936692476272583,0.8770625227808736,2,X_scGPT,mil,0.5,44
etoposide,TE9_OESOPHAGUS,0.8555706739425659,0.9340028895005104,2,X_scGPT,mil,0.5,44
etoposide,TM31_CENTRAL_NERVOUS_SYSTEM,0.8893219828605652,0.8790589545307488,2,X_scGPT,mil,0.5,44
etoposide,TOV112D_OVARY,0.6803762316703796,0.7756165923216404,2,X_scGPT,mil,0.5,44
etoposide,UACC257_SKIN,0.890669047832489,0.9867558541657037,1,X_scGPT,mil,0.5,44
etoposide,UMUC1_URINARY_TRACT,0.7779892683029175,0.8980517441851233,1,X_scGPT,mil,0.5,44
etoposide,VMCUB1_URINARY_TRACT,0.7960208058357239,0.8779500444813253,4,X_scGPT,mil,0.5,44
etoposide,VMRCRCZ_KIDNEY,0.9554398059844971,0.9286499204238255,2,X_scGPT,mil,0.5,44
etoposide,YD38_UPPER_AERODIGESTIVE_TRACT,0.9334123730659485,0.8872008510889151,4,X_scGPT,mil,0.5,44
etoposide,ZR751_BREAST,0.8927608728408813,0.9260019659996033,1,X_scGPT,mil,0.5,44
paclitaxel,42MGBA_CENTRAL_NERVOUS_SYSTEM,0.5773449540138245,0.6794494197750643,4,X_scGPT,mil,0.5,44
paclitaxel,8305C_THYROID,0.4181595742702484,0.7589818618396269,4,X_scGPT,mil,0.5,44
paclitaxel,A204_SOFT_TISSUE,0.3976210951805115,0.670746693611145,4,X_scGPT,mil,0.5,44
paclitaxel,A2058_SKIN,0.25213122367858887,0.5968167960238294,5,X_scGPT,mil,0.5,44
paclitaxel,A375_SKIN,0.6486640572547913,0.5088341451716464,3,X_scGPT,mil,0.5,44
paclitaxel,ACCMESO1_PLEURA,0.894306480884552,0.5779640702185808,2,X_scGPT,mil,0.5,44
paclitaxel,ASPC1_PANCREAS,0.6668426394462585,0.8037202664490404,4,X_scGPT,mil,0.5,44
paclitaxel,BCPAP_THYROID,0.23143450915813446,0.7107318635833891,4,X_scGPT,mil,0.5,44
paclitaxel,BFTC909_KIDNEY,0.5808153748512268,0.5130793810048015,5,X_scGPT,mil,0.5,44
paclitaxel,BHY_UPPER_AERODIGESTIVE_TRACT,0.4818921685218811,0.48227183633837206,3,X_scGPT,mil,0.5,44
paclitaxel,BICR16_UPPER_AERODIGESTIVE_TRACT,0.5549177527427673,0.4758933889416029,5,X_scGPT,mil,0.5,44
paclitaxel,BICR31_UPPER_AERODIGESTIVE_TRACT,0.5351428985595703,0.434591673795254,3,X_scGPT,mil,0.5,44
paclitaxel,BICR56_UPPER_AERODIGESTIVE_TRACT,0.3730112612247467,0.38720351089665916,3,X_scGPT,mil,0.5,44
paclitaxel,BICR6_UPPER_AERODIGESTIVE_TRACT,0.23882922530174255,0.4872607471017571,5,X_scGPT,mil,0.5,44
paclitaxel,BT474_BREAST,0.5603085160255432,0.7047792286872864,4,X_scGPT,mil,0.5,44
paclitaxel,BT549_BREAST,0.47538626194000244,0.5210954617512854,1,X_scGPT,mil,0.5,44
paclitaxel,CAKI2_KIDNEY,0.681865394115448,0.804120083078206,4,X_scGPT,mil,0.5,44
paclitaxel,CALU6_LUNG,0.5149357914924622,0.4586153588322706,3,X_scGPT,mil,0.5,44
paclitaxel,CAMA1_BREAST,0.7230926156044006,0.6415179407678518,3,X_scGPT,mil,0.5,44
paclitaxel,CAS1_CENTRAL_NERVOUS_SYSTEM,0.6666330099105835,0.5788843701208445,1,X_scGPT,mil,0.5,44
paclitaxel,CCFSTTG1_CENTRAL_NERVOUS_SYSTEM,0.5479162335395813,0.42993160573447625,5,X_scGPT,mil,0.5,44
paclitaxel,COLO741_SKIN,0.7170583605766296,0.6463850844413677,3,X_scGPT,mil,0.5,44
paclitaxel,COLO792_SKIN,0.7044686079025269,0.6865610955386144,2,X_scGPT,mil,0.5,44
paclitaxel,COV434_OVARY,0.5393669605255127,0.5235464725304734,4,X_scGPT,mil,0.5,44
paclitaxel,DETROIT562_UPPER_AERODIGESTIVE_TRACT,0.45106321573257446,0.40749722262101673,2,X_scGPT,mil,0.5,44
paclitaxel,DKMG_CENTRAL_NERVOUS_SYSTEM,0.38211169838905334,0.4901760814374663,5,X_scGPT,mil,0.5,44
paclitaxel,EBC1_LUNG,0.47598934173583984,0.48296778785285127,3,X_scGPT,mil,0.5,44
paclitaxel,EFE184_ENDOMETRIUM,0.860552966594696,0.7686128484648328,4,X_scGPT,mil,0.5,44
paclitaxel,EFM192A_BREAST,0.34463438391685486,0.6491386834923569,5,X_scGPT,mil,0.5,44
paclitaxel,EKVX_LUNG,0.553428053855896,0.5659617128437513,2,X_scGPT,mil,0.5,44
paclitaxel,FTC133_THYROID,0.47673356533050537,0.594834708741733,3,X_scGPT,mil,0.5,44
paclitaxel,GOS3_CENTRAL_NERVOUS_SYSTEM,0.6263938546180725,0.4484941547453716,2,X_scGPT,mil,0.5,44
paclitaxel,HCC1428_BREAST,0.7681160569190979,0.678042939094108,5,X_scGPT,mil,0.5,44
paclitaxel,HCC366_LUNG,0.33645835518836975,0.6493500646683249,5,X_scGPT,mil,0.5,44
paclitaxel,HCC56_LARGE_INTESTINE,0.6874182820320129,0.5394754184014869,3,X_scGPT,mil,0.5,44
paclitaxel,HDQP1_BREAST,0.5503139495849609,0.6593198319897056,3,X_scGPT,mil,0.5,44
paclitaxel,HEC151_ENDOMETRIUM,0.26064878702163696,0.7298301386833191,4,X_scGPT,mil,0.5,44
paclitaxel,HEC251_ENDOMETRIUM,0.6074375510215759,0.575967018292329,3,X_scGPT,mil,0.5,44
paclitaxel,HEC6_ENDOMETRIUM,0.6524566411972046,0.5550965259534232,1,X_scGPT,mil,0.5,44
paclitaxel,HEP3B217_LIVER,0.8749276995658875,0.6186297634395502,2,X_scGPT,mil,0.5,44
paclitaxel,HMC18_BREAST,0.5282045602798462,0.5102023070379329,2,X_scGPT,mil,0.5,44
paclitaxel,HOS_BONE,0.4383065402507782,0.6120628191492957,4,X_scGPT,mil,0.5,44
paclitaxel,HS852T_SKIN,0.561641275882721,0.5949751786243769,3,X_scGPT,mil,0.5,44
paclitaxel,HT1080_SOFT_TISSUE,0.2787070870399475,0.6047912766189538,5,X_scGPT,mil,0.5,44
paclitaxel,HT1197_URINARY_TRACT,0.8348632454872131,0.7869884766436912,4,X_scGPT,mil,0.5,44
paclitaxel,HT55_LARGE_INTESTINE,0.7321103811264038,0.6151616860057505,1,X_scGPT,mil,0.5,44
paclitaxel,HUH28_BILIARY_TRACT,0.8871231079101562,0.5671225824802042,2,X_scGPT,mil,0.5,44
paclitaxel,HUH6_LIVER,0.6696184277534485,0.7944850752339561,4,X_scGPT,mil,0.5,44
paclitaxel,HUPT3_PANCREAS,0.6675722002983093,0.6220815063399427,5,X_scGPT,mil,0.5,44
paclitaxel,HUPT4_PANCREAS,0.4872957468032837,0.6500455210251468,5,X_scGPT,mil,0.5,44
paclitaxel,IALM_LUNG,0.9551768898963928,0.6907861249417252,4,X_scGPT,mil,0.5,44
paclitaxel,IGR1_SKIN,0.46965447068214417,0.5931330876925895,5,X_scGPT,mil,0.5,44
paclitaxel,IGR37_SKIN,0.34695038199424744,0.6443274620630556,2,X_scGPT,mil,0.5,44
paclitaxel,IM95_STOMACH,0.1323966383934021,0.7272725910753817,4,X_scGPT,mil,0.5,44
paclitaxel,JHH6_LIVER,0.8664480447769165,0.5103302067055285,3,X_scGPT,mil,0.5,44
paclitaxel,JHOC5_OVARY,0.7029275298118591,0.6310386382300278,5,X_scGPT,mil,0.5,44
paclitaxel,KALS1_CENTRAL_NERVOUS_SYSTEM,0.5483145117759705,0.5019637014095982,2,X_scGPT,mil,0.5,44
paclitaxel,KNS42_CENTRAL_NERVOUS_SYSTEM,0.5381373763084412,0.6612144868041194,4,X_scGPT,mil,0.5,44
paclitaxel,KPL1_BREAST,0.8654016256332397,0.6376981890719869,3,X_scGPT,mil,0.5,44
paclitaxel,KPNSI9S_AUTONOMIC_GANGLIA,0.4790201187133789,0.5849403900693554,5,X_scGPT,mil,0.5,44
paclitaxel,KYSE520_OESOPHAGUS,0.7341740131378174,0.4580886372287207,2,X_scGPT,mil,0.5,44
paclitaxel,LI7_LIVER,0.4598449468612671,0.6785582212769256,4,X_scGPT,mil,0.5,44
paclitaxel,LMSU_STOMACH,0.6969594359397888,0.3694711288985084,2,X_scGPT,mil,0.5,44
paclitaxel,LNCAPCLONEFGC_PROSTATE,0.26235461235046387,0.9179347249888634,2,X_scGPT,mil,0.5,44
paclitaxel,LS1034_LARGE_INTESTINE,0.6370921730995178,0.7522265674316719,4,X_scGPT,mil,0.5,44
paclitaxel,LS180_LARGE_INTESTINE,0.4816078245639801,0.4347725252200362,3,X_scGPT,mil,0.5,44
paclitaxel,MCF7_BREAST,0.7188596725463867,0.604221517181063,1,X_scGPT,mil,0.5,44
paclitaxel,MDAMB361_BREAST,0.7592437863349915,0.6374296894779912,1,X_scGPT,mil,0.5,44
paclitaxel,MFE319_ENDOMETRIUM,0.33053478598594666,0.5191053066266145,2,X_scGPT,mil,0.5,44
paclitaxel,MKN45_STOMACH,1.0542246103286743,0.5702726982407651,1,X_scGPT,mil,0.5,44
paclitaxel,MKN7_STOMACH,0.7204365134239197,0.6241417796343796,5,X_scGPT,mil,0.5,44
paclitaxel,MSTO211H_PLEURA,0.5372766852378845,0.526703599326137,1,X_scGPT,mil,0.5,44
paclitaxel,NCIH1299_LUNG,0.7549321055412292,0.5282832102829151,2,X_scGPT,mil,0.5,44
paclitaxel,NCIH1373_LUNG,0.8187294602394104,0.4962564586866193,3,X_scGPT,mil,0.5,44
paclitaxel,NCIH1435_LUNG,0.8090988397598267,0.5193427864755138,3,X_scGPT,mil,0.5,44
paclitaxel,NCIH1792_LUNG,0.5818405151367188,0.7192167698800027,4,X_scGPT,mil,0.5,44
paclitaxel,NCIH1944_LUNG,0.3740067780017853,0.5362780992535577,2,X_scGPT,mil,0.5,44
paclitaxel,NCIH2087_LUNG,0.5467512607574463,0.5492240234052754,5,X_scGPT,mil,0.5,44
paclitaxel,NCIH2110_LUNG,0.272956520318985,0.5553737316299323,1,X_scGPT,mil,0.5,44
paclitaxel,NCIH2126_LUNG,0.5379691123962402,0.7166393166690161,4,X_scGPT,mil,0.5,44
paclitaxel,NCIH2170_LUNG,0.5391324758529663,0.6207934708242685,4,X_scGPT,mil,0.5,44
paclitaxel,NCIH2228_LUNG,0.4602290689945221,0.6314246555440107,3,X_scGPT,mil,0.5,44
paclitaxel,NCIH226_LUNG,0.8687956929206848,0.6282328357087805,1,X_scGPT,mil,0.5,44
paclitaxel,NCIH2444_LUNG,0.9581254720687866,0.69749974839798,3,X_scGPT,mil,0.5,44
paclitaxel,NCIH2452_PLEURA,0.5407692193984985,0.5700615659965459,3,X_scGPT,mil,0.5,44
paclitaxel,NCIH292_LUNG,0.5668730139732361,0.4567027861523516,3,X_scGPT,mil,0.5,44
paclitaxel,NCIH358_LUNG,0.25940781831741333,0.5709447889987912,1,X_scGPT,mil,0.5,44
paclitaxel,NCIH446_LUNG,0.14456011354923248,0.21886672140384206,3,X_scGPT,mil,0.5,44
paclitaxel,NCIH460_LUNG,0.7660059332847595,0.4474171261562384,3,X_scGPT,mil,0.5,44
paclitaxel,NCIH522_LUNG,0.17662416398525238,0.3661802029953553,2,X_scGPT,mil,0.5,44
paclitaxel,NCIH650_LUNG,0.5765936970710754,0.7279584690433587,5,X_scGPT,mil,0.5,44
paclitaxel,NCIH747_LARGE_INTESTINE,0.5780559778213501,0.5828986495733262,5,X_scGPT,mil,0.5,44
paclitaxel,OAW28_OVARY,0.6478685736656189,0.7327495180301785,5,X_scGPT,mil,0.5,44
paclitaxel,ONCODG1_OVARY,0.3199176490306854,0.5221368539112585,2,X_scGPT,mil,0.5,44
paclitaxel,OSRC2_KIDNEY,0.7962691187858582,0.8072890942058866,3,X_scGPT,mil,0.5,44
paclitaxel,OUMS23_LARGE_INTESTINE,0.7829944491386414,0.7069871364352859,5,X_scGPT,mil,0.5,44
paclitaxel,OVCAR4_OVARY,0.8004850149154663,0.6853799307093603,1,X_scGPT,mil,0.5,44
paclitaxel,OVK18_OVARY,0.4765249192714691,0.46547710476966386,5,X_scGPT,mil,0.5,44
paclitaxel,OVSAHO_OVARY,0.8824303150177002,0.5150237261986418,2,X_scGPT,mil,0.5,44
paclitaxel,OVTOKO_OVARY,0.8369354605674744,0.5969389554416163,2,X_scGPT,mil,0.5,44
paclitaxel,PANC0203_PANCREAS,0.6423929333686829,0.4510054883396201,3,X_scGPT,mil,0.5,44
paclitaxel,PATU8988S_PANCREAS,0.446163147687912,0.7241175079443416,2,X_scGPT,mil,0.5,44
paclitaxel,PC3_PROSTATE,0.6623719334602356,0.6084447190959072,1,X_scGPT,mil,0.5,44
paclitaxel,PECAPJ49_UPPER_AERODIGESTIVE_TRACT,0.1385912001132965,0.46091263645356245,1,X_scGPT,mil,0.5,44
paclitaxel,PK45H_PANCREAS,0.654854953289032,0.7692182130039398,4,X_scGPT,mil,0.5,44
paclitaxel,PK59_PANCREAS,0.7222234010696411,0.6752480595618829,5,X_scGPT,mil,0.5,44
paclitaxel,RCC10RGB_KIDNEY,0.9201443791389465,0.7990855756235736,5,X_scGPT,mil,0.5,44
paclitaxel,RCM1_LARGE_INTESTINE,0.8737563490867615,0.5547151356004179,3,X_scGPT,mil,0.5,44
paclitaxel,RD_SOFT_TISSUE,0.4241355359554291,0.4050676514362467,1,X_scGPT,mil,0.5,44
paclitaxel,RERFLCAD1_LUNG,0.8790925741195679,0.679226087567247,5,X_scGPT,mil,0.5,44
paclitaxel,RERFLCAI_LUNG,0.2502758204936981,0.6126216767187356,5,X_scGPT,mil,0.5,44
paclitaxel,RT4_URINARY_TRACT,0.6046387553215027,0.5429945385681009,5,X_scGPT,mil,0.5,44
paclitaxel,RVH421_SKIN,0.7491921186447144,0.8295888686279872,4,X_scGPT,mil,0.5,44
paclitaxel,SCC25_UPPER_AERODIGESTIVE_TRACT,0.2888741195201874,0.24504587548745502,2,X_scGPT,mil,0.5,44
paclitaxel,SCC9_UPPER_AERODIGESTIVE_TRACT,0.5322899222373962,0.40810088308233966,2,X_scGPT,mil,0.5,44
paclitaxel,SH10TC_STOMACH,0.361468106508255,0.7605247421142383,5,X_scGPT,mil,0.5,44
paclitaxel,SKES1_BONE,0.13089656829833984,0.3049901409463568,2,X_scGPT,mil,0.5,44
paclitaxel,SKMEL30_SKIN,0.8269326090812683,0.6675049069076354,1,X_scGPT,mil,0.5,44
paclitaxel,SKMEL5_SKIN,0.6843826770782471,0.7874890375217605,4,X_scGPT,mil,0.5,44
paclitaxel,SKNAS_AUTONOMIC_GANGLIA,0.4287222623825073,0.32036136605043325,2,X_scGPT,mil,0.5,44
paclitaxel,SNU1079_BILIARY_TRACT,0.7723974585533142,0.6965347210021868,1,X_scGPT,mil,0.5,44
paclitaxel,SNU1214_UPPER_AERODIGESTIVE_TRACT,0.6571193337440491,0.3920514244348445,1,X_scGPT,mil,0.5,44
paclitaxel,SNU308_BILIARY_TRACT,0.6758968234062195,0.5531362485378346,1,X_scGPT,mil,0.5,44
paclitaxel,SNU423_LIVER,0.33964672684669495,0.7549975764638973,4,X_scGPT,mil,0.5,44
paclitaxel,SNU449_LIVER,0.7268666625022888,0.5274580798461928,3,X_scGPT,mil,0.5,44
paclitaxel,SNU46_UPPER_AERODIGESTIVE_TRACT,0.7909281253814697,0.7060455703886889,4,X_scGPT,mil,0.5,44
paclitaxel,SNU738_CENTRAL_NERVOUS_SYSTEM,0.4399850070476532,0.6093169637122695,1,X_scGPT,mil,0.5,44
paclitaxel,SNU899_UPPER_AERODIGESTIVE_TRACT,0.681810736656189,0.5788640297320952,2,X_scGPT,mil,0.5,44
paclitaxel,SQ1_LUNG,0.7129773497581482,0.6954167472715137,3,X_scGPT,mil,0.5,44
paclitaxel,SU8686_PANCREAS,0.5364874601364136,0.6302384461571531,1,X_scGPT,mil,0.5,44
paclitaxel,SW1088_CENTRAL_NERVOUS_SYSTEM,0.5202143788337708,0.7408762238919735,4,X_scGPT,mil,0.5,44
paclitaxel,SW1271_LUNG,0.4873711168766022,0.6539898190809332,1,X_scGPT,mil,0.5,44
paclitaxel,SW1990_PANCREAS,0.5378300547599792,0.664533329126501,5,X_scGPT,mil,0.5,44
paclitaxel,SW579_THYROID,0.2767201066017151,0.5822770760356006,3,X_scGPT,mil,0.5,44
paclitaxel,T47D_BREAST,0.803274393081665,0.6905595835517434,1,X_scGPT,mil,0.5,44
paclitaxel,TCCSUP_URINARY_TRACT,0.6246080994606018,0.541942459024206,3,X_scGPT,mil,0.5,44
paclitaxel,TE10_OESOPHAGUS,0.5292326211929321,0.6640285786972743,4,X_scGPT,mil,0.5,44
paclitaxel,TE14_OESOPHAGUS,0.2964872419834137,0.339709597549358,1,X_scGPT,mil,0.5,44
paclitaxel,TE1_OESOPHAGUS,0.7852445244789124,0.7294150697953493,4,X_scGPT,mil,0.5,44
paclitaxel,TE6_OESOPHAGUS,0.25333571434020996,0.36363571682123436,2,X_scGPT,mil,0.5,44
paclitaxel,TM31_CENTRAL_NERVOUS_SYSTEM,0.6742895245552063,0.4811315693218133,2,X_scGPT,mil,0.5,44
paclitaxel,TOV112D_OVARY,0.3578580617904663,0.35213413414282674,2,X_scGPT,mil,0.5,44
paclitaxel,UACC257_SKIN,0.8656947016716003,0.4794213463821172,1,X_scGPT,mil,0.5,44
paclitaxel,UMUC1_URINARY_TRACT,0.45489633083343506,0.5824168504494701,1,X_scGPT,mil,0.5,44
paclitaxel,VMCUB1_URINARY_TRACT,0.2998367249965668,0.5666672209566108,4,X_scGPT,mil,0.5,44
paclitaxel,VMRCRCZ_KIDNEY,0.7868435978889465,0.6201838707923889,2,X_scGPT,mil,0.5,44
paclitaxel,ZR751_BREAST,1.0104048252105713,0.3955459178072735,1,X_scGPT,mil,0.5,44
gemcitabine,42MGBA_CENTRAL_NERVOUS_SYSTEM,0.5005143880844116,0.7473104802107718,4,X_scGPT,mil,0.5,44
gemcitabine,8305C_THYROID,0.6218052506446838,0.7798241427521301,4,X_scGPT,mil,0.5,44
gemcitabine,A204_SOFT_TISSUE,0.39566460251808167,0.7438463864326477,4,X_scGPT,mil,0.5,44
gemcitabine,A2058_SKIN,0.8566543459892273,0.6838064716786755,5,X_scGPT,mil,0.5,44
gemcitabine,A375_SKIN,0.34170886874198914,0.7190703867257747,3,X_scGPT,mil,0.5,44
gemcitabine,ACCMESO1_PLEURA,0.9600024223327637,0.778902072965363,2,X_scGPT,mil,0.5,44
gemcitabine,ASPC1_PANCREAS,0.8360801339149475,0.804361387984506,4,X_scGPT,mil,0.5,44
gemcitabine,BCPAP_THYROID,0.6562466621398926,0.756970730267073,4,X_scGPT,mil,0.5,44
gemcitabine,BFTC909_KIDNEY,0.6332346200942993,0.7042936427926639,5,X_scGPT,mil,0.5,44
gemcitabine,BHY_UPPER_AERODIGESTIVE_TRACT,0.49976876378059387,0.652677313418224,3,X_scGPT,mil,0.5,44
gemcitabine,BICR16_UPPER_AERODIGESTIVE_TRACT,0.898076593875885,0.6798280207615979,5,X_scGPT,mil,0.5,44
gemcitabine,BICR31_UPPER_AERODIGESTIVE_TRACT,0.8775738477706909,0.6357629895210266,3,X_scGPT,mil,0.5,44
gemcitabine,BICR56_UPPER_AERODIGESTIVE_TRACT,0.8867817521095276,0.6130197600082115,3,X_scGPT,mil,0.5,44
gemcitabine,BICR6_UPPER_AERODIGESTIVE_TRACT,0.9811211228370667,0.6773076701414334,5,X_scGPT,mil,0.5,44
gemcitabine,BT474_BREAST,1.1705902814865112,0.7768313474655152,4,X_scGPT,mil,0.5,44
gemcitabine,BT549_BREAST,0.8982008099555969,0.7344118892250204,1,X_scGPT,mil,0.5,44
gemcitabine,CAKI2_KIDNEY,0.8708728551864624,0.8015494466685563,4,X_scGPT,mil,0.5,44
gemcitabine,CALU6_LUNG,0.781755805015564,0.6596864525430887,3,X_scGPT,mil,0.5,44
gemcitabine,CAMA1_BREAST,0.8566052317619324,0.8192581135997248,3,X_scGPT,mil,0.5,44
gemcitabine,CAS1_CENTRAL_NERVOUS_SYSTEM,0.6782752275466919,0.7824491181767973,1,X_scGPT,mil,0.5,44
gemcitabine,CCFSTTG1_CENTRAL_NERVOUS_SYSTEM,0.9153845310211182,0.6751413958344034,5,X_scGPT,mil,0.5,44
gemcitabine,COLO741_SKIN,0.866061806678772,0.8705125309776028,3,X_scGPT,mil,0.5,44
gemcitabine,COLO792_SKIN,0.8210777640342712,0.8172728177366222,2,X_scGPT,mil,0.5,44
gemcitabine,COV434_OVARY,0.4338838756084442,0.6793200366876342,4,X_scGPT,mil,0.5,44
gemcitabine,DETROIT562_UPPER_AERODIGESTIVE_TRACT,0.6181465983390808,0.5708943748035313,2,X_scGPT,mil,0.5,44
gemcitabine,DKMG_CENTRAL_NERVOUS_SYSTEM,0.6961764693260193,0.7078521528807074,5,X_scGPT,mil,0.5,44
gemcitabine,EBC1_LUNG,0.30304309725761414,0.6840211688190379,3,X_scGPT,mil,0.5,44
gemcitabine,EFE184_ENDOMETRIUM,0.671839714050293,0.7851034860278285,4,X_scGPT,mil,0.5,44
gemcitabine,EFM192A_BREAST,0.6512632369995117,0.7558054818405403,5,X_scGPT,mil,0.5,44
gemcitabine,EKVX_LUNG,0.9874262809753418,0.7522669557022722,2,X_scGPT,mil,0.5,44
gemcitabine,FTC133_THYROID,0.6643245220184326,0.7935851795332772,3,X_scGPT,mil,0.5,44
gemcitabine,GOS3_CENTRAL_NERVOUS_SYSTEM,0.6326534152030945,0.6903545428945131,2,X_scGPT,mil,0.5,44
gemcitabine,HCC1428_BREAST,1.0535941123962402,0.7809575143761522,5,X_scGPT,mil,0.5,44
gemcitabine,HCC366_LUNG,0.5387693643569946,0.7748375375672142,5,X_scGPT,mil,0.5,44
gemcitabine,HCC38_BREAST,0.44297653436660767,0.7978638112545013,5,X_scGPT,mil,0.5,44
gemcitabine,HCC56_LARGE_INTESTINE,0.769647479057312,0.7045187877886223,3,X_scGPT,mil,0.5,44
gemcitabine,HDQP1_BREAST,0.9436390399932861,0.7239608187228441,3,X_scGPT,mil,0.5,44
gemcitabine,HEC151_ENDOMETRIUM,0.5687434077262878,0.7648046581745148,4,X_scGPT,mil,0.5,44
gemcitabine,HEC251_ENDOMETRIUM,0.8283629417419434,0.6841328347397742,3,X_scGPT,mil,0.5,44
gemcitabine,HEC6_ENDOMETRIUM,0.7369199991226196,0.7615112506824991,1,X_scGPT,mil,0.5,44
gemcitabine,HEP3B217_LIVER,0.8503090739250183,0.7242746398610583,2,X_scGPT,mil,0.5,44
gemcitabine,HMC18_BREAST,0.5817105174064636,0.7935087788633925,2,X_scGPT,mil,0.5,44
gemcitabine,HOS_BONE,0.7406152486801147,0.701763601513047,4,X_scGPT,mil,0.5,44
gemcitabine,HS852T_SKIN,0.6088628172874451,0.8261213328367398,3,X_scGPT,mil,0.5,44
gemcitabine,HT1080_SOFT_TISSUE,0.6308806538581848,0.7288654808734738,5,X_scGPT,mil,0.5,44
gemcitabine,HT1197_URINARY_TRACT,0.8877960443496704,0.8024742240841324,4,X_scGPT,mil,0.5,44
gemcitabine,HT55_LARGE_INTESTINE,0.7846170663833618,0.787171730498002,1,X_scGPT,mil,0.5,44
gemcitabine,HUH28_BILIARY_TRACT,0.9175785779953003,0.7617743109627594,2,X_scGPT,mil,0.5,44
gemcitabine,HUH6_LIVER,0.734017014503479,0.8032272987111786,4,X_scGPT,mil,0.5,44
gemcitabine,HUPT3_PANCREAS,0.82715904712677,0.7587715492529028,5,X_scGPT,mil,0.5,44
gemcitabine,HUPT4_PANCREAS,0.6738348603248596,0.7341798416205815,5,X_scGPT,mil,0.5,44
gemcitabine,IALM_LUNG,1.0259499549865723,0.749708274506634,4,X_scGPT,mil,0.5,44
gemcitabine,IGR1_SKIN,0.7302095890045166,0.5926061918817718,5,X_scGPT,mil,0.5,44
gemcitabine,IGR37_SKIN,0.4442389905452728,0.8659398208777568,2,X_scGPT,mil,0.5,44
gemcitabine,IM95_STOMACH,0.6315738558769226,0.7715532270637718,4,X_scGPT,mil,0.5,44
gemcitabine,JHH6_LIVER,1.39784836769104,0.7028610000332582,3,X_scGPT,mil,0.5,44
gemcitabine,JHOC5_OVARY,0.4567776322364807,0.7436021907576199,5,X_scGPT,mil,0.5,44
gemcitabine,KALS1_CENTRAL_NERVOUS_SYSTEM,0.7936452627182007,0.712005802947614,2,X_scGPT,mil,0.5,44
gemcitabine,KMRC3_KIDNEY,0.5808050632476807,0.7823140154079515,1,X_scGPT,mil,0.5,44
gemcitabine,KNS42_CENTRAL_NERVOUS_SYSTEM,0.9519704580307007,0.7484803151252658,4,X_scGPT,mil,0.5,44
gemcitabine,KPL1_BREAST,0.8953196406364441,0.8318491734672284,3,X_scGPT,mil,0.5,44
gemcitabine,KPNSI9S_AUTONOMIC_GANGLIA,0.4565414786338806,0.7484472948451375,5,X_scGPT,mil,0.5,44
gemcitabine,KYSE520_OESOPHAGUS,0.9058042168617249,0.6105608357918152,2,X_scGPT,mil,0.5,44
gemcitabine,LI7_LIVER,0.5827900767326355,0.7505115869702125,4,X_scGPT,mil,0.5,44
gemcitabine,LMSU_STOMACH,0.8756802678108215,0.6450939547781851,2,X_scGPT,mil,0.5,44
gemcitabine,LNCAPCLONEFGC_PROSTATE,0.5755029320716858,1.0465287312056668,2,X_scGPT,mil,0.5,44
gemcitabine,LS1034_LARGE_INTESTINE,0.6300612092018127,0.7871948317305683,4,X_scGPT,mil,0.5,44
gemcitabine,LS180_LARGE_INTESTINE,0.4482704699039459,0.6751463516432162,3,X_scGPT,mil,0.5,44
gemcitabine,MCF7_BREAST,0.8343956470489502,0.9515440618241584,1,X_scGPT,mil,0.5,44
gemcitabine,MDAMB361_BREAST,0.7940967082977295,1.140340267728876,1,X_scGPT,mil,0.5,44
gemcitabine,MFE319_ENDOMETRIUM,0.969434380531311,0.7456281849851158,2,X_scGPT,mil,0.5,44
gemcitabine,MKN45_STOMACH,0.9803581833839417,0.6932328030214472,1,X_scGPT,mil,0.5,44
gemcitabine,MKN7_STOMACH,0.9915323257446289,0.7277529593123946,5,X_scGPT,mil,0.5,44
gemcitabine,NCIH1299_LUNG,0.7092453837394714,0.7754886707339841,2,X_scGPT,mil,0.5,44
gemcitabine,NCIH1373_LUNG,0.6424748301506042,0.7045479380502934,3,X_scGPT,mil,0.5,44
gemcitabine,NCIH1435_LUNG,0.5391858816146851,0.7607138014018312,3,X_scGPT,mil,0.5,44
gemcitabine,NCIH1792_LUNG,0.6867678165435791,0.756293658200685,4,X_scGPT,mil,0.5,44
gemcitabine,NCIH1944_LUNG,0.543655276298523,0.7040573731424727,2,X_scGPT,mil,0.5,44
gemcitabine,NCIH2087_LUNG,0.42783018946647644,0.6832354535523071,5,X_scGPT,mil,0.5,44
gemcitabine,NCIH2110_LUNG,0.3368552327156067,0.7317546039669957,1,X_scGPT,mil,0.5,44
gemcitabine,NCIH2126_LUNG,0.6156565546989441,0.7779429823611722,4,X_scGPT,mil,0.5,44
gemcitabine,NCIH2170_LUNG,0.44036784768104553,0.7234566140342766,4,X_scGPT,mil,0.5,44
gemcitabine,NCIH2228_LUNG,0.5427727699279785,0.7488025002161228,3,X_scGPT,mil,0.5,44
gemcitabine,NCIH226_LUNG,0.7438065409660339,0.8035630246426196,1,X_scGPT,mil,0.5,44
gemcitabine,NCIH2444_LUNG,1.066865086555481,0.7896695597262322,3,X_scGPT,mil,0.5,44
gemcitabine,NCIH2452_PLEURA,0.7650330066680908,0.6625236802938702,3,X_scGPT,mil,0.5,44
gemcitabine,NCIH292_LUNG,0.5377177000045776,0.6651298531064405,3,X_scGPT,mil,0.5,44
gemcitabine,NCIH358_LUNG,0.8151067495346069,0.7401457875967026,1,X_scGPT,mil,0.5,44
gemcitabine,NCIH446_LUNG,0.529270589351654,0.40070364107282797,3,X_scGPT,mil,0.5,44
gemcitabine,NCIH460_LUNG,0.6561989784240723,0.6504536340171149,3,X_scGPT,mil,0.5,44
gemcitabine,NCIH522_LUNG,0.6660993695259094,0.7127878067012017,2,X_scGPT,mil,0.5,44
gemcitabine,NCIH650_LUNG,0.47172221541404724,0.834113306884836,5,X_scGPT,mil,0.5,44
gemcitabine,NCIH747_LARGE_INTESTINE,0.6213706135749817,0.6763518087565898,5,X_scGPT,mil,0.5,44
gemcitabine,OAW28_OVARY,0.8206195831298828,0.8118583837651318,5,X_scGPT,mil,0.5,44
gemcitabine,ONCODG1_OVARY,0.7360410094261169,0.6745344027324959,2,X_scGPT,mil,0.5,44
gemcitabine,OSRC2_KIDNEY,0.8197447061538696,0.8859306834046803,3,X_scGPT,mil,0.5,44
gemcitabine,OUMS23_LARGE_INTESTINE,1.1526105403900146,0.7865806065987204,5,X_scGPT,mil,0.5,44
gemcitabine,OVCAR4_OVARY,0.9360761046409607,0.8192849645766268,1,X_scGPT,mil,0.5,44
gemcitabine,OVK18_OVARY,0.7555391192436218,0.6164860830882962,5,X_scGPT,mil,0.5,44
gemcitabine,OVSAHO_OVARY,0.8870753645896912,0.7514261910568775,2,X_scGPT,mil,0.5,44
gemcitabine,OVTOKO_OVARY,0.506416916847229,0.7086941169209457,2,X_scGPT,mil,0.5,44
gemcitabine,PANC0203_PANCREAS,0.8555566668510437,0.6696808467740598,3,X_scGPT,mil,0.5,44
gemcitabine,PATU8988S_PANCREAS,0.7852508425712585,0.6530558459582876,2,X_scGPT,mil,0.5,44
gemcitabine,PC3_PROSTATE,0.8767961263656616,0.776390643514825,1,X_scGPT,mil,0.5,44
gemcitabine,PECAPJ49_UPPER_AERODIGESTIVE_TRACT,0.4231942892074585,0.7133596580807525,1,X_scGPT,mil,0.5,44
gemcitabine,PK45H_PANCREAS,0.9328077435493469,0.7847252105434882,4,X_scGPT,mil,0.5,44
gemcitabine,PK59_PANCREAS,0.636519193649292,0.7430792187137165,5,X_scGPT,mil,0.5,44
gemcitabine,RCC10RGB_KIDNEY,0.7424089908599854,0.8907755815420028,5,X_scGPT,mil,0.5,44
gemcitabine,RCM1_LARGE_INTESTINE,0.7560239434242249,0.6868292458821088,3,X_scGPT,mil,0.5,44
gemcitabine,RD_SOFT_TISSUE,0.7025274038314819,0.6523118835527778,1,X_scGPT,mil,0.5,44
gemcitabine,RERFLCAD1_LUNG,1.0192153453826904,0.7812247335174938,5,X_scGPT,mil,0.5,44
gemcitabine,RERFLCAI_LUNG,0.5772891044616699,0.7441282843777893,5,X_scGPT,mil,0.5,44
gemcitabine,RT4_URINARY_TRACT,0.457478791475296,0.592520240342842,5,X_scGPT,mil,0.5,44
gemcitabine,RVH421_SKIN,0.9899332523345947,0.8117130286523987,4,X_scGPT,mil,0.5,44
gemcitabine,SCC25_UPPER_AERODIGESTIVE_TRACT,0.7432425022125244,0.5177924149485101,2,X_scGPT,mil,0.5,44
gemcitabine,SCC9_UPPER_AERODIGESTIVE_TRACT,0.847379744052887,0.6600392128291883,2,X_scGPT,mil,0.5,44
gemcitabine,SH10TC_STOMACH,1.105261206626892,0.874328648602521,5,X_scGPT,mil,0.5,44
gemcitabine,SKES1_BONE,0.2559921145439148,0.6912389463120765,2,X_scGPT,mil,0.5,44
gemcitabine,SKMEL2_SKIN,1.6098883152008057,0.7472005492967108,1,X_scGPT,mil,0.5,44
gemcitabine,SKMEL30_SKIN,0.8910692930221558,0.8392348118949544,1,X_scGPT,mil,0.5,44
gemcitabine,SKMEL5_SKIN,0.5815538763999939,0.7947398685044311,4,X_scGPT,mil,0.5,44
gemcitabine,SKNAS_AUTONOMIC_GANGLIA,0.6201527714729309,0.7498122134567362,2,X_scGPT,mil,0.5,44
gemcitabine,SNU1079_BILIARY_TRACT,0.7596206665039062,0.8350106943143557,1,X_scGPT,mil,0.5,44
gemcitabine,SNU1214_UPPER_AERODIGESTIVE_TRACT,0.7392807602882385,0.702070009518177,1,X_scGPT,mil,0.5,44
gemcitabine,SNU308_BILIARY_TRACT,0.8736388683319092,0.734370212605659,1,X_scGPT,mil,0.5,44
gemcitabine,SNU423_LIVER,0.7069547176361084,0.7697509021129249,4,X_scGPT,mil,0.5,44
gemcitabine,SNU449_LIVER,0.8254060745239258,0.7017200994998851,3,X_scGPT,mil,0.5,44
gemcitabine,SNU46_UPPER_AERODIGESTIVE_TRACT,0.8096166253089905,0.7537562435461302,4,X_scGPT,mil,0.5,44
gemcitabine,SNU738_CENTRAL_NERVOUS_SYSTEM,0.6285289525985718,0.8040788776799054,1,X_scGPT,mil,0.5,44
gemcitabine,SNU899_UPPER_AERODIGESTIVE_TRACT,0.7130030393600464,0.6456615163619259,2,X_scGPT,mil,0.5,44
gemcitabine,SNUC4_LARGE_INTESTINE,0.8598319888114929,0.5681039272334897,5,X_scGPT,mil,0.5,44
gemcitabine,SQ1_LUNG,0.6690840125083923,0.8245112675578654,3,X_scGPT,mil,0.5,44
gemcitabine,SU8686_PANCREAS,0.6601048111915588,0.7380586237442203,1,X_scGPT,mil,0.5,44
gemcitabine,SW1088_CENTRAL_NERVOUS_SYSTEM,0.571869432926178,0.775569352786988,4,X_scGPT,mil,0.5,44
gemcitabine,SW1271_LUNG,0.613210141658783,0.8234062049699866,1,X_scGPT,mil,0.5,44
gemcitabine,SW1990_PANCREAS,0.6145241856575012,0.776078763536211,5,X_scGPT,mil,0.5,44
gemcitabine,SW579_THYROID,0.40441542863845825,0.7441515884091777,3,X_scGPT,mil,0.5,44
gemcitabine,T47D_BREAST,0.8489176630973816,1.0797244005613198,1,X_scGPT,mil,0.5,44
gemcitabine,TCCSUP_URINARY_TRACT,0.7683467864990234,0.7230977561277679,3,X_scGPT,mil,0.5,44
gemcitabine,TE10_OESOPHAGUS,0.7129018306732178,0.7495247759775484,4,X_scGPT,mil,0.5,44
gemcitabine,TE14_OESOPHAGUS,0.5843991637229919,0.6417200720008416,1,X_scGPT,mil,0.5,44
gemcitabine,TE1_OESOPHAGUS,0.6737027764320374,0.7736914108679133,4,X_scGPT,mil,0.5,44
gemcitabine,TE6_OESOPHAGUS,0.6561077833175659,0.553125363945312,2,X_scGPT,mil,0.5,44
gemcitabine,TE9_OESOPHAGUS,0.6804585456848145,0.5901291899142727,2,X_scGPT,mil,0.5,44
gemcitabine,TM31_CENTRAL_NERVOUS_SYSTEM,0.786973774433136,0.7015468026029652,2,X_scGPT,mil,0.5,44
gemcitabine,TOV112D_OVARY,0.34909936785697937,0.7518427295562549,2,X_scGPT,mil,0.5,44
gemcitabine,UACC257_SKIN,0.6209816336631775,0.6720191037056337,1,X_scGPT,mil,0.5,44
gemcitabine,UMUC1_URINARY_TRACT,0.5380436182022095,0.7484543547412466,1,X_scGPT,mil,0.5,44
gemcitabine,VMCUB1_URINARY_TRACT,0.5477825999259949,0.7084313157213283,4,X_scGPT,mil,0.5,44
gemcitabine,VMRCRCZ_KIDNEY,0.8047785758972168,0.7607704089085261,2,X_scGPT,mil,0.5,44
gemcitabine,YD38_UPPER_AERODIGESTIVE_TRACT,0.555411159992218,0.7074173296300265,4,X_scGPT,mil,0.5,44
gemcitabine,ZR751_BREAST,1.101744294166565,0.752897620972692,1,X_scGPT,mil,0.5,44
imatinib,42MGBA_CENTRAL_NERVOUS_SYSTEM,0.7974890470504761,0.9654949485795378,4,X_scGPT,mil,0.5,44
imatinib,8305C_THYROID,1.0951011180877686,0.9933742313343455,4,X_scGPT,mil,0.5,44
imatinib,A204_SOFT_TISSUE,0.6459641456604004,0.9574689774513244,4,X_scGPT,mil,0.5,44
imatinib,A2058_SKIN,0.8841478228569031,0.9184082391716185,5,X_scGPT,mil,0.5,44
imatinib,A375_SKIN,1.0721155405044556,0.9028165705288441,3,X_scGPT,mil,0.5,44
imatinib,ACCMESO1_PLEURA,1.0530558824539185,0.9572171289243816,2,X_scGPT,mil,0.5,44
imatinib,ASPC1_PANCREAS,0.8563504219055176,1.0065556783100655,4,X_scGPT,mil,0.5,44
imatinib,BCPAP_THYROID,1.0814443826675415,0.9851293544235983,4,X_scGPT,mil,0.5,44
imatinib,BFTC909_KIDNEY,0.9346845149993896,0.9003862049774632,5,X_scGPT,mil,0.5,44
imatinib,BHY_UPPER_AERODIGESTIVE_TRACT,1.003937005996704,0.9642736619916455,3,X_scGPT,mil,0.5,44
imatinib,BICR16_UPPER_AERODIGESTIVE_TRACT,0.8788600564002991,0.962022345021086,5,X_scGPT,mil,0.5,44
imatinib,BICR31_UPPER_AERODIGESTIVE_TRACT,0.9263787269592285,0.9516546896869137,3,X_scGPT,mil,0.5,44
imatinib,BICR56_UPPER_AERODIGESTIVE_TRACT,0.9975255727767944,0.9256736724464981,3,X_scGPT,mil,0.5,44
imatinib,BICR6_UPPER_AERODIGESTIVE_TRACT,0.9933727383613586,0.9695977797875037,5,X_scGPT,mil,0.5,44
imatinib,BT474_BREAST,0.9909359812736511,0.9751496601104737,4,X_scGPT,mil,0.5,44
imatinib,BT549_BREAST,1.058056116104126,0.9050830459236202,1,X_scGPT,mil,0.5,44
imatinib,CAKI2_KIDNEY,0.891399621963501,1.0010717528329478,4,X_scGPT,mil,0.5,44
imatinib,CALU6_LUNG,0.9442189335823059,0.9588474280150362,3,X_scGPT,mil,0.5,44
imatinib,CAMA1_BREAST,0.9417577981948853,0.9438249464706867,3,X_scGPT,mil,0.5,44
imatinib,CAS1_CENTRAL_NERVOUS_SYSTEM,0.9765406250953674,0.9215230834215207,1,X_scGPT,mil,0.5,44
imatinib,CCFSTTG1_CENTRAL_NERVOUS_SYSTEM,0.9044836163520813,0.8945295386682681,5,X_scGPT,mil,0.5,44
imatinib,COLO792_SKIN,0.8340573906898499,0.9773056806233537,2,X_scGPT,mil,0.5,44
imatinib,COV434_OVARY,0.89787757396698,0.9438508146188476,4,X_scGPT,mil,0.5,44
imatinib,DETROIT562_UPPER_AERODIGESTIVE_TRACT,0.875342607498169,0.9879692017666402,2,X_scGPT,mil,0.5,44
imatinib,DKMG_CENTRAL_NERVOUS_SYSTEM,0.8902096152305603,0.8787078523108001,5,X_scGPT,mil,0.5,44
imatinib,EBC1_LUNG,0.9644688963890076,0.9595931547303354,3,X_scGPT,mil,0.5,44
imatinib,EFE184_ENDOMETRIUM,1.009013056755066,0.995542434065841,4,X_scGPT,mil,0.5,44
imatinib,EFM192A_BREAST,0.8446081876754761,0.9655247837215573,5,X_scGPT,mil,0.5,44
imatinib,EKVX_LUNG,0.9665436744689941,0.9689532840905124,2,X_scGPT,mil,0.5,44
imatinib,FTC133_THYROID,0.902299165725708,0.9530915294374739,3,X_scGPT,mil,0.5,44
imatinib,GOS3_CENTRAL_NERVOUS_SYSTEM,0.9142825603485107,0.9374558360788835,2,X_scGPT,mil,0.5,44
imatinib,HCC1428_BREAST,0.9144049882888794,1.006213239797457,5,X_scGPT,mil,0.5,44
imatinib,HCC366_LUNG,1.028393268585205,1.0063503074764024,5,X_scGPT,mil,0.5,44
imatinib,HCC38_BREAST,0.9484294056892395,0.9925909650325775,5,X_scGPT,mil,0.5,44
imatinib,HCC56_LARGE_INTESTINE,1.1700106859207153,0.9430633030756556,3,X_scGPT,mil,0.5,44
imatinib,HDQP1_BREAST,1.1716277599334717,0.9615151109173894,3,X_scGPT,mil,0.5,44
imatinib,HEC151_ENDOMETRIUM,0.9507309198379517,0.992470920085907,4,X_scGPT,mil,0.5,44
imatinib,HEC251_ENDOMETRIUM,0.982420802116394,0.9738423841021885,3,X_scGPT,mil,0.5,44
imatinib,HEC6_ENDOMETRIUM,0.9746668338775635,0.9704559878532931,1,X_scGPT,mil,0.5,44
imatinib,HEP3B217_LIVER,0.9081746935844421,1.0031067754252483,2,X_scGPT,mil,0.5,44
imatinib,HMC18_BREAST,0.9684697985649109,0.9144711683634605,2,X_scGPT,mil,0.5,44
imatinib,HOS_BONE,0.8908408880233765,0.9841510487408057,4,X_scGPT,mil,0.5,44
imatinib,HS852T_SKIN,1.1679837703704834,0.9383385247654386,3,X_scGPT,mil,0.5,44
imatinib,HT1080_SOFT_TISSUE,0.9255314469337463,0.9514989388543506,5,X_scGPT,mil,0.5,44
imatinib,HT1197_URINARY_TRACT,0.9558719396591187,1.006385032389615,4,X_scGPT,mil,0.5,44
imatinib,HT55_LARGE_INTESTINE,0.9312896728515625,1.065662732621505,1,X_scGPT,mil,0.5,44
imatinib,HUH28_BILIARY_TRACT,1.1410142183303833,0.9472846388816833,2,X_scGPT,mil,0.5,44
imatinib,HUH6_LIVER,0.8700514435768127,0.986796553141972,4,X_scGPT,mil,0.5,44
imatinib,HUPT3_PANCREAS,0.9597815871238708,1.0195586225565743,5,X_scGPT,mil,0.5,44
imatinib,HUPT4_PANCREAS,0.9757904410362244,1.002058509205069,5,X_scGPT,mil,0.5,44
imatinib,IALM_LUNG,0.9999850988388062,0.9862914548157165,4,X_scGPT,mil,0.5,44
imatinib,IGR1_SKIN,1.0326862335205078,0.9545311469045179,5,X_scGPT,mil,0.5,44
imatinib,IGR37_SKIN,1.0056467056274414,0.94968275034462,2,X_scGPT,mil,0.5,44
imatinib,IM95_STOMACH,0.9186859130859375,0.9930952149468499,4,X_scGPT,mil,0.5,44
imatinib,JHH6_LIVER,1.000203013420105,0.9478891899863493,3,X_scGPT,mil,0.5,44
imatinib,JHOC5_OVARY,0.9674712419509888,1.000855816232747,5,X_scGPT,mil,0.5,44
imatinib,KALS1_CENTRAL_NERVOUS_SYSTEM,0.9474613070487976,0.949178616826733,2,X_scGPT,mil,0.5,44
imatinib,KMRC3_KIDNEY,0.8424506187438965,0.9908567980844147,1,X_scGPT,mil,0.5,44
imatinib,KNS42_CENTRAL_NERVOUS_SYSTEM,0.9179285168647766,0.9648545893818833,4,X_scGPT,mil,0.5,44
imatinib,KPL1_BREAST,1.0681864023208618,0.9491808855015299,3,X_scGPT,mil,0.5,44
imatinib,KPNSI9S_AUTONOMIC_GANGLIA,1.039858102798462,0.9127435882886251,5,X_scGPT,mil,0.5,44
imatinib,KYSE520_OESOPHAGUS,0.945729672908783,0.9800446764234418,2,X_scGPT,mil,0.5,44
imatinib,LI7_LIVER,0.8340868949890137,0.9728063347996497,4,X_scGPT,mil,0.5,44
imatinib,LMSU_STOMACH,0.8321190476417542,0.9347324233429105,2,X_scGPT,mil,0.5,44
imatinib,LNCAPCLONEFGC_PROSTATE,0.9230631589889526,0.9168671910152879,2,X_scGPT,mil,0.5,44
imatinib,LS1034_LARGE_INTESTINE,0.8493166565895081,0.9912116776590478,4,X_scGPT,mil,0.5,44
imatinib,LS180_LARGE_INTESTINE,1.0123558044433594,0.9306863584346718,3,X_scGPT,mil,0.5,44
imatinib,MCF7_BREAST,1.0205093622207642,1.0147500771742601,1,X_scGPT,mil,0.5,44
imatinib,MDAMB361_BREAST,0.9177303910255432,1.0185026349844757,1,X_scGPT,mil,0.5,44
imatinib,MFE319_ENDOMETRIUM,0.9985067844390869,0.9606436600235744,2,X_scGPT,mil,0.5,44
imatinib,MKN45_STOMACH,0.9823302030563354,1.0135334391715163,1,X_scGPT,mil,0.5,44
imatinib,MKN7_STOMACH,1.0322765111923218,0.9572185358797857,5,X_scGPT,mil,0.5,44
imatinib,NCIH1299_LUNG,1.0137672424316406,0.951001951645376,2,X_scGPT,mil,0.5,44
imatinib,NCIH1373_LUNG,0.9991770386695862,0.9736276181732736,3,X_scGPT,mil,0.5,44
imatinib,NCIH1435_LUNG,0.9789023399353027,0.9412197720691953,3,X_scGPT,mil,0.5,44
imatinib,NCIH1792_LUNG,1.0024890899658203,0.9865823350511156,4,X_scGPT,mil,0.5,44
imatinib,NCIH1944_LUNG,0.8461954593658447,0.9617839840011321,2,X_scGPT,mil,0.5,44
imatinib,NCIH2087_LUNG,0.9938225746154785,0.9792317631037812,5,X_scGPT,mil,0.5,44
imatinib,NCIH2110_LUNG,0.8915949463844299,0.9695240128579451,1,X_scGPT,mil,0.5,44
imatinib,NCIH2126_LUNG,0.9990637898445129,0.9852159052635684,4,X_scGPT,mil,0.5,44
imatinib,NCIH2170_LUNG,0.9432941675186157,0.9783690706105299,4,X_scGPT,mil,0.5,44
imatinib,NCIH2228_LUNG,1.0107890367507935,0.9805268296104036,3,X_scGPT,mil,0.5,44
imatinib,NCIH226_LUNG,1.00823175907135,0.9419620049760696,1,X_scGPT,mil,0.5,44
imatinib,NCIH2444_LUNG,1.0054807662963867,1.0087648778525082,3,X_scGPT,mil,0.5,44
imatinib,NCIH2452_PLEURA,0.9541221857070923,0.967231254262995,3,X_scGPT,mil,0.5,44
imatinib,NCIH292_LUNG,0.9060679078102112,0.9562371339596493,3,X_scGPT,mil,0.5,44
imatinib,NCIH358_LUNG,1.0672982931137085,0.9639812010739531,1,X_scGPT,mil,0.5,44
imatinib,NCIH446_LUNG,0.9621572494506836,0.8805288091606024,3,X_scGPT,mil,0.5,44
imatinib,NCIH460_LUNG,0.9731983542442322,0.9265577231256765,3,X_scGPT,mil,0.5,44
imatinib,NCIH522_LUNG,0.9223247170448303,0.9024667132359284,2,X_scGPT,mil,0.5,44
imatinib,NCIH650_LUNG,0.742181658744812,1.0239120270933173,5,X_scGPT,mil,0.5,44
imatinib,NCIH747_LARGE_INTESTINE,0.7638504505157471,1.0175851911306382,5,X_scGPT,mil,0.5,44
imatinib,OAW28_OVARY,0.9528711438179016,1.0077880543211233,5,X_scGPT,mil,0.5,44
imatinib,ONCODG1_OVARY,1.0656236410140991,0.9951622046806194,2,X_scGPT,mil,0.5,44
imatinib,OSRC2_KIDNEY,1.008285641670227,0.9906430277559493,3,X_scGPT,mil,0.5,44
imatinib,OUMS23_LARGE_INTESTINE,1.0636982917785645,0.9368329404670501,5,X_scGPT,mil,0.5,44
imatinib,OVCAR4_OVARY,0.9936311841011047,1.0213216225165782,1,X_scGPT,mil,0.5,44
imatinib,OVK18_OVARY,1.0000770092010498,0.9333313100793389,5,X_scGPT,mil,0.5,44
imatinib,OVSAHO_OVARY,0.9421826601028442,0.9510581367341432,2,X_scGPT,mil,0.5,44
imatinib,OVTOKO_OVARY,1.0253087282180786,1.0035564890888888,2,X_scGPT,mil,0.5,44
imatinib,PANC0203_PANCREAS,0.9721590876579285,0.9387862569258618,3,X_scGPT,mil,0.5,44
imatinib,PATU8988S_PANCREAS,0.9349052906036377,1.0276921643096892,2,X_scGPT,mil,0.5,44
imatinib,PC3_PROSTATE,0.9497227668762207,0.9633651636761321,1,X_scGPT,mil,0.5,44
imatinib,PECAPJ49_UPPER_AERODIGESTIVE_TRACT,0.9878193140029907,0.9729213593619885,1,X_scGPT,mil,0.5,44
imatinib,PK45H_PANCREAS,0.9831220507621765,1.0027780543834082,4,X_scGPT,mil,0.5,44
imatinib,PK59_PANCREAS,0.9190185070037842,0.9716640416233019,5,X_scGPT,mil,0.5,44
imatinib,RCC10RGB_KIDNEY,0.9667925834655762,0.9972119912057475,5,X_scGPT,mil,0.5,44
imatinib,RCM1_LARGE_INTESTINE,0.9487661719322205,0.9147842209786177,3,X_scGPT,mil,0.5,44
imatinib,RD_SOFT_TISSUE,0.9183173179626465,0.8803804331812365,1,X_scGPT,mil,0.5,44
imatinib,RERFLCAD1_LUNG,1.0442442893981934,0.9550720894778216,5,X_scGPT,mil,0.5,44
imatinib,RERFLCAI_LUNG,0.9362004995346069,0.9839225441881432,5,X_scGPT,mil,0.5,44
imatinib,RT4_URINARY_TRACT,1.027958631515503,0.9718228955313845,5,X_scGPT,mil,0.5,44
imatinib,RVH421_SKIN,0.9349554181098938,0.9846204269880031,4,X_scGPT,mil,0.5,44
imatinib,SCC25_UPPER_AERODIGESTIVE_TRACT,0.9275673031806946,0.9468217060003089,2,X_scGPT,mil,0.5,44
imatinib,SCC9_UPPER_AERODIGESTIVE_TRACT,0.9285261034965515,0.9487265776333056,2,X_scGPT,mil,0.5,44
imatinib,SH10TC_STOMACH,0.9620896577835083,0.946472415896902,5,X_scGPT,mil,0.5,44
imatinib,SKES1_BONE,1.0058947801589966,0.8760591869825846,2,X_scGPT,mil,0.5,44
imatinib,SKMEL2_SKIN,0.9228715300559998,0.9317468864762265,1,X_scGPT,mil,0.5,44
imatinib,SKMEL30_SKIN,0.9940280318260193,1.0144797494323665,1,X_scGPT,mil,0.5,44
imatinib,SKMEL5_SKIN,1.0296889543533325,0.9602134009001633,4,X_scGPT,mil,0.5,44
imatinib,SKNAS_AUTONOMIC_GANGLIA,0.9617713689804077,0.8576345485923564,2,X_scGPT,mil,0.5,44
imatinib,SNU1214_UPPER_AERODIGESTIVE_TRACT,1.0432400703430176,0.9489465384407246,1,X_scGPT,mil,0.5,44
imatinib,SNU308_BILIARY_TRACT,0.9719071984291077,0.9696186229269556,1,X_scGPT,mil,0.5,44
imatinib,SNU423_LIVER,0.9207717776298523,1.002065416776909,4,X_scGPT,mil,0.5,44
imatinib,SNU449_LIVER,0.9065098166465759,0.9759142986426117,3,X_scGPT,mil,0.5,44
imatinib,SNU46_UPPER_AERODIGESTIVE_TRACT,0.9189621806144714,0.9994544457581084,4,X_scGPT,mil,0.5,44
imatinib,SNU738_CENTRAL_NERVOUS_SYSTEM,1.1610615253448486,0.9703000091940244,1,X_scGPT,mil,0.5,44
imatinib,SNU899_UPPER_AERODIGESTIVE_TRACT,0.994714081287384,1.0189452106694141,2,X_scGPT,mil,0.5,44
imatinib,SNUC4_LARGE_INTESTINE,0.9843310117721558,1.0041457662235236,5,X_scGPT,mil,0.5,44
imatinib,SQ1_LUNG,1.3075755834579468,0.9717288688451302,3,X_scGPT,mil,0.5,44
imatinib,SU8686_PANCREAS,1.0099101066589355,1.0032897620666317,1,X_scGPT,mil,0.5,44
imatinib,SW1088_CENTRAL_NERVOUS_SYSTEM,0.9793033599853516,0.9773404714651406,4,X_scGPT,mil,0.5,44
imatinib,SW1271_LUNG,0.9389393925666809,0.9764892904654793,1,X_scGPT,mil,0.5,44
imatinib,SW1990_PANCREAS,0.908486545085907,0.970296642485193,5,X_scGPT,mil,0.5,44
imatinib,SW579_THYROID,0.6032810211181641,0.9675002603486935,3,X_scGPT,mil,0.5,44
imatinib,T47D_BREAST,0.8783296942710876,1.0591653874017535,1,X_scGPT,mil,0.5,44
imatinib,TCCSUP_URINARY_TRACT,0.9596133828163147,0.9690683046473733,3,X_scGPT,mil,0.5,44
imatinib,TE10_OESOPHAGUS,1.0412399768829346,0.9941068931257344,4,X_scGPT,mil,0.5,44
imatinib,TE14_OESOPHAGUS,0.8636499047279358,0.9475622633589974,1,X_scGPT,mil,0.5,44
imatinib,TE1_OESOPHAGUS,1.0101912021636963,0.9970781571656755,4,X_scGPT,mil,0.5,44
imatinib,TE6_OESOPHAGUS,0.9241904616355896,0.9744574762948411,2,X_scGPT,mil,0.5,44
imatinib,TE9_OESOPHAGUS,1.002119541168213,0.9884763186977755,2,X_scGPT,mil,0.5,44
imatinib,TM31_CENTRAL_NERVOUS_SYSTEM,0.8456926941871643,0.9441070582332283,2,X_scGPT,mil,0.5,44
imatinib,TOV112D_OVARY,0.8788573145866394,0.8599952123103998,2,X_scGPT,mil,0.5,44
imatinib,UACC257_SKIN,0.9354337453842163,0.9849586429456287,1,X_scGPT,mil,0.5,44
imatinib,UMUC1_URINARY_TRACT,0.9040716886520386,0.9859007448714396,1,X_scGPT,mil,0.5,44
imatinib,VMCUB1_URINARY_TRACT,0.9649621248245239,0.9767494489707708,4,X_scGPT,mil,0.5,44
imatinib,VMRCRCZ_KIDNEY,0.9633647799491882,0.9831413628657659,2,X_scGPT,mil,0.5,44
imatinib,YD38_UPPER_AERODIGESTIVE_TRACT,1.0483087301254272,0.9813803683679837,4,X_scGPT,mil,0.5,44
erlotinib,42MGBA_CENTRAL_NERVOUS_SYSTEM,0.9227536916732788,0.9534740397368618,4,X_scGPT,mil,0.5,44
erlotinib,8305C_THYROID,0.7939732670783997,0.9096521770252901,4,X_scGPT,mil,0.5,44
erlotinib,A204_SOFT_TISSUE,0.815484344959259,0.9633153338432312,4,X_scGPT,mil,0.5,44
erlotinib,A2058_SKIN,0.9949605464935303,0.975672113652132,5,X_scGPT,mil,0.5,44
erlotinib,A375_SKIN,0.973318874835968,1.02218453578563,3,X_scGPT,mil,0.5,44
erlotinib,ACCMESO1_PLEURA,0.9420119524002075,0.8891070437284163,2,X_scGPT,mil,0.5,44
erlotinib,ASPC1_PANCREAS,0.9369305968284607,0.8406739393184925,4,X_scGPT,mil,0.5,44
erlotinib,BCPAP_THYROID,0.8213984370231628,0.9127736907256278,4,X_scGPT,mil,0.5,44
erlotinib,BFTC909_KIDNEY,0.9552398324012756,0.9357624009919985,5,X_scGPT,mil,0.5,44
erlotinib,BHY_UPPER_AERODIGESTIVE_TRACT,0.5991201400756836,0.7743335321031768,3,X_scGPT,mil,0.5,44
erlotinib,BICR16_UPPER_AERODIGESTIVE_TRACT,0.7892967462539673,0.793178676434283,5,X_scGPT,mil,0.5,44
erlotinib,BICR31_UPPER_AERODIGESTIVE_TRACT,0.8042541146278381,0.8026028234631785,3,X_scGPT,mil,0.5,44
erlotinib,BICR56_UPPER_AERODIGESTIVE_TRACT,0.6093823909759521,0.7028337974607208,3,X_scGPT,mil,0.5,44
erlotinib,BICR6_UPPER_AERODIGESTIVE_TRACT,0.7608282566070557,0.7851993504104081,5,X_scGPT,mil,0.5,44
erlotinib,BT474_BREAST,0.9083369374275208,0.8691596264839172,4,X_scGPT,mil,0.5,44
erlotinib,BT549_BREAST,1.1754072904586792,0.9567054487708816,1,X_scGPT,mil,0.5,44
erlotinib,CAKI2_KIDNEY,0.8694139719009399,0.8663121311784648,4,X_scGPT,mil,0.5,44
erlotinib,CALU6_LUNG,0.7326635122299194,0.93380895210791,3,X_scGPT,mil,0.5,44
erlotinib,CAMA1_BREAST,0.9175612330436707,0.9753845502011145,3,X_scGPT,mil,0.5,44
erlotinib,CAS1_CENTRAL_NERVOUS_SYSTEM,1.0273317098617554,0.9787450293849286,1,X_scGPT,mil,0.5,44
erlotinib,CCFSTTG1_CENTRAL_NERVOUS_SYSTEM,1.1513586044311523,0.9643071492513021,5,X_scGPT,mil,0.5,44
erlotinib,COLO792_SKIN,0.9660155773162842,0.9204675251707379,2,X_scGPT,mil,0.5,44
erlotinib,COV434_OVARY,0.8242210149765015,0.9786967560648918,4,X_scGPT,mil,0.5,44
erlotinib,DETROIT562_UPPER_AERODIGESTIVE_TRACT,0.8132838010787964,0.7547717778229275,2,X_scGPT,mil,0.5,44
erlotinib,DKMG_CENTRAL_NERVOUS_SYSTEM,1.0006624460220337,0.9728791949053972,5,X_scGPT,mil,0.5,44
erlotinib,EBC1_LUNG,0.9782431721687317,0.8677357326271713,3,X_scGPT,mil,0.5,44
erlotinib,EFE184_ENDOMETRIUM,0.856898844242096,0.8680301772993665,4,X_scGPT,mil,0.5,44
erlotinib,EFM192A_BREAST,0.9408064484596252,0.8881701483382834,5,X_scGPT,mil,0.5,44
erlotinib,EKVX_LUNG,0.6745953559875488,0.8852501878999683,2,X_scGPT,mil,0.5,44
erlotinib,FTC133_THYROID,0.9978106617927551,0.9843310305050441,3,X_scGPT,mil,0.5,44
erlotinib,GOS3_CENTRAL_NERVOUS_SYSTEM,0.9610662460327148,0.911717948177098,2,X_scGPT,mil,0.5,44
erlotinib,HCC1428_BREAST,0.9036024212837219,0.8398760852851267,5,X_scGPT,mil,0.5,44
erlotinib,HCC366_LUNG,0.9372639656066895,0.8783446467748963,5,X_scGPT,mil,0.5,44
erlotinib,HCC38_BREAST,1.3760467767715454,0.8240663808584213,5,X_scGPT,mil,0.5,44
erlotinib,HCC56_LARGE_INTESTINE,0.8906144499778748,0.7878587619222776,3,X_scGPT,mil,0.5,44
erlotinib,HDQP1_BREAST,0.7821134328842163,0.9104816131293774,3,X_scGPT,mil,0.5,44
erlotinib,HEC151_ENDOMETRIUM,0.8126585483551025,0.8695717935562134,4,X_scGPT,mil,0.5,44
erlotinib,HEC251_ENDOMETRIUM,0.8099750280380249,0.8661803012696382,3,X_scGPT,mil,0.5,44
erlotinib,HEC6_ENDOMETRIUM,0.9715927243232727,0.9168166699616805,1,X_scGPT,mil,0.5,44
erlotinib,HEP3B217_LIVER,0.9021901488304138,0.809092729273489,2,X_scGPT,mil,0.5,44
erlotinib,HMC18_BREAST,0.9371680021286011,0.9564884713892237,2,X_scGPT,mil,0.5,44
erlotinib,HOS_BONE,0.9278596639633179,0.900140443311238,4,X_scGPT,mil,0.5,44
erlotinib,HS852T_SKIN,0.9603044986724854,1.0585135534221743,3,X_scGPT,mil,0.5,44
erlotinib,HT1080_SOFT_TISSUE,1.026070475578308,0.8930834803239319,5,X_scGPT,mil,0.5,44
erlotinib,HT1197_URINARY_TRACT,0.9786010384559631,0.8498859727704847,4,X_scGPT,mil,0.5,44
erlotinib,HT55_LARGE_INTESTINE,0.7001996040344238,0.9368914136954394,1,X_scGPT,mil,0.5,44
erlotinib,HUH28_BILIARY_TRACT,0.9290624260902405,0.955286838167863,2,X_scGPT,mil,0.5,44
erlotinib,HUH6_LIVER,0.9072860479354858,0.8972216745805458,4,X_scGPT,mil,0.5,44
erlotinib,HUPT3_PANCREAS,1.0160894393920898,0.8356258895467309,5,X_scGPT,mil,0.5,44
erlotinib,HUPT4_PANCREAS,0.6695789098739624,0.8977884448000363,5,X_scGPT,mil,0.5,44
erlotinib,IALM_LUNG,1.0861659049987793,0.8868684816804732,4,X_scGPT,mil,0.5,44
erlotinib,IGR1_SKIN,0.8977431058883667,0.983495990161238,5,X_scGPT,mil,0.5,44
erlotinib,IGR37_SKIN,0.953414261341095,0.9994098793189189,2,X_scGPT,mil,0.5,44
erlotinib,IM95_STOMACH,0.8462339043617249,0.8269144415855407,4,X_scGPT,mil,0.5,44
erlotinib,JHH6_LIVER,1.0701408386230469,0.9462380501830462,3,X_scGPT,mil,0.5,44
erlotinib,JHOC5_OVARY,0.7816890478134155,0.8173204442550396,5,X_scGPT,mil,0.5,44
erlotinib,KALS1_CENTRAL_NERVOUS_SYSTEM,0.8893588781356812,0.9384489537527164,2,X_scGPT,mil,0.5,44
erlotinib,KMRC3_KIDNEY,0.7994269132614136,0.9078560885117979,1,X_scGPT,mil,0.5,44
erlotinib,KNS42_CENTRAL_NERVOUS_SYSTEM,0.9486578702926636,0.940108239997265,4,X_scGPT,mil,0.5,44
erlotinib,KPL1_BREAST,1.0272578001022339,0.9660505861907766,3,X_scGPT,mil,0.5,44
erlotinib,KPNSI9S_AUTONOMIC_GANGLIA,0.9400601387023926,0.9598851809205935,5,X_scGPT,mil,0.5,44
erlotinib,KYSE520_OESOPHAGUS,0.8989939093589783,0.7657790403617056,2,X_scGPT,mil,0.5,44
erlotinib,LI7_LIVER,0.8600107431411743,0.8947401250503502,4,X_scGPT,mil,0.5,44
erlotinib,LMSU_STOMACH,1.00900137424469,0.905719276970508,2,X_scGPT,mil,0.5,44
erlotinib,LNCAPCLONEFGC_PROSTATE,0.8897188901901245,0.8383811199387838,2,X_scGPT,mil,0.5,44
erlotinib,LS1034_LARGE_INTESTINE,1.0561456680297852,0.8469547466055988,4,X_scGPT,mil,0.5,44
erlotinib,LS180_LARGE_INTESTINE,0.8111333250999451,0.8043309990058646,3,X_scGPT,mil,0.5,44
erlotinib,MCF7_BREAST,1.005828619003296,0.961622474910496,1,X_scGPT,mil,0.5,44
erlotinib,MDAMB361_BREAST,0.8625293970108032,1.0343739770076894,1,X_scGPT,mil,0.5,44
erlotinib,MFE319_ENDOMETRIUM,0.8470615148544312,0.9044255779675788,2,X_scGPT,mil,0.5,44
erlotinib,MKN45_STOMACH,0.9280589818954468,0.8686561897649603,1,X_scGPT,mil,0.5,44
erlotinib,MKN7_STOMACH,0.9375415444374084,0.94275901645653,5,X_scGPT,mil,0.5,44
erlotinib,MSTO211H_PLEURA,0.7535524368286133,0.9429205489479733,1,X_scGPT,mil,0.5,44
erlotinib,NCIH1299_LUNG,0.9564399719238281,0.8642217127348153,2,X_scGPT,mil,0.5,44
erlotinib,NCIH1373_LUNG,0.9308328032493591,0.8536467305043849,3,X_scGPT,mil,0.5,44
erlotinib,NCIH1435_LUNG,0.8299428224563599,0.8870528882808899,3,X_scGPT,mil,0.5,44
erlotinib,NCIH1792_LUNG,0.9225801229476929,0.9032850598429775,4,X_scGPT,mil,0.5,44
erlotinib,NCIH1944_LUNG,0.6755056381225586,0.8493581467492569,2,X_scGPT,mil,0.5,44
erlotinib,NCIH2087_LUNG,0.9466559886932373,0.8865427753152368,5,X_scGPT,mil,0.5,44
erlotinib,NCIH2110_LUNG,0.8700545430183411,0.8298617526963727,1,X_scGPT,mil,0.5,44
erlotinib,NCIH2126_LUNG,0.9581408500671387,0.8453641511274107,4,X_scGPT,mil,0.5,44
erlotinib,NCIH2170_LUNG,0.8296470642089844,0.8559098537539093,4,X_scGPT,mil,0.5,44
erlotinib,NCIH2228_LUNG,0.9437503218650818,0.9195207696844512,3,X_scGPT,mil,0.5,44
erlotinib,NCIH226_LUNG,1.0212596654891968,0.9474319227198337,1,X_scGPT,mil,0.5,44
erlotinib,NCIH2444_LUNG,0.8689837455749512,0.9393548457431391,3,X_scGPT,mil,0.5,44
erlotinib,NCIH2452_PLEURA,0.9806432127952576,1.0120677025123157,3,X_scGPT,mil,0.5,44
erlotinib,NCIH292_LUNG,0.7732622027397156,0.8375843684997917,3,X_scGPT,mil,0.5,44
erlotinib,NCIH358_LUNG,0.590069055557251,0.8886388086137318,1,X_scGPT,mil,0.5,44
erlotinib,NCIH446_LUNG,0.9970192313194275,1.027326417516689,3,X_scGPT,mil,0.5,44
erlotinib,NCIH460_LUNG,0.8841593265533447,0.9595696440449467,3,X_scGPT,mil,0.5,44
erlotinib,NCIH522_LUNG,1.0643805265426636,0.92455193400383,2,X_scGPT,mil,0.5,44
erlotinib,NCIH650_LUNG,0.927263081073761,0.8470246340955755,5,X_scGPT,mil,0.5,44
erlotinib,NCIH747_LARGE_INTESTINE,0.6506001353263855,0.8203837372362613,5,X_scGPT,mil,0.5,44
erlotinib,OAW28_OVARY,0.8934064507484436,0.9315739037087245,5,X_scGPT,mil,0.5,44
erlotinib,ONCODG1_OVARY,0.7493202090263367,0.8662736786736382,2,X_scGPT,mil,0.5,44
erlotinib,OSRC2_KIDNEY,0.9018242359161377,0.976580929661554,3,X_scGPT,mil,0.5,44
erlotinib,OUMS23_LARGE_INTESTINE,0.9114434123039246,1.0143160201678767,5,X_scGPT,mil,0.5,44
erlotinib,OVCAR4_OVARY,0.9459946751594543,0.8987043167171546,1,X_scGPT,mil,0.5,44
erlotinib,OVK18_OVARY,0.9644356966018677,0.9355306786097838,5,X_scGPT,mil,0.5,44
erlotinib,OVSAHO_OVARY,0.9543871283531189,0.8989092187734428,2,X_scGPT,mil,0.5,44
erlotinib,OVTOKO_OVARY,0.8389784097671509,0.8066760583927757,2,X_scGPT,mil,0.5,44
erlotinib,PANC0203_PANCREAS,1.0559749603271484,0.8210595107596853,3,X_scGPT,mil,0.5,44
erlotinib,PATU8988S_PANCREAS,0.7620996832847595,0.7851515492943467,2,X_scGPT,mil,0.5,44
erlotinib,PC3_PROSTATE,0.9939237236976624,0.9506435228522713,1,X_scGPT,mil,0.5,44
erlotinib,PECAPJ49_UPPER_AERODIGESTIVE_TRACT,0.7799405455589294,0.665141097094753,1,X_scGPT,mil,0.5,44
erlotinib,PK45H_PANCREAS,1.1305443048477173,0.8702101199389384,4,X_scGPT,mil,0.5,44
erlotinib,PK59_PANCREAS,0.9944639205932617,0.9373606984642731,5,X_scGPT,mil,0.5,44
erlotinib,RCC10RGB_KIDNEY,0.9213240742683411,0.8605538511992524,5,X_scGPT,mil,0.5,44
erlotinib,RCM1_LARGE_INTESTINE,0.8782681822776794,0.8640256100334227,3,X_scGPT,mil,0.5,44
erlotinib,RD_SOFT_TISSUE,1.0266718864440918,0.9482239761115034,1,X_scGPT,mil,0.5,44
erlotinib,RERFLCAD1_LUNG,1.127927541732788,0.9415710730317198,5,X_scGPT,mil,0.5,44
erlotinib,RERFLCAI_LUNG,0.9139118194580078,0.9345158153405195,5,X_scGPT,mil,0.5,44
erlotinib,RT4_URINARY_TRACT,0.9337007403373718,0.8732262574276834,5,X_scGPT,mil,0.5,44
erlotinib,RVH421_SKIN,0.830150842666626,0.9303935187631073,4,X_scGPT,mil,0.5,44
erlotinib,SCC25_UPPER_AERODIGESTIVE_TRACT,0.7244674563407898,0.7316635704385677,2,X_scGPT,mil,0.5,44
erlotinib,SCC9_UPPER_AERODIGESTIVE_TRACT,0.8072189092636108,0.8362161460675691,2,X_scGPT,mil,0.5,44
erlotinib,SH10TC_STOMACH,0.8990940451622009,0.9756967775162808,5,X_scGPT,mil,0.5,44
erlotinib,SKES1_BONE,0.8499570488929749,0.961397491313599,2,X_scGPT,mil,0.5,44
erlotinib,SKMEL2_SKIN,1.1927125453948975,0.9356953331093857,1,X_scGPT,mil,0.5,44
erlotinib,SKMEL30_SKIN,1.0104385614395142,0.9567007297496958,1,X_scGPT,mil,0.5,44
erlotinib,SKMEL5_SKIN,0.9829933643341064,0.9202479093965857,4,X_scGPT,mil,0.5,44
erlotinib,SKNAS_AUTONOMIC_GANGLIA,1.0081439018249512,1.0275050512457315,2,X_scGPT,mil,0.5,44
erlotinib,SNU1079_BILIARY_TRACT,0.5385227799415588,0.9102479676677756,1,X_scGPT,mil,0.5,44
erlotinib,SNU1214_UPPER_AERODIGESTIVE_TRACT,0.7014681696891785,0.7325899264913924,1,X_scGPT,mil,0.5,44
erlotinib,SNU308_BILIARY_TRACT,0.7263644933700562,0.811163992323774,1,X_scGPT,mil,0.5,44
erlotinib,SNU423_LIVER,1.0440729856491089,0.8942772088185796,4,X_scGPT,mil,0.5,44
erlotinib,SNU449_LIVER,0.953109622001648,0.8879013122818994,3,X_scGPT,mil,0.5,44
erlotinib,SNU46_UPPER_AERODIGESTIVE_TRACT,0.899195671081543,0.8626323503963018,4,X_scGPT,mil,0.5,44
erlotinib,SNU738_CENTRAL_NERVOUS_SYSTEM,0.9397778511047363,0.9216332006265746,1,X_scGPT,mil,0.5,44
erlotinib,SNU899_UPPER_AERODIGESTIVE_TRACT,0.8379518985748291,0.7514412022498717,2,X_scGPT,mil,0.5,44
erlotinib,SNUC4_LARGE_INTESTINE,0.8305989503860474,0.7728705731653299,5,X_scGPT,mil,0.5,44
erlotinib,SQ1_LUNG,0.9026238322257996,0.9276474571528555,3,X_scGPT,mil,0.5,44
erlotinib,SU8686_PANCREAS,0.9828678369522095,0.88750809794519,1,X_scGPT,mil,0.5,44
erlotinib,SW1088_CENTRAL_NERVOUS_SYSTEM,1.0083885192871094,0.9481719629839063,4,X_scGPT,mil,0.5,44
erlotinib,SW1271_LUNG,1.048211932182312,0.9257773083189259,1,X_scGPT,mil,0.5,44
erlotinib,SW1990_PANCREAS,0.8841389417648315,0.9576849537485974,5,X_scGPT,mil,0.5,44
erlotinib,SW579_THYROID,0.9727556109428406,1.1017470991556546,3,X_scGPT,mil,0.5,44
erlotinib,T47D_BREAST,0.9229445457458496,0.9869700214442085,1,X_scGPT,mil,0.5,44
erlotinib,TCCSUP_URINARY_TRACT,0.9192463755607605,1.003179461895665,3,X_scGPT,mil,0.5,44
erlotinib,TE10_OESOPHAGUS,0.8801246285438538,0.8385871455549649,4,X_scGPT,mil,0.5,44
erlotinib,TE14_OESOPHAGUS,0.708821177482605,0.7373083352036617,1,X_scGPT,mil,0.5,44
erlotinib,TE1_OESOPHAGUS,0.8910790681838989,0.8520980109867541,4,X_scGPT,mil,0.5,44
erlotinib,TE6_OESOPHAGUS,0.8162715435028076,0.7251353523475937,2,X_scGPT,mil,0.5,44
erlotinib,TE9_OESOPHAGUS,0.875459611415863,0.7577279606653798,2,X_scGPT,mil,0.5,44
erlotinib,TM31_CENTRAL_NERVOUS_SYSTEM,0.9484850168228149,0.8940325338264992,2,X_scGPT,mil,0.5,44
erlotinib,TOV112D_OVARY,0.8339627385139465,1.007813763924134,2,X_scGPT,mil,0.5,44
erlotinib,UACC257_SKIN,1.0504016876220703,0.9201136797541853,1,X_scGPT,mil,0.5,44
erlotinib,VMCUB1_URINARY_TRACT,0.7953813672065735,0.8415431049827752,4,X_scGPT,mil,0.5,44
erlotinib,VMRCRCZ_KIDNEY,0.8398489952087402,0.8543093105157217,2,X_scGPT,mil,0.5,44
erlotinib,YD38_UPPER_AERODIGESTIVE_TRACT,0.5701578259468079,0.8354899866076616,4,X_scGPT,mil,0.5,44
erlotinib,ZR751_BREAST,0.8760277032852173,0.9996539167215909,1,X_scGPT,mil,0.5,44
sorafenib,42MGBA_CENTRAL_NERVOUS_SYSTEM,0.7620083093643188,0.8613541523231963,4,X_scGPT,mil,0.5,44
sorafenib,8305C_THYROID,0.9253087043762207,0.8755198537913802,4,X_scGPT,mil,0.5,44
sorafenib,A204_SOFT_TISSUE,0.5694727897644043,0.8468225288391114,4,X_scGPT,mil,0.5,44
sorafenib,A2058_SKIN,0.8890812397003174,0.8204505013770798,5,X_scGPT,mil,0.5,44
sorafenib,A375_SKIN,1.027357578277588,0.8554514134915241,3,X_scGPT,mil,0.5,44
sorafenib,ACCMESO1_PLEURA,0.9610148668289185,0.8342859616250168,2,X_scGPT,mil,0.5,44
sorafenib,ASPC1_PANCREAS,0.8247990012168884,0.9003770871409055,4,X_scGPT,mil,0.5,44
sorafenib,BCPAP_THYROID,0.9238057732582092,0.8708966660656428,4,X_scGPT,mil,0.5,44
sorafenib,BFTC909_KIDNEY,0.9635162949562073,0.8760337282296535,5,X_scGPT,mil,0.5,44
sorafenib,BHY_UPPER_AERODIGESTIVE_TRACT,0.9516038298606873,0.9022663527521594,3,X_scGPT,mil,0.5,44
sorafenib,BICR16_UPPER_AERODIGESTIVE_TRACT,0.9785931706428528,0.940126360868508,5,X_scGPT,mil,0.5,44
sorafenib,BICR31_UPPER_AERODIGESTIVE_TRACT,0.9844813942909241,0.9235753068520177,3,X_scGPT,mil,0.5,44
sorafenib,BICR56_UPPER_AERODIGESTIVE_TRACT,1.0484936237335205,0.9202472803033428,3,X_scGPT,mil,0.5,44
sorafenib,BICR6_UPPER_AERODIGESTIVE_TRACT,0.9508293867111206,0.9499930737318693,5,X_scGPT,mil,0.5,44
sorafenib,BT474_BREAST,0.7563530802726746,0.8768489561080932,4,X_scGPT,mil,0.5,44
sorafenib,BT549_BREAST,0.9377016425132751,0.8542127622697586,1,X_scGPT,mil,0.5,44
sorafenib,CAKI2_KIDNEY,0.8227479457855225,0.8880297297196422,4,X_scGPT,mil,0.5,44
sorafenib,CALU6_LUNG,0.7486880421638489,0.8729809042095213,3,X_scGPT,mil,0.5,44
sorafenib,CAMA1_BREAST,0.8539245128631592,0.9470696944961023,3,X_scGPT,mil,0.5,44
sorafenib,CAS1_CENTRAL_NERVOUS_SYSTEM,1.0254175662994385,0.8644529249435081,1,X_scGPT,mil,0.5,44
sorafenib,CCFSTTG1_CENTRAL_NERVOUS_SYSTEM,0.842994213104248,0.8883171350490756,5,X_scGPT,mil,0.5,44
sorafenib,COLO792_SKIN,0.7970544099807739,0.8572999373133332,2,X_scGPT,mil,0.5,44
sorafenib,COV434_OVARY,0.785873532295227,0.8300441313873638,4,X_scGPT,mil,0.5,44
sorafenib,DETROIT562_UPPER_AERODIGESTIVE_TRACT,0.9547587633132935,0.9609510642619221,2,X_scGPT,mil,0.5,44
sorafenib,DKMG_CENTRAL_NERVOUS_SYSTEM,0.9341744780540466,0.8541842092007289,5,X_scGPT,mil,0.5,44
sorafenib,EBC1_LUNG,0.8767582774162292,0.8733263493225139,3,X_scGPT,mil,0.5,44
sorafenib,EFE184_ENDOMETRIUM,0.9274181723594666,0.8921389863934628,4,X_scGPT,mil,0.5,44
sorafenib,EKVX_LUNG,0.7959703803062439,0.9072292291954772,2,X_scGPT,mil,0.5,44
sorafenib,FTC133_THYROID,0.8832694292068481,0.8491391152143478,3,X_scGPT,mil,0.5,44
sorafenib,GOS3_CENTRAL_NERVOUS_SYSTEM,0.8840194344520569,0.8585728940539336,2,X_scGPT,mil,0.5,44
sorafenib,HCC1428_BREAST,0.8387742042541504,0.8827812704514331,5,X_scGPT,mil,0.5,44
sorafenib,HCC366_LUNG,0.9401351809501648,0.9107921203174213,5,X_scGPT,mil,0.5,44
sorafenib,HCC38_BREAST,0.86554354429245,0.9170049804449082,5,X_scGPT,mil,0.5,44
sorafenib,HCC56_LARGE_INTESTINE,0.8666735291481018,0.8917444342314594,3,X_scGPT,mil,0.5,44
sorafenib,HDQP1_BREAST,1.0866868495941162,0.9261725042015314,3,X_scGPT,mil,0.5,44
sorafenib,HEC151_ENDOMETRIUM,0.8457918167114258,0.8864167022705078,4,X_scGPT,mil,0.5,44
sorafenib,HEC251_ENDOMETRIUM,0.9381492137908936,0.8779905744802172,3,X_scGPT,mil,0.5,44
sorafenib,HEC6_ENDOMETRIUM,0.9477641582489014,0.924672616194494,1,X_scGPT,mil,0.5,44
sorafenib,HEP3B217_LIVER,0.8732810020446777,0.858526158130775,2,X_scGPT,mil,0.5,44
sorafenib,HMC18_BREAST,0.9106922149658203,0.8528407114357671,2,X_scGPT,mil,0.5,44
sorafenib,HOS_BONE,0.7735216021537781,0.8695890162189562,4,X_scGPT,mil,0.5,44
sorafenib,HS852T_SKIN,1.1187642812728882,0.85059776092753,3,X_scGPT,mil,0.5,44
sorafenib,HT1080_SOFT_TISSUE,0.7839909195899963,0.8151792664398518,5,X_scGPT,mil,0.5,44
sorafenib,HT1197_URINARY_TRACT,0.6287790536880493,0.8970365427635811,4,X_scGPT,mil,0.5,44
sorafenib,HT55_LARGE_INTESTINE,0.8548980951309204,0.8966237312244578,1,X_scGPT,mil,0.5,44
sorafenib,HUH28_BILIARY_TRACT,0.9776293635368347,0.8484351184728335,2,X_scGPT,mil,0.5,44
sorafenib,HUH6_LIVER,0.7311108112335205,0.8717423968413878,4,X_scGPT,mil,0.5,44
sorafenib,HUPT3_PANCREAS,0.8269335031509399,0.9824933414073551,5,X_scGPT,mil,0.5,44
sorafenib,HUPT4_PANCREAS,0.9032252430915833,0.8743617406913212,5,X_scGPT,mil,0.5,44
sorafenib,IALM_LUNG,0.7974401116371155,0.8740967358491436,4,X_scGPT,mil,0.5,44
sorafenib,IGR1_SKIN,0.8896166086196899,0.8187315380162207,5,X_scGPT,mil,0.5,44
sorafenib,IGR37_SKIN,0.879531741142273,0.8582854915077474,2,X_scGPT,mil,0.5,44
sorafenib,IM95_STOMACH,0.8234829306602478,0.902085758222116,4,X_scGPT,mil,0.5,44
sorafenib,JHH6_LIVER,0.9246944785118103,0.8922915368982889,3,X_scGPT,mil,0.5,44
sorafenib,JHOC5_OVARY,0.920386791229248,0.9004258262700048,5,X_scGPT,mil,0.5,44
sorafenib,KALS1_CENTRAL_NERVOUS_SYSTEM,0.8867756128311157,0.8639199301186535,2,X_scGPT,mil,0.5,44
sorafenib,KMRC3_KIDNEY,0.8500622510910034,0.9168690070814016,1,X_scGPT,mil,0.5,44
sorafenib,KNS42_CENTRAL_NERVOUS_SYSTEM,0.7692263722419739,0.861259610153908,4,X_scGPT,mil,0.5,44
sorafenib,KPL1_BREAST,0.9400314688682556,0.8966770910698435,3,X_scGPT,mil,0.5,44
sorafenib,KPNSI9S_AUTONOMIC_GANGLIA,0.9903244972229004,0.7712411048800446,5,X_scGPT,mil,0.5,44
sorafenib,KYSE520_OESOPHAGUS,0.877751350402832,0.9218086651973311,2,X_scGPT,mil,0.5,44
sorafenib,LI7_LIVER,0.7640031576156616,0.8770560448875233,4,X_scGPT,mil,0.5,44
sorafenib,LMSU_STOMACH,0.7875993847846985,0.8670122242441365,2,X_scGPT,mil,0.5,44
sorafenib,LNCAPCLONEFGC_PROSTATE,0.7684576511383057,0.8275188008944193,2,X_scGPT,mil,0.5,44
sorafenib,LS1034_LARGE_INTESTINE,0.8613359928131104,0.8867895737902759,4,X_scGPT,mil,0.5,44
sorafenib,LS180_LARGE_INTESTINE,0.9402288794517517,0.871994385511261,3,X_scGPT,mil,0.5,44
sorafenib,MCF7_BREAST,0.9517213106155396,0.9114763524148848,1,X_scGPT,mil,0.5,44
sorafenib,MDAMB361_BREAST,0.8062521815299988,0.8739203201399909,1,X_scGPT,mil,0.5,44
sorafenib,MFE319_ENDOMETRIUM,0.7475056648254395,0.9006192222315603,2,X_scGPT,mil,0.5,44
sorafenib,MKN45_STOMACH,0.9648969173431396,0.9243693639666347,1,X_scGPT,mil,0.5,44
sorafenib,MKN7_STOMACH,0.7809563279151917,0.9037030306897422,5,X_scGPT,mil,0.5,44
sorafenib,MSTO211H_PLEURA,0.7477384805679321,0.8567233242169775,1,X_scGPT,mil,0.5,44
sorafenib,NCIH1299_LUNG,0.935891330242157,0.8278632522299049,2,X_scGPT,mil,0.5,44
sorafenib,NCIH1373_LUNG,0.8798536062240601,0.8949660666105224,3,X_scGPT,mil,0.5,44
sorafenib,NCIH1435_LUNG,1.1175224781036377,0.8950028542275732,3,X_scGPT,mil,0.5,44
sorafenib,NCIH1792_LUNG,0.9024240374565125,0.8682897708437465,4,X_scGPT,mil,0.5,44
sorafenib,NCIH1944_LUNG,0.7645619511604309,0.903341252302778,2,X_scGPT,mil,0.5,44
sorafenib,NCIH2087_LUNG,0.6904840469360352,0.9466617330568566,5,X_scGPT,mil,0.5,44
sorafenib,NCIH2110_LUNG,0.8479146957397461,0.9536319653592517,1,X_scGPT,mil,0.5,44
sorafenib,NCIH2126_LUNG,1.0344574451446533,0.8966375318440524,4,X_scGPT,mil,0.5,44
sorafenib,NCIH2170_LUNG,0.8312334418296814,0.8764776616868838,4,X_scGPT,mil,0.5,44
sorafenib,NCIH2228_LUNG,0.8375949263572693,0.8886228923251909,3,X_scGPT,mil,0.5,44
sorafenib,NCIH226_LUNG,0.8705545663833618,0.9023705771628846,1,X_scGPT,mil,0.5,44
sorafenib,NCIH2452_PLEURA,0.8317050337791443,0.8701810329376987,3,X_scGPT,mil,0.5,44
sorafenib,NCIH292_LUNG,0.9365999102592468,0.9108588474457253,3,X_scGPT,mil,0.5,44
sorafenib,NCIH358_LUNG,0.8402299284934998,0.9382469920175416,1,X_scGPT,mil,0.5,44
sorafenib,NCIH446_LUNG,0.8009206056594849,0.7426019581604977,3,X_scGPT,mil,0.5,44
sorafenib,NCIH460_LUNG,0.9303207993507385,0.8703500271698053,3,X_scGPT,mil,0.5,44
sorafenib,NCIH522_LUNG,0.8639686107635498,0.8129507185747991,2,X_scGPT,mil,0.5,44
sorafenib,NCIH650_LUNG,0.9268368482589722,0.8937242743713829,5,X_scGPT,mil,0.5,44
sorafenib,NCIH747_LARGE_INTESTINE,0.8629636764526367,0.9305701680481434,5,X_scGPT,mil,0.5,44
sorafenib,OAW28_OVARY,0.9492865204811096,0.874009682895234,5,X_scGPT,mil,0.5,44
sorafenib,ONCODG1_OVARY,0.9276169538497925,0.9341476994532126,2,X_scGPT,mil,0.5,44
sorafenib,OSRC2_KIDNEY,0.9674766659736633,0.8207172008733901,3,X_scGPT,mil,0.5,44
sorafenib,OUMS23_LARGE_INTESTINE,0.9748827815055847,0.7785042752729399,5,X_scGPT,mil,0.5,44
sorafenib,OVCAR4_OVARY,0.9750659465789795,0.96136843252519,1,X_scGPT,mil,0.5,44
sorafenib,OVK18_OVARY,0.8941791653633118,0.7626477821489398,5,X_scGPT,mil,0.5,44
sorafenib,OVSAHO_OVARY,0.9573771357536316,0.9020613862554407,2,X_scGPT,mil,0.5,44
sorafenib,OVTOKO_OVARY,0.9591962695121765,0.9022706575941241,2,X_scGPT,mil,0.5,44
sorafenib,PANC0203_PANCREAS,0.8843251466751099,0.9209034591324244,3,X_scGPT,mil,0.5,44
sorafenib,PATU8988S_PANCREAS,0.8434209823608398,0.927817522990899,2,X_scGPT,mil,0.5,44
sorafenib,PC3_PROSTATE,0.8169124722480774,0.8958796855260635,1,X_scGPT,mil,0.5,44
sorafenib,PECAPJ49_UPPER_AERODIGESTIVE_TRACT,0.9694474935531616,0.9852883119394283,1,X_scGPT,mil,0.5,44
sorafenib,PK45H_PANCREAS,0.9857468008995056,0.8852626852883624,4,X_scGPT,mil,0.5,44
sorafenib,PK59_PANCREAS,0.9894026517868042,0.8874267665134079,5,X_scGPT,mil,0.5,44
sorafenib,RCC10RGB_KIDNEY,0.9638580083847046,0.8830680176935483,5,X_scGPT,mil,0.5,44
sorafenib,RCM1_LARGE_INTESTINE,0.9093775749206543,0.8752561658620834,3,X_scGPT,mil,0.5,44
sorafenib,RD_SOFT_TISSUE,0.812127411365509,0.8429066333277472,1,X_scGPT,mil,0.5,44
sorafenib,RERFLCAD1_LUNG,0.9769673943519592,0.8323478715900531,5,X_scGPT,mil,0.5,44
sorafenib,RERFLCAI_LUNG,0.821485161781311,0.8749796898149413,5,X_scGPT,mil,0.5,44
sorafenib,RT4_URINARY_TRACT,1.0305711030960083,0.8547391267317646,5,X_scGPT,mil,0.5,44
sorafenib,RVH421_SKIN,0.7901917099952698,0.8714708917809331,4,X_scGPT,mil,0.5,44
sorafenib,SCC25_UPPER_AERODIGESTIVE_TRACT,0.887211263179779,0.9792827129496764,2,X_scGPT,mil,0.5,44
sorafenib,SCC9_UPPER_AERODIGESTIVE_TRACT,0.9200924634933472,0.8674656123864023,2,X_scGPT,mil,0.5,44
sorafenib,SH10TC_STOMACH,0.836710512638092,0.7819071924924171,5,X_scGPT,mil,0.5,44
sorafenib,SKES1_BONE,0.826363742351532,0.7841807734835279,2,X_scGPT,mil,0.5,44
sorafenib,SKMEL30_SKIN,0.8652834296226501,0.909645642842517,1,X_scGPT,mil,0.5,44
sorafenib,SKMEL5_SKIN,0.8153934478759766,0.8759120620461024,4,X_scGPT,mil,0.5,44
sorafenib,SKNAS_AUTONOMIC_GANGLIA,0.8148652911186218,0.8031894857377078,2,X_scGPT,mil,0.5,44
sorafenib,SNU1079_BILIARY_TRACT,1.00655996799469,0.9405481349932004,1,X_scGPT,mil,0.5,44
sorafenib,SNU1214_UPPER_AERODIGESTIVE_TRACT,0.9543975591659546,0.9740567476825511,1,X_scGPT,mil,0.5,44
sorafenib,SNU308_BILIARY_TRACT,1.012415885925293,0.9597260343267563,1,X_scGPT,mil,0.5,44
sorafenib,SNU423_LIVER,0.866847813129425,0.8769808647767553,4,X_scGPT,mil,0.5,44
sorafenib,SNU449_LIVER,0.8178927302360535,0.8766913895911359,3,X_scGPT,mil,0.5,44
sorafenib,SNU46_UPPER_AERODIGESTIVE_TRACT,0.9638913869857788,0.8884719377857143,4,X_scGPT,mil,0.5,44
sorafenib,SNU738_CENTRAL_NERVOUS_SYSTEM,1.02228844165802,0.9062157366080775,1,X_scGPT,mil,0.5,44
sorafenib,SNU899_UPPER_AERODIGESTIVE_TRACT,0.91452956199646,0.9181174987769989,2,X_scGPT,mil,0.5,44
sorafenib,SNUC4_LARGE_INTESTINE,0.9002644419670105,0.8321969423610598,5,X_scGPT,mil,0.5,44
sorafenib,SQ1_LUNG,0.7700835466384888,0.8797792599481695,3,X_scGPT,mil,0.5,44
sorafenib,SU8686_PANCREAS,0.8709826469421387,0.9405152957613875,1,X_scGPT,mil,0.5,44
sorafenib,SW1088_CENTRAL_NERVOUS_SYSTEM,0.9265447854995728,0.8642925973981619,4,X_scGPT,mil,0.5,44
sorafenib,SW1271_LUNG,0.8496569991111755,0.9175351106602213,1,X_scGPT,mil,0.5,44
sorafenib,SW1990_PANCREAS,0.8949580192565918,0.8611247636596232,5,X_scGPT,mil,0.5,44
sorafenib,SW579_THYROID,0.5449548959732056,0.9050336730095648,3,X_scGPT,mil,0.5,44
sorafenib,T47D_BREAST,0.8224495649337769,0.8943136771340175,1,X_scGPT,mil,0.5,44
sorafenib,TCCSUP_URINARY_TRACT,0.8422660231590271,0.8646690962435324,3,X_scGPT,mil,0.5,44
sorafenib,TE10_OESOPHAGUS,0.9554001688957214,0.8947263898914808,4,X_scGPT,mil,0.5,44
sorafenib,TE14_OESOPHAGUS,0.9149248003959656,0.9547003556655932,1,X_scGPT,mil,0.5,44
sorafenib,TE1_OESOPHAGUS,1.0303728580474854,0.8940553520489665,4,X_scGPT,mil,0.5,44
sorafenib,TE9_OESOPHAGUS,0.9407044053077698,0.9493028454242214,2,X_scGPT,mil,0.5,44
sorafenib,TM31_CENTRAL_NERVOUS_SYSTEM,0.7330820560455322,0.8637702305769098,2,X_scGPT,mil,0.5,44
sorafenib,TOV112D_OVARY,0.7878868579864502,0.7951905849652413,2,X_scGPT,mil,0.5,44
sorafenib,UACC257_SKIN,0.8443854451179504,0.8838389468492325,1,X_scGPT,mil,0.5,44
sorafenib,UMUC1_URINARY_TRACT,0.7282541990280151,0.9826759230061836,1,X_scGPT,mil,0.5,44
sorafenib,VMCUB1_URINARY_TRACT,0.8223852515220642,0.8871506052286555,4,X_scGPT,mil,0.5,44
sorafenib,VMRCRCZ_KIDNEY,0.79443359375,0.8623105084896088,2,X_scGPT,mil,0.5,44
sorafenib,YD38_UPPER_AERODIGESTIVE_TRACT,0.9437626004219055,0.8870558422536422,4,X_scGPT,mil,0.5,44
sorafenib,ZR751_BREAST,1.043095350265503,0.8543726898319899,1,X_scGPT,mil,0.5,44
dasatinib,42MGBA_CENTRAL_NERVOUS_SYSTEM,0.4334654211997986,0.7421772246425217,4,X_scGPT,mil,0.5,44
dasatinib,8305C_THYROID,0.4926874339580536,0.6769228680201346,4,X_scGPT,mil,0.5,44
dasatinib,A204_SOFT_TISSUE,0.4259912371635437,0.8273398513793946,4,X_scGPT,mil,0.5,44
dasatinib,A2058_SKIN,0.9994200468063354,0.8449105778518988,5,X_scGPT,mil,0.5,44
dasatinib,A375_SKIN,0.8268100023269653,0.8076561832106335,3,X_scGPT,mil,0.5,44
dasatinib,ACCMESO1_PLEURA,0.730863094329834,0.6534702367620704,2,X_scGPT,mil,0.5,44
dasatinib,ASPC1_PANCREAS,0.8027234077453613,0.7048459552485368,4,X_scGPT,mil,0.5,44
dasatinib,BCPAP_THYROID,0.5075414776802063,0.6889587762324434,4,X_scGPT,mil,0.5,44
dasatinib,BFTC909_KIDNEY,0.8652351498603821,0.6434413293735333,5,X_scGPT,mil,0.5,44
dasatinib,BHY_UPPER_AERODIGESTIVE_TRACT,0.48131436109542847,0.5926765573435816,3,X_scGPT,mil,0.5,44
dasatinib,BICR16_UPPER_AERODIGESTIVE_TRACT,0.6939761638641357,0.5154384818841826,5,X_scGPT,mil,0.5,44
dasatinib,BICR31_UPPER_AERODIGESTIVE_TRACT,0.513609766960144,0.6170855838685266,3,X_scGPT,mil,0.5,44
dasatinib,BICR56_UPPER_AERODIGESTIVE_TRACT,0.35828065872192383,0.4384519700650816,3,X_scGPT,mil,0.5,44
dasatinib,BICR6_UPPER_AERODIGESTIVE_TRACT,0.447648286819458,0.5922555249262523,5,X_scGPT,mil,0.5,44
dasatinib,BT474_BREAST,0.7905335426330566,0.83898970079422,4,X_scGPT,mil,0.5,44
dasatinib,BT549_BREAST,0.6169654130935669,0.6393332268510546,1,X_scGPT,mil,0.5,44
dasatinib,CAKI2_KIDNEY,0.544165313243866,0.698224578829978,4,X_scGPT,mil,0.5,44
dasatinib,CALU6_LUNG,0.8003680109977722,0.7416556565336478,3,X_scGPT,mil,0.5,44
dasatinib,CAMA1_BREAST,1.0918281078338623,0.7979521407294519,3,X_scGPT,mil,0.5,44
dasatinib,CAS1_CENTRAL_NERVOUS_SYSTEM,0.6615645289421082,0.6315707004159913,1,X_scGPT,mil,0.5,44
dasatinib,CCFSTTG1_CENTRAL_NERVOUS_SYSTEM,0.6407906413078308,0.6021007975427116,5,X_scGPT,mil,0.5,44
dasatinib,COLO792_SKIN,0.9551751613616943,0.8216894207405429,2,X_scGPT,mil,0.5,44
dasatinib,COV434_OVARY,0.7681589722633362,0.8779495521025225,4,X_scGPT,mil,0.5,44
dasatinib,DETROIT562_UPPER_AERODIGESTIVE_TRACT,0.5410073399543762,0.5472045105659157,2,X_scGPT,mil,0.5,44
dasatinib,DKMG_CENTRAL_NERVOUS_SYSTEM,0.5324797630310059,0.596322322243694,5,X_scGPT,mil,0.5,44
dasatinib,EBC1_LUNG,0.644189715385437,0.6329952415920073,3,X_scGPT,mil,0.5,44
dasatinib,EFE184_ENDOMETRIUM,0.5172581672668457,0.7374213393344435,4,X_scGPT,mil,0.5,44
dasatinib,EFM192A_BREAST,0.8132383823394775,0.8819457575365588,5,X_scGPT,mil,0.5,44
dasatinib,EKVX_LUNG,0.9910260438919067,0.6187589544139497,2,X_scGPT,mil,0.5,44
dasatinib,FTC133_THYROID,0.8035446405410767,0.6367119723132678,3,X_scGPT,mil,0.5,44
dasatinib,GOS3_CENTRAL_NERVOUS_SYSTEM,0.8528508543968201,0.5758468672555155,2,X_scGPT,mil,0.5,44
dasatinib,HCC1428_BREAST,0.8256688714027405,0.9100470538214436,5,X_scGPT,mil,0.5,44
dasatinib,HCC366_LUNG,0.5510829091072083,0.564782368517158,5,X_scGPT,mil,0.5,44
dasatinib,HCC38_BREAST,0.6819133758544922,0.7330760344862938,5,X_scGPT,mil,0.5,44
dasatinib,HCC56_LARGE_INTESTINE,0.9015623331069946,0.7801986911682167,3,X_scGPT,mil,0.5,44
dasatinib,HDQP1_BREAST,0.5586175918579102,0.67570990184322,3,X_scGPT,mil,0.5,44
dasatinib,HEC151_ENDOMETRIUM,0.5504109263420105,0.7466188855171204,4,X_scGPT,mil,0.5,44
dasatinib,HEC251_ENDOMETRIUM,0.6840876340866089,0.7188981846671239,3,X_scGPT,mil,0.5,44
dasatinib,HEC6_ENDOMETRIUM,0.654520571231842,0.7249100237899686,1,X_scGPT,mil,0.5,44
dasatinib,HEP3B217_LIVER,0.9273844957351685,0.610119622137587,2,X_scGPT,mil,0.5,44
dasatinib,HMC18_BREAST,0.9990564584732056,0.743518149283152,2,X_scGPT,mil,0.5,44
dasatinib,HOS_BONE,0.6318181157112122,0.7090004642277201,4,X_scGPT,mil,0.5,44
dasatinib,HS852T_SKIN,0.5268118381500244,0.6840289586488112,3,X_scGPT,mil,0.5,44
dasatinib,HT1080_SOFT_TISSUE,0.6010266542434692,0.7099347116873246,5,X_scGPT,mil,0.5,44
dasatinib,HT1197_URINARY_TRACT,0.7041679620742798,0.6619769367011817,4,X_scGPT,mil,0.5,44
dasatinib,HT55_LARGE_INTESTINE,0.7281989455223083,0.9981663467194797,1,X_scGPT,mil,0.5,44
dasatinib,HUH28_BILIARY_TRACT,0.439780056476593,0.5330657103507639,2,X_scGPT,mil,0.5,44
dasatinib,HUH6_LIVER,0.7917959094047546,0.8208062447739776,4,X_scGPT,mil,0.5,44
dasatinib,HUPT3_PANCREAS,0.4473266899585724,0.5892593597664553,5,X_scGPT,mil,0.5,44
dasatinib,HUPT4_PANCREAS,0.22050006687641144,0.6932006116424289,5,X_scGPT,mil,0.5,44
dasatinib,IALM_LUNG,0.6642125844955444,0.7401044031848079,4,X_scGPT,mil,0.5,44
dasatinib,IGR1_SKIN,0.9082956314086914,0.9443762235805906,5,X_scGPT,mil,0.5,44
dasatinib,IGR37_SKIN,0.8115305304527283,0.9829816850873854,2,X_scGPT,mil,0.5,44
dasatinib,IM95_STOMACH,0.6393032670021057,0.7761416370804245,4,X_scGPT,mil,0.5,44
dasatinib,JHH6_LIVER,0.9760308265686035,0.6974283287536751,3,X_scGPT,mil,0.5,44
dasatinib,JHOC5_OVARY,0.5276264548301697,0.642982592664916,5,X_scGPT,mil,0.5,44
dasatinib,KALS1_CENTRAL_NERVOUS_SYSTEM,0.6172302961349487,0.524278591800895,2,X_scGPT,mil,0.5,44
dasatinib,KMRC3_KIDNEY,0.4987582862377167,0.6523354182437975,1,X_scGPT,mil,0.5,44
dasatinib,KNS42_CENTRAL_NERVOUS_SYSTEM,0.8199730515480042,0.7338533654462459,4,X_scGPT,mil,0.5,44
dasatinib,KPL1_BREAST,0.7372479438781738,0.9533695156375567,3,X_scGPT,mil,0.5,44
dasatinib,KPNSI9S_AUTONOMIC_GANGLIA,0.5606821179389954,0.6232956800349924,5,X_scGPT,mil,0.5,44
dasatinib,KYSE520_OESOPHAGUS,0.4756965637207031,0.5867202534764174,2,X_scGPT,mil,0.5,44
dasatinib,LI7_LIVER,0.5311142802238464,0.7543423692790829,4,X_scGPT,mil,0.5,44
dasatinib,LMSU_STOMACH,0.5103955268859863,0.534427622720307,2,X_scGPT,mil,0.5,44
dasatinib,LNCAPCLONEFGC_PROSTATE,0.8158725500106812,1.032953890719155,2,X_scGPT,mil,0.5,44
dasatinib,LS1034_LARGE_INTESTINE,0.8595411777496338,0.7917768910323104,4,X_scGPT,mil,0.5,44
dasatinib,LS180_LARGE_INTESTINE,0.6963598132133484,0.784318559552824,3,X_scGPT,mil,0.5,44
dasatinib,MCF7_BREAST,0.8226410150527954,0.9647933590662229,1,X_scGPT,mil,0.5,44
dasatinib,MDAMB361_BREAST,0.9532812237739563,1.0816482508624041,1,X_scGPT,mil,0.5,44
dasatinib,MFE319_ENDOMETRIUM,0.8195475935935974,0.6675640163621354,2,X_scGPT,mil,0.5,44
dasatinib,MKN45_STOMACH,0.93873530626297,0.792632669210434,1,X_scGPT,mil,0.5,44
dasatinib,MKN7_STOMACH,0.59619140625,0.7369161530058513,5,X_scGPT,mil,0.5,44
dasatinib,MSTO211H_PLEURA,0.5750836133956909,0.7165438025086014,1,X_scGPT,mil,0.5,44
dasatinib,NCIH1299_LUNG,0.6297326683998108,0.7298556667811862,2,X_scGPT,mil,0.5,44
dasatinib,NCIH1373_LUNG,0.6252244710922241,0.6667271218285328,3,X_scGPT,mil,0.5,44
dasatinib,NCIH1435_LUNG,0.47326037287712097,0.7048586995414133,3,X_scGPT,mil,0.5,44
dasatinib,NCIH1792_LUNG,0.6707721948623657,0.7529775645281818,4,X_scGPT,mil,0.5,44
dasatinib,NCIH1944_LUNG,0.8082422018051147,0.6610930163215324,2,X_scGPT,mil,0.5,44
dasatinib,NCIH2087_LUNG,0.595470130443573,0.634014221495145,5,X_scGPT,mil,0.5,44
dasatinib,NCIH2110_LUNG,0.7364413738250732,0.741141566544322,1,X_scGPT,mil,0.5,44
dasatinib,NCIH2126_LUNG,0.8638811707496643,0.71220623927586,4,X_scGPT,mil,0.5,44
dasatinib,NCIH2170_LUNG,0.7118402123451233,0.7997710738383549,4,X_scGPT,mil,0.5,44
dasatinib,NCIH2228_LUNG,0.6331348419189453,0.5935890710321369,3,X_scGPT,mil,0.5,44
dasatinib,NCIH226_LUNG,0.7791048884391785,0.6034397479067457,1,X_scGPT,mil,0.5,44
dasatinib,NCIH2444_LUNG,0.5421454906463623,0.645969975095258,3,X_scGPT,mil,0.5,44
dasatinib,NCIH2452_PLEURA,0.5246762037277222,0.7315968929834968,3,X_scGPT,mil,0.5,44
dasatinib,NCIH292_LUNG,0.5705883502960205,0.5762115737921755,3,X_scGPT,mil,0.5,44
dasatinib,NCIH358_LUNG,0.576813817024231,0.6847280359693936,1,X_scGPT,mil,0.5,44
dasatinib,NCIH446_LUNG,0.6678470373153687,0.8105308335958695,3,X_scGPT,mil,0.5,44
dasatinib,NCIH460_LUNG,0.9236070513725281,0.9217398110398825,3,X_scGPT,mil,0.5,44
dasatinib,NCIH522_LUNG,0.6360405683517456,0.6432254751427815,2,X_scGPT,mil,0.5,44
dasatinib,NCIH650_LUNG,0.7932010889053345,0.6074347209006657,5,X_scGPT,mil,0.5,44
dasatinib,NCIH747_LARGE_INTESTINE,0.5042724013328552,0.7033049464225769,5,X_scGPT,mil,0.5,44
dasatinib,OAW28_OVARY,0.5247742533683777,0.7308862583237405,5,X_scGPT,mil,0.5,44
dasatinib,ONCODG1_OVARY,0.5328340530395508,0.5455015252033869,2,X_scGPT,mil,0.5,44
dasatinib,OSRC2_KIDNEY,0.5809530019760132,0.6101420971136244,3,X_scGPT,mil,0.5,44
dasatinib,OUMS23_LARGE_INTESTINE,0.7905162572860718,0.8153684172674874,5,X_scGPT,mil,0.5,44
dasatinib,OVCAR4_OVARY,0.6255381107330322,0.6312934208674481,1,X_scGPT,mil,0.5,44
dasatinib,OVK18_OVARY,0.8288588523864746,0.8417312435889512,5,X_scGPT,mil,0.5,44
dasatinib,OVSAHO_OVARY,0.7816910743713379,0.6642956544649233,2,X_scGPT,mil,0.5,44
dasatinib,OVTOKO_OVARY,0.5526567101478577,0.6115752358755997,2,X_scGPT,mil,0.5,44
dasatinib,PANC0203_PANCREAS,0.7578325271606445,0.651406114928336,3,X_scGPT,mil,0.5,44
dasatinib,PATU8988S_PANCREAS,0.6856508851051331,0.7209623773567012,2,X_scGPT,mil,0.5,44
dasatinib,PC3_PROSTATE,0.7604544758796692,0.7260628522500484,1,X_scGPT,mil,0.5,44
dasatinib,PECAPJ49_UPPER_AERODIGESTIVE_TRACT,0.3881136178970337,0.49963701877853656,1,X_scGPT,mil,0.5,44
dasatinib,PK45H_PANCREAS,0.7003129720687866,0.7091731774411079,4,X_scGPT,mil,0.5,44
dasatinib,PK59_PANCREAS,0.5517120361328125,0.78122520172733,5,X_scGPT,mil,0.5,44
dasatinib,RCC10RGB_KIDNEY,0.8883867859840393,0.6244530483376827,5,X_scGPT,mil,0.5,44
dasatinib,RCM1_LARGE_INTESTINE,0.7874229550361633,0.7492785074282438,3,X_scGPT,mil,0.5,44
dasatinib,RD_SOFT_TISSUE,0.6753624677658081,0.6752200713559585,1,X_scGPT,mil,0.5,44
dasatinib,RERFLCAD1_LUNG,0.8144843578338623,0.7056151114618827,5,X_scGPT,mil,0.5,44
dasatinib,RERFLCAI_LUNG,0.7495109438896179,0.6274550286454892,5,X_scGPT,mil,0.5,44
dasatinib,RT4_URINARY_TRACT,0.6999799609184265,0.8078205428033505,5,X_scGPT,mil,0.5,44
dasatinib,RVH421_SKIN,0.8497257828712463,0.7670693282801736,4,X_scGPT,mil,0.5,44
dasatinib,SCC25_UPPER_AERODIGESTIVE_TRACT,0.3265823721885681,0.41045269426497694,2,X_scGPT,mil,0.5,44
dasatinib,SCC9_UPPER_AERODIGESTIVE_TRACT,0.6016831398010254,0.5041754065689288,2,X_scGPT,mil,0.5,44
dasatinib,SH10TC_STOMACH,0.8169143199920654,0.7278713089788061,5,X_scGPT,mil,0.5,44
dasatinib,SKES1_BONE,0.9750837683677673,0.6560336921241258,2,X_scGPT,mil,0.5,44
dasatinib,SKMEL30_SKIN,0.9788858294487,0.8655071456101393,1,X_scGPT,mil,0.5,44
dasatinib,SKMEL5_SKIN,0.9444921016693115,0.8563732665395897,4,X_scGPT,mil,0.5,44
dasatinib,SKNAS_AUTONOMIC_GANGLIA,0.7405744791030884,0.6625759232360705,2,X_scGPT,mil,0.5,44
dasatinib,SNU1079_BILIARY_TRACT,0.07737455517053604,0.6888370562906134,1,X_scGPT,mil,0.5,44
dasatinib,SNU1214_UPPER_AERODIGESTIVE_TRACT,0.39772874116897583,0.5246483466409623,1,X_scGPT,mil,0.5,44
dasatinib,SNU308_BILIARY_TRACT,0.6171565651893616,0.665295345986143,1,X_scGPT,mil,0.5,44
dasatinib,SNU423_LIVER,0.5482215285301208,0.6708985061015723,4,X_scGPT,mil,0.5,44
dasatinib,SNU449_LIVER,0.5068399906158447,0.5911912884272582,3,X_scGPT,mil,0.5,44
dasatinib,SNU46_UPPER_AERODIGESTIVE_TRACT,0.6070349216461182,0.6660405730797072,4,X_scGPT,mil,0.5,44
dasatinib,SNU738_CENTRAL_NERVOUS_SYSTEM,0.8536766767501831,0.6506894277236707,1,X_scGPT,mil,0.5,44
dasatinib,SNU899_UPPER_AERODIGESTIVE_TRACT,0.6754158735275269,0.5660940893443234,2,X_scGPT,mil,0.5,44
dasatinib,SNUC4_LARGE_INTESTINE,0.8817626237869263,0.8539061178742435,5,X_scGPT,mil,0.5,44
dasatinib,SQ1_LUNG,0.5959621071815491,0.702958254253163,3,X_scGPT,mil,0.5,44
dasatinib,SU8686_PANCREAS,0.5122929811477661,0.6258099951395174,1,X_scGPT,mil,0.5,44
dasatinib,SW1088_CENTRAL_NERVOUS_SYSTEM,0.5384380221366882,0.7086146762594581,4,X_scGPT,mil,0.5,44
dasatinib,SW1271_LUNG,0.45770686864852905,0.66143326603848,1,X_scGPT,mil,0.5,44
dasatinib,SW1990_PANCREAS,0.39563825726509094,0.6691845189476634,5,X_scGPT,mil,0.5,44
dasatinib,SW579_THYROID,0.3310171961784363,0.7267757497624867,3,X_scGPT,mil,0.5,44
dasatinib,T47D_BREAST,0.8848981857299805,1.0268062733417183,1,X_scGPT,mil,0.5,44
dasatinib,TCCSUP_URINARY_TRACT,0.6342606544494629,0.6488699272652215,3,X_scGPT,mil,0.5,44
dasatinib,TE10_OESOPHAGUS,0.602500855922699,0.6424093396151991,4,X_scGPT,mil,0.5,44
dasatinib,TE14_OESOPHAGUS,0.6673628687858582,0.6145364952741293,1,X_scGPT,mil,0.5,44
dasatinib,TE1_OESOPHAGUS,0.617663562297821,0.6916822889476146,4,X_scGPT,mil,0.5,44
dasatinib,TE6_OESOPHAGUS,0.5395105481147766,0.5977922138739411,2,X_scGPT,mil,0.5,44
dasatinib,TE9_OESOPHAGUS,0.6579656600952148,0.5900890527954025,2,X_scGPT,mil,0.5,44
dasatinib,TM31_CENTRAL_NERVOUS_SYSTEM,0.6633169651031494,0.5668991583174673,2,X_scGPT,mil,0.5,44
dasatinib,TOV112D_OVARY,0.8191222548484802,0.6719723129883791,2,X_scGPT,mil,0.5,44
dasatinib,UACC257_SKIN,0.8085629940032959,0.9728174381675082,1,X_scGPT,mil,0.5,44
dasatinib,UMUC1_URINARY_TRACT,1.0552480220794678,0.5455466649556523,1,X_scGPT,mil,0.5,44
dasatinib,VMCUB1_URINARY_TRACT,0.5278096199035645,0.6724913683895287,4,X_scGPT,mil,0.5,44
dasatinib,VMRCRCZ_KIDNEY,0.5612185001373291,0.6628843764464061,2,X_scGPT,mil,0.5,44
dasatinib,YD38_UPPER_AERODIGESTIVE_TRACT,0.4801526963710785,0.6504933589544052,4,X_scGPT,mil,0.5,44
dasatinib,ZR751_BREAST,0.931337296962738,1.0613964279106907,1,X_scGPT,mil,0.5,44
crizotinib,42MGBA_CENTRAL_NERVOUS_SYSTEM,0.8139702081680298,0.7973473069750664,4,X_scGPT,mil,0.5,44
crizotinib,8305C_THYROID,0.7761738300323486,0.7905355237408141,4,X_scGPT,mil,0.5,44
crizotinib,A204_SOFT_TISSUE,0.8393369317054749,0.804224038362503,4,X_scGPT,mil,0.5,44
crizotinib,A2058_SKIN,0.7947903275489807,0.8026824394861857,5,X_scGPT,mil,0.5,44
crizotinib,A375_SKIN,0.78465735912323,0.7960080993919308,3,X_scGPT,mil,0.5,44
crizotinib,ACCMESO1_PLEURA,0.8302913904190063,0.7862417318938691,2,X_scGPT,mil,0.5,44
crizotinib,ASPC1_PANCREAS,0.8185564279556274,0.7732862215617607,4,X_scGPT,mil,0.5,44
crizotinib,BCPAP_THYROID,0.7649052143096924,0.7889813121996427,4,X_scGPT,mil,0.5,44
crizotinib,BFTC909_KIDNEY,0.9795162081718445,0.7306406974477944,5,X_scGPT,mil,0.5,44
crizotinib,BHY_UPPER_AERODIGESTIVE_TRACT,0.7836951017379761,0.8787340229955213,3,X_scGPT,mil,0.5,44
crizotinib,BICR16_UPPER_AERODIGESTIVE_TRACT,0.7850052714347839,0.7098213286613518,5,X_scGPT,mil,0.5,44
crizotinib,BICR31_UPPER_AERODIGESTIVE_TRACT,0.819883406162262,0.8468770985641787,3,X_scGPT,mil,0.5,44
crizotinib,BICR56_UPPER_AERODIGESTIVE_TRACT,0.9423783421516418,0.8443271252844069,3,X_scGPT,mil,0.5,44
crizotinib,BICR6_UPPER_AERODIGESTIVE_TRACT,0.8377566933631897,0.7366636825816615,5,X_scGPT,mil,0.5,44
crizotinib,BT474_BREAST,0.8649948835372925,0.787502133846283,4,X_scGPT,mil,0.5,44
crizotinib,BT549_BREAST,0.9203373193740845,0.7791540584617987,1,X_scGPT,mil,0.5,44
crizotinib,CAKI2_KIDNEY,0.9734227657318115,0.7845894612854333,4,X_scGPT,mil,0.5,44
crizotinib,CALU6_LUNG,0.8141430020332336,0.8016664753126543,3,X_scGPT,mil,0.5,44
crizotinib,CAMA1_BREAST,0.8536314964294434,0.8494818128671023,3,X_scGPT,mil,0.5,44
crizotinib,CCFSTTG1_CENTRAL_NERVOUS_SYSTEM,0.9254195690155029,0.719453804618944,5,X_scGPT,mil,0.5,44
crizotinib,COLO792_SKIN,0.7007670998573303,0.7972511213643965,2,X_scGPT,mil,0.5,44
crizotinib,COV434_OVARY,0.7016214728355408,0.8061470673842863,4,X_scGPT,mil,0.5,44
crizotinib,DETROIT562_UPPER_AERODIGESTIVE_TRACT,0.715034544467926,0.7167772687285956,2,X_scGPT,mil,0.5,44
crizotinib,DKMG_CENTRAL_NERVOUS_SYSTEM,0.7298175096511841,0.7282070088650467,5,X_scGPT,mil,0.5,44
crizotinib,EBC1_LUNG,0.39158496260643005,0.8181885804540368,3,X_scGPT,mil,0.5,44
crizotinib,EFE184_ENDOMETRIUM,0.8450548648834229,0.7879633057949155,4,X_scGPT,mil,0.5,44
crizotinib,EFM192A_BREAST,0.8649764657020569,0.7374954100127693,5,X_scGPT,mil,0.5,44
crizotinib,EKVX_LUNG,0.7739625573158264,0.8046201136830735,2,X_scGPT,mil,0.5,44
crizotinib,FTC133_THYROID,0.9462858438491821,0.8293348218713488,3,X_scGPT,mil,0.5,44
crizotinib,GOS3_CENTRAL_NERVOUS_SYSTEM,0.7839654088020325,0.7676077975028472,2,X_scGPT,mil,0.5,44
crizotinib,HCC1428_BREAST,0.9103943109512329,0.8376190460573031,5,X_scGPT,mil,0.5,44
crizotinib,HCC366_LUNG,0.7986536026000977,0.7502251645125965,5,X_scGPT,mil,0.5,44
crizotinib,HCC38_BREAST,0.9739012718200684,0.8179791349172593,5,X_scGPT,mil,0.5,44
crizotinib,HCC56_LARGE_INTESTINE,0.770784854888916,0.828600713098892,3,X_scGPT,mil,0.5,44
crizotinib,HDQP1_BREAST,0.8876451253890991,0.8412716640159488,3,X_scGPT,mil,0.5,44
crizotinib,HEC151_ENDOMETRIUM,0.8343287706375122,0.7838143973350525,4,X_scGPT,mil,0.5,44
crizotinib,HEC251_ENDOMETRIUM,0.7653045058250427,0.8646364223177188,3,X_scGPT,mil,0.5,44
crizotinib,HEC6_ENDOMETRIUM,0.8107236623764038,0.7523502692672777,1,X_scGPT,mil,0.5,44
crizotinib,HEP3B217_LIVER,0.7867912650108337,0.744192156246153,2,X_scGPT,mil,0.5,44
crizotinib,HMC18_BREAST,0.6356581449508667,0.8139422029358535,2,X_scGPT,mil,0.5,44
crizotinib,HOS_BONE,0.8387298583984375,0.7856548023741553,4,X_scGPT,mil,0.5,44
crizotinib,HS852T_SKIN,0.7291908264160156,0.8517531896079028,3,X_scGPT,mil,0.5,44
crizotinib,HT1080_SOFT_TISSUE,0.8266996145248413,0.8028218824734059,5,X_scGPT,mil,0.5,44
crizotinib,HT1197_URINARY_TRACT,0.7681593298912048,0.7778117100934725,4,X_scGPT,mil,0.5,44
crizotinib,HT55_LARGE_INTESTINE,0.7315347790718079,0.7175960571844996,1,X_scGPT,mil,0.5,44
crizotinib,HUH28_BILIARY_TRACT,0.7656625509262085,0.7461092317704674,2,X_scGPT,mil,0.5,44
crizotinib,HUH6_LIVER,0.7224849462509155,0.7874306158201229,4,X_scGPT,mil,0.5,44
crizotinib,HUPT3_PANCREAS,0.8537005186080933,0.7289387890521217,5,X_scGPT,mil,0.5,44
crizotinib,HUPT4_PANCREAS,0.6761891841888428,0.6399683840572834,5,X_scGPT,mil,0.5,44
crizotinib,IALM_LUNG,0.9222790002822876,0.7920797398741941,4,X_scGPT,mil,0.5,44
crizotinib,IGR1_SKIN,0.7101178765296936,0.7933224048285649,5,X_scGPT,mil,0.5,44
crizotinib,IGR37_SKIN,0.8298388123512268,0.8358839288225092,2,X_scGPT,mil,0.5,44
crizotinib,IM95_STOMACH,0.48041847348213196,0.7713274975080748,4,X_scGPT,mil,0.5,44
crizotinib,JHH6_LIVER,0.9490818977355957,0.827663864904237,3,X_scGPT,mil,0.5,44
crizotinib,JHOC5_OVARY,0.798740029335022,0.8224158398036299,5,X_scGPT,mil,0.5,44
crizotinib,KALS1_CENTRAL_NERVOUS_SYSTEM,0.7681830525398254,0.7479203457219733,2,X_scGPT,mil,0.5,44
crizotinib,KMRC3_KIDNEY,0.8218774795532227,0.7492562542156297,1,X_scGPT,mil,0.5,44
crizotinib,KPL1_BREAST,0.7377769947052002,0.8430569936399874,3,X_scGPT,mil,0.5,44
crizotinib,KPNSI9S_AUTONOMIC_GANGLIA,0.6164638996124268,0.8283907526223234,5,X_scGPT,mil,0.5,44
crizotinib,KYSE520_OESOPHAGUS,0.886725902557373,0.722187221972935,2,X_scGPT,mil,0.5,44
crizotinib,LI7_LIVER,0.7944248914718628,0.7853360881610792,4,X_scGPT,mil,0.5,44
crizotinib,LMSU_STOMACH,0.8106106519699097,0.7568029658467161,2,X_scGPT,mil,0.5,44
crizotinib,LNCAPCLONEFGC_PROSTATE,0.8331871032714844,0.8502483913140704,2,X_scGPT,mil,0.5,44
crizotinib,LS1034_LARGE_INTESTINE,0.9201149940490723,0.7822577214404328,4,X_scGPT,mil,0.5,44
crizotinib,LS180_LARGE_INTESTINE,0.7338624000549316,0.8106333570467138,3,X_scGPT,mil,0.5,44
crizotinib,MCF7_BREAST,0.6917808055877686,0.8166957751854317,1,X_scGPT,mil,0.5,44
crizotinib,MDAMB361_BREAST,0.8671998977661133,0.877073531680637,1,X_scGPT,mil,0.5,44
crizotinib,MFE319_ENDOMETRIUM,0.9220579266548157,0.8123967700603745,2,X_scGPT,mil,0.5,44
crizotinib,MKN45_STOMACH,0.7614232897758484,0.691187676736864,1,X_scGPT,mil,0.5,44
crizotinib,MKN7_STOMACH,0.9172181487083435,0.6862736496814462,5,X_scGPT,mil,0.5,44
crizotinib,MSTO211H_PLEURA,0.6890996694564819,0.7588884033739366,1,X_scGPT,mil,0.5,44
crizotinib,NCIH1299_LUNG,0.8208708167076111,0.8081635413098425,2,X_scGPT,mil,0.5,44
crizotinib,NCIH1373_LUNG,0.7635274529457092,0.8169051321541391,3,X_scGPT,mil,0.5,44
crizotinib,NCIH1435_LUNG,0.6551457047462463,0.787877037507318,3,X_scGPT,mil,0.5,44
crizotinib,NCIH1792_LUNG,0.762959897518158,0.7926512102823,4,X_scGPT,mil,0.5,44
crizotinib,NCIH1944_LUNG,0.7629688382148743,0.7726909236055641,2,X_scGPT,mil,0.5,44
crizotinib,NCIH2087_LUNG,0.6425086259841919,0.6604941790778888,5,X_scGPT,mil,0.5,44
crizotinib,NCIH2110_LUNG,0.7911942601203918,0.7674268712050951,1,X_scGPT,mil,0.5,44
crizotinib,NCIH2126_LUNG,0.744774580001831,0.7758628355734276,4,X_scGPT,mil,0.5,44
crizotinib,NCIH2170_LUNG,0.8758640289306641,0.7846578246271106,4,X_scGPT,mil,0.5,44
crizotinib,NCIH2228_LUNG,0.5101353526115417,0.8451911046979212,3,X_scGPT,mil,0.5,44
crizotinib,NCIH226_LUNG,0.6726114153862,0.7879443564313523,1,X_scGPT,mil,0.5,44
crizotinib,NCIH2444_LUNG,0.7086521983146667,0.8457419115279797,3,X_scGPT,mil,0.5,44
crizotinib,NCIH2452_PLEURA,0.7278137803077698,0.8108435793880193,3,X_scGPT,mil,0.5,44
crizotinib,NCIH292_LUNG,0.71616530418396,0.8028825222046723,3,X_scGPT,mil,0.5,44
crizotinib,NCIH358_LUNG,0.6348621845245361,0.7471595553769952,1,X_scGPT,mil,0.5,44
crizotinib,NCIH446_LUNG,0.6834266185760498,0.7691735844222867,3,X_scGPT,mil,0.5,44
crizotinib,NCIH460_LUNG,0.7870017886161804,0.7787858352438951,3,X_scGPT,mil,0.5,44
crizotinib,NCIH522_LUNG,0.848747193813324,0.7699516705022409,2,X_scGPT,mil,0.5,44
crizotinib,NCIH650_LUNG,0.7383224368095398,0.8105035543001886,5,X_scGPT,mil,0.5,44
crizotinib,NCIH747_LARGE_INTESTINE,0.7999517321586609,0.7350993245840073,5,X_scGPT,mil,0.5,44
crizotinib,OAW28_OVARY,0.7563913464546204,0.6521991150719779,5,X_scGPT,mil,0.5,44
crizotinib,ONCODG1_OVARY,0.7706544399261475,0.7596091003329666,2,X_scGPT,mil,0.5,44
crizotinib,OSRC2_KIDNEY,0.7447955012321472,0.875540773546885,3,X_scGPT,mil,0.5,44
crizotinib,OUMS23_LARGE_INTESTINE,0.8125985264778137,0.6400707508916053,5,X_scGPT,mil,0.5,44
crizotinib,OVCAR4_OVARY,0.8246361017227173,0.7471858922247331,1,X_scGPT,mil,0.5,44
crizotinib,OVK18_OVARY,0.7580012083053589,0.8451779153239861,5,X_scGPT,mil,0.5,44
crizotinib,OVSAHO_OVARY,0.802704930305481,0.8350509623073796,2,X_scGPT,mil,0.5,44
crizotinib,OVTOKO_OVARY,0.8386441469192505,0.7580969196757631,2,X_scGPT,mil,0.5,44
crizotinib,PANC0203_PANCREAS,0.8092637658119202,0.7985247897771979,3,X_scGPT,mil,0.5,44
crizotinib,PATU8988S_PANCREAS,0.7223840951919556,0.7032645150530533,2,X_scGPT,mil,0.5,44
crizotinib,PC3_PROSTATE,0.9259976744651794,0.7538689875743798,1,X_scGPT,mil,0.5,44
crizotinib,PECAPJ49_UPPER_AERODIGESTIVE_TRACT,0.7474130392074585,0.8121091558201479,1,X_scGPT,mil,0.5,44
crizotinib,PK45H_PANCREAS,0.8750272989273071,0.7841848339541811,4,X_scGPT,mil,0.5,44
crizotinib,PK59_PANCREAS,0.7208161354064941,0.6746886593514475,5,X_scGPT,mil,0.5,44
crizotinib,RCC10RGB_KIDNEY,0.8550746440887451,0.759593668925404,5,X_scGPT,mil,0.5,44
crizotinib,RCM1_LARGE_INTESTINE,0.9028158187866211,0.7715711398050189,3,X_scGPT,mil,0.5,44
crizotinib,RD_SOFT_TISSUE,0.7103429436683655,0.7464294036229452,1,X_scGPT,mil,0.5,44
crizotinib,RERFLCAD1_LUNG,0.8617494702339172,0.6937277216479611,5,X_scGPT,mil,0.5,44
crizotinib,RERFLCAI_LUNG,0.767627477645874,0.714095681866687,5,X_scGPT,mil,0.5,44
crizotinib,RT4_URINARY_TRACT,0.7829967141151428,0.6051961079520999,5,X_scGPT,mil,0.5,44
crizotinib,RVH421_SKIN,0.7584820985794067,0.7926585492229861,4,X_scGPT,mil,0.5,44
crizotinib,SCC25_UPPER_AERODIGESTIVE_TRACT,0.748374879360199,0.6857564813044661,2,X_scGPT,mil,0.5,44
crizotinib,SCC9_UPPER_AERODIGESTIVE_TRACT,0.8461494445800781,0.7336230820103695,2,X_scGPT,mil,0.5,44
crizotinib,SH10TC_STOMACH,0.8429513573646545,0.7411222123352551,5,X_scGPT,mil,0.5,44
crizotinib,SKES1_BONE,0.6841046810150146,0.7726762078620575,2,X_scGPT,mil,0.5,44
crizotinib,SKMEL2_SKIN,0.9290096163749695,0.79492863861547,1,X_scGPT,mil,0.5,44
crizotinib,SKMEL30_SKIN,0.8163827061653137,0.7621179130192182,1,X_scGPT,mil,0.5,44
crizotinib,SKMEL5_SKIN,0.8229323029518127,0.7682040405995918,4,X_scGPT,mil,0.5,44
crizotinib,SNU1079_BILIARY_TRACT,0.7359034419059753,0.8004029646311721,1,X_scGPT,mil,0.5,44
crizotinib,SNU1214_UPPER_AERODIGESTIVE_TRACT,0.7623101472854614,0.7858643880549897,1,X_scGPT,mil,0.5,44
crizotinib,SNU308_BILIARY_TRACT,0.8218324184417725,0.7918755608670255,1,X_scGPT,mil,0.5,44
crizotinib,SNU423_LIVER,0.783464252948761,0.787023662958505,4,X_scGPT,mil,0.5,44
crizotinib,SNU449_LIVER,0.9006894826889038,0.8364955334798664,3,X_scGPT,mil,0.5,44
crizotinib,SNU46_UPPER_AERODIGESTIVE_TRACT,0.7758119106292725,0.7821593426041684,4,X_scGPT,mil,0.5,44
crizotinib,SNU899_UPPER_AERODIGESTIVE_TRACT,0.7911052107810974,0.7119365111891046,2,X_scGPT,mil,0.5,44
crizotinib,SNUC4_LARGE_INTESTINE,0.901703953742981,0.752506064398641,5,X_scGPT,mil,0.5,44
crizotinib,SQ1_LUNG,0.9046451449394226,0.8339469317628556,3,X_scGPT,mil,0.5,44
crizotinib,SU8686_PANCREAS,0.7019903659820557,0.6867450519305903,1,X_scGPT,mil,0.5,44
crizotinib,SW1088_CENTRAL_NERVOUS_SYSTEM,0.7814385294914246,0.7959531750530005,4,X_scGPT,mil,0.5,44
crizotinib,SW1271_LUNG,0.649318277835846,0.7776005097057508,1,X_scGPT,mil,0.5,44
crizotinib,SW1990_PANCREAS,0.8054224252700806,0.6893992793870671,5,X_scGPT,mil,0.5,44
crizotinib,SW579_THYROID,0.7491196393966675,0.7811833013037932,3,X_scGPT,mil,0.5,44
crizotinib,T47D_BREAST,0.8559684753417969,0.8731169163911051,1,X_scGPT,mil,0.5,44
crizotinib,TCCSUP_URINARY_TRACT,0.7408864498138428,0.8199745799544491,3,X_scGPT,mil,0.5,44
crizotinib,TE10_OESOPHAGUS,0.7655495405197144,0.7783051084165704,4,X_scGPT,mil,0.5,44
crizotinib,TE14_OESOPHAGUS,0.796092689037323,0.7554507317170815,1,X_scGPT,mil,0.5,44
crizotinib,TE1_OESOPHAGUS,0.7848196029663086,0.7805722017311355,4,X_scGPT,mil,0.5,44
crizotinib,TE6_OESOPHAGUS,0.7126893401145935,0.7127012873301705,2,X_scGPT,mil,0.5,44
crizotinib,TE9_OESOPHAGUS,0.7622002363204956,0.7202211140144256,2,X_scGPT,mil,0.5,44
crizotinib,TM31_CENTRAL_NERVOUS_SYSTEM,0.8138183355331421,0.7517489636766499,2,X_scGPT,mil,0.5,44
crizotinib,TOV112D_OVARY,0.8564976453781128,0.7812517667428042,2,X_scGPT,mil,0.5,44
crizotinib,UACC257_SKIN,0.7934483289718628,0.7192023354095395,1,X_scGPT,mil,0.5,44
crizotinib,UMUC1_URINARY_TRACT,0.6938395500183105,0.8033126710635151,1,X_scGPT,mil,0.5,44
crizotinib,VMCUB1_URINARY_TRACT,0.7650052905082703,0.7805704626578167,4,X_scGPT,mil,0.5,44
crizotinib,VMRCRCZ_KIDNEY,0.941386878490448,0.7754520889123281,2,X_scGPT,mil,0.5,44
crizotinib,YD38_UPPER_AERODIGESTIVE_TRACT,0.755638837814331,0.7807630226016045,4,X_scGPT,mil,0.5,44
crizotinib,ZR751_BREAST,0.7918342351913452,0.7591981039078104,1,X_scGPT,mil,0.5,44
afatinib,42MGBA_CENTRAL_NERVOUS_SYSTEM,0.7805805802345276,0.7520757238146881,4,X_scGPT,mil,0.5,44
afatinib,8305C_THYROID,0.6998212933540344,0.7223294320189615,4,X_scGPT,mil,0.5,44
afatinib,A204_SOFT_TISSUE,0.5940747857093811,0.7686709160804749,4,X_scGPT,mil,0.5,44
afatinib,A2058_SKIN,0.8065868616104126,0.7922405989802613,5,X_scGPT,mil,0.5,44
afatinib,A375_SKIN,0.8633260726928711,0.7900365585018371,3,X_scGPT,mil,0.5,44
afatinib,ACCMESO1_PLEURA,0.8422542214393616,0.7329921659864025,2,X_scGPT,mil,0.5,44
afatinib,ASPC1_PANCREAS,0.7379075288772583,0.6523374668483076,4,X_scGPT,mil,0.5,44
afatinib,BCPAP_THYROID,0.8028123378753662,0.7125656153810652,4,X_scGPT,mil,0.5,44
afatinib,BFTC909_KIDNEY,0.7964379191398621,0.7830557357667304,5,X_scGPT,mil,0.5,44
afatinib,BHY_UPPER_AERODIGESTIVE_TRACT,0.4559202492237091,0.5806726385807169,3,X_scGPT,mil,0.5,44
afatinib,BICR16_UPPER_AERODIGESTIVE_TRACT,0.6293012499809265,0.5777136766404476,5,X_scGPT,mil,0.5,44
afatinib,BICR31_UPPER_AERODIGESTIVE_TRACT,0.4663466513156891,0.5587492963719752,3,X_scGPT,mil,0.5,44
afatinib,BICR56_UPPER_AERODIGESTIVE_TRACT,0.4118909239768982,0.4441110513828419,3,X_scGPT,mil,0.5,44
afatinib,BICR6_UPPER_AERODIGESTIVE_TRACT,0.6503934264183044,0.5810872780067937,5,X_scGPT,mil,0.5,44
afatinib,BT474_BREAST,0.4684928059577942,0.6483624639511109,4,X_scGPT,mil,0.5,44
afatinib,BT549_BREAST,0.8341000080108643,0.7976140682410476,1,X_scGPT,mil,0.5,44
afatinib,CAKI2_KIDNEY,0.7030969262123108,0.6702658694853886,4,X_scGPT,mil,0.5,44
afatinib,CALU6_LUNG,0.8139838576316833,0.7418649637883947,3,X_scGPT,mil,0.5,44
afatinib,CAMA1_BREAST,0.9158909320831299,0.708401447002011,3,X_scGPT,mil,0.5,44
afatinib,CAS1_CENTRAL_NERVOUS_SYSTEM,0.791459321975708,0.8102504248009589,1,X_scGPT,mil,0.5,44
afatinib,CCFSTTG1_CENTRAL_NERVOUS_SYSTEM,0.9214351773262024,0.7496036448614384,5,X_scGPT,mil,0.5,44
afatinib,COLO792_SKIN,0.6935831308364868,0.7448611917091031,2,X_scGPT,mil,0.5,44
afatinib,COV434_OVARY,0.7342209815979004,0.78032440895384,4,X_scGPT,mil,0.5,44
afatinib,DETROIT562_UPPER_AERODIGESTIVE_TRACT,0.6405941247940063,0.5250695793906603,2,X_scGPT,mil,0.5,44
afatinib,DKMG_CENTRAL_NERVOUS_SYSTEM,0.7595983147621155,0.7850013161937249,5,X_scGPT,mil,0.5,44
afatinib,EBC1_LUNG,0.7244137525558472,0.6885423602596406,3,X_scGPT,mil,0.5,44
afatinib,EFE184_ENDOMETRIUM,0.6966208815574646,0.6585961351560992,4,X_scGPT,mil,0.5,44
afatinib,EKVX_LUNG,0.5110589861869812,0.6585890585429048,2,X_scGPT,mil,0.5,44
afatinib,FTC133_THYROID,0.9659737944602966,0.7938822950635638,3,X_scGPT,mil,0.5,44
afatinib,GOS3_CENTRAL_NERVOUS_SYSTEM,0.7528745532035828,0.7395021166476904,2,X_scGPT,mil,0.5,44
afatinib,HCC1428_BREAST,0.7840307950973511,0.673970384391274,5,X_scGPT,mil,0.5,44
afatinib,HCC366_LUNG,0.6473970413208008,0.7133043228399636,5,X_scGPT,mil,0.5,44
afatinib,HCC38_BREAST,0.8087549209594727,0.6766919092833996,5,X_scGPT,mil,0.5,44
afatinib,HCC56_LARGE_INTESTINE,0.7090833187103271,0.6021649012661944,3,X_scGPT,mil,0.5,44
afatinib,HDQP1_BREAST,0.6334633827209473,0.7033310513943434,3,X_scGPT,mil,0.5,44
afatinib,HEC151_ENDOMETRIUM,0.6328490376472473,0.670654381275177,4,X_scGPT,mil,0.5,44
afatinib,HEC251_ENDOMETRIUM,0.6270521283149719,0.6688819519270246,3,X_scGPT,mil,0.5,44
afatinib,HEC6_ENDOMETRIUM,0.7746643424034119,0.7077425625753699,1,X_scGPT,mil,0.5,44
afatinib,HEP3B217_LIVER,0.8157367706298828,0.7192410700402018,2,X_scGPT,mil,0.5,44
afatinib,HMC18_BREAST,0.7475526928901672,0.7970918571582833,2,X_scGPT,mil,0.5,44
afatinib,HOS_BONE,0.8421018123626709,0.6969675547538822,4,X_scGPT,mil,0.5,44
afatinib,HS852T_SKIN,0.6320256590843201,0.8174925185280082,3,X_scGPT,mil,0.5,44
afatinib,HT1080_SOFT_TISSUE,0.8211916089057922,0.771066203713417,5,X_scGPT,mil,0.5,44
afatinib,HT1197_URINARY_TRACT,0.8161650896072388,0.657884614693152,4,X_scGPT,mil,0.5,44
afatinib,HT55_LARGE_INTESTINE,0.5103926062583923,0.6866929853131986,1,X_scGPT,mil,0.5,44
afatinib,HUH28_BILIARY_TRACT,0.7897136211395264,0.7926917552090377,2,X_scGPT,mil,0.5,44
afatinib,HUPT3_PANCREAS,0.783348023891449,0.6398942656815052,5,X_scGPT,mil,0.5,44
afatinib,HUPT4_PANCREAS,0.4378226399421692,0.6704349602971759,5,X_scGPT,mil,0.5,44
afatinib,IALM_LUNG,0.7290401458740234,0.7025985301281354,4,X_scGPT,mil,0.5,44
afatinib,IGR1_SKIN,0.7011265158653259,0.7197239055304692,5,X_scGPT,mil,0.5,44
afatinib,IGR37_SKIN,0.7625454068183899,0.7599717723876668,2,X_scGPT,mil,0.5,44
afatinib,IM95_STOMACH,0.5054170489311218,0.61012791910687,4,X_scGPT,mil,0.5,44
afatinib,JHH6_LIVER,0.9654181599617004,0.7386218413565923,3,X_scGPT,mil,0.5,44
afatinib,JHOC5_OVARY,0.5951809287071228,0.6754177553900357,5,X_scGPT,mil,0.5,44
afatinib,KALS1_CENTRAL_NERVOUS_SYSTEM,0.8067023158073425,0.7709630413187875,2,X_scGPT,mil,0.5,44
afatinib,KMRC3_KIDNEY,0.6892002820968628,0.7198376592324705,1,X_scGPT,mil,0.5,44
afatinib,KNS42_CENTRAL_NERVOUS_SYSTEM,0.7642861008644104,0.7241320048653802,4,X_scGPT,mil,0.5,44
afatinib,KPL1_BREAST,0.8543511033058167,0.7638089957012646,3,X_scGPT,mil,0.5,44
afatinib,KPNSI9S_AUTONOMIC_GANGLIA,0.7285537719726562,0.8290983059609583,5,X_scGPT,mil,0.5,44
afatinib,KYSE520_OESOPHAGUS,0.6173625588417053,0.6226072717377276,2,X_scGPT,mil,0.5,44
afatinib,LMSU_STOMACH,0.8196011185646057,0.7329138641263925,2,X_scGPT,mil,0.5,44
afatinib,LNCAPCLONEFGC_PROSTATE,0.7637406587600708,0.8494029825972033,2,X_scGPT,mil,0.5,44
afatinib,LS1034_LARGE_INTESTINE,0.7626612186431885,0.6427237705825126,4,X_scGPT,mil,0.5,44
afatinib,LS180_LARGE_INTESTINE,0.6832981109619141,0.5910762724288613,3,X_scGPT,mil,0.5,44
afatinib,MCF7_BREAST,0.7744331359863281,0.6768884208652522,1,X_scGPT,mil,0.5,44
afatinib,MDAMB361_BREAST,0.5245832800865173,0.6981705899591799,1,X_scGPT,mil,0.5,44
afatinib,MFE319_ENDOMETRIUM,0.7174853086471558,0.6865929246572924,2,X_scGPT,mil,0.5,44
afatinib,MKN45_STOMACH,1.0346405506134033,0.6443268184439611,1,X_scGPT,mil,0.5,44
afatinib,MKN7_STOMACH,0.6611157655715942,0.7483068741569223,5,X_scGPT,mil,0.5,44
afatinib,NCIH1299_LUNG,0.7286441922187805,0.7220894989002956,2,X_scGPT,mil,0.5,44
afatinib,NCIH1373_LUNG,0.7528212070465088,0.6828300996524531,3,X_scGPT,mil,0.5,44
afatinib,NCIH1435_LUNG,0.4933393597602844,0.6893208299236797,3,X_scGPT,mil,0.5,44
afatinib,NCIH1792_LUNG,0.7517090439796448,0.7235307967340624,4,X_scGPT,mil,0.5,44
afatinib,NCIH1944_LUNG,0.679461658000946,0.7061437097724509,2,X_scGPT,mil,0.5,44
afatinib,NCIH2087_LUNG,0.6109737753868103,0.6589573326448327,5,X_scGPT,mil,0.5,44
afatinib,NCIH2110_LUNG,0.6842941641807556,0.6226334770420688,1,X_scGPT,mil,0.5,44
afatinib,NCIH2126_LUNG,0.6765623688697815,0.6251243145176859,4,X_scGPT,mil,0.5,44
afatinib,NCIH2170_LUNG,0.4427151679992676,0.6477046671887519,4,X_scGPT,mil,0.5,44
afatinib,NCIH2228_LUNG,0.7076731324195862,0.7428238473893511,3,X_scGPT,mil,0.5,44
afatinib,NCIH2444_LUNG,0.8108291625976562,0.7588017525049201,3,X_scGPT,mil,0.5,44
afatinib,NCIH2452_PLEURA,0.6361785531044006,0.8602134631912062,3,X_scGPT,mil,0.5,44
afatinib,NCIH292_LUNG,0.5946270227432251,0.6496237326116069,3,X_scGPT,mil,0.5,44
afatinib,NCIH358_LUNG,0.4591236710548401,0.6805096454918385,1,X_scGPT,mil,0.5,44
afatinib,NCIH460_LUNG,0.9436857104301453,0.738501433616898,3,X_scGPT,mil,0.5,44
afatinib,NCIH522_LUNG,0.6254833936691284,0.8048205381402602,2,X_scGPT,mil,0.5,44
afatinib,NCIH650_LUNG,0.7707546949386597,0.7361557120766586,5,X_scGPT,mil,0.5,44
afatinib,NCIH747_LARGE_INTESTINE,0.5129129886627197,0.5962523445487022,5,X_scGPT,mil,0.5,44
afatinib,OAW28_OVARY,0.6439366340637207,0.6907585631616368,5,X_scGPT,mil,0.5,44
afatinib,ONCODG1_OVARY,0.5372920036315918,0.6538341818032442,2,X_scGPT,mil,0.5,44
afatinib,OSRC2_KIDNEY,0.7482349872589111,0.7725914040255168,3,X_scGPT,mil,0.5,44
afatinib,OUMS23_LARGE_INTESTINE,0.8016155362129211,0.7958326306298514,5,X_scGPT,mil,0.5,44
afatinib,OVCAR4_OVARY,0.6153212785720825,0.6767541420754611,1,X_scGPT,mil,0.5,44
afatinib,OVSAHO_OVARY,0.7032063603401184,0.6811439268914613,2,X_scGPT,mil,0.5,44
afatinib,OVTOKO_OVARY,0.6644402742385864,0.6339098006914677,2,X_scGPT,mil,0.5,44
afatinib,PANC0203_PANCREAS,0.8054366111755371,0.6222826763693052,3,X_scGPT,mil,0.5,44
afatinib,PATU8988S_PANCREAS,0.701394259929657,0.6453474755169916,2,X_scGPT,mil,0.5,44
afatinib,PC3_PROSTATE,0.820152997970581,0.7609161466536437,1,X_scGPT,mil,0.5,44
afatinib,PECAPJ49_UPPER_AERODIGESTIVE_TRACT,0.5759092569351196,0.4484464850756201,1,X_scGPT,mil,0.5,44
afatinib,PK45H_PANCREAS,0.7739125490188599,0.6922927045734166,4,X_scGPT,mil,0.5,44
afatinib,PK59_PANCREAS,0.7128807306289673,0.7344678407427908,5,X_scGPT,mil,0.5,44
afatinib,RCC10RGB_KIDNEY,0.7773939967155457,0.6949563550846771,5,X_scGPT,mil,0.5,44
afatinib,RCM1_LARGE_INTESTINE,0.7846431136131287,0.6640508861746639,3,X_scGPT,mil,0.5,44
afatinib,RD_SOFT_TISSUE,0.6733316779136658,0.7760773271436435,1,X_scGPT,mil,0.5,44
afatinib,RERFLCAD1_LUNG,0.8449095487594604,0.763806169170411,5,X_scGPT,mil,0.5,44
afatinib,RERFLCAI_LUNG,0.7837137579917908,0.7621248379291119,5,X_scGPT,mil,0.5,44
afatinib,RT4_URINARY_TRACT,0.5986748933792114,0.6229317252928356,5,X_scGPT,mil,0.5,44
afatinib,RVH421_SKIN,0.7147262692451477,0.731660027633651,4,X_scGPT,mil,0.5,44
afatinib,SCC25_UPPER_AERODIGESTIVE_TRACT,0.27695798873901367,0.4704737151186822,2,X_scGPT,mil,0.5,44
afatinib,SCC9_UPPER_AERODIGESTIVE_TRACT,0.5204415917396545,0.6960662231947247,2,X_scGPT,mil,0.5,44
afatinib,SH10TC_STOMACH,0.8171871304512024,0.7965770820606808,5,X_scGPT,mil,0.5,44
afatinib,SKES1_BONE,0.7776396870613098,0.8374764166035495,2,X_scGPT,mil,0.5,44
afatinib,SKMEL2_SKIN,0.6926764845848083,0.7497529739486999,1,X_scGPT,mil,0.5,44
afatinib,SKNAS_AUTONOMIC_GANGLIA,0.7450849413871765,0.8482026304818887,2,X_scGPT,mil,0.5,44
afatinib,SNU1079_BILIARY_TRACT,0.30016279220581055,0.6965703939738339,1,X_scGPT,mil,0.5,44
afatinib,SNU308_BILIARY_TRACT,0.6170322299003601,0.593996008659931,1,X_scGPT,mil,0.5,44
afatinib,SNU449_LIVER,0.7562255859375,0.7249736048228351,3,X_scGPT,mil,0.5,44
afatinib,SNU46_UPPER_AERODIGESTIVE_TRACT,0.7070208191871643,0.6601966647273403,4,X_scGPT,mil,0.5,44
afatinib,SNU738_CENTRAL_NERVOUS_SYSTEM,0.8224183320999146,0.7453582282116671,1,X_scGPT,mil,0.5,44
afatinib,SNU899_UPPER_AERODIGESTIVE_TRACT,0.7591167092323303,0.5487403661371714,2,X_scGPT,mil,0.5,44
afatinib,SNUC4_LARGE_INTESTINE,0.6135603785514832,0.5585103336825361,5,X_scGPT,mil,0.5,44
afatinib,SQ1_LUNG,0.5652294158935547,0.7445317694619924,3,X_scGPT,mil,0.5,44
afatinib,SW1088_CENTRAL_NERVOUS_SYSTEM,0.7634608745574951,0.7441507768817246,4,X_scGPT,mil,0.5,44
afatinib,SW1271_LUNG,0.7113705277442932,0.7470608478007109,1,X_scGPT,mil,0.5,44
afatinib,SW1990_PANCREAS,0.713200032711029,0.7682469304687426,5,X_scGPT,mil,0.5,44
afatinib,SW579_THYROID,0.7006264328956604,0.9031534417433673,3,X_scGPT,mil,0.5,44
afatinib,T47D_BREAST,0.7524663805961609,0.6472859820898842,1,X_scGPT,mil,0.5,44
afatinib,TCCSUP_URINARY_TRACT,0.7976297736167908,0.8314415024051184,3,X_scGPT,mil,0.5,44
afatinib,TE10_OESOPHAGUS,0.6215711236000061,0.6270256050645489,4,X_scGPT,mil,0.5,44
afatinib,TE14_OESOPHAGUS,0.4506191611289978,0.4744113083252927,1,X_scGPT,mil,0.5,44
afatinib,TE1_OESOPHAGUS,0.7135472297668457,0.6489630781331108,4,X_scGPT,mil,0.5,44
afatinib,TE6_OESOPHAGUS,0.41391584277153015,0.589213724794059,2,X_scGPT,mil,0.5,44
afatinib,TE9_OESOPHAGUS,0.7153798341751099,0.5876847224370125,2,X_scGPT,mil,0.5,44
afatinib,TM31_CENTRAL_NERVOUS_SYSTEM,0.7665950059890747,0.7332945861693086,2,X_scGPT,mil,0.5,44
afatinib,TOV112D_OVARY,0.8150071501731873,0.8711848977284554,2,X_scGPT,mil,0.5,44
afatinib,UACC257_SKIN,0.7827110886573792,0.7151465620455881,1,X_scGPT,mil,0.5,44
afatinib,UMUC1_URINARY_TRACT,0.7934571504592896,0.5426869837160643,1,X_scGPT,mil,0.5,44
afatinib,VMCUB1_URINARY_TRACT,0.5197843313217163,0.6178993662530907,4,X_scGPT,mil,0.5,44
afatinib,VMRCRCZ_KIDNEY,0.7667264938354492,0.6962288568417231,2,X_scGPT,mil,0.5,44
afatinib,YD38_UPPER_AERODIGESTIVE_TRACT,0.32698485255241394,0.6071463137482985,4,X_scGPT,mil,0.5,44
afatinib,ZR751_BREAST,0.7331831455230713,0.751868753371501,1,X_scGPT,mil,0.5,44
