variant,GENE,outcome,current_symbol,n_cells_expressed,pct_cells_expressed,total_expression,collides_with_existing_row
all_genes,GNB2L1,rescued,RACK1,53492,99.96075719918524,113513417.88762616,False
all_genes,ATP5E,rescued,ATP5F1E,53485,99.94767626558033,89646799.40539166,False
all_genes,H2AFZ,rescued,H2AZ1,53229,99.46928783660044,66718332.81665027,False
all_genes,H3F3B,rescued,H3-3B,53417,99.82060433913254,65458071.471199654,False
all_genes,HIST1H4C,rescued,H4C3,49394,92.30280492590586,57318907.73538295,False
all_genes,H3F3A,rescued,H3-3A,53327,99.6524209070693,54864118.446960285,False
all_genes,ATP5L,rescued,ATP5MG,53298,99.59822846784894,46059800.032845035,False
all_genes,TCEB2,rescued,ELOB,53303,99.60757199185244,42287884.63385621,False
all_genes,HN1,rescued,JPT1,52692,98.46579335862316,41200903.09919797,False
all_genes,ATP5J,rescued,ATP5PF,53004,99.04882925644236,31063565.724843025,False
all_genes,ATP5G3,rescued,ATP5MC3,52586,98.26771064974866,29745317.86679042,False
all_genes,ATP5G1,rescued,ATP5MC1,52293,97.72018014314278,29324128.64905336,False
all_genes,SHFM1,rescued,SEM1,52702,98.48448040663015,26251894.68558272,False
all_genes,H2AFV,rescued,H2AZ2,52331,97.7911909255695,25465515.486155972,False
all_genes,ATP5G2,rescued,ATP5MC2,52278,97.69214957113223,25113185.30757561,False
all_genes,USMG5,rescued,ATP5MK,52546,98.19296245772055,24998544.61307496,False
all_genes,C14orf2,rescued,ATP5MJ,52320,97.77063517276176,22937356.66495808,False
all_genes,C17orf89,rescued,NDUFAF8,49369,92.25608730588829,22792503.924760003,False
all_genes,ATP5J2,rescued,ATP5MF,51865,96.92037448844206,22481007.31193627,False
all_genes,ATP5D,rescued,ATP5F1D,48908,91.39461439276435,21960372.302253783,False
all_genes,TCEB1,rescued,ELOC,51744,96.69426120755703,20737404.70806022,False
all_genes,STRA13,unresolvable (former symbol maps to several genes),,50873,95.06661932614506,19524655.48350986,False
all_genes,ATP5B,rescued,ATP5F1B,51144,95.57303832713546,18535286.156430237,False
all_genes,NGFRAP1,rescued,BEX3,47264,88.32246370040924,18228929.03230229,False
all_genes,MYEOV2,rescued,COPS9,51498,96.2345598265842,17857579.713228304,False
all_genes,MINOS1,rescued,MICOS10,51296,95.85708145684228,17709106.626268912,False
all_genes,C19orf43,rescued,TRIR,51557,96.34481340982563,17608693.946033504,False
all_genes,ATPIF1,rescued,ATP5IF1,50120,93.65948461121596,17483558.083228633,False
all_genes,ATP5O,rescued,ATP5PO,50414,94.20888382262254,16739498.078354858,False
all_genes,ATP5I,rescued,ATP5ME,50433,94.24438921383587,16366795.940324474,False
all_genes,FAM96B,rescued,CIAO2B,50847,95.01803300132678,15691644.522339975,False
all_genes,C14orf166,rescued,RTRAF,49961,93.36236054790425,15686022.41007109,False
all_genes,C20orf24,rescued,RAB5IF,48047,89.78565955935942,14418087.94449544,False
all_genes,KIAA0101,rescued,PCLAF,46292,86.50608263412629,13977786.546956172,False
all_genes,C6orf48,rescued,SNHG32,47515,88.7915086053856,13963218.08133027,False
all_genes,LINC00152,rescued,CYTOR,46297,86.5154261581298,13443259.648612406,False
all_genes,C16orf13,rescued,METTL26,49725,92.92134621493842,12678395.829291422,False
all_genes,SEPT7,rescued,SEPTIN7,47418,88.61024423971745,12225958.659473673,False
all_genes,H2AFY,rescued,MACROH2A1,49226,91.9888625193878,11862150.781690609,False
all_genes,ATP5H,rescued,ATP5PD,47345,88.47382878926616,11668803.42690327,False
all_genes,C11orf31,rescued,SELENOH,48727,91.0563788238372,11404808.124002744,False
all_genes,APOA1BP,rescued,NAXE,46806,87.46659690168744,10414921.68237323,False
all_genes,SEPW1,rescued,SELENOW,46191,86.31734344925532,10126083.821482202,False
all_genes,C8orf59,rescued,RBIS,46855,87.55816343692186,9873968.529953498,False
all_genes,C19orf24,rescued,FAM174C,45346,84.7382878926616,9853124.528451186,False
all_genes,C19orf70,rescued,MICOS13,46964,87.76185226019845,9532703.434751395,False
all_genes,ATP5F1,rescued,ATP5PB,45828,85.63900360660026,9295908.016694,False
all_genes,GLTSCR2,rescued,NOP53,44361,82.89761366396951,9224833.384435289,False
all_genes,H2AFJ,rescued,H2AJ,38647,72.21983443275465,8904802.287419744,False
all_genes,C7orf73,rescued,STMP1,45352,84.74950012146581,8703171.357415844,False
all_genes,ATP5C1,rescued,ATP5F1C,44190,82.57806514304934,8667660.501741916,False
all_genes,PTRF,rescued,CAVIN1,37391,69.87274120307215,8260372.251736881,False
all_genes,CYR61,rescued,CCN1,32638,60.99078728533254,8024372.94776105,False
all_genes,VIMP,rescued,SELENOS,43632,81.53532786425728,7890785.932793025,False
all_genes,ATP5A1,rescued,ATP5F1A,43816,81.87916954758657,7797789.161947906,False
all_genes,UFD1L,rescued,UFD1,42777,79.93758525965653,7604167.784651654,False
all_genes,C9orf142,rescued,PAXX,43728,81.71472352512474,7323955.676196538,False
all_genes,C11orf73,rescued,HIKESHI,42376,79.18823463457477,6986126.490469897,False
all_genes,FAM195A,rescued,MCRIP2,40002,74.75192943770672,6680779.24676391,False
all_genes,WDR34,rescued,DYNC2I2,41433,77.4260460075122,6663344.998207574,False
all_genes,C19orf60,rescued,REX1BD,41658,77.84650458767028,6250069.036173834,False
all_genes,H1FX,rescued,H1-10,36781,68.73283127464354,6219905.048940378,False
all_genes,SELT,not an HGNC former symbol,,41044,76.69911984003886,6022521.304375616,False
all_genes,SSSCA1,rescued,ZNRD2,39444,73.70919215891466,6017848.7776573915,False
all_genes,HIST1H2BK,rescued,H2BC12,28756,53.73647524900491,6008545.14592934,False
all_genes,AES,rescued,TLE5,39883,74.52955356642312,5986464.842008553,False
all_genes,TARS,rescued,TARS1,39184,73.22332891073196,5951409.699198984,False
all_genes,SELK,not an HGNC former symbol,,41075,76.75704968886065,5922958.127818707,False
all_genes,WBSCR22,rescued,BUD23,40388,75.47324949077793,5847101.933822885,False
all_genes,TSTA3,rescued,GFUS,39983,74.71642404649337,5795320.002193715,False
all_genes,TMEM261,rescued,DMAC1,38835,72.57115093528675,5744300.322507767,False
all_genes,HIST1H1C,rescued,H1-2,29562,55.24265131837124,5713483.259143695,False
all_genes,SEP15,not an HGNC former symbol,,41196,76.98316296974566,5693440.599751,False
all_genes,RTFDC1,rescued,RTF2,39808,74.38940070637041,5692305.076392779,False
all_genes,LINC00493,rescued,SMIM26,40157,75.04157868181564,5661253.2932238905,False
all_genes,WHSC1L1,rescued,NSD3,39174,73.20464186272496,5569227.196341873,False
all_genes,APOPT1,rescued,COA8,40312,75.33122792592454,5523534.739194607,False
all_genes,NCBP2-AS2,rescued,NCBP2AS2,39514,73.84000149496384,5493163.926971355,False
all_genes,FAM49B,rescued,CYRIB,39368,73.56717059406125,5415276.3627421055,False
all_genes,KARS,rescued,KARS1,40171,75.06774054902547,5354280.719721618,False
all_genes,PLA2G16,rescued,PLAAT3,30353,56.72079681572701,5319592.419175157,False
all_genes,MESDC2,rescued,MESD,39048,72.96918505783641,5300712.235047845,False
all_genes,SEPT2,rescued,SEPTIN2,39710,74.20626763590155,5240061.392998042,False
all_genes,SEPT9,rescued,SEPTIN9,38273,71.52093883729187,5228557.127379011,False
all_genes,LINC00116,rescued,MTLN,36972,69.08975389157774,5219741.510807434,False
all_genes,FAM96A,rescued,CIAO2A,39482,73.78020294134136,5028394.186255666,False
all_genes,ASNA1,rescued,GET3,38703,72.32448190159401,4988583.778236457,False
all_genes,RP11-345J4.5,not an HGNC former symbol,,36443,68.10120905200606,4924564.944377437,False
all_genes,FAM173A,rescued,ANTKMT,34703,64.84966269878348,4733711.414451586,False
all_genes,H2AFX,rescued,H2AX,33176,61.99615046811056,4641772.249856511,False
all_genes,SELM,not an HGNC former symbol,,27594,51.565040270588455,4591167.437515904,False
all_genes,FAM213A,rescued,PRXL2A,31455,58.78010950610132,4568455.877519367,False
all_genes,RP11-14N7.2,not an HGNC former symbol,,30623,57.22534711191673,4504788.063540663,False
all_genes,GARS,rescued,GARS1,35955,67.18928110926316,4445943.02814441,False
all_genes,LINC00998,rescued,SMIM30,35439,66.22502943210061,4424283.438309475,False
all_genes,LARS,rescued,LARS1,35716,66.74266066189524,4415630.288742321,False
all_genes,LINC00657,rescued,NORAD,34566,64.59365014108721,4317201.956797598,False
all_genes,PRKCDBP,rescued,CAVIN3,25487,47.627679255508006,4292442.7006620215,False
all_genes,FAM58A,rescued,CCNQ,35389,66.13159419206548,4259984.19154274,False
all_genes,C14orf1,rescued,ERG28,35662,66.6417506026573,4225738.0003069565,False
all_genes,CTGF,rescued,CCN2,18677,34.90179956272308,4204226.814746564,False
all_genes,WBP5,rescued,TCEAL9,31399,58.67546203726197,4069897.5577664487,False
all_genes,CD3EAP,rescued,POLR1G,32283,60.3273970810831,4033339.968601495,False
all_genes,MATR3,not an HGNC former symbol,,33323,62.27085007381385,3982889.7261225553,False
all_genes,SEPT11,rescued,SEPTIN11,34011,63.55651897669725,3955603.716783445,False
all_genes,C12orf10,rescued,MYG1,34932,65.27759609814437,3821222.269659682,False
all_genes,NARS,rescued,NARS1,32958,61.58877282155738,3802436.16098403,False
all_genes,MMP24-AS1,rescued,MMP24OS,28818,53.85233494664847,3717456.4905884983,False
all_genes,TWISTNB,rescued,POLR1F,32135,60.05082877057911,3667414.037772161,False
all_genes,ICT1,rescued,MRPL58,33643,62.86883561003869,3663219.7647104,False
all_genes,HN1L,rescued,JPT2,33685,62.94732121166819,3582178.0775446417,False
all_genes,C9orf3,rescued,AOPEP,25878,48.358342832582736,3542909.609928211,False
all_genes,H1F0,rescued,H1-0,24941,46.60736643432437,3476243.974907312,False
all_genes,DARS,rescued,DARS1,32497,60.727299908433466,3358014.1558307717,False
all_genes,RARS,rescued,RARS1,31752,59.335114831910005,3307211.2109522517,False
all_genes,PPP2R4,rescued,PTPA,31921,59.65092594322875,3281815.092445599,False
all_genes,SARS,rescued,SARS1,31030,57.985909965802705,3241838.121488018,False
all_genes,HIST2H2AC,rescued,H2AC20,18772,35.07932651878983,3218736.7091522817,False
all_genes,TCEB3,rescued,ELOA,30996,57.92237400257881,3205482.172577584,False
all_genes,AC010642.1,not an HGNC former symbol,,29520,55.16416571674173,3185177.1491517257,False
all_genes,FAM60A,rescued,SINHCAF,29789,55.66684730813073,3132846.6751903645,False
all_genes,FAM127B,rescued,RTL8A,31001,57.931717526582325,3116130.859619637,False
all_genes,FAM192A,rescued,PSME3IP1,31603,59.05667781660531,3088852.3916731114,False
all_genes,C7orf49,rescued,CYREN,30347,56.7095845869228,3053465.84634434,False
all_genes,GBAS,rescued,NIPSNAP2,29942,55.95275914263824,2986705.3349895123,False
all_genes,YARS,rescued,YARS1,30216,56.464784258030754,2972038.2943124333,False
all_genes,EPRS,rescued,EPRS1,29349,54.84461719582158,2945367.743912061,False
all_genes,ADSS,rescued,ADSS2,29546,55.212752041559995,2929651.996895365,False
all_genes,FTSJ2,rescued,MRM2,30221,56.474127782034266,2905247.730827254,False
all_genes,POLR2J3,not an HGNC former symbol,,28230,52.75353652383533,2818842.1073683086,False
all_genes,MLLT4,rescued,AFDN,26248,49.04976360884271,2797437.3755308525,False
all_genes,IARS,rescued,IARS1,29789,55.66684730813073,2794795.728098185,False
all_genes,C21orf59,rescued,CFAP298,28821,53.85794106105058,2739465.0861221347,False
all_genes,FAM127A,rescued,RTL8C,26836,50.148562031655864,2660486.092452446,False
all_genes,FAM103A1,rescued,RAMAC,28433,53.132883598377965,2642981.2751522725,False
all_genes,UTP11L,rescued,UTP11,28352,52.98151850952105,2639583.2193824593,False
all_genes,TCTEX1D2,rescued,DYNLT2B,25607,47.85192383159232,2611546.6032749354,False
all_genes,SDCCAG3,rescued,ENTR1,27364,51.135238166426845,2551921.745998402,False
all_genes,C6orf1,rescued,SMIM29,25645,47.92293461401903,2518138.8185267993,False
all_genes,ZNRD1,rescued,POLR1H,27659,51.68650608263413,2473635.8516486315,False
all_genes,CCDC109B,rescued,MCUB,25564,47.771569525162114,2460499.8284676503,False
all_genes,WHSC1,rescued,NSD2,25487,47.627679255508006,2440097.3459639032,False
all_genes,WARS,rescued,WARS1,25814,48.238745725337765,2439444.84119803,False
all_genes,HIST1H1E,rescued,H1-4,16558,30.9420140900342,2434711.1624924475,False
all_genes,ILF3-AS1,rescued,ILF3-DT,25289,47.25767570496889,2419543.6772306105,False
all_genes,WDR66,rescued,CFAP251,14704,27.47743538953152,2397552.085978226,False
all_genes,FAM129B,rescued,NIBAN2,25345,47.362323173808235,2381248.5012786384,False
all_genes,TMEM5,rescued,RXYLT1,26642,49.78603330031955,2373628.9025703003,False
all_genes,TROVE2,rescued,RO60,26200,48.96006577840898,2355582.4509460004,False
all_genes,FAM92A1,rescued,CIBAR1,24109,45.05260404013978,2341739.8002772713,False
all_genes,FAM101B,rescued,RFLNB,19398,36.24913572402967,2323789.7144404044,False
all_genes,SGOL1,rescued,SGO1,24442,45.67488273877375,2297373.9691935363,False
all_genes,MARCH6,rescued,MARCHF6,25710,48.04440042606469,2293784.007338629,False
all_genes,IMPAD1,rescued,BPNT2,25878,48.358342832582736,2278244.966483158,False
all_genes,TMEM189,rescued,PEDS1,25617,47.870610879599354,2245599.9883303614,False
all_genes,RP11-783K16.5,not an HGNC former symbol,,23080,43.12970680021677,2233815.113537676,False
all_genes,SGOL2,rescued,SGO2,21567,40.30235643675368,2214315.800677741,False
all_genes,RAB30-AS1,rescued,RAB30-DT,24439,45.66927662437165,2211054.978371142,False
all_genes,SSFA2,rescued,ITPRID2,22732,42.47939752957225,2207641.021395524,False
all_genes,PRKRIR,rescued,THAP12,22601,42.234597200680206,2112546.7638707953,False
all_genes,CECR5,rescued,HDHD5,24311,45.43008240988171,2077228.8784181587,False
all_genes,APITD1,rescued,CENPS,24855,46.446657821463944,2059887.6954782857,False
all_genes,PVRL2,rescued,NECTIN2,23307,43.55390278997627,2059211.6193180727,False
all_genes,AAED1,rescued,PRXL2C,23240,43.42869956832919,2040612.889920246,False
all_genes,SEPT10,rescued,SEPTIN10,24196,45.21518135780091,2040419.558939715,False
all_genes,QARS,unresolvable (former symbol maps to several genes),,24086,45.009623829723616,2026760.527470041,False
all_genes,TSSC1,rescued,EIPR1,25017,46.74938799917777,2002512.6410001973,False
all_genes,LINC00969,"renamed, current symbol also absent",MIR570HG,23622,44.1425448021976,1985457.6075650344,False
all_genes,RQCD1,rescued,CNOT9,23331,43.59875170519313,1982993.0786477155,False
all_genes,FAM45A,rescued,DENND10,23822,44.51628576233813,1925757.6211788475,False
all_genes,ATP5SL,rescued,DMAC2,24094,45.02457346812924,1923306.3572492737,False
all_genes,RP11-620J15.3,not an HGNC former symbol,,18073,33.77310186309869,1884291.5401986395,False
all_genes,CASC4,rescued,GOLM2,22427,41.90944256535795,1873516.8374345847,False
all_genes,FAM134A,rescued,RETREG2,22768,42.54667090239755,1868870.1466421727,False
all_genes,RP11-1094M14.11,not an HGNC former symbol,,21799,40.7358959505167,1866020.1678284255,False
all_genes,C7orf55,rescued,FMC1,22523,42.088838226225405,1863405.5659607267,False
all_genes,CCDC58,rescued,MIX23,21860,40.84988694335956,1843805.683918548,False
all_genes,CPSF3L,rescued,INTS11,23201,43.35582008110179,1842321.252081519,False
all_genes,FDX1L,rescued,FDX2,23147,43.25491002186384,1820453.6155231367,False
all_genes,FAM63B,rescued,MINDY2,21656,40.468671164016214,1819503.152776679,False
all_genes,ERBB2IP,rescued,ERBIN,20784,38.839160577803526,1787654.4073204454,False
all_genes,TOMM70A,rescued,TOMM70,22555,42.14863677984789,1753719.1100494235,False
all_genes,VARS,rescued,VARS1,21998,41.10776820585652,1726523.112409134,False
all_genes,C1orf123,rescued,CZIB,22280,41.634742959654666,1720731.8345375191,False
all_genes,FOPNL,rescued,CEP20,22175,41.43852895558089,1711810.7973861285,False
all_genes,C14orf80,rescued,TEDC1,21313,39.82770541737522,1697714.0458392818,False
all_genes,ATP5EP2,rescued,ATP5F1EP2,19299,36.06413394876011,1684209.5481555327,False
all_genes,FAM64A,rescued,PIMREG,18334,34.26083381608208,1679018.691827656,False
all_genes,MGEA5,rescued,OGA,21298,39.79967484536468,1678678.117135569,False
all_genes,ADPRHL2,rescued,ADPRS,21493,40.16407228150169,1674467.4616581672,False
all_genes,C12orf49,rescued,SPRING1,20494,38.29723618559976,1664054.8649811018,False
all_genes,ZCCHC11,rescued,TUT4,20492,38.29349877599836,1657847.4871176474,False
all_genes,C17orf62,rescued,CYBC1,21417,40.02205071664829,1637690.460968717,False
all_genes,FAM208B,rescued,TASOR2,19791,36.98353671070581,1629269.4864255672,False
all_genes,HARS,rescued,HARS1,21233,39.67820903331901,1619657.8997127884,False
all_genes,CCDC53,rescued,WASHC3,20114,37.58712836133276,1601353.2832856197,False
all_genes,C21orf33,"renamed, current symbol also absent",GATD3,20149,37.65253302935736,1595402.8199341968,False
all_genes,NOTCH2NL,rescued,NOTCH2NLA,18941,35.39513763010857,1575144.6520036706,False
all_genes,PROSC,rescued,PLPBP,20477,38.265468203987815,1563847.5011788832,False
all_genes,HRSP12,rescued,RIDA,20000,37.37409601405266,1558274.5534468412,False
all_genes,RP11-532F12.5,not an HGNC former symbol,,16313,30.484181413862053,1514668.4145854893,False
all_genes,MARCH7,rescued,MARCHF7,19460,36.36499542167324,1509117.728310889,False
all_genes,ATP5S,rescued,DMAC2L,20239,37.82071646142059,1504671.1153585657,False
all_genes,FAM84B,rescued,LRATD2,14694,27.45874834152449,1489272.8789907978,False
all_genes,RP11-554I8.2,not an HGNC former symbol,,14335,26.787883318072243,1484750.3427161467,False
all_genes,C7orf55-LUC7L2,rescued,FMC1-LUC7L2,19129,35.746454132640665,1481585.1751573605,False
all_genes,SQRDL,rescued,SQOR,16444,30.728981742754097,1470360.167347141,False
all_genes,HIST1H1B,rescued,H1-5,9900,18.500177526956065,1469273.386312964,False
all_genes,WDYHV1,rescued,NTAQ1,19469,36.38181376487956,1459379.1261416916,False
all_genes,PQLC1,rescued,SLC66A2,18582,34.72427260665633,1459302.20042054,False
all_genes,WBSCR16,rescued,RCC1L,19042,35.58387681497954,1438791.0065494145,False
all_genes,C11orf57,rescued,NKAPD1,19594,36.61540186496739,1437248.6175129944,False
all_genes,C4orf27,rescued,HPF1,18755,35.04755853717788,1433030.023101051,False
all_genes,MARCH5,rescued,MARCHF5,19564,36.55934072094631,1414207.8060027673,False
all_genes,HIST1H1D,rescued,H1-3,9809,18.330125390092128,1409184.778487714,False
all_genes,MUM1,unresolvable (former symbol maps to several genes),,18625,34.80462691308654,1404618.7016634443,False
all_genes,MESDC1,rescued,TLNRD1,18024,33.68153532786426,1389501.4695326271,False
all_genes,TMEM55B,rescued,PIP4P1,19031,35.56332106217181,1376238.8517730045,False
all_genes,OBFC1,rescued,STN1,18376,34.339319417711586,1357424.3279578816,False
all_genes,ASUN,rescued,INTS13,18298,34.19356044325678,1347657.1597961255,False
all_genes,KIAA1524,rescued,CIP2A,17768,33.203146898884384,1336393.4534277436,False
all_genes,DSCR3,rescued,VPS26C,18767,35.069982994786315,1331779.8070930368,False
all_genes,WRB,rescued,GET1,18516,34.60093808980995,1326749.4168230142,False
all_genes,C9orf69,rescued,TMEM250,18152,33.920729542354195,1320288.295305227,False
all_genes,METTL12,rescued,CSKMT,17006,31.779193840748977,1312718.2405054837,False
all_genes,MFI2,rescued,MELTF,14645,27.36718180629006,1284344.1845753484,False
all_genes,KIAA0907,rescued,KHDC4,17132,32.01465064563751,1279152.857757975,False
all_genes,C14orf142,rescued,GON7,17674,33.027488647618334,1260119.0993996388,False
all_genes,KIAA1715,rescued,LNPK,17208,32.15667221049091,1250275.8627037888,False
all_genes,MARS,rescued,MARS1,16663,31.138228094107973,1225190.1084047384,False
all_genes,CARS,rescued,CARS1,16283,30.428120269840974,1214079.2199293342,False
all_genes,SPG20,rescued,SPART,15942,29.79089193280138,1213879.2837004226,False
all_genes,NUPL2,rescued,NUP42,17372,32.46313979780614,1210342.6867710962,False
all_genes,LYRM5,rescued,ETFRF1,16096,30.07867247210958,1208548.625841929,False
all_genes,WDR60,rescued,DYNC2I1,15512,28.98734886849924,1162736.181659746,False
all_genes,C16orf52,rescued,MOSMO,15327,28.64163848036926,1159218.929616117,False
all_genes,METTL10,rescued,EEF1AKMT2,16781,31.358735260590887,1151319.676497555,False
all_genes,CASC5,rescued,KNL1,14733,27.531627828751898,1148221.369281266,False
all_genes,C11orf74,rescued,IFTAP,16215,30.301048343393195,1143000.0857778094,False
all_genes,C6orf106,rescued,ILRUN,16061,30.013267804084983,1131630.083531309,False
all_genes,C4orf32,rescued,FAM241A,14360,26.83460093808981,1131142.599552984,False
all_genes,ORAOV1,rescued,LTO1,15457,28.8845701044606,1125045.2732343138,False
all_genes,TARSL2,rescued,TARS3,14821,27.696073851213725,1121260.3048188747,False
all_genes,SKIV2L2,rescued,MTREX,15629,29.20598733018145,1115824.083051163,False
all_genes,CYB561D2,not an HGNC former symbol,,15646,29.237755311793396,1104117.0229397572,False
all_genes,FAM57A,rescued,TLCD3A,15521,29.004167211705568,1088385.0512905875,False
all_genes,BRE,rescued,BABAM2,14894,27.832489301665017,1081409.277501335,False
all_genes,C19orf52,rescued,TIMM29,15760,29.450787659073494,1075962.249644165,False
all_genes,RFWD2,rescued,COP1,15564,29.08452151813578,1072662.979188247,False
all_genes,RP11-395G23.3,not an HGNC former symbol,,12261,22.912189561414984,1064593.2023420343,False
all_genes,CCDC84,rescued,CENATAC,15029,28.08476444975987,1063595.412020729,False
all_genes,KIAA1429,rescued,VIRMA,15200,28.404312970680024,1057937.135289792,False
all_genes,C9orf114,rescued,SPOUT1,15603,29.15740100536318,1055017.0300488323,False
all_genes,C16orf59,rescued,TEDC2,15135,28.28284715863435,1053099.790450938,False
all_genes,MINA,rescued,RIOX2,15693,29.32558443742642,1051378.91116538,False
all_genes,PINX1,not an HGNC former symbol,,15007,28.043652944144416,1040617.7172321426,False
all_genes,FAM65A,rescued,RIPOR1,14813,27.6811242128081,1022790.3896002392,False
all_genes,FAM46A,rescued,TENT5A,11743,21.94420047465102,1006944.6881473004,False
all_genes,FAM35A,rescued,SHLD2,14444,26.99157214134883,993309.64313008,False
all_genes,C3orf17,"renamed, current symbol also absent",RMP64,15061,28.144563003382356,986739.8274241368,False
all_genes,C10orf54,rescued,VSIR,12589,23.52512473604545,983925.9399696433,False
all_genes,AARS,rescued,AARS1,14073,26.29828266028815,978101.6374150998,False
all_genes,FAM122B,rescued,PABIR2,14668,27.41016201670622,976713.8994394778,False
all_genes,C2orf47,rescued,MAIP1,15112,28.23986694821819,976710.4088013351,False
all_genes,FBXO18,rescued,FBH1,14605,27.292433614261956,974899.1459207725,False
all_genes,C11orf84,rescued,SPINDOC,14247,26.623437295610415,972906.0274495716,False
all_genes,TMEM8A,rescued,PGAP6,13851,25.88343019453217,959880.0935353726,False
all_genes,PDDC1,rescued,GATD1,14111,26.369293442714852,955497.9891630732,False
all_genes,TMEM136,rescued,TLCD5,12650,23.639115728888303,954158.0456060148,False
all_genes,RP11-452F19.3,not an HGNC former symbol,,13505,25.23685833348906,952893.771118268,False
all_genes,FYB,rescued,FYB1,6781,12.671687253564553,934629.5688716128,False
all_genes,COL4A3BP,rescued,CERT1,13345,24.937865565376637,928321.4326954398,False
all_genes,FAM208A,rescued,TASOR,13737,25.67039784725207,928192.3347664668,False
all_genes,KIAA0368,rescued,ECPAS,13656,25.519032758395156,917689.4125782,False
all_genes,AP006222.2,not an HGNC former symbol,,13911,25.99555248257433,910609.7595515768,False
all_genes,LHFP,rescued,LHFPL6,11789,22.03016089548334,903185.251484267,False
all_genes,MARCH2,rescued,MARCHF2,12696,23.72507614972063,902441.6503116612,False
all_genes,ADRBK1,rescued,GRK2,13362,24.969633546988582,902201.8746581164,False
all_genes,VWA9,rescued,INTS14,13778,25.747014744080875,898728.1131140657,False
all_genes,HIST1H2AC,rescued,H2AC6,8935,16.696877394278026,897694.7024537476,False
all_genes,MB21D1,rescued,CGAS,12493,23.345729075177992,896224.0515104411,False
all_genes,MTL5,rescued,TESMIN,12520,23.39618410479697,885224.7894567016,False
all_genes,FAM129A,rescued,NIBAN1,10748,20.0848391979519,881335.1285809826,False
all_genes,SEPN1,rescued,SELENON,12794,23.908209220189487,878877.560389525,False
all_genes,QTRTD1,rescued,QTRT2,13205,24.676246893278268,868996.3818672039,False
all_genes,C1orf27,rescued,ODR4,13239,24.739782856502156,868778.2689167372,False
all_genes,AL592183.1,not an HGNC former symbol,,11510,21.508792256087304,853574.9700938384,False
all_genes,PVRL3,rescued,NECTIN3,10841,20.258628744417244,851476.0552385505,False
all_genes,MARCH9,rescued,MARCHF9,11409,21.320053071216343,849114.0801253959,False
all_genes,METTL13,not an HGNC former symbol,,12776,23.87457253377684,848465.4724662846,False
all_genes,PAPD5,rescued,TENT4B,12859,24.02967503223516,847992.8821123143,False
all_genes,PVRL1,rescued,NECTIN1,11956,22.34223459720068,846276.9869094323,False
all_genes,TMEM57,rescued,MACO1,12820,23.95679554500775,840632.5661226894,False
all_genes,C21orf2,rescued,CFAP410,12559,23.46906359202437,836868.8928740209,False
all_genes,CXorf40B,rescued,EOLA2,12370,23.11587838469157,813619.5133500556,False
all_genes,XRCC6BP1,rescued,ATP23,12186,22.77203670136229,808458.1300084646,False
all_genes,H2AFY2,rescued,MACROH2A2,10981,20.520247416515613,807236.4049935748,False
all_genes,ELMSAN1,rescued,MIDEAS,11794,22.039504419486853,804766.0765836398,False
all_genes,TMEM56,rescued,TLCD4,10980,20.51837871171491,797012.1438239841,False
all_genes,RARRES3,rescued,PLAAT4,7227,13.505129594677928,793398.3650751781,False
all_genes,ICK,rescued,CILK1,11225,20.976211387887055,791664.0069546346,False
all_genes,C19orf66,rescued,SHFL,11207,20.94257470147441,786815.7396420983,False
all_genes,PAXIP1-AS1,rescued,PAXIP1-DT,11433,21.364901986433203,785662.8255892291,False
all_genes,LRRC16A,rescued,CARMIL1,11013,20.580045970138094,780955.0822274846,False
all_genes,LINC00094,rescued,BRD3OS,12180,22.76082447255807,778977.643630723,False
all_genes,C10orf35,rescued,FAM241B,11604,21.68445050735335,769939.3038109263,False
all_genes,AL589743.1,not an HGNC former symbol,,10547,19.70922953301067,769068.1582669556,False
all_genes,RP13-463N16.6,not an HGNC former symbol,,8602,16.07459869564405,763294.3473418315,False
all_genes,RNF219,rescued,OBI1,11661,21.790966680993403,760102.7150446561,False
all_genes,SEPP1,rescued,SELENOP,5687,10.627324201595874,758054.7946718856,False
all_genes,KIAA1551,rescued,RESF1,10607,19.82135182105283,755840.5882118313,False
all_genes,TMEM55A,rescued,PIP4P2,11143,20.82297759422944,752679.2470328934,False
all_genes,TOPORS-AS1,"renamed, current symbol also absent",TZMP1,11450,21.39666996804515,742940.9893286172,False
all_genes,LINC00162,rescued,PICSAR,5328,9.956459178143628,738022.5267034064,False
all_genes,FAM213B,rescued,PRXL2B,11180,20.892119671855436,734765.2066903238,False
all_genes,HIST1H2BD,rescued,H2BC5,8277,15.467269635415692,725721.5255218497,False
all_genes,PYCRL,rescued,PYCR3,11453,21.402276082447255,723882.6573508319,False
all_genes,ST5,rescued,DENND2B,10515,19.649430979388185,720214.8098917478,False
all_genes,FAM122A,rescued,PABIR1,11416,21.333134004821257,713546.3335657463,False
all_genes,TRAPPC2P1,rescued,TRAPPC2B,11169,20.87156391904771,708778.5289250922,False
all_genes,C22orf29,rescued,RTL10,10983,20.52398482611702,706201.3493875866,False
all_genes,RP11-490M8.1,not an HGNC former symbol,,9647,18.0273952123783,700043.797386589,False
all_genes,KIAA0196,rescued,WASHC5,10909,20.385700670865024,698395.413119163,False
all_genes,TLDC1,rescued,MEAK7,10938,20.4398931100854,693743.8423701196,False
all_genes,C6orf203,rescued,MTRES1,11076,20.69777437258237,690973.9813088297,False
all_genes,KIAA1033,rescued,WASHC4,10752,20.09231401715471,689813.6526372812,False
all_genes,EIF3J-AS1,rescued,EIF3J-DT,10694,19.983929138713957,687887.2857172216,False
all_genes,RP3-460G2.2,not an HGNC former symbol,,8443,15.77747463233233,686343.321602188,False
all_genes,KDELC2,rescued,POGLUT3,9882,18.46654084054342,685137.1183313567,False
all_genes,PQLC3,rescued,SLC66A3,10535,19.68680507540224,684279.1681296247,False
all_genes,FGFR1OP,rescued,CEP43,10983,20.52398482611702,679961.6571263943,False
all_genes,AC006262.5,not an HGNC former symbol,,5514,10.30403827107432,677085.3135831342,False
all_genes,GRAMD3,rescued,GRAMD2B,9968,18.627249453403845,676421.7304197997,False
all_genes,C15orf52,rescued,CCDC9B,8984,16.788443929512457,671247.6512974135,False
all_genes,PCNXL4,rescued,PCNX4,10148,18.963616317530317,670798.3086697197,False
all_genes,CCDC94,rescued,YJU2,10778,20.14090034197298,666903.8638342463,False
all_genes,TMEM173,rescued,STING1,8959,16.74172630949489,660244.9039197483,False
all_genes,RP11-332H14.2,not an HGNC former symbol,,9965,18.621643339001736,654415.6377571262,False
all_genes,C1orf61,rescued,MIR9-1HG,5151,9.625698428419264,654397.6884986229,False
all_genes,C15orf57,rescued,CCDC32,10527,19.67185543699662,652655.1954243917,False
all_genes,HIST1H2BJ,rescued,H2BC11,6773,12.656737615158931,643655.6747220799,False
all_genes,RNMTL1,rescued,MRM3,10071,18.819726047876216,640830.2366067503,False
all_genes,FAM175B,rescued,ABRAXAS2,10564,19.740997514622617,638597.61928696,False
all_genes,C5orf28,rescued,TMEM267,10467,19.559733148954457,637031.706036296,False
all_genes,ZCCHC6,rescued,TUT7,9902,18.50391493655747,630905.119116726,False
all_genes,FAM73A,rescued,MIGA1,9977,18.64406779661017,626575.7535141035,False
all_genes,INADL,rescued,PATJ,9608,17.954515725150898,625422.4801560714,False
all_genes,SEPT8,rescued,SEPTIN8,9962,18.61603722459963,619205.3798503892,False
all_genes,PCNX,rescued,PCNX1,9765,18.247902378861212,616037.4534115879,False
all_genes,RP11-49I11.1,not an HGNC former symbol,,7429,13.88260796441986,614759.4159114043,False
all_genes,C5orf30,rescued,MACIR,9509,17.76951394988134,614386.8731111997,False
all_genes,AIM1,rescued,CRYBG1,9110,17.02390073440099,608735.3670029904,False
all_genes,RP11-500C11.3,not an HGNC former symbol,,9434,17.62936108982864,607825.8284049991,False
all_genes,LINC00704,rescued,MANCR,6506,12.15779343337133,607784.1527080624,False
all_genes,CTD-3184A7.4,not an HGNC former symbol,,9324,17.42380356175135,605458.8019437701,False
all_genes,YAE1D1,rescued,YAE1,9674,18.07785024199727,599337.9790136646,False
all_genes,AC007246.3,not an HGNC former symbol,,9533,17.8143628650982,597788.2020211744,False
all_genes,C10orf2,rescued,TWNK,9160,17.117335974436116,595265.5167995187,False
all_genes,PSMD5-AS1,rescued,CUTALP,9369,17.50789527778297,586488.9156933841,False
all_genes,C1orf106,rescued,INAVA,8633,16.132528544465828,585222.0374998394,False
all_genes,CARKD,rescued,NAXD,9470,17.696634462653936,583546.6547756118,False
all_genes,RP11-160O5.1,not an HGNC former symbol,,8603,16.076467400444752,583360.9296543308,False
all_genes,N6AMT2,rescued,EEF1AKMT1,9462,17.681684824248315,581217.408263054,False
all_genes,IKBKAP,rescued,ELP1,9544,17.834918617905927,580001.6579133761,False
all_genes,SEPT6,rescued,SEPTIN6,8774,16.3960159213649,578860.4438000259,False
all_genes,C16orf45,rescued,BMERB1,6677,12.47734195429148,578174.759465817,False
all_genes,PQLC2,rescued,SLC66A1,9188,17.169659708855793,574411.008069138,False
all_genes,EPT1,rescued,SELENOI,9035,16.88374787434829,570608.7859182786,False
all_genes,DGCR14,rescued,ESS2,9621,17.97880888756003,570606.7869856254,False
all_genes,WBSCR27,rescued,METTL27,8396,15.689645506699309,567466.9114056869,False
all_genes,TMEM2,rescued,CEMIP2,8176,15.278530450544729,567262.3965793926,False
all_genes,MAFG-AS1,"renamed, current symbol also absent",MILIP,8729,16.311924205333284,563672.4931074643,False
all_genes,AHSA2,rescued,AHSA2P,9128,17.057537420813635,561370.9866175898,False
all_genes,HIST1H1A,rescued,H1-1,4593,8.582961149627193,558162.584567063,False
all_genes,TMSB15B,not an HGNC former symbol,,7367,13.766748266776297,551596.81304785,False
all_genes,C5orf42,rescued,CPLANE1,8521,15.923233606787136,551428.0544856447,False
all_genes,FAM127C,rescued,RTL8B,8465,15.818586137947788,546382.3210985742,False
all_genes,CTD-3138B18.5,not an HGNC former symbol,,8581,16.035355894829294,542438.9903243835,False
all_genes,FAM86C1,rescued,FAM86C1P,8817,16.476370227795115,537916.9265858768,False
all_genes,KIAA0355,rescued,GARRE1,8373,15.646665296283146,537707.5327234353,False
all_genes,KIAA0141,rescued,DELE1,8882,16.597836039840786,537170.609793411,False
all_genes,DIEXF,rescued,UTP25,8734,16.321267729336796,533657.855753337,False
all_genes,RP4-665J23.1,not an HGNC former symbol,,7613,14.226449647749146,527073.1756164355,False
all_genes,TBCE,not an HGNC former symbol,,8420,15.734494421916173,524660.6666538005,False
all_genes,PAPD7,rescued,TENT4A,8461,15.811111318744976,523915.06367133424,False
all_genes,TMEM206,rescued,PACC1,8750,16.35116700614804,522080.551154772,False
all_genes,CHKB-AS1,rescued,CHKB-DT,8335,15.575654513856446,521273.1146936043,False
all_genes,LINC00941,not an HGNC former symbol,,7483,13.983518023657805,519387.1696678696,False
all_genes,RP11-83A24.2,not an HGNC former symbol,,8360,15.622372133874013,517351.95684652973,False
all_genes,C1orf186,rescued,RHEX,3777,7.058098032253844,516152.0638128415,False
all_genes,C8orf4,rescued,TCIM,5031,9.401453852334948,515269.66018457344,False
all_genes,NOV,rescued,CCN3,4747,8.870741688935398,508788.9923948679,False
all_genes,C17orf96,rescued,EPOP,7818,14.609534131893184,505920.44305015303,False
all_genes,HEXDC,rescued,HEXD,8236,15.390652738586883,505329.22813444847,False
all_genes,NARFL,rescued,CIAO3,8461,15.811111318744976,502308.8626123137,False
all_genes,C16orf58,rescued,RUSF1,8446,15.783080746734438,502254.0575457001,False
all_genes,LDOC1L,rescued,RTL6,8165,15.257974697736998,500514.5162601487,False
all_genes,MARCH3,rescued,MARCHF3,6843,12.787546951208116,497677.5513297796,False
all_genes,C5orf45,rescued,MRNIP,8312,15.532674303440286,497544.9395194989,False
all_genes,FAM173B,rescued,ATPSCKMT,8448,15.786818156335844,494642.10825013067,False
all_genes,RP11-400F19.6,not an HGNC former symbol,,8305,15.519593369835366,492615.5944967808,False
all_genes,PCNXL3,rescued,PCNX3,8293,15.497168912226936,487889.0782418006,False
all_genes,FAM206A,rescued,ABITRAM,8478,15.84287930035692,487038.13834173087,False
all_genes,FAM134C,rescued,RETREG3,7903,14.768374039952908,480411.4369625706,False
all_genes,LINC00909,rescued,ZNF407-AS1,7597,14.196550370937905,480083.77978686953,False
all_genes,FAM179B,rescued,TOGARAM1,7669,14.331097116588492,479134.75035380234,False
all_genes,TMEM246,rescued,PGAP4,7521,14.054528806084504,473332.53933567024,False
all_genes,RP11-390E23.6,not an HGNC former symbol,,7663,14.319884887784276,472730.56069514825,False
all_genes,C18orf8,rescued,RMC1,8089,15.115953132883597,470456.317212034,False
all_genes,RP11-669N7.2,not an HGNC former symbol,,2943,5.499598228467849,470081.88698958093,False
all_genes,RP5-1172A22.1,not an HGNC former symbol,,3866,7.22441275951638,464092.320491805,False
all_genes,C14orf159,rescued,DGLUCY,7540,14.090034197297852,457971.9121298696,False
all_genes,CXorf56,rescued,STEEP1,7596,14.194681666137202,444149.6111827592,False
all_genes,HNRNPU-AS1,rescued,HNRNPU,6625,12.380169304654943,441833.4900213657,True
all_genes,CTBP1-AS2,rescued,CTBP1-DT,7021,13.120176405733186,440830.3943203292,False
all_genes,C9orf9,rescued,SPACA9,7307,13.654625978734138,439382.11126062385,False
all_genes,FAM69B,rescued,DIPK1B,6162,11.514958981929626,436705.7404379403,False
all_genes,DFNA5,rescued,GSDME,6816,12.737091921589148,428603.0914615959,False
all_genes,AC091729.9,not an HGNC former symbol,,7040,13.155681796946537,427344.42420576455,False
all_genes,HIST1H2BC,rescued,H2BC4,6016,11.24212808102704,425484.5453842642,False
all_genes,RP11-392P7.6,not an HGNC former symbol,,6914,12.920224992058005,420850.0224703316,False
all_genes,PAPD4,rescued,TENT2,7150,13.361239325023828,420635.80754508695,False
all_genes,CTD-2090I13.1,not an HGNC former symbol,,3931,7.345878571562051,420121.2835863194,False
all_genes,AC098973.2,not an HGNC former symbol,,5274,9.855549118905689,419380.9661837495,False
all_genes,RP11-132A1.4,not an HGNC former symbol,,6334,11.836376207650478,418547.0878141392,False
all_genes,RGS5,not an HGNC former symbol,,2031,3.795339450227048,415808.63457728934,False
all_genes,MKL2,rescued,MRTFB,6896,12.886588305645358,411657.6423398151,False
all_genes,KB-1732A1.1,not an HGNC former symbol,,5925,11.0720759441631,409322.4589233657,False
all_genes,C15orf41,rescued,CDIN1,6898,12.890325715246762,408399.2336126875,False
all_genes,C10orf76,rescued,ARMH3,7140,13.3425522770168,406843.95103357726,False
all_genes,RP11-680A11.5,not an HGNC former symbol,,6403,11.96531683889896,403321.8249522545,False
all_genes,VPRBP,rescued,DCAF1,6728,12.572645899127316,400173.0988745944,False
all_genes,C1orf233,rescued,FNDC10,6385,11.931680152486312,399949.45878823654,False
all_genes,CCBL2,rescued,KYAT3,7018,13.11457029133108,399468.5837669398,False
all_genes,C17orf51,rescued,LINC02693,6456,12.0643581933362,398584.5215969208,False
all_genes,DYX1C1,rescued,DNAAF4,6736,12.587595537532936,397034.04421181267,False
all_genes,YTHDF3-AS1,rescued,YTHDF3-DT,6350,11.86627548446172,394929.2066459602,False
all_genes,FAM188A,rescued,MINDY3,6694,12.509109935903426,393486.3676931623,False
all_genes,MKL1,rescued,MRTFA,6844,12.78941565600882,393329.4654160325,False
all_genes,C2orf82,rescued,SNORC,4263,7.966288565395324,387852.6668037236,False
all_genes,DIRC2,rescued,SLC49A4,6842,12.785678246407414,387036.0917589315,False
all_genes,CTA-293F17.1,not an HGNC former symbol,,6130,11.45516042830714,384201.64437358966,False
all_genes,HIST1H2BH,rescued,H2BC9,4973,9.293068973894195,381317.9414790651,False
all_genes,PRUNE,rescued,PRUNE1,6678,12.479210659092182,381151.3045411599,False
all_genes,CASC10,rescued,MIR1915HG,5507,10.2909573374694,379913.3017381875,False
all_genes,SPATA13,not an HGNC former symbol,,5873,10.974903294526564,378108.610984685,False
all_genes,C3orf67,rescued,CFAP20DC,6170,11.529908620335243,371836.9221360675,False
all_genes,RP5-1159O4.1,not an HGNC former symbol,,5541,10.354493300693289,371613.8484016721,False
all_genes,MRE11A,rescued,MRE11,6570,12.2773905406163,370917.4560845371,False
all_genes,C20orf196,rescued,SHLD1,6508,12.161530842972736,370168.7456895577,False
all_genes,RP11-379H18.1,not an HGNC former symbol,,6125,11.445816904303626,365434.0677880521,False
all_genes,SELO,not an HGNC former symbol,,6172,11.533646029936651,360752.1181547116,False
all_genes,ADCK4,rescued,COQ8B,5895,11.01601480014202,360689.95265318354,False
all_genes,ATP5L2,rescued,ATP5MGL,5546,10.363836824696802,360014.5846593274,False
all_genes,GS1-600G8.5,not an HGNC former symbol,,1767,3.3020013828415524,359546.2972038643,False
all_genes,ZNF724P,rescued,ZNF724,5776,10.793638928858408,357536.3757843445,False
all_genes,SEPT1,rescued,SEPTIN1,5654,10.565656943172687,353223.19045931846,False
all_genes,HRASLS,rescued,PLAAT1,4884,9.12675424663166,352467.6807263751,False
all_genes,CCDC64B,rescued,BICDL2,5325,9.95085306374152,352237.2806779655,False
all_genes,RP11-445F12.1,not an HGNC former symbol,,5031,9.401453852334948,350537.5924085404,False
all_genes,ADCK3,rescued,COQ8A,5809,10.855306187281595,350262.7585107768,False
all_genes,KIRREL,rescued,KIRREL1,5645,10.548838599966365,346853.7117281365,False
all_genes,FAM175A,rescued,ABRAXAS1,5889,11.004802571337803,341911.30662149144,False
all_genes,FAM105A,rescued,OTULINL,5192,9.70231532524807,341782.29942228575,False
all_genes,MARC1,rescued,MTARC1,5711,10.672173116812738,341622.12846007926,False
all_genes,C16orf62,rescued,VPS35L,5573,10.414291854315774,335963.65380097635,False
all_genes,LINC00936,rescued,ATP2B1-AS1,5205,9.726608487657206,334146.84650851204,False
all_genes,RP5-884M6.1,not an HGNC former symbol,,4661,8.710033076074973,329268.8334592108,False
all_genes,TMCC1-AS1,rescued,TMCC1-DT,4804,8.977257862575449,328678.6252581511,False
all_genes,FLVCR1-AS1,rescued,FLVCR1-DT,5340,9.97888363575206,327441.7368093033,False
all_genes,ENTHD2,rescued,TEPSIN,5721,10.690860164819764,320582.06039864296,False
all_genes,AC009005.2,not an HGNC former symbol,,5292,9.889185805318332,320513.88242652226,False
all_genes,FAM73B,rescued,MIGA2,5628,10.51707061835442,319457.72862127214,False
all_genes,MARCH4,rescued,MARCHF4,4715,8.810943135312915,318838.96182567626,False
all_genes,RP11-44F21.5,not an HGNC former symbol,,5244,9.799487974884608,317117.7053793164,False
all_genes,RP11-539L10.3,not an HGNC former symbol,,5176,9.672416048436828,313494.28389104723,False
all_genes,PCNXL2,rescued,PCNX2,5288,9.881710986115523,313339.005581362,False
all_genes,SGK223,not an HGNC former symbol,,5239,9.790144450881094,308308.7217457789,False
all_genes,C3orf58,rescued,DIPK2A,4957,9.263169697082953,307809.5393759614,False
all_genes,RP11-119B16.2,not an HGNC former symbol,,5199,9.715396258852987,304711.6729131513,False
all_genes,C19orf68,rescued,ZSWIM9,5218,9.75090165006634,303662.49449515063,False
all_genes,KIAA0430,rescued,MARF1,5299,9.902266738923252,301477.43494980136,False
all_genes,HKR1,rescued,ZNF875,5127,9.5808495132024,300966.1039530935,False
all_genes,AC011043.1,not an HGNC former symbol,,4963,9.274381925887168,300208.41404043935,False
all_genes,KIAA1462,rescued,JCAD,4166,7.78502419972717,298011.5988363137,False
all_genes,MTSS1L,rescued,MTSS2,4960,9.26877581148506,296654.5249358996,False
all_genes,CSRP2BP,rescued,KAT14,5194,9.706052734849475,294008.7261713515,False
all_genes,C10orf11,rescued,LRMDA,3767,7.039410984246819,293964.0196521323,False
all_genes,RP11-262H14.3,not an HGNC former symbol,,4473,8.358716573542878,292088.7495360866,False
all_genes,HIST1H2AM,rescued,H2AC17,4144,7.743912694111711,289905.8549453882,False
all_genes,C5orf56,"renamed, current symbol also absent",CARINH,4558,8.5175564816026,285327.3976615666,False
all_genes,HMHA1,rescued,ARHGAP45,4772,8.917459308952964,283437.0590717436,False
all_genes,HIST2H2BE,rescued,H2BC21,3929,7.342141161960646,281436.6437090819,False
all_genes,RP11-140K17.3,not an HGNC former symbol,,4968,9.283725449890682,280878.5603628737,False
all_genes,AC002454.1,not an HGNC former symbol,,3921,7.327191523555024,280485.8829669792,False
all_genes,MUT,rescued,MMUT,4927,9.207108553061872,278752.7826330856,False
all_genes,DNAJC3-AS1,rescued,DNAJC3-DT,4627,8.646497112851083,275395.00950496783,False
all_genes,FAM84A,rescued,LRATD1,3187,5.955562199839291,274933.40010527853,False
all_genes,FAM212A,rescued,INKA1,4526,8.457757927980117,273128.5754845764,False
all_genes,FAM83H-AS1,rescued,IQANK1,4506,8.420383831966065,271615.0719108194,False
all_genes,C10orf12,rescued,LCOR,4652,8.693214732868649,268306.50471905724,True
all_genes,PVRL4,rescued,NECTIN4,3818,7.134714929082653,263903.3861535818,False
all_genes,AC009948.5,not an HGNC former symbol,,4507,8.422252536766766,262927.8419321015,False
all_genes,RPPH1,not an HGNC former symbol,,3817,7.132846224281949,262659.31582422694,False
all_genes,C9orf91,rescued,TMEM268,4398,8.21856371349018,262056.92615825543,False
all_genes,CTD-2186M15.3,not an HGNC former symbol,,4378,8.181189617476127,261076.35441933168,False
all_genes,MFI2-AS1,rescued,MELTF-AS1,4322,8.07654214863678,260084.28753467047,False
all_genes,RP3-522D1.1,not an HGNC former symbol,,4379,8.18305832227683,259984.42308522956,False
all_genes,ZUFSP,rescued,ZUP1,4684,8.753013286491134,259739.4390340077,False
all_genes,TMEM110,rescued,STIMATE,4466,8.34563563993796,259545.5908233918,False
all_genes,CXorf40A,rescued,EOLA1,4617,8.627810064844056,258386.95018021605,False
all_genes,EP400NL,rescued,EP400P1,4448,8.311998953525311,257122.1931001135,False
all_genes,KIAA1147,rescued,DENND11,4383,8.19053314147964,255980.5092996364,False
all_genes,RP11-10A14.5,not an HGNC former symbol,,2791,5.215555098761049,254361.34884380864,False
all_genes,RP11-488C13.5,not an HGNC former symbol,,4347,8.123259768654345,253887.46515817996,False
all_genes,RP11-872J21.3,not an HGNC former symbol,,4362,8.151290340664886,253319.02811009108,False
all_genes,CTD-2357A8.3,not an HGNC former symbol,,4079,7.622446882066041,252939.14684762724,False
all_genes,CCAT1,not an HGNC former symbol,,3221,6.019098163063181,252904.59700089775,False
all_genes,FAM134B,rescued,RETREG1,3976,7.42997028759367,252198.3735572664,False
all_genes,RP11-410L14.2,not an HGNC former symbol,,4205,7.857903686954572,252050.84618881744,False
all_genes,NAT6,rescued,NAA80,4407,8.235382056696503,251942.45823509028,False
all_genes,RP11-259N19.1,not an HGNC former symbol,,4152,7.7588623325173325,251450.439409921,False
all_genes,C10orf10,rescued,DEPP1,3266,6.103189879094799,249881.2768686317,False
all_genes,FAM195B,rescued,MCRIP1,3186,5.953693495038589,249437.46335460473,False
all_genes,HIST3H2A,"renamed, current symbol also absent",H2AC25,2955,5.522022686076281,246703.00775447,False
all_genes,C7orf43,rescued,TRAPPC14,4393,8.209220189486667,246166.62691838725,False
all_genes,C14orf79,rescued,CLBA1,4426,8.270887447909853,245022.3725766599,False
all_genes,TEX40,rescued,CATSPERZ,4086,7.635527815670959,244152.4791811495,False
all_genes,C11orf70,rescued,CFAP300,3999,7.47295049800983,241116.49156934564,False
all_genes,RP11-44N21.1,not an HGNC former symbol,,4021,7.514062003625287,240940.5931397621,False
all_genes,GYLTL1B,rescued,LARGE2,4063,7.592547605254799,236667.21785317644,False
all_genes,FAM26F,rescued,CALHM6,3419,6.389101713602302,235166.9411156527,False
all_genes,EFTUD1,rescued,EFL1,4128,7.714013417300469,233978.69717407165,False
all_genes,RLTPR,rescued,CARMIL2,3249,6.071421897482854,232501.2985038237,False
all_genes,RP5-827C21.4,not an HGNC former symbol,,3970,7.418758058789453,231787.60986897093,False
all_genes,FAM101A,rescued,RFLNA,2367,4.4232242632631324,231701.6880011244,False
all_genes,KIAA1324,rescued,ELAPOR1,3491,6.523648459252891,230047.35969869175,False
all_genes,ADSSL1,rescued,ADSS1,3767,7.039410984246819,228481.88543711609,False
all_genes,CXorf23,rescued,BCLAF3,3962,7.403808420383832,227027.55097031675,False
all_genes,FAM46B,rescued,TENT5B,3787,7.076785080260871,226988.22066295455,False
all_genes,FAM109A,rescued,PHETA1,3830,7.157139386691084,223637.02528073633,False
all_genes,C17orf53,rescued,HROB,4087,7.63739652047166,223389.13150732653,False
all_genes,DOPEY2,rescued,DOP1B,3734,6.977743725823632,223276.7096232336,False
all_genes,RP11-51J9.5,not an HGNC former symbol,,3744,6.996430773830658,223164.74440770823,False
all_genes,RP11-554J4.1,not an HGNC former symbol,,3877,7.2449685123241085,222388.0006057349,False
all_genes,RP11-10L12.4,not an HGNC former symbol,,3843,7.181432549100218,221882.72268625983,False
all_genes,RP11-563N4.1,not an HGNC former symbol,,3607,6.7404182161343975,214286.14960147333,False
all_genes,C1QTNF9B-AS1,rescued,PCOTH,3535,6.605871470483808,213630.25362286213,False
all_genes,KIAA1919,"renamed, current symbol also absent",SLC60A2,3729,6.968400201820119,213592.6105038504,False
all_genes,SDPR,rescued,CAVIN2,2599,4.856763777026144,213315.53207930992,False
all_genes,RP11-834C11.4,not an HGNC former symbol,,3264,6.099452469493394,212901.4222350701,False
all_genes,LINC00473,not an HGNC former symbol,,2547,4.759591127389607,211721.9440546546,False
all_genes,JHDM1D-AS1,rescued,KDM7A-DT,3542,6.618952404088726,211100.63262527745,False
all_genes,MARCH8,rescued,MARCHF8,3707,6.92728869620466,208926.80978423895,False
all_genes,RP11-337C18.8,not an HGNC former symbol,,3634,6.790873245753367,208438.25697610996,False
all_genes,RP11-126K1.2,not an HGNC former symbol,,3829,7.155270681890381,208183.36553279177,False
all_genes,AC007773.2,not an HGNC former symbol,,3778,7.059966737054547,207147.45165832937,False
all_genes,METTL21B,rescued,EEF1AKMT3,3580,6.689963186515426,205516.4664638123,False
all_genes,RP11-890B15.2,not an HGNC former symbol,,3407,6.366677255993871,205248.712265244,False
all_genes,HIST1H2AE,rescued,H2AC8,3051,5.701418346943734,204562.693504104,False
all_genes,ADRBK2,rescued,GRK3,3390,6.334909274381927,202916.8424741928,False
all_genes,AC108142.1,not an HGNC former symbol,,3193,5.966774428643507,199353.751277039,False
all_genes,BAIAP2-AS1,rescued,BAIAP2-DT,3444,6.435819333619867,198644.7039756245,False
all_genes,HIST1H4H,rescued,H4C8,2633,4.920299740250033,198512.51910015437,False
all_genes,RP5-1065J22.8,not an HGNC former symbol,,3216,6.0097546390596674,197812.19619085215,False
all_genes,KDELC1,rescued,POGLUT2,3467,6.478799544036029,197483.3011512992,False
all_genes,RP11-462L8.1,not an HGNC former symbol,,2921,5.458486722852391,194661.6409375492,False
all_genes,FAM69A,rescued,DIPK1A,3337,6.2358679199446865,191488.4862355044,False
all_genes,KIAA1468,rescued,RELCH,3301,6.168594547119391,190479.5714246583,False
all_genes,AC009299.3,not an HGNC former symbol,,3482,6.506830116046568,190084.45858572092,False
all_genes,RP11-284F21.9,not an HGNC former symbol,,2874,5.370657597219367,187847.35661952407,False
all_genes,HIST2H2AA3,rescued,H2AC18,3132,5.852783435800647,185444.480036665,False
all_genes,CTA-392C11.1,not an HGNC former symbol,,1455,2.718965485022331,182948.8354478348,False
all_genes,RP11-465N4.4,not an HGNC former symbol,,3094,5.781772653373946,181616.64668042673,False
all_genes,C2orf44,rescued,WDCP,3184,5.949956085437184,181499.47769625936,False
all_genes,RP4-635E18.6,not an HGNC former symbol,,3312,6.189150299927121,181252.05309246996,False
all_genes,FAM198B,rescued,GASK1B,2573,4.808177452207875,180230.25058530128,False
all_genes,RP11-326I11.3,not an HGNC former symbol,,3142,5.871470483807673,179244.77194046418,False
all_genes,RP11-152N13.5,not an HGNC former symbol,,3330,6.222786986339768,178677.84910511307,False
all_genes,RP11-486G15.2,not an HGNC former symbol,,2818,5.26601012838002,177206.68661369715,False
all_genes,CTC-534A2.2,not an HGNC former symbol,,3163,5.910713284622428,176032.2509434389,False
all_genes,AP001258.4,not an HGNC former symbol,,3290,6.148038794311662,172152.378650722,False
all_genes,AIM1L,rescued,CRYBG2,3214,6.006017229458262,170521.82199033495,False
all_genes,RP11-221N13.3,not an HGNC former symbol,,2843,5.312727748397585,170383.20883114115,False
all_genes,CAPN10-AS1,rescued,CAPN10-DT,2856,5.33702091080672,167843.69021686213,False
all_genes,GMDS-AS1,rescued,GMDS-DT,3009,5.622932745314222,163189.1024655191,False
all_genes,RP11-525A16.4,not an HGNC former symbol,,2497,4.666155887354475,162968.3903483737,False
all_genes,GLTSCR1,rescued,BICRA,2926,5.467830246855905,162867.49147156195,False
all_genes,HIST1H2AH,rescued,H2AC12,2580,4.8212583858127935,162418.47529353964,False
all_genes,PALM2,not an HGNC former symbol,,2509,4.688580344962906,162375.1540189513,False
all_genes,HIST1H2BN,rescued,H2BC15,2869,5.361314073215854,161863.75834157015,False
all_genes,RP11-629O1.2,not an HGNC former symbol,,2570,4.802571337805767,159997.99848267366,False
all_genes,AC005355.2,not an HGNC former symbol,,2537,4.740904079382579,159487.72189464024,False
all_genes,HIST1H2AG,rescued,H2AC11,2762,5.161362659540672,157976.58881807394,False
all_genes,DHFRL1,rescued,DHFR2,2811,5.252929194775102,157098.8640938536,False
all_genes,AC016831.7,not an HGNC former symbol,,2452,4.582064171322856,154089.49871773185,False
all_genes,CTAGE5,rescued,MIA2,2765,5.16696877394278,153368.92229710656,True
all_genes,AC144652.1,not an HGNC former symbol,,2507,4.684842935361501,153214.4489974696,False
all_genes,CTC-529P8.1,not an HGNC former symbol,,2150,4.017715321510661,152997.90313568886,False
all_genes,DFNB31,rescued,WHRN,2550,4.765197241791714,152301.57137968714,False
all_genes,RP11-658F2.8,not an HGNC former symbol,,2752,5.142675611533646,151800.99361864367,False
all_genes,GS1-124K5.11,not an HGNC former symbol,,2614,4.8847943490366825,151479.22778023005,False
all_genes,RP11-273G15.2,not an HGNC former symbol,,2697,5.039896847495001,151201.37407175207,False
all_genes,ZNRD1-AS1,"renamed, current symbol also absent",POLR1HASP,2800,5.232373441967372,151119.34583137633,False
all_genes,U47924.27,not an HGNC former symbol,,2527,4.722217031375553,150183.1750753052,False
all_genes,RP11-127B20.3,not an HGNC former symbol,,2457,4.591407695326369,149461.9264512698,False
all_genes,RP11-53O19.1,not an HGNC former symbol,,1965,3.6720049333806735,149293.91980632453,False
all_genes,CCBL1,rescued,KYAT1,2701,5.047371666697812,148169.4218715969,False
all_genes,KIAA1211L,rescued,CRACDL,2535,4.737166669781175,147547.6698095282,False
all_genes,AC016700.5,not an HGNC former symbol,,2468,4.611963448134098,146998.0616588083,False
all_genes,AC004381.6,not an HGNC former symbol,,2664,4.978229589071814,146548.75568947144,False
all_genes,AC062017.1,not an HGNC former symbol,,2617,4.89040046343879,146484.43787515786,False
all_genes,RP11-175O19.4,not an HGNC former symbol,,2606,4.869844710631062,146031.2668774429,False
all_genes,RP11-395B7.4,not an HGNC former symbol,,2551,4.7670659465924174,145780.75905610548,False
all_genes,CTA-445C9.14,not an HGNC former symbol,,2686,5.019341094687272,145674.92779516405,False
all_genes,OSER1-AS1,rescued,OSER1-DT,2648,4.948330312260572,145153.6339031792,False
all_genes,FUK,rescued,FCSK,2576,4.813783566609983,143231.31153666647,False
all_genes,RP11-386G11.5,not an HGNC former symbol,,2497,4.666155887354475,143194.55974241075,False
all_genes,KIAA0922,rescued,TMEM131L,2510,4.690449049763608,143130.1962746414,False
all_genes,FAM212B,rescued,INKA2,2396,4.4774167024835085,142150.425218585,False
all_genes,RP11-178L8.7,not an HGNC former symbol,,2485,4.643731429746043,141881.62078554463,False
all_genes,RP4-816N1.6,not an HGNC former symbol,,2514,4.697923868966419,141268.1233351066,False
all_genes,RP11-479G22.8,not an HGNC former symbol,,2428,4.537215256105993,141105.2172130332,False
all_genes,GLTSCR1L,rescued,BICRAL,2544,4.753985012987498,140840.94004960946,False
all_genes,RP11-258C19.7,not an HGNC former symbol,,2511,4.6923177545643115,140767.1461347401,False
all_genes,AP000769.1,not an HGNC former symbol,,2471,4.6175695625362065,140384.34718390653,False
all_genes,ELFN2,not an HGNC former symbol,,2459,4.5951451049277745,138526.09674159234,False
all_genes,RP11-798M19.6,not an HGNC former symbol,,2364,4.417618148861024,138276.62010643742,False
all_genes,LACE1,rescued,AFG1L,2512,4.694186459365015,138065.3074250978,False
all_genes,RP3-428L16.2,not an HGNC former symbol,,2054,3.838319660643208,137897.55956675348,False
all_genes,RP11-126K1.6,not an HGNC former symbol,,2253,4.2101919159830326,137041.93355912383,False
all_genes,RP11-60L3.1,not an HGNC former symbol,,2239,4.184030048773195,136530.68847056304,False
all_genes,RP11-299J3.8,not an HGNC former symbol,,2443,4.565245828116533,136401.04208884476,False
all_genes,USP46-AS1,rescued,USP46-DT,2482,4.638125315343935,134967.2549089329,False
all_genes,FAM132B,rescued,ERFE,2292,4.2830714032104344,134518.3407131175,False
all_genes,TTTY15,not an HGNC former symbol,,2044,3.819632612636182,134035.10668628133,False
all_genes,PWAR6,not an HGNC former symbol,,2130,3.9803412254966086,132192.09718564228,False
all_genes,RP11-111M22.2,not an HGNC former symbol,,2163,4.042008483919795,131704.66528467057,False
all_genes,RP11-10C24.3,not an HGNC former symbol,,2343,4.378375348046269,130094.18985620732,False
all_genes,RP11-418J17.1,not an HGNC former symbol,,2371,4.430699082465943,130024.63050226132,False
all_genes,AC009410.1,not an HGNC former symbol,,2283,4.266253060004111,129840.02898012416,False
all_genes,AF127936.7,not an HGNC former symbol,,2222,4.15226206716125,129412.60396533697,False
all_genes,KIAA0556,rescued,KATNIP,2437,4.554033599312317,128273.74733131511,False
all_genes,FAM21C,rescued,WASHC2C,2383,4.453123540074374,127907.11919655208,False
all_genes,AP001462.6,not an HGNC former symbol,,2233,4.17281781996898,127714.4855200898,False
all_genes,XXbac-B135H6.15,not an HGNC former symbol,,2311,4.318576794423785,127594.31291529372,False
all_genes,RP5-1021I20.2,not an HGNC former symbol,,1225,2.2891633808607255,127547.86270833714,False
all_genes,ATHL1,rescued,PGGHG,2306,4.309233270420272,127168.6293400824,False
all_genes,RP11-396F22.1,not an HGNC former symbol,,2238,4.182161343972492,126753.97179816388,False
all_genes,HIST1H3G,rescued,H3C8,1994,3.7261973726010504,124480.80342193428,False
all_genes,KIAA1161,rescued,MYORG,2186,4.084988694335956,122668.2800505917,False
all_genes,CRIPAK,not an HGNC former symbol,,2117,3.9560480630874744,121101.76396995356,False
all_genes,RP11-369C8.1,not an HGNC former symbol,,457,0.8539980939211033,120870.9608695242,False
all_genes,RP11-22C11.2,not an HGNC former symbol,,2206,4.122362790350008,120698.2639855548,False
all_genes,GSG2,rescued,HASPIN,2350,4.3914562816511875,120536.02978044204,False
all_genes,RP4-639F20.1,not an HGNC former symbol,,2122,3.965391587090987,119627.52082683802,False
all_genes,DGCR5,not an HGNC former symbol,,1904,3.558013940537813,119456.38692264864,False
all_genes,MARC2,rescued,MTARC2,2172,4.058826827126119,119270.61044075874,False
all_genes,RP11-277P12.20,not an HGNC former symbol,,1959,3.660792704576458,119235.94414091116,False
all_genes,GAS6-AS2,rescued,GAS6-DT,2165,4.0457458935212,118691.11987189217,False
all_genes,AC009502.4,not an HGNC former symbol,,1902,3.554276530936408,118087.2881473534,False
all_genes,C11orf63,rescued,JHY,2167,4.049483303122606,117321.01841971133,False
all_genes,RP11-806H10.4,not an HGNC former symbol,,2069,3.866350232653748,117150.29769813146,False
all_genes,CTD-2020K17.4,not an HGNC former symbol,,2188,4.088726103937361,116267.4897133558,False
all_genes,RP11-635N19.1,not an HGNC former symbol,,2004,3.7448844206080767,115563.33014102736,False
all_genes,RP11-166P13.3,not an HGNC former symbol,,2142,4.002765683105039,115526.2015969364,False
all_genes,RP11-307C12.11,not an HGNC former symbol,,2048,3.827107431838992,114876.24740526556,False
all_genes,RP3-510D11.2,not an HGNC former symbol,,2111,3.9448358342832583,114225.44327522056,False
all_genes,FAM49A,rescued,CYRIA,1916,3.580438398146245,114111.8259256948,False
all_genes,RP11-539I5.1,not an HGNC former symbol,,2107,3.937361015080448,113833.84010769622,False
all_genes,RP11-400N13.3,not an HGNC former symbol,,971,1.8145123614822567,113549.13880121536,False
all_genes,RP11-115J23.1,not an HGNC former symbol,,1722,3.2179096668099336,113325.94885434648,False
all_genes,XXbac-BPG252P9.10,not an HGNC former symbol,,1947,3.6383682469680263,113307.18225298554,False
all_genes,FAM188B,rescued,MINDY4,1999,3.7355408966045633,113114.95515022847,False
all_genes,KIAA1324L,rescued,ELAPOR2,1984,3.707510324594024,112994.43657143724,False
all_genes,RP11-308N19.1,not an HGNC former symbol,,1221,2.281688561657915,112638.61754534916,False
all_genes,HIST1H2AJ,rescued,H2AC14,1912,3.572963578943434,111738.41203567304,False
all_genes,C7orf60,"renamed, current symbol also absent",SAMTOR,2022,3.778521107020724,111734.47365548577,False
all_genes,RP11-1000B6.3,not an HGNC former symbol,,1917,3.5823071029469475,111360.5772446316,False
all_genes,RP11-10A14.4,not an HGNC former symbol,,1918,3.5841758077476498,110067.2494921801,False
all_genes,RP11-734K2.4,not an HGNC former symbol,,2082,3.890643395062882,109555.24285954342,False
all_genes,RP11-110I1.12,not an HGNC former symbol,,1978,3.696298095789808,108443.18280695542,False
all_genes,AC007879.7,not an HGNC former symbol,,1986,3.711247734195429,108063.68919920706,False
all_genes,CTD-2587H24.5,not an HGNC former symbol,,1811,3.384224394072469,108038.40485617435,False
all_genes,CTD-3131K8.2,not an HGNC former symbol,,2031,3.795339450227048,106597.6675302028,False
all_genes,SEPT4,rescued,SEPTIN4,1407,2.6292676545886047,105746.03022175304,False
all_genes,RP11-296O14.3,not an HGNC former symbol,,1830,3.419729785285818,105673.6053454511,False
all_genes,GATSL3,rescued,CASTOR1,1986,3.711247734195429,105560.57279342132,False
all_genes,AC020571.3,not an HGNC former symbol,,1436,2.683460093808981,105162.92009546635,False
all_genes,HIST1H2BG,rescued,H2BC8,1695,3.1674546371909633,104530.7497935864,False
all_genes,CTD-2538C1.2,not an HGNC former symbol,,1762,3.292657858838039,104183.35370867744,False
all_genes,FAM109B,rescued,PHETA2,1849,3.455235176499168,103789.01763509803,False
all_genes,C4orf26,rescued,ODAPH,1043,1.9490591071328465,102177.992488822,False
all_genes,DOPEY1,rescued,DOP1A,1812,3.3860930988731712,101830.243945658,False
all_genes,ZNF582-AS1,rescued,ZNF582-DT,1418,2.6498234073963336,101674.13946808322,False
all_genes,RP11-81H3.2,not an HGNC former symbol,,1310,2.4480032889204493,101274.30913945987,False
all_genes,AC093901.1,not an HGNC former symbol,,1432,2.6759852746061705,100746.32831782592,False
all_genes,CCDC64,rescued,BICDL1,1755,3.279576925233121,100636.74153563136,False
all_genes,RP4-635E18.8,not an HGNC former symbol,,1651,3.085231625960047,100387.1720019502,False
all_genes,C2orf48,rescued,RRM2,1781,3.32816325005139,99804.0122967674,True
all_genes,SFTA3,not an HGNC former symbol,,1214,2.2686076280529965,99033.67294556912,False
all_genes,RP5-1120P11.1,not an HGNC former symbol,,1858,3.472053519705492,98879.58435403796,False
all_genes,FAM21A,rescued,WASHC2A,1902,3.554276530936408,98724.0491269015,False
all_genes,RP11-333E1.1,not an HGNC former symbol,,1858,3.472053519705492,98651.43902503508,False
all_genes,RSG1,rescued,CPLANE2,1810,3.3823556892717654,98344.91415650208,False
all_genes,RP11-79P5.9,not an HGNC former symbol,,1711,3.197353914002205,98108.40906570703,False
all_genes,RP11-356I2.4,not an HGNC former symbol,,1721,3.216040962009231,97508.48872034471,False
all_genes,CTD-2078B5.2,not an HGNC former symbol,,1325,2.476033860930989,97414.0003612558,False
all_genes,FAM132A,rescued,C1QTNF12,1558,2.9114420794947025,96718.4770823446,False
all_genes,CTA-384D8.35,not an HGNC former symbol,,1680,3.1394240651804233,96436.54340340674,False
all_genes,RP11-324I22.4,not an HGNC former symbol,,1727,3.227253190813447,96374.17456158006,False
all_genes,RP11-366H4.1,not an HGNC former symbol,,1291,2.412497897707099,96082.06549813788,False
all_genes,RP11-435O5.2,not an HGNC former symbol,,1859,3.473922224506195,95823.7478501102,False
all_genes,RP11-81A22.5,not an HGNC former symbol,,1725,3.223515781212042,95629.36079305597,False
all_genes,C14orf37,rescued,ARMH4,1745,3.2608898772260946,94595.13834421452,False
all_genes,AC104655.3,not an HGNC former symbol,,776,1.4501149253452432,94451.1364853503,False
all_genes,RP11-366F6.2,not an HGNC former symbol,,1415,2.644217292994226,93504.52603019918,False
all_genes,GUCY1A3,rescued,GUCY1A1,1352,2.5264888905499596,92948.27307907691,False
all_genes,CTC-436P18.3,not an HGNC former symbol,,1627,3.040382710743184,92892.46362747844,False
all_genes,FAM63A,rescued,MINDY1,1616,3.019826957935455,92828.91581138784,False
all_genes,RP11-396C23.2,not an HGNC former symbol,,1659,3.100181264365668,92408.38552540482,False
all_genes,C19orf57,rescued,BRME1,1586,2.963765813914376,91551.89156071896,False
all_genes,RP11-398C13.6,not an HGNC former symbol,,1596,2.982452861921402,90995.48206814734,False
all_genes,AL645728.1,not an HGNC former symbol,,1500,2.80305720105395,90976.476504112,False
all_genes,RP13-516M14.4,not an HGNC former symbol,,1528,2.8553809354736233,90967.6388233186,False
all_genes,ARSE,rescued,ARSL,1383,2.5844187393717415,90890.81994042185,False
all_genes,AC006273.5,not an HGNC former symbol,,1685,3.1487675891839366,90694.69788928944,False
all_genes,RP11-3B12.5,not an HGNC former symbol,,1053,1.9677461551398725,90453.80086625316,False
all_genes,RP4-625H18.2,not an HGNC former symbol,,1523,2.84603741147011,90444.2267738299,False
all_genes,CTD-2147F2.1,not an HGNC former symbol,,1082,2.021938594360249,89973.39146637911,False
all_genes,RP11-21B23.2,not an HGNC former symbol,,1576,2.9450787659073496,89802.19532929358,False
all_genes,RP11-47I22.2,not an HGNC former symbol,,1565,2.9245230130996207,88149.1183382335,False
all_genes,CTB-55O6.12,not an HGNC former symbol,,1598,2.9861902715228075,87979.88124705073,False
all_genes,FAM122C,rescued,PABIR3,1631,3.0478575299459942,86961.55198946342,False
all_genes,C2orf54,rescued,MAB21L4,1467,2.741389942630762,85764.71090488732,False
all_genes,RP11-540A21.2,not an HGNC former symbol,,1519,2.8385625922672997,85034.8248949781,False
all_genes,LINC01021,rescued,PURPL,1231,2.300375609664941,84762.66133957074,False
all_genes,RP11-65I12.1,not an HGNC former symbol,,1476,2.7582082858370867,84142.3566558513,False
all_genes,AC025335.1,not an HGNC former symbol,,1616,3.019826957935455,82961.56294904069,False
all_genes,HIST1H4E,rescued,H4C5,1361,2.5433072337562836,82857.71344567844,False
all_genes,RP11-572O17.1,not an HGNC former symbol,,1369,2.558256872161905,82371.06875699363,False
all_genes,WDR78,rescued,DNAI4,1554,2.9039672602918913,81547.05454919397,False
all_genes,C14orf105,rescued,CCDC198,1283,2.397548259301478,81072.07791869306,False
all_genes,CCDC151,rescued,ODAD3,1326,2.477902565731691,80766.30418558937,False
all_genes,LINC00346,rescued,PRECSIT,1487,2.778764038644815,80484.93517818351,False
all_genes,RP11-548H3.1,not an HGNC former symbol,,1447,2.70401584661671,80333.92450208808,False
all_genes,HIF1A-AS2,not an HGNC former symbol,,910,1.700521368639396,80215.088739613,False
all_genes,SEPT3,rescued,SEPTIN3,1321,2.468559041728178,80127.90380035217,False
all_genes,H1FX-AS1,rescued,H1-10-AS1,1369,2.558256872161905,79124.63533434455,False
all_genes,RP11-428J1.5,not an HGNC former symbol,,1488,2.780632743445518,78850.85392645425,False
all_genes,RP11-161D15.1,not an HGNC former symbol,,448,0.8371797507147796,78604.71812613355,False
all_genes,ISPD,rescued,CRPPA,1525,2.8497748210715153,78343.81260776613,False
all_genes,RP11-30P6.6,not an HGNC former symbol,,1418,2.6498234073963336,78076.35839614808,False
all_genes,LARGE,rescued,LARGE1,1339,2.502195728140826,77813.8709174457,False
all_genes,C8orf46,rescued,VXN,1277,2.3863360304972625,77309.53512902738,False
all_genes,HRASLS2,rescued,PLAAT2,1338,2.500327023340123,77027.58059782692,False
all_genes,RP11-254F7.4,not an HGNC former symbol,,1312,2.4517406985218546,76610.80383321966,False
all_genes,CTD-2555C10.3,not an HGNC former symbol,,1414,2.642348588193523,76170.26595657172,False
all_genes,RP11-218M22.1,not an HGNC former symbol,,1467,2.741389942630762,76092.23816166428,False
all_genes,LINC00176,rescued,C20orf204,1109,2.07239362397922,75680.24849243346,False
all_genes,KIAA0226L,rescued,RUBCNL,941,1.7584512174611775,75384.08640842176,False
all_genes,KIAA1644,rescued,SHISAL1,1303,2.434922355315531,75021.16254479019,False
all_genes,RP11-385F7.1,not an HGNC former symbol,,1439,2.689066208211089,74956.67017910682,False
all_genes,RP11-191L17.1,not an HGNC former symbol,,1337,2.4984583185394205,74561.17050799736,False
all_genes,AC104654.2,not an HGNC former symbol,,853,1.594005194999346,74501.95021159865,False
all_genes,RP11-206L10.9,not an HGNC former symbol,,1362,2.5451759385569863,73710.1784108001,False
all_genes,RP11-10C24.1,not an HGNC former symbol,,1395,2.606843196980173,72813.39904574113,False
all_genes,RP11-268J15.5,not an HGNC former symbol,,1300,2.429316240913423,72165.05213752549,False
all_genes,LINC01024,rescued,MALINC1,1391,2.599368377777363,71347.61418378464,False
all_genes,AC002076.10,not an HGNC former symbol,,1224,2.287294676060023,71267.68950626806,False
all_genes,RP11-6F2.5,not an HGNC former symbol,,1498,2.799319791452544,70860.79372935652,False
all_genes,RP11-458F8.4,not an HGNC former symbol,,1390,2.5974996729766597,70640.89255331623,False
all_genes,RP1-43E13.2,not an HGNC former symbol,,1299,2.4274475361127203,70530.54205340351,False
all_genes,RP5-943J3.2,not an HGNC former symbol,,1134,2.119111243996786,70095.0989904395,False
all_genes,TMEM27,rescued,CLTRN,1282,2.3956795545007754,69869.13281447257,False
all_genes,CTD-2269F5.1,not an HGNC former symbol,,1277,2.3863360304972625,69678.42003776814,False
all_genes,CTD-2033A16.3,not an HGNC former symbol,,1320,2.4666903369274755,69568.50731085386,False
all_genes,RP4-794H19.1,not an HGNC former symbol,,1192,2.2274961224375387,69522.82464511663,False
all_genes,RP11-597D13.9,not an HGNC former symbol,,1249,2.3340122960775886,68834.10557107444,False
all_genes,RP5-1042K10.10,not an HGNC former symbol,,1222,2.2835572664586175,68443.02022973055,False
all_genes,C10orf25,rescued,ZNF22-AS1,1327,2.479771270532394,67477.94768318735,False
all_genes,PNMAL1,rescued,PNMA8A,1082,2.021938594360249,67451.71248752424,False
all_genes,WISP2,rescued,CCN5,992,1.853755162297012,67241.2772203068,False
all_genes,CTD-2020K17.1,not an HGNC former symbol,,1165,2.1770410928185675,67075.62017985483,False
all_genes,RP11-429J17.2,not an HGNC former symbol,,1271,2.3751238016930465,66709.64819645468,False
all_genes,RP3-416H24.1,not an HGNC former symbol,,1306,2.4405284697176386,66409.61120910323,False
all_genes,GS1-259H13.2,not an HGNC former symbol,,1184,2.212546484031918,66394.08775835278,False
all_genes,GUCY1B3,rescued,GUCY1B1,1064,1.9883019079476016,66317.6642288601,False
all_genes,CCDC163P,rescued,CCDC163,1250,2.3358810008782913,65880.0380655218,False
all_genes,RP5-1158E12.3,not an HGNC former symbol,,1226,2.291032085661428,64932.06286793426,False
all_genes,C1orf64,rescued,SRARP,604,1.1286976996243905,64618.324058825325,False
all_genes,Z83851.4,not an HGNC former symbol,,1255,2.345224524881804,64557.7270304067,False
all_genes,C2orf70,"renamed, current symbol also absent",CIMIP2C,1285,2.4012856689028834,64262.93552426968,False
all_genes,RP11-53M11.3,not an HGNC former symbol,,1165,2.1770410928185675,64018.17552812857,False
all_genes,CTC-241F20.4,not an HGNC former symbol,,1194,2.231233532038944,63813.17692760096,False
all_genes,KLHL7-AS1,rescued,KLHL7-DT,1297,2.423710126511315,63472.22467562303,False
all_genes,RP11-30J20.1,not an HGNC former symbol,,872,1.6295105862126962,63009.65983143668,False
all_genes,METTL20,rescued,ETFBKMT,1119,2.091080671986246,62806.52611503305,False
all_genes,RP11-359E10.1,not an HGNC former symbol,,1071,2.0013828415525197,62078.79764404709,False
all_genes,RP11-126L15.4,not an HGNC former symbol,,1247,2.3302748864761833,61787.88592968682,False
all_genes,AC004893.11,not an HGNC former symbol,,1081,2.0200698895595464,60539.34535135956,False
all_genes,H3F3C,rescued,H3-5,1291,2.412497897707099,60514.308231979856,False
all_genes,KIAA1257,rescued,CFAP92,1005,1.878048324706146,60427.98597257068,False
all_genes,CXorf57,rescued,RADX,1123,2.098555491189057,60360.549315726494,False
all_genes,RP11-560J1.2,not an HGNC former symbol,,1063,1.986433203146899,59311.26477342709,False
all_genes,RP11-553A10.1,not an HGNC former symbol,,779,1.4557210397473512,59171.95682295874,False
all_genes,TMEM133,rescued,ARHGAP42,1146,2.1415357016052172,59137.15267145552,True
all_genes,RP11-98D18.9,not an HGNC former symbol,,1166,2.17890979761927,58570.29255113735,False
all_genes,RP13-270P17.1,not an HGNC former symbol,,1055,1.971483564741278,58488.08589578981,False
all_genes,RP11-196G18.24,not an HGNC former symbol,,975,1.8219871806850672,58195.58631604128,False
all_genes,FAM65B,rescued,RIPOR2,983,1.836936819090688,58066.52060917416,False
all_genes,RP11-67L3.4,not an HGNC former symbol,,1050,1.9621400407377647,57642.726119775296,False
all_genes,RP11-62F24.2,not an HGNC former symbol,,920,1.7192084166464223,57531.74762241022,False
all_genes,RP4-612B15.3,not an HGNC former symbol,,1057,1.975220974342683,57274.2281106229,False
all_genes,RP11-368I7.4,not an HGNC former symbol,,1020,1.9060788967166855,57163.90899199329,False
all_genes,LINC00618,not an HGNC former symbol,,1078,2.0144637751574384,56837.25345822694,False
all_genes,HIST1H2AL,rescued,H2AC16,1073,2.0051202511539254,56274.76576120466,False
all_genes,RP11-1103G16.1,not an HGNC former symbol,,1084,2.025676003961654,56264.631696968536,False
all_genes,RNU12,rescued,RNU12-2P,1017,1.9004727823145775,56226.20618993362,False
all_genes,RP11-33O4.1,not an HGNC former symbol,,1014,1.89486666791247,56205.29878700695,False
all_genes,RP4-594I10.3,not an HGNC former symbol,,1017,1.9004727823145775,55942.24416571966,False
all_genes,ALPPL2,rescued,ALPG,612,1.1436473380300114,55362.662774730175,False
all_genes,LRMP,rescued,IRAG2,288,0.5381869826023583,55101.59157484495,False
all_genes,MARCH1,rescued,MARCHF1,974,1.8201184758843647,55064.13039580167,False
all_genes,RP11-263K19.4,not an HGNC former symbol,,1039,1.941584287930036,55042.622042448034,False
all_genes,RP11-2B6.2,not an HGNC former symbol,,992,1.853755162297012,54941.95517928232,False
all_genes,RP11-101E13.5,not an HGNC former symbol,,969,1.8107749518808511,54837.03052516151,False
all_genes,RP11-161M6.2,not an HGNC former symbol,,933,1.7435015790555568,54778.648455538714,False
all_genes,SLC35E2,rescued,SLC35E2A,969,1.8107749518808511,54672.155017329984,False
all_genes,RP11-706O15.3,not an HGNC former symbol,,920,1.7192084166464223,54411.12086743358,False
all_genes,DDX26B,rescued,INTS6L,994,1.8574925718984177,54338.89096191155,False
all_genes,RP11-355B11.2,not an HGNC former symbol,,1012,1.8911292583110648,54061.529008903926,False
all_genes,RP5-821D11.7,not an HGNC former symbol,,968,1.808906247080149,53956.56574529046,False
all_genes,RP11-76C10.5,not an HGNC former symbol,,920,1.7192084166464223,53699.264030864506,False
all_genes,AL354822.1,not an HGNC former symbol,,943,1.762188627062583,53697.0028197434,False
all_genes,MICALCL,rescued,MICAL2,1062,1.9845644983461963,53641.03465089497,True
all_genes,AC062029.1,not an HGNC former symbol,,998,1.864967391101228,52822.390116617375,False
all_genes,RP11-92G12.3,not an HGNC former symbol,,1024,1.913553715919496,52790.03270944557,False
all_genes,MANEA-AS1,rescued,MANEA-DT,897,1.6762282062302618,52541.66820725018,False
all_genes,HIST1H3B,rescued,H3C2,954,1.782744379870312,52363.32960469386,False
all_genes,RP11-89K21.1,not an HGNC former symbol,,921,1.721077121447125,52329.28930179086,False
all_genes,RP1-102K2.8,not an HGNC former symbol,,810,1.5136508885691329,51680.979458157715,False
all_genes,CTD-2207A17.1,not an HGNC former symbol,,567,1.059555621998393,51282.960215333034,False
all_genes,LL22NC03-86G7.1,not an HGNC former symbol,,957,1.7883504942724198,51015.22524319571,False
all_genes,RP11-649A18.12,not an HGNC former symbol,,917,1.7136023022443143,50877.24848462445,False
all_genes,RP11-69E11.4,not an HGNC former symbol,,929,1.736026759852746,50573.686369944335,False
all_genes,AC017002.1,not an HGNC former symbol,,839,1.5678433277895092,50167.02524162595,False
all_genes,MURC,rescued,CAVIN4,879,1.6425915198176144,49926.0086288414,False
all_genes,AC068831.10,not an HGNC former symbol,,1006,1.8799170295068488,49719.6733776997,False
all_genes,RP3-399L15.3,not an HGNC former symbol,,940,1.756582512660475,49494.63641595532,False
all_genes,CEBPA-AS1,rescued,CEBPA-DT,882,1.6481976342197224,48635.66577604293,False
all_genes,RMRP,not an HGNC former symbol,,767,1.4332965821389196,48606.91051434164,False
all_genes,RP11-579D7.4,not an HGNC former symbol,,932,1.741632874254854,48340.576471847424,False
all_genes,RP11-54O7.3,not an HGNC former symbol,,705,1.3174368844953563,48111.33816530482,False
all_genes,RP11-67L2.2,not an HGNC former symbol,,917,1.7136023022443143,48078.09291031842,False
all_genes,MFSD7,rescued,SLC49A3,804,1.5024386597649169,47931.722899342014,False
all_genes,RP11-328J2.1,not an HGNC former symbol,,715,1.3361239325023826,47687.54244666989,False
all_genes,RP11-1007O24.3,not an HGNC former symbol,,899,1.6799656158316671,47463.782237393585,False
all_genes,PDE11A,not an HGNC former symbol,,891,1.6650159774260458,47188.47925253141,False
all_genes,CTD-2292P10.4,not an HGNC former symbol,,949,1.7734008558667986,47043.882697505345,False
all_genes,RP11-299H21.1,not an HGNC former symbol,,847,1.58279296619513,47027.002543615396,False
all_genes,FAM19A2,rescued,TAFA2,878,1.6407228150169115,46567.55445472768,False
all_genes,RP11-973H7.4,not an HGNC former symbol,,788,1.4725393829536748,46198.72291833765,False
all_genes,GRAMD2,rescued,GRAMD2A,842,1.573449442191617,45848.02085617277,False
all_genes,RP11-420A23.1,not an HGNC former symbol,,766,1.431427877338217,45846.95403113536,False
all_genes,CTD-2517O10.6,not an HGNC former symbol,,874,1.633247995814101,45208.41126581533,False
all_genes,AC096772.6,not an HGNC former symbol,,852,1.5921364901986437,44608.233358722,False
all_genes,AL132709.8,not an HGNC former symbol,,656,1.2258703492609273,44512.64249774792,False
all_genes,RP11-366L20.2,not an HGNC former symbol,,747,1.395922486124867,44369.25756494698,False
all_genes,FAM19A3,rescued,TAFA3,671,1.253900921271467,44260.15239242918,False
all_genes,AC092669.3,not an HGNC former symbol,,851,1.5902677853979408,44241.48266873956,False
all_genes,NOVA1-AS1,"renamed, current symbol also absent",NOVA1-DT,672,1.2557696260721694,44143.4671352775,False
all_genes,RP11-315I20.1,not an HGNC former symbol,,831,1.552893689383888,44010.96983943644,False
all_genes,CDIPT-AS1,rescued,CDIPTOSP,748,1.3977911909255694,43874.169521559495,False
all_genes,RP11-380J14.1,not an HGNC former symbol,,830,1.5510249845831854,43658.934987329,False
all_genes,RP1-28O10.1,not an HGNC former symbol,,778,1.4538523349466486,43128.83295062386,False
all_genes,RP11-502I4.3,not an HGNC former symbol,,807,1.5080447741670249,42809.63828946484,False
all_genes,FAM46C,rescued,TENT5C,748,1.3977911909255694,42804.07273110501,False
all_genes,CTD-2194D22.3,not an HGNC former symbol,,893,1.6687533870274514,42685.224200148594,False
all_genes,AC147651.4,not an HGNC former symbol,,581,1.0857174892082295,42616.24481166873,False
all_genes,RP4-758J18.13,not an HGNC former symbol,,721,1.3473361613065984,42591.57153565137,False
all_genes,CTB-171A8.1,not an HGNC former symbol,,719,1.343598751705193,42519.798742310995,False
all_genes,FAM65C,rescued,RIPOR3,674,1.2595070356735747,42325.863688228805,False
all_genes,AKAP2,not an HGNC former symbol,,777,1.4519836301459457,42195.460153491775,False
all_genes,RP11-442N24__B.1,not an HGNC former symbol,,819,1.5304692317754565,42058.05157181334,False
all_genes,RP11-180O5.2,not an HGNC former symbol,,521,0.9735952011660718,42050.82386715515,False
all_genes,RP11-706O15.5,not an HGNC former symbol,,818,1.5286005269747538,41839.35441246379,False
all_genes,GS1-124K5.3,not an HGNC former symbol,,750,1.401528600526975,41525.07119797981,False
all_genes,AC072062.1,not an HGNC former symbol,,796,1.487489021359296,41499.28002277671,False
all_genes,RP1-120G22.11,not an HGNC former symbol,,676,1.2632444452749798,41457.134026273314,False
all_genes,CBWD7,"renamed, current symbol also absent",ZNG1F,851,1.5902677853979408,41351.97109697127,False
all_genes,C9orf66,rescued,DOCK8-AS1,769,1.4370339917403248,40807.97302509334,False
all_genes,RP11-41O4.2,not an HGNC former symbol,,673,1.257638330872872,40740.45535898427,False
all_genes,WBSCR28,rescued,TMEM270,795,1.4856203165585933,40636.73843043248,False
all_genes,FAM212B-AS1,rescued,INKA2-AS1,701,1.309962065292546,40599.20000978981,False
all_genes,SMC5-AS1,not an HGNC former symbol,,772,1.4426401061424328,40578.360691011425,False
all_genes,GATS,"renamed, current symbol also absent",CASTOR3P,758,1.4164782389325958,40551.614989823225,False
all_genes,HIST1H3H,rescued,H3C10,801,1.496832545362809,40305.81963637589,False
all_genes,RP11-803B1.8,not an HGNC former symbol,,709,1.3249117036981668,40189.879737670344,False
all_genes,HIST1H3C,rescued,H3C3,748,1.3977911909255694,40114.89412555981,False
all_genes,RP11-187E13.1,not an HGNC former symbol,,653,1.2202642348588193,39879.55772090009,False
all_genes,RP5-1112D6.4,not an HGNC former symbol,,722,1.349204866107301,39764.454207126866,False
all_genes,RP11-1L9.1,not an HGNC former symbol,,301,0.5624801450114925,39520.95029334643,False
all_genes,DNAJC9-AS1,not an HGNC former symbol,,804,1.5024386597649169,39459.41418749718,False
all_genes,C9orf84,rescued,SHOC1,724,1.3529422757087062,39408.49658055382,False
all_genes,RP11-217B1.2,not an HGNC former symbol,,668,1.248294806869359,39252.21477641293,False
all_genes,CTD-2130O13.1,not an HGNC former symbol,,294,0.5493992114065741,39136.72305582822,False
all_genes,RP11-400N13.2,not an HGNC former symbol,,684,1.278194083680601,38831.15408818513,False
all_genes,C17orf82,rescued,LINC02875,646,1.2071833012539008,38812.196429654054,False
all_genes,RP5-1185I7.1,not an HGNC former symbol,,717,1.339861342103788,38679.67770782123,False
all_genes,CTC-548K16.1,not an HGNC former symbol,,707,1.3211742940967617,38677.585053425406,False
all_genes,CTD-2165H16.4,not an HGNC former symbol,,671,1.253900921271467,38276.762153466305,False
all_genes,AC004510.3,not an HGNC former symbol,,794,1.4837516117578906,38012.53231541079,False
all_genes,RP11-41O4.1,not an HGNC former symbol,,480,0.8969783043372639,37917.56153515894,False
all_genes,RP11-430G17.3,not an HGNC former symbol,,664,1.2408199876665482,37673.11069210099,False
all_genes,RP11-398E10.1,not an HGNC former symbol,,566,1.05768691719769,37348.16199510106,False
all_genes,HIST1H2AI,rescued,H2AC13,694,1.2968811316876274,37309.79368595654,False
all_genes,CTD-2341M24.1,not an HGNC former symbol,,687,1.2838001980827087,37157.69027265007,False
all_genes,CNTD2,rescued,CCNP,688,1.2856689028834114,37143.40872364721,False
all_genes,WISP3,rescued,CCN6,674,1.2595070356735747,37129.60871978315,False
all_genes,RP11-379B8.1,not an HGNC former symbol,,780,1.4575897445480537,36725.04597361415,False
all_genes,RP11-3P17.4,not an HGNC former symbol,,633,1.1828901388447668,36687.60077352651,False
all_genes,LINC00675,rescued,TMEM238L,504,0.9418272195541272,36553.174438371425,False
all_genes,RP11-98G7.1,not an HGNC former symbol,,626,1.1698092052398483,36311.34226140213,False
all_genes,HIST1H4J,rescued,H4C11,714,1.33425522770168,36094.56083354345,False
all_genes,CTC-347C20.2,not an HGNC former symbol,,467,0.8726851419281296,36084.47816305784,False
all_genes,RP13-977J11.2,not an HGNC former symbol,,674,1.2595070356735747,35940.518749119234,False
all_genes,RP11-276H19.2,not an HGNC former symbol,,730,1.3641545045129222,35940.37643601291,False
all_genes,RP11-277B15.3,not an HGNC former symbol,,637,1.1903649580475772,35886.05560906914,False
all_genes,RP11-15A1.7,not an HGNC former symbol,,685,1.2800627884813036,35789.767103802515,False
all_genes,C10orf91,rescued,LINC02870,678,1.2669818548763851,35739.543029059925,False
all_genes,RP11-778D9.12,not an HGNC former symbol,,685,1.2800627884813036,35480.880421489026,False
all_genes,AC116035.1,not an HGNC former symbol,,423,0.7904621306972137,35363.40050714157,False
all_genes,KIAA1107,rescued,BTBD8,646,1.2071833012539008,35196.393168496565,True
all_genes,RP5-1068E13.7,not an HGNC former symbol,,678,1.2669818548763851,35174.86857649416,False
all_genes,KIAA1456,rescued,TRMT9B,549,1.0259189355857454,35170.098996969056,False
all_genes,RP11-367G18.1,not an HGNC former symbol,,771,1.44077140134173,34912.18575999992,False
all_genes,AC004988.1,not an HGNC former symbol,,347,0.6484405658438137,34486.49468374928,False
all_genes,CTD-2033C11.1,not an HGNC former symbol,,630,1.1772840244426588,34462.736766155176,False
all_genes,RP1-168L15.5,not an HGNC former symbol,,585,1.0931923084110402,34446.53016237644,False
all_genes,AC073283.4,not an HGNC former symbol,,613,1.145516042830714,34045.88031490085,False
all_genes,RGAG4,rescued,RTL5,531,0.9922822491730982,33841.64983284955,False
all_genes,RP5-1070A16.1,not an HGNC former symbol,,607,1.1343038140264985,33735.91602419593,False
all_genes,HIST4H4,"renamed, current symbol also absent",H4C16,597,1.115616766019472,33682.26667451798,False
all_genes,AC137934.1,not an HGNC former symbol,,681,1.2725879692784932,33642.79199920022,False
all_genes,RP11-314N14.1,not an HGNC former symbol,,524,0.9792013155681798,33607.91049166783,False
all_genes,RP11-231N3.1,not an HGNC former symbol,,674,1.2595070356735747,33527.90010201218,False
all_genes,ARMC4,rescued,ODAD2,601,1.1230915852222825,33420.57371432582,False
all_genes,AC005498.3,not an HGNC former symbol,,587,1.0969297180124455,33223.03325108008,False
all_genes,RP11-848P1.5,not an HGNC former symbol,,646,1.2071833012539008,33058.83527572092,False
all_genes,KB-1460A1.5,not an HGNC former symbol,,598,1.1174854708201745,33015.233374301184,False
all_genes,RP1-60O19.1,not an HGNC former symbol,,498,0.9306149907499112,32891.66834116615,False
all_genes,RP11-166B2.1,not an HGNC former symbol,,627,1.1716779100405508,32768.12791018779,False
all_genes,CTD-2007H13.3,not an HGNC former symbol,,571,1.0670304412012035,32620.721811682848,False
all_genes,RP11-259K5.2,not an HGNC former symbol,,625,1.1679405004391457,32423.506881994297,False
all_genes,AC005592.2,not an HGNC former symbol,,602,1.124960290022985,32381.946255337665,False
all_genes,RP11-454P21.1,not an HGNC former symbol,,384,0.717582643469811,32365.37536982944,False
all_genes,RP11-723G8.2,not an HGNC former symbol,,250,0.4671762001756582,32047.694820442463,False
all_genes,RP11-1008C21.2,not an HGNC former symbol,,559,1.044605983592772,31834.080719761412,False
all_genes,RP11-129M6.1,not an HGNC former symbol,,738,1.379104142918543,31751.84533860381,False
all_genes,KBTBD11-OT1,not an HGNC former symbol,,604,1.1286976996243905,31704.462997100847,False
all_genes,RP11-757F18.5,not an HGNC former symbol,,611,1.1417786332293087,31355.67721313815,False
all_genes,C1orf143,rescued,LINC02869,523,0.9773326107674772,31108.151202134883,False
all_genes,C1orf204,rescued,SNHG28,586,1.0950610132117429,30948.974302991643,False
all_genes,RP11-81H14.2,not an HGNC former symbol,,206,0.3849531889447424,30837.42616489181,False
all_genes,RP11-555G19.1,not an HGNC former symbol,,535,0.9997570683759086,30667.70517464251,False
all_genes,RP11-127O4.3,not an HGNC former symbol,,395,0.7381383962775401,30302.108180594612,False
all_genes,RP11-776H12.1,not an HGNC former symbol,,620,1.1585969764356323,30231.829256555087,False
all_genes,AC021224.1,not an HGNC former symbol,,540,1.0091005923794218,29966.26050961335,False
all_genes,DPH6-AS1,rescued,DPH6-DT,522,0.9754639059667743,29943.153571927283,False
all_genes,RP11-293A21.1,not an HGNC former symbol,,549,1.0259189355857454,29897.889471788505,False
all_genes,HIST1H2BL,rescued,H2BC13,583,1.089454898809635,29862.39470476351,False
all_genes,AC090587.5,not an HGNC former symbol,,543,1.01470670678153,29840.26791373305,False
all_genes,CTC-367J11.1,not an HGNC former symbol,,598,1.1174854708201745,29827.185662055475,False
all_genes,AC015922.6,not an HGNC former symbol,,268,0.5008128865883057,29806.94313472339,False
all_genes,HIST2H2BF,rescued,H2BC18,561,1.048343393194177,29696.14380534044,False
all_genes,FAM57B,rescued,TLCD3B,503,0.9399585147534244,29654.251340893745,False
all_genes,CTA-14H9.5,not an HGNC former symbol,,549,1.0259189355857454,29479.05783097675,False
all_genes,LINC01125,rescued,C2orf92,510,0.9530394483583428,29423.84096641743,False
all_genes,RP11-401F2.3,not an HGNC former symbol,,516,0.9642516771625588,29338.943861976994,False
all_genes,AC005224.2,not an HGNC former symbol,,540,1.0091005923794218,29319.95060618031,False
all_genes,RP11-404O13.1,not an HGNC former symbol,,551,1.0296563451871508,29225.78903992752,False
all_genes,AC068282.3,not an HGNC former symbol,,543,1.01470670678153,29132.200987659468,False
all_genes,RP11-77H9.2,not an HGNC former symbol,,568,1.0614243267990957,28884.36895537533,False
all_genes,AC010127.3,not an HGNC former symbol,,578,1.0801113748061215,28746.844018614876,False
all_genes,RP11-96L14.7,not an HGNC former symbol,,519,0.9698577915646666,28534.28111989133,False
all_genes,ACRC,rescued,GCNA,503,0.9399585147534244,28136.026731337224,False
all_genes,RP11-19E11.1,not an HGNC former symbol,,536,1.0016257731766114,28037.892053321564,False
all_genes,RP4-798A10.2,not an HGNC former symbol,,511,0.9549081531590456,27887.517199508453,False
all_genes,KIAA1211,rescued,CRACD,455,0.850260684319698,27351.629637111822,False
all_genes,RP11-181C3.1,not an HGNC former symbol,,539,1.0072318875787192,27289.16934588858,False
all_genes,RP1-234P15.4,not an HGNC former symbol,,533,0.9960196587745034,27246.98531655827,False
all_genes,CTD-2377D24.6,not an HGNC former symbol,,480,0.8969783043372639,27050.881086799425,False
all_genes,RP11-160H22.5,not an HGNC former symbol,,602,1.124960290022985,27015.80979084992,False
all_genes,RP11-456O19.2,not an HGNC former symbol,,611,1.1417786332293087,26970.48395710019,False
all_genes,RP1-90J20.8,not an HGNC former symbol,,489,0.9137966475435876,26874.752644177737,False
all_genes,AL133493.2,not an HGNC former symbol,,511,0.9549081531590456,26825.355921746224,False
all_genes,AP003419.16,not an HGNC former symbol,,547,1.0221815259843403,26681.6286748043,False
all_genes,KIAA2022,rescued,NEXMIF,378,0.7063704146655952,26616.14378414266,False
all_genes,FAM150B,rescued,ALKAL2,405,0.7568254442845663,26596.36302939001,False
all_genes,RP11-545I5.3,not an HGNC former symbol,,507,0.947433333956235,26548.451488888822,False
all_genes,AC078883.3,not an HGNC former symbol,,441,0.8240988171098612,26498.826621730503,False
all_genes,RP11-231D20.2,not an HGNC former symbol,,545,1.018444116382935,26456.909082736343,False
all_genes,RP1-278O22.1,not an HGNC former symbol,,487,0.9100592379421824,26217.13813175128,False
all_genes,HIST1H2AB,rescued,H2AC4,476,0.8895034851344532,26081.65163826759,False
all_genes,RP11-336K24.12,not an HGNC former symbol,,483,0.9025844187393716,26022.43173987425,False
all_genes,DOCK9-AS2,rescued,DOCK9-DT,473,0.8838973707323453,26018.76391504886,False
all_genes,RP11-465L10.10,not an HGNC former symbol,,445,0.8315736363126717,25999.295165783667,False
all_genes,RP11-59D5__B.2,not an HGNC former symbol,,382,0.7138452338684058,25958.144382063183,False
all_genes,DFNB59,rescued,PJVK,477,0.891372189935156,25938.964100702997,False
all_genes,RP11-16E12.1,not an HGNC former symbol,,480,0.8969783043372639,25926.74209110599,False
all_genes,RP11-774D14.1,not an HGNC former symbol,,345,0.6447031562424084,25699.134205426773,False
all_genes,DPCR1,rescued,MUCL3,222,0.4148524657559845,25694.01295645744,False
all_genes,MUM1L1,rescued,PWWP3B,409,0.7643002634873769,25600.74105272864,False
all_genes,SEPT5,rescued,SEPTIN5,469,0.8764225515295349,25453.09766432859,False
all_genes,RP11-442H21.2,not an HGNC former symbol,,493,0.921271466746398,25316.839268613185,False
all_genes,C20orf195,rescued,FNDC11,514,0.9605142675611534,25248.12270882183,False
all_genes,CTD-2319I12.2,not an HGNC former symbol,,455,0.850260684319698,25077.8009012046,False
all_genes,RP11-320M2.1,not an HGNC former symbol,,464,0.8670790275260217,24907.635387004582,False
all_genes,RP11-362F19.1,not an HGNC former symbol,,380,0.7101078242670005,24889.777493927715,False
all_genes,RP11-736K20.6,not an HGNC former symbol,,489,0.9137966475435876,24855.40551739196,False
all_genes,RP1-224A6.3,not an HGNC former symbol,,456,0.8521293891204006,24819.389021901872,False
all_genes,RP11-527L4.2,not an HGNC former symbol,,357,0.66712761385084,24803.27953016808,False
all_genes,RP4-800J21.3,not an HGNC former symbol,,445,0.8315736363126717,24758.02702723157,False
all_genes,SGK494,not an HGNC former symbol,,484,0.9044531235400745,24749.922397518443,False
all_genes,RP11-351D16.3,not an HGNC former symbol,,430,0.8035430643021322,24696.010529748168,False
all_genes,C2orf61,rescued,STPG4,498,0.9306149907499112,24632.74582146032,False
all_genes,RP11-626G11.5,not an HGNC former symbol,,502,0.9380898099527218,24608.82725141665,False
all_genes,ALS2CR11,"renamed, current symbol also absent",CATSPERT,417,0.7792499018929979,24294.921941919933,False
all_genes,IL10RB-AS1,rescued,IL10RB-DT,478,0.8932408947358585,24220.65024156582,False
all_genes,RP11-402G3.3,not an HGNC former symbol,,443,0.8278362267112664,24194.79097220559,False
all_genes,AC016735.2,not an HGNC former symbol,,410,0.7661689682880796,24140.416911968037,False
all_genes,ACPP,rescued,ACP3,342,0.6390970418403005,24009.09387899615,False
all_genes,RP11-480A16.1,not an HGNC former symbol,,448,0.8371797507147796,23965.47931257684,False
all_genes,RP11-771K4.1,not an HGNC former symbol,,402,0.7512193298824584,23836.426416838305,False
all_genes,LINC00693,not an HGNC former symbol,,292,0.5456618018051689,23800.475065065464,False
all_genes,AC007038.7,not an HGNC former symbol,,414,0.7736437874908901,23780.88659226833,False
all_genes,RP1-40E16.9,not an HGNC former symbol,,305,0.569954964214303,23646.268112518483,False
all_genes,EIF2S3L,not an HGNC former symbol,,425,0.794199540298619,23474.95156049627,False
all_genes,MFSD4,"renamed, current symbol also absent",SLC60A1,430,0.8035430643021322,23323.970773166024,False
all_genes,RP11-54A9.1,not an HGNC former symbol,,467,0.8726851419281296,23271.58049812939,False
all_genes,RP11-77P16.4,not an HGNC former symbol,,454,0.8483919795189954,23170.129651679024,False
all_genes,RP1-28H20.3,not an HGNC former symbol,,421,0.7867247210958085,23146.434902337285,False
all_genes,RP11-705O1.8,not an HGNC former symbol,,421,0.7867247210958085,23144.70969330747,False
all_genes,LINC00843,rescued,TIMM23B-AGAP6,453,0.8465232747182928,23076.687309400993,False
all_genes,RP11-379K17.12,not an HGNC former symbol,,424,0.7923308354979165,23013.713998938467,False
all_genes,ZNF788,rescued,ZNF788P,427,0.7979369499000242,22994.988921612516,False
all_genes,NPPA-AS1,not an HGNC former symbol,,429,0.8016743595014296,22801.834477434408,False
all_genes,RP11-421M1.8,not an HGNC former symbol,,458,0.8558667987218059,22777.923376590545,False
all_genes,HIST1H2AA,rescued,H2AC1,151,0.2821744249060976,22467.248639221307,False
all_genes,RP11-430B1.2,not an HGNC former symbol,,427,0.7979369499000242,22320.04906439645,False
all_genes,AC017002.2,not an HGNC former symbol,,419,0.7829873114944033,22198.7095075764,False
all_genes,AC073072.5,not an HGNC former symbol,,425,0.794199540298619,22105.759586685923,False
all_genes,HIST1H4A,rescued,H4C1,412,0.7699063778894848,22102.11626564024,False
all_genes,RP11-91I8.3,not an HGNC former symbol,,422,0.788593425896511,22099.97266220259,False
all_genes,HIST1H3J,rescued,H3C12,411,0.7680376730887821,22089.109833743263,False
all_genes,USP27X-AS1,rescued,USP27X-DT,393,0.7344009866761347,21987.195578159954,False
all_genes,RP11-415J8.5,not an HGNC former symbol,,418,0.7811186066937006,21897.015796361888,False
all_genes,RP11-16P6.1,not an HGNC former symbol,,390,0.7287948722740268,21875.09510952008,False
all_genes,AC145110.1,not an HGNC former symbol,,218,0.407377646553174,21828.58811989496,False
all_genes,RP11-181G12.2,not an HGNC former symbol,,419,0.7829873114944033,21697.969088053465,False
all_genes,CTB-186G2.1,not an HGNC former symbol,,443,0.8278362267112664,21686.58810191553,False
all_genes,HIST1H3F,rescued,H3C7,409,0.7643002634873769,21636.579406201537,False
all_genes,RP11-7F18.2,not an HGNC former symbol,,369,0.6895520714592717,21577.14105761871,False
all_genes,AC005932.1,not an HGNC former symbol,,439,0.8203614075084558,21528.16784326411,False
all_genes,HIST1H3A,rescued,H3C1,403,0.7530880346831611,21497.41500958982,False
all_genes,RP11-379F12.3,not an HGNC former symbol,,370,0.6914207762599742,21467.85526374907,False
all_genes,CTD-2376I4.2,not an HGNC former symbol,,415,0.7755124922915927,21459.924836028596,False
all_genes,HIST1H2BF,rescued,H2BC7,397,0.7418758058789453,21439.178849300304,False
all_genes,PALM2-AKAP2,rescued,PALM2AKAP2,390,0.7287948722740268,21386.51165665444,False
all_genes,RP11-573D15.2,not an HGNC former symbol,,397,0.7418758058789453,21215.621914670188,False
all_genes,AC011747.4,not an HGNC former symbol,,395,0.7381383962775401,21181.219668382888,False
all_genes,AC010987.6,not an HGNC former symbol,,333,0.6222786986339768,21135.485937341396,False
all_genes,RP11-328K4.1,not an HGNC former symbol,,412,0.7699063778894848,21097.22358076116,False
all_genes,RP11-401P9.4,not an HGNC former symbol,,297,0.555005325808682,21045.641652844173,False
all_genes,APITD1-CORT,rescued,CENPS-CORT,415,0.7755124922915927,20782.39425529393,False
all_genes,GRASP,rescued,TAMALIN,326,0.6091977650290583,20743.44468302563,False
all_genes,AC007228.11,not an HGNC former symbol,,412,0.7699063778894848,20663.98785117535,False
all_genes,RP11-222K16.2,not an HGNC former symbol,,388,0.7250574626726216,20621.32703077232,False
all_genes,AC007228.9,not an HGNC former symbol,,394,0.7362696914768374,20521.19575524941,False
all_genes,RP11-617F23.1,not an HGNC former symbol,,364,0.6802085474557584,20398.225612753893,False
all_genes,RP11-539L10.2,not an HGNC former symbol,,379,0.7082391194662979,20293.071214348056,False
all_genes,RP1-199J3.7,not an HGNC former symbol,,367,0.6858146618578663,20161.582482052607,False
all_genes,RP11-84G21.1,not an HGNC former symbol,,417,0.7792499018929979,20142.88213719326,False
all_genes,RP11-191G24.1,not an HGNC former symbol,,449,0.8390484555154821,20044.25388538381,False
all_genes,RP13-650J16.1,not an HGNC former symbol,,350,0.6540466802459215,20003.549114554888,False
all_genes,HIST1H2AK,rescued,H2AC15,364,0.6802085474557584,19971.50368367458,False
all_genes,CTC-273B12.10,not an HGNC former symbol,,366,0.6839459570571637,19848.227250405947,False
all_genes,BZRAP1-AS1,rescued,TSPOAP1-AS1,330,0.6166725842318689,19815.757240429662,False
all_genes,RP11-367J11.3,not an HGNC former symbol,,400,0.7474819202810532,19723.038472201635,False
all_genes,RP11-1094H24.4,not an HGNC former symbol,,372,0.6951581858613795,19691.94494562755,False
all_genes,RP11-234B24.2,not an HGNC former symbol,,267,0.4989441817876029,19603.68953089571,False
all_genes,RP11-164P12.4,not an HGNC former symbol,,411,0.7680376730887821,19410.572053940676,False
all_genes,RP11-23F23.2,not an HGNC former symbol,,369,0.6895520714592717,19373.949815491455,False
all_genes,RP11-15A1.2,not an HGNC former symbol,,365,0.6820772522564611,19343.634322653594,False
all_genes,RP11-486O12.2,not an HGNC former symbol,,377,0.7045017098648927,19295.73225609555,False
all_genes,RP11-190C22.8,not an HGNC former symbol,,327,0.611066469829761,19140.656883831267,False
all_genes,RP11-804H8.6,not an HGNC former symbol,,358,0.6689963186515426,19122.888468537436,False
all_genes,RP11-169E6.1,not an HGNC former symbol,,357,0.66712761385084,19121.32466698782,False
all_genes,CTD-2171N6.1,not an HGNC former symbol,,237,0.442883037766524,18988.329546476496,False
all_genes,RP4-728D4.2,not an HGNC former symbol,,412,0.7699063778894848,18969.205422885476,False
all_genes,RP11-95P13.1,not an HGNC former symbol,,292,0.5456618018051689,18920.369934838975,False
all_genes,AC133528.2,not an HGNC former symbol,,366,0.6839459570571637,18874.61322798983,False
all_genes,CTD-2410N18.3,not an HGNC former symbol,,320,0.5979855362248426,18742.47506415583,False
all_genes,C10orf128,rescued,TMEM273,245,0.4578326761721451,18729.082521021595,False
all_genes,RP11-89C3.4,not an HGNC former symbol,,412,0.7699063778894848,18714.399468050608,False
all_genes,RP11-382D12.2,not an HGNC former symbol,,337,0.6297535178367873,18697.295938961695,False
all_genes,RP11-496I9.1,not an HGNC former symbol,,339,0.6334909274381926,18664.505341795528,False
all_genes,HIST2H2AB,rescued,H2AC21,338,0.6316222226374899,18654.055189118728,False
all_genes,RP11-286E11.1,not an HGNC former symbol,,329,0.6148038794311662,18639.649984285443,False
all_genes,C1orf145,rescued,OBSCN-AS1,375,0.7007643002634875,18617.558017892778,False
all_genes,RP11-702B10.2,not an HGNC former symbol,,305,0.569954964214303,18567.440500068893,False
all_genes,RP11-282O18.3,not an HGNC former symbol,,325,0.6073290602283558,18516.737968811984,False
all_genes,CTC-360G5.9,not an HGNC former symbol,,319,0.59611683142414,18396.33482759726,False
all_genes,HIST1H4D,rescued,H4C4,347,0.6484405658438137,18269.494077901407,False
all_genes,CTB-119C2.1,not an HGNC former symbol,,320,0.5979855362248426,18100.006801477488,False
all_genes,RP11-231G3.1,not an HGNC former symbol,,342,0.6390970418403005,18011.48510495399,False
all_genes,AC004854.4,not an HGNC former symbol,,343,0.6409657466410031,17864.263029126094,False
all_genes,RP4-669L17.10,not an HGNC former symbol,,335,0.626016108235382,17754.846746465933,False
all_genes,RP11-973H7.1,not an HGNC former symbol,,318,0.5942481266234373,17599.34183582798,False
all_genes,RP11-102M11.2,not an HGNC former symbol,,285,0.5325808682002504,17557.235295983803,False
all_genes,CTC-444N24.6,not an HGNC former symbol,,328,0.6129351746304637,17555.30851970637,False
all_genes,RP11-17M16.2,not an HGNC former symbol,,343,0.6409657466410031,17511.38188796905,False
all_genes,RP11-141J13.5,not an HGNC former symbol,,252,0.4709136097770635,17354.39643231924,False
all_genes,C19orf45,"renamed, current symbol also absent",SAXO5,320,0.5979855362248426,17293.100687705664,False
all_genes,RP11-83N9.5,not an HGNC former symbol,,332,0.6204099938332741,17274.334147760586,False
all_genes,RP11-1102P16.1,not an HGNC former symbol,,227,0.4241959897594977,17261.257050921144,False
all_genes,MARCH10,rescued,MARCHF10,324,0.6054603554276531,17186.720053279998,False
all_genes,HIST1H2BO,rescued,H2BC17,322,0.6017229458262479,17151.747930019636,False
all_genes,AC144449.1,not an HGNC former symbol,,320,0.5979855362248426,17043.222587397642,False
all_genes,RP11-452H21.4,not an HGNC former symbol,,285,0.5325808682002504,16980.092624343135,False
all_genes,MRVI1-AS1,rescued,IRAG1-AS1,340,0.6353596322388952,16929.668962678847,False
all_genes,LINC00961,rescued,SPAAR,311,0.5811671930185188,16926.06202267323,False
all_genes,RP1-102K2.6,not an HGNC former symbol,,298,0.5568740306093847,16834.157753562828,False
all_genes,HIST1H3I,rescued,H3C11,340,0.6353596322388952,16802.08687670038,False
all_genes,RP11-336A10.5,not an HGNC former symbol,,343,0.6409657466410031,16720.81269663165,False
all_genes,RP4-668J24.2,not an HGNC former symbol,,292,0.5456618018051689,16698.698939779504,False
all_genes,MAATS1,rescued,CFAP91,305,0.569954964214303,16690.000517669578,False
all_genes,GVQW1,not an HGNC former symbol,,316,0.5905107170220321,16597.330810419382,False
all_genes,CTC-487M23.8,not an HGNC former symbol,,341,0.6372283370395979,16538.77258141554,False
all_genes,HIST3H2BB,"renamed, current symbol also absent",H2BC26,303,0.5662175546128978,16529.189862045605,False
all_genes,RP11-18H21.1,not an HGNC former symbol,,313,0.5849046026199242,16512.14665878466,False
all_genes,RP11-356I2.1,not an HGNC former symbol,,215,0.4017715321510661,16506.433355024783,False
all_genes,RP11-135L13.4,not an HGNC former symbol,,326,0.6091977650290583,16499.93401281194,False
all_genes,HIST1H4I,rescued,H4C9,299,0.5587427354100872,16454.384424605745,False
all_genes,RP11-535A19.2,not an HGNC former symbol,,338,0.6316222226374899,16403.43827084954,False
all_genes,RP4-655J12.4,not an HGNC former symbol,,240,0.4484891521686319,16262.291076066098,False
all_genes,AP001046.5,not an HGNC former symbol,,290,0.5419243922037635,16121.92276425727,False
all_genes,RP11-932O9.10,not an HGNC former symbol,,309,0.5774297834171136,16101.414065560704,False
all_genes,RP11-514D23.3,not an HGNC former symbol,,188,0.351316502532095,16038.527332279516,False
all_genes,RP11-200A1.1,not an HGNC former symbol,,344,0.6428344514417057,15953.32526199758,False
all_genes,C12orf80,rescued,LINC02874,314,0.5867733074206268,15938.83719217088,False
all_genes,CCDC36,rescued,IHO1,290,0.5419243922037635,15867.756562104005,False
all_genes,FAM159B,rescued,SHISAL2B,286,0.5344495730009531,15822.91316334565,False
all_genes,CTB-32O4.2,not an HGNC former symbol,,314,0.5867733074206268,15781.542364262195,False
all_genes,RP11-532M24.1,not an HGNC former symbol,,251,0.4690449049763609,15677.239810952828,False
all_genes,RP11-10C24.2,not an HGNC former symbol,,296,0.5531366210079794,15588.300106619594,False
all_genes,RP11-343H5.6,not an HGNC former symbol,,301,0.5624801450114925,15489.836042886844,False
all_genes,RP11-346C20.3,not an HGNC former symbol,,241,0.4503578569693345,15379.15872717196,False
all_genes,AC093495.4,not an HGNC former symbol,,270,0.5045502961897109,15230.631668805425,False
all_genes,CTB-179K24.3,not an HGNC former symbol,,246,0.4597013809728477,15228.941845655812,False
all_genes,RP11-265N7.1,not an HGNC former symbol,,308,0.575561078616411,15196.325072864343,False
all_genes,RP4-545C24.1,not an HGNC former symbol,,300,0.5606114402107899,15185.73908671582,False
all_genes,FAM26E,rescued,CALHM5,289,0.5400556874030609,15097.580672849544,False
all_genes,AC016723.4,not an HGNC former symbol,,276,0.5157625249939267,14935.57291570584,False
all_genes,NAP1L6,rescued,NAP1L6P,283,0.5288434585988451,14524.53791310227,False
all_genes,RP13-20L14.6,not an HGNC former symbol,,284,0.5307121633995477,14469.149703344174,False
all_genes,RP11-15I11.3,not an HGNC former symbol,,280,0.5232373441967373,14453.673001698942,False
all_genes,RP1-193H18.2,not an HGNC former symbol,,229,0.4279333993609029,14414.078997715931,False
all_genes,AC116614.1,not an HGNC former symbol,,239,0.4466204473679293,14388.232493943518,False
all_genes,CTD-2589M5.4,not an HGNC former symbol,,262,0.4896006577840899,14379.895257769676,False
all_genes,RP4-784A16.5,not an HGNC former symbol,,255,0.4765197241791714,14364.471944073555,False
all_genes,UBXN10-AS1,rescued,PLA2G2C,274,0.5120251153925215,14364.149179768378,True
all_genes,RP11-110I1.13,not an HGNC former symbol,,281,0.5251060489974398,14269.777485226015,False
all_genes,RP11-148B18.1,not an HGNC former symbol,,246,0.4597013809728477,14234.91272433835,False
all_genes,KIAA0391,rescued,PRORP,287,0.5363182778016556,14223.360887007331,False
all_genes,RP11-203B9.4,not an HGNC former symbol,,251,0.4690449049763609,14187.613452956575,False
all_genes,RP11-380L11.4,not an HGNC former symbol,,231,0.4316708089623082,14097.269656454451,False
all_genes,RP4-616B8.4,not an HGNC former symbol,,277,0.5176312297946293,14070.984865845094,False
all_genes,PVRL3-AS1,rescued,NECTIN3-AS1,262,0.4896006577840899,14013.956012437751,False
all_genes,TCTEX1D4,rescued,DYNLT4,258,0.4821258385812793,13936.961334339054,False
all_genes,RP13-16H11.2,not an HGNC former symbol,,244,0.4559639713714424,13863.57526117009,False
all_genes,RP11-35O15.1,not an HGNC former symbol,,253,0.4727823145777661,13791.093674940144,False
all_genes,LL22NC03-32F9.1,not an HGNC former symbol,,231,0.4316708089623082,13767.849487514057,False
all_genes,RP11-89K10.1,not an HGNC former symbol,,260,0.4858632481826845,13764.369419490038,False
all_genes,RP11-710C12.1,not an HGNC former symbol,,206,0.3849531889447424,13681.697222980554,False
all_genes,CECR5-AS1,rescued,HDHD5-AS1,289,0.5400556874030609,13674.374913757692,False
all_genes,HIST2H4A,rescued,H4C14,260,0.4858632481826845,13598.81575111744,False
all_genes,LL0XNC01-116E7.2,not an HGNC former symbol,,233,0.4354082185637135,13515.19560881835,False
all_genes,AC011893.3,not an HGNC former symbol,,268,0.5008128865883057,13486.388826903154,False
all_genes,RP5-1172N10.2,not an HGNC former symbol,,247,0.4615700857735503,13452.08874531823,False
all_genes,RP11-312B8.1,not an HGNC former symbol,,241,0.4503578569693345,13400.566512592552,False
all_genes,C10orf131,rescued,CC2D2B,265,0.4952067721861977,13388.167174466294,False
all_genes,RP11-119D9.1,not an HGNC former symbol,,281,0.5251060489974398,13303.542913512616,False
all_genes,RP1-124C6.1,not an HGNC former symbol,,257,0.4802571337805767,13232.338587354165,False
all_genes,KIAA1024,rescued,MINAR1,255,0.4765197241791714,13181.020452952642,False
all_genes,DUSP27,rescued,STYXL2,134,0.2504064432941528,13142.738704802889,False
all_genes,RP5-933K21.3,not an HGNC former symbol,,248,0.4634387905742529,13044.072414636164,False
all_genes,CGB,rescued,CGB3,184,0.3438416833292844,12991.370559781288,False
all_genes,CCDC155,rescued,KASH5,265,0.4952067721861977,12955.012581876075,False
all_genes,RP5-1074L1.1,not an HGNC former symbol,,259,0.4839945433819819,12882.977982580822,False
all_genes,LINC00982,rescued,PRDM16-DT,241,0.4503578569693345,12857.311207122257,False
all_genes,CTD-2532N20.1,not an HGNC former symbol,,201,0.3756096649412292,12815.883715507403,False
all_genes,RP11-63A1.1,not an HGNC former symbol,,218,0.407377646553174,12803.465420591228,False
all_genes,RP11-277P12.10,not an HGNC former symbol,,153,0.2859118345075028,12802.450791221969,False
all_genes,LINC00619,not an HGNC former symbol,,205,0.3830844841440398,12770.355613261683,False
all_genes,RP11-798K3.3,not an HGNC former symbol,,184,0.3438416833292844,12740.937397896669,False
all_genes,C4orf22,rescued,CFAP299,243,0.4540952665707398,12626.85799023058,False
all_genes,UPK3BL,rescued,UPK3BL1,266,0.4970754769869003,12604.55655347692,False
all_genes,CTC-332L22.1,not an HGNC former symbol,,234,0.4372769233644161,12481.91411264511,False
all_genes,RP11-1100L3.8,not an HGNC former symbol,,221,0.4129837609552819,12346.599824807305,False
all_genes,RP11-20G13.3,not an HGNC former symbol,,210,0.3924280081475529,12334.426453886936,False
all_genes,RP11-79O8.1,not an HGNC former symbol,,214,0.3999028273503635,12252.00192492262,False
all_genes,RP11-31F15.2,not an HGNC former symbol,,226,0.422327284958795,12251.32002686664,False
all_genes,PRR26,rescued,DIP2C-AS1,212,0.3961654177489582,12238.474981384348,False
all_genes,RP11-244F12.3,not an HGNC former symbol,,213,0.3980341225496608,12226.685335323617,False
all_genes,AC074212.6,not an HGNC former symbol,,210,0.3924280081475529,12195.285070491993,False
all_genes,SELV,not an HGNC former symbol,,225,0.4204585801580924,12168.760961566551,False
all_genes,CCDC67,rescued,DEUP1,244,0.4559639713714424,12114.42172373821,False
all_genes,CASC1,"renamed, current symbol also absent",DNAI7,185,0.3457103881299871,11996.446928096264,False
all_genes,RP11-266K4.9,not an HGNC former symbol,,228,0.4260646945602003,11971.639242369189,False
all_genes,RP11-112L6.3,not an HGNC former symbol,,232,0.4335395137630108,11966.746852077513,False
all_genes,RP13-735L24.1,not an HGNC former symbol,,189,0.3531852073327976,11960.882780565174,False
all_genes,RP11-580I16.2,not an HGNC former symbol,,238,0.4447517425672266,11889.086364097986,False
all_genes,RP11-402J6.1,not an HGNC former symbol,,201,0.3756096649412292,11882.411605558978,False
all_genes,CTD-2118P12.1,not an HGNC former symbol,,207,0.386821893745445,11837.140350010442,False
all_genes,RP11-466F5.8,not an HGNC former symbol,,220,0.4111150561545793,11769.335604221304,False
all_genes,RP5-899B16.1,not an HGNC former symbol,,185,0.3457103881299871,11707.25449551105,False
all_genes,RP11-396C23.4,not an HGNC former symbol,,242,0.4522265617700371,11681.038709670887,False
all_genes,ZCCHC5,rescued,RTL3,226,0.422327284958795,11649.376328804388,False
all_genes,C10orf111,rescued,RPP38-DT,232,0.4335395137630108,11613.93742229427,False
all_genes,RP11-475O6.1,not an HGNC former symbol,,208,0.3886905985461477,11588.973002447796,False
all_genes,TCTE3,rescued,DYNLT2,228,0.4260646945602003,11556.475570011327,False
all_genes,FAM196B,rescued,INSYN2B,201,0.3756096649412292,11531.501470517847,False
all_genes,RP11-576I22.2,not an HGNC former symbol,,182,0.3401042737278792,11468.392065791522,False
all_genes,AC097662.2,not an HGNC former symbol,,200,0.3737409601405266,11460.694144307416,False
all_genes,AC006159.4,not an HGNC former symbol,,174,0.3251546353222581,11338.166714705894,False
all_genes,RP11-655M14.13,not an HGNC former symbol,,193,0.3606600265356082,11250.469090296005,False
all_genes,RP11-325N19.3,not an HGNC former symbol,,217,0.4055089417524714,11240.038611066257,False
all_genes,XX-CR54.1,not an HGNC former symbol,,154,0.2877805393082055,11234.698002456496,False
all_genes,RP5-1033H22.2,not an HGNC former symbol,,212,0.3961654177489582,11163.507607209598,False
all_genes,RP11-379F4.6,not an HGNC former symbol,,206,0.3849531889447424,11154.850811147802,False
all_genes,C11orf85,rescued,MAJIN,220,0.4111150561545793,11150.129335803773,False
all_genes,RP4-756G23.5,not an HGNC former symbol,,224,0.4185898753573898,11128.838686801082,False
all_genes,RP11-458D21.1,not an HGNC former symbol,,203,0.3793470745426345,11101.936057835388,False
all_genes,RP11-162A12.2,not an HGNC former symbol,,186,0.3475790929306897,11082.753137228025,False
all_genes,RP11-557H15.3,not an HGNC former symbol,,181,0.3382355689271765,11073.505175530809,False
all_genes,SLFN12L,not an HGNC former symbol,,224,0.4185898753573898,10996.68845476375,False
all_genes,MRVI1,rescued,IRAG1,193,0.3606600265356082,10983.775965726603,False
all_genes,RP11-815M8.1,not an HGNC former symbol,,240,0.4484891521686319,10956.017401639292,False
all_genes,RP11-3J1.1,not an HGNC former symbol,,193,0.3606600265356082,10953.61949062024,False
all_genes,CYP17A1-AS1,not an HGNC former symbol,,205,0.3830844841440398,10919.201925044646,False
all_genes,FAM179A,rescued,TOGARAM2,201,0.3756096649412292,10816.523016438774,False
all_genes,FAM69C,rescued,DIPK1C,160,0.2989927681124213,10793.448868958256,False
all_genes,RP11-347C12.1,not an HGNC former symbol,,193,0.3606600265356082,10690.431428754684,False
all_genes,RP11-136K7.2,not an HGNC former symbol,,148,0.2765683105039897,10633.749540565184,False
all_genes,C1orf228,rescued,ARMH1,194,0.3625287313363108,10629.51195724439,False
all_genes,RP11-148L24.1,not an HGNC former symbol,,134,0.2504064432941528,10611.85762550724,False
all_genes,RP5-1024C24.1,not an HGNC former symbol,,196,0.3662661409377161,10610.558205658406,False
all_genes,FAM26D,rescued,CALHM4,164,0.3064675873152318,10592.942403637657,False
all_genes,RP11-387M24.5,not an HGNC former symbol,,217,0.4055089417524714,10562.242962357634,False
all_genes,RP11-266L9.5,not an HGNC former symbol,,189,0.3531852073327976,10541.711538308404,False
all_genes,AC008079.9,not an HGNC former symbol,,191,0.3569226169342029,10533.678247761383,False
all_genes,AC018766.4,not an HGNC former symbol,,197,0.3681348457384187,10514.300780063017,False
all_genes,CTD-2047H16.4,not an HGNC former symbol,,176,0.3288920449236634,10480.638436059602,False
all_genes,ANO1-AS2,rescued,LINC02584,140,0.2616186720983686,10420.151564727656,False
all_genes,CSTF3-AS1,rescued,CSTF3-DT,209,0.3905593033468503,10374.965579011196,False
all_genes,RP11-1277A3.3,not an HGNC former symbol,,194,0.3625287313363108,10328.616722028331,False
all_genes,C9orf47,rescued,S1PR3,181,0.3382355689271765,10211.438117691352,True
all_genes,RP11-88H9.2,not an HGNC former symbol,,206,0.3849531889447424,10196.585008534865,False
all_genes,DEC1,rescued,DELEC1,183,0.3419729785285818,10166.216056097392,False
all_genes,RP11-893F2.6,not an HGNC former symbol,,204,0.3812157793433371,10165.140618520383,False
all_genes,GATSL2,rescued,CASTOR2,181,0.3382355689271765,10157.783781486536,False
all_genes,RP11-245J9.4,not an HGNC former symbol,,194,0.3625287313363108,10157.371816307192,False
all_genes,HIST1H3E,rescued,H3C6,208,0.3886905985461477,10091.956401302094,False
all_genes,ANKRD20A4,rescued,ANKRD20A4P,173,0.3232859305215554,9953.77710415969,False
all_genes,AC005775.2,not an HGNC former symbol,,167,0.3120737017173397,9887.622852787168,False
all_genes,C9orf170,rescued,LINC02872,184,0.3438416833292844,9791.924750293369,False
all_genes,RP11-274H2.3,not an HGNC former symbol,,190,0.3550539121335002,9756.120124825531,False
all_genes,RP11-513G11.4,not an HGNC former symbol,,174,0.3251546353222581,9746.591020410324,False
all_genes,RP11-178C3.2,not an HGNC former symbol,,170,0.3176798161194476,9733.523299462702,False
all_genes,CTD-2245F17.3,not an HGNC former symbol,,184,0.3438416833292844,9725.492309326177,False
all_genes,AC006116.17,not an HGNC former symbol,,175,0.3270233401229607,9679.89979808328,False
all_genes,AC195454.1,not an HGNC former symbol,,111,0.2074262328779922,9672.134897164588,False
all_genes,RP11-190A12.8,not an HGNC former symbol,,178,0.3326294545250686,9672.023705150035,False
all_genes,RP4-710M16.2,not an HGNC former symbol,,182,0.3401042737278792,9663.622873194045,False
all_genes,RP11-545M17.1,not an HGNC former symbol,,176,0.3288920449236634,9658.25878242512,False
all_genes,RP11-138J23.1,not an HGNC former symbol,,186,0.3475790929306897,9602.71093067776,False
all_genes,TMEM35,rescued,TMEM35A,128,0.239194214489937,9551.919462882212,False
all_genes,RP11-78A19.3,not an HGNC former symbol,,167,0.3120737017173397,9497.34107891302,False
all_genes,FAM198A,rescued,GASK1A,162,0.3027301777138265,9490.373675043891,False
all_genes,RP11-267C16.1,not an HGNC former symbol,,148,0.2765683105039897,9380.976405880136,False
all_genes,HIST1H2BI,rescued,H2BC10,195,0.3643974361370134,9367.24087006554,False
all_genes,AC093375.1,not an HGNC former symbol,,165,0.3083362921159344,9344.102776089208,False
all_genes,RNU11,not an HGNC former symbol,,184,0.3438416833292844,9253.826979369656,False
all_genes,KIAA1024L,rescued,MINAR2,209,0.3905593033468503,9169.64796217236,False
all_genes,RP11-333I13.1,not an HGNC former symbol,,185,0.3457103881299871,9160.843246691731,False
all_genes,RP11-350G8.5,not an HGNC former symbol,,170,0.3176798161194476,9127.080283547442,False
all_genes,RP11-317P15.4,not an HGNC former symbol,,152,0.2840431297068002,9120.610744410327,False
all_genes,RP11-100N20.1,not an HGNC former symbol,,174,0.3251546353222581,9096.33054259722,False
all_genes,CTB-175E5.7,not an HGNC former symbol,,194,0.3625287313363108,9075.819960060726,False
all_genes,C9orf172,rescued,AJM1,196,0.3662661409377161,9055.772159788505,False
all_genes,CTB-40H15.4,not an HGNC former symbol,,165,0.3083362921159344,9052.43003239128,False
all_genes,RP11-465N4.5,not an HGNC former symbol,,183,0.3419729785285818,9051.287656646087,False
all_genes,C10orf107,rescued,CABCOCO1,144,0.2690934913011791,9022.90030580932,False
all_genes,AC016995.3,not an HGNC former symbol,,177,0.330760749724366,9006.117400383333,False
all_genes,AC092159.2,not an HGNC former symbol,,157,0.2933866537103134,8977.13302495705,False
all_genes,CECR6,rescued,TMEM121B,171,0.3195485209201502,8975.124158978977,False
all_genes,BZRAP1,rescued,TSPOAP1,156,0.2915179489096107,8939.989089207571,False
all_genes,RP11-269F19.2,not an HGNC former symbol,,188,0.351316502532095,8923.632909625558,False
all_genes,RP11-474D1.3,not an HGNC former symbol,,111,0.2074262328779922,8896.248094384884,False
all_genes,RP11-209D14.2,not an HGNC former symbol,,150,0.2803057201053949,8871.448109158078,False
all_genes,RP3-326I13.1,not an HGNC former symbol,,162,0.3027301777138265,8864.036385267487,False
all_genes,RP11-982M15.6,not an HGNC former symbol,,155,0.2896492441089081,8830.694803637325,False
all_genes,C11orf44,rescued,LINC02873,169,0.3158111113187449,8815.358038986384,False
all_genes,C9orf173,rescued,STPG3,141,0.2634873768990712,8680.45225065948,False
all_genes,C11orf88,rescued,HOATZ,76,0.1420215648534001,8654.894487548592,False
all_genes,SPERT,rescued,CBY2,196,0.3662661409377161,8625.198137845471,False
all_genes,ZMYM6NB,rescued,TMEM35B,174,0.3251546353222581,8610.858256488169,False
all_genes,CTD-2383M3.1,not an HGNC former symbol,,192,0.3587913217349055,8589.371806138977,False
all_genes,RP11-755B10.3,not an HGNC former symbol,,156,0.2915179489096107,8566.866332614685,False
all_genes,LINC00959,rescued,C10orf143,148,0.2765683105039897,8555.491064097823,False
all_genes,RP11-247A12.2,not an HGNC former symbol,,166,0.310204996916637,8500.14441421684,False
all_genes,ALS2CR12,rescued,FLACC1,160,0.2989927681124213,8492.250533441815,False
all_genes,RP11-21M24.2,not an HGNC former symbol,,171,0.3195485209201502,8474.840054330425,False
all_genes,AC005152.3,not an HGNC former symbol,,173,0.3232859305215554,8459.539053146835,False
all_genes,RP11-444D3.1,not an HGNC former symbol,,139,0.259749967297666,8410.428251985211,False
all_genes,RP11-354K1.1,not an HGNC former symbol,,153,0.2859118345075028,8398.766609486629,False
all_genes,RP11-121M22.1,not an HGNC former symbol,,163,0.3045988825145291,8396.356010193544,False
all_genes,RP11-353N14.2,not an HGNC former symbol,,162,0.3027301777138265,8370.968848510198,False
all_genes,RP11-856M7.6,not an HGNC former symbol,,220,0.4111150561545793,8339.56457179894,False
all_genes,RP11-504A18.1,not an HGNC former symbol,,157,0.2933866537103134,8268.742514527858,False
all_genes,CTC-232P5.1,not an HGNC former symbol,,155,0.2896492441089081,8244.928354655522,False
all_genes,AC093642.3,not an HGNC former symbol,,135,0.2522751480948554,8238.277937845407,False
all_genes,FIGF,rescued,VEGFD,135,0.2522751480948554,8237.233241768234,False
all_genes,CECR1,rescued,ADA2,109,0.203688823276587,8224.42932971473,False
all_genes,RP11-734I18.1,not an HGNC former symbol,,155,0.2896492441089081,8202.772285427505,False
all_genes,LINC00441,rescued,RB1-DT,152,0.2840431297068002,8197.198064574966,False
all_genes,RP11-519M16.1,not an HGNC former symbol,,160,0.2989927681124213,8192.87339558347,False
all_genes,RP1-118J21.5,not an HGNC former symbol,,151,0.2821744249060976,8185.224483619974,False
all_genes,AP000230.1,not an HGNC former symbol,,168,0.3139424065180423,8137.877796674575,False
all_genes,RP11-586D19.1,not an HGNC former symbol,,125,0.2335881000878291,8130.330102321589,False
all_genes,RP11-145G20.1,not an HGNC former symbol,,118,0.2205071664829107,8080.316878686968,False
all_genes,AC002429.5,not an HGNC former symbol,,108,0.2018201184758843,8048.458161737375,False
all_genes,AC013275.2,not an HGNC former symbol,,136,0.2541438528955581,8042.221653317685,False
all_genes,HIST1H2BE,rescued,H2BC6,159,0.2971240633117186,8026.655631667631,False
all_genes,RP11-77H9.8,not an HGNC former symbol,,153,0.2859118345075028,7985.449923719338,False
all_genes,FAM196A,rescued,INSYN2A,148,0.2765683105039897,7955.295283815669,False
all_genes,RP11-188P20.3,not an HGNC former symbol,,147,0.274699605703287,7938.046874996124,False
all_genes,AC116366.6,not an HGNC former symbol,,142,0.2653560816997738,7929.3594902104705,False
all_genes,RP11-219G17.4,not an HGNC former symbol,,138,0.2578812624969633,7920.201191703251,False
all_genes,RP11-492E3.51,not an HGNC former symbol,,171,0.3195485209201502,7915.72862819505,False
all_genes,CTD-2619J13.19,not an HGNC former symbol,,152,0.2840431297068002,7844.671258386868,False
all_genes,KIAA1683,rescued,IQCN,141,0.2634873768990712,7837.775117652092,False
all_genes,RP11-495P10.6,not an HGNC former symbol,,153,0.2859118345075028,7810.846662466967,False
all_genes,HIST1H4B,rescued,H4C2,156,0.2915179489096107,7771.303247487589,False
all_genes,RP13-631K18.2,not an HGNC former symbol,,137,0.2560125576962607,7754.87102676031,False
all_genes,RP11-318C24.2,not an HGNC former symbol,,136,0.2541438528955581,7705.386386254046,False
all_genes,RP11-274H24.1,not an HGNC former symbol,,169,0.3158111113187449,7678.071350660215,False
all_genes,RP11-131N11.4,not an HGNC former symbol,,148,0.2765683105039897,7663.847844640804,False
all_genes,AC007163.3,not an HGNC former symbol,,152,0.2840431297068002,7651.806725914167,False
all_genes,AC011738.4,not an HGNC former symbol,,153,0.2859118345075028,7650.65828748431,False
all_genes,CTC-523E23.4,not an HGNC former symbol,,165,0.3083362921159344,7636.010063264139,False
all_genes,CTD-2619J13.13,not an HGNC former symbol,,148,0.2765683105039897,7593.165332420251,False
all_genes,RP4-530I15.6,not an HGNC former symbol,,102,0.1906078896716685,7532.343330399206,False
all_genes,FAM159A,rescued,SHISAL2A,162,0.3027301777138265,7531.671886280325,False
all_genes,RP11-247A12.8,not an HGNC former symbol,,146,0.2728309009025844,7458.286004004894,False
all_genes,CTA-989H11.1,not an HGNC former symbol,,140,0.2616186720983686,7440.695597391339,False
all_genes,CTC-550B14.7,not an HGNC former symbol,,145,0.2709621961018817,7354.865159141181,False
all_genes,C6orf222,rescued,BNIP5,117,0.218638461682208,7199.171392900766,False
all_genes,WDR63,rescued,DNAI3,129,0.2410629192906396,7136.002611933534,False
all_genes,AC140542.2,not an HGNC former symbol,,70,0.1308093360491843,7048.281511479866,False
all_genes,RP11-713P17.3,not an HGNC former symbol,,130,0.2429316240913422,7032.954959915829,False
all_genes,CTD-2630F21.1,not an HGNC former symbol,,134,0.2504064432941528,7003.017239580958,False
all_genes,CTD-2026G6.3,not an HGNC former symbol,,114,0.2130323472801001,6983.3609112794,False
all_genes,C1orf101,rescued,CATSPERE,132,0.2466690336927475,6924.66091160807,False
all_genes,RP11-489D6.2,not an HGNC former symbol,,122,0.2279819856857212,6905.807341007555,False
all_genes,RP13-616I3.1,not an HGNC former symbol,,131,0.2448003288920449,6878.640012307647,False
all_genes,RP11-367G6.3,not an HGNC former symbol,,95,0.1775269560667501,6854.547788418856,False
all_genes,RP3-355L5.5,not an HGNC former symbol,,130,0.2429316240913422,6851.2396548554225,False
all_genes,RP11-319F12.2,not an HGNC former symbol,,150,0.2803057201053949,6833.4318019813145,False
all_genes,RP11-699A5.2,not an HGNC former symbol,,135,0.2522751480948554,6816.311339621864,False
all_genes,AC068831.6,not an HGNC former symbol,,124,0.2317193952871264,6767.606576169874,False
all_genes,RP11-567G11.1,not an HGNC former symbol,,157,0.2933866537103134,6757.515115454468,False
all_genes,RP5-1011O1.2,not an HGNC former symbol,,144,0.2690934913011791,6741.462111344289,False
all_genes,RP11-563J2.2,not an HGNC former symbol,,118,0.2205071664829107,6733.458565781576,False
all_genes,CTD-2534I21.8,not an HGNC former symbol,,114,0.2130323472801001,6706.4134832341915,False
all_genes,HIST1H2BM,rescued,H2BC14,123,0.2298506904864238,6693.814407878177,False
all_genes,RP11-115H18.1,not an HGNC former symbol,,125,0.2335881000878291,6648.867662496241,False
all_genes,RP11-544M22.8,not an HGNC former symbol,,144,0.2690934913011791,6623.295613494711,False
all_genes,RP11-955H22.1,not an HGNC former symbol,,120,0.2242445760843159,6590.533057227767,False
all_genes,CTC-338M12.6,not an HGNC former symbol,,135,0.2522751480948554,6553.245795589676,False
all_genes,RP11-1006G14.2,not an HGNC former symbol,,131,0.2448003288920449,6525.2716311111335,False
all_genes,RP1-122P22.2,not an HGNC former symbol,,118,0.2205071664829107,6482.517950825553,False
all_genes,RP4-737E23.2,not an HGNC former symbol,,112,0.2092949376786949,6473.980582734635,False
all_genes,RP11-77H9.6,not an HGNC former symbol,,117,0.218638461682208,6453.81937338493,False
all_genes,RP11-462G2.2,not an HGNC former symbol,,127,0.2373255096892343,6442.147891605335,False
all_genes,AC010890.1,not an HGNC former symbol,,90,0.1681834320632369,6429.710234225788,False
all_genes,LL22NC03-104C7.1,not an HGNC former symbol,,76,0.1420215648534001,6319.549205862899,False
all_genes,C1orf234,rescued,TEX46,119,0.2223758712836133,6302.23483294421,False
all_genes,RGAG1,rescued,RTL9,123,0.2298506904864238,6291.468183952478,False
all_genes,LL09NC01-251B2.3,not an HGNC former symbol,,144,0.2690934913011791,6287.4337609237045,False
all_genes,RP11-758P17.3,not an HGNC former symbol,,122,0.2279819856857212,6271.2484320831745,False
all_genes,RP11-126O1.5,not an HGNC former symbol,,135,0.2522751480948554,6260.641511011642,False
all_genes,CTD-2008P7.9,not an HGNC former symbol,,121,0.2261132808850185,6253.310455843341,False
all_genes,RP3-467K16.2,not an HGNC former symbol,,117,0.218638461682208,6211.114228773815,False
all_genes,RP11-61E11.2,not an HGNC former symbol,,99,0.1850017752695606,6202.076846686471,False
all_genes,FAM150A,rescued,ALKAL1,130,0.2429316240913422,6190.890966819616,False
all_genes,AP000476.1,not an HGNC former symbol,,114,0.2130323472801001,6155.549743758612,False
all_genes,RP11-699L21.1,not an HGNC former symbol,,115,0.2149010520808028,6149.940434763282,False
all_genes,AC023115.2,not an HGNC former symbol,,135,0.2522751480948554,6124.7073697326505,False
all_genes,LA16c-380H5.3,not an HGNC former symbol,,158,0.295255358511016,6121.888555432176,False
all_genes,PARK2,rescued,PRKN,107,0.1999514136751817,6120.576567672986,False
all_genes,AC004603.4,not an HGNC former symbol,,116,0.2167697568815054,6086.875436463912,False
all_genes,AE000662.93,not an HGNC former symbol,,122,0.2279819856857212,6083.006485802142,False
all_genes,FAM153B,not an HGNC former symbol,,112,0.2092949376786949,6058.939348493399,False
all_genes,CTD-2623N2.11,not an HGNC former symbol,,125,0.2335881000878291,5989.088878069777,False
all_genes,AC116366.5,not an HGNC former symbol,,124,0.2317193952871264,5933.174055224588,False
all_genes,RP11-494H4.3,not an HGNC former symbol,,103,0.1924765944723712,5924.708883395981,False
all_genes,AC009014.3,not an HGNC former symbol,,120,0.2242445760843159,5906.164538486328,False
all_genes,AP001626.1,not an HGNC former symbol,,114,0.2130323472801001,5896.200418911734,False
all_genes,RP11-347C12.10,not an HGNC former symbol,,135,0.2522751480948554,5892.42214417089,False
all_genes,RP5-1065P14.2,not an HGNC former symbol,,107,0.1999514136751817,5891.635886719873,False
all_genes,RP11-686G8.2,not an HGNC former symbol,,106,0.1980827088744791,5874.58538729328,False
all_genes,RP11-563K23.1,not an HGNC former symbol,,93,0.1737895464653448,5871.848067099258,False
all_genes,RP11-288L9.1,not an HGNC former symbol,,119,0.2223758712836133,5857.376194401081,False
all_genes,RP11-118K6.3,not an HGNC former symbol,,117,0.218638461682208,5850.954823886316,False
all_genes,IBA57-AS1,rescued,IBA57-DT,100,0.1868704800702633,5844.351264423509,False
all_genes,RP11-77H9.5,not an HGNC former symbol,,104,0.1943452992730738,5805.337843257263,False
all_genes,RP11-285E9.6,not an HGNC former symbol,,120,0.2242445760843159,5794.825862162532,False
all_genes,RP5-884C9.2,not an HGNC former symbol,,100,0.1868704800702633,5771.793327952162,False
all_genes,HIST2H3D,rescued,H3C13,108,0.2018201184758843,5762.544338185764,False
all_genes,AL450992.2,not an HGNC former symbol,,120,0.2242445760843159,5757.454281154522,False
all_genes,RP11-70C1.1,not an HGNC former symbol,,61,0.1139909928428606,5744.947593755552,False
all_genes,BSN-AS2,rescued,BSN-DT,102,0.1906078896716685,5724.520430845274,False
all_genes,RP3-496C20.1,not an HGNC former symbol,,100,0.1868704800702633,5681.71007727733,False
all_genes,ERVMER61-1,not an HGNC former symbol,,93,0.1737895464653448,5675.008269520498,False
all_genes,RP11-434B12.1,not an HGNC former symbol,,100,0.1868704800702633,5674.111659594853,False
all_genes,RP11-408H1.3,not an HGNC former symbol,,115,0.2149010520808028,5655.455522898061,False
all_genes,RP11-165J3.6,not an HGNC former symbol,,94,0.1756582512660475,5616.353762855344,False
all_genes,RP11-353K11.1,not an HGNC former symbol,,95,0.1775269560667501,5604.115275929362,False
all_genes,AP000344.3,not an HGNC former symbol,,110,0.2055575280772896,5603.320372248347,False
all_genes,SCARNA2,not an HGNC former symbol,,105,0.1962140040737764,5592.569135824706,False
all_genes,RP11-109J4.1,not an HGNC former symbol,,140,0.2616186720983686,5591.055829133947,False
all_genes,RP11-384O8.1,not an HGNC former symbol,,115,0.2149010520808028,5579.645897892615,False
all_genes,RP1-290I10.5,not an HGNC former symbol,,116,0.2167697568815054,5558.864689462099,False
all_genes,RP11-684B21.1,not an HGNC former symbol,,98,0.183133070468858,5547.164980452119,False
all_genes,CCDC114,rescued,ODAD1,106,0.1980827088744791,5486.695767605015,False
all_genes,LA16c-313D11.9,not an HGNC former symbol,,116,0.2167697568815054,5465.444670620383,False
all_genes,RP11-93K22.13,not an HGNC former symbol,,108,0.2018201184758843,5461.801009158941,False
all_genes,AC011718.2,not an HGNC former symbol,,104,0.1943452992730738,5440.796563269432,False
all_genes,RP11-602N24.3,not an HGNC former symbol,,102,0.1906078896716685,5437.671451876495,False
all_genes,RP11-549K20.1,not an HGNC former symbol,,115,0.2149010520808028,5427.605440942805,False
all_genes,RPL34-AS1,rescued,RPL34-DT,84,0.1569712032590211,5421.3663246316155,False
all_genes,RP11-429A20.4,not an HGNC former symbol,,81,0.1513650888569132,5401.259361942516,False
all_genes,AC093609.1,not an HGNC former symbol,,96,0.1793956608674527,5401.127212162757,False
all_genes,RP11-474D1.2,not an HGNC former symbol,,106,0.1980827088744791,5387.041566219063,False
all_genes,RP11-343H19.1,not an HGNC former symbol,,85,0.1588399080597238,5370.978984911289,False
all_genes,HIST1H4K,rescued,H4C12,103,0.1924765944723712,5361.010237203369,False
all_genes,RP11-255G12.3,not an HGNC former symbol,,115,0.2149010520808028,5345.320901249078,False
all_genes,RP3-486I3.7,not an HGNC former symbol,,99,0.1850017752695606,5323.234154791575,False
all_genes,RP11-773H22.4,not an HGNC former symbol,,93,0.1737895464653448,5322.287406848796,False
all_genes,TBC1D29,rescued,TBC1D29P,102,0.1906078896716685,5315.364484995862,False
all_genes,RP11-380D23.2,not an HGNC former symbol,,103,0.1924765944723712,5314.539236736603,False
all_genes,ZRSR1,rescued,ZRSR2P1,104,0.1943452992730738,5269.629384109656,False
all_genes,CTD-2521M24.5,not an HGNC former symbol,,89,0.1663147272625343,5226.104500398323,False
all_genes,DDR1-AS1,rescued,DDR1-DT,106,0.1980827088744791,5222.480360589801,False
all_genes,CTD-2562J15.6,not an HGNC former symbol,,97,0.1812643656681554,5166.520288209264,False
all_genes,AC079767.4,not an HGNC former symbol,,110,0.2055575280772896,5119.537424727715,False
all_genes,RP11-254I22.1,not an HGNC former symbol,,114,0.2130323472801001,5045.9243552798935,False
all_genes,AC073342.12,not an HGNC former symbol,,80,0.1494963840562106,4993.483988223365,False
all_genes,RP11-326A19.4,not an HGNC former symbol,,86,0.1607086128604264,4987.89754313384,False
all_genes,XXbac-BPG154L12.4,not an HGNC former symbol,,105,0.1962140040737764,4987.500771711939,False
all_genes,RP11-260O18.1,not an HGNC former symbol,,97,0.1812643656681554,4928.82177142382,False
all_genes,MIR3180-4,not an HGNC former symbol,,91,0.1700521368639396,4924.326728973175,False
all_genes,RP11-148O21.6,not an HGNC former symbol,,89,0.1663147272625343,4919.160974479593,False
all_genes,C2orf27B,rescued,CDRT15P3,114,0.2130323472801001,4897.747324051051,False
all_genes,PTCHD2,rescued,DISP3,73,0.1364154504512922,4879.243836241735,False
all_genes,FAM231D,not an HGNC former symbol,,134,0.2504064432941528,4868.521483140123,False
all_genes,LA16c-444G7.2,not an HGNC former symbol,,87,0.162577317661129,4860.346812483141,False
all_genes,RP11-575F12.1,not an HGNC former symbol,,89,0.1663147272625343,4807.530522321895,False
all_genes,RP1-111C20.4,not an HGNC former symbol,,112,0.2092949376786949,4793.1778261855,False
all_genes,AC020594.5,not an HGNC former symbol,,84,0.1569712032590211,4738.682560069091,False
all_genes,RP11-867G2.6,not an HGNC former symbol,,108,0.2018201184758843,4721.278799387688,False
all_genes,CTB-12O2.1,not an HGNC former symbol,,69,0.1289406312484816,4716.255762798625,False
all_genes,RP11-968A15.2,not an HGNC former symbol,,85,0.1588399080597238,4654.938499636535,False
all_genes,AC109333.10,not an HGNC former symbol,,87,0.162577317661129,4601.4363759588505,False
all_genes,DDX26B-AS1,rescued,INTS6L-AS1,79,0.147627679255508,4571.52770664119,False
all_genes,CTC-350I8.1,not an HGNC former symbol,,74,0.1382841552519948,4538.4942411072325,False
all_genes,RP5-866L20.1,not an HGNC former symbol,,93,0.1737895464653448,4532.951645155177,False
all_genes,RP3-388M5.9,not an HGNC former symbol,,84,0.1569712032590211,4516.001529392547,False
all_genes,RP11-347E10.1,not an HGNC former symbol,,67,0.1252032216470764,4483.2154760583035,False
all_genes,RP11-138I17.1,not an HGNC former symbol,,84,0.1569712032590211,4470.46382347645,False
all_genes,HIST1H2BB,rescued,H2BC3,77,0.1438902696541027,4435.893217051394,False
all_genes,RP11-290F5.2,not an HGNC former symbol,,78,0.1457589744548053,4410.222144522123,False
all_genes,RP11-305L7.6,not an HGNC former symbol,,99,0.1850017752695606,4393.640217820051,False
all_genes,CTC-487M23.5,not an HGNC former symbol,,70,0.1308093360491843,4360.753514749564,False
all_genes,AC078941.1,not an HGNC former symbol,,84,0.1569712032590211,4349.739291381189,False
all_genes,RP11-428K3.1,not an HGNC former symbol,,86,0.1607086128604264,4346.11530935152,False
all_genes,RP11-341N2.1,not an HGNC former symbol,,86,0.1607086128604264,4273.952342603954,False
all_genes,RP11-524C21.2,not an HGNC former symbol,,78,0.1457589744548053,4260.0005244139165,False
all_genes,RP11-431K24.3,not an HGNC former symbol,,81,0.1513650888569132,4256.728943701396,False
all_genes,AC005534.8,not an HGNC former symbol,,81,0.1513650888569132,4253.2026574995425,False
all_genes,AC083949.1,not an HGNC former symbol,,78,0.1457589744548053,4232.434391784933,False
all_genes,RNF219-AS1,rescued,OBI1-AS1,71,0.1326780408498869,4134.507590713105,False
all_genes,RP11-159F24.6,not an HGNC former symbol,,105,0.1962140040737764,4133.398048578163,False
all_genes,CTD-2154B17.4,not an HGNC former symbol,,77,0.1438902696541027,4126.025835938042,False
all_genes,FAM19A4,rescued,TAFA4,92,0.1719208416646422,4116.60186539154,False
all_genes,AC004221.2,not an HGNC former symbol,,89,0.1663147272625343,4108.5172921476715,False
all_genes,AC141928.1,not an HGNC former symbol,,71,0.1326780408498869,4068.01412214183,False
all_genes,CTD-2527I21.7,not an HGNC former symbol,,83,0.1551024984583185,4066.75474978226,False
all_genes,RP5-1063M23.2,not an HGNC former symbol,,91,0.1700521368639396,4058.5588885997095,False
all_genes,RP11-524D16__A.3,not an HGNC former symbol,,79,0.147627679255508,4052.664918745764,False
all_genes,AF146191.4,not an HGNC former symbol,,73,0.1364154504512922,4037.592586701631,False
all_genes,AC064834.2,not an HGNC former symbol,,83,0.1551024984583185,4026.311873142912,False
all_genes,CTD-2235C13.3,not an HGNC former symbol,,64,0.1195971072449685,4023.748388194202,False
all_genes,AL035610.2,not an HGNC former symbol,,58,0.1083848784407527,4015.556250663851,False
all_genes,RP11-554A11.9,not an HGNC former symbol,,69,0.1289406312484816,4003.677263120988,False
all_genes,RP11-143A12.3,not an HGNC former symbol,,55,0.1027787640386448,3968.2327995441497,False
all_genes,AC005264.2,not an HGNC former symbol,,79,0.147627679255508,3950.374931174837,False
all_genes,RP5-952N6.1,not an HGNC former symbol,,65,0.1214658120456711,3911.7668554481943,False
all_genes,PCAT2,not an HGNC former symbol,,73,0.1364154504512922,3901.92811029004,False
all_genes,RP11-79H23.3,not an HGNC former symbol,,73,0.1364154504512922,3872.719350023716,False
all_genes,AC015691.13,not an HGNC former symbol,,75,0.1401528600526974,3864.7866610982646,False
all_genes,ANKRD20A3,rescued,ANKRD20A3P,72,0.1345467456505895,3854.2080650509606,False
all_genes,AC019181.2,not an HGNC former symbol,,61,0.1139909928428606,3830.6153009500354,False
all_genes,RP11-222K16.1,not an HGNC former symbol,,69,0.1289406312484816,3803.74918968611,False
all_genes,RP11-372M18.2,not an HGNC former symbol,,86,0.1607086128604264,3769.564403908435,False
all_genes,RP11-689K5.3,not an HGNC former symbol,,77,0.1438902696541027,3768.773948991844,False
all_genes,AP001058.3,not an HGNC former symbol,,71,0.1326780408498869,3760.234942722552,False
all_genes,AC007364.1,not an HGNC former symbol,,90,0.1681834320632369,3758.576856353443,False
all_genes,LRRC16B,rescued,CARMIL3,68,0.127071926447779,3752.064623343729,False
all_genes,AC008074.3,not an HGNC former symbol,,70,0.1308093360491843,3709.319723877086,False
all_genes,FAM129C,rescued,NIBAN3,78,0.1457589744548053,3709.309777065781,False
all_genes,GS1-120K12.4,not an HGNC former symbol,,81,0.1513650888569132,3701.26078599561,False
all_genes,RP11-517C16.2,not an HGNC former symbol,,74,0.1382841552519948,3694.8671352604465,False
all_genes,C10orf126,not an HGNC former symbol,,72,0.1345467456505895,3670.6147129770657,False
all_genes,RP11-559M23.1,not an HGNC former symbol,,73,0.1364154504512922,3667.674131496629,False
all_genes,CCDC39,not an HGNC former symbol,,76,0.1420215648534001,3655.2818354680576,False
all_genes,RP11-455F5.5,not an HGNC former symbol,,71,0.1326780408498869,3633.6759635022167,False
all_genes,ITPR1-AS1,rescued,ITPR1-DT,76,0.1420215648534001,3575.721487079095,False
all_genes,RP11-540E16.2,not an HGNC former symbol,,48,0.0896978304337263,3573.7794287820197,False
all_genes,Z83844.1,not an HGNC former symbol,,69,0.1289406312484816,3548.1057839100777,False
all_genes,RP11-275I14.4,not an HGNC former symbol,,68,0.127071926447779,3525.534149908061,False
all_genes,CTD-2568P8.1,not an HGNC former symbol,,62,0.1158596976435632,3520.788742040723,False
all_genes,AC104654.1,not an HGNC former symbol,,66,0.1233345168463737,3498.7955554553373,False
all_genes,RP11-158M2.5,not an HGNC former symbol,,64,0.1195971072449685,3492.667899581933,False
all_genes,RP1-50J22.4,not an HGNC former symbol,,80,0.1494963840562106,3481.5665434727234,False
all_genes,GDF5OS,rescued,GDF5-AS1,53,0.0990413544372395,3475.784461666748,False
all_genes,AC016582.2,not an HGNC former symbol,,70,0.1308093360491843,3470.4387024953776,False
all_genes,RP11-4K16.2,not an HGNC former symbol,,79,0.147627679255508,3453.660378612962,False
all_genes,RP5-902P8.10,not an HGNC former symbol,,56,0.1046474688393474,3451.720826000462,False
all_genes,PAK7,rescued,PAK5,55,0.1027787640386448,3442.7408899560014,False
all_genes,RP11-982M15.8,not an HGNC former symbol,,62,0.1158596976435632,3439.7043532511043,False
all_genes,AC109642.1,not an HGNC former symbol,,88,0.1644460224618317,3419.101814194594,False
all_genes,RP11-340E6.1,not an HGNC former symbol,,63,0.1177284024442658,3411.691983077886,False
all_genes,AP001059.5,not an HGNC former symbol,,54,0.1009100592379421,3397.7342085165496,False
all_genes,RP11-572C15.5,not an HGNC former symbol,,58,0.1083848784407527,3382.605030636627,False
all_genes,RP1-148H17.1,not an HGNC former symbol,,70,0.1308093360491843,3346.9740186843255,False
all_genes,AC005301.8,not an HGNC former symbol,,56,0.1046474688393474,3337.4054988117027,False
all_genes,RP11-644K8.1,not an HGNC former symbol,,68,0.127071926447779,3329.994195658942,False
all_genes,AL162759.1,not an HGNC former symbol,,70,0.1308093360491843,3324.2984049649795,False
all_genes,OCLM,not an HGNC former symbol,,56,0.1046474688393474,3312.1250599082377,False
all_genes,RP11-566K11.5,not an HGNC former symbol,,61,0.1139909928428606,3308.541193970264,False
all_genes,RP11-352G9.1,not an HGNC former symbol,,71,0.1326780408498869,3306.061972052875,False
all_genes,AP000295.10,not an HGNC former symbol,,71,0.1326780408498869,3295.086862986578,False
all_genes,RP11-166B2.8,not an HGNC former symbol,,51,0.0953039448358342,3287.56339314681,False
all_genes,RP11-766F14.2,not an HGNC former symbol,,49,0.091566535234429,3278.626701562754,False
all_genes,RP11-215E13.1,not an HGNC former symbol,,66,0.1233345168463737,3257.8599854143413,False
all_genes,RP11-353N14.4,not an HGNC former symbol,,68,0.127071926447779,3223.249688697959,False
all_genes,MGC39584,not an HGNC former symbol,,54,0.1009100592379421,3199.341995284918,False
all_genes,RP11-2B6.3,not an HGNC former symbol,,64,0.1195971072449685,3198.964246058514,False
all_genes,RP11-348J24.2,not an HGNC former symbol,,56,0.1046474688393474,3193.2854172909847,False
all_genes,RP1-92O14.6,not an HGNC former symbol,,58,0.1083848784407527,3164.4469233463624,False
all_genes,AC092415.1,not an HGNC former symbol,,59,0.1102535832414553,3145.482749827753,False
all_genes,RP11-766N7.3,not an HGNC former symbol,,47,0.0878291256330237,3144.767099309227,False
all_genes,RP11-243A14.1,not an HGNC former symbol,,60,0.1121222880421579,3141.5625709908763,False
all_genes,CTB-11I22.2,not an HGNC former symbol,,69,0.1289406312484816,3126.716398987911,False
all_genes,RP3-473B4.3,not an HGNC former symbol,,67,0.1252032216470764,3106.551296442047,False
all_genes,RP11-105C19.1,not an HGNC former symbol,,57,0.10651617364005,3094.0984466605623,False
all_genes,RP11-127B16.1,not an HGNC former symbol,,69,0.1289406312484816,3087.0005691663296,False
all_genes,RP11-495P10.1,not an HGNC former symbol,,72,0.1345467456505895,3080.6764984609854,False
all_genes,LINC00202-1,rescued,FAM238C,57,0.10651617364005,3077.254831647018,False
all_genes,C8orf22,rescued,PPDPFL,69,0.1289406312484816,3076.5026645067132,False
all_genes,RP1-151F17.1,not an HGNC former symbol,,65,0.1214658120456711,3045.217751352515,False
all_genes,AC104820.2,not an HGNC former symbol,,60,0.1121222880421579,3043.391554347525,False
all_genes,AP000439.3,not an HGNC former symbol,,46,0.0859604208323211,3035.190966446993,False
all_genes,RP11-204L24.2,not an HGNC former symbol,,58,0.1083848784407527,3018.8969104450775,False
all_genes,RP5-1051H14.2,not an HGNC former symbol,,60,0.1121222880421579,3013.235104278713,False
all_genes,RP1-224A6.9,not an HGNC former symbol,,52,0.0971726496365369,3010.3351589585873,False
all_genes,CTC-338M12.2,not an HGNC former symbol,,59,0.1102535832414553,2998.525017840155,False
all_genes,RP11-1379J22.2,not an HGNC former symbol,,63,0.1177284024442658,2996.986339590091,False
all_genes,RP11-745C15.2,not an HGNC former symbol,,46,0.0859604208323211,2989.2899642982215,False
all_genes,LINC00977,not an HGNC former symbol,,30,0.0560611440210789,2981.5106788796093,False
all_genes,CLLU1OS,rescued,CLLU1-AS1,54,0.1009100592379421,2968.265496146284,False
all_genes,AC005624.2,not an HGNC former symbol,,68,0.127071926447779,2963.133196185846,False
all_genes,C10orf113,rescued,NEBL,45,0.0840917160316184,2931.700073227947,True
all_genes,RP11-83M16.5,not an HGNC former symbol,,67,0.1252032216470764,2928.419269264791,False
all_genes,RP11-180P8.3,not an HGNC former symbol,,56,0.1046474688393474,2916.741049578062,False
all_genes,TMEM56-RWDD3,rescued,TLCD4-RWDD3,81,0.1513650888569132,2887.9843569206178,False
all_genes,RP1-90J4.1,not an HGNC former symbol,,52,0.0971726496365369,2881.3523948168818,False
all_genes,RP11-184E9.1,not an HGNC former symbol,,60,0.1121222880421579,2849.930456406706,False
all_genes,HIST1H4L,rescued,H4C13,59,0.1102535832414553,2836.35279141449,False
all_genes,LINC00444,rescued,SUCLA2,44,0.0822230112309158,2834.2966393588813,True
all_genes,RP5-1050D4.4,not an HGNC former symbol,,54,0.1009100592379421,2829.9192990506053,False
all_genes,AL928742.12,not an HGNC former symbol,,54,0.1009100592379421,2827.8147515247324,False
all_genes,RP3-473L9.4,not an HGNC former symbol,,57,0.10651617364005,2822.530393604989,False
all_genes,RP11-399E6.4,not an HGNC former symbol,,62,0.1158596976435632,2817.882286579896,False
all_genes,CTD-2023N9.3,not an HGNC former symbol,,39,0.0728794872274026,2817.5825405301393,False
all_genes,C1orf95,rescued,STUM,52,0.0971726496365369,2817.293074939452,False
all_genes,RP1-34H18.1,not an HGNC former symbol,,50,0.0934352400351316,2808.47419242344,False
all_genes,RP11-353N14.5,not an HGNC former symbol,,56,0.1046474688393474,2775.144588302928,False
all_genes,RP11-793H13.10,not an HGNC former symbol,,60,0.1121222880421579,2772.505153799494,False
all_genes,RP11-327I22.5,not an HGNC former symbol,,48,0.0896978304337263,2733.857089353064,False
all_genes,RP11-408B11.2,not an HGNC former symbol,,58,0.1083848784407527,2720.254761198099,False
all_genes,RP11-336A10.4,not an HGNC former symbol,,69,0.1289406312484816,2708.8691577520276,False
all_genes,RP11-451G4.2,not an HGNC former symbol,,53,0.0990413544372395,2691.946547095278,False
all_genes,RP13-614K11.2,not an HGNC former symbol,,43,0.0803543064302132,2684.9463461313417,False
all_genes,RP11-15B17.1,not an HGNC former symbol,,40,0.0747481920281053,2682.018470543778,False
all_genes,AC005042.4,not an HGNC former symbol,,49,0.091566535234429,2665.376669346725,False
all_genes,RP1-302G2.5,not an HGNC former symbol,,42,0.0784856016295105,2654.209656955395,False
all_genes,RP11-449D8.1,not an HGNC former symbol,,29,0.0541924392203763,2648.5655212241127,False
all_genes,DGCR9,"renamed, current symbol also absent",DGCR5,44,0.0822230112309158,2637.4946812498433,True
all_genes,RP5-942I16.1,not an HGNC former symbol,,48,0.0896978304337263,2636.532764742367,False
all_genes,RP11-7F17.5,not an HGNC former symbol,,46,0.0859604208323211,2636.00137132901,False
all_genes,AC091878.1,not an HGNC former symbol,,49,0.091566535234429,2631.9971530413177,False
all_genes,RP5-1071N3.1,not an HGNC former symbol,,47,0.0878291256330237,2621.9289471465163,False
all_genes,AC124944.3,not an HGNC former symbol,,44,0.0822230112309158,2615.681830620003,False
all_genes,AC090505.4,not an HGNC former symbol,,50,0.0934352400351316,2613.740049075717,False
all_genes,RP11-63L7.5,not an HGNC former symbol,,41,0.0766168968288079,2592.811797570862,False
all_genes,CTC-436P18.1,not an HGNC former symbol,,43,0.0803543064302132,2591.025689505881,False
all_genes,RP11-85L21.4,not an HGNC former symbol,,37,0.0691420776259974,2579.5010717651503,False
all_genes,AC079354.3,not an HGNC former symbol,,54,0.1009100592379421,2535.4432670941205,False
all_genes,TMEM110-MUSTN1,rescued,STIMATE-MUSTN1,52,0.0971726496365369,2507.80793962351,False
all_genes,RP11-32K4.1,not an HGNC former symbol,,50,0.0934352400351316,2495.2807711978667,False
all_genes,RP11-757G1.6,not an HGNC former symbol,,46,0.0859604208323211,2487.3180340837553,False
all_genes,HIST1H4F,rescued,H4C6,41,0.0766168968288079,2467.6639907961276,False
all_genes,RP11-673P17.4,not an HGNC former symbol,,47,0.0878291256330237,2462.888935125102,False
all_genes,LINC00908,not an HGNC former symbol,,47,0.0878291256330237,2450.5978419471994,False
all_genes,RP1-90G24.6,not an HGNC former symbol,,33,0.0616672584231868,2450.3364962390897,False
all_genes,RP11-290F5.1,not an HGNC former symbol,,52,0.0971726496365369,2431.545261504035,False
all_genes,RP11-108K3.1,not an HGNC former symbol,,49,0.091566535234429,2390.33477726532,False
all_genes,RP11-703G6.1,not an HGNC former symbol,,43,0.0803543064302132,2380.2599757298813,False
all_genes,EIF2B5-AS1,rescued,LINC01840,47,0.0878291256330237,2368.810671088318,False
all_genes,RP11-693J15.5,not an HGNC former symbol,,36,0.0672733728252947,2365.4785677588316,False
all_genes,AC007285.6,not an HGNC former symbol,,46,0.0859604208323211,2338.2443386650625,False
all_genes,AC064834.3,not an HGNC former symbol,,35,0.0654046680245921,2337.68556645823,False
all_genes,RP11-120C12.3,not an HGNC former symbol,,39,0.0728794872274026,2335.165193614412,False
all_genes,AP001055.6,not an HGNC former symbol,,45,0.0840917160316184,2331.3791472953967,False
all_genes,C20orf166-AS1,"renamed, current symbol also absent",CRMA,42,0.0784856016295105,2330.7462541610967,False
all_genes,RP11-38L15.8,not an HGNC former symbol,,47,0.0878291256330237,2326.0871267966404,False
all_genes,RP11-386I8.6,not an HGNC former symbol,,39,0.0728794872274026,2319.2983706041305,False
all_genes,RP11-540K16.1,not an HGNC former symbol,,44,0.0822230112309158,2309.840082348565,False
all_genes,AP000442.4,not an HGNC former symbol,,40,0.0747481920281053,2277.962399144001,False
all_genes,LINC00484,not an HGNC former symbol,,43,0.0803543064302132,2268.1714379695713,False
all_genes,RP11-217B7.3,not an HGNC former symbol,,47,0.0878291256330237,2259.426732555019,False
all_genes,AC073657.1,not an HGNC former symbol,,41,0.0766168968288079,2258.7486040777235,False
all_genes,RP3-400B16.1,not an HGNC former symbol,,46,0.0859604208323211,2246.7579782858807,False
all_genes,RP11-453A12.1,not an HGNC former symbol,,43,0.0803543064302132,2242.377250692438,False
all_genes,CTD-2507G9.1,not an HGNC former symbol,,40,0.0747481920281053,2238.261874266104,False
all_genes,CTB-133G6.2,not an HGNC former symbol,,48,0.0896978304337263,2231.8185408985737,False
all_genes,XXbac-BPG27H4.8,not an HGNC former symbol,,54,0.1009100592379421,2225.024302878539,False
all_genes,RP11-276E17.2,not an HGNC former symbol,,42,0.0784856016295105,2219.3456951314547,False
all_genes,RP11-16N2.1,not an HGNC former symbol,,37,0.0691420776259974,2208.088112210654,False
all_genes,AC113617.1,not an HGNC former symbol,,46,0.0859604208323211,2203.6869378910874,False
all_genes,RP11-355N15.1,not an HGNC former symbol,,50,0.0934352400351316,2189.93407641607,False
all_genes,RP11-122K13.12,not an HGNC former symbol,,45,0.0840917160316184,2172.7735263747245,False
all_genes,AC008753.6,not an HGNC former symbol,,39,0.0728794872274026,2167.516949025675,False
all_genes,RP11-138I18.1,not an HGNC former symbol,,43,0.0803543064302132,2165.821370833271,False
all_genes,RP4-663N10.1,not an HGNC former symbol,,33,0.0616672584231868,2149.2341082528505,False
all_genes,RP11-103H7.5,not an HGNC former symbol,,43,0.0803543064302132,2144.669842271632,False
all_genes,CTD-2130F23.2,not an HGNC former symbol,,35,0.0654046680245921,2142.53972844186,False
all_genes,AL022476.2,not an HGNC former symbol,,55,0.1027787640386448,2136.422654751401,False
all_genes,CTD-2201I18.1,not an HGNC former symbol,,41,0.0766168968288079,2134.5418528557343,False
all_genes,RP11-245G13.2,not an HGNC former symbol,,48,0.0896978304337263,2108.18239936147,False
all_genes,RP11-10N16.2,not an HGNC former symbol,,44,0.0822230112309158,2102.637088667838,False
all_genes,AP001065.15,not an HGNC former symbol,,35,0.0654046680245921,2095.2939065248147,False
all_genes,RP11-619A14.3,not an HGNC former symbol,,45,0.0840917160316184,2076.0837165958123,False
all_genes,AC131097.4,not an HGNC former symbol,,33,0.0616672584231868,2073.328985982561,False
all_genes,RP4-760C5.5,not an HGNC former symbol,,42,0.0784856016295105,2063.8575956886625,False
all_genes,CTC-548K16.2,not an HGNC former symbol,,35,0.0654046680245921,2063.3306972816636,False
all_genes,RP11-309L24.4,not an HGNC former symbol,,43,0.0803543064302132,2063.169820922739,False
all_genes,CTA-397H3.3,not an HGNC former symbol,,43,0.0803543064302132,2043.4983705063548,False
all_genes,RP11-705O24.1,not an HGNC former symbol,,35,0.0654046680245921,2043.036667180173,False
all_genes,RP1-69M21.2,not an HGNC former symbol,,29,0.0541924392203763,2028.2298731836513,False
all_genes,RP4-758J18.10,not an HGNC former symbol,,32,0.0597985536224842,2026.149421639661,False
all_genes,MIR3179-1,not an HGNC former symbol,,39,0.0728794872274026,2000.0320034785304,False
all_genes,RP11-76I14.1,not an HGNC former symbol,,40,0.0747481920281053,1985.366631438784,False
all_genes,RP11-807H17.1,not an HGNC former symbol,,35,0.0654046680245921,1982.893928187256,False
all_genes,RP11-61J19.2,not an HGNC former symbol,,35,0.0654046680245921,1956.992627006147,False
all_genes,CTD-2037L6.2,not an HGNC former symbol,,46,0.0859604208323211,1934.5139712680968,False
all_genes,RP11-61I13.3,not an HGNC former symbol,,33,0.0616672584231868,1920.168768345024,False
all_genes,RP11-19O2.1,not an HGNC former symbol,,39,0.0728794872274026,1911.682041292553,False
all_genes,CTD-2215E18.1,not an HGNC former symbol,,41,0.0766168968288079,1908.8961058841064,False
all_genes,MLK7-AS1,rescued,MAP3K20-AS1,43,0.0803543064302132,1903.5415134136829,False
all_genes,RP11-283I3.2,not an HGNC former symbol,,31,0.0579298488217816,1898.4542550458723,False
all_genes,AC098823.3,not an HGNC former symbol,,40,0.0747481920281053,1887.6864847103895,False
all_genes,AC004549.6,not an HGNC former symbol,,32,0.0597985536224842,1881.6619933518937,False
all_genes,C6orf25,rescued,MPIG6B,40,0.0747481920281053,1870.4357907420103,False
all_genes,RP11-54A4.2,not an HGNC former symbol,,36,0.0672733728252947,1870.141831847846,False
all_genes,RP11-1082L8.4,not an HGNC former symbol,,29,0.0541924392203763,1869.1607479165975,False
all_genes,ATP5J2-PTCD1,rescued,ATP5MF-PTCD1,38,0.0710107824267,1862.012953348781,False
all_genes,RP11-159H22.2,not an HGNC former symbol,,34,0.0635359632238895,1859.116713826778,False
all_genes,RP1-20B21.4,not an HGNC former symbol,,45,0.0840917160316184,1857.1602219164904,False
all_genes,MIRLET7DHG,rescued,LINC02603,28,0.0523237344196737,1847.595774876664,False
all_genes,H2BFWT,rescued,H2BW1,40,0.0747481920281053,1839.505734899501,False
all_genes,RP11-295K2.3,not an HGNC former symbol,,25,0.0467176200175658,1831.233592407188,False
all_genes,XXyac-YX155B6.5,not an HGNC former symbol,,27,0.050455029618971,1825.464278704303,False
all_genes,RP11-345P4.7,not an HGNC former symbol,,34,0.0635359632238895,1814.3758093879796,False
all_genes,RP11-272L13.3,not an HGNC former symbol,,28,0.0523237344196737,1811.5905695704564,False
all_genes,RP11-303E16.3,not an HGNC former symbol,,38,0.0710107824267,1804.9204349038896,False
all_genes,RP11-1018N14.1,not an HGNC former symbol,,45,0.0840917160316184,1804.1637398269552,False
all_genes,SEPT14,rescued,SEPTIN14,33,0.0616672584231868,1802.842131851128,False
all_genes,RP4-529N6.1,not an HGNC former symbol,,19,0.03550539121335,1782.64152669311,False
all_genes,RP11-309N24.1,not an HGNC former symbol,,16,0.0298992768112421,1774.8098963674563,False
all_genes,RP11-61E11.1,not an HGNC former symbol,,30,0.0560611440210789,1771.6093672011552,False
all_genes,CTD-2509G16.2,not an HGNC former symbol,,37,0.0691420776259974,1761.618574407482,False
all_genes,RP11-576D8.4,not an HGNC former symbol,,37,0.0691420776259974,1748.5539406192456,False
all_genes,CXorf36,rescued,DIPK2B,26,0.0485863248182684,1745.327121230243,False
all_genes,LINC01032,"renamed, current symbol also absent",RGS2-AS1,27,0.050455029618971,1738.171080231036,False
all_genes,RP11-327F22.2,not an HGNC former symbol,,40,0.0747481920281053,1725.8346347656498,False
all_genes,RP11-392O17.1,not an HGNC former symbol,,30,0.0560611440210789,1721.2140339628604,False
all_genes,CTD-2023M8.1,not an HGNC former symbol,,33,0.0616672584231868,1717.5199022839688,False
all_genes,H2BFM,rescued,H2BW2,38,0.0710107824267,1710.6968825517888,False
all_genes,CTB-127C13.1,not an HGNC former symbol,,35,0.0654046680245921,1709.2610137225984,False
all_genes,RP11-505K9.4,not an HGNC former symbol,,38,0.0710107824267,1700.5592593609233,False
all_genes,KCNC4-AS1,"renamed, current symbol also absent",KCNC4-DT,36,0.0672733728252947,1697.1439051915902,False
all_genes,PIH1D3,rescued,DNAAF6,18,0.0336366864126473,1696.7719494526157,False
all_genes,RP11-43N5.1,not an HGNC former symbol,,24,0.0448489152168631,1689.5770436846958,False
all_genes,RP11-665I14.1,not an HGNC former symbol,,32,0.0597985536224842,1687.6770952292725,False
all_genes,RP11-429J17.8,not an HGNC former symbol,,42,0.0784856016295105,1678.103185640398,False
all_genes,RP4-591N18.2,not an HGNC former symbol,,28,0.0523237344196737,1674.3983780176954,False
all_genes,RP11-160H22.3,not an HGNC former symbol,,30,0.0560611440210789,1673.8984505137453,False
all_genes,RP5-1115A15.1,not an HGNC former symbol,,31,0.0579298488217816,1663.2280225233646,False
all_genes,EPB41L4A-AS2,rescued,EPB41L4A-DT,29,0.0541924392203763,1643.0684724249022,False
all_genes,RP11-243J16.7,not an HGNC former symbol,,31,0.0579298488217816,1638.827326777153,False
all_genes,AC092652.1,not an HGNC former symbol,,16,0.0298992768112421,1623.8689472626916,False
all_genes,RP11-93I21.3,not an HGNC former symbol,,34,0.0635359632238895,1618.4922807535809,False
all_genes,RP3-461P17.10,not an HGNC former symbol,,33,0.0616672584231868,1607.2905594440372,False
all_genes,AC108004.2,not an HGNC former symbol,,30,0.0560611440210789,1601.013890597697,False
all_genes,C6orf10,rescued,TSBP1,33,0.0616672584231868,1600.9585937129368,False
all_genes,RP11-285F16.1,not an HGNC former symbol,,28,0.0523237344196737,1598.7768982473776,False
all_genes,AC006004.1,not an HGNC former symbol,,22,0.0411115056154579,1590.9717195816445,False
all_genes,RP11-242J7.1,not an HGNC former symbol,,30,0.0560611440210789,1563.818586614486,False
all_genes,SEPT12,rescued,SEPTIN12,35,0.0654046680245921,1556.3832573260795,False
all_genes,CTD-3035D6.2,not an HGNC former symbol,,36,0.0672733728252947,1548.5749713781493,False
all_genes,RP11-636O21.1,not an HGNC former symbol,,30,0.0560611440210789,1534.0519295216727,False
all_genes,CTD-2231H16.1,not an HGNC former symbol,,33,0.0616672584231868,1532.1827939697755,False
all_genes,RP11-1090M7.1,not an HGNC former symbol,,26,0.0485863248182684,1529.6953065905836,False
all_genes,RP11-461L13.3,not an HGNC former symbol,,30,0.0560611440210789,1523.3962275929116,False
all_genes,CTB-113P19.1,not an HGNC former symbol,,20,0.0373740960140526,1511.5620965680262,False
all_genes,AC026904.1,not an HGNC former symbol,,32,0.0597985536224842,1503.3377557443844,False
all_genes,RP11-508N22.13,not an HGNC former symbol,,27,0.050455029618971,1500.293345939262,False
all_genes,PNMAL2,rescued,PNMA8B,24,0.0448489152168631,1500.1772801543116,False
all_genes,RP11-810P12.5,not an HGNC former symbol,,30,0.0560611440210789,1491.3029177917972,False
all_genes,AC092580.4,not an HGNC former symbol,,25,0.0467176200175658,1480.092303541123,False
all_genes,RP11-626H12.3,not an HGNC former symbol,,24,0.0448489152168631,1466.3948594919866,False
all_genes,CTB-51J22.1,not an HGNC former symbol,,31,0.0579298488217816,1466.2089207398567,False
all_genes,RP5-1063M23.1,not an HGNC former symbol,,26,0.0485863248182684,1458.7263207796707,False
all_genes,LINC00302,not an HGNC former symbol,,22,0.0411115056154579,1457.818107446678,False
all_genes,AC092620.3,not an HGNC former symbol,,20,0.0373740960140526,1454.7767030567247,False
all_genes,RP11-172E9.2,not an HGNC former symbol,,25,0.0467176200175658,1450.5390438006275,False
all_genes,RP11-390F4.10,not an HGNC former symbol,,24,0.0448489152168631,1449.7560800064366,False
all_genes,AC005477.1,not an HGNC former symbol,,25,0.0467176200175658,1448.3284239770685,False
all_genes,CTD-2619J13.3,not an HGNC former symbol,,24,0.0448489152168631,1441.3703261286844,False
all_genes,HIST1H2AD,rescued,H2AC7,27,0.050455029618971,1440.8001106599738,False
all_genes,RP11-138H10.2,not an HGNC former symbol,,37,0.0691420776259974,1439.1792167600568,False
all_genes,RP3-380B4.1,not an HGNC former symbol,,22,0.0411115056154579,1438.6303324462783,False
all_genes,RP11-542B15.1,not an HGNC former symbol,,32,0.0597985536224842,1411.3725840861837,False
all_genes,RP4-754E20__A.5,not an HGNC former symbol,,29,0.0541924392203763,1408.347115004461,False
all_genes,RP4-580N22.2,not an HGNC former symbol,,28,0.0523237344196737,1406.2373677719345,False
all_genes,AC009120.4,not an HGNC former symbol,,25,0.0467176200175658,1387.5828334197877,False
all_genes,RP1-102G20.5,not an HGNC former symbol,,25,0.0467176200175658,1386.5591126166607,False
all_genes,AC007386.2,not an HGNC former symbol,,30,0.0560611440210789,1382.9153988532285,False
all_genes,RP11-25I15.3,not an HGNC former symbol,,43,0.0803543064302132,1381.194859857765,False
all_genes,RP11-205M3.3,not an HGNC former symbol,,25,0.0467176200175658,1378.9980142556672,False
all_genes,RP3-477O4.14,not an HGNC former symbol,,30,0.0560611440210789,1378.4261437256223,False
all_genes,RP11-321E2.3,not an HGNC former symbol,,28,0.0523237344196737,1361.9300954221446,False
all_genes,RP11-127L20.3,not an HGNC former symbol,,32,0.0597985536224842,1359.5462810105764,False
all_genes,RP11-286B14.1,not an HGNC former symbol,,21,0.0392428008147552,1358.8614998636324,False
all_genes,AP003774.4,not an HGNC former symbol,,28,0.0523237344196737,1355.3307679756151,False
all_genes,ANKRD20A2,rescued,ANKRD20A2P,21,0.0392428008147552,1328.2938446125152,False
all_genes,AC002480.2,not an HGNC former symbol,,20,0.0373740960140526,1306.1171498103372,False
all_genes,CTD-2616J11.2,not an HGNC former symbol,,22,0.0411115056154579,1299.5091922013314,False
all_genes,RP11-191N8.2,not an HGNC former symbol,,32,0.0597985536224842,1298.2410208791373,False
all_genes,RP4-651E10.4,not an HGNC former symbol,,30,0.0560611440210789,1296.820106612372,False
all_genes,RP1-93H18.1,not an HGNC former symbol,,25,0.0467176200175658,1286.060008366867,False
all_genes,RP13-444H2.1,not an HGNC former symbol,,29,0.0541924392203763,1271.3773644001626,False
all_genes,RP11-546B15.1,not an HGNC former symbol,,25,0.0467176200175658,1262.1175125768625,False
all_genes,CTD-2034I21.2,not an HGNC former symbol,,26,0.0485863248182684,1261.9889999695051,False
all_genes,AC006126.3,not an HGNC former symbol,,28,0.0523237344196737,1259.994684165145,False
all_genes,C17orf105,rescued,CFAP97D1,24,0.0448489152168631,1254.8145908242736,False
all_genes,RP11-351J23.1,not an HGNC former symbol,,26,0.0485863248182684,1249.9153271220962,False
all_genes,C3orf79,rescued,LINC02877,27,0.050455029618971,1247.844399584377,False
all_genes,RP11-242F24.1,not an HGNC former symbol,,28,0.0523237344196737,1247.2045229562343,False
all_genes,AC005863.2,not an HGNC former symbol,,30,0.0560611440210789,1246.953040619513,False
all_genes,RP11-179K3.2,not an HGNC former symbol,,29,0.0541924392203763,1245.7709195538478,False
all_genes,CCDC79,rescued,TERB1,27,0.050455029618971,1235.5347156374792,False
all_genes,AC010884.1,not an HGNC former symbol,,27,0.050455029618971,1235.2289787844734,False
all_genes,AC124944.5,not an HGNC former symbol,,36,0.0672733728252947,1226.5642055271976,False
all_genes,RP11-175K6.1,not an HGNC former symbol,,21,0.0392428008147552,1223.0883592467983,False
all_genes,LOR,rescued,LORICRIN,16,0.0298992768112421,1219.2399527938692,False
all_genes,RP11-141M1.1,not an HGNC former symbol,,21,0.0392428008147552,1213.0083473335071,False
all_genes,AC092839.3,not an HGNC former symbol,,24,0.0448489152168631,1203.193831579864,False
all_genes,RP1-166H4.2,not an HGNC former symbol,,20,0.0373740960140526,1201.6256005558805,False
all_genes,RP11-169D4.2,not an HGNC former symbol,,28,0.0523237344196737,1201.1844255887354,False
all_genes,RP11-1070N10.4,not an HGNC former symbol,,30,0.0560611440210789,1179.4003609642375,False
all_genes,RP11-351M16.3,not an HGNC former symbol,,28,0.0523237344196737,1167.4406118010877,False
all_genes,RP11-714L20.1,not an HGNC former symbol,,23,0.0429802104161605,1164.7108156198065,False
all_genes,H1FOO,rescued,H1-8,28,0.0523237344196737,1164.2894545419558,False
all_genes,AC007163.6,not an HGNC former symbol,,24,0.0448489152168631,1164.1617900399908,False
all_genes,AC079779.6,not an HGNC former symbol,,24,0.0448489152168631,1163.5632835763856,False
all_genes,RP11-117D22.2,not an HGNC former symbol,,24,0.0448489152168631,1156.093678671394,False
all_genes,RP11-336K24.5,not an HGNC former symbol,,18,0.0336366864126473,1154.810049575219,False
all_genes,CTD-2246P4.1,not an HGNC former symbol,,25,0.0467176200175658,1150.8625002469782,False
all_genes,RP11-702F3.4,not an HGNC former symbol,,24,0.0448489152168631,1134.8778917428403,False
all_genes,RP11-197K3.1,not an HGNC former symbol,,18,0.0336366864126473,1131.9144990848197,False
all_genes,RP11-768G7.2,not an HGNC former symbol,,15,0.0280305720105394,1123.6481544909216,False
all_genes,CTC-558O2.1,not an HGNC former symbol,,25,0.0467176200175658,1116.07106662585,False
all_genes,RP13-476E20.1,not an HGNC former symbol,,26,0.0485863248182684,1115.7957249315778,False
all_genes,RP11-412H8.2,not an HGNC former symbol,,17,0.0317679816119447,1113.9135291083066,False
all_genes,DLEU7-AS1,not an HGNC former symbol,,21,0.0392428008147552,1113.324381993872,False
all_genes,RP11-472M19.2,not an HGNC former symbol,,26,0.0485863248182684,1109.1575799372386,False
all_genes,RP11-159D12.10,not an HGNC former symbol,,25,0.0467176200175658,1105.086128528093,False
all_genes,RP11-324I22.2,not an HGNC former symbol,,21,0.0392428008147552,1097.2801351164903,False
all_genes,PGBD3,not an HGNC former symbol,,28,0.0523237344196737,1078.9699571238405,False
all_genes,AL592528.1,not an HGNC former symbol,,28,0.0523237344196737,1077.2904906246931,False
all_genes,RP11-888D10.3,not an HGNC former symbol,,18,0.0336366864126473,1074.1307074114957,False
all_genes,RP11-506O24.1,not an HGNC former symbol,,21,0.0392428008147552,1068.2799705799632,False
all_genes,RP11-1033H12.1,not an HGNC former symbol,,15,0.0280305720105394,1067.5272120827656,False
all_genes,AP003774.6,not an HGNC former symbol,,20,0.0373740960140526,1064.040050696256,False
all_genes,RP11-94A24.1,not an HGNC former symbol,,22,0.0411115056154579,1063.845643526687,False
all_genes,CCL3L3,not an HGNC former symbol,,18,0.0336366864126473,1055.4572506080513,False
all_genes,RP1-167F1.2,not an HGNC former symbol,,18,0.0336366864126473,1055.284543615185,False
all_genes,RP13-941N14.1,not an HGNC former symbol,,17,0.0317679816119447,1043.6449810685283,False
all_genes,AC007966.1,not an HGNC former symbol,,21,0.0392428008147552,1033.6415472783392,False
all_genes,AC090505.6,not an HGNC former symbol,,22,0.0411115056154579,1031.1424294247363,False
all_genes,RP11-417F21.1,not an HGNC former symbol,,19,0.03550539121335,1028.3125140881143,False
all_genes,RP11-168E17.1,not an HGNC former symbol,,19,0.03550539121335,1024.0443176765698,False
all_genes,CTD-2291D10.1,not an HGNC former symbol,,21,0.0392428008147552,1015.1638060530282,False
all_genes,AC012594.1,not an HGNC former symbol,,20,0.0373740960140526,1014.942116431772,False
all_genes,RP11-713P17.5,not an HGNC former symbol,,13,0.0242931624091342,1013.1374689161815,False
all_genes,CTC-254B4.1,not an HGNC former symbol,,15,0.0280305720105394,1009.677590492137,False
all_genes,AC093590.1,not an HGNC former symbol,,22,0.0411115056154579,1004.807694028992,False
all_genes,CTD-2135D7.5,not an HGNC former symbol,,25,0.0467176200175658,1004.705202074944,False
all_genes,RP11-526A4.1,not an HGNC former symbol,,20,0.0373740960140526,999.4702941512554,False
all_genes,RP11-1084I9.1,not an HGNC former symbol,,19,0.03550539121335,995.0722145109888,False
all_genes,CTC-786C10.1,not an HGNC former symbol,,19,0.03550539121335,987.5146713324702,False
all_genes,RP11-329B9.1,not an HGNC former symbol,,25,0.0467176200175658,981.345476305469,False
all_genes,RP11-73M7.6,not an HGNC former symbol,,21,0.0392428008147552,972.7702644367628,False
all_genes,RP11-345F18.1,not an HGNC former symbol,,21,0.0392428008147552,967.9367053326732,False
all_genes,AC005009.2,not an HGNC former symbol,,15,0.0280305720105394,967.4771985344414,False
all_genes,XXbac-BPG249D20.9,not an HGNC former symbol,,19,0.03550539121335,950.907037190789,False
all_genes,RP11-279O17.1,not an HGNC former symbol,,12,0.0224244576084315,950.658594599479,False
all_genes,RP13-991F5.2,not an HGNC former symbol,,19,0.03550539121335,948.5185711759344,False
all_genes,CTD-2044J15.1,not an HGNC former symbol,,19,0.03550539121335,936.603160531593,False
all_genes,AC073133.1,not an HGNC former symbol,,15,0.0280305720105394,933.482312180087,False
all_genes,AC096669.3,not an HGNC former symbol,,20,0.0373740960140526,928.0486465261952,False
all_genes,AC104777.2,not an HGNC former symbol,,13,0.0242931624091342,925.021708808784,False
all_genes,RP11-20B7.1,not an HGNC former symbol,,22,0.0411115056154579,922.4507878571889,False
all_genes,RP11-45A12.1,not an HGNC former symbol,,19,0.03550539121335,918.490516691896,False
all_genes,CTD-2016O11.1,not an HGNC former symbol,,22,0.0411115056154579,912.3541063540714,False
all_genes,RP1-68D18.4,not an HGNC former symbol,,17,0.0317679816119447,911.4250425061356,False
all_genes,RP11-665G4.1,not an HGNC former symbol,,16,0.0298992768112421,898.3353022537739,False
all_genes,RP1-293L8.2,not an HGNC former symbol,,19,0.03550539121335,891.2115643973107,False
all_genes,RP3-471C18.2,not an HGNC former symbol,,15,0.0280305720105394,888.8014415449086,False
all_genes,CTD-2650P22.1,not an HGNC former symbol,,17,0.0317679816119447,882.3727339870986,False
all_genes,HFE2,rescued,HJV,20,0.0373740960140526,878.6340778984637,False
all_genes,AC005592.1,not an HGNC former symbol,,15,0.0280305720105394,875.6521079393258,False
all_genes,AC007192.6,not an HGNC former symbol,,19,0.03550539121335,874.0441363697219,False
all_genes,RP11-476M19.2,not an HGNC former symbol,,17,0.0317679816119447,869.4250235363864,False
all_genes,RP11-65M17.3,not an HGNC former symbol,,17,0.0317679816119447,858.8969510778113,False
all_genes,RP11-430C1.1,not an HGNC former symbol,,19,0.03550539121335,857.9519306856672,False
all_genes,RP11-359P5.1,not an HGNC former symbol,,16,0.0298992768112421,857.1650781120836,False
all_genes,RP11-299L17.3,not an HGNC former symbol,,16,0.0298992768112421,856.7955157589099,False
all_genes,RP3-337H4.8,not an HGNC former symbol,,14,0.0261618672098368,853.975409548279,False
all_genes,CTA-929C8.6,not an HGNC former symbol,,19,0.03550539121335,852.8778173555041,False
all_genes,RP11-774O3.1,not an HGNC former symbol,,19,0.03550539121335,835.2102583084558,False
all_genes,AL109927.1,not an HGNC former symbol,,17,0.0317679816119447,834.967168814889,False
all_genes,AC016735.3,not an HGNC former symbol,,17,0.0317679816119447,828.1974467553674,False
all_genes,KB-1930G5.3,not an HGNC former symbol,,14,0.0261618672098368,826.4898783364391,False
all_genes,RP11-184I16.4,not an HGNC former symbol,,10,0.0186870480070263,810.5197044843239,False
all_genes,RP11-64P14.7,not an HGNC former symbol,,16,0.0298992768112421,807.6694358923253,False
all_genes,RP11-408E5.5,not an HGNC former symbol,,20,0.0373740960140526,794.3509509274952,False
all_genes,RP11-181B18.1,not an HGNC former symbol,,18,0.0336366864126473,793.0359330731144,False
all_genes,C15orf59,rescued,INSYN1,15,0.0280305720105394,776.9074005922932,False
all_genes,RP11-527F13.1,not an HGNC former symbol,,16,0.0298992768112421,770.4534678527415,False
all_genes,AC018742.1,not an HGNC former symbol,,13,0.0242931624091342,770.233828339959,False
all_genes,XXbac-B444P24.8,not an HGNC former symbol,,16,0.0298992768112421,769.6010419954557,False
all_genes,LRRC3-AS1,rescued,LRRC3-DT,19,0.03550539121335,763.8920561389441,False
all_genes,RP11-14C22.3,not an HGNC former symbol,,14,0.0261618672098368,749.2147708126301,False
all_genes,RP6-74O6.2,not an HGNC former symbol,,14,0.0261618672098368,749.147041440826,False
all_genes,RP11-646E18.2,not an HGNC former symbol,,17,0.0317679816119447,747.1252456052415,False
all_genes,C19orf35,rescued,PEAK3,18,0.0336366864126473,746.5935520516917,False
all_genes,CTD-2117L12.1,not an HGNC former symbol,,14,0.0261618672098368,741.670325477819,False
all_genes,HIST2H4B,rescued,H4C15,20,0.0373740960140526,739.9493567395114,False
all_genes,FAM153C,rescued,FAM153CP,15,0.0280305720105394,735.0726168232692,False
all_genes,AF064858.11,not an HGNC former symbol,,20,0.0373740960140526,725.7076165145759,False
all_genes,RP11-107I14.4,not an HGNC former symbol,,16,0.0298992768112421,721.2059553146314,False
all_genes,RP4-535B20.1,not an HGNC former symbol,,13,0.0242931624091342,720.8328715446121,False
all_genes,RP11-3B12.2,not an HGNC former symbol,,14,0.0261618672098368,720.2134264051826,False
all_genes,LINC00403,rescued,SOX1-OT,12,0.0224244576084315,719.2084995946275,False
all_genes,RP11-272B17.2,not an HGNC former symbol,,15,0.0280305720105394,716.1825037044424,False
all_genes,RP11-706O15.7,not an HGNC former symbol,,14,0.0261618672098368,703.3007109002322,False
all_genes,RP11-202A13.1,not an HGNC former symbol,,14,0.0261618672098368,701.0950240542836,False
all_genes,AC098973.1,not an HGNC former symbol,,12,0.0224244576084315,691.8830840563226,False
all_genes,RP11-700N1.1,not an HGNC former symbol,,15,0.0280305720105394,683.9120970744341,False
all_genes,RP11-589B3.6,not an HGNC former symbol,,13,0.0242931624091342,681.4267229242516,False
all_genes,RP11-221J22.1,not an HGNC former symbol,,11,0.0205557528077289,678.6015905913853,False
all_genes,CTD-2555O16.1,not an HGNC former symbol,,12,0.0224244576084315,678.5545686913152,False
all_genes,KB-1458E12.1,not an HGNC former symbol,,16,0.0298992768112421,678.0737264401944,False
all_genes,RP11-484N16.1,not an HGNC former symbol,,15,0.0280305720105394,675.4164931947112,False
all_genes,C17orf74,rescued,SPEM2,13,0.0242931624091342,665.9509099581954,False
all_genes,AC007796.1,not an HGNC former symbol,,18,0.0336366864126473,662.3426941309388,False
all_genes,RP11-297H3.3,not an HGNC former symbol,,15,0.0280305720105394,661.9368574413002,False
all_genes,RP11-98J9.1,not an HGNC former symbol,,17,0.0317679816119447,661.1587450838892,False
all_genes,AC008440.10,not an HGNC former symbol,,12,0.0224244576084315,659.2490549455804,False
all_genes,AC012074.2,not an HGNC former symbol,,12,0.0224244576084315,656.040309979247,False
all_genes,RP11-956E11.1,not an HGNC former symbol,,15,0.0280305720105394,654.9801046216708,False
all_genes,RP11-327F22.1,not an HGNC former symbol,,12,0.0224244576084315,650.2769365004781,False
all_genes,RP3-337H4.10,not an HGNC former symbol,,13,0.0242931624091342,625.4050967091606,False
all_genes,AC018737.3,not an HGNC former symbol,,16,0.0298992768112421,622.0257461176864,False
all_genes,RP11-75N6.3,not an HGNC former symbol,,12,0.0224244576084315,620.77474477681,False
all_genes,MIR1539,not an HGNC former symbol,,11,0.0205557528077289,620.7143054456637,False
all_genes,AC005237.4,not an HGNC former symbol,,10,0.0186870480070263,618.3710059261635,False
all_genes,RP11-1191J2.2,not an HGNC former symbol,,10,0.0186870480070263,618.2878917119879,False
all_genes,RP1-60O19.2,not an HGNC former symbol,,11,0.0205557528077289,614.471278424034,False
all_genes,AC110615.1,not an HGNC former symbol,,16,0.0298992768112421,612.9377631873806,False
all_genes,RP11-944L7.4,not an HGNC former symbol,,11,0.0205557528077289,603.6176901823897,False
all_genes,RP13-578N3.3,not an HGNC former symbol,,10,0.0186870480070263,597.6529046779351,False
all_genes,RP11-1M18.1,not an HGNC former symbol,,14,0.0261618672098368,595.9897636176081,False
all_genes,MIR3180-1,not an HGNC former symbol,,11,0.0205557528077289,586.2565780742509,False
all_genes,C7orf71,rescued,LINC02860,15,0.0280305720105394,583.7078131501954,False
all_genes,RP11-10L7.1,not an HGNC former symbol,,13,0.0242931624091342,581.6874457235621,False
all_genes,RP11-610P16.1,not an HGNC former symbol,,13,0.0242931624091342,581.4499913621014,False
all_genes,RP11-404L6.2,not an HGNC former symbol,,12,0.0224244576084315,577.5256189171238,False
all_genes,CTD-2292M14.1,not an HGNC former symbol,,12,0.0224244576084315,576.1451884573665,False
all_genes,RP11-159K7.2,not an HGNC former symbol,,6,0.0112122288042157,572.6098629652616,False
all_genes,GOLGA8M,not an HGNC former symbol,,11,0.0205557528077289,571.4997155421838,False
all_genes,HCG23,not an HGNC former symbol,,16,0.0298992768112421,570.2025548808462,False
all_genes,AC013264.2,not an HGNC former symbol,,13,0.0242931624091342,567.562386588501,False
all_genes,PRSS42,rescued,PRSS42P,12,0.0224244576084315,565.1942801035741,False
all_genes,AC097495.2,not an HGNC former symbol,,13,0.0242931624091342,559.4820757697938,False
all_genes,CTC-492K19.4,not an HGNC former symbol,,10,0.0186870480070263,556.7474208047383,False
all_genes,AC004824.2,not an HGNC former symbol,,13,0.0242931624091342,551.9654277762901,False
all_genes,RP11-756H20.1,not an HGNC former symbol,,8,0.014949638405621,551.1759525058321,False
all_genes,U82695.9,not an HGNC former symbol,,13,0.0242931624091342,548.7168774054867,False
all_genes,RP11-630D6.5,not an HGNC former symbol,,10,0.0186870480070263,547.4010348579236,False
all_genes,RP11-96C21.1,not an HGNC former symbol,,12,0.0224244576084315,547.393988165735,False
all_genes,C1orf137,rescued,LINC02868,12,0.0224244576084315,546.603929251587,False
all_genes,RP11-324J13.2,not an HGNC former symbol,,11,0.0205557528077289,541.5839933435211,False
all_genes,RP13-81N3.2,not an HGNC former symbol,,12,0.0224244576084315,540.4834308603658,False
all_genes,AC073284.4,not an HGNC former symbol,,13,0.0242931624091342,540.0223894038745,False
all_genes,RP11-275N1.1,not an HGNC former symbol,,11,0.0205557528077289,535.7803774376898,False
all_genes,CTC-479C5.6,not an HGNC former symbol,,10,0.0186870480070263,518.1011515134907,False
all_genes,Z99756.1,not an HGNC former symbol,,10,0.0186870480070263,514.1308410422356,False
all_genes,RP11-411H5.1,not an HGNC former symbol,,11,0.0205557528077289,513.5285144516974,False
all_genes,KB-1410C5.2,not an HGNC former symbol,,10,0.0186870480070263,506.81338082938674,False
all_genes,RP5-898J17.1,not an HGNC former symbol,,13,0.0242931624091342,500.5190782958291,False
all_genes,RP11-495P10.5,not an HGNC former symbol,,11,0.0205557528077289,498.5004691787821,False
all_genes,CTD-2033D15.1,not an HGNC former symbol,,10,0.0186870480070263,497.75954757361546,False
all_genes,CTD-2143L24.1,not an HGNC former symbol,,9,0.0168183432063236,497.1357108022432,False
all_genes,U51244.2,not an HGNC former symbol,,14,0.0261618672098368,496.6000092310809,False
all_genes,AC079776.3,not an HGNC former symbol,,6,0.0112122288042157,494.6570855754561,False
all_genes,CTC-458G6.2,not an HGNC former symbol,,4,0.0074748192028105,492.8544362422353,False
all_genes,RP11-632K5.3,not an HGNC former symbol,,9,0.0168183432063236,492.2011971399083,False
all_genes,AC069363.1,not an HGNC former symbol,,8,0.014949638405621,488.5492410879317,False
all_genes,RP11-544L8__B.4,not an HGNC former symbol,,10,0.0186870480070263,487.5947177467964,False
all_genes,RP5-857K21.4,not an HGNC former symbol,,16,0.0298992768112421,486.40225806604286,False
all_genes,AC007880.1,not an HGNC former symbol,,8,0.014949638405621,484.47930856448386,False
all_genes,AP000275.65,not an HGNC former symbol,,9,0.0168183432063236,483.6104279035548,False
all_genes,RP11-513G11.3,not an HGNC former symbol,,9,0.0168183432063236,480.6554714436476,False
all_genes,RP11-531H8.1,not an HGNC former symbol,,6,0.0112122288042157,477.9041991749512,False
all_genes,RP11-95M5.1,not an HGNC former symbol,,9,0.0168183432063236,474.61793097638497,False
all_genes,AC007879.6,not an HGNC former symbol,,7,0.0130809336049184,469.23353392984495,False
all_genes,CXorf21,rescued,TASL,9,0.0168183432063236,467.5470874535188,False
all_genes,RP11-903H12.3,not an HGNC former symbol,,8,0.014949638405621,465.6308920460696,False
all_genes,RP11-1008C21.1,not an HGNC former symbol,,10,0.0186870480070263,462.5814511280664,False
all_genes,RP11-121G22.3,not an HGNC former symbol,,7,0.0130809336049184,460.4441031688093,False
all_genes,RP11-481J2.2,not an HGNC former symbol,,8,0.014949638405621,460.1429198013797,False
all_genes,AC108051.3,not an HGNC former symbol,,5,0.0093435240035131,459.0613825604366,False
all_genes,RP11-747D18.1,not an HGNC former symbol,,10,0.0186870480070263,458.0386384967357,False
all_genes,RP11-662J14.2,not an HGNC former symbol,,9,0.0168183432063236,453.499710345331,False
all_genes,RP11-139K4.2,not an HGNC former symbol,,7,0.0130809336049184,453.2066111618654,False
all_genes,TMEM5-AS1,rescued,RXYLT1-AS1,9,0.0168183432063236,453.1838852779103,False
all_genes,RP11-448G15.1,not an HGNC former symbol,,8,0.014949638405621,442.3742089132608,False
all_genes,CTD-2621I17.6,not an HGNC former symbol,,8,0.014949638405621,441.9564363832896,False
all_genes,RP4-666F24.3,not an HGNC former symbol,,13,0.0242931624091342,441.2693175464361,False
all_genes,CTD-2015G9.2,not an HGNC former symbol,,11,0.0205557528077289,441.1284523064443,False
all_genes,RP11-375O18.2,not an HGNC former symbol,,10,0.0186870480070263,440.5002464056836,False
all_genes,RP5-937E21.8,not an HGNC former symbol,,7,0.0130809336049184,436.90726571869726,False
all_genes,CTD-2024D23.1,not an HGNC former symbol,,9,0.0168183432063236,432.13932495139494,False
all_genes,XXbac-BPG308J9.3,not an HGNC former symbol,,9,0.0168183432063236,431.6599580916374,False
all_genes,RP11-153K11.3,not an HGNC former symbol,,7,0.0130809336049184,431.4498953628861,False
all_genes,RP11-15K3.1,not an HGNC former symbol,,14,0.0261618672098368,430.81647953714304,False
all_genes,RP11-778H2.1,not an HGNC former symbol,,10,0.0186870480070263,430.3946825358369,False
all_genes,RP11-464C19.3,not an HGNC former symbol,,11,0.0205557528077289,427.5527708712523,False
all_genes,AC007204.2,not an HGNC former symbol,,10,0.0186870480070263,425.4672756133009,False
all_genes,CTC-441N14.1,not an HGNC former symbol,,10,0.0186870480070263,424.6847937714631,False
all_genes,RP11-6B4.1,not an HGNC former symbol,,9,0.0168183432063236,419.16309136468806,False
all_genes,XX-DJ76P10__A.2,not an HGNC former symbol,,8,0.014949638405621,417.8549506029919,False
all_genes,AC010136.2,not an HGNC former symbol,,8,0.014949638405621,416.11627365312006,False
all_genes,RP11-320P7.2,not an HGNC former symbol,,9,0.0168183432063236,414.5216496581136,False
all_genes,RP11-1151B14.3,not an HGNC former symbol,,13,0.0242931624091342,412.35216639007535,False
all_genes,RP11-332J15.3,not an HGNC former symbol,,10,0.0186870480070263,410.41174578672866,False
all_genes,RP11-266A24.1,not an HGNC former symbol,,8,0.014949638405621,407.80217023264186,False
all_genes,RP11-375H19.2,not an HGNC former symbol,,6,0.0112122288042157,407.4014376040319,False
all_genes,RP11-383C6.2,not an HGNC former symbol,,11,0.0205557528077289,400.0192466763935,False
all_genes,RP11-125M16.1,not an HGNC former symbol,,8,0.014949638405621,399.35225994679206,False
all_genes,AP000266.7,not an HGNC former symbol,,9,0.0168183432063236,398.9455348782988,False
all_genes,RP11-428C19.4,not an HGNC former symbol,,7,0.0130809336049184,394.0921964050849,False
all_genes,RP11-46C24.3,not an HGNC former symbol,,8,0.014949638405621,393.86229229647574,False
all_genes,RP11-211G3.2,not an HGNC former symbol,,8,0.014949638405621,387.8405941734552,False
all_genes,RP11-680G10.1,not an HGNC former symbol,,8,0.014949638405621,385.8444787218219,False
all_genes,RP3-471C18.1,not an HGNC former symbol,,7,0.0130809336049184,380.3099716772369,False
all_genes,RP11-505P4.6,not an HGNC former symbol,,8,0.014949638405621,378.99188530297533,False
all_genes,CTD-2277K2.1,not an HGNC former symbol,,8,0.014949638405621,373.4477367277746,False
all_genes,AC019117.2,not an HGNC former symbol,,8,0.014949638405621,368.824123629178,False
all_genes,AP000797.4,not an HGNC former symbol,,9,0.0168183432063236,362.71931713470065,False
all_genes,RP11-478P10.1,not an HGNC former symbol,,5,0.0093435240035131,358.0474774730683,False
all_genes,RP11-572M11.3,not an HGNC former symbol,,7,0.0130809336049184,357.8718808108975,False
all_genes,RP11-192P3.4,not an HGNC former symbol,,4,0.0074748192028105,357.0830162420665,False
all_genes,GIF,rescued,CBLIF,8,0.014949638405621,355.5745530650022,False
all_genes,C8orf49,"renamed, current symbol also absent",LINC02905,8,0.014949638405621,352.7774922282537,False
all_genes,RP11-95H3.1,not an HGNC former symbol,,7,0.0130809336049184,351.74930589034767,False
all_genes,RP11-753N8.1,not an HGNC former symbol,,4,0.0074748192028105,348.00079551992553,False
all_genes,CTC-497E21.3,not an HGNC former symbol,,11,0.0205557528077289,346.74470467028954,False
all_genes,RP11-883G14.1,not an HGNC former symbol,,8,0.014949638405621,345.2730781563907,False
all_genes,RP11-862G15.2,not an HGNC former symbol,,6,0.0112122288042157,337.98385443513325,False
all_genes,RP11-10N16.3,not an HGNC former symbol,,8,0.014949638405621,333.6276498285615,False
all_genes,RP11-607P23.1,not an HGNC former symbol,,7,0.0130809336049184,332.2841775867196,False
all_genes,AP000688.11,not an HGNC former symbol,,4,0.0074748192028105,331.7674084641494,False
all_genes,RP11-15E18.4,not an HGNC former symbol,,8,0.014949638405621,331.6242707001463,False
all_genes,RP11-359G22.2,not an HGNC former symbol,,9,0.0168183432063236,327.53055235289537,False
all_genes,C2orf71,rescued,PCARE,5,0.0093435240035131,326.7805154500721,False
all_genes,RP11-578F21.6,not an HGNC former symbol,,6,0.0112122288042157,324.98758492730207,False
all_genes,RP11-447B18.1,not an HGNC former symbol,,2,0.0037374096014052,323.0786448801173,False
all_genes,RP11-63K6.7,not an HGNC former symbol,,5,0.0093435240035131,320.6165494530614,False
all_genes,RP11-644C3.1,not an HGNC former symbol,,5,0.0093435240035131,318.9986062325998,False
all_genes,AC007228.5,not an HGNC former symbol,,5,0.0093435240035131,315.1142986990782,False
all_genes,AC096670.3,not an HGNC former symbol,,6,0.0112122288042157,313.99956034544675,False
all_genes,RP4-682C21.5,not an HGNC former symbol,,7,0.0130809336049184,312.5276637855056,False
all_genes,RP5-1139B12.3,not an HGNC former symbol,,5,0.0093435240035131,311.8329551847403,False
all_genes,RP11-374M1.3,not an HGNC former symbol,,4,0.0074748192028105,305.9254688949586,False
all_genes,AC104699.1,not an HGNC former symbol,,6,0.0112122288042157,305.31711555885727,False
all_genes,RP11-532N4.2,not an HGNC former symbol,,6,0.0112122288042157,301.5546193294791,False
all_genes,AC004053.1,not an HGNC former symbol,,8,0.014949638405621,299.6534982602801,False
all_genes,RP11-697M17.2,not an HGNC former symbol,,7,0.0130809336049184,298.1275723242088,False
all_genes,WI2-1959D15.1,not an HGNC former symbol,,6,0.0112122288042157,297.91284452882525,False
all_genes,RP11-327L3.3,not an HGNC former symbol,,4,0.0074748192028105,292.4145202404931,False
all_genes,RP11-63B13.1,not an HGNC former symbol,,5,0.0093435240035131,290.8084960660422,False
all_genes,AC008686.1,not an HGNC former symbol,,4,0.0074748192028105,284.249526701932,False
all_genes,CTB-7E3.1,not an HGNC former symbol,,7,0.0130809336049184,283.6479399430056,False
all_genes,CTD-2240J17.1,not an HGNC former symbol,,6,0.0112122288042157,283.55405184096094,False
all_genes,RP3-522P13.3,not an HGNC former symbol,,7,0.0130809336049184,282.1729587821668,False
all_genes,RP11-440I14.2,not an HGNC former symbol,,4,0.0074748192028105,280.77263549954455,False
all_genes,RP5-1092A11.5,not an HGNC former symbol,,7,0.0130809336049184,280.1862123547727,False
all_genes,RP11-421N8.2,not an HGNC former symbol,,6,0.0112122288042157,279.8392126095652,False
all_genes,RP11-121E16.1,not an HGNC former symbol,,3,0.0056061144021078,274.1807274458193,False
all_genes,RP11-707A18.1,not an HGNC former symbol,,6,0.0112122288042157,267.85251792463475,False
all_genes,CTD-2270F17.1,not an HGNC former symbol,,6,0.0112122288042157,264.1519289937641,False
all_genes,KIAA0125,rescued,FAM30A,8,0.014949638405621,262.4506227951703,False
all_genes,RP11-291B21.2,not an HGNC former symbol,,3,0.0056061144021078,261.9226812606169,False
all_genes,RP11-514D23.1,not an HGNC former symbol,,3,0.0056061144021078,261.1641355991705,False
all_genes,CTD-2296D1.5,not an HGNC former symbol,,8,0.014949638405621,259.4634055287486,False
all_genes,AC079776.1,not an HGNC former symbol,,4,0.0074748192028105,257.02892266265394,False
all_genes,RP11-429O1.1,not an HGNC former symbol,,5,0.0093435240035131,255.937103086296,False
all_genes,RP13-870H17.3,not an HGNC former symbol,,6,0.0112122288042157,255.7741081252125,False
all_genes,RP11-344B5.3,not an HGNC former symbol,,5,0.0093435240035131,254.4161976970535,False
all_genes,CTD-2316B1.2,not an HGNC former symbol,,5,0.0093435240035131,251.74294032093908,False
all_genes,RP11-66A2.2,not an HGNC former symbol,,5,0.0093435240035131,246.3677461970201,False
all_genes,HIST2H3PS2,"renamed, current symbol also absent",H3-7,6,0.0112122288042157,242.3816282965908,False
all_genes,RP11-1263C18.1,not an HGNC former symbol,,4,0.0074748192028105,241.2432011488158,False
all_genes,C18orf42,rescued,AKAIN1,6,0.0112122288042157,239.72489997847944,False
all_genes,C1orf111,rescued,SPATA46,6,0.0112122288042157,239.49394799776547,False
all_genes,RP4-735C1.6,not an HGNC former symbol,,4,0.0074748192028105,234.838518618953,False
all_genes,RP11-132A1.3,not an HGNC former symbol,,6,0.0112122288042157,234.468991561392,False
all_genes,CTD-3224K15.2,not an HGNC former symbol,,5,0.0093435240035131,233.29865973179193,False
all_genes,AC097461.4,not an HGNC former symbol,,4,0.0074748192028105,231.818290406636,False
all_genes,RP11-338C15.3,not an HGNC former symbol,,6,0.0112122288042157,227.4554861991998,False
all_genes,RP11-470L19.2,not an HGNC former symbol,,4,0.0074748192028105,220.56039415596345,False
all_genes,RP11-12D16.2,not an HGNC former symbol,,5,0.0093435240035131,219.2009704496341,False
all_genes,AP000472.2,not an HGNC former symbol,,3,0.0056061144021078,217.4834697954844,False
all_genes,RP1-137D17.1,not an HGNC former symbol,,6,0.0112122288042157,217.0203683159119,False
all_genes,RP11-202D1.2,not an HGNC former symbol,,4,0.0074748192028105,212.7833198842385,False
all_genes,RP5-1057I20.2,not an HGNC former symbol,,4,0.0074748192028105,211.24354645296748,False
all_genes,RP11-693L9.2,not an HGNC former symbol,,6,0.0112122288042157,209.7444483276092,False
all_genes,AC010731.4,not an HGNC former symbol,,5,0.0093435240035131,206.3218153533488,False
all_genes,RP11-321G12.1,not an HGNC former symbol,,6,0.0112122288042157,204.0392781180023,False
all_genes,AC007392.3,not an HGNC former symbol,,5,0.0093435240035131,203.5495201320214,False
all_genes,RP11-406A9.2,not an HGNC former symbol,,3,0.0056061144021078,202.8506372145805,False
all_genes,RP11-542M13.3,not an HGNC former symbol,,6,0.0112122288042157,200.53932127219213,False
all_genes,AP001891.1,not an HGNC former symbol,,2,0.0037374096014052,196.8532744396337,False
all_genes,RP11-508N22.9,not an HGNC former symbol,,4,0.0074748192028105,192.1044200899132,False
all_genes,RP11-383G10.5,not an HGNC former symbol,,3,0.0056061144021078,188.7538484123038,False
all_genes,RP11-449L23.3,not an HGNC former symbol,,4,0.0074748192028105,188.3471306182528,False
all_genes,RP11-473M14.3,not an HGNC former symbol,,3,0.0056061144021078,180.1789855850107,False
all_genes,RP11-83C7.1,not an HGNC former symbol,,3,0.0056061144021078,176.9161702857082,False
all_genes,CTD-3187F8.11,not an HGNC former symbol,,3,0.0056061144021078,175.4682033864749,False
all_genes,RP11-70F11.8,not an HGNC former symbol,,5,0.0093435240035131,174.902621163327,False
all_genes,RP11-242G20.1,not an HGNC former symbol,,5,0.0093435240035131,173.0689567449449,False
all_genes,AC018799.1,not an HGNC former symbol,,6,0.0112122288042157,171.3146521749445,False
all_genes,RP11-654D12.3,not an HGNC former symbol,,4,0.0074748192028105,170.9385593081982,False
all_genes,RP11-428G5.5,not an HGNC former symbol,,3,0.0056061144021078,169.41555038168042,False
all_genes,RP11-148B3.1,not an HGNC former symbol,,4,0.0074748192028105,165.5551553993194,False
all_genes,RP11-536G4.1,not an HGNC former symbol,,5,0.0093435240035131,162.97041469677168,False
all_genes,AC005324.6,not an HGNC former symbol,,3,0.0056061144021078,159.5823513652275,False
all_genes,RP11-240M16.1,not an HGNC former symbol,,4,0.0074748192028105,159.2679530121144,False
all_genes,KIAA0196-AS1,rescued,WASHC5-AS1,2,0.0037374096014052,155.677221930376,False
all_genes,RP11-21B21.4,not an HGNC former symbol,,4,0.0074748192028105,155.5204740491927,False
all_genes,RP11-147C23.1,not an HGNC former symbol,,4,0.0074748192028105,152.6754322610037,False
all_genes,RP11-554L12.1,not an HGNC former symbol,,2,0.0037374096014052,148.1725156300689,False
all_genes,CTD-2315E11.1,not an HGNC former symbol,,2,0.0037374096014052,146.10969826993158,False
all_genes,RP11-19P22.5,not an HGNC former symbol,,4,0.0074748192028105,145.19467297314552,False
all_genes,CTD-2586B10.1,not an HGNC former symbol,,3,0.0056061144021078,144.4107870685675,False
all_genes,RP11-680F20.12,not an HGNC former symbol,,4,0.0074748192028105,142.53927831030109,False
all_genes,AC104113.3,not an HGNC former symbol,,4,0.0074748192028105,141.7664663054323,False
all_genes,RP11-630C16.1,not an HGNC former symbol,,2,0.0037374096014052,135.5286787518673,False
all_genes,AC007365.1,not an HGNC former symbol,,2,0.0037374096014052,131.8539057204249,False
all_genes,AP001092.4,not an HGNC former symbol,,3,0.0056061144021078,131.1053486609901,False
all_genes,RP11-168K9.2,not an HGNC former symbol,,3,0.0056061144021078,130.988411949907,False
all_genes,CTD-2616J11.16,not an HGNC former symbol,,3,0.0056061144021078,127.405432092504,False
all_genes,RP11-767I20.1,not an HGNC former symbol,,3,0.0056061144021078,126.805653088662,False
all_genes,PROL1,rescued,OPRPN,4,0.0074748192028105,125.0253924323986,False
all_genes,AC073316.1,not an HGNC former symbol,,3,0.0056061144021078,125.0243306972427,False
all_genes,RP11-360D2.1,not an HGNC former symbol,,3,0.0056061144021078,120.5444738863253,False
all_genes,RP11-314D7.2,not an HGNC former symbol,,4,0.0074748192028105,119.6254197278919,False
all_genes,RP11-778J15.1,not an HGNC former symbol,,2,0.0037374096014052,119.489011918648,False
all_genes,AP000343.2,not an HGNC former symbol,,4,0.0074748192028105,116.2708492568106,False
all_genes,AC005235.1,not an HGNC former symbol,,3,0.0056061144021078,115.8397364443221,False
all_genes,AC007250.4,not an HGNC former symbol,,2,0.0037374096014052,113.0968107662352,False
all_genes,RP11-46A10.2,not an HGNC former symbol,,2,0.0037374096014052,112.6629213576127,False
all_genes,RP11-1079H9.1,not an HGNC former symbol,,2,0.0037374096014052,110.1967609822473,False
all_genes,CTD-2194D22.2,not an HGNC former symbol,,3,0.0056061144021078,109.7001355985386,False
all_genes,AC087499.10,not an HGNC former symbol,,4,0.0074748192028105,107.8494974497442,False
all_genes,RP11-502M1.2,not an HGNC former symbol,,3,0.0056061144021078,105.5517900934454,False
all_genes,RP11-553P9.3,not an HGNC former symbol,,2,0.0037374096014052,103.5714859958308,False
all_genes,AP000235.2,not an HGNC former symbol,,3,0.0056061144021078,100.7206431886927,False
all_genes,RP11-101C11.1,not an HGNC former symbol,,2,0.0037374096014052,98.3108605293784,False
all_genes,RP11-64C1.1,not an HGNC former symbol,,3,0.0056061144021078,93.2645586328638,False
all_genes,AC004448.2,not an HGNC former symbol,,3,0.0056061144021078,91.7315551166869,False
all_genes,RP11-542K23.9,not an HGNC former symbol,,3,0.0056061144021078,90.5272386616001,False
all_genes,RP11-407N17.3,not an HGNC former symbol,,2,0.0037374096014052,87.0516484340281,False
all_genes,RP11-394A14.4,not an HGNC former symbol,,3,0.0056061144021078,84.0372616984327,False
all_genes,RP11-392O1.4,not an HGNC former symbol,,2,0.0037374096014052,78.05398946414729,False
all_genes,RP3-437I16.1,not an HGNC former symbol,,3,0.0056061144021078,75.08440259595159,False
all_genes,RP1-111D6.2,not an HGNC former symbol,,2,0.0037374096014052,70.203142980519,False
all_genes,RP11-473L15.3,not an HGNC former symbol,,2,0.0037374096014052,59.3272279159362,False
all_genes,RP11-6B19.2,not an HGNC former symbol,,2,0.0037374096014052,54.813741995153606,False
all_genes,HIST3H3,rescued,H3-4,2,0.0037374096014052,53.5314310836481,False
all_genes,RP11-655H13.2,not an HGNC former symbol,,2,0.0037374096014052,46.8014993720728,False
all_genes,RP11-480C22.1,not an HGNC former symbol,,2,0.0037374096014052,44.1219414800668,False
hvg5000,HIST1H4C,rescued,H4C3,49394,92.30280492590586,57318907.73538295,False
hvg5000,C6orf48,rescued,SNHG32,47515,88.7915086053856,13963218.08133027,False
hvg5000,LINC00152,rescued,CYTOR,46297,86.5154261581298,13443259.648612406,False
hvg5000,H2AFJ,rescued,H2AJ,38647,72.21983443275465,8904802.287419744,False
hvg5000,PTRF,rescued,CAVIN1,37391,69.87274120307215,8260372.251736881,False
hvg5000,CYR61,rescued,CCN1,32638,60.99078728533254,8024372.94776105,False
hvg5000,H1FX,rescued,H1-10,36781,68.73283127464354,6219905.048940378,False
hvg5000,HIST1H2BK,rescued,H2BC12,28756,53.73647524900491,6008545.14592934,False
hvg5000,HIST1H1C,rescued,H1-2,29562,55.24265131837124,5713483.259143695,False
hvg5000,PLA2G16,rescued,PLAAT3,30353,56.72079681572701,5319592.419175157,False
hvg5000,FAM173A,rescued,ANTKMT,34703,64.84966269878348,4733711.414451586,False
hvg5000,SELM,not an HGNC former symbol,,27594,51.565040270588455,4591167.437515904,False
hvg5000,RP11-14N7.2,not an HGNC former symbol,,30623,57.22534711191673,4504788.063540663,False
hvg5000,PRKCDBP,rescued,CAVIN3,25487,47.627679255508006,4292442.7006620215,False
hvg5000,CTGF,rescued,CCN2,18677,34.90179956272308,4204226.814746564,False
hvg5000,C9orf3,rescued,AOPEP,25878,48.358342832582736,3542909.609928211,False
hvg5000,H1F0,rescued,H1-0,24941,46.60736643432437,3476243.974907312,False
hvg5000,HIST2H2AC,rescued,H2AC20,18772,35.07932651878983,3218736.7091522817,False
hvg5000,WARS,rescued,WARS1,25814,48.238745725337765,2439444.84119803,False
hvg5000,HIST1H1E,rescued,H1-4,16558,30.9420140900342,2434711.1624924475,False
hvg5000,WDR66,rescued,CFAP251,14704,27.47743538953152,2397552.085978226,False
hvg5000,FAM101B,rescued,RFLNB,19398,36.24913572402967,2323789.7144404044,False
hvg5000,RP11-783K16.5,not an HGNC former symbol,,23080,43.12970680021677,2233815.113537676,False
hvg5000,SGOL2,rescued,SGO2,21567,40.30235643675368,2214315.800677741,False
hvg5000,SSFA2,rescued,ITPRID2,22732,42.47939752957225,2207641.021395524,False
hvg5000,PRKRIR,rescued,THAP12,22601,42.234597200680206,2112546.7638707953,False
hvg5000,RP11-620J15.3,not an HGNC former symbol,,18073,33.77310186309869,1884291.5401986395,False
hvg5000,FAM64A,rescued,PIMREG,18334,34.26083381608208,1679018.691827656,False
hvg5000,RP11-532F12.5,not an HGNC former symbol,,16313,30.484181413862053,1514668.4145854893,False
hvg5000,FAM84B,rescued,LRATD2,14694,27.45874834152449,1489272.8789907978,False
hvg5000,RP11-554I8.2,not an HGNC former symbol,,14335,26.787883318072243,1484750.3427161467,False
hvg5000,HIST1H1B,rescued,H1-5,9900,18.500177526956065,1469273.386312964,False
hvg5000,HIST1H1D,rescued,H1-3,9809,18.330125390092128,1409184.778487714,False
hvg5000,MFI2,rescued,MELTF,14645,27.36718180629006,1284344.1845753484,False
hvg5000,LYRM5,rescued,ETFRF1,16096,30.07867247210958,1208548.625841929,False
hvg5000,RP11-395G23.3,not an HGNC former symbol,,12261,22.912189561414984,1064593.2023420343,False
hvg5000,FAM46A,rescued,TENT5A,11743,21.94420047465102,1006944.6881473004,False
hvg5000,FYB,rescued,FYB1,6781,12.671687253564553,934629.5688716128,False
hvg5000,HIST1H2AC,rescued,H2AC6,8935,16.696877394278026,897694.7024537476,False
hvg5000,FAM129A,rescued,NIBAN1,10748,20.0848391979519,881335.1285809826,False
hvg5000,MARCH9,rescued,MARCHF9,11409,21.320053071216343,849114.0801253959,False
hvg5000,RARRES3,rescued,PLAAT4,7227,13.505129594677928,793398.3650751781,False
hvg5000,RP13-463N16.6,not an HGNC former symbol,,8602,16.07459869564405,763294.3473418315,False
hvg5000,SEPP1,rescued,SELENOP,5687,10.627324201595874,758054.7946718856,False
hvg5000,KIAA1551,rescued,RESF1,10607,19.82135182105283,755840.5882118313,False
hvg5000,LINC00162,rescued,PICSAR,5328,9.956459178143628,738022.5267034064,False
hvg5000,HIST1H2BD,rescued,H2BC5,8277,15.467269635415692,725721.5255218497,False
hvg5000,RP3-460G2.2,not an HGNC former symbol,,8443,15.77747463233233,686343.321602188,False
hvg5000,AC006262.5,not an HGNC former symbol,,5514,10.30403827107432,677085.3135831342,False
hvg5000,C15orf52,rescued,CCDC9B,8984,16.788443929512457,671247.6512974135,False
hvg5000,TMEM173,rescued,STING1,8959,16.74172630949489,660244.9039197483,False
hvg5000,C1orf61,rescued,MIR9-1HG,5151,9.625698428419264,654397.6884986229,False
hvg5000,HIST1H2BJ,rescued,H2BC11,6773,12.656737615158931,643655.6747220799,False
hvg5000,RP11-49I11.1,not an HGNC former symbol,,7429,13.88260796441986,614759.4159114043,False
hvg5000,LINC00704,rescued,MANCR,6506,12.15779343337133,607784.1527080624,False
hvg5000,C16orf45,rescued,BMERB1,6677,12.47734195429148,578174.759465817,False
hvg5000,HIST1H1A,rescued,H1-1,4593,8.582961149627193,558162.584567063,False
hvg5000,TMSB15B,not an HGNC former symbol,,7367,13.766748266776297,551596.81304785,False
hvg5000,C1orf186,rescued,RHEX,3777,7.058098032253844,516152.0638128415,False
hvg5000,C8orf4,rescued,TCIM,5031,9.401453852334948,515269.66018457344,False
hvg5000,NOV,rescued,CCN3,4747,8.870741688935398,508788.9923948679,False
hvg5000,RP11-669N7.2,not an HGNC former symbol,,2943,5.499598228467849,470081.88698958093,False
hvg5000,RP5-1172A22.1,not an HGNC former symbol,,3866,7.22441275951638,464092.320491805,False
hvg5000,HIST1H2BC,rescued,H2BC4,6016,11.24212808102704,425484.5453842642,False
hvg5000,CTD-2090I13.1,not an HGNC former symbol,,3931,7.345878571562051,420121.2835863194,False
hvg5000,AC098973.2,not an HGNC former symbol,,5274,9.855549118905689,419380.9661837495,False
hvg5000,RGS5,not an HGNC former symbol,,2031,3.795339450227048,415808.63457728934,False
hvg5000,C2orf82,rescued,SNORC,4263,7.966288565395324,387852.6668037236,False
hvg5000,HIST1H2BH,rescued,H2BC9,4973,9.293068973894195,381317.9414790651,False
hvg5000,GS1-600G8.5,not an HGNC former symbol,,1767,3.3020013828415524,359546.2972038643,False
hvg5000,HRASLS,rescued,PLAAT1,4884,9.12675424663166,352467.6807263751,False
hvg5000,CCDC64B,rescued,BICDL2,5325,9.95085306374152,352237.2806779655,False
hvg5000,RP5-884M6.1,not an HGNC former symbol,,4661,8.710033076074973,329268.8334592108,False
hvg5000,KIAA1462,rescued,JCAD,4166,7.78502419972717,298011.5988363137,False
hvg5000,C10orf11,rescued,LRMDA,3767,7.039410984246819,293964.0196521323,False
hvg5000,HIST1H2AM,rescued,H2AC17,4144,7.743912694111711,289905.8549453882,False
hvg5000,HIST2H2BE,rescued,H2BC21,3929,7.342141161960646,281436.6437090819,False
hvg5000,AC002454.1,not an HGNC former symbol,,3921,7.327191523555024,280485.8829669792,False
hvg5000,FAM84A,rescued,LRATD1,3187,5.955562199839291,274933.40010527853,False
hvg5000,PVRL4,rescued,NECTIN4,3818,7.134714929082653,263903.3861535818,False
hvg5000,RP11-10A14.5,not an HGNC former symbol,,2791,5.215555098761049,254361.34884380864,False
hvg5000,CCAT1,not an HGNC former symbol,,3221,6.019098163063181,252904.59700089775,False
hvg5000,C10orf10,rescued,DEPP1,3266,6.103189879094799,249881.2768686317,False
hvg5000,FAM195B,rescued,MCRIP1,3186,5.953693495038589,249437.46335460473,False
hvg5000,HIST3H2A,"renamed, current symbol also absent",H2AC25,2955,5.522022686076281,246703.00775447,False
hvg5000,RLTPR,rescued,CARMIL2,3249,6.071421897482854,232501.2985038237,False
hvg5000,FAM101A,rescued,RFLNA,2367,4.4232242632631324,231701.6880011244,False
hvg5000,KIAA1324,rescued,ELAPOR1,3491,6.523648459252891,230047.35969869175,False
hvg5000,SDPR,rescued,CAVIN2,2599,4.856763777026144,213315.53207930992,False
hvg5000,LINC00473,not an HGNC former symbol,,2547,4.759591127389607,211721.9440546546,False
hvg5000,HIST1H2AE,rescued,H2AC8,3051,5.701418346943734,204562.693504104,False
hvg5000,HIST1H4H,rescued,H4C8,2633,4.920299740250033,198512.51910015437,False
hvg5000,CTA-392C11.1,not an HGNC former symbol,,1455,2.718965485022331,182948.8354478348,False
hvg5000,RP11-53O19.1,not an HGNC former symbol,,1965,3.6720049333806735,149293.91980632453,False
hvg5000,RP3-428L16.2,not an HGNC former symbol,,2054,3.838319660643208,137897.55956675348,False
hvg5000,RP11-111M22.2,not an HGNC former symbol,,2163,4.042008483919795,131704.66528467057,False
hvg5000,RP5-1021I20.2,not an HGNC former symbol,,1225,2.2891633808607255,127547.86270833714,False
hvg5000,RP11-369C8.1,not an HGNC former symbol,,457,0.8539980939211033,120870.9608695242,False
hvg5000,RP11-400N13.3,not an HGNC former symbol,,971,1.8145123614822567,113549.13880121536,False
hvg5000,RP11-115J23.1,not an HGNC former symbol,,1722,3.2179096668099336,113325.94885434648,False
hvg5000,RP11-308N19.1,not an HGNC former symbol,,1221,2.281688561657915,112638.61754534916,False
hvg5000,SEPT4,rescued,SEPTIN4,1407,2.6292676545886047,105746.03022175304,False
hvg5000,AC020571.3,not an HGNC former symbol,,1436,2.683460093808981,105162.92009546635,False
hvg5000,HIST1H2BG,rescued,H2BC8,1695,3.1674546371909633,104530.7497935864,False
hvg5000,C4orf26,rescued,ODAPH,1043,1.9490591071328465,102177.992488822,False
hvg5000,ZNF582-AS1,rescued,ZNF582-DT,1418,2.6498234073963336,101674.13946808322,False
hvg5000,RP11-81H3.2,not an HGNC former symbol,,1310,2.4480032889204493,101274.30913945987,False
hvg5000,AC093901.1,not an HGNC former symbol,,1432,2.6759852746061705,100746.32831782592,False
hvg5000,SFTA3,not an HGNC former symbol,,1214,2.2686076280529965,99033.67294556912,False
hvg5000,RP11-366H4.1,not an HGNC former symbol,,1291,2.412497897707099,96082.06549813788,False
hvg5000,AC104655.3,not an HGNC former symbol,,776,1.4501149253452432,94451.1364853503,False
hvg5000,RP11-3B12.5,not an HGNC former symbol,,1053,1.9677461551398725,90453.80086625316,False
hvg5000,CTD-2147F2.1,not an HGNC former symbol,,1082,2.021938594360249,89973.39146637911,False
hvg5000,HIST1H4E,rescued,H4C5,1361,2.5433072337562836,82857.71344567844,False
hvg5000,HIF1A-AS2,not an HGNC former symbol,,910,1.700521368639396,80215.088739613,False
hvg5000,RP11-161D15.1,not an HGNC former symbol,,448,0.8371797507147796,78604.71812613355,False
hvg5000,LINC00176,rescued,C20orf204,1109,2.07239362397922,75680.24849243346,False
hvg5000,KIAA0226L,rescued,RUBCNL,941,1.7584512174611775,75384.08640842176,False
hvg5000,AC104654.2,not an HGNC former symbol,,853,1.594005194999346,74501.95021159865,False
hvg5000,RP5-943J3.2,not an HGNC former symbol,,1134,2.119111243996786,70095.0989904395,False
hvg5000,WISP2,rescued,CCN5,992,1.853755162297012,67241.2772203068,False
hvg5000,C1orf64,rescued,SRARP,604,1.1286976996243905,64618.324058825325,False
hvg5000,RP11-553A10.1,not an HGNC former symbol,,779,1.4557210397473512,59171.95682295874,False
hvg5000,ALPPL2,rescued,ALPG,612,1.1436473380300114,55362.662774730175,False
hvg5000,LRMP,rescued,IRAG2,288,0.5381869826023583,55101.59157484495,False
hvg5000,CTD-2207A17.1,not an HGNC former symbol,,567,1.059555621998393,51282.960215333034,False
hvg5000,FAM19A3,rescued,TAFA3,671,1.253900921271467,44260.15239242918,False
hvg5000,RP1-28O10.1,not an HGNC former symbol,,778,1.4538523349466486,43128.83295062386,False
hvg5000,AC147651.4,not an HGNC former symbol,,581,1.0857174892082295,42616.24481166873,False
hvg5000,RP11-180O5.2,not an HGNC former symbol,,521,0.9735952011660718,42050.82386715515,False
hvg5000,RP11-1L9.1,not an HGNC former symbol,,301,0.5624801450114925,39520.95029334643,False
hvg5000,CTD-2130O13.1,not an HGNC former symbol,,294,0.5493992114065741,39136.72305582822,False
hvg5000,RP11-41O4.1,not an HGNC former symbol,,480,0.8969783043372639,37917.56153515894,False
hvg5000,LINC00675,rescued,TMEM238L,504,0.9418272195541272,36553.174438371425,False
hvg5000,CTC-347C20.2,not an HGNC former symbol,,467,0.8726851419281296,36084.47816305784,False
hvg5000,AC116035.1,not an HGNC former symbol,,423,0.7904621306972137,35363.40050714157,False
hvg5000,AC004988.1,not an HGNC former symbol,,347,0.6484405658438137,34486.49468374928,False
hvg5000,RP11-454P21.1,not an HGNC former symbol,,384,0.717582643469811,32365.37536982944,False
hvg5000,RP11-723G8.2,not an HGNC former symbol,,250,0.4671762001756582,32047.694820442463,False
hvg5000,C1orf143,rescued,LINC02869,523,0.9773326107674772,31108.151202134883,False
hvg5000,RP11-81H14.2,not an HGNC former symbol,,206,0.3849531889447424,30837.42616489181,False
hvg5000,RP11-555G19.1,not an HGNC former symbol,,535,0.9997570683759086,30667.70517464251,False
hvg5000,RP11-127O4.3,not an HGNC former symbol,,395,0.7381383962775401,30302.108180594612,False
hvg5000,DPH6-AS1,rescued,DPH6-DT,522,0.9754639059667743,29943.153571927283,False
hvg5000,AC015922.6,not an HGNC former symbol,,268,0.5008128865883057,29806.94313472339,False
hvg5000,FAM57B,rescued,TLCD3B,503,0.9399585147534244,29654.251340893745,False
hvg5000,KIAA1211,rescued,CRACD,455,0.850260684319698,27351.629637111822,False
hvg5000,CTD-2377D24.6,not an HGNC former symbol,,480,0.8969783043372639,27050.881086799425,False
hvg5000,KIAA2022,rescued,NEXMIF,378,0.7063704146655952,26616.14378414266,False
hvg5000,FAM150B,rescued,ALKAL2,405,0.7568254442845663,26596.36302939001,False
hvg5000,AC078883.3,not an HGNC former symbol,,441,0.8240988171098612,26498.826621730503,False
hvg5000,RP11-465L10.10,not an HGNC former symbol,,445,0.8315736363126717,25999.295165783667,False
hvg5000,RP11-59D5__B.2,not an HGNC former symbol,,382,0.7138452338684058,25958.144382063183,False
hvg5000,RP11-774D14.1,not an HGNC former symbol,,345,0.6447031562424084,25699.134205426773,False
hvg5000,DPCR1,rescued,MUCL3,222,0.4148524657559845,25694.01295645744,False
hvg5000,MUM1L1,rescued,PWWP3B,409,0.7643002634873769,25600.74105272864,False
hvg5000,RP11-362F19.1,not an HGNC former symbol,,380,0.7101078242670005,24889.777493927715,False
hvg5000,RP11-527L4.2,not an HGNC former symbol,,357,0.66712761385084,24803.27953016808,False
hvg5000,ALS2CR11,"renamed, current symbol also absent",CATSPERT,417,0.7792499018929979,24294.921941919933,False
hvg5000,ACPP,rescued,ACP3,342,0.6390970418403005,24009.09387899615,False
hvg5000,RP11-771K4.1,not an HGNC former symbol,,402,0.7512193298824584,23836.426416838305,False
hvg5000,LINC00693,not an HGNC former symbol,,292,0.5456618018051689,23800.475065065464,False
hvg5000,RP1-40E16.9,not an HGNC former symbol,,305,0.569954964214303,23646.268112518483,False
hvg5000,HIST1H2AA,rescued,H2AC1,151,0.2821744249060976,22467.248639221307,False
hvg5000,AC145110.1,not an HGNC former symbol,,218,0.407377646553174,21828.58811989496,False
hvg5000,RP11-7F18.2,not an HGNC former symbol,,369,0.6895520714592717,21577.14105761871,False
hvg5000,AC010987.6,not an HGNC former symbol,,333,0.6222786986339768,21135.485937341396,False
hvg5000,RP11-401P9.4,not an HGNC former symbol,,297,0.555005325808682,21045.641652844173,False
hvg5000,GRASP,rescued,TAMALIN,326,0.6091977650290583,20743.44468302563,False
hvg5000,BZRAP1-AS1,rescued,TSPOAP1-AS1,330,0.6166725842318689,19815.757240429662,False
hvg5000,RP11-234B24.2,not an HGNC former symbol,,267,0.4989441817876029,19603.68953089571,False
hvg5000,CTD-2171N6.1,not an HGNC former symbol,,237,0.442883037766524,18988.329546476496,False
hvg5000,RP11-95P13.1,not an HGNC former symbol,,292,0.5456618018051689,18920.369934838975,False
hvg5000,C10orf128,rescued,TMEM273,245,0.4578326761721451,18729.082521021595,False
hvg5000,RP11-382D12.2,not an HGNC former symbol,,337,0.6297535178367873,18697.295938961695,False
hvg5000,RP11-702B10.2,not an HGNC former symbol,,305,0.569954964214303,18567.440500068893,False
hvg5000,CTC-360G5.9,not an HGNC former symbol,,319,0.59611683142414,18396.33482759726,False
hvg5000,RP11-102M11.2,not an HGNC former symbol,,285,0.5325808682002504,17557.235295983803,False
hvg5000,RP11-141J13.5,not an HGNC former symbol,,252,0.4709136097770635,17354.39643231924,False
hvg5000,RP11-1102P16.1,not an HGNC former symbol,,227,0.4241959897594977,17261.257050921144,False
hvg5000,RP11-452H21.4,not an HGNC former symbol,,285,0.5325808682002504,16980.092624343135,False
hvg5000,RP4-668J24.2,not an HGNC former symbol,,292,0.5456618018051689,16698.698939779504,False
hvg5000,RP11-356I2.1,not an HGNC former symbol,,215,0.4017715321510661,16506.433355024783,False
hvg5000,RP4-655J12.4,not an HGNC former symbol,,240,0.4484891521686319,16262.291076066098,False
hvg5000,RP11-514D23.3,not an HGNC former symbol,,188,0.351316502532095,16038.527332279516,False
hvg5000,RP11-532M24.1,not an HGNC former symbol,,251,0.4690449049763609,15677.239810952828,False
hvg5000,RP11-346C20.3,not an HGNC former symbol,,241,0.4503578569693345,15379.15872717196,False
hvg5000,CTB-179K24.3,not an HGNC former symbol,,246,0.4597013809728477,15228.941845655812,False
hvg5000,RP1-193H18.2,not an HGNC former symbol,,229,0.4279333993609029,14414.078997715931,False
hvg5000,AC116614.1,not an HGNC former symbol,,239,0.4466204473679293,14388.232493943518,False
hvg5000,RP11-148B18.1,not an HGNC former symbol,,246,0.4597013809728477,14234.91272433835,False
hvg5000,RP11-380L11.4,not an HGNC former symbol,,231,0.4316708089623082,14097.269656454451,False
hvg5000,LL22NC03-32F9.1,not an HGNC former symbol,,231,0.4316708089623082,13767.849487514057,False
hvg5000,RP11-710C12.1,not an HGNC former symbol,,206,0.3849531889447424,13681.697222980554,False
hvg5000,RP1-124C6.1,not an HGNC former symbol,,257,0.4802571337805767,13232.338587354165,False
hvg5000,DUSP27,rescued,STYXL2,134,0.2504064432941528,13142.738704802889,False
hvg5000,RP5-933K21.3,not an HGNC former symbol,,248,0.4634387905742529,13044.072414636164,False
hvg5000,CGB,rescued,CGB3,184,0.3438416833292844,12991.370559781288,False
hvg5000,CTD-2532N20.1,not an HGNC former symbol,,201,0.3756096649412292,12815.883715507403,False
hvg5000,RP11-63A1.1,not an HGNC former symbol,,218,0.407377646553174,12803.465420591228,False
hvg5000,RP11-277P12.10,not an HGNC former symbol,,153,0.2859118345075028,12802.450791221969,False
hvg5000,LINC00619,not an HGNC former symbol,,205,0.3830844841440398,12770.355613261683,False
hvg5000,RP11-798K3.3,not an HGNC former symbol,,184,0.3438416833292844,12740.937397896669,False
hvg5000,RP11-20G13.3,not an HGNC former symbol,,210,0.3924280081475529,12334.426453886936,False
hvg5000,PRR26,rescued,DIP2C-AS1,212,0.3961654177489582,12238.474981384348,False
hvg5000,CASC1,"renamed, current symbol also absent",DNAI7,185,0.3457103881299871,11996.446928096264,False
hvg5000,RP13-735L24.1,not an HGNC former symbol,,189,0.3531852073327976,11960.882780565174,False
hvg5000,RP11-402J6.1,not an HGNC former symbol,,201,0.3756096649412292,11882.411605558978,False
hvg5000,CTD-2118P12.1,not an HGNC former symbol,,207,0.386821893745445,11837.140350010442,False
hvg5000,RP5-899B16.1,not an HGNC former symbol,,185,0.3457103881299871,11707.25449551105,False
hvg5000,RP11-475O6.1,not an HGNC former symbol,,208,0.3886905985461477,11588.973002447796,False
hvg5000,RP11-576I22.2,not an HGNC former symbol,,182,0.3401042737278792,11468.392065791522,False
hvg5000,AC006159.4,not an HGNC former symbol,,174,0.3251546353222581,11338.166714705894,False
hvg5000,XX-CR54.1,not an HGNC former symbol,,154,0.2877805393082055,11234.698002456496,False
hvg5000,RP11-557H15.3,not an HGNC former symbol,,181,0.3382355689271765,11073.505175530809,False
hvg5000,RP11-3J1.1,not an HGNC former symbol,,193,0.3606600265356082,10953.61949062024,False
hvg5000,FAM69C,rescued,DIPK1C,160,0.2989927681124213,10793.448868958256,False
hvg5000,RP11-347C12.1,not an HGNC former symbol,,193,0.3606600265356082,10690.431428754684,False
hvg5000,RP11-136K7.2,not an HGNC former symbol,,148,0.2765683105039897,10633.749540565184,False
hvg5000,RP11-148L24.1,not an HGNC former symbol,,134,0.2504064432941528,10611.85762550724,False
hvg5000,RP5-1024C24.1,not an HGNC former symbol,,196,0.3662661409377161,10610.558205658406,False
hvg5000,FAM26D,rescued,CALHM4,164,0.3064675873152318,10592.942403637657,False
hvg5000,ANO1-AS2,rescued,LINC02584,140,0.2616186720983686,10420.151564727656,False
hvg5000,AC005775.2,not an HGNC former symbol,,167,0.3120737017173397,9887.622852787168,False
hvg5000,RP11-513G11.4,not an HGNC former symbol,,174,0.3251546353222581,9746.591020410324,False
hvg5000,AC195454.1,not an HGNC former symbol,,111,0.2074262328779922,9672.134897164588,False
hvg5000,TMEM35,rescued,TMEM35A,128,0.239194214489937,9551.919462882212,False
hvg5000,FAM198A,rescued,GASK1A,162,0.3027301777138265,9490.373675043891,False
hvg5000,RP11-267C16.1,not an HGNC former symbol,,148,0.2765683105039897,9380.976405880136,False
hvg5000,RP11-350G8.5,not an HGNC former symbol,,170,0.3176798161194476,9127.080283547442,False
hvg5000,RP11-317P15.4,not an HGNC former symbol,,152,0.2840431297068002,9120.610744410327,False
hvg5000,C10orf107,rescued,CABCOCO1,144,0.2690934913011791,9022.90030580932,False
hvg5000,RP11-474D1.3,not an HGNC former symbol,,111,0.2074262328779922,8896.248094384884,False
hvg5000,C11orf88,rescued,HOATZ,76,0.1420215648534001,8654.894487548592,False
hvg5000,RP11-444D3.1,not an HGNC former symbol,,139,0.259749967297666,8410.428251985211,False
hvg5000,RP11-504A18.1,not an HGNC former symbol,,157,0.2933866537103134,8268.742514527858,False
hvg5000,AC093642.3,not an HGNC former symbol,,135,0.2522751480948554,8238.277937845407,False
hvg5000,FIGF,rescued,VEGFD,135,0.2522751480948554,8237.233241768234,False
hvg5000,CECR1,rescued,ADA2,109,0.203688823276587,8224.42932971473,False
hvg5000,RP11-586D19.1,not an HGNC former symbol,,125,0.2335881000878291,8130.330102321589,False
hvg5000,RP11-145G20.1,not an HGNC former symbol,,118,0.2205071664829107,8080.316878686968,False
hvg5000,AC002429.5,not an HGNC former symbol,,108,0.2018201184758843,8048.458161737375,False
hvg5000,RP11-219G17.4,not an HGNC former symbol,,138,0.2578812624969633,7920.201191703251,False
hvg5000,KIAA1683,rescued,IQCN,141,0.2634873768990712,7837.775117652092,False
hvg5000,RP13-631K18.2,not an HGNC former symbol,,137,0.2560125576962607,7754.87102676031,False
hvg5000,RP4-530I15.6,not an HGNC former symbol,,102,0.1906078896716685,7532.343330399206,False
hvg5000,C6orf222,rescued,BNIP5,117,0.218638461682208,7199.171392900766,False
hvg5000,AC140542.2,not an HGNC former symbol,,70,0.1308093360491843,7048.281511479866,False
hvg5000,CTD-2026G6.3,not an HGNC former symbol,,114,0.2130323472801001,6983.3609112794,False
hvg5000,RP11-489D6.2,not an HGNC former symbol,,122,0.2279819856857212,6905.807341007555,False
hvg5000,RP11-367G6.3,not an HGNC former symbol,,95,0.1775269560667501,6854.547788418856,False
hvg5000,RP4-737E23.2,not an HGNC former symbol,,112,0.2092949376786949,6473.980582734635,False
hvg5000,AC010890.1,not an HGNC former symbol,,90,0.1681834320632369,6429.710234225788,False
hvg5000,LL22NC03-104C7.1,not an HGNC former symbol,,76,0.1420215648534001,6319.549205862899,False
hvg5000,RGAG1,rescued,RTL9,123,0.2298506904864238,6291.468183952478,False
hvg5000,RP11-61E11.2,not an HGNC former symbol,,99,0.1850017752695606,6202.076846686471,False
hvg5000,FAM153B,not an HGNC former symbol,,112,0.2092949376786949,6058.939348493399,False
hvg5000,RP5-1065P14.2,not an HGNC former symbol,,107,0.1999514136751817,5891.635886719873,False
hvg5000,RP11-563K23.1,not an HGNC former symbol,,93,0.1737895464653448,5871.848067099258,False
hvg5000,RP11-70C1.1,not an HGNC former symbol,,61,0.1139909928428606,5744.947593755552,False
hvg5000,ERVMER61-1,not an HGNC former symbol,,93,0.1737895464653448,5675.008269520498,False
hvg5000,RP11-165J3.6,not an HGNC former symbol,,94,0.1756582512660475,5616.353762855344,False
hvg5000,RP11-684B21.1,not an HGNC former symbol,,98,0.183133070468858,5547.164980452119,False
hvg5000,RPL34-AS1,rescued,RPL34-DT,84,0.1569712032590211,5421.3663246316155,False
hvg5000,RP11-429A20.4,not an HGNC former symbol,,81,0.1513650888569132,5401.259361942516,False
hvg5000,AC093609.1,not an HGNC former symbol,,96,0.1793956608674527,5401.127212162757,False
hvg5000,RP11-343H19.1,not an HGNC former symbol,,85,0.1588399080597238,5370.978984911289,False
hvg5000,AC073342.12,not an HGNC former symbol,,80,0.1494963840562106,4993.483988223365,False
hvg5000,RP11-326A19.4,not an HGNC former symbol,,86,0.1607086128604264,4987.89754313384,False
hvg5000,PTCHD2,rescued,DISP3,73,0.1364154504512922,4879.243836241735,False
hvg5000,CTB-12O2.1,not an HGNC former symbol,,69,0.1289406312484816,4716.255762798625,False
hvg5000,AC109333.10,not an HGNC former symbol,,87,0.162577317661129,4601.4363759588505,False
hvg5000,DDX26B-AS1,rescued,INTS6L-AS1,79,0.147627679255508,4571.52770664119,False
hvg5000,RP11-347E10.1,not an HGNC former symbol,,67,0.1252032216470764,4483.2154760583035,False
hvg5000,HIST1H2BB,rescued,H2BC3,77,0.1438902696541027,4435.893217051394,False
hvg5000,RNF219-AS1,rescued,OBI1-AS1,71,0.1326780408498869,4134.507590713105,False
hvg5000,CTD-2235C13.3,not an HGNC former symbol,,64,0.1195971072449685,4023.748388194202,False
hvg5000,AL035610.2,not an HGNC former symbol,,58,0.1083848784407527,4015.556250663851,False
hvg5000,RP11-554A11.9,not an HGNC former symbol,,69,0.1289406312484816,4003.677263120988,False
hvg5000,RP11-143A12.3,not an HGNC former symbol,,55,0.1027787640386448,3968.2327995441497,False
hvg5000,RP5-952N6.1,not an HGNC former symbol,,65,0.1214658120456711,3911.7668554481943,False
hvg5000,AC019181.2,not an HGNC former symbol,,61,0.1139909928428606,3830.6153009500354,False
hvg5000,RP11-540E16.2,not an HGNC former symbol,,48,0.0896978304337263,3573.7794287820197,False
hvg5000,PAK7,rescued,PAK5,55,0.1027787640386448,3442.7408899560014,False
hvg5000,AP001059.5,not an HGNC former symbol,,54,0.1009100592379421,3397.7342085165496,False
hvg5000,OCLM,not an HGNC former symbol,,56,0.1046474688393474,3312.1250599082377,False
hvg5000,RP11-166B2.8,not an HGNC former symbol,,51,0.0953039448358342,3287.56339314681,False
hvg5000,RP11-766F14.2,not an HGNC former symbol,,49,0.091566535234429,3278.626701562754,False
hvg5000,RP1-92O14.6,not an HGNC former symbol,,58,0.1083848784407527,3164.4469233463624,False
hvg5000,RP11-766N7.3,not an HGNC former symbol,,47,0.0878291256330237,3144.767099309227,False
hvg5000,AP000439.3,not an HGNC former symbol,,46,0.0859604208323211,3035.190966446993,False
hvg5000,RP11-745C15.2,not an HGNC former symbol,,46,0.0859604208323211,2989.2899642982215,False
hvg5000,LINC00977,not an HGNC former symbol,,30,0.0560611440210789,2981.5106788796093,False
hvg5000,C10orf113,rescued,NEBL,45,0.0840917160316184,2931.700073227947,True
hvg5000,LINC00444,rescued,SUCLA2,44,0.0822230112309158,2834.2966393588813,False
hvg5000,AL928742.12,not an HGNC former symbol,,54,0.1009100592379421,2827.8147515247324,False
hvg5000,CTD-2023N9.3,not an HGNC former symbol,,39,0.0728794872274026,2817.5825405301393,False
hvg5000,RP1-34H18.1,not an HGNC former symbol,,50,0.0934352400351316,2808.47419242344,False
hvg5000,RP11-353N14.5,not an HGNC former symbol,,56,0.1046474688393474,2775.144588302928,False
hvg5000,RP13-614K11.2,not an HGNC former symbol,,43,0.0803543064302132,2684.9463461313417,False
hvg5000,RP11-15B17.1,not an HGNC former symbol,,40,0.0747481920281053,2682.018470543778,False
hvg5000,AC005042.4,not an HGNC former symbol,,49,0.091566535234429,2665.376669346725,False
hvg5000,RP1-302G2.5,not an HGNC former symbol,,42,0.0784856016295105,2654.209656955395,False
hvg5000,RP11-449D8.1,not an HGNC former symbol,,29,0.0541924392203763,2648.5655212241127,False
hvg5000,DGCR9,"renamed, current symbol also absent",DGCR5,44,0.0822230112309158,2637.4946812498433,False
hvg5000,RP11-7F17.5,not an HGNC former symbol,,46,0.0859604208323211,2636.00137132901,False
hvg5000,AC124944.3,not an HGNC former symbol,,44,0.0822230112309158,2615.681830620003,False
hvg5000,RP11-63L7.5,not an HGNC former symbol,,41,0.0766168968288079,2592.811797570862,False
hvg5000,CTC-436P18.1,not an HGNC former symbol,,43,0.0803543064302132,2591.025689505881,False
hvg5000,RP11-85L21.4,not an HGNC former symbol,,37,0.0691420776259974,2579.5010717651503,False
hvg5000,HIST1H4F,rescued,H4C6,41,0.0766168968288079,2467.6639907961276,False
hvg5000,RP1-90G24.6,not an HGNC former symbol,,33,0.0616672584231868,2450.3364962390897,False
hvg5000,RP11-693J15.5,not an HGNC former symbol,,36,0.0672733728252947,2365.4785677588316,False
hvg5000,AC064834.3,not an HGNC former symbol,,35,0.0654046680245921,2337.68556645823,False
hvg5000,RP11-386I8.6,not an HGNC former symbol,,39,0.0728794872274026,2319.2983706041305,False
hvg5000,RP11-276E17.2,not an HGNC former symbol,,42,0.0784856016295105,2219.3456951314547,False
hvg5000,RP11-16N2.1,not an HGNC former symbol,,37,0.0691420776259974,2208.088112210654,False
hvg5000,RP4-663N10.1,not an HGNC former symbol,,33,0.0616672584231868,2149.2341082528505,False
hvg5000,CTD-2130F23.2,not an HGNC former symbol,,35,0.0654046680245921,2142.53972844186,False
hvg5000,AP001065.15,not an HGNC former symbol,,35,0.0654046680245921,2095.2939065248147,False
hvg5000,AC131097.4,not an HGNC former symbol,,33,0.0616672584231868,2073.328985982561,False
hvg5000,RP1-69M21.2,not an HGNC former symbol,,29,0.0541924392203763,2028.2298731836513,False
hvg5000,RP4-758J18.10,not an HGNC former symbol,,32,0.0597985536224842,2026.149421639661,False
hvg5000,RP11-283I3.2,not an HGNC former symbol,,31,0.0579298488217816,1898.4542550458723,False
hvg5000,RP11-1082L8.4,not an HGNC former symbol,,29,0.0541924392203763,1869.1607479165975,False
hvg5000,MIRLET7DHG,rescued,LINC02603,28,0.0523237344196737,1847.595774876664,False
hvg5000,RP11-295K2.3,not an HGNC former symbol,,25,0.0467176200175658,1831.233592407188,False
hvg5000,XXyac-YX155B6.5,not an HGNC former symbol,,27,0.050455029618971,1825.464278704303,False
hvg5000,RP11-272L13.3,not an HGNC former symbol,,28,0.0523237344196737,1811.5905695704564,False
hvg5000,RP4-529N6.1,not an HGNC former symbol,,19,0.03550539121335,1782.64152669311,False
hvg5000,RP11-309N24.1,not an HGNC former symbol,,16,0.0298992768112421,1774.8098963674563,False
hvg5000,RP11-61E11.1,not an HGNC former symbol,,30,0.0560611440210789,1771.6093672011552,False
hvg5000,CXorf36,rescued,DIPK2B,26,0.0485863248182684,1745.327121230243,False
hvg5000,LINC01032,"renamed, current symbol also absent",RGS2-AS1,27,0.050455029618971,1738.171080231036,False
hvg5000,PIH1D3,rescued,DNAAF6,18,0.0336366864126473,1696.7719494526157,False
hvg5000,RP11-43N5.1,not an HGNC former symbol,,24,0.0448489152168631,1689.5770436846958,False
hvg5000,RP11-665I14.1,not an HGNC former symbol,,32,0.0597985536224842,1687.6770952292725,False
hvg5000,RP11-160H22.3,not an HGNC former symbol,,30,0.0560611440210789,1673.8984505137453,False
hvg5000,AC092652.1,not an HGNC former symbol,,16,0.0298992768112421,1623.8689472626916,False
hvg5000,AC006004.1,not an HGNC former symbol,,22,0.0411115056154579,1590.9717195816445,False
hvg5000,CTB-113P19.1,not an HGNC former symbol,,20,0.0373740960140526,1511.5620965680262,False
hvg5000,PNMAL2,rescued,PNMA8B,24,0.0448489152168631,1500.1772801543116,False
hvg5000,AC092580.4,not an HGNC former symbol,,25,0.0467176200175658,1480.092303541123,False
hvg5000,RP11-626H12.3,not an HGNC former symbol,,24,0.0448489152168631,1466.3948594919866,False
hvg5000,LINC00302,not an HGNC former symbol,,22,0.0411115056154579,1457.818107446678,False
hvg5000,AC092620.3,not an HGNC former symbol,,20,0.0373740960140526,1454.7767030567247,False
hvg5000,RP11-172E9.2,not an HGNC former symbol,,25,0.0467176200175658,1450.5390438006275,False
hvg5000,RP11-390F4.10,not an HGNC former symbol,,24,0.0448489152168631,1449.7560800064366,False
hvg5000,AC005477.1,not an HGNC former symbol,,25,0.0467176200175658,1448.3284239770685,False
hvg5000,HIST1H2AD,rescued,H2AC7,27,0.050455029618971,1440.8001106599738,False
hvg5000,RP3-380B4.1,not an HGNC former symbol,,22,0.0411115056154579,1438.6303324462783,False
hvg5000,RP11-286B14.1,not an HGNC former symbol,,21,0.0392428008147552,1358.8614998636324,False
hvg5000,ANKRD20A2,rescued,ANKRD20A2P,21,0.0392428008147552,1328.2938446125152,False
hvg5000,AC002480.2,not an HGNC former symbol,,20,0.0373740960140526,1306.1171498103372,False
hvg5000,LOR,rescued,LORICRIN,16,0.0298992768112421,1219.2399527938692,False
hvg5000,RP1-166H4.2,not an HGNC former symbol,,20,0.0373740960140526,1201.6256005558805,False
hvg5000,RP11-336K24.5,not an HGNC former symbol,,18,0.0336366864126473,1154.810049575219,False
hvg5000,RP11-197K3.1,not an HGNC former symbol,,18,0.0336366864126473,1131.9144990848197,False
hvg5000,RP11-768G7.2,not an HGNC former symbol,,15,0.0280305720105394,1123.6481544909216,False
hvg5000,RP11-412H8.2,not an HGNC former symbol,,17,0.0317679816119447,1113.9135291083066,False
hvg5000,RP11-1033H12.1,not an HGNC former symbol,,15,0.0280305720105394,1067.5272120827656,False
hvg5000,CCL3L3,not an HGNC former symbol,,18,0.0336366864126473,1055.4572506080513,False
hvg5000,RP13-941N14.1,not an HGNC former symbol,,17,0.0317679816119447,1043.6449810685283,False
hvg5000,RP11-713P17.5,not an HGNC former symbol,,13,0.0242931624091342,1013.1374689161815,False
hvg5000,CTC-254B4.1,not an HGNC former symbol,,15,0.0280305720105394,1009.677590492137,False
hvg5000,AC005009.2,not an HGNC former symbol,,15,0.0280305720105394,967.4771985344414,False
hvg5000,RP11-279O17.1,not an HGNC former symbol,,12,0.0224244576084315,950.658594599479,False
hvg5000,RP13-991F5.2,not an HGNC former symbol,,19,0.03550539121335,948.5185711759344,False
hvg5000,AC073133.1,not an HGNC former symbol,,15,0.0280305720105394,933.482312180087,False
hvg5000,AC104777.2,not an HGNC former symbol,,13,0.0242931624091342,925.021708808784,False
hvg5000,RP11-299L17.3,not an HGNC former symbol,,16,0.0298992768112421,856.7955157589099,False
hvg5000,RP3-337H4.8,not an HGNC former symbol,,14,0.0261618672098368,853.975409548279,False
hvg5000,RP11-184I16.4,not an HGNC former symbol,,10,0.0186870480070263,810.5197044843239,False
hvg5000,AC018742.1,not an HGNC former symbol,,13,0.0242931624091342,770.233828339959,False
hvg5000,AC098973.1,not an HGNC former symbol,,12,0.0224244576084315,691.8830840563226,False
hvg5000,RP11-221J22.1,not an HGNC former symbol,,11,0.0205557528077289,678.6015905913853,False
hvg5000,C17orf74,rescued,SPEM2,13,0.0242931624091342,665.9509099581954,False
hvg5000,RP11-75N6.3,not an HGNC former symbol,,12,0.0224244576084315,620.77474477681,False
hvg5000,AC005237.4,not an HGNC former symbol,,10,0.0186870480070263,618.3710059261635,False
hvg5000,RP11-404L6.2,not an HGNC former symbol,,12,0.0224244576084315,577.5256189171238,False
hvg5000,RP11-159K7.2,not an HGNC former symbol,,6,0.0112122288042157,572.6098629652616,False
hvg5000,PRSS42,rescued,PRSS42P,12,0.0224244576084315,565.1942801035741,False
hvg5000,C1orf137,rescued,LINC02868,12,0.0224244576084315,546.603929251587,False
hvg5000,CTD-2033D15.1,not an HGNC former symbol,,10,0.0186870480070263,497.75954757361546,False
hvg5000,AC079776.3,not an HGNC former symbol,,6,0.0112122288042157,494.6570855754561,False
hvg5000,CTC-458G6.2,not an HGNC former symbol,,4,0.0074748192028105,492.8544362422353,False
hvg5000,AC069363.1,not an HGNC former symbol,,8,0.014949638405621,488.5492410879317,False
hvg5000,RP11-513G11.3,not an HGNC former symbol,,9,0.0168183432063236,480.6554714436476,False
hvg5000,RP11-531H8.1,not an HGNC former symbol,,6,0.0112122288042157,477.9041991749512,False
hvg5000,AC007879.6,not an HGNC former symbol,,7,0.0130809336049184,469.23353392984495,False
hvg5000,CXorf21,rescued,TASL,9,0.0168183432063236,467.5470874535188,False
hvg5000,RP11-903H12.3,not an HGNC former symbol,,8,0.014949638405621,465.6308920460696,False
hvg5000,RP11-121G22.3,not an HGNC former symbol,,7,0.0130809336049184,460.4441031688093,False
hvg5000,AC108051.3,not an HGNC former symbol,,5,0.0093435240035131,459.0613825604366,False
hvg5000,RP11-139K4.2,not an HGNC former symbol,,7,0.0130809336049184,453.2066111618654,False
hvg5000,CTD-2621I17.6,not an HGNC former symbol,,8,0.014949638405621,441.9564363832896,False
hvg5000,RP5-937E21.8,not an HGNC former symbol,,7,0.0130809336049184,436.90726571869726,False
hvg5000,XXbac-BPG308J9.3,not an HGNC former symbol,,9,0.0168183432063236,431.6599580916374,False
hvg5000,RP11-153K11.3,not an HGNC former symbol,,7,0.0130809336049184,431.4498953628861,False
hvg5000,RP11-375H19.2,not an HGNC former symbol,,6,0.0112122288042157,407.4014376040319,False
hvg5000,RP11-125M16.1,not an HGNC former symbol,,8,0.014949638405621,399.35225994679206,False
hvg5000,RP11-478P10.1,not an HGNC former symbol,,5,0.0093435240035131,358.0474774730683,False
hvg5000,RP11-192P3.4,not an HGNC former symbol,,4,0.0074748192028105,357.0830162420665,False
hvg5000,RP11-753N8.1,not an HGNC former symbol,,4,0.0074748192028105,348.00079551992553,False
hvg5000,AP000688.11,not an HGNC former symbol,,4,0.0074748192028105,331.7674084641494,False
hvg5000,RP11-578F21.6,not an HGNC former symbol,,6,0.0112122288042157,324.98758492730207,False
hvg5000,RP11-447B18.1,not an HGNC former symbol,,2,0.0037374096014052,323.0786448801173,False
hvg5000,RP11-644C3.1,not an HGNC former symbol,,5,0.0093435240035131,318.9986062325998,False
hvg5000,RP5-1139B12.3,not an HGNC former symbol,,5,0.0093435240035131,311.8329551847403,False
hvg5000,RP11-374M1.3,not an HGNC former symbol,,4,0.0074748192028105,305.9254688949586,False
hvg5000,RP11-327L3.3,not an HGNC former symbol,,4,0.0074748192028105,292.4145202404931,False
hvg5000,RP11-63B13.1,not an HGNC former symbol,,5,0.0093435240035131,290.8084960660422,False
hvg5000,AC008686.1,not an HGNC former symbol,,4,0.0074748192028105,284.249526701932,False
hvg5000,RP11-121E16.1,not an HGNC former symbol,,3,0.0056061144021078,274.1807274458193,False
hvg5000,RP11-291B21.2,not an HGNC former symbol,,3,0.0056061144021078,261.9226812606169,False
hvg5000,RP11-514D23.1,not an HGNC former symbol,,3,0.0056061144021078,261.1641355991705,False
hvg5000,AC079776.1,not an HGNC former symbol,,4,0.0074748192028105,257.02892266265394,False
hvg5000,AP000472.2,not an HGNC former symbol,,3,0.0056061144021078,217.4834697954844,False
hvg5000,RP5-1057I20.2,not an HGNC former symbol,,4,0.0074748192028105,211.24354645296748,False
hvg5000,RP11-406A9.2,not an HGNC former symbol,,3,0.0056061144021078,202.8506372145805,False
hvg5000,AP001891.1,not an HGNC former symbol,,2,0.0037374096014052,196.8532744396337,False
hvg5000,RP11-554L12.1,not an HGNC former symbol,,2,0.0037374096014052,148.1725156300689,False
hvg5000,CTD-2315E11.1,not an HGNC former symbol,,2,0.0037374096014052,146.10969826993158,False
hvg5000,AC007365.1,not an HGNC former symbol,,2,0.0037374096014052,131.8539057204249,False
