rep,alpha,drug,cell_line,n_cells,within_line_sd,line_mean_pred
X_pca,0.0,doxorubicin,NCIH2126_LUNG,264,0.02647655932778203,0.4888946888121692
X_pca,0.0,doxorubicin,SW579_THYROID,217,0.024423004634433965,0.5718138684874855
X_pca,0.0,doxorubicin,NCIH446_LUNG,196,0.03041491198869427,0.5081733554905775
X_pca,0.0,doxorubicin,HEC251_ENDOMETRIUM,107,0.03134844847555583,0.6030324324269161
X_pca,0.0,doxorubicin,MFE319_ENDOMETRIUM,191,0.036758824590264944,0.5451425131390856
X_pca,0.0,doxorubicin,SKNAS_AUTONOMIC_GANGLIA,226,0.027446436390173242,0.504532072000799
X_pca,0.0,doxorubicin,NCIH2452_PLEURA,538,0.027758209918756587,0.5930623282508779
X_pca,0.0,doxorubicin,COLO741_SKIN,329,0.022413034915266805,0.5754516199004687
X_pca,0.0,doxorubicin,KNS42_CENTRAL_NERVOUS_SYSTEM,172,0.02241813683404432,0.5751946461062099
X_pca,0.0,doxorubicin,MCF7_BREAST,143,0.019795892082890204,0.6671334442558822
X_pca,0.0,doxorubicin,HT1197_URINARY_TRACT,74,0.02024213493543346,0.5817575051977828
X_pca,0.0,doxorubicin,SNU899_UPPER_AERODIGESTIVE_TRACT,83,0.02156792850726492,0.4945597228515579
X_pca,0.0,doxorubicin,HCC38_BREAST,200,0.029412018448059022,0.5821885746717453
X_pca,0.0,doxorubicin,SNU308_BILIARY_TRACT,94,0.02525258442155569,0.572656567426438
X_pca,0.0,doxorubicin,SW1271_LUNG,115,0.022685010131822846,0.5906182201012321
X_pca,0.0,doxorubicin,TM31_CENTRAL_NERVOUS_SYSTEM,116,0.02036073770989413,0.5495682661903316
X_pca,0.0,doxorubicin,NCIH747_LARGE_INTESTINE,80,0.02502548501900451,0.6467859581112861
X_pca,0.0,doxorubicin,KPNSI9S_AUTONOMIC_GANGLIA,129,0.026985038902701965,0.5344000218450561
X_pca,0.0,doxorubicin,SQ1_LUNG,238,0.03150500201784167,0.5842463489340133
X_pca,0.0,doxorubicin,IALM_LUNG,322,0.023380379469894564,0.5816571812451996
X_pca,0.0,doxorubicin,BT474_BREAST,125,0.01666308333971356,0.6317192058563232
X_pca,0.0,doxorubicin,DKMG_CENTRAL_NERVOUS_SYSTEM,271,0.02718934728731556,0.536300527653571
X_pca,0.0,doxorubicin,BT549_BREAST,266,0.022672009226106616,0.5761648147626031
X_pca,0.0,doxorubicin,BICR6_UPPER_AERODIGESTIVE_TRACT,286,0.030596347696482472,0.5783205403314604
X_pca,0.0,doxorubicin,SH10TC_STOMACH,351,0.0313676407200633,0.6746396746730533
X_pca,0.0,doxorubicin,UMUC1_URINARY_TRACT,197,0.027987357271625178,0.5500417366850799
X_pca,0.0,doxorubicin,LS1034_LARGE_INTESTINE,146,0.016130397490426645,0.5923297082724637
X_pca,0.0,doxorubicin,CCFSTTG1_CENTRAL_NERVOUS_SYSTEM,246,0.02578203742570476,0.537206760266932
X_pca,0.0,doxorubicin,NCIH226_LUNG,235,0.024968137795486022,0.5899065568092021
X_pca,0.0,doxorubicin,LNCAPCLONEFGC_PROSTATE,129,0.02490212093405821,0.5755314572837001
X_pca,0.0,doxorubicin,RCC10RGB_KIDNEY,233,0.02831575261048716,0.6451652241878755
X_pca,0.0,doxorubicin,RERFLCAD1_LUNG,243,0.0368563472891375,0.6287383898295493
X_pca,0.0,doxorubicin,SKMEL2_SKIN,276,0.026722891873176183,0.5688394869583241
X_pca,0.0,doxorubicin,BICR31_UPPER_AERODIGESTIVE_TRACT,248,0.02873416182354181,0.5671625851142791
X_pca,0.0,doxorubicin,RCM1_LARGE_INTESTINE,128,0.021481096065425104,0.612967518158257
X_pca,0.0,doxorubicin,COV434_OVARY,88,0.02031967977695125,0.5564711320806633
X_pca,0.0,doxorubicin,SNU1079_BILIARY_TRACT,73,0.035945130299521094,0.6226369240512587
X_pca,0.0,doxorubicin,YD38_UPPER_AERODIGESTIVE_TRACT,624,0.019620656113025416,0.5507692582905293
X_pca,0.0,doxorubicin,NCIH1299_LUNG,534,0.029682903495506802,0.5507358368416404
X_pca,0.0,doxorubicin,IGR37_SKIN,347,0.022177218823665214,0.6133172666648623
X_pca,0.0,doxorubicin,BFTC909_KIDNEY,379,0.041894648127160004,0.6075282384663584
X_pca,0.0,doxorubicin,NCIH460_LUNG,837,0.022277951471391205,0.5031650291406411
X_pca,0.0,doxorubicin,IGR1_SKIN,725,0.02390807066385418,0.5808486967251218
X_pca,0.0,doxorubicin,VMCUB1_URINARY_TRACT,478,0.019797755315777675,0.5499414674407768
X_pca,0.0,doxorubicin,JHOC5_OVARY,145,0.04105282348249264,0.6152288412225657
X_pca,0.0,doxorubicin,42MGBA_CENTRAL_NERVOUS_SYSTEM,518,0.019950141914233582,0.5463082044166028
X_pca,0.0,doxorubicin,HT1080_SOFT_TISSUE,516,0.025839834900407067,0.540432484401751
X_pca,0.0,doxorubicin,LI7_LIVER,196,0.019718520039717358,0.5898599618551682
X_pca,0.0,doxorubicin,A375_SKIN,593,0.03261339358273951,0.611778038549182
X_pca,0.0,doxorubicin,FTC133_THYROID,140,0.0337367474105341,0.6223094548497882
X_pca,0.0,doxorubicin,OVK18_OVARY,178,0.02340352520559109,0.5657579088478946
X_pca,0.0,doxorubicin,ACCMESO1_PLEURA,162,0.033577328025120166,0.5987608112670757
X_pca,0.0,doxorubicin,HMC18_BREAST,293,0.02988416420127262,0.5531109252073659
X_pca,0.0,doxorubicin,TOV112D_OVARY,78,0.028579127954965703,0.525638033182193
X_pca,0.0,doxorubicin,JHH6_LIVER,206,0.02997946876523998,0.573344219078138
X_pca,0.0,doxorubicin,A2058_SKIN,294,0.02956113515434083,0.5918510850189495
X_pca,0.0,doxorubicin,NCIH2110_LUNG,1990,0.02375457747640621,0.596358060117942
X_pca,0.0,doxorubicin,NCIH650_LUNG,271,0.03130521951867961,0.6241483107704078
X_pca,0.0,doxorubicin,EFE184_ENDOMETRIUM,86,0.020590230436516758,0.6041494400002235
X_pca,0.0,doxorubicin,HUPT3_PANCREAS,136,0.037631072004062724,0.6606344177442438
X_pca,0.0,doxorubicin,MDAMB361_BREAST,135,0.020477670516950815,0.6295850378495675
X_pca,0.0,doxorubicin,BCPAP_THYROID,152,0.019285291976468923,0.561682254076004
X_pca,0.0,doxorubicin,PECAPJ49_UPPER_AERODIGESTIVE_TRACT,202,0.021605952728344834,0.531631604279622
X_pca,0.0,doxorubicin,EKVX_LUNG,146,0.03231533969676764,0.5416320111245325
X_pca,0.0,doxorubicin,BICR56_UPPER_AERODIGESTIVE_TRACT,81,0.017734087786739006,0.49276882667600375
X_pca,0.0,doxorubicin,NCIH2170_LUNG,142,0.022806295652726686,0.542692879765806
X_pca,0.0,doxorubicin,DETROIT562_UPPER_AERODIGESTIVE_TRACT,163,0.027388693665601854,0.4994732285935455
X_pca,0.0,doxorubicin,SW1088_CENTRAL_NERVOUS_SYSTEM,128,0.019599830605763174,0.5567041072063148
X_pca,0.0,doxorubicin,BHY_UPPER_AERODIGESTIVE_TRACT,145,0.02494134571317691,0.526891266477519
X_pca,0.0,doxorubicin,CAS1_CENTRAL_NERVOUS_SYSTEM,133,0.0222803805779669,0.5464343173163277
X_pca,0.0,doxorubicin,HCC1428_BREAST,127,0.020631640874647236,0.633786465708665
X_pca,0.0,doxorubicin,HDQP1_BREAST,64,0.029954826312261085,0.608075781725347
X_pca,0.0,doxorubicin,OSRC2_KIDNEY,126,0.02293864119134679,0.651581000714075
X_pca,0.0,doxorubicin,HUPT4_PANCREAS,56,0.030461366573386932,0.6073051754917417
X_pca,0.0,doxorubicin,TCCSUP_URINARY_TRACT,316,0.028118601013429483,0.5750225009043005
X_pca,0.0,doxorubicin,VMRCRCZ_KIDNEY,300,0.02720126740813486,0.5940790625413259
X_pca,0.0,doxorubicin,PK59_PANCREAS,174,0.028501215086635792,0.6622124214967092
X_pca,0.0,doxorubicin,HUH6_LIVER,338,0.01702776905636681,0.6088267517160382
X_pca,0.0,doxorubicin,MSTO211H_PLEURA,297,0.021573436767685073,0.5651884650943255
X_pca,0.0,doxorubicin,HS852T_SKIN,162,0.02567753286964856,0.6164442878446461
X_pca,0.0,doxorubicin,SKMEL30_SKIN,353,0.022486388523551185,0.5978193436736088
X_pca,0.0,doxorubicin,T47D_BREAST,221,0.022702973588109313,0.6290050006020662
X_pca,0.0,doxorubicin,CALU6_LUNG,258,0.02923491137315406,0.6018977941468705
X_pca,0.0,doxorubicin,NCIH522_LUNG,208,0.028770499405890798,0.5325757107482507
X_pca,0.0,doxorubicin,LMSU_STOMACH,255,0.024958313691367157,0.4969344939671311
X_pca,0.0,doxorubicin,SNUC4_LARGE_INTESTINE,467,0.01626573729809375,0.5831122509417238
X_pca,0.0,doxorubicin,RVH421_SKIN,239,0.017354750938399884,0.5908899197518576
X_pca,0.0,doxorubicin,OVSAHO_OVARY,227,0.029141727119375904,0.6122379988300642
X_pca,0.0,doxorubicin,GOS3_CENTRAL_NERVOUS_SYSTEM,191,0.0259023717307656,0.5661232683671082
X_pca,0.0,doxorubicin,SNU738_CENTRAL_NERVOUS_SYSTEM,379,0.02379649164519375,0.5977531160402424
X_pca,0.0,doxorubicin,PC3_PROSTATE,169,0.02522305096528485,0.6206529683615329
X_pca,0.0,doxorubicin,PATU8988S_PANCREAS,244,0.03014917488134974,0.6468435437952886
X_pca,0.0,doxorubicin,OVTOKO_OVARY,209,0.024856317834615404,0.5880355130542408
X_pca,0.0,doxorubicin,TE1_OESOPHAGUS,206,0.022023237602860124,0.5928049897684634
X_pca,0.0,doxorubicin,NCIH2087_LUNG,219,0.03231743489742377,0.5864185418712494
X_pca,0.0,doxorubicin,EFM192A_BREAST,333,0.021013086055450325,0.6078263857701162
X_pca,0.0,doxorubicin,SNU423_LIVER,212,0.014430947146031131,0.5932749785342306
X_pca,0.0,doxorubicin,KPL1_BREAST,276,0.02057677031443177,0.6285695412020752
X_pca,0.0,doxorubicin,NCIH358_LUNG,336,0.028596162032667072,0.6022217059064479
X_pca,0.0,doxorubicin,COLO792_SKIN,271,0.021880929911191158,0.5856020498979575
X_pca,0.0,doxorubicin,KYSE520_OESOPHAGUS,323,0.025768560860327944,0.5254387265942045
X_pca,0.0,doxorubicin,KMRC3_KIDNEY,245,0.02169971414722145,0.6499466331637636
X_pca,0.0,doxorubicin,MKN7_STOMACH,258,0.034686674833030326,0.6692675100278485
X_pca,0.0,doxorubicin,NCIH1944_LUNG,414,0.03010301313046936,0.5566767941494495
X_pca,0.0,doxorubicin,TE6_OESOPHAGUS,551,0.027324990874399806,0.5194958650157153
X_pca,0.0,doxorubicin,ZR751_BREAST,309,0.023206186852012877,0.6159559353269806
X_pca,0.0,doxorubicin,PANC0203_PANCREAS,506,0.030975719829153217,0.5786628763195083
X_pca,0.0,doxorubicin,SW1990_PANCREAS,307,0.03216465027651695,0.6910863318738409
X_pca,0.0,doxorubicin,RD_SOFT_TISSUE,261,0.02479712416178584,0.5638660359199933
X_pca,0.0,doxorubicin,NCIH1792_LUNG,111,0.022876735187089717,0.5589224865307679
X_pca,0.0,doxorubicin,PK45H_PANCREAS,271,0.016798649638192248,0.6279018349753095
X_pca,0.0,doxorubicin,LS180_LARGE_INTESTINE,361,0.02456912867569259,0.6391062820717238
X_pca,0.0,doxorubicin,RERFLCAI_LUNG,763,0.032235857785370685,0.6704952482470992
X_pca,0.0,doxorubicin,CAMA1_BREAST,291,0.023993803076328635,0.6030718137308494
X_pca,0.0,doxorubicin,SNU449_LIVER,282,0.02824779194158528,0.5779275913187798
X_pca,0.0,doxorubicin,A204_SOFT_TISSUE,250,0.02297317955335808,0.5647128196954727
X_pca,0.0,doxorubicin,MKN45_STOMACH,118,0.02978238443533027,0.6127858919612432
X_pca,0.0,doxorubicin,HEP3B217_LIVER,118,0.02756777816412239,0.535293039881577
X_pca,0.0,doxorubicin,HOS_BONE,829,0.019474055739328894,0.5719412315740229
X_pca,0.0,doxorubicin,EBC1_LUNG,186,0.030775046680591892,0.5860030917070245
X_pca,0.0,doxorubicin,NCIH292_LUNG,213,0.023123177178547456,0.5573889365498449
X_pca,0.0,doxorubicin,OUMS23_LARGE_INTESTINE,107,0.018347718385062852,0.597366900087517
X_pca,0.0,doxorubicin,HEC151_ENDOMETRIUM,250,0.020853994983842532,0.6067818379402161
X_pca,0.0,doxorubicin,NCIH1373_LUNG,164,0.03883654691151269,0.6154260966109066
X_pca,0.0,doxorubicin,TE9_OESOPHAGUS,248,0.02280964113191051,0.501778970802984
X_pca,0.0,doxorubicin,HCC56_LARGE_INTESTINE,99,0.021967442799720776,0.620323713981744
X_pca,0.0,doxorubicin,HT55_LARGE_INTESTINE,211,0.018419363011642053,0.6766796804152394
X_pca,0.0,doxorubicin,RT4_URINARY_TRACT,106,0.015577320995587824,0.5867634769880546
X_pca,0.0,doxorubicin,SKES1_BONE,91,0.025453475278622396,0.5465813311901722
X_pca,0.0,doxorubicin,NCIH1435_LUNG,267,0.025342395606919567,0.561961533983102
X_pca,0.0,doxorubicin,8305C_THYROID,459,0.019903023752602483,0.5602516308589179
X_pca,0.0,doxorubicin,NCIH2228_LUNG,367,0.03362442583268639,0.5988997768316346
X_pca,0.0,doxorubicin,TE10_OESOPHAGUS,219,0.022703387357547594,0.5829798870435045
X_pca,0.0,doxorubicin,ASPC1_PANCREAS,290,0.018540666705246008,0.6182245492935181
X_pca,0.0,doxorubicin,HCC366_LUNG,202,0.03098158135429329,0.6322357359499035
X_pca,0.0,doxorubicin,BICR16_UPPER_AERODIGESTIVE_TRACT,212,0.023251941133114393,0.5486964026712021
X_pca,0.0,doxorubicin,HEC6_ENDOMETRIUM,161,0.023087329244321143,0.603579778848968
X_pca,0.0,doxorubicin,KALS1_CENTRAL_NERVOUS_SYSTEM,288,0.02398357608259647,0.5586707586836483
X_pca,0.0,doxorubicin,NCIH2444_LUNG,237,0.028216374742120125,0.628919252111942
X_pca,0.0,doxorubicin,SNU46_UPPER_AERODIGESTIVE_TRACT,236,0.022699111961112118,0.5836120247840881
X_pca,0.0,doxorubicin,OAW28_OVARY,161,0.02164535770722151,0.6002563660189232
X_pca,0.0,doxorubicin,SNU1214_UPPER_AERODIGESTIVE_TRACT,188,0.024711158038016462,0.5389465740386475
X_pca,0.0,doxorubicin,SKMEL5_SKIN,297,0.01563738417879082,0.6144655374966888
X_pca,0.0,doxorubicin,OVCAR4_OVARY,283,0.025454607410904887,0.6243483542132293
X_pca,0.0,doxorubicin,UACC257_SKIN,239,0.0219724157491638,0.5751026956107327
X_pca,0.0,doxorubicin,ONCODG1_OVARY,270,0.023062723935715373,0.5917389226180536
X_pca,0.0,doxorubicin,HUH28_BILIARY_TRACT,139,0.024189112377149054,0.5624038967297231
X_pca,0.0,doxorubicin,IM95_STOMACH,185,0.0175252145453384,0.5849274261577709
X_pca,0.0,doxorubicin,TE14_OESOPHAGUS,474,0.026956016004438255,0.5286452843167108
X_pca,0.0,doxorubicin,CAKI2_KIDNEY,278,0.020749994346564302,0.5901825301509966
X_pca,0.0,doxorubicin,SU8686_PANCREAS,82,0.027659222926178364,0.6081457792258844
X_pca,0.0,doxorubicin,SCC25_UPPER_AERODIGESTIVE_TRACT,898,0.019515669674795108,0.5262962276062084
X_pca,0.0,doxorubicin,SCC9_UPPER_AERODIGESTIVE_TRACT,475,0.027617486339851855,0.5438787213124727
X_pca,0.0,platin,NCIH2126_LUNG,264,0.013916929798188227,0.9981457828120752
X_pca,0.0,platin,SW579_THYROID,217,0.004556814745849249,0.9913616161192617
X_pca,0.0,platin,NCIH446_LUNG,196,0.007278848319373588,0.995273726631184
X_pca,0.0,platin,HEC251_ENDOMETRIUM,107,0.006551809138094036,0.9798276067894196
X_pca,0.0,platin,MFE319_ENDOMETRIUM,191,0.013510679879451136,0.9843701389447557
X_pca,0.0,platin,SKNAS_AUTONOMIC_GANGLIA,226,0.012876904181679862,0.9794385390999043
X_pca,0.0,platin,NCIH2452_PLEURA,538,0.0053042059542419626,0.9933573840719173
X_pca,0.0,platin,COLO741_SKIN,329,0.006153358762410814,1.0134796157796333
X_pca,0.0,platin,KNS42_CENTRAL_NERVOUS_SYSTEM,172,0.01798337173618048,1.0226910117753716
X_pca,0.0,platin,MCF7_BREAST,143,0.011684567373222864,1.027602644233437
X_pca,0.0,platin,HT1197_URINARY_TRACT,74,0.017662220631798536,0.9967272716599542
X_pca,0.0,platin,SNU899_UPPER_AERODIGESTIVE_TRACT,83,0.008809957201264335,0.9679276476423424
X_pca,0.0,platin,HCC38_BREAST,200,0.010504307839011273,0.9867504444718361
X_pca,0.0,platin,SNU308_BILIARY_TRACT,94,0.012716785784425713,1.0123246622846482
X_pca,0.0,platin,SW1271_LUNG,115,0.014271494516736516,1.0145050572312397
X_pca,0.0,platin,TM31_CENTRAL_NERVOUS_SYSTEM,116,0.011796033199794904,0.9875769019126892
X_pca,0.0,platin,NCIH747_LARGE_INTESTINE,80,0.007225051036995606,0.9965231664478779
X_pca,0.0,platin,KPNSI9S_AUTONOMIC_GANGLIA,129,0.008380293005458667,0.9939108514046484
X_pca,0.0,platin,SQ1_LUNG,238,0.006200277796711718,0.9862176893638963
X_pca,0.0,platin,IALM_LUNG,322,0.01419349138684566,1.0025049944101654
X_pca,0.0,platin,BT474_BREAST,125,0.011558004078460068,1.0221922950744629
X_pca,0.0,platin,DKMG_CENTRAL_NERVOUS_SYSTEM,271,0.006610421521924859,0.9798654361844503
X_pca,0.0,platin,BT549_BREAST,266,0.011360221951494555,1.012378451967598
X_pca,0.0,platin,BICR6_UPPER_AERODIGESTIVE_TRACT,286,0.011017214589414837,0.9809394009880252
X_pca,0.0,platin,SH10TC_STOMACH,351,0.008011699590991865,0.9855060850792801
X_pca,0.0,platin,UMUC1_URINARY_TRACT,197,0.011472517678846224,0.9960188723457646
X_pca,0.0,platin,LS1034_LARGE_INTESTINE,146,0.010880864833364551,0.9967676454210934
X_pca,0.0,platin,CCFSTTG1_CENTRAL_NERVOUS_SYSTEM,246,0.006472623258457401,0.979556164848126
X_pca,0.0,platin,NCIH226_LUNG,235,0.013557526610579249,1.0074520491539163
X_pca,0.0,platin,LNCAPCLONEFGC_PROSTATE,129,0.011784148047684549,0.9933838239011838
X_pca,0.0,platin,RCC10RGB_KIDNEY,233,0.007718530635336286,0.9830041709375995
X_pca,0.0,platin,RERFLCAD1_LUNG,243,0.010679167064395341,0.9789908489082085
X_pca,0.0,platin,SKMEL2_SKIN,276,0.01251915291881267,1.0238476484150127
X_pca,0.0,platin,BICR31_UPPER_AERODIGESTIVE_TRACT,248,0.007439406755648883,0.994253239324016
X_pca,0.0,platin,RCM1_LARGE_INTESTINE,128,0.0075206459133173075,0.9829560704529285
X_pca,0.0,platin,COV434_OVARY,88,0.011556898938394325,1.02303905446421
X_pca,0.0,platin,SNU1079_BILIARY_TRACT,73,0.01908153893922956,1.0149682090707022
X_pca,0.0,platin,YD38_UPPER_AERODIGESTIVE_TRACT,624,0.014536779299836903,0.9725938698229117
X_pca,0.0,platin,NCIH1299_LUNG,534,0.013860878827570165,0.9917071908154291
X_pca,0.0,platin,IGR37_SKIN,347,0.012150090258976438,1.0184732198028126
X_pca,0.0,platin,BFTC909_KIDNEY,379,0.010082522505525429,0.9817882208522203
X_pca,0.0,platin,NCIH460_LUNG,837,0.007674763958255584,0.9969410548073416
X_pca,0.0,platin,IGR1_SKIN,725,0.00673374730581026,1.00550466323721
X_pca,0.0,platin,VMCUB1_URINARY_TRACT,478,0.01386236083352692,0.9809134946707402
X_pca,0.0,platin,JHOC5_OVARY,145,0.010412088431998,0.9885513605742619
X_pca,0.0,platin,42MGBA_CENTRAL_NERVOUS_SYSTEM,518,0.012979599723334298,0.9984919868380867
X_pca,0.0,platin,HT1080_SOFT_TISSUE,516,0.008593517162664934,0.9843425308318101
X_pca,0.0,platin,LI7_LIVER,196,0.015153495953455757,1.0110840541975838
X_pca,0.0,platin,A375_SKIN,593,0.0070391275458850065,0.9993298345231286
X_pca,0.0,platin,FTC133_THYROID,140,0.0068607337184677444,0.9951560535601207
X_pca,0.0,platin,OVK18_OVARY,178,0.009157256229355438,1.0006622511349368
X_pca,0.0,platin,ACCMESO1_PLEURA,162,0.012589230590258722,0.9947070126180295
X_pca,0.0,platin,HMC18_BREAST,293,0.012963248132453782,0.9835788064442397
X_pca,0.0,platin,TOV112D_OVARY,78,0.010545134603343696,0.9801262647677691
X_pca,0.0,platin,JHH6_LIVER,206,0.006750519526217946,0.9981539391198204
X_pca,0.0,platin,A2058_SKIN,294,0.010139485051361249,1.0012822899283196
X_pca,0.0,platin,NCIH2110_LUNG,1990,0.01240475734165753,1.016745046005776
X_pca,0.0,platin,NCIH650_LUNG,271,0.008439549651332083,0.9844645910597375
X_pca,0.0,platin,EFE184_ENDOMETRIUM,86,0.016170666901934107,0.9895377900711325
X_pca,0.0,platin,HUPT3_PANCREAS,136,0.011812209903099873,1.0095016426023316
X_pca,0.0,platin,MDAMB361_BREAST,135,0.011613221317934795,1.0302379484529849
X_pca,0.0,platin,BCPAP_THYROID,152,0.013457246803108143,0.9912753736502246
X_pca,0.0,platin,PECAPJ49_UPPER_AERODIGESTIVE_TRACT,202,0.011173065318049128,1.0053234153454846
X_pca,0.0,platin,EKVX_LUNG,146,0.013728023587457274,0.9804483292853996
X_pca,0.0,platin,BICR56_UPPER_AERODIGESTIVE_TRACT,81,0.005928764383861138,0.997888868973579
X_pca,0.0,platin,NCIH2170_LUNG,142,0.0126996822334483,0.9925308328279308
X_pca,0.0,platin,DETROIT562_UPPER_AERODIGESTIVE_TRACT,163,0.012642092264293458,0.9748962433791599
X_pca,0.0,platin,SW1088_CENTRAL_NERVOUS_SYSTEM,128,0.015078026281430762,1.0089480839669704
X_pca,0.0,platin,BHY_UPPER_AERODIGESTIVE_TRACT,145,0.00691138693268835,0.9881877118143542
X_pca,0.0,platin,CAS1_CENTRAL_NERVOUS_SYSTEM,133,0.01148085293958891,1.0144060276504745
X_pca,0.0,platin,HCC1428_BREAST,127,0.00945569892369763,0.991618976818295
X_pca,0.0,platin,HDQP1_BREAST,64,0.007530230518452158,0.9940166501328349
X_pca,0.0,platin,OSRC2_KIDNEY,126,0.005789123820801924,0.9980275366041396
X_pca,0.0,platin,HUPT4_PANCREAS,56,0.010063479524045505,0.9828584768942424
X_pca,0.0,platin,TCCSUP_URINARY_TRACT,316,0.006309271852346417,0.9949369502218464
X_pca,0.0,platin,VMRCRCZ_KIDNEY,300,0.01543198492681983,1.0043700317541757
X_pca,0.0,platin,PK59_PANCREAS,174,0.00933729299018852,0.9879102254736012
X_pca,0.0,platin,HUH6_LIVER,338,0.014937700486622994,1.0104709202368585
X_pca,0.0,platin,MSTO211H_PLEURA,297,0.01022472395465743,1.0081835816604923
X_pca,0.0,platin,HS852T_SKIN,162,0.004960091918668898,0.9988068257584984
X_pca,0.0,platin,SKMEL30_SKIN,353,0.012038130380753282,1.0140943365124062
X_pca,0.0,platin,T47D_BREAST,221,0.015701721617213008,1.017211280527158
X_pca,0.0,platin,CALU6_LUNG,258,0.005761920682690293,0.9981853948083035
X_pca,0.0,platin,NCIH522_LUNG,208,0.012012452317760679,0.9762117911416751
X_pca,0.0,platin,LMSU_STOMACH,255,0.010073635170161101,0.9868614065880869
X_pca,0.0,platin,SNUC4_LARGE_INTESTINE,467,0.006432874058319541,0.978487694416618
X_pca,0.0,platin,RVH421_SKIN,239,0.011416268489439246,1.0026302527184268
X_pca,0.0,platin,OVSAHO_OVARY,227,0.014998767151803535,1.0041950681136043
X_pca,0.0,platin,GOS3_CENTRAL_NERVOUS_SYSTEM,191,0.0109187870795609,0.9954931398960932
X_pca,0.0,platin,SNU738_CENTRAL_NERVOUS_SYSTEM,379,0.010449385092809318,1.022733238567463
X_pca,0.0,platin,PC3_PROSTATE,169,0.012516287573366718,1.0226999736396518
X_pca,0.0,platin,PATU8988S_PANCREAS,244,0.01113855128306166,0.9851043019138399
X_pca,0.0,platin,OVTOKO_OVARY,209,0.013444805490425558,0.9947725839592053
X_pca,0.0,platin,TE1_OESOPHAGUS,206,0.018418917235317172,0.9844808963317315
X_pca,0.0,platin,NCIH2087_LUNG,219,0.012366249300378537,0.9690004712370432
X_pca,0.0,platin,EFM192A_BREAST,333,0.0079908056666106,0.9870970859541908
X_pca,0.0,platin,SNU423_LIVER,212,0.010471834564375072,0.9879585943132076
X_pca,0.0,platin,KPL1_BREAST,276,0.005165535299737064,0.9963794983383538
X_pca,0.0,platin,NCIH358_LUNG,336,0.014966054923018574,1.0084626146015667
X_pca,0.0,platin,COLO792_SKIN,271,0.011579422940401351,1.0092605106065193
X_pca,0.0,platin,KYSE520_OESOPHAGUS,323,0.01085959341776093,0.9650001998287236
X_pca,0.0,platin,KMRC3_KIDNEY,245,0.012584976489786577,1.0085784517988867
X_pca,0.0,platin,MKN7_STOMACH,258,0.009611986180260155,0.992491237183874
X_pca,0.0,platin,NCIH1944_LUNG,414,0.012761196930297116,0.9797345530871607
X_pca,0.0,platin,TE6_OESOPHAGUS,551,0.012423211441407442,0.9836113543778712
X_pca,0.0,platin,ZR751_BREAST,309,0.014295272087669827,1.026083533625001
X_pca,0.0,platin,PANC0203_PANCREAS,506,0.006828793678541386,0.9801859713119009
X_pca,0.0,platin,SW1990_PANCREAS,307,0.008824007369921932,0.9918687992064883
X_pca,0.0,platin,RD_SOFT_TISSUE,261,0.01221003872012151,1.012875534793883
X_pca,0.0,platin,NCIH1792_LUNG,111,0.016707077719998638,0.9970312489045633
X_pca,0.0,platin,PK45H_PANCREAS,271,0.012625455483386904,0.9932137674951026
X_pca,0.0,platin,LS180_LARGE_INTESTINE,361,0.007332552867959805,0.97942213272454
X_pca,0.0,platin,RERFLCAI_LUNG,763,0.009384449216238086,1.0015369024845437
X_pca,0.0,platin,CAMA1_BREAST,291,0.005481803853205932,0.9976476787291851
X_pca,0.0,platin,SNU449_LIVER,282,0.006009118252092506,0.9820807986225643
X_pca,0.0,platin,A204_SOFT_TISSUE,250,0.013392538927277252,0.9990691578388214
X_pca,0.0,platin,MKN45_STOMACH,118,0.016896553345582845,1.0333590275150235
X_pca,0.0,platin,HEP3B217_LIVER,118,0.011692326275791658,0.9752231674679255
X_pca,0.0,platin,HOS_BONE,829,0.012370804391511645,0.9921401857035583
X_pca,0.0,platin,EBC1_LUNG,186,0.007521205066677945,0.9823898256465953
X_pca,0.0,platin,NCIH292_LUNG,213,0.006384535799287846,0.9812429505334773
X_pca,0.0,platin,OUMS23_LARGE_INTESTINE,107,0.0075896941308802235,0.9846269610886261
X_pca,0.0,platin,HEC151_ENDOMETRIUM,250,0.014330665314130419,1.0018364543914795
X_pca,0.0,platin,NCIH1373_LUNG,164,0.006668675849531202,0.9873441501361567
X_pca,0.0,platin,TE9_OESOPHAGUS,248,0.011093291053974493,0.9671821094328358
X_pca,0.0,platin,HCC56_LARGE_INTESTINE,99,0.00606939559136533,0.9836435546778669
X_pca,0.0,platin,HT55_LARGE_INTESTINE,211,0.010925212841281237,1.0533175366749696
X_pca,0.0,platin,RT4_URINARY_TRACT,106,0.007092443206001547,0.9965566391090177
X_pca,0.0,platin,SKES1_BONE,91,0.012390166602573568,0.9899039419142754
X_pca,0.0,platin,NCIH1435_LUNG,267,0.007365968013665646,0.9886364432309898
X_pca,0.0,platin,8305C_THYROID,459,0.013286574702828602,0.9958784937339151
X_pca,0.0,platin,NCIH2228_LUNG,367,0.006129726481578865,0.9824233849301974
X_pca,0.0,platin,TE10_OESOPHAGUS,219,0.01839075423643236,0.9736647320120302
X_pca,0.0,platin,ASPC1_PANCREAS,290,0.011384380846429546,1.0050665812245732
X_pca,0.0,platin,HCC366_LUNG,202,0.008723476550563332,0.9868749214871095
X_pca,0.0,platin,BICR16_UPPER_AERODIGESTIVE_TRACT,212,0.008898235694930099,0.9656790216576379
X_pca,0.0,platin,HEC6_ENDOMETRIUM,161,0.012471809549745113,1.016973146370479
X_pca,0.0,platin,KALS1_CENTRAL_NERVOUS_SYSTEM,288,0.011230239076302372,0.98021360548834
X_pca,0.0,platin,NCIH2444_LUNG,237,0.006552154893249982,0.9851668819093503
X_pca,0.0,platin,SNU46_UPPER_AERODIGESTIVE_TRACT,236,0.01605561253085929,0.9827651396646337
X_pca,0.0,platin,OAW28_OVARY,161,0.006466622775192739,0.9732375837260892
X_pca,0.0,platin,SNU1214_UPPER_AERODIGESTIVE_TRACT,188,0.012219100403963753,0.9832479389424019
X_pca,0.0,platin,SKMEL5_SKIN,297,0.013342427853308674,1.0220815266422953
X_pca,0.0,platin,OVCAR4_OVARY,283,0.011298035816700584,1.0203789280918378
X_pca,0.0,platin,UACC257_SKIN,239,0.011654174776686043,1.0255418559497371
X_pca,0.0,platin,ONCODG1_OVARY,270,0.012814977553342304,0.989169524775611
X_pca,0.0,platin,HUH28_BILIARY_TRACT,139,0.009588744438839083,0.9885879973713443
X_pca,0.0,platin,IM95_STOMACH,185,0.013678251360586204,0.9947984099388123
X_pca,0.0,platin,TE14_OESOPHAGUS,474,0.014378083389564165,0.9834048823465275
X_pca,0.0,platin,CAKI2_KIDNEY,278,0.015942023136096353,0.9912497536312762
X_pca,0.0,platin,SU8686_PANCREAS,82,0.014209924835632319,1.0057914540535067
X_pca,0.0,platin,SCC25_UPPER_AERODIGESTIVE_TRACT,898,0.008389685065873486,0.9795452514974471
X_pca,0.0,platin,SCC9_UPPER_AERODIGESTIVE_TRACT,475,0.011068403855563494,0.9832875054760983
X_pca,0.0,etoposide,NCIH2126_LUNG,264,0.024693405069261567,0.8314582865798112
X_pca,0.0,etoposide,SW579_THYROID,217,0.013445530936482753,0.8813447537510076
X_pca,0.0,etoposide,NCIH446_LUNG,196,0.020279748620929915,0.8667990890692692
X_pca,0.0,etoposide,HEC251_ENDOMETRIUM,107,0.014643679138211211,0.9288831815541347
X_pca,0.0,etoposide,MFE319_ENDOMETRIUM,191,0.025906407039001957,0.8927871806459277
X_pca,0.0,etoposide,SKNAS_AUTONOMIC_GANGLIA,226,0.0181789222841892,0.8401126381570259
X_pca,0.0,etoposide,NCIH2452_PLEURA,538,0.015611781065243852,0.9037553846392933
X_pca,0.0,etoposide,COLO741_SKIN,329,0.01316119335583272,0.920628306532341
X_pca,0.0,etoposide,KNS42_CENTRAL_NERVOUS_SYSTEM,172,0.01763872049805559,0.9030378651480342
X_pca,0.0,etoposide,MCF7_BREAST,143,0.014459233192020823,0.93156121118919
X_pca,0.0,etoposide,HT1197_URINARY_TRACT,74,0.022042981438384842,0.9039005846590609
X_pca,0.0,etoposide,SNU899_UPPER_AERODIGESTIVE_TRACT,83,0.01542834270411758,0.8538388961769012
X_pca,0.0,etoposide,HCC38_BREAST,200,0.019612786747271693,0.887896900177002
X_pca,0.0,etoposide,SNU308_BILIARY_TRACT,94,0.01741070573887465,0.8961750230890639
X_pca,0.0,etoposide,SW1271_LUNG,115,0.0192359370932281,0.8959795205489449
X_pca,0.0,etoposide,TM31_CENTRAL_NERVOUS_SYSTEM,116,0.015351564266139303,0.8734307885169983
X_pca,0.0,etoposide,NCIH747_LARGE_INTESTINE,80,0.011574045540365147,0.9189055897295475
X_pca,0.0,etoposide,KPNSI9S_AUTONOMIC_GANGLIA,129,0.01938049431372639,0.8458650195321371
X_pca,0.0,etoposide,SQ1_LUNG,238,0.01331024343987248,0.9209522978097451
X_pca,0.0,etoposide,IALM_LUNG,322,0.019018976219873574,0.8961222815957869
X_pca,0.0,etoposide,BT474_BREAST,125,0.011956165853305029,0.9242055368423462
X_pca,0.0,etoposide,DKMG_CENTRAL_NERVOUS_SYSTEM,271,0.01840046078771864,0.8377353773345807
X_pca,0.0,etoposide,BT549_BREAST,266,0.018186729761233405,0.8913038704628334
X_pca,0.0,etoposide,BICR6_UPPER_AERODIGESTIVE_TRACT,286,0.014473056523272658,0.8913806737302901
X_pca,0.0,etoposide,SH10TC_STOMACH,351,0.015071807376985765,0.9232575869628167
X_pca,0.0,etoposide,UMUC1_URINARY_TRACT,197,0.016259183795645282,0.9240881897471278
X_pca,0.0,etoposide,LS1034_LARGE_INTESTINE,146,0.012139378018237494,0.9022904234389736
X_pca,0.0,etoposide,CCFSTTG1_CENTRAL_NERVOUS_SYSTEM,246,0.017917957193040186,0.8287500688215581
X_pca,0.0,etoposide,NCIH226_LUNG,235,0.01905848863814519,0.88414130642059
X_pca,0.0,etoposide,LNCAPCLONEFGC_PROSTATE,129,0.017103731479789466,0.8879895385845687
X_pca,0.0,etoposide,RCC10RGB_KIDNEY,233,0.014760151332005209,0.9114502860241182
X_pca,0.0,etoposide,RERFLCAD1_LUNG,243,0.016075319639424403,0.8988493119247656
X_pca,0.0,etoposide,SKMEL2_SKIN,276,0.018798884297103607,0.8878993007583894
X_pca,0.0,etoposide,BICR31_UPPER_AERODIGESTIVE_TRACT,248,0.015097429448474257,0.8989767535559593
X_pca,0.0,etoposide,RCM1_LARGE_INTESTINE,128,0.013971571786952814,0.9255383410491049
X_pca,0.0,etoposide,COV434_OVARY,88,0.015024590909830784,0.8838210160082037
X_pca,0.0,etoposide,SNU1079_BILIARY_TRACT,73,0.024804409397878972,0.9138453137384702
X_pca,0.0,etoposide,YD38_UPPER_AERODIGESTIVE_TRACT,624,0.019169621231069352,0.8990289607109168
X_pca,0.0,etoposide,NCIH1299_LUNG,534,0.02346252586881017,0.8811897373154816
X_pca,0.0,etoposide,IGR37_SKIN,347,0.015907221318409454,0.9169812298645548
X_pca,0.0,etoposide,BFTC909_KIDNEY,379,0.022921071598708643,0.8798297338561206
X_pca,0.0,etoposide,NCIH460_LUNG,837,0.017452873630225227,0.8472880563001052
X_pca,0.0,etoposide,IGR1_SKIN,725,0.014542335258956877,0.8805777918881383
X_pca,0.0,etoposide,VMCUB1_URINARY_TRACT,478,0.018057355879417827,0.9029930529484689
X_pca,0.0,etoposide,JHOC5_OVARY,145,0.018092190646536707,0.9023527248152371
X_pca,0.0,etoposide,42MGBA_CENTRAL_NERVOUS_SYSTEM,518,0.01843365303289115,0.8736512320382255
X_pca,0.0,etoposide,HT1080_SOFT_TISSUE,516,0.016443461195581453,0.8559532298367153
X_pca,0.0,etoposide,LI7_LIVER,196,0.01736838126166707,0.9009844645553705
X_pca,0.0,etoposide,A375_SKIN,593,0.018652460411411012,0.9266104038811052
X_pca,0.0,etoposide,FTC133_THYROID,140,0.01681784127118461,0.9277423411607743
X_pca,0.0,etoposide,OVK18_OVARY,178,0.014865801889735289,0.8753182134601507
X_pca,0.0,etoposide,ACCMESO1_PLEURA,162,0.023717357172937818,0.9047333715874472
X_pca,0.0,etoposide,HMC18_BREAST,293,0.02261424949079743,0.8784952503422422
X_pca,0.0,etoposide,TOV112D_OVARY,78,0.018795321472130595,0.8676590934777871
X_pca,0.0,etoposide,JHH6_LIVER,206,0.01696270713612868,0.8719554045825328
X_pca,0.0,etoposide,A2058_SKIN,294,0.014903235230782826,0.8941030465826696
X_pca,0.0,etoposide,NCIH2110_LUNG,1990,0.016409814803457608,0.8934382507848979
X_pca,0.0,etoposide,NCIH650_LUNG,271,0.014869679481369967,0.8996159513498144
X_pca,0.0,etoposide,EFE184_ENDOMETRIUM,86,0.01734070649211948,0.9261874369410581
X_pca,0.0,etoposide,HUPT3_PANCREAS,136,0.013029818251305818,0.9151047012385201
X_pca,0.0,etoposide,MDAMB361_BREAST,135,0.012628542974100713,0.9243879446276912
X_pca,0.0,etoposide,BCPAP_THYROID,152,0.021625208162003546,0.8818863002877486
X_pca,0.0,etoposide,PECAPJ49_UPPER_AERODIGESTIVE_TRACT,202,0.018070331765861015,0.9151667586647638
X_pca,0.0,etoposide,EKVX_LUNG,146,0.026730115574029337,0.8751645806717546
X_pca,0.0,etoposide,BICR56_UPPER_AERODIGESTIVE_TRACT,81,0.013046267555405085,0.8783313506915246
X_pca,0.0,etoposide,NCIH2170_LUNG,142,0.02054861492154517,0.8781315877404011
X_pca,0.0,etoposide,DETROIT562_UPPER_AERODIGESTIVE_TRACT,163,0.020504664090039457,0.8673123629546604
X_pca,0.0,etoposide,SW1088_CENTRAL_NERVOUS_SYSTEM,128,0.018584073696565822,0.8831288279034197
X_pca,0.0,etoposide,BHY_UPPER_AERODIGESTIVE_TRACT,145,0.012136083479232057,0.904946270071227
X_pca,0.0,etoposide,CAS1_CENTRAL_NERVOUS_SYSTEM,133,0.019757689610709898,0.8677487485390857
X_pca,0.0,etoposide,HCC1428_BREAST,127,0.011038444157224747,0.9266354028634199
X_pca,0.0,etoposide,HDQP1_BREAST,64,0.016111151406761646,0.914016941562295
X_pca,0.0,etoposide,OSRC2_KIDNEY,126,0.011413273955598194,0.9378987460855454
X_pca,0.0,etoposide,HUPT4_PANCREAS,56,0.017309473751761808,0.8916350496666772
X_pca,0.0,etoposide,TCCSUP_URINARY_TRACT,316,0.01592861466493492,0.8966281574360931
X_pca,0.0,etoposide,VMRCRCZ_KIDNEY,300,0.01991704123284871,0.8983834366003672
X_pca,0.0,etoposide,PK59_PANCREAS,174,0.014355048655892207,0.9156886000057747
X_pca,0.0,etoposide,HUH6_LIVER,338,0.01634223265185424,0.9163933627351502
X_pca,0.0,etoposide,MSTO211H_PLEURA,297,0.017004140559974342,0.8586173770002243
X_pca,0.0,etoposide,HS852T_SKIN,162,0.01335853912323099,0.9285473816188765
X_pca,0.0,etoposide,SKMEL30_SKIN,353,0.015331053507387588,0.8964390548700651
X_pca,0.0,etoposide,T47D_BREAST,221,0.01545901947104323,0.9149991103966312
X_pca,0.0,etoposide,CALU6_LUNG,258,0.01366707483933257,0.8911217044490253
X_pca,0.0,etoposide,NCIH522_LUNG,208,0.022050764404061108,0.8756765620066569
X_pca,0.0,etoposide,LMSU_STOMACH,255,0.019581138773970077,0.8363366659949808
X_pca,0.0,etoposide,SNUC4_LARGE_INTESTINE,467,0.011852855224604521,0.8789000365667731
X_pca,0.0,etoposide,RVH421_SKIN,239,0.016270648047485754,0.903460209838516
X_pca,0.0,etoposide,OVSAHO_OVARY,227,0.019495927294982632,0.9231703194752664
X_pca,0.0,etoposide,GOS3_CENTRAL_NERVOUS_SYSTEM,191,0.01897158153532345,0.8824996633055322
X_pca,0.0,etoposide,SNU738_CENTRAL_NERVOUS_SYSTEM,379,0.019712375113105567,0.8939614050621093
X_pca,0.0,etoposide,PC3_PROSTATE,169,0.01880192210969252,0.9068097690858784
X_pca,0.0,etoposide,PATU8988S_PANCREAS,244,0.0185811735434511,0.9403867604302578
X_pca,0.0,etoposide,OVTOKO_OVARY,209,0.018732400762973486,0.9227159573701009
X_pca,0.0,etoposide,TE1_OESOPHAGUS,206,0.019545627266518036,0.9209674394246444
X_pca,0.0,etoposide,NCIH2087_LUNG,219,0.016822224910661345,0.8939782021796867
X_pca,0.0,etoposide,EFM192A_BREAST,333,0.012254987484619622,0.9165889638680238
X_pca,0.0,etoposide,SNU423_LIVER,212,0.012915336995774856,0.8965634408424485
X_pca,0.0,etoposide,KPL1_BREAST,276,0.010668333630113505,0.9263875268507695
X_pca,0.0,etoposide,NCIH358_LUNG,336,0.019976184303708885,0.8918816871231511
X_pca,0.0,etoposide,COLO792_SKIN,271,0.015333259389024124,0.9132181559981455
X_pca,0.0,etoposide,KYSE520_OESOPHAGUS,323,0.021099979385894304,0.8669342402334184
X_pca,0.0,etoposide,KMRC3_KIDNEY,245,0.017330157721348213,0.9217350229925039
X_pca,0.0,etoposide,MKN7_STOMACH,258,0.012794041479253124,0.9290927971980368
X_pca,0.0,etoposide,NCIH1944_LUNG,414,0.02677795773445001,0.903489685576895
X_pca,0.0,etoposide,TE6_OESOPHAGUS,551,0.021083640235793597,0.8772477914330747
X_pca,0.0,etoposide,ZR751_BREAST,309,0.016425373035992234,0.9008637163245562
X_pca,0.0,etoposide,PANC0203_PANCREAS,506,0.014766808168419706,0.898095889996163
X_pca,0.0,etoposide,SW1990_PANCREAS,307,0.012741976680217638,0.9197387421558268
X_pca,0.0,etoposide,RD_SOFT_TISSUE,261,0.01828045100460908,0.8720781289297959
X_pca,0.0,etoposide,NCIH1792_LUNG,111,0.02263528118407774,0.8759411525081944
X_pca,0.0,etoposide,PK45H_PANCREAS,271,0.013225902642260309,0.921334213656253
X_pca,0.0,etoposide,LS180_LARGE_INTESTINE,361,0.015687777525219028,0.9610286034705566
X_pca,0.0,etoposide,RERFLCAI_LUNG,763,0.012435969971774687,0.9056700567274231
X_pca,0.0,etoposide,CAMA1_BREAST,291,0.012673162712270165,0.9180401016756431
X_pca,0.0,etoposide,SNU449_LIVER,282,0.016651902999670645,0.8906863828500112
X_pca,0.0,etoposide,A204_SOFT_TISSUE,250,0.020702153647921925,0.8702418305873871
X_pca,0.0,etoposide,MKN45_STOMACH,118,0.021258355215560524,0.9143644743046518
X_pca,0.0,etoposide,HEP3B217_LIVER,118,0.02086593843630604,0.8727734427330858
X_pca,0.0,etoposide,HOS_BONE,829,0.018369514091029986,0.876090632848199
X_pca,0.0,etoposide,EBC1_LUNG,186,0.01455113244525718,0.9032339915152519
X_pca,0.0,etoposide,NCIH292_LUNG,213,0.014831856166755506,0.9092418884447483
X_pca,0.0,etoposide,OUMS23_LARGE_INTESTINE,107,0.011883906631671637,0.9003085293502451
X_pca,0.0,etoposide,HEC151_ENDOMETRIUM,250,0.018585214327056242,0.911355045080185
X_pca,0.0,etoposide,NCIH1373_LUNG,164,0.015955819613988835,0.9093085262106686
X_pca,0.0,etoposide,TE9_OESOPHAGUS,248,0.0203874699341634,0.8763624708498677
X_pca,0.0,etoposide,HCC56_LARGE_INTESTINE,99,0.014298477370102336,0.9406424158751362
X_pca,0.0,etoposide,HT55_LARGE_INTESTINE,211,0.01520799811920174,0.9502995141309585
X_pca,0.0,etoposide,RT4_URINARY_TRACT,106,0.012088881556009583,0.8467864326710971
X_pca,0.0,etoposide,SKES1_BONE,91,0.01955360735186184,0.8858388164541223
X_pca,0.0,etoposide,NCIH1435_LUNG,267,0.016664546211831523,0.8917876805705525
X_pca,0.0,etoposide,8305C_THYROID,459,0.018972015975655274,0.8689935343717438
X_pca,0.0,etoposide,NCIH2228_LUNG,367,0.019333515802008403,0.904431539432879
X_pca,0.0,etoposide,TE10_OESOPHAGUS,219,0.019380570894184344,0.9135826428731283
X_pca,0.0,etoposide,ASPC1_PANCREAS,290,0.013640305978874369,0.9229848395133841
X_pca,0.0,etoposide,HCC366_LUNG,202,0.011993385945081897,0.907850696308778
X_pca,0.0,etoposide,BICR16_UPPER_AERODIGESTIVE_TRACT,212,0.012282701617185698,0.8901629824683351
X_pca,0.0,etoposide,HEC6_ENDOMETRIUM,161,0.020825750761758275,0.8942618929081082
X_pca,0.0,etoposide,KALS1_CENTRAL_NERVOUS_SYSTEM,288,0.01893576841163621,0.8675556522276666
X_pca,0.0,etoposide,NCIH2444_LUNG,237,0.011549278905873121,0.9244863317988593
X_pca,0.0,etoposide,SNU46_UPPER_AERODIGESTIVE_TRACT,236,0.022854510367488774,0.9022966716754235
X_pca,0.0,etoposide,OAW28_OVARY,161,0.010278835889937126,0.911235467247341
X_pca,0.0,etoposide,SNU1214_UPPER_AERODIGESTIVE_TRACT,188,0.014667194412608638,0.9278687032613349
X_pca,0.0,etoposide,SKMEL5_SKIN,297,0.014104964456953115,0.908954062847176
X_pca,0.0,etoposide,OVCAR4_OVARY,283,0.02045527938313614,0.9463824084285292
X_pca,0.0,etoposide,UACC257_SKIN,239,0.011907951917472044,0.891680186263687
X_pca,0.0,etoposide,ONCODG1_OVARY,270,0.018820868441469456,0.9351846368224532
X_pca,0.0,etoposide,HUH28_BILIARY_TRACT,139,0.017738223374147162,0.8954087881733188
X_pca,0.0,etoposide,IM95_STOMACH,185,0.015458164069740347,0.9104098265235488
X_pca,0.0,etoposide,TE14_OESOPHAGUS,474,0.019785092183912303,0.8935613256215044
X_pca,0.0,etoposide,CAKI2_KIDNEY,278,0.013817616964573806,0.9088885113060903
X_pca,0.0,etoposide,SU8686_PANCREAS,82,0.019432297292386637,0.9260905653965182
X_pca,0.0,etoposide,SCC25_UPPER_AERODIGESTIVE_TRACT,898,0.014551525133052244,0.8895058912662727
X_pca,0.0,etoposide,SCC9_UPPER_AERODIGESTIVE_TRACT,475,0.021185085012001337,0.8846819202523483
X_pca,0.0,paclitaxel,NCIH2126_LUNG,264,0.04792748098105512,0.4455661177635193
X_pca,0.0,paclitaxel,SW579_THYROID,217,0.03486824666837142,0.5755010927053091
X_pca,0.0,paclitaxel,NCIH446_LUNG,196,0.05988536655214617,0.46351601958883054
X_pca,0.0,paclitaxel,HEC251_ENDOMETRIUM,107,0.06631050704437241,0.5665954273437785
X_pca,0.0,paclitaxel,MFE319_ENDOMETRIUM,191,0.061062148919614125,0.545290465442298
X_pca,0.0,paclitaxel,SKNAS_AUTONOMIC_GANGLIA,226,0.05026266453275257,0.4913084518856707
X_pca,0.0,paclitaxel,NCIH2452_PLEURA,538,0.04818428221099897,0.6539170365351283
X_pca,0.0,paclitaxel,COLO741_SKIN,329,0.06121556879053193,0.6427395369144197
X_pca,0.0,paclitaxel,KNS42_CENTRAL_NERVOUS_SYSTEM,172,0.044669766996083896,0.5396453672370245
X_pca,0.0,paclitaxel,MCF7_BREAST,143,0.02840293851535711,0.654272892258384
X_pca,0.0,paclitaxel,HT1197_URINARY_TRACT,74,0.048754528515056454,0.5536942687389013
X_pca,0.0,paclitaxel,SNU899_UPPER_AERODIGESTIVE_TRACT,83,0.03340291428439792,0.44004711077873965
X_pca,0.0,paclitaxel,HCC38_BREAST,200,0.07202623268839413,0.5362943825125694
X_pca,0.0,paclitaxel,SNU308_BILIARY_TRACT,94,0.0337367680515026,0.48295092043724464
X_pca,0.0,paclitaxel,SW1271_LUNG,115,0.03918906449126881,0.5705361729082854
X_pca,0.0,paclitaxel,TM31_CENTRAL_NERVOUS_SYSTEM,116,0.04677965109735751,0.5525707448350972
X_pca,0.0,paclitaxel,NCIH747_LARGE_INTESTINE,80,0.043659049811616245,0.6565448828041553
X_pca,0.0,paclitaxel,KPNSI9S_AUTONOMIC_GANGLIA,129,0.06067075144252573,0.5335627424624539
X_pca,0.0,paclitaxel,SQ1_LUNG,238,0.061295581610442795,0.5440136433399024
X_pca,0.0,paclitaxel,IALM_LUNG,322,0.03827870626556123,0.5673934501705703
X_pca,0.0,paclitaxel,BT474_BREAST,125,0.030342297918319695,0.6368975429534912
X_pca,0.0,paclitaxel,DKMG_CENTRAL_NERVOUS_SYSTEM,271,0.04183720985456407,0.5385378079000874
X_pca,0.0,paclitaxel,BT549_BREAST,266,0.03862678123425685,0.5310247475491431
X_pca,0.0,paclitaxel,BICR6_UPPER_AERODIGESTIVE_TRACT,286,0.07276500023304229,0.5293180875844888
X_pca,0.0,paclitaxel,SH10TC_STOMACH,351,0.04809416592386049,0.6988412321802557
X_pca,0.0,paclitaxel,UMUC1_URINARY_TRACT,197,0.03800034231746852,0.48832460163813557
X_pca,0.0,paclitaxel,LS1034_LARGE_INTESTINE,146,0.030085050046545957,0.6260803680713862
X_pca,0.0,paclitaxel,CCFSTTG1_CENTRAL_NERVOUS_SYSTEM,246,0.04016138161158321,0.5308189457509576
X_pca,0.0,paclitaxel,NCIH226_LUNG,235,0.040926743951675615,0.5421736737515064
X_pca,0.0,paclitaxel,LNCAPCLONEFGC_PROSTATE,129,0.044301140689738575,0.6274867612262105
X_pca,0.0,paclitaxel,RCC10RGB_KIDNEY,233,0.041520584707076,0.686727506408364
X_pca,0.0,paclitaxel,RERFLCAD1_LUNG,243,0.05380949539544267,0.6540112291834482
X_pca,0.0,paclitaxel,SKMEL2_SKIN,276,0.04673433045483183,0.5259736572270808
X_pca,0.0,paclitaxel,BICR31_UPPER_AERODIGESTIVE_TRACT,248,0.051842255461363694,0.46932341206458306
X_pca,0.0,paclitaxel,RCM1_LARGE_INTESTINE,128,0.05096159750194447,0.5948880226351321
X_pca,0.0,paclitaxel,COV434_OVARY,88,0.03550355346163319,0.49124493382193823
X_pca,0.0,paclitaxel,SNU1079_BILIARY_TRACT,73,0.055943544218882944,0.6089694018233313
X_pca,0.0,paclitaxel,YD38_UPPER_AERODIGESTIVE_TRACT,624,0.041909219290795476,0.4876097501852574
X_pca,0.0,paclitaxel,NCIH1299_LUNG,534,0.04765586482803559,0.5268928944952925
X_pca,0.0,paclitaxel,IGR37_SKIN,347,0.034356274730801065,0.6569880559739875
X_pca,0.0,paclitaxel,BFTC909_KIDNEY,379,0.07526331459255224,0.6375437507843279
X_pca,0.0,paclitaxel,NCIH460_LUNG,837,0.042884819955554876,0.43067928635945885
X_pca,0.0,paclitaxel,IGR1_SKIN,725,0.057665726621240254,0.6243355773646256
X_pca,0.0,paclitaxel,VMCUB1_URINARY_TRACT,478,0.04054301473888983,0.46681558318966104
X_pca,0.0,paclitaxel,JHOC5_OVARY,145,0.08108618395212264,0.5787882315701451
X_pca,0.0,paclitaxel,42MGBA_CENTRAL_NERVOUS_SYSTEM,518,0.03283379017801271,0.49956915795112666
X_pca,0.0,paclitaxel,HT1080_SOFT_TISSUE,516,0.06493445067813998,0.526602853233962
X_pca,0.0,paclitaxel,LI7_LIVER,196,0.03742028634445902,0.5761327314741758
X_pca,0.0,paclitaxel,A375_SKIN,593,0.07442547256616444,0.663272341578244
X_pca,0.0,paclitaxel,FTC133_THYROID,140,0.06391463130404591,0.6476736909576825
X_pca,0.0,paclitaxel,OVK18_OVARY,178,0.06404031963883641,0.5255570269367668
X_pca,0.0,paclitaxel,ACCMESO1_PLEURA,162,0.048490347092319405,0.6191261819115391
X_pca,0.0,paclitaxel,HMC18_BREAST,293,0.04551277574266292,0.5590938538211198
X_pca,0.0,paclitaxel,TOV112D_OVARY,78,0.04377337077280704,0.5218213147077805
X_pca,0.0,paclitaxel,JHH6_LIVER,206,0.04928966403464394,0.4954514538200156
X_pca,0.0,paclitaxel,A2058_SKIN,294,0.05033352736922108,0.6925089645142458
X_pca,0.0,paclitaxel,NCIH2110_LUNG,1990,0.03391742086199373,0.5648598102319181
X_pca,0.0,paclitaxel,NCIH650_LUNG,271,0.051124286601428544,0.6408516495210218
X_pca,0.0,paclitaxel,EFE184_ENDOMETRIUM,86,0.03467887477535149,0.6571233182452446
X_pca,0.0,paclitaxel,HUPT3_PANCREAS,136,0.04979174685785256,0.6440718147684547
X_pca,0.0,paclitaxel,MDAMB361_BREAST,135,0.031088076276310384,0.5738935576544868
X_pca,0.0,paclitaxel,BCPAP_THYROID,152,0.03556732464454357,0.5521385508932566
X_pca,0.0,paclitaxel,PECAPJ49_UPPER_AERODIGESTIVE_TRACT,202,0.03935753648879798,0.435748423975293
X_pca,0.0,paclitaxel,EKVX_LUNG,146,0.05080064826898532,0.5221954727009551
X_pca,0.0,paclitaxel,BICR56_UPPER_AERODIGESTIVE_TRACT,81,0.033829815368989484,0.34528421766964007
X_pca,0.0,paclitaxel,NCIH2170_LUNG,142,0.04028032882102076,0.469375986028725
X_pca,0.0,paclitaxel,DETROIT562_UPPER_AERODIGESTIVE_TRACT,163,0.03975736038055602,0.45687984103805446
X_pca,0.0,paclitaxel,SW1088_CENTRAL_NERVOUS_SYSTEM,128,0.04008228638774967,0.5332360856700689
X_pca,0.0,paclitaxel,BHY_UPPER_AERODIGESTIVE_TRACT,145,0.04911610146725017,0.37243265180752194
X_pca,0.0,paclitaxel,CAS1_CENTRAL_NERVOUS_SYSTEM,133,0.03722383680875317,0.4828085034413445
X_pca,0.0,paclitaxel,HCC1428_BREAST,127,0.0483855797774594,0.7546814792738186
X_pca,0.0,paclitaxel,HDQP1_BREAST,64,0.05162682892656555,0.5550047918222845
X_pca,0.0,paclitaxel,OSRC2_KIDNEY,126,0.04213005030593466,0.7009165097796728
X_pca,0.0,paclitaxel,HUPT4_PANCREAS,56,0.08245734262729303,0.5326224118471146
X_pca,0.0,paclitaxel,TCCSUP_URINARY_TRACT,316,0.049292448598444394,0.5794575568052787
X_pca,0.0,paclitaxel,VMRCRCZ_KIDNEY,300,0.043077504116687655,0.6191573591033618
X_pca,0.0,paclitaxel,PK59_PANCREAS,174,0.059234959368780184,0.6345427865269541
X_pca,0.0,paclitaxel,HUH6_LIVER,338,0.031682211589769416,0.6336774863082276
X_pca,0.0,paclitaxel,MSTO211H_PLEURA,297,0.03350747995371623,0.47269059863154733
X_pca,0.0,paclitaxel,HS852T_SKIN,162,0.05019923758013588,0.7079590283058308
X_pca,0.0,paclitaxel,SKMEL30_SKIN,353,0.03579911853775423,0.572158250525045
X_pca,0.0,paclitaxel,T47D_BREAST,221,0.0341884853650102,0.5976548816553607
X_pca,0.0,paclitaxel,CALU6_LUNG,258,0.04916022269037044,0.6246741794107497
X_pca,0.0,paclitaxel,NCIH522_LUNG,208,0.040772053976348026,0.5272461975423189
X_pca,0.0,paclitaxel,LMSU_STOMACH,255,0.03774744675785507,0.43985684689353494
X_pca,0.0,paclitaxel,SNUC4_LARGE_INTESTINE,467,0.043298178781484814,0.5128532323898544
X_pca,0.0,paclitaxel,RVH421_SKIN,239,0.03543816081720641,0.6294593590323396
X_pca,0.0,paclitaxel,OVSAHO_OVARY,227,0.054781336512760334,0.6869766000609041
X_pca,0.0,paclitaxel,GOS3_CENTRAL_NERVOUS_SYSTEM,191,0.04013538384057991,0.5877766563942295
X_pca,0.0,paclitaxel,SNU738_CENTRAL_NERVOUS_SYSTEM,379,0.04900056970231153,0.5688552839932153
X_pca,0.0,paclitaxel,PC3_PROSTATE,169,0.043081488374905885,0.5591457858240816
X_pca,0.0,paclitaxel,PATU8988S_PANCREAS,244,0.045817115237967214,0.7186548028324471
X_pca,0.0,paclitaxel,OVTOKO_OVARY,209,0.04904682851256594,0.5951470711299677
X_pca,0.0,paclitaxel,TE1_OESOPHAGUS,206,0.038809127374618356,0.5870513095728402
X_pca,0.0,paclitaxel,NCIH2087_LUNG,219,0.06473832235247423,0.5862414187764469
X_pca,0.0,paclitaxel,EFM192A_BREAST,333,0.05731678534736025,0.6907222181469113
X_pca,0.0,paclitaxel,SNU423_LIVER,212,0.029666511411041,0.6356206797766235
X_pca,0.0,paclitaxel,KPL1_BREAST,276,0.04476441420866016,0.7008285373449326
X_pca,0.0,paclitaxel,NCIH358_LUNG,336,0.044523583351592524,0.5790513603105432
X_pca,0.0,paclitaxel,COLO792_SKIN,271,0.04067004344846477,0.6610290025433051
X_pca,0.0,paclitaxel,KYSE520_OESOPHAGUS,323,0.047192847916413976,0.5105674076744646
X_pca,0.0,paclitaxel,KMRC3_KIDNEY,245,0.03277132621392068,0.5965089516980308
X_pca,0.0,paclitaxel,MKN7_STOMACH,258,0.05542201759575287,0.6611909691908563
X_pca,0.0,paclitaxel,NCIH1944_LUNG,414,0.046291120597403486,0.5659758022441956
X_pca,0.0,paclitaxel,TE6_OESOPHAGUS,551,0.04769072369423515,0.5120598533733354
X_pca,0.0,paclitaxel,ZR751_BREAST,309,0.03098558235596738,0.5918922727162013
X_pca,0.0,paclitaxel,PANC0203_PANCREAS,506,0.051412276582201676,0.48342645957535907
X_pca,0.0,paclitaxel,SW1990_PANCREAS,307,0.0420302121682465,0.6679811190316266
X_pca,0.0,paclitaxel,RD_SOFT_TISSUE,261,0.040982052899516695,0.4777674379248272
X_pca,0.0,paclitaxel,NCIH1792_LUNG,111,0.0385688781686077,0.5459787271044276
X_pca,0.0,paclitaxel,PK45H_PANCREAS,271,0.03449235404871011,0.664284389397315
X_pca,0.0,paclitaxel,LS180_LARGE_INTESTINE,361,0.05822848743780129,0.5584655674870985
X_pca,0.0,paclitaxel,RERFLCAI_LUNG,763,0.04661429395442289,0.6045739351921906
X_pca,0.0,paclitaxel,CAMA1_BREAST,291,0.055919560497928546,0.6898958832537595
X_pca,0.0,paclitaxel,SNU449_LIVER,282,0.04655707832994191,0.5205729113402942
X_pca,0.0,paclitaxel,A204_SOFT_TISSUE,250,0.042203454199135855,0.5288869676589966
X_pca,0.0,paclitaxel,MKN45_STOMACH,118,0.03863261568929789,0.5467616440886158
X_pca,0.0,paclitaxel,HEP3B217_LIVER,118,0.04757508406678244,0.5363685655391822
X_pca,0.0,paclitaxel,HOS_BONE,829,0.03428352048717809,0.5413532887638263
X_pca,0.0,paclitaxel,EBC1_LUNG,186,0.0537436454602296,0.5171345211164926
X_pca,0.0,paclitaxel,NCIH292_LUNG,213,0.03612608016764019,0.4097804783935278
X_pca,0.0,paclitaxel,OUMS23_LARGE_INTESTINE,107,0.050587298067725106,0.7127188204604888
X_pca,0.0,paclitaxel,HEC151_ENDOMETRIUM,250,0.048421754513751816,0.6434551033973693
X_pca,0.0,paclitaxel,NCIH1373_LUNG,164,0.06497601344795305,0.5576327686629644
X_pca,0.0,paclitaxel,TE9_OESOPHAGUS,248,0.03473141532015721,0.4710826948285103
X_pca,0.0,paclitaxel,HCC56_LARGE_INTESTINE,99,0.047134729443887476,0.6315930777727955
X_pca,0.0,paclitaxel,HT55_LARGE_INTESTINE,211,0.027524300871081805,0.6370168554274391
X_pca,0.0,paclitaxel,RT4_URINARY_TRACT,106,0.03627270237390732,0.46338137056467665
X_pca,0.0,paclitaxel,SKES1_BONE,91,0.04712520446033326,0.5417342064799843
X_pca,0.0,paclitaxel,NCIH1435_LUNG,267,0.052781776614280296,0.5312069814080156
X_pca,0.0,paclitaxel,8305C_THYROID,459,0.03552581825431189,0.5400531247160794
X_pca,0.0,paclitaxel,NCIH2228_LUNG,367,0.05508870862358798,0.5708151579065609
X_pca,0.0,paclitaxel,TE10_OESOPHAGUS,219,0.05572732789018903,0.5303875914175217
X_pca,0.0,paclitaxel,ASPC1_PANCREAS,290,0.03328135227779671,0.6304943419736008
X_pca,0.0,paclitaxel,HCC366_LUNG,202,0.04353057123652749,0.6804185707380276
X_pca,0.0,paclitaxel,BICR16_UPPER_AERODIGESTIVE_TRACT,212,0.05801052259045774,0.4612054997738802
X_pca,0.0,paclitaxel,HEC6_ENDOMETRIUM,161,0.033509667385991426,0.5108203128998324
X_pca,0.0,paclitaxel,KALS1_CENTRAL_NERVOUS_SYSTEM,288,0.03644065692950649,0.5291892271488905
X_pca,0.0,paclitaxel,NCIH2444_LUNG,237,0.04941842273695893,0.6098573697015706
X_pca,0.0,paclitaxel,SNU46_UPPER_AERODIGESTIVE_TRACT,236,0.047014957101784785,0.5505490445737111
X_pca,0.0,paclitaxel,OAW28_OVARY,161,0.05091047495761397,0.5905996783179526
X_pca,0.0,paclitaxel,SNU1214_UPPER_AERODIGESTIVE_TRACT,188,0.035125157762314084,0.4557565802589376
X_pca,0.0,paclitaxel,SKMEL5_SKIN,297,0.03610050660577065,0.6664609024018953
X_pca,0.0,paclitaxel,OVCAR4_OVARY,283,0.03567961376469962,0.5591859348881792
X_pca,0.0,paclitaxel,UACC257_SKIN,239,0.03274280111143057,0.5367681455163278
X_pca,0.0,paclitaxel,ONCODG1_OVARY,270,0.04806838116560584,0.6355294301554009
X_pca,0.0,paclitaxel,HUH28_BILIARY_TRACT,139,0.03229246199034173,0.5250616088616762
X_pca,0.0,paclitaxel,IM95_STOMACH,185,0.03077074309199838,0.5335425136862575
X_pca,0.0,paclitaxel,TE14_OESOPHAGUS,474,0.0387584213546783,0.43368658109053276
X_pca,0.0,paclitaxel,CAKI2_KIDNEY,278,0.04031388557289341,0.6533659158421935
X_pca,0.0,paclitaxel,SU8686_PANCREAS,82,0.04106391317583023,0.5946209605147199
X_pca,0.0,paclitaxel,SCC25_UPPER_AERODIGESTIVE_TRACT,898,0.0385591104247361,0.508244944972822
X_pca,0.0,paclitaxel,SCC9_UPPER_AERODIGESTIVE_TRACT,475,0.04600922121194842,0.5269121436068886
X_pca,0.0,gemcitabine,NCIH2126_LUNG,264,0.04465012080264794,0.5894543787069393
X_pca,0.0,gemcitabine,SW579_THYROID,217,0.035230389262094305,0.6836076686459203
X_pca,0.0,gemcitabine,NCIH446_LUNG,196,0.048057198180944914,0.6650979318180863
X_pca,0.0,gemcitabine,HEC251_ENDOMETRIUM,107,0.05023463996464642,0.7634769182338893
X_pca,0.0,gemcitabine,MFE319_ENDOMETRIUM,191,0.055327059662272665,0.6992811420201007
X_pca,0.0,gemcitabine,SKNAS_AUTONOMIC_GANGLIA,226,0.04362650848637649,0.6563758858009777
X_pca,0.0,gemcitabine,NCIH2452_PLEURA,538,0.04412849795689295,0.7665830498291214
X_pca,0.0,gemcitabine,COLO741_SKIN,329,0.04636745186430963,0.7959716939636277
X_pca,0.0,gemcitabine,KNS42_CENTRAL_NERVOUS_SYSTEM,172,0.039933416739205,0.6841952675996825
X_pca,0.0,gemcitabine,MCF7_BREAST,143,0.021641197492118736,0.7786458734865789
X_pca,0.0,gemcitabine,HT1197_URINARY_TRACT,74,0.03445753482769783,0.7513604413818669
X_pca,0.0,gemcitabine,SNU899_UPPER_AERODIGESTIVE_TRACT,83,0.03742342874258982,0.592714043266802
X_pca,0.0,gemcitabine,HCC38_BREAST,200,0.05339474007911912,0.7346207404136658
X_pca,0.0,gemcitabine,SNU308_BILIARY_TRACT,94,0.02845399666483198,0.6806908725424016
X_pca,0.0,gemcitabine,SW1271_LUNG,115,0.027939585004297315,0.6919562992842301
X_pca,0.0,gemcitabine,TM31_CENTRAL_NERVOUS_SYSTEM,116,0.043334458610375604,0.7214496639268152
X_pca,0.0,gemcitabine,NCIH747_LARGE_INTESTINE,80,0.04356992785861999,0.735911550372839
X_pca,0.0,gemcitabine,KPNSI9S_AUTONOMIC_GANGLIA,129,0.046163640553137986,0.6617935295252837
X_pca,0.0,gemcitabine,SQ1_LUNG,238,0.04898572742097158,0.7635006220901713
X_pca,0.0,gemcitabine,IALM_LUNG,322,0.03717774570613385,0.7307821351178685
X_pca,0.0,gemcitabine,BT474_BREAST,125,0.0254495050578512,0.7470391454696655
X_pca,0.0,gemcitabine,DKMG_CENTRAL_NERVOUS_SYSTEM,271,0.040193193753539636,0.6426557667580918
X_pca,0.0,gemcitabine,BT549_BREAST,266,0.027023035292040132,0.6932196585755599
X_pca,0.0,gemcitabine,BICR6_UPPER_AERODIGESTIVE_TRACT,286,0.0448435538219034,0.7038914900976461
X_pca,0.0,gemcitabine,SH10TC_STOMACH,351,0.0695308402494713,0.7790392464042729
X_pca,0.0,gemcitabine,UMUC1_URINARY_TRACT,197,0.025954078891801985,0.6953064448337265
X_pca,0.0,gemcitabine,LS1034_LARGE_INTESTINE,146,0.020926323680536884,0.7116209162424688
X_pca,0.0,gemcitabine,CCFSTTG1_CENTRAL_NERVOUS_SYSTEM,246,0.04247097665575753,0.6181584989152303
X_pca,0.0,gemcitabine,NCIH226_LUNG,235,0.02836579264391301,0.6981756324463703
X_pca,0.0,gemcitabine,LNCAPCLONEFGC_PROSTATE,129,0.042890241865194835,0.7753469172374222
X_pca,0.0,gemcitabine,RCC10RGB_KIDNEY,233,0.03924536353515119,0.7351115760373456
X_pca,0.0,gemcitabine,RERFLCAD1_LUNG,243,0.054573163173193315,0.7345597052279814
X_pca,0.0,gemcitabine,SKMEL2_SKIN,276,0.03355661745516403,0.703270514374194
X_pca,0.0,gemcitabine,BICR31_UPPER_AERODIGESTIVE_TRACT,248,0.04017225198215721,0.6931153139279734
X_pca,0.0,gemcitabine,RCM1_LARGE_INTESTINE,128,0.036566672535112144,0.7525242622941732
X_pca,0.0,gemcitabine,COV434_OVARY,88,0.03315831376365793,0.672467327253385
X_pca,0.0,gemcitabine,SNU1079_BILIARY_TRACT,73,0.036118610588164804,0.7199367505230315
X_pca,0.0,gemcitabine,YD38_UPPER_AERODIGESTIVE_TRACT,624,0.035358219332801775,0.7218843195109795
X_pca,0.0,gemcitabine,NCIH1299_LUNG,534,0.04466236099015962,0.7098292413722264
X_pca,0.0,gemcitabine,IGR37_SKIN,347,0.032236099751608294,0.7996875657471868
X_pca,0.0,gemcitabine,BFTC909_KIDNEY,379,0.07812029505695997,0.7661760130155055
X_pca,0.0,gemcitabine,NCIH460_LUNG,837,0.0341300594193827,0.6014180351471531
X_pca,0.0,gemcitabine,IGR1_SKIN,725,0.06626160979522047,0.606844629419261
X_pca,0.0,gemcitabine,VMCUB1_URINARY_TRACT,478,0.03608754460035272,0.7027175218240985
X_pca,0.0,gemcitabine,JHOC5_OVARY,145,0.05225822869605663,0.6622158383500987
X_pca,0.0,gemcitabine,42MGBA_CENTRAL_NERVOUS_SYSTEM,518,0.03040890906392125,0.6937225954643087
X_pca,0.0,gemcitabine,HT1080_SOFT_TISSUE,516,0.04758767609649864,0.5826058005408723
X_pca,0.0,gemcitabine,LI7_LIVER,196,0.03628910915194379,0.7315941760126425
X_pca,0.0,gemcitabine,A375_SKIN,593,0.07096135604617068,0.8870843383554262
X_pca,0.0,gemcitabine,FTC133_THYROID,140,0.058954228538316264,0.7976183018514088
X_pca,0.0,gemcitabine,OVK18_OVARY,178,0.05154087511715421,0.6381207533766714
X_pca,0.0,gemcitabine,ACCMESO1_PLEURA,162,0.04817660562000568,0.7830545762438833
X_pca,0.0,gemcitabine,HMC18_BREAST,293,0.04610930029838501,0.7273417572926336
X_pca,0.0,gemcitabine,TOV112D_OVARY,78,0.042558127220404335,0.6962717603414487
X_pca,0.0,gemcitabine,JHH6_LIVER,206,0.04209728321511673,0.6746928376480213
X_pca,0.0,gemcitabine,A2058_SKIN,294,0.07194425078466746,0.6767297587832626
X_pca,0.0,gemcitabine,NCIH2110_LUNG,1990,0.02897406479106844,0.6734865314996422
X_pca,0.0,gemcitabine,NCIH650_LUNG,271,0.04979954814292823,0.7281842972959539
X_pca,0.0,gemcitabine,EFE184_ENDOMETRIUM,86,0.032632589189581084,0.7843895540680996
X_pca,0.0,gemcitabine,HUPT3_PANCREAS,136,0.04752866523330934,0.7602840201819644
X_pca,0.0,gemcitabine,MDAMB361_BREAST,135,0.021201456629863735,0.7641880808053193
X_pca,0.0,gemcitabine,BCPAP_THYROID,152,0.030347834999969153,0.7434727996587753
X_pca,0.0,gemcitabine,PECAPJ49_UPPER_AERODIGESTIVE_TRACT,202,0.020422776239513506,0.6652628118448919
X_pca,0.0,gemcitabine,EKVX_LUNG,146,0.05140238839627469,0.6823598954775562
X_pca,0.0,gemcitabine,BICR56_UPPER_AERODIGESTIVE_TRACT,81,0.026702524084468268,0.6333483288317551
X_pca,0.0,gemcitabine,NCIH2170_LUNG,142,0.037687206706331064,0.6160676210698947
X_pca,0.0,gemcitabine,DETROIT562_UPPER_AERODIGESTIVE_TRACT,163,0.04471956543451111,0.5882328682881923
X_pca,0.0,gemcitabine,SW1088_CENTRAL_NERVOUS_SYSTEM,128,0.03333562764759396,0.7209552256390452
X_pca,0.0,gemcitabine,BHY_UPPER_AERODIGESTIVE_TRACT,145,0.03217272752830773,0.6755887286416415
X_pca,0.0,gemcitabine,CAS1_CENTRAL_NERVOUS_SYSTEM,133,0.02532906875896397,0.6558958704310253
X_pca,0.0,gemcitabine,HCC1428_BREAST,127,0.04977823521950607,0.8381226302131893
X_pca,0.0,gemcitabine,HDQP1_BREAST,64,0.04299409372599137,0.7377760130912066
X_pca,0.0,gemcitabine,OSRC2_KIDNEY,126,0.03762313917386454,0.7869076459180742
X_pca,0.0,gemcitabine,HUPT4_PANCREAS,56,0.058940611630593616,0.6955560179693359
X_pca,0.0,gemcitabine,TCCSUP_URINARY_TRACT,316,0.044251537886239506,0.7156956143017057
X_pca,0.0,gemcitabine,VMRCRCZ_KIDNEY,300,0.03950655023965166,0.7612320442994436
X_pca,0.0,gemcitabine,PK59_PANCREAS,174,0.04982407445886588,0.8061756179935631
X_pca,0.0,gemcitabine,HUH6_LIVER,338,0.03191723464113422,0.7687335342345153
X_pca,0.0,gemcitabine,MSTO211H_PLEURA,297,0.02612015776390908,0.6710516790348271
X_pca,0.0,gemcitabine,HS852T_SKIN,162,0.049676364854224594,0.8755121455516344
X_pca,0.0,gemcitabine,SKMEL30_SKIN,353,0.02618767907382216,0.7122994039956976
X_pca,0.0,gemcitabine,T47D_BREAST,221,0.024841808689784948,0.7647771107125606
X_pca,0.0,gemcitabine,CALU6_LUNG,258,0.042520518698758655,0.7549788711606994
X_pca,0.0,gemcitabine,NCIH522_LUNG,208,0.04056731386403262,0.7037448891653464
X_pca,0.0,gemcitabine,LMSU_STOMACH,255,0.03841214196464316,0.6123879811343025
X_pca,0.0,gemcitabine,SNUC4_LARGE_INTESTINE,467,0.037315913921133384,0.6253224020341224
X_pca,0.0,gemcitabine,RVH421_SKIN,239,0.0339554092495771,0.7367241589594087
X_pca,0.0,gemcitabine,OVSAHO_OVARY,227,0.04295088325234956,0.8305802085326106
X_pca,0.0,gemcitabine,GOS3_CENTRAL_NERVOUS_SYSTEM,191,0.0370151952233089,0.7524566213497941
X_pca,0.0,gemcitabine,SNU738_CENTRAL_NERVOUS_SYSTEM,379,0.031989510784993624,0.7113458964000591
X_pca,0.0,gemcitabine,PC3_PROSTATE,169,0.0282812924456767,0.7195629904256065
X_pca,0.0,gemcitabine,PATU8988S_PANCREAS,244,0.0440653021533127,0.820328812130162
X_pca,0.0,gemcitabine,OVTOKO_OVARY,209,0.03800397549202102,0.7593607409148695
X_pca,0.0,gemcitabine,TE1_OESOPHAGUS,206,0.03717959461341425,0.7652144550698475
X_pca,0.0,gemcitabine,NCIH2087_LUNG,219,0.05390061975643516,0.6941796772556218
X_pca,0.0,gemcitabine,EFM192A_BREAST,333,0.05142424779000086,0.806780684101689
X_pca,0.0,gemcitabine,SNU423_LIVER,212,0.02107254778206059,0.7868291864979942
X_pca,0.0,gemcitabine,KPL1_BREAST,276,0.03476694026443642,0.8442090741102246
X_pca,0.0,gemcitabine,NCIH358_LUNG,336,0.030902602827446866,0.6876430882229692
X_pca,0.0,gemcitabine,COLO792_SKIN,271,0.03854704564904161,0.8176591858212798
X_pca,0.0,gemcitabine,KYSE520_OESOPHAGUS,323,0.04551730461271514,0.65411862795567
X_pca,0.0,gemcitabine,KMRC3_KIDNEY,245,0.026339351796375587,0.7256283930369786
X_pca,0.0,gemcitabine,MKN7_STOMACH,258,0.04557723221531022,0.8070924420689427
X_pca,0.0,gemcitabine,NCIH1944_LUNG,414,0.04954420002123883,0.7005080468412759
X_pca,0.0,gemcitabine,TE6_OESOPHAGUS,551,0.04961708857949066,0.6494467704136012
X_pca,0.0,gemcitabine,ZR751_BREAST,309,0.024588186906630283,0.7372274202050515
X_pca,0.0,gemcitabine,PANC0203_PANCREAS,506,0.0370579359305296,0.6922270257482416
X_pca,0.0,gemcitabine,SW1990_PANCREAS,307,0.04443119960826597,0.8096877627729981
X_pca,0.0,gemcitabine,RD_SOFT_TISSUE,261,0.032320239796789225,0.6740473369528964
X_pca,0.0,gemcitabine,NCIH1792_LUNG,111,0.03964996712698311,0.6842533838641536
X_pca,0.0,gemcitabine,PK45H_PANCREAS,271,0.025989932569733813,0.8020821446862167
X_pca,0.0,gemcitabine,LS180_LARGE_INTESTINE,361,0.03992739004941299,0.806472749591204
X_pca,0.0,gemcitabine,RERFLCAI_LUNG,763,0.037813166501070854,0.7656498266235091
X_pca,0.0,gemcitabine,CAMA1_BREAST,291,0.042587344648158686,0.8230848887941682
X_pca,0.0,gemcitabine,SNU449_LIVER,282,0.033623434936085335,0.6888253356970794
X_pca,0.0,gemcitabine,A204_SOFT_TISSUE,250,0.037632282719233044,0.6730699667930603
X_pca,0.0,gemcitabine,MKN45_STOMACH,118,0.039474725234617036,0.6749480371758089
X_pca,0.0,gemcitabine,HEP3B217_LIVER,118,0.04263355224291378,0.6703380300837048
X_pca,0.0,gemcitabine,HOS_BONE,829,0.03250458103662312,0.690041534144283
X_pca,0.0,gemcitabine,EBC1_LUNG,186,0.042463827941060704,0.7093926796349146
X_pca,0.0,gemcitabine,NCIH292_LUNG,213,0.02647090306961057,0.6693279936280049
X_pca,0.0,gemcitabine,OUMS23_LARGE_INTESTINE,107,0.042550250522168445,0.762518568573711
X_pca,0.0,gemcitabine,HEC151_ENDOMETRIUM,250,0.04121524065414392,0.7878650410175323
X_pca,0.0,gemcitabine,NCIH1373_LUNG,164,0.05258166476949433,0.7402708108832197
X_pca,0.0,gemcitabine,TE9_OESOPHAGUS,248,0.03996621436687937,0.6142160827594418
X_pca,0.0,gemcitabine,HCC56_LARGE_INTESTINE,99,0.03759363872371326,0.8015667856341661
X_pca,0.0,gemcitabine,HT55_LARGE_INTESTINE,211,0.021911014567787792,0.7421389075252117
X_pca,0.0,gemcitabine,RT4_URINARY_TRACT,106,0.033116467226282253,0.5993836898848696
X_pca,0.0,gemcitabine,SKES1_BONE,91,0.0434082593677606,0.7078392256747236
X_pca,0.0,gemcitabine,NCIH1435_LUNG,267,0.039750071058322116,0.693858056479179
X_pca,0.0,gemcitabine,8305C_THYROID,459,0.030538420222945784,0.7279826313062431
X_pca,0.0,gemcitabine,NCIH2228_LUNG,367,0.04566471119178969,0.723978538116902
X_pca,0.0,gemcitabine,TE10_OESOPHAGUS,219,0.042150471815233986,0.7393377246377675
X_pca,0.0,gemcitabine,ASPC1_PANCREAS,290,0.02451125979896666,0.7466137555138818
X_pca,0.0,gemcitabine,HCC366_LUNG,202,0.04225858278788871,0.7512128447542096
X_pca,0.0,gemcitabine,BICR16_UPPER_AERODIGESTIVE_TRACT,212,0.03806146522541364,0.6850885608286228
X_pca,0.0,gemcitabine,HEC6_ENDOMETRIUM,161,0.027989907856940603,0.6945144160193686
X_pca,0.0,gemcitabine,KALS1_CENTRAL_NERVOUS_SYSTEM,288,0.03573697845036661,0.7000088019089566
X_pca,0.0,gemcitabine,NCIH2444_LUNG,237,0.041519254658032995,0.7846076971367945
X_pca,0.0,gemcitabine,SNU46_UPPER_AERODIGESTIVE_TRACT,236,0.03608084651331644,0.7234006024013131
X_pca,0.0,gemcitabine,OAW28_OVARY,161,0.030103270497879423,0.7634949395375222
X_pca,0.0,gemcitabine,SNU1214_UPPER_AERODIGESTIVE_TRACT,188,0.021035892217702946,0.6922579293555402
X_pca,0.0,gemcitabine,SKMEL5_SKIN,297,0.035418604681759766,0.7959169093205872
X_pca,0.0,gemcitabine,OVCAR4_OVARY,283,0.025945392792723867,0.7192723226631488
X_pca,0.0,gemcitabine,UACC257_SKIN,239,0.028013187977454904,0.7008595646175879
X_pca,0.0,gemcitabine,ONCODG1_OVARY,270,0.03772581619688014,0.7679064803653293
X_pca,0.0,gemcitabine,HUH28_BILIARY_TRACT,139,0.03383900081509569,0.7342560492831168
X_pca,0.0,gemcitabine,IM95_STOMACH,185,0.02999872883766892,0.6809809362566149
X_pca,0.0,gemcitabine,TE14_OESOPHAGUS,474,0.029162548943670732,0.6541799440162595
X_pca,0.0,gemcitabine,CAKI2_KIDNEY,278,0.029666795518079974,0.7424800235161678
X_pca,0.0,gemcitabine,SU8686_PANCREAS,82,0.025539720649263114,0.7055569901698973
X_pca,0.0,gemcitabine,SCC25_UPPER_AERODIGESTIVE_TRACT,898,0.040546644752547455,0.6319281431640973
X_pca,0.0,gemcitabine,SCC9_UPPER_AERODIGESTIVE_TRACT,475,0.04584411809103165,0.7106157926509254
X_pca,0.0,imatinib,NCIH2126_LUNG,264,0.021660398982478554,0.9676531557783936
X_pca,0.0,imatinib,SW579_THYROID,217,0.013282976377335194,0.9154821886994322
X_pca,0.0,imatinib,NCIH446_LUNG,196,0.01583139861390717,0.9479750841856003
X_pca,0.0,imatinib,HEC251_ENDOMETRIUM,107,0.00880692367747872,0.9706595902130982
X_pca,0.0,imatinib,MFE319_ENDOMETRIUM,191,0.017650506746627225,0.9849496761541716
X_pca,0.0,imatinib,SKNAS_AUTONOMIC_GANGLIA,226,0.0177640031706344,0.940073528121003
X_pca,0.0,imatinib,NCIH2452_PLEURA,538,0.010171720384389148,0.943380827132654
X_pca,0.0,imatinib,COLO741_SKIN,329,0.008094279329503518,0.9679264966115401
X_pca,0.0,imatinib,KNS42_CENTRAL_NERVOUS_SYSTEM,172,0.017310267327318787,0.9906247476505678
X_pca,0.0,imatinib,MCF7_BREAST,143,0.011155931925315636,0.9927212975241921
X_pca,0.0,imatinib,HT1197_URINARY_TRACT,74,0.020856806186989024,1.0047953451001965
X_pca,0.0,imatinib,SNU899_UPPER_AERODIGESTIVE_TRACT,83,0.01634183466395487,0.9845251742615757
X_pca,0.0,imatinib,HCC38_BREAST,200,0.021890287265197237,0.9655778312683105
X_pca,0.0,imatinib,SNU308_BILIARY_TRACT,94,0.017635384581259617,0.985143687496794
X_pca,0.0,imatinib,SW1271_LUNG,115,0.018538006969120016,0.9583802917729254
X_pca,0.0,imatinib,TM31_CENTRAL_NERVOUS_SYSTEM,116,0.016506201932835366,0.9460298131252157
X_pca,0.0,imatinib,NCIH747_LARGE_INTESTINE,80,0.010351198866908448,0.9985895067453384
X_pca,0.0,imatinib,KPNSI9S_AUTONOMIC_GANGLIA,129,0.026852656630216406,0.9188782711361729
X_pca,0.0,imatinib,SQ1_LUNG,238,0.009846473269532785,0.9620054642192456
X_pca,0.0,imatinib,IALM_LUNG,322,0.017688350122616905,0.9962756082137919
X_pca,0.0,imatinib,BT474_BREAST,125,0.012505467132486535,1.0062124280929565
X_pca,0.0,imatinib,DKMG_CENTRAL_NERVOUS_SYSTEM,271,0.026086864861075598,0.908340972727955
X_pca,0.0,imatinib,BT549_BREAST,266,0.016890984598341863,0.9367208581669886
X_pca,0.0,imatinib,BICR6_UPPER_AERODIGESTIVE_TRACT,286,0.018442289539291133,0.9885457014287269
X_pca,0.0,imatinib,SH10TC_STOMACH,351,0.016861907301406447,0.9917169452732445
X_pca,0.0,imatinib,UMUC1_URINARY_TRACT,197,0.015837807475262904,0.9874450304181442
X_pca,0.0,imatinib,LS1034_LARGE_INTESTINE,146,0.013200690849306572,0.99369551506761
X_pca,0.0,imatinib,CCFSTTG1_CENTRAL_NERVOUS_SYSTEM,246,0.023898236588906652,0.889396894026578
X_pca,0.0,imatinib,NCIH226_LUNG,235,0.01930882153183507,0.945313092241896
X_pca,0.0,imatinib,LNCAPCLONEFGC_PROSTATE,129,0.0111732825184055,0.9770539795705514
X_pca,0.0,imatinib,RCC10RGB_KIDNEY,233,0.013686877570486105,0.9692383375290637
X_pca,0.0,imatinib,RERFLCAD1_LUNG,243,0.019018599568306833,0.9897710550959709
X_pca,0.0,imatinib,SKMEL2_SKIN,276,0.016412986630349725,0.9783478415962579
X_pca,0.0,imatinib,BICR31_UPPER_AERODIGESTIVE_TRACT,248,0.012236388542879395,0.9587367953312013
X_pca,0.0,imatinib,RCM1_LARGE_INTESTINE,128,0.008869174649023866,0.9431159947998822
X_pca,0.0,imatinib,COV434_OVARY,88,0.01663166632870666,1.0106579830700702
X_pca,0.0,imatinib,SNU1079_BILIARY_TRACT,73,0.0169845601759666,0.9680562198978581
X_pca,0.0,imatinib,YD38_UPPER_AERODIGESTIVE_TRACT,624,0.018234725837269882,0.995098740913165
X_pca,0.0,imatinib,NCIH1299_LUNG,534,0.017759354310825478,0.9680052480001128
X_pca,0.0,imatinib,IGR37_SKIN,347,0.010815745195110674,0.9862566646993676
X_pca,0.0,imatinib,BFTC909_KIDNEY,379,0.022682964369851302,0.9353517613184483
X_pca,0.0,imatinib,NCIH460_LUNG,837,0.013212970891689909,0.931505456691432
X_pca,0.0,imatinib,IGR1_SKIN,725,0.0123705352409392,0.9893793853398027
X_pca,0.0,imatinib,VMCUB1_URINARY_TRACT,478,0.017753718873844013,0.9919510130852336
X_pca,0.0,imatinib,JHOC5_OVARY,145,0.023898529005899307,0.9780463066594354
X_pca,0.0,imatinib,42MGBA_CENTRAL_NERVOUS_SYSTEM,518,0.01817673645327299,0.9789220426073406
X_pca,0.0,imatinib,HT1080_SOFT_TISSUE,516,0.027926170894375213,0.9637555992880533
X_pca,0.0,imatinib,LI7_LIVER,196,0.019276037899639,1.0007787182623027
X_pca,0.0,imatinib,A375_SKIN,593,0.01085705117564089,0.9632391229045733
X_pca,0.0,imatinib,FTC133_THYROID,140,0.013029614187325452,0.9608324255262103
X_pca,0.0,imatinib,OVK18_OVARY,178,0.01765988546307606,0.9641658596778184
X_pca,0.0,imatinib,ACCMESO1_PLEURA,162,0.016371328395731254,0.9736010962062411
X_pca,0.0,imatinib,HMC18_BREAST,293,0.017850050189529145,0.9537448266667311
X_pca,0.0,imatinib,TOV112D_OVARY,78,0.016486561625498376,0.9441484892979647
X_pca,0.0,imatinib,JHH6_LIVER,206,0.014849342471688972,0.9342009080845175
X_pca,0.0,imatinib,A2058_SKIN,294,0.01654774397131714,0.9905017058865554
X_pca,0.0,imatinib,NCIH2110_LUNG,1990,0.016456868784500714,0.9707918390556796
X_pca,0.0,imatinib,NCIH650_LUNG,271,0.01551315778997213,0.9863419460194577
X_pca,0.0,imatinib,EFE184_ENDOMETRIUM,86,0.015038077464459027,1.0160398732784182
X_pca,0.0,imatinib,HUPT3_PANCREAS,136,0.015408852394248006,1.000044535188114
X_pca,0.0,imatinib,MDAMB361_BREAST,135,0.012868018597859446,0.9903317782613966
X_pca,0.0,imatinib,BCPAP_THYROID,152,0.02085019779246168,0.992344107674925
X_pca,0.0,imatinib,PECAPJ49_UPPER_AERODIGESTIVE_TRACT,202,0.017788759424808568,0.9682706783313563
X_pca,0.0,imatinib,EKVX_LUNG,146,0.0199831078504466,0.9717483148999411
X_pca,0.0,imatinib,BICR56_UPPER_AERODIGESTIVE_TRACT,81,0.009908898179416354,0.9611771033133989
X_pca,0.0,imatinib,NCIH2170_LUNG,142,0.017998237758820104,0.9953461381751048
X_pca,0.0,imatinib,DETROIT562_UPPER_AERODIGESTIVE_TRACT,163,0.01957598095970154,0.973372252806564
X_pca,0.0,imatinib,SW1088_CENTRAL_NERVOUS_SYSTEM,128,0.020944098458564892,0.974298860412091
X_pca,0.0,imatinib,BHY_UPPER_AERODIGESTIVE_TRACT,145,0.011608406679999019,0.9833246897006857
X_pca,0.0,imatinib,CAS1_CENTRAL_NERVOUS_SYSTEM,133,0.02107740460369347,0.9215282080765057
X_pca,0.0,imatinib,HCC1428_BREAST,127,0.008943381825462091,0.9962651269642386
X_pca,0.0,imatinib,HDQP1_BREAST,64,0.012767672109008804,0.9729403229430318
X_pca,0.0,imatinib,OSRC2_KIDNEY,126,0.008624778408484097,0.9407465670789991
X_pca,0.0,imatinib,HUPT4_PANCREAS,56,0.013917466377152129,0.9912940072161811
X_pca,0.0,imatinib,TCCSUP_URINARY_TRACT,316,0.012708087528526013,0.941123084365567
X_pca,0.0,imatinib,VMRCRCZ_KIDNEY,300,0.02062667167901384,0.961097173889478
X_pca,0.0,imatinib,PK59_PANCREAS,174,0.011154962832081504,0.9752942046214794
X_pca,0.0,imatinib,HUH6_LIVER,338,0.01552705411429855,1.0271335096048886
X_pca,0.0,imatinib,MSTO211H_PLEURA,297,0.01620815668637664,0.9359537658065257
X_pca,0.0,imatinib,HS852T_SKIN,162,0.007502445836881641,0.951729534216869
X_pca,0.0,imatinib,SKMEL30_SKIN,353,0.014658241992122872,0.9702619236521951
X_pca,0.0,imatinib,T47D_BREAST,221,0.014533128640993554,0.9774090553300953
X_pca,0.0,imatinib,CALU6_LUNG,258,0.011342064493724284,0.9465919624465381
X_pca,0.0,imatinib,NCIH522_LUNG,208,0.017240039168577852,0.9570265968258564
X_pca,0.0,imatinib,LMSU_STOMACH,255,0.019479062337004818,0.928540018493054
X_pca,0.0,imatinib,SNUC4_LARGE_INTESTINE,467,0.01239133901984446,0.9745064442877596
X_pca,0.0,imatinib,RVH421_SKIN,239,0.014180686199601052,1.0088120272468821
X_pca,0.0,imatinib,OVSAHO_OVARY,227,0.016136698378640298,1.0019423809345598
X_pca,0.0,imatinib,GOS3_CENTRAL_NERVOUS_SYSTEM,191,0.01589661004553502,0.9625284790368605
X_pca,0.0,imatinib,SNU738_CENTRAL_NERVOUS_SYSTEM,379,0.016149744603080735,0.9687596323622248
X_pca,0.0,imatinib,PC3_PROSTATE,169,0.017371626954359315,0.9734029653509693
X_pca,0.0,imatinib,PATU8988S_PANCREAS,244,0.01139488552682074,0.9858875172060044
X_pca,0.0,imatinib,OVTOKO_OVARY,209,0.016669819782943764,0.9779092914750132
X_pca,0.0,imatinib,TE1_OESOPHAGUS,206,0.019251861884746844,1.0130452496334188
X_pca,0.0,imatinib,NCIH2087_LUNG,219,0.015968996838224284,0.9976833525313634
X_pca,0.0,imatinib,EFM192A_BREAST,333,0.009279354505157973,0.9760331819365332
X_pca,0.0,imatinib,SNU423_LIVER,212,0.013150290365313455,0.9979948482985767
X_pca,0.0,imatinib,KPL1_BREAST,276,0.007568349756596056,0.9593624420787977
X_pca,0.0,imatinib,NCIH358_LUNG,336,0.014523200441040955,0.9824694508597964
X_pca,0.0,imatinib,COLO792_SKIN,271,0.013403388324473773,0.9783577114013728
X_pca,0.0,imatinib,KYSE520_OESOPHAGUS,323,0.020177777385600743,0.9706829345263195
X_pca,0.0,imatinib,KMRC3_KIDNEY,245,0.018167706414618203,0.977498121164283
X_pca,0.0,imatinib,MKN7_STOMACH,258,0.011884549550798283,1.0025592517945194
X_pca,0.0,imatinib,NCIH1944_LUNG,414,0.01874868356246971,0.9707744612497984
X_pca,0.0,imatinib,TE6_OESOPHAGUS,551,0.018424785527447533,0.9685652397721736
X_pca,0.0,imatinib,ZR751_BREAST,309,0.012942001130376354,0.982871816189158
X_pca,0.0,imatinib,PANC0203_PANCREAS,506,0.01204673124889791,0.9524661249558445
X_pca,0.0,imatinib,SW1990_PANCREAS,307,0.013327500180301583,0.9802612889473136
X_pca,0.0,imatinib,RD_SOFT_TISSUE,261,0.018001863248312346,0.9459866940746819
X_pca,0.0,imatinib,NCIH1792_LUNG,111,0.020201143410375624,0.9802539515065717
X_pca,0.0,imatinib,PK45H_PANCREAS,271,0.015970587894188072,1.0078189520378393
X_pca,0.0,imatinib,LS180_LARGE_INTESTINE,361,0.00934260765230325,0.9636106382116386
X_pca,0.0,imatinib,RERFLCAI_LUNG,763,0.014285851844237179,0.9802932018221284
X_pca,0.0,imatinib,CAMA1_BREAST,291,0.009334524497738672,0.9516855879747581
X_pca,0.0,imatinib,SNU449_LIVER,282,0.01419207504214083,0.9274471729782456
X_pca,0.0,imatinib,A204_SOFT_TISSUE,250,0.0178194839660015,0.9952434723377228
X_pca,0.0,imatinib,MKN45_STOMACH,118,0.021069801265344558,0.9813447392592995
X_pca,0.0,imatinib,HEP3B217_LIVER,118,0.017817607554054368,0.96351919083272
X_pca,0.0,imatinib,HOS_BONE,829,0.016410330298810272,0.9959772892107578
X_pca,0.0,imatinib,EBC1_LUNG,186,0.011949504232932109,0.9553214952509891
X_pca,0.0,imatinib,NCIH292_LUNG,213,0.012666584228167061,0.9820390553541587
X_pca,0.0,imatinib,OUMS23_LARGE_INTESTINE,107,0.01424693547656576,0.9807604679437442
X_pca,0.0,imatinib,HEC151_ENDOMETRIUM,250,0.019649568928797483,1.0182969346046449
X_pca,0.0,imatinib,NCIH1373_LUNG,164,0.010743937201990022,0.9524918184047793
X_pca,0.0,imatinib,TE9_OESOPHAGUS,248,0.018265987879318133,0.9707142785191536
X_pca,0.0,imatinib,HCC56_LARGE_INTESTINE,99,0.008718439447194854,0.9479557498536929
X_pca,0.0,imatinib,HT55_LARGE_INTESTINE,211,0.010477706500976125,0.9954995010136428
X_pca,0.0,imatinib,RT4_URINARY_TRACT,106,0.011797001729434464,0.9479368255948121
X_pca,0.0,imatinib,SKES1_BONE,91,0.017848059317024937,0.9532201899276985
X_pca,0.0,imatinib,NCIH1435_LUNG,267,0.010905400803757813,0.9483864349818855
X_pca,0.0,imatinib,8305C_THYROID,459,0.017595194641670687,0.9754249038000252
X_pca,0.0,imatinib,NCIH2228_LUNG,367,0.011946767542177621,0.9423621610334848
X_pca,0.0,imatinib,TE10_OESOPHAGUS,219,0.01876390830943278,1.0025910830388876
X_pca,0.0,imatinib,ASPC1_PANCREAS,290,0.014399011613300896,1.0036351452613699
X_pca,0.0,imatinib,HCC366_LUNG,202,0.013120238822408144,0.9991126299494564
X_pca,0.0,imatinib,BICR16_UPPER_AERODIGESTIVE_TRACT,212,0.01271477312033638,0.971444990837349
X_pca,0.0,imatinib,HEC6_ENDOMETRIUM,161,0.020559937364224342,0.9652637332122519
X_pca,0.0,imatinib,KALS1_CENTRAL_NERVOUS_SYSTEM,288,0.0173626632676084,0.9523051416294442
X_pca,0.0,imatinib,NCIH2444_LUNG,237,0.009821294831289108,0.9669433952886847
X_pca,0.0,imatinib,SNU46_UPPER_AERODIGESTIVE_TRACT,236,0.019185878109360295,0.9894286192069619
X_pca,0.0,imatinib,OAW28_OVARY,161,0.01009710711102438,0.9943388578314218
X_pca,0.0,imatinib,SNU1214_UPPER_AERODIGESTIVE_TRACT,188,0.017412198636116046,0.9748157120131432
X_pca,0.0,imatinib,SKMEL5_SKIN,297,0.013493253342456917,1.0138473051164287
X_pca,0.0,imatinib,OVCAR4_OVARY,283,0.01694706135068176,0.9868846992721827
X_pca,0.0,imatinib,UACC257_SKIN,239,0.011586541418828478,0.9781163915929435
X_pca,0.0,imatinib,ONCODG1_OVARY,270,0.01582281233805259,0.9990512106153701
X_pca,0.0,imatinib,HUH28_BILIARY_TRACT,139,0.014931831706023408,0.9936463558416573
X_pca,0.0,imatinib,IM95_STOMACH,185,0.015519526793450467,0.9967348987991745
X_pca,0.0,imatinib,TE14_OESOPHAGUS,474,0.017490206625373473,0.9796916363360006
X_pca,0.0,imatinib,CAKI2_KIDNEY,278,0.014907128455400294,0.982540157415884
X_pca,0.0,imatinib,SU8686_PANCREAS,82,0.01363308335164197,0.9861843862184664
X_pca,0.0,imatinib,SCC25_UPPER_AERODIGESTIVE_TRACT,898,0.015315025789033179,0.9662547444713142
X_pca,0.0,imatinib,SCC9_UPPER_AERODIGESTIVE_TRACT,475,0.016061925919217186,0.9704163177389847
X_pca,0.0,erlotinib,NCIH2126_LUNG,264,0.01797872391413484,0.855577292767438
X_pca,0.0,erlotinib,SW579_THYROID,217,0.017300524435739834,0.9739110469818115
X_pca,0.0,erlotinib,NCIH446_LUNG,196,0.025879884307582632,0.9479417058886314
X_pca,0.0,erlotinib,HEC251_ENDOMETRIUM,107,0.02914142157657984,0.8779859709962506
X_pca,0.0,erlotinib,MFE319_ENDOMETRIUM,191,0.022756718293335216,0.8873146254354747
X_pca,0.0,erlotinib,SKNAS_AUTONOMIC_GANGLIA,226,0.0230736103629815,0.9003783322013585
X_pca,0.0,erlotinib,NCIH2452_PLEURA,538,0.016387309409804693,0.9683174639386315
X_pca,0.0,erlotinib,COLO741_SKIN,329,0.015018233090599391,0.9742873740413631
X_pca,0.0,erlotinib,KNS42_CENTRAL_NERVOUS_SYSTEM,172,0.01932531800948162,0.9310294192197711
X_pca,0.0,erlotinib,MCF7_BREAST,143,0.015809779472657312,0.9498825377517647
X_pca,0.0,erlotinib,HT1197_URINARY_TRACT,74,0.02335220599194559,0.8717075602428334
X_pca,0.0,erlotinib,SNU899_UPPER_AERODIGESTIVE_TRACT,83,0.024331896759587676,0.7795857844582523
X_pca,0.0,erlotinib,HCC38_BREAST,200,0.02413787245327386,0.8918535456061363
X_pca,0.0,erlotinib,SNU308_BILIARY_TRACT,94,0.020346656599873593,0.873885415970011
X_pca,0.0,erlotinib,SW1271_LUNG,115,0.014690597737292322,0.9138036644977072
X_pca,0.0,erlotinib,TM31_CENTRAL_NERVOUS_SYSTEM,116,0.018362026185774365,0.9146145648997406
X_pca,0.0,erlotinib,NCIH747_LARGE_INTESTINE,80,0.017806326672949728,0.91931853890419
X_pca,0.0,erlotinib,KPNSI9S_AUTONOMIC_GANGLIA,129,0.015701643747179833,0.9431571429089982
X_pca,0.0,erlotinib,SQ1_LUNG,238,0.037377860445372835,0.8624891453430432
X_pca,0.0,erlotinib,IALM_LUNG,322,0.01968518649182559,0.918474798432048
X_pca,0.0,erlotinib,BT474_BREAST,125,0.015342837516068481,0.9139645671844483
X_pca,0.0,erlotinib,DKMG_CENTRAL_NERVOUS_SYSTEM,271,0.012781970567477673,0.9459373645237011
X_pca,0.0,erlotinib,BT549_BREAST,266,0.017503420742484385,0.9301806361155402
X_pca,0.0,erlotinib,BICR6_UPPER_AERODIGESTIVE_TRACT,286,0.03693571752242139,0.8261539594276802
X_pca,0.0,erlotinib,SH10TC_STOMACH,351,0.015447840822216763,0.9538084148002146
X_pca,0.0,erlotinib,UMUC1_URINARY_TRACT,197,0.029695857818994982,0.840684733415013
X_pca,0.0,erlotinib,LS1034_LARGE_INTESTINE,146,0.013907774251440774,0.8620956013463947
X_pca,0.0,erlotinib,CCFSTTG1_CENTRAL_NERVOUS_SYSTEM,246,0.013149734144895127,0.9407407808594588
X_pca,0.0,erlotinib,NCIH226_LUNG,235,0.01882738174967894,0.9224647892282364
X_pca,0.0,erlotinib,LNCAPCLONEFGC_PROSTATE,129,0.014999971605910047,0.9126398923785187
X_pca,0.0,erlotinib,RCC10RGB_KIDNEY,233,0.022704789405587508,0.8761763657111467
X_pca,0.0,erlotinib,RERFLCAD1_LUNG,243,0.02144788933613233,0.9401317604284718
X_pca,0.0,erlotinib,SKMEL2_SKIN,276,0.017387672958792785,0.9102763583262762
X_pca,0.0,erlotinib,BICR31_UPPER_AERODIGESTIVE_TRACT,248,0.03755438604438905,0.8286491500273827
X_pca,0.0,erlotinib,RCM1_LARGE_INTESTINE,128,0.02515818719734652,0.8744003367610276
X_pca,0.0,erlotinib,COV434_OVARY,88,0.01716698364792959,0.9254590611566197
X_pca,0.0,erlotinib,SNU1079_BILIARY_TRACT,73,0.024567476876117492,0.9035628127725157
X_pca,0.0,erlotinib,YD38_UPPER_AERODIGESTIVE_TRACT,624,0.024392452520103514,0.8304448546125338
X_pca,0.0,erlotinib,NCIH1299_LUNG,534,0.02120866708153606,0.9231810933641726
X_pca,0.0,erlotinib,IGR37_SKIN,347,0.014307624159586347,0.9457742563242184
X_pca,0.0,erlotinib,BFTC909_KIDNEY,379,0.020606619393429216,0.9488950777494184
X_pca,0.0,erlotinib,NCIH460_LUNG,837,0.021390118079208327,0.8818216530368035
X_pca,0.0,erlotinib,IGR1_SKIN,725,0.012161858382679195,0.9520596599578858
X_pca,0.0,erlotinib,VMCUB1_URINARY_TRACT,478,0.02472133561022096,0.8399851390756823
X_pca,0.0,erlotinib,JHOC5_OVARY,145,0.03182534517802872,0.8518589652817825
X_pca,0.0,erlotinib,42MGBA_CENTRAL_NERVOUS_SYSTEM,518,0.01609230894897462,0.945209416643533
X_pca,0.0,erlotinib,HT1080_SOFT_TISSUE,516,0.022353287927029168,0.9094764189433682
X_pca,0.0,erlotinib,LI7_LIVER,196,0.018769406101649167,0.9081562638890986
X_pca,0.0,erlotinib,A375_SKIN,593,0.025259847843154697,0.9633268734053858
X_pca,0.0,erlotinib,FTC133_THYROID,140,0.02567306099362678,0.9689387287412371
X_pca,0.0,erlotinib,OVK18_OVARY,178,0.018386133163534244,0.9271213271644678
X_pca,0.0,erlotinib,ACCMESO1_PLEURA,162,0.01981410047983762,0.9405509373288096
X_pca,0.0,erlotinib,HMC18_BREAST,293,0.022071488946680706,0.9105920272882481
X_pca,0.0,erlotinib,TOV112D_OVARY,78,0.017794127899342094,0.9091797539821038
X_pca,0.0,erlotinib,JHH6_LIVER,206,0.027494367730620355,0.9111062033662518
X_pca,0.0,erlotinib,A2058_SKIN,294,0.012935513900719234,0.9534322680259237
X_pca,0.0,erlotinib,NCIH2110_LUNG,1990,0.019196285928755108,0.9076920138531593
X_pca,0.0,erlotinib,NCIH650_LUNG,271,0.02067592037818951,0.9127550360461443
X_pca,0.0,erlotinib,EFE184_ENDOMETRIUM,86,0.019094598679518404,0.893343964288401
X_pca,0.0,erlotinib,HUPT3_PANCREAS,136,0.03244863333288535,0.9091023925472709
X_pca,0.0,erlotinib,MDAMB361_BREAST,135,0.01528739351757278,0.9283438558931704
X_pca,0.0,erlotinib,BCPAP_THYROID,152,0.020443494886182786,0.9255964144280082
X_pca,0.0,erlotinib,PECAPJ49_UPPER_AERODIGESTIVE_TRACT,202,0.02826311765867839,0.8145873584959766
X_pca,0.0,erlotinib,EKVX_LUNG,146,0.020416236839235817,0.8990171257763693
X_pca,0.0,erlotinib,BICR56_UPPER_AERODIGESTIVE_TRACT,81,0.02086903851226221,0.7214154453925145
X_pca,0.0,erlotinib,NCIH2170_LUNG,142,0.019432082493942737,0.8751977157424873
X_pca,0.0,erlotinib,DETROIT562_UPPER_AERODIGESTIVE_TRACT,163,0.027686018919398987,0.7891877227765651
X_pca,0.0,erlotinib,SW1088_CENTRAL_NERVOUS_SYSTEM,128,0.016546356580579655,0.9367909971624613
X_pca,0.0,erlotinib,BHY_UPPER_AERODIGESTIVE_TRACT,145,0.033847298570637036,0.7567253334768888
X_pca,0.0,erlotinib,CAS1_CENTRAL_NERVOUS_SYSTEM,133,0.018685058226811605,0.9339980680243414
X_pca,0.0,erlotinib,HCC1428_BREAST,127,0.0192889841478851,0.9182615111193319
X_pca,0.0,erlotinib,HDQP1_BREAST,64,0.02337840939915627,0.9096262082457542
X_pca,0.0,erlotinib,OSRC2_KIDNEY,126,0.021630313787537575,0.9222564333015018
X_pca,0.0,erlotinib,HUPT4_PANCREAS,56,0.032633467872119126,0.8788624256849289
X_pca,0.0,erlotinib,TCCSUP_URINARY_TRACT,316,0.021255474997902937,0.936497927277903
X_pca,0.0,erlotinib,VMRCRCZ_KIDNEY,300,0.018538929000314213,0.9141704005002975
X_pca,0.0,erlotinib,PK59_PANCREAS,174,0.023859107676056437,0.9291675012002046
X_pca,0.0,erlotinib,HUH6_LIVER,338,0.017023882842428274,0.9088162472967566
X_pca,0.0,erlotinib,MSTO211H_PLEURA,297,0.015386352419462814,0.9414423292734807
X_pca,0.0,erlotinib,HS852T_SKIN,162,0.01657081927195168,0.9850516646732519
X_pca,0.0,erlotinib,SKMEL30_SKIN,353,0.013620410445355446,0.9334193273914434
X_pca,0.0,erlotinib,T47D_BREAST,221,0.023169134576513928,0.938030342171095
X_pca,0.0,erlotinib,CALU6_LUNG,258,0.01799975051701494,0.9568553377491559
X_pca,0.0,erlotinib,NCIH522_LUNG,208,0.01776477254578975,0.896979479262462
X_pca,0.0,erlotinib,LMSU_STOMACH,255,0.019325893280154077,0.896435036612492
X_pca,0.0,erlotinib,SNUC4_LARGE_INTESTINE,467,0.019110848937104203,0.8372946062486228
X_pca,0.0,erlotinib,RVH421_SKIN,239,0.015443149260915359,0.9456770714356809
X_pca,0.0,erlotinib,OVSAHO_OVARY,227,0.020051736302658163,0.8913786613468556
X_pca,0.0,erlotinib,GOS3_CENTRAL_NERVOUS_SYSTEM,191,0.01597478780880804,0.9327263189235907
X_pca,0.0,erlotinib,SNU738_CENTRAL_NERVOUS_SYSTEM,379,0.015771363581695216,0.9227682971702716
X_pca,0.0,erlotinib,PC3_PROSTATE,169,0.017286091308050897,0.9248367685538071
X_pca,0.0,erlotinib,PATU8988S_PANCREAS,244,0.0165141535688929,0.9056379384681826
X_pca,0.0,erlotinib,OVTOKO_OVARY,209,0.016830522921606417,0.8853845040193585
X_pca,0.0,erlotinib,TE1_OESOPHAGUS,206,0.01752756231316708,0.8750741036192885
X_pca,0.0,erlotinib,NCIH2087_LUNG,219,0.03238020069545991,0.8609065661147305
X_pca,0.0,erlotinib,EFM192A_BREAST,333,0.019349275984898485,0.917147294895069
X_pca,0.0,erlotinib,SNU423_LIVER,212,0.013891291959440106,0.9277067100102047
X_pca,0.0,erlotinib,KPL1_BREAST,276,0.012723637252355834,0.9724403807650441
X_pca,0.0,erlotinib,NCIH358_LUNG,336,0.026212772314185718,0.9150509559327648
X_pca,0.0,erlotinib,COLO792_SKIN,271,0.0165303833721085,0.93737352312271
X_pca,0.0,erlotinib,KYSE520_OESOPHAGUS,323,0.027913877037938226,0.8269758809461683
X_pca,0.0,erlotinib,KMRC3_KIDNEY,245,0.01396373144786622,0.9218015741328804
X_pca,0.0,erlotinib,MKN7_STOMACH,258,0.028975233854250784,0.9154771896757821
X_pca,0.0,erlotinib,NCIH1944_LUNG,414,0.01923670496262975,0.8987193790034972
X_pca,0.0,erlotinib,TE6_OESOPHAGUS,551,0.02233979489872085,0.851293811348086
X_pca,0.0,erlotinib,ZR751_BREAST,309,0.021196138985959373,0.9399149064878816
X_pca,0.0,erlotinib,PANC0203_PANCREAS,506,0.03648029374584824,0.8510156009979399
X_pca,0.0,erlotinib,SW1990_PANCREAS,307,0.022596691994697757,0.9618480522003546
X_pca,0.0,erlotinib,RD_SOFT_TISSUE,261,0.018144640092673938,0.9286567388366466
X_pca,0.0,erlotinib,NCIH1792_LUNG,111,0.01894128888594146,0.9111906628350954
X_pca,0.0,erlotinib,PK45H_PANCREAS,271,0.01607176603032266,0.9150230990124805
X_pca,0.0,erlotinib,LS180_LARGE_INTESTINE,361,0.020660049409405017,0.8675956549406713
X_pca,0.0,erlotinib,RERFLCAI_LUNG,763,0.017525171010566786,0.9676913474521662
X_pca,0.0,erlotinib,CAMA1_BREAST,291,0.016136746487006054,0.9678402676205455
X_pca,0.0,erlotinib,SNU449_LIVER,282,0.021053194184596363,0.9002253878201153
X_pca,0.0,erlotinib,A204_SOFT_TISSUE,250,0.02143583340643742,0.9455247116088867
X_pca,0.0,erlotinib,MKN45_STOMACH,118,0.021145663391776467,0.9073341357505927
X_pca,0.0,erlotinib,HEP3B217_LIVER,118,0.018163489868182496,0.887731120748035
X_pca,0.0,erlotinib,HOS_BONE,829,0.01879960267231752,0.9372884214859101
X_pca,0.0,erlotinib,EBC1_LUNG,186,0.033299283698842747,0.8766856334542715
X_pca,0.0,erlotinib,NCIH292_LUNG,213,0.025647098086641958,0.8080459444175864
X_pca,0.0,erlotinib,OUMS23_LARGE_INTESTINE,107,0.016740217872980585,0.9216207661361338
X_pca,0.0,erlotinib,HEC151_ENDOMETRIUM,250,0.019612177622574233,0.9010442206859589
X_pca,0.0,erlotinib,NCIH1373_LUNG,164,0.03397706712491643,0.9069641832171417
X_pca,0.0,erlotinib,TE9_OESOPHAGUS,248,0.02187121398032088,0.7980912916602627
X_pca,0.0,erlotinib,HCC56_LARGE_INTESTINE,99,0.022046664288565623,0.8745270961462849
X_pca,0.0,erlotinib,HT55_LARGE_INTESTINE,211,0.015169705295030497,0.9097841382026672
X_pca,0.0,erlotinib,RT4_URINARY_TRACT,106,0.015796132825499378,0.892699975450084
X_pca,0.0,erlotinib,SKES1_BONE,91,0.015331681753676484,0.9043858817645481
X_pca,0.0,erlotinib,NCIH1435_LUNG,267,0.02944235052312443,0.8607229838210545
X_pca,0.0,erlotinib,8305C_THYROID,459,0.018315903690564045,0.9301736471699733
X_pca,0.0,erlotinib,NCIH2228_LUNG,367,0.03450351171544216,0.8749913222458447
X_pca,0.0,erlotinib,TE10_OESOPHAGUS,219,0.021177194637446033,0.8532954119656184
X_pca,0.0,erlotinib,ASPC1_PANCREAS,290,0.01629049013491888,0.8651762259417567
X_pca,0.0,erlotinib,HCC366_LUNG,202,0.01960895963682205,0.9167506213825528
X_pca,0.0,erlotinib,BICR16_UPPER_AERODIGESTIVE_TRACT,212,0.02709243205514171,0.7798186487184381
X_pca,0.0,erlotinib,HEC6_ENDOMETRIUM,161,0.01886133144934574,0.917570143752957
X_pca,0.0,erlotinib,KALS1_CENTRAL_NERVOUS_SYSTEM,288,0.015333528595706386,0.9352587066176865
X_pca,0.0,erlotinib,NCIH2444_LUNG,237,0.02865430907776355,0.900066498462661
X_pca,0.0,erlotinib,SNU46_UPPER_AERODIGESTIVE_TRACT,236,0.03227232652309067,0.8817188744827852
X_pca,0.0,erlotinib,OAW28_OVARY,161,0.021082016267603504,0.8407167311040511
X_pca,0.0,erlotinib,SNU1214_UPPER_AERODIGESTIVE_TRACT,188,0.027931303180214938,0.8016922737055636
X_pca,0.0,erlotinib,SKMEL5_SKIN,297,0.019402145413413268,0.9556703304602241
X_pca,0.0,erlotinib,OVCAR4_OVARY,283,0.02087149116025605,0.8902793874167721
X_pca,0.0,erlotinib,UACC257_SKIN,239,0.01311911136534684,0.9346268463833063
X_pca,0.0,erlotinib,ONCODG1_OVARY,270,0.013831822566685402,0.8921683816998093
X_pca,0.0,erlotinib,HUH28_BILIARY_TRACT,139,0.013502846436912158,0.9312756215925697
X_pca,0.0,erlotinib,IM95_STOMACH,185,0.01784602471360072,0.8523336246206954
X_pca,0.0,erlotinib,TE14_OESOPHAGUS,474,0.025791812802610507,0.8266576761183356
X_pca,0.0,erlotinib,CAKI2_KIDNEY,278,0.021183566955831717,0.8742737879427217
X_pca,0.0,erlotinib,SU8686_PANCREAS,82,0.0233695581042403,0.8945836301256971
X_pca,0.0,erlotinib,SCC25_UPPER_AERODIGESTIVE_TRACT,898,0.01859343647766409,0.8184551696203864
X_pca,0.0,erlotinib,SCC9_UPPER_AERODIGESTIVE_TRACT,475,0.020692443439971377,0.9000716440301192
X_pca,0.0,sorafenib,NCIH2126_LUNG,264,0.016551946841525042,0.8805338681647272
X_pca,0.0,sorafenib,SW579_THYROID,217,0.011109909740685844,0.8488171836747552
X_pca,0.0,sorafenib,NCIH446_LUNG,196,0.015105763898505932,0.8526137635415915
X_pca,0.0,sorafenib,HEC251_ENDOMETRIUM,107,0.01113484182518747,0.9030716346803113
X_pca,0.0,sorafenib,MFE319_ENDOMETRIUM,191,0.019567280586897252,0.8815718664548784
X_pca,0.0,sorafenib,SKNAS_AUTONOMIC_GANGLIA,226,0.016077909867582334,0.8446129009259485
X_pca,0.0,sorafenib,NCIH2452_PLEURA,538,0.01094872148816684,0.8746458730733084
X_pca,0.0,sorafenib,COLO741_SKIN,329,0.01021621221104331,0.8761044749735336
X_pca,0.0,sorafenib,KNS42_CENTRAL_NERVOUS_SYSTEM,172,0.015724431995690343,0.9005617471628411
X_pca,0.0,sorafenib,MCF7_BREAST,143,0.01190924687944561,0.8996502111008117
X_pca,0.0,sorafenib,HT1197_URINARY_TRACT,74,0.017979994849400896,0.8991228269564139
X_pca,0.0,sorafenib,SNU899_UPPER_AERODIGESTIVE_TRACT,83,0.014868084508443867,0.8903541938368097
X_pca,0.0,sorafenib,HCC38_BREAST,200,0.022770522892271296,0.8709502428770065
X_pca,0.0,sorafenib,SNU308_BILIARY_TRACT,94,0.016777127913143088,0.8998375820352676
X_pca,0.0,sorafenib,SW1271_LUNG,115,0.01746526403173702,0.8785907123399818
X_pca,0.0,sorafenib,TM31_CENTRAL_NERVOUS_SYSTEM,116,0.015116585132134194,0.8745821745231234
X_pca,0.0,sorafenib,NCIH747_LARGE_INTESTINE,80,0.015855644941176944,0.9087259322404861
X_pca,0.0,sorafenib,KPNSI9S_AUTONOMIC_GANGLIA,129,0.02541076713435548,0.8243881228358246
X_pca,0.0,sorafenib,SQ1_LUNG,238,0.011614130921037047,0.8871678061345044
X_pca,0.0,sorafenib,IALM_LUNG,322,0.017563388626539545,0.8925736043023766
X_pca,0.0,sorafenib,BT474_BREAST,125,0.013049649299620138,0.9071893177032471
X_pca,0.0,sorafenib,DKMG_CENTRAL_NERVOUS_SYSTEM,271,0.023380167339223587,0.8209001932196951
X_pca,0.0,sorafenib,BT549_BREAST,266,0.01559631346434115,0.8743241536886173
X_pca,0.0,sorafenib,BICR6_UPPER_AERODIGESTIVE_TRACT,286,0.016569800581975627,0.9041532913704852
X_pca,0.0,sorafenib,SH10TC_STOMACH,351,0.01824051451939432,0.8904083303236894
X_pca,0.0,sorafenib,UMUC1_URINARY_TRACT,197,0.01569015879740344,0.9038355834593023
X_pca,0.0,sorafenib,LS1034_LARGE_INTESTINE,146,0.012550480678946707,0.9133696282563144
X_pca,0.0,sorafenib,CCFSTTG1_CENTRAL_NERVOUS_SYSTEM,246,0.021712680871447444,0.8079576475348899
X_pca,0.0,sorafenib,NCIH226_LUNG,235,0.016804784780997884,0.8680386020782146
X_pca,0.0,sorafenib,LNCAPCLONEFGC_PROSTATE,129,0.010682208949229381,0.881909774255383
X_pca,0.0,sorafenib,RCC10RGB_KIDNEY,233,0.012896784005532687,0.8844829680070345
X_pca,0.0,sorafenib,RERFLCAD1_LUNG,243,0.017082154431704088,0.8866155272648658
X_pca,0.0,sorafenib,SKMEL2_SKIN,276,0.016528584968504165,0.8849095730245977
X_pca,0.0,sorafenib,BICR31_UPPER_AERODIGESTIVE_TRACT,248,0.011362410885977517,0.8996215866458032
X_pca,0.0,sorafenib,RCM1_LARGE_INTESTINE,128,0.010922200497010839,0.8868610081262887
X_pca,0.0,sorafenib,COV434_OVARY,88,0.013705758334658869,0.8878723382949829
X_pca,0.0,sorafenib,SNU1079_BILIARY_TRACT,73,0.01682147260457461,0.8941221326997836
X_pca,0.0,sorafenib,YD38_UPPER_AERODIGESTIVE_TRACT,624,0.015153908063316701,0.921969881042456
X_pca,0.0,sorafenib,NCIH1299_LUNG,534,0.019993610613682967,0.8604006262754234
X_pca,0.0,sorafenib,IGR37_SKIN,347,0.014341301277459664,0.8899440042223642
X_pca,0.0,sorafenib,BFTC909_KIDNEY,379,0.022631636919974538,0.8507318907174083
X_pca,0.0,sorafenib,NCIH460_LUNG,837,0.0161292631328886,0.8387502311520821
X_pca,0.0,sorafenib,IGR1_SKIN,725,0.015373378988280017,0.8867352354115453
X_pca,0.0,sorafenib,VMCUB1_URINARY_TRACT,478,0.014646861422309245,0.910520691751935
X_pca,0.0,sorafenib,JHOC5_OVARY,145,0.024835849612611472,0.9002189747218428
X_pca,0.0,sorafenib,42MGBA_CENTRAL_NERVOUS_SYSTEM,518,0.015613877049425292,0.8804611975621993
X_pca,0.0,sorafenib,HT1080_SOFT_TISSUE,516,0.027888265481175623,0.875705019217129
X_pca,0.0,sorafenib,LI7_LIVER,196,0.016879624688655837,0.8948123643592912
X_pca,0.0,sorafenib,A375_SKIN,593,0.011873720885518406,0.8812045783658856
X_pca,0.0,sorafenib,FTC133_THYROID,140,0.01148328842392223,0.8893965274095536
X_pca,0.0,sorafenib,OVK18_OVARY,178,0.02259291788692865,0.864290406529823
X_pca,0.0,sorafenib,ACCMESO1_PLEURA,162,0.0185136168450342,0.8688994738054864
X_pca,0.0,sorafenib,HMC18_BREAST,293,0.01778616634434191,0.8499172923914808
X_pca,0.0,sorafenib,TOV112D_OVARY,78,0.017416957889085732,0.8500150679013668
X_pca,0.0,sorafenib,JHH6_LIVER,206,0.012238607909152476,0.8612355925504444
X_pca,0.0,sorafenib,A2058_SKIN,294,0.021775735143657687,0.9013400477211492
X_pca,0.0,sorafenib,NCIH2110_LUNG,1990,0.013891590022252214,0.8917058856043983
X_pca,0.0,sorafenib,NCIH650_LUNG,271,0.015880199253187958,0.8995943256409845
X_pca,0.0,sorafenib,EFE184_ENDOMETRIUM,86,0.01658758268546249,0.9455109973286473
X_pca,0.0,sorafenib,HUPT3_PANCREAS,136,0.015464708714714013,0.9012886136770248
X_pca,0.0,sorafenib,MDAMB361_BREAST,135,0.01253079092534278,0.9080600747355708
X_pca,0.0,sorafenib,BCPAP_THYROID,152,0.015286752308212056,0.9215810647920558
X_pca,0.0,sorafenib,PECAPJ49_UPPER_AERODIGESTIVE_TRACT,202,0.018288330353603395,0.9202366427029713
X_pca,0.0,sorafenib,EKVX_LUNG,146,0.016550085095554168,0.889353973000017
X_pca,0.0,sorafenib,BICR56_UPPER_AERODIGESTIVE_TRACT,81,0.012963921763726646,0.8984282495063028
X_pca,0.0,sorafenib,NCIH2170_LUNG,142,0.0166703041166562,0.8800277991194121
X_pca,0.0,sorafenib,DETROIT562_UPPER_AERODIGESTIVE_TRACT,163,0.018134947150021587,0.8881149218857654
X_pca,0.0,sorafenib,SW1088_CENTRAL_NERVOUS_SYSTEM,128,0.0172934710489543,0.8815458514727652
X_pca,0.0,sorafenib,BHY_UPPER_AERODIGESTIVE_TRACT,145,0.010712305408044078,0.9131742530855639
X_pca,0.0,sorafenib,CAS1_CENTRAL_NERVOUS_SYSTEM,133,0.013382521357292168,0.8703090400624096
X_pca,0.0,sorafenib,HCC1428_BREAST,127,0.01429714585043277,0.9178503911326251
X_pca,0.0,sorafenib,HDQP1_BREAST,64,0.013964020828325938,0.9003111096099019
X_pca,0.0,sorafenib,OSRC2_KIDNEY,126,0.008999118542826506,0.8875170070973654
X_pca,0.0,sorafenib,HUPT4_PANCREAS,56,0.01983131114734202,0.8829958321792739
X_pca,0.0,sorafenib,TCCSUP_URINARY_TRACT,316,0.012495508088613973,0.8720122702136824
X_pca,0.0,sorafenib,VMRCRCZ_KIDNEY,300,0.021163050157732424,0.8754838595787684
X_pca,0.0,sorafenib,PK59_PANCREAS,174,0.016182474232062146,0.8721125516398199
X_pca,0.0,sorafenib,HUH6_LIVER,338,0.01661507463959601,0.8921006755715997
X_pca,0.0,sorafenib,MSTO211H_PLEURA,297,0.014889978121468646,0.8670519301385591
X_pca,0.0,sorafenib,HS852T_SKIN,162,0.009173530142757583,0.8728806409570906
X_pca,0.0,sorafenib,SKMEL30_SKIN,353,0.011660521273760747,0.8845200200931884
X_pca,0.0,sorafenib,T47D_BREAST,221,0.015452835120774921,0.9041101436269768
X_pca,0.0,sorafenib,CALU6_LUNG,258,0.011757982388191732,0.867680913487146
X_pca,0.0,sorafenib,NCIH522_LUNG,208,0.017232686620922723,0.8476364486492597
X_pca,0.0,sorafenib,LMSU_STOMACH,255,0.017868322531342202,0.8399890979131063
X_pca,0.0,sorafenib,SNUC4_LARGE_INTESTINE,467,0.01674441364102136,0.8908963919451711
X_pca,0.0,sorafenib,RVH421_SKIN,239,0.016450727173151485,0.9073663680623266
X_pca,0.0,sorafenib,OVSAHO_OVARY,227,0.015105712790515483,0.9109559508147219
X_pca,0.0,sorafenib,GOS3_CENTRAL_NERVOUS_SYSTEM,191,0.01870831756573729,0.8580006410938283
X_pca,0.0,sorafenib,SNU738_CENTRAL_NERVOUS_SYSTEM,379,0.015442273653099244,0.8770059658543731
X_pca,0.0,sorafenib,PC3_PROSTATE,169,0.01693665218090727,0.8766339703424443
X_pca,0.0,sorafenib,PATU8988S_PANCREAS,244,0.01465139247339563,0.9168283277359165
X_pca,0.0,sorafenib,OVTOKO_OVARY,209,0.016656892346772416,0.8818971178178011
X_pca,0.0,sorafenib,TE1_OESOPHAGUS,206,0.016506882762707353,0.9115217863356025
X_pca,0.0,sorafenib,NCIH2087_LUNG,219,0.014357478523407026,0.9017468342498013
X_pca,0.0,sorafenib,EFM192A_BREAST,333,0.012584280177731357,0.891860069992306
X_pca,0.0,sorafenib,SNU423_LIVER,212,0.01450672109077122,0.9098327157070052
X_pca,0.0,sorafenib,KPL1_BREAST,276,0.00983872525703436,0.8957407509071239
X_pca,0.0,sorafenib,NCIH358_LUNG,336,0.019915077123500373,0.8759277147196588
X_pca,0.0,sorafenib,COLO792_SKIN,271,0.017225539537231882,0.8815662223034679
X_pca,0.0,sorafenib,KYSE520_OESOPHAGUS,323,0.0229948795154652,0.9103883750298444
X_pca,0.0,sorafenib,KMRC3_KIDNEY,245,0.014392672995410678,0.8858635727240115
X_pca,0.0,sorafenib,MKN7_STOMACH,258,0.012935143411379005,0.9020506908265196
X_pca,0.0,sorafenib,NCIH1944_LUNG,414,0.019588495086625992,0.8931338628709028
X_pca,0.0,sorafenib,TE6_OESOPHAGUS,551,0.018836089409929667,0.8833742348338645
X_pca,0.0,sorafenib,ZR751_BREAST,309,0.014195048391815963,0.896381386082535
X_pca,0.0,sorafenib,PANC0203_PANCREAS,506,0.013884415822872769,0.8815586769533723
X_pca,0.0,sorafenib,SW1990_PANCREAS,307,0.01509537124307351,0.8760827902085618
X_pca,0.0,sorafenib,RD_SOFT_TISSUE,261,0.014232880935584337,0.8615797602810622
X_pca,0.0,sorafenib,NCIH1792_LUNG,111,0.017203864520974593,0.8821469658129925
X_pca,0.0,sorafenib,PK45H_PANCREAS,271,0.013669079976644308,0.9197198165738715
X_pca,0.0,sorafenib,LS180_LARGE_INTESTINE,361,0.012755217721666393,0.8999436380460322
X_pca,0.0,sorafenib,RERFLCAI_LUNG,763,0.013598401141559469,0.8693227974177969
X_pca,0.0,sorafenib,CAMA1_BREAST,291,0.011495386576250518,0.8891248072135899
X_pca,0.0,sorafenib,SNU449_LIVER,282,0.014972666577606313,0.8603801055157438
X_pca,0.0,sorafenib,A204_SOFT_TISSUE,250,0.018319357611780825,0.8899310674667359
X_pca,0.0,sorafenib,MKN45_STOMACH,118,0.01565018416245859,0.8927740767850714
X_pca,0.0,sorafenib,HEP3B217_LIVER,118,0.017198955659524007,0.8636311550261611
X_pca,0.0,sorafenib,HOS_BONE,829,0.01554900411834277,0.8881392540057405
X_pca,0.0,sorafenib,EBC1_LUNG,186,0.013611904062413463,0.8830837094655601
X_pca,0.0,sorafenib,NCIH292_LUNG,213,0.014424142551630886,0.9037475846183132
X_pca,0.0,sorafenib,OUMS23_LARGE_INTESTINE,107,0.01714861969307369,0.8890489629495923
X_pca,0.0,sorafenib,HEC151_ENDOMETRIUM,250,0.017192220214002497,0.9306663992404938
X_pca,0.0,sorafenib,NCIH1373_LUNG,164,0.01177509996721157,0.8734418077439796
X_pca,0.0,sorafenib,TE9_OESOPHAGUS,248,0.018292031359983817,0.8904870897531509
X_pca,0.0,sorafenib,HCC56_LARGE_INTESTINE,99,0.011281577546020357,0.8915126347782636
X_pca,0.0,sorafenib,HT55_LARGE_INTESTINE,211,0.01087236683491953,0.9116459025590906
X_pca,0.0,sorafenib,RT4_URINARY_TRACT,106,0.014431831409539917,0.8308160231923157
X_pca,0.0,sorafenib,SKES1_BONE,91,0.01653956496395531,0.8717767556945046
X_pca,0.0,sorafenib,NCIH1435_LUNG,267,0.014061404455725382,0.8814256084099245
X_pca,0.0,sorafenib,8305C_THYROID,459,0.018694183128694156,0.8998524463514357
X_pca,0.0,sorafenib,NCIH2228_LUNG,367,0.015299725782519499,0.8736664620342307
X_pca,0.0,sorafenib,TE10_OESOPHAGUS,219,0.018027674976009923,0.9359304578336951
X_pca,0.0,sorafenib,ASPC1_PANCREAS,290,0.012628930862333389,0.9258717869890147
X_pca,0.0,sorafenib,HCC366_LUNG,202,0.013487335138352496,0.9092607279815296
X_pca,0.0,sorafenib,BICR16_UPPER_AERODIGESTIVE_TRACT,212,0.013710103735084621,0.9108201301885102
X_pca,0.0,sorafenib,HEC6_ENDOMETRIUM,161,0.01537514842242382,0.8731751541913666
X_pca,0.0,sorafenib,KALS1_CENTRAL_NERVOUS_SYSTEM,288,0.016097281963563654,0.8480055754383405
X_pca,0.0,sorafenib,NCIH2444_LUNG,237,0.009288512762148907,0.9040193278578263
X_pca,0.0,sorafenib,SNU46_UPPER_AERODIGESTIVE_TRACT,236,0.021072033894134364,0.9220346826112876
X_pca,0.0,sorafenib,OAW28_OVARY,161,0.01067967979766503,0.904899451673401
X_pca,0.0,sorafenib,SNU1214_UPPER_AERODIGESTIVE_TRACT,188,0.016682229729129295,0.923015851606714
X_pca,0.0,sorafenib,SKMEL5_SKIN,297,0.01913149196665613,0.8884957083547959
X_pca,0.0,sorafenib,OVCAR4_OVARY,283,0.014710452421530225,0.9020793427426907
X_pca,0.0,sorafenib,UACC257_SKIN,239,0.009842377196768589,0.8960841173407423
X_pca,0.0,sorafenib,ONCODG1_OVARY,270,0.014579589312437479,0.9017134924729665
X_pca,0.0,sorafenib,HUH28_BILIARY_TRACT,139,0.012392477205027237,0.8801360134598163
X_pca,0.0,sorafenib,IM95_STOMACH,185,0.01671162633934862,0.9154760554030135
X_pca,0.0,sorafenib,TE14_OESOPHAGUS,474,0.01959184823045844,0.8961888463688299
X_pca,0.0,sorafenib,CAKI2_KIDNEY,278,0.018208977967807582,0.9296717487221999
X_pca,0.0,sorafenib,SU8686_PANCREAS,82,0.017477272404278838,0.9019967441151782
X_pca,0.0,sorafenib,SCC25_UPPER_AERODIGESTIVE_TRACT,898,0.015638808578034444,0.8877897911719597
X_pca,0.0,sorafenib,SCC9_UPPER_AERODIGESTIVE_TRACT,475,0.015638183265793814,0.8815728287947805
X_pca,0.0,dasatinib,NCIH2126_LUNG,264,0.025338693242623517,0.7091449201107025
X_pca,0.0,dasatinib,SW579_THYROID,217,0.03285032962514292,0.5805844513501989
X_pca,0.0,dasatinib,NCIH446_LUNG,196,0.04071616726735709,0.7099842973509614
X_pca,0.0,dasatinib,HEC251_ENDOMETRIUM,107,0.03846708862640713,0.5945112944763398
X_pca,0.0,dasatinib,MFE319_ENDOMETRIUM,191,0.03699628082692911,0.6860697450438095
X_pca,0.0,dasatinib,SKNAS_AUTONOMIC_GANGLIA,226,0.03236763582180969,0.6724107698001692
X_pca,0.0,dasatinib,NCIH2452_PLEURA,538,0.03480373513022396,0.6813894453766621
X_pca,0.0,dasatinib,COLO741_SKIN,329,0.030471509004662986,0.9013701537822155
X_pca,0.0,dasatinib,KNS42_CENTRAL_NERVOUS_SYSTEM,172,0.02638500949734435,0.7355932808199594
X_pca,0.0,dasatinib,MCF7_BREAST,143,0.020008049391790624,0.7604042429190415
X_pca,0.0,dasatinib,HT1197_URINARY_TRACT,74,0.03135063057561087,0.6492611298689971
X_pca,0.0,dasatinib,SNU899_UPPER_AERODIGESTIVE_TRACT,83,0.027557544577835862,0.5567072881273476
X_pca,0.0,dasatinib,HCC38_BREAST,200,0.049030975631776205,0.6770718228816986
X_pca,0.0,dasatinib,SNU308_BILIARY_TRACT,94,0.033856202527253264,0.6200644798735355
X_pca,0.0,dasatinib,SW1271_LUNG,115,0.03253390868308828,0.6729285478591919
X_pca,0.0,dasatinib,TM31_CENTRAL_NERVOUS_SYSTEM,116,0.03151649789604994,0.6643931464902286
X_pca,0.0,dasatinib,NCIH747_LARGE_INTESTINE,80,0.031725024042079664,0.7105985388159752
X_pca,0.0,dasatinib,KPNSI9S_AUTONOMIC_GANGLIA,129,0.04565366041760995,0.6492461016935895
X_pca,0.0,dasatinib,SQ1_LUNG,238,0.04095396444173638,0.569633373568038
X_pca,0.0,dasatinib,IALM_LUNG,322,0.022242401910020613,0.7002418183762095
X_pca,0.0,dasatinib,BT474_BREAST,125,0.021435696843453086,0.7739007167816162
X_pca,0.0,dasatinib,DKMG_CENTRAL_NERVOUS_SYSTEM,271,0.03817014800313245,0.5786667616824822
X_pca,0.0,dasatinib,BT549_BREAST,266,0.030487256424728628,0.6657402573671556
X_pca,0.0,dasatinib,BICR6_UPPER_AERODIGESTIVE_TRACT,286,0.041788546943296444,0.5662868786733467
X_pca,0.0,dasatinib,SH10TC_STOMACH,351,0.040467564701884305,0.7720875070984886
X_pca,0.0,dasatinib,UMUC1_URINARY_TRACT,197,0.0365594889078457,0.5703731616438948
X_pca,0.0,dasatinib,LS1034_LARGE_INTESTINE,146,0.019909882579249385,0.7211761858365308
X_pca,0.0,dasatinib,CCFSTTG1_CENTRAL_NERVOUS_SYSTEM,246,0.03969726061813244,0.5757796409411159
X_pca,0.0,dasatinib,NCIH226_LUNG,235,0.036714042647480266,0.6187888896211665
X_pca,0.0,dasatinib,LNCAPCLONEFGC_PROSTATE,129,0.024972265201899973,0.7558720463006071
X_pca,0.0,dasatinib,RCC10RGB_KIDNEY,233,0.03494854102375827,0.5237384708398402
X_pca,0.0,dasatinib,RERFLCAD1_LUNG,243,0.039995585743493836,0.6541875914781673
X_pca,0.0,dasatinib,SKMEL2_SKIN,276,0.03153458029701049,0.7226582111223884
X_pca,0.0,dasatinib,BICR31_UPPER_AERODIGESTIVE_TRACT,248,0.05431729433707463,0.5837228393122074
X_pca,0.0,dasatinib,RCM1_LARGE_INTESTINE,128,0.03426901296187915,0.726510476320982
X_pca,0.0,dasatinib,COV434_OVARY,88,0.021434631692170438,0.7305201061747291
X_pca,0.0,dasatinib,SNU1079_BILIARY_TRACT,73,0.03692729171371259,0.7142605675409918
X_pca,0.0,dasatinib,YD38_UPPER_AERODIGESTIVE_TRACT,624,0.042219061731772804,0.5726703541496625
X_pca,0.0,dasatinib,NCIH1299_LUNG,534,0.034617731704813755,0.7044056181827288
X_pca,0.0,dasatinib,IGR37_SKIN,347,0.022187229822126387,0.8210397379886176
X_pca,0.0,dasatinib,BFTC909_KIDNEY,379,0.05824129638401454,0.6567319414546433
X_pca,0.0,dasatinib,NCIH460_LUNG,837,0.040066900877349265,0.7954586010110278
X_pca,0.0,dasatinib,IGR1_SKIN,725,0.03332416505764144,0.8613483954298086
X_pca,0.0,dasatinib,VMCUB1_URINARY_TRACT,478,0.043049948111211205,0.6099697744247804
X_pca,0.0,dasatinib,JHOC5_OVARY,145,0.04708104858831418,0.5521299709533823
X_pca,0.0,dasatinib,42MGBA_CENTRAL_NERVOUS_SYSTEM,518,0.024392563082144374,0.6879562153319134
X_pca,0.0,dasatinib,HT1080_SOFT_TISSUE,516,0.05168481683026868,0.6423114671032558
X_pca,0.0,dasatinib,LI7_LIVER,196,0.027373174065630147,0.7368543430858728
X_pca,0.0,dasatinib,A375_SKIN,593,0.045343515439712316,0.7926189032011048
X_pca,0.0,dasatinib,FTC133_THYROID,140,0.042915457143159946,0.6922067714588983
X_pca,0.0,dasatinib,OVK18_OVARY,178,0.04191144896035497,0.7814750661340992
X_pca,0.0,dasatinib,ACCMESO1_PLEURA,162,0.03473540976896479,0.7292038997014364
X_pca,0.0,dasatinib,HMC18_BREAST,293,0.03462367193133937,0.6977703542839545
X_pca,0.0,dasatinib,TOV112D_OVARY,78,0.027299577727988845,0.7029423751892188
X_pca,0.0,dasatinib,JHH6_LIVER,206,0.05034526690145851,0.6742511695449792
X_pca,0.0,dasatinib,A2058_SKIN,294,0.04391104285783904,0.858104816910361
X_pca,0.0,dasatinib,NCIH2110_LUNG,1990,0.027951486013964612,0.7096756266888662
X_pca,0.0,dasatinib,NCIH650_LUNG,271,0.031793978881959346,0.6314050269302847
X_pca,0.0,dasatinib,EFE184_ENDOMETRIUM,86,0.026100238572064526,0.6591361525446869
X_pca,0.0,dasatinib,HUPT3_PANCREAS,136,0.044249086382251855,0.6196635908940259
X_pca,0.0,dasatinib,MDAMB361_BREAST,135,0.021895090101369176,0.7231943704463818
X_pca,0.0,dasatinib,BCPAP_THYROID,152,0.03133218936011494,0.6382353772458277
X_pca,0.0,dasatinib,PECAPJ49_UPPER_AERODIGESTIVE_TRACT,202,0.03367429103810127,0.5377633766372605
X_pca,0.0,dasatinib,EKVX_LUNG,146,0.03979686599271295,0.7054383440376961
X_pca,0.0,dasatinib,BICR56_UPPER_AERODIGESTIVE_TRACT,81,0.030107998029576213,0.45003388950854173
X_pca,0.0,dasatinib,NCIH2170_LUNG,142,0.02855629742967115,0.7238322135428308
X_pca,0.0,dasatinib,DETROIT562_UPPER_AERODIGESTIVE_TRACT,163,0.034812037661619014,0.5965770450106428
X_pca,0.0,dasatinib,SW1088_CENTRAL_NERVOUS_SYSTEM,128,0.026691894639240033,0.6859026793390512
X_pca,0.0,dasatinib,BHY_UPPER_AERODIGESTIVE_TRACT,145,0.04104375532048601,0.5153358993859126
X_pca,0.0,dasatinib,CAS1_CENTRAL_NERVOUS_SYSTEM,133,0.026426617211749378,0.639374379824875
X_pca,0.0,dasatinib,HCC1428_BREAST,127,0.048601399346804346,0.8414693587408291
X_pca,0.0,dasatinib,HDQP1_BREAST,64,0.04468432979451922,0.7023169603198767
X_pca,0.0,dasatinib,OSRC2_KIDNEY,126,0.04250597859862823,0.6628808733962831
X_pca,0.0,dasatinib,HUPT4_PANCREAS,56,0.05913023445612031,0.702860669365951
X_pca,0.0,dasatinib,TCCSUP_URINARY_TRACT,316,0.03216382303936621,0.6296396951509428
X_pca,0.0,dasatinib,VMRCRCZ_KIDNEY,300,0.034220581329688145,0.6486506988604863
X_pca,0.0,dasatinib,PK59_PANCREAS,174,0.04456874528034985,0.7503727828634197
X_pca,0.0,dasatinib,HUH6_LIVER,338,0.022271267603799792,0.7365444690518125
X_pca,0.0,dasatinib,MSTO211H_PLEURA,297,0.029045548751906108,0.6762604426454615
X_pca,0.0,dasatinib,HS852T_SKIN,162,0.03308662388255378,0.8245950160939016
X_pca,0.0,dasatinib,SKMEL30_SKIN,353,0.02164442641101525,0.7528410295589112
X_pca,0.0,dasatinib,T47D_BREAST,221,0.024468508077873964,0.77550212101699
X_pca,0.0,dasatinib,CALU6_LUNG,258,0.030645004166572516,0.7039860750353614
X_pca,0.0,dasatinib,NCIH522_LUNG,208,0.026294498460652377,0.6965169322032195
X_pca,0.0,dasatinib,LMSU_STOMACH,255,0.03287097439961117,0.605996965193281
X_pca,0.0,dasatinib,SNUC4_LARGE_INTESTINE,467,0.03188104119528509,0.7102007304320244
X_pca,0.0,dasatinib,RVH421_SKIN,239,0.032964992779980176,0.7640277982755685
X_pca,0.0,dasatinib,OVSAHO_OVARY,227,0.03198219847283933,0.6811574650230912
X_pca,0.0,dasatinib,GOS3_CENTRAL_NERVOUS_SYSTEM,191,0.031398010454603206,0.6751435037058685
X_pca,0.0,dasatinib,SNU738_CENTRAL_NERVOUS_SYSTEM,379,0.03257829840379081,0.672662742691493
X_pca,0.0,dasatinib,PC3_PROSTATE,169,0.027752716853349277,0.6893088024043472
X_pca,0.0,dasatinib,PATU8988S_PANCREAS,244,0.02642257829062047,0.7755884967866491
X_pca,0.0,dasatinib,OVTOKO_OVARY,209,0.031650754249941286,0.6370555367766385
X_pca,0.0,dasatinib,TE1_OESOPHAGUS,206,0.03067276759332756,0.6350515224401233
X_pca,0.0,dasatinib,NCIH2087_LUNG,219,0.03278198062522168,0.6079041726512996
X_pca,0.0,dasatinib,EFM192A_BREAST,333,0.044669193639235556,0.8529392600775481
X_pca,0.0,dasatinib,SNU423_LIVER,212,0.022592309016666017,0.6605491775949046
X_pca,0.0,dasatinib,KPL1_BREAST,276,0.023663544431100143,0.8215561347163242
X_pca,0.0,dasatinib,NCIH358_LUNG,336,0.0345813675782973,0.6730773475553308
X_pca,0.0,dasatinib,COLO792_SKIN,271,0.027736916136058384,0.8001949582592588
X_pca,0.0,dasatinib,KYSE520_OESOPHAGUS,323,0.027705771416682887,0.6042772282387819
X_pca,0.0,dasatinib,KMRC3_KIDNEY,245,0.023356246099992806,0.6925166869650081
X_pca,0.0,dasatinib,MKN7_STOMACH,258,0.03588459301586403,0.6481891563234403
X_pca,0.0,dasatinib,NCIH1944_LUNG,414,0.028345212209477923,0.7361538354037465
X_pca,0.0,dasatinib,TE6_OESOPHAGUS,551,0.030357411752205642,0.663506693069818
X_pca,0.0,dasatinib,ZR751_BREAST,309,0.025524829146717956,0.7819281085409393
X_pca,0.0,dasatinib,PANC0203_PANCREAS,506,0.04537334494065185,0.6191750194715417
X_pca,0.0,dasatinib,SW1990_PANCREAS,307,0.0365025316047977,0.6769193038101693
X_pca,0.0,dasatinib,RD_SOFT_TISSUE,261,0.03232535483443766,0.6677990797835748
X_pca,0.0,dasatinib,NCIH1792_LUNG,111,0.02417319103123694,0.701801534171577
X_pca,0.0,dasatinib,PK45H_PANCREAS,271,0.025542632070073058,0.66521706968216
X_pca,0.0,dasatinib,LS180_LARGE_INTESTINE,361,0.03259067353256908,0.7860004961325521
X_pca,0.0,dasatinib,RERFLCAI_LUNG,763,0.031183843984831032,0.6696441709448439
X_pca,0.0,dasatinib,CAMA1_BREAST,291,0.032030477215247107,0.8405953641609638
X_pca,0.0,dasatinib,SNU449_LIVER,282,0.03872006210717454,0.6019347618657647
X_pca,0.0,dasatinib,A204_SOFT_TISSUE,250,0.025978501869015996,0.7252866091728211
X_pca,0.0,dasatinib,MKN45_STOMACH,118,0.03066525350981498,0.6950601778798184
X_pca,0.0,dasatinib,HEP3B217_LIVER,118,0.031022810334928045,0.6640821821608786
X_pca,0.0,dasatinib,HOS_BONE,829,0.024178265987091142,0.7187883515984934
X_pca,0.0,dasatinib,EBC1_LUNG,186,0.03760322150608388,0.6202180667590069
X_pca,0.0,dasatinib,NCIH292_LUNG,213,0.040695516221921975,0.628199879832111
X_pca,0.0,dasatinib,OUMS23_LARGE_INTESTINE,107,0.04253708965771689,0.7878178942983396
X_pca,0.0,dasatinib,HEC151_ENDOMETRIUM,250,0.03160501717043574,0.6640124926567078
X_pca,0.0,dasatinib,NCIH1373_LUNG,164,0.03488250560811565,0.647694624415258
X_pca,0.0,dasatinib,TE9_OESOPHAGUS,248,0.025676244644030743,0.6060433565608917
X_pca,0.0,dasatinib,HCC56_LARGE_INTESTINE,99,0.03538743466274248,0.7590851783752441
X_pca,0.0,dasatinib,HT55_LARGE_INTESTINE,211,0.020302379234489704,0.7677615621078636
X_pca,0.0,dasatinib,RT4_URINARY_TRACT,106,0.03139053757626268,0.8286524336293059
X_pca,0.0,dasatinib,SKES1_BONE,91,0.02929519399340721,0.6923717338960249
X_pca,0.0,dasatinib,NCIH1435_LUNG,267,0.04254154183645162,0.7016694989990205
X_pca,0.0,dasatinib,8305C_THYROID,459,0.023758864436404178,0.6420112652196863
X_pca,0.0,dasatinib,NCIH2228_LUNG,367,0.041174721267299756,0.6029208054009835
X_pca,0.0,dasatinib,TE10_OESOPHAGUS,219,0.03080725193467526,0.595147155191256
X_pca,0.0,dasatinib,ASPC1_PANCREAS,290,0.023107598247597647,0.6639201045036316
X_pca,0.0,dasatinib,HCC366_LUNG,202,0.03313383847267094,0.616505251662566
X_pca,0.0,dasatinib,BICR16_UPPER_AERODIGESTIVE_TRACT,212,0.029343197102812146,0.5015272925484855
X_pca,0.0,dasatinib,HEC6_ENDOMETRIUM,161,0.022706510707944084,0.6537158811314506
X_pca,0.0,dasatinib,KALS1_CENTRAL_NERVOUS_SYSTEM,288,0.02958464447946026,0.6318639206389586
X_pca,0.0,dasatinib,NCIH2444_LUNG,237,0.0377900505158837,0.6212390608425382
X_pca,0.0,dasatinib,SNU46_UPPER_AERODIGESTIVE_TRACT,236,0.03695515296296234,0.6337018427202257
X_pca,0.0,dasatinib,OAW28_OVARY,161,0.0296022540533858,0.6538938750391421
X_pca,0.0,dasatinib,SNU1214_UPPER_AERODIGESTIVE_TRACT,188,0.0367157669886147,0.5171426217606727
X_pca,0.0,dasatinib,SKMEL5_SKIN,297,0.030110837911798954,0.7969515686886077
X_pca,0.0,dasatinib,OVCAR4_OVARY,283,0.028015931589206032,0.6366415752538944
X_pca,0.0,dasatinib,UACC257_SKIN,239,0.018316445427608748,0.7634740711256052
X_pca,0.0,dasatinib,ONCODG1_OVARY,270,0.026973650358035124,0.6725286512463181
X_pca,0.0,dasatinib,HUH28_BILIARY_TRACT,139,0.026375042884197925,0.6505151532536788
X_pca,0.0,dasatinib,IM95_STOMACH,185,0.023904960511705917,0.6948795292828535
X_pca,0.0,dasatinib,TE14_OESOPHAGUS,474,0.032148524276655696,0.5515755252747596
X_pca,0.0,dasatinib,CAKI2_KIDNEY,278,0.020676725636776336,0.6734277121454691
X_pca,0.0,dasatinib,SU8686_PANCREAS,82,0.02817016324120092,0.6343593299388885
X_pca,0.0,dasatinib,SCC25_UPPER_AERODIGESTIVE_TRACT,898,0.026020492146067373,0.6094602197076802
X_pca,0.0,dasatinib,SCC9_UPPER_AERODIGESTIVE_TRACT,475,0.031002613962749212,0.6727029250797473
X_pca,0.0,crizotinib,NCIH2126_LUNG,264,0.013277475512901071,0.7925652468746359
X_pca,0.0,crizotinib,SW579_THYROID,217,0.010308412322093192,0.8261718843389766
X_pca,0.0,crizotinib,NCIH446_LUNG,196,0.017556178347419907,0.7945509604653533
X_pca,0.0,crizotinib,HEC251_ENDOMETRIUM,107,0.014965851484718103,0.8050442298996114
X_pca,0.0,crizotinib,MFE319_ENDOMETRIUM,191,0.017448633611041105,0.7999231893354686
X_pca,0.0,crizotinib,SKNAS_AUTONOMIC_GANGLIA,226,0.015921392409353755,0.7707000736114198
X_pca,0.0,crizotinib,NCIH2452_PLEURA,538,0.011933890433495445,0.814723635140848
X_pca,0.0,crizotinib,COLO741_SKIN,329,0.012686108616813338,0.798347083449726
X_pca,0.0,crizotinib,KNS42_CENTRAL_NERVOUS_SYSTEM,172,0.014074027359389013,0.8185836062874905
X_pca,0.0,crizotinib,MCF7_BREAST,143,0.01297828460842447,0.8418657417063946
X_pca,0.0,crizotinib,HT1197_URINARY_TRACT,74,0.02125417826612647,0.796372535260948
X_pca,0.0,crizotinib,SNU899_UPPER_AERODIGESTIVE_TRACT,83,0.013964460383718682,0.7444333139672337
X_pca,0.0,crizotinib,HCC38_BREAST,200,0.01521389667443205,0.7846173304319382
X_pca,0.0,crizotinib,SNU308_BILIARY_TRACT,94,0.01734799918741034,0.802221787102679
X_pca,0.0,crizotinib,SW1271_LUNG,115,0.01475407815559121,0.8218914203021838
X_pca,0.0,crizotinib,TM31_CENTRAL_NERVOUS_SYSTEM,116,0.015310042586793303,0.7930731783653128
X_pca,0.0,crizotinib,NCIH747_LARGE_INTESTINE,80,0.014440317184016416,0.7971263878047467
X_pca,0.0,crizotinib,KPNSI9S_AUTONOMIC_GANGLIA,129,0.010888528585985345,0.7867675862571065
X_pca,0.0,crizotinib,SQ1_LUNG,238,0.018335235225491627,0.795010274197875
X_pca,0.0,crizotinib,IALM_LUNG,322,0.014097548363469797,0.8175813022607602
X_pca,0.0,crizotinib,BT474_BREAST,125,0.013897751899510981,0.8178297467231751
X_pca,0.0,crizotinib,DKMG_CENTRAL_NERVOUS_SYSTEM,271,0.01257024961264351,0.7711406950581118
X_pca,0.0,crizotinib,BT549_BREAST,266,0.016648091117672653,0.8202008499686879
X_pca,0.0,crizotinib,BICR6_UPPER_AERODIGESTIVE_TRACT,286,0.015551014438376195,0.780063794209407
X_pca,0.0,crizotinib,SH10TC_STOMACH,351,0.01902182241865461,0.7977430815370674
X_pca,0.0,crizotinib,UMUC1_URINARY_TRACT,197,0.013658638526572493,0.8012562690652566
X_pca,0.0,crizotinib,LS1034_LARGE_INTESTINE,146,0.012216323511706331,0.7971167695032407
X_pca,0.0,crizotinib,CCFSTTG1_CENTRAL_NERVOUS_SYSTEM,246,0.01458150959142182,0.7656921388172522
X_pca,0.0,crizotinib,NCIH226_LUNG,235,0.019345863953835318,0.8063655054315607
X_pca,0.0,crizotinib,LNCAPCLONEFGC_PROSTATE,129,0.013926274707816731,0.8014841019645218
X_pca,0.0,crizotinib,RCC10RGB_KIDNEY,233,0.017312103110702807,0.8057839417662231
X_pca,0.0,crizotinib,RERFLCAD1_LUNG,243,0.023042647947186034,0.773348951535951
X_pca,0.0,crizotinib,SKMEL2_SKIN,276,0.0166709440789804,0.7998070423153864
X_pca,0.0,crizotinib,BICR31_UPPER_AERODIGESTIVE_TRACT,248,0.015383095058344788,0.7812688398745752
X_pca,0.0,crizotinib,RCM1_LARGE_INTESTINE,128,0.013209380991211066,0.7935340604744852
X_pca,0.0,crizotinib,COV434_OVARY,88,0.011581010809037614,0.8167957426472143
X_pca,0.0,crizotinib,SNU1079_BILIARY_TRACT,73,0.022610683395368845,0.8150372676653405
X_pca,0.0,crizotinib,YD38_UPPER_AERODIGESTIVE_TRACT,624,0.01633350062137358,0.7909683426603292
X_pca,0.0,crizotinib,NCIH1299_LUNG,534,0.017664454002748468,0.7929488477412234
X_pca,0.0,crizotinib,IGR37_SKIN,347,0.012295012542622654,0.7923228529413426
X_pca,0.0,crizotinib,BFTC909_KIDNEY,379,0.020326409027551,0.8015067195200354
X_pca,0.0,crizotinib,NCIH460_LUNG,837,0.0131488634922757,0.746720176016558
X_pca,0.0,crizotinib,IGR1_SKIN,725,0.012459604772224065,0.7851272611782468
X_pca,0.0,crizotinib,VMCUB1_URINARY_TRACT,478,0.015585006524214465,0.8066619037334889
X_pca,0.0,crizotinib,JHOC5_OVARY,145,0.020370789410566418,0.8071718343373002
X_pca,0.0,crizotinib,42MGBA_CENTRAL_NERVOUS_SYSTEM,518,0.013746488129977287,0.7942948860321266
X_pca,0.0,crizotinib,HT1080_SOFT_TISSUE,516,0.013810389678057687,0.765583902943966
X_pca,0.0,crizotinib,LI7_LIVER,196,0.014858584459163032,0.8176556339069289
X_pca,0.0,crizotinib,A375_SKIN,593,0.01882945672644024,0.8100155362793406
X_pca,0.0,crizotinib,FTC133_THYROID,140,0.016708883820024,0.8333101830312184
X_pca,0.0,crizotinib,OVK18_OVARY,178,0.01180095154112903,0.7929913769947009
X_pca,0.0,crizotinib,ACCMESO1_PLEURA,162,0.016826505402244674,0.8021651697747502
X_pca,0.0,crizotinib,HMC18_BREAST,293,0.016897985902172917,0.7974722912287142
X_pca,0.0,crizotinib,TOV112D_OVARY,78,0.01538164003116267,0.7881174591871408
X_pca,0.0,crizotinib,JHH6_LIVER,206,0.016924505974865812,0.7894158644004933
X_pca,0.0,crizotinib,A2058_SKIN,294,0.01423376965568281,0.7940522920923169
X_pca,0.0,crizotinib,NCIH2110_LUNG,1990,0.01706932699464684,0.7990374967980025
X_pca,0.0,crizotinib,NCIH650_LUNG,271,0.01550016958570202,0.7909498089353977
X_pca,0.0,crizotinib,EFE184_ENDOMETRIUM,86,0.012479905918919777,0.7971226607644281
X_pca,0.0,crizotinib,HUPT3_PANCREAS,136,0.02072755254430104,0.8131280493210343
X_pca,0.0,crizotinib,MDAMB361_BREAST,135,0.013161960326339761,0.8401906640441329
X_pca,0.0,crizotinib,BCPAP_THYROID,152,0.013839046108536123,0.8110319572059732
X_pca,0.0,crizotinib,PECAPJ49_UPPER_AERODIGESTIVE_TRACT,202,0.01710331922845992,0.7878488172398935
X_pca,0.0,crizotinib,EKVX_LUNG,146,0.021824619081625158,0.7731442590282388
X_pca,0.0,crizotinib,BICR56_UPPER_AERODIGESTIVE_TRACT,81,0.010068315412245612,0.7497118520148006
X_pca,0.0,crizotinib,NCIH2170_LUNG,142,0.014454449508612603,0.8120765660850096
X_pca,0.0,crizotinib,DETROIT562_UPPER_AERODIGESTIVE_TRACT,163,0.017182806732227777,0.7498280939880324
X_pca,0.0,crizotinib,SW1088_CENTRAL_NERVOUS_SYSTEM,128,0.014533981003126252,0.7930488404817879
X_pca,0.0,crizotinib,BHY_UPPER_AERODIGESTIVE_TRACT,145,0.012857558432231438,0.7613960007141376
X_pca,0.0,crizotinib,CAS1_CENTRAL_NERVOUS_SYSTEM,133,0.012602555415187254,0.814419274491475
X_pca,0.0,crizotinib,HCC1428_BREAST,127,0.014389718388620293,0.796090448465873
X_pca,0.0,crizotinib,HDQP1_BREAST,64,0.014509555617315898,0.7981175417080522
X_pca,0.0,crizotinib,OSRC2_KIDNEY,126,0.01186974963624044,0.8291082926212795
X_pca,0.0,crizotinib,HUPT4_PANCREAS,56,0.015125623353001726,0.7681844692145076
X_pca,0.0,crizotinib,TCCSUP_URINARY_TRACT,316,0.012550645495082599,0.8119454623400411
X_pca,0.0,crizotinib,VMRCRCZ_KIDNEY,300,0.01542001300348109,0.8037154241402944
X_pca,0.0,crizotinib,PK59_PANCREAS,174,0.014796383379746867,0.7983203896845894
X_pca,0.0,crizotinib,HUH6_LIVER,338,0.013882236119847641,0.8190739717356552
X_pca,0.0,crizotinib,MSTO211H_PLEURA,297,0.016039094248440522,0.8212827470166113
X_pca,0.0,crizotinib,HS852T_SKIN,162,0.012885995212808695,0.8142522441016303
X_pca,0.0,crizotinib,SKMEL30_SKIN,353,0.01830745551015563,0.8007679297971321
X_pca,0.0,crizotinib,T47D_BREAST,221,0.01593305372915489,0.8336517878247602
X_pca,0.0,crizotinib,CALU6_LUNG,258,0.015570915053699985,0.806582047495731
X_pca,0.0,crizotinib,NCIH522_LUNG,208,0.017272008221508844,0.7993442960656606
X_pca,0.0,crizotinib,LMSU_STOMACH,255,0.013826492590693197,0.7765252819248274
X_pca,0.0,crizotinib,SNUC4_LARGE_INTESTINE,467,0.010897422119909203,0.7732197507035299
X_pca,0.0,crizotinib,RVH421_SKIN,239,0.013416227418595777,0.7959511227687532
X_pca,0.0,crizotinib,OVSAHO_OVARY,227,0.013319201872203323,0.8160747591619449
X_pca,0.0,crizotinib,GOS3_CENTRAL_NERVOUS_SYSTEM,191,0.013400792460943695,0.7949733805906086
X_pca,0.0,crizotinib,SNU738_CENTRAL_NERVOUS_SYSTEM,379,0.015692755214461347,0.8190548959382291
X_pca,0.0,crizotinib,PC3_PROSTATE,169,0.018173444149418728,0.8259397886208528
X_pca,0.0,crizotinib,PATU8988S_PANCREAS,244,0.01685642276214861,0.8028574204835736
X_pca,0.0,crizotinib,OVTOKO_OVARY,209,0.014057670381287189,0.8073526578086415
X_pca,0.0,crizotinib,TE1_OESOPHAGUS,206,0.0171861624861888,0.8004988501372846
X_pca,0.0,crizotinib,NCIH2087_LUNG,219,0.021758700954723036,0.7662698686395062
X_pca,0.0,crizotinib,EFM192A_BREAST,333,0.011061483702258361,0.7976000989163602
X_pca,0.0,crizotinib,SNU423_LIVER,212,0.011428894897851958,0.8123770479886037
X_pca,0.0,crizotinib,KPL1_BREAST,276,0.010650153394813518,0.8031080047721448
X_pca,0.0,crizotinib,NCIH358_LUNG,336,0.01938837699098526,0.7913240158841723
X_pca,0.0,crizotinib,COLO792_SKIN,271,0.014834805670294287,0.8126208104770561
X_pca,0.0,crizotinib,KYSE520_OESOPHAGUS,323,0.017859869297237253,0.7492153122329122
X_pca,0.0,crizotinib,KMRC3_KIDNEY,245,0.015511600465332929,0.8211419686979177
X_pca,0.0,crizotinib,MKN7_STOMACH,258,0.015674495926903308,0.8107010082218998
X_pca,0.0,crizotinib,NCIH1944_LUNG,414,0.018529623482930767,0.7911059911124372
X_pca,0.0,crizotinib,TE6_OESOPHAGUS,551,0.016598317471514683,0.773548176630439
X_pca,0.0,crizotinib,ZR751_BREAST,309,0.01603413259871848,0.8165862656719862
X_pca,0.0,crizotinib,PANC0203_PANCREAS,506,0.016834705190817686,0.776288606785974
X_pca,0.0,crizotinib,SW1990_PANCREAS,307,0.017164656192196915,0.8108281881490825
X_pca,0.0,crizotinib,RD_SOFT_TISSUE,261,0.01661246111664773,0.8249210215162956
X_pca,0.0,crizotinib,NCIH1792_LUNG,111,0.015215678154924783,0.7974221131823085
X_pca,0.0,crizotinib,PK45H_PANCREAS,271,0.014197994592580289,0.7984019429921224
X_pca,0.0,crizotinib,LS180_LARGE_INTESTINE,361,0.015408898297226028,0.7996459991317707
X_pca,0.0,crizotinib,RERFLCAI_LUNG,763,0.01598987862952629,0.8142609222063387
X_pca,0.0,crizotinib,CAMA1_BREAST,291,0.011690386180789245,0.8091458078102558
X_pca,0.0,crizotinib,SNU449_LIVER,282,0.011712603542073718,0.7986606319322653
X_pca,0.0,crizotinib,A204_SOFT_TISSUE,250,0.011669626447212695,0.7991130487918854
X_pca,0.0,crizotinib,MKN45_STOMACH,118,0.0225424716163491,0.7964533769478233
X_pca,0.0,crizotinib,HEP3B217_LIVER,118,0.017199173858061346,0.7841420981843593
X_pca,0.0,crizotinib,HOS_BONE,829,0.014198598298871639,0.8029055592521971
X_pca,0.0,crizotinib,EBC1_LUNG,186,0.0162684217316444,0.7873629232247671
X_pca,0.0,crizotinib,NCIH292_LUNG,213,0.012269833902394429,0.7655505009100471
X_pca,0.0,crizotinib,OUMS23_LARGE_INTESTINE,107,0.009639961149762786,0.7864897156430182
X_pca,0.0,crizotinib,HEC151_ENDOMETRIUM,250,0.01672282891934567,0.8196960864067078
X_pca,0.0,crizotinib,NCIH1373_LUNG,164,0.020823972217171697,0.7929164287520618
X_pca,0.0,crizotinib,TE9_OESOPHAGUS,248,0.016599301912464212,0.7629039825931672
X_pca,0.0,crizotinib,HCC56_LARGE_INTESTINE,99,0.012374519586008857,0.7903283419031085
X_pca,0.0,crizotinib,HT55_LARGE_INTESTINE,211,0.0157240863011625,0.8478663450733745
X_pca,0.0,crizotinib,RT4_URINARY_TRACT,106,0.009452401990757435,0.7620464141638774
X_pca,0.0,crizotinib,SKES1_BONE,91,0.014717388089774866,0.7861662448107541
X_pca,0.0,crizotinib,NCIH1435_LUNG,267,0.01664243314854482,0.7639487441559409
X_pca,0.0,crizotinib,8305C_THYROID,459,0.01589437541860346,0.802903055235711
X_pca,0.0,crizotinib,NCIH2228_LUNG,367,0.019781772203421265,0.7810507553149959
X_pca,0.0,crizotinib,TE10_OESOPHAGUS,219,0.015262193533636698,0.7871982784576068
X_pca,0.0,crizotinib,ASPC1_PANCREAS,290,0.010723386543710316,0.7905137915035774
X_pca,0.0,crizotinib,HCC366_LUNG,202,0.015294366177116043,0.7911444102773572
X_pca,0.0,crizotinib,BICR16_UPPER_AERODIGESTIVE_TRACT,212,0.011245753277412507,0.771634819934953
X_pca,0.0,crizotinib,HEC6_ENDOMETRIUM,161,0.013637009722039645,0.8084003821663235
X_pca,0.0,crizotinib,KALS1_CENTRAL_NERVOUS_SYSTEM,288,0.012889432847523091,0.7922146059572697
X_pca,0.0,crizotinib,NCIH2444_LUNG,237,0.015019689285661358,0.8052036050502761
X_pca,0.0,crizotinib,SNU46_UPPER_AERODIGESTIVE_TRACT,236,0.018357927231644804,0.7890490141965575
X_pca,0.0,crizotinib,OAW28_OVARY,161,0.010563733477318277,0.7907616462766754
X_pca,0.0,crizotinib,SNU1214_UPPER_AERODIGESTIVE_TRACT,188,0.014778856938292452,0.7922197488394189
X_pca,0.0,crizotinib,SKMEL5_SKIN,297,0.015542906831461483,0.810205051593909
X_pca,0.0,crizotinib,OVCAR4_OVARY,283,0.013250466603616414,0.8221442848970528
X_pca,0.0,crizotinib,UACC257_SKIN,239,0.014865457762869362,0.7991028131301433
X_pca,0.0,crizotinib,ONCODG1_OVARY,270,0.011791778500683725,0.8042684751528281
X_pca,0.0,crizotinib,HUH28_BILIARY_TRACT,139,0.012233772406905161,0.7892736633904547
X_pca,0.0,crizotinib,IM95_STOMACH,185,0.015121400765206164,0.7996981301823178
X_pca,0.0,crizotinib,TE14_OESOPHAGUS,474,0.0204665645429366,0.7791521619643843
X_pca,0.0,crizotinib,CAKI2_KIDNEY,278,0.013450942014986407,0.8019660351087721
X_pca,0.0,crizotinib,SU8686_PANCREAS,82,0.01474493348574297,0.7948839955213594
X_pca,0.0,crizotinib,SCC25_UPPER_AERODIGESTIVE_TRACT,898,0.01155420286292554,0.760258359141764
X_pca,0.0,crizotinib,SCC9_UPPER_AERODIGESTIVE_TRACT,475,0.015385061632950125,0.78504444975602
X_pca,0.0,afatinib,NCIH2126_LUNG,264,0.025810905404281645,0.681637326424772
X_pca,0.0,afatinib,SW579_THYROID,217,0.016787477990743666,0.8004695251240709
X_pca,0.0,afatinib,NCIH446_LUNG,196,0.027401459113919908,0.7414682753840272
X_pca,0.0,afatinib,HEC251_ENDOMETRIUM,107,0.033121980523454116,0.6681765785841184
X_pca,0.0,afatinib,MFE319_ENDOMETRIUM,191,0.030599189980755923,0.7285481435466187
X_pca,0.0,afatinib,SKNAS_AUTONOMIC_GANGLIA,226,0.027400593844927032,0.7565571214772958
X_pca,0.0,afatinib,NCIH2452_PLEURA,538,0.018517832565105193,0.7800049616723256
X_pca,0.0,afatinib,COLO741_SKIN,329,0.01516533366098377,0.7609816427288809
X_pca,0.0,afatinib,KNS42_CENTRAL_NERVOUS_SYSTEM,172,0.02731234126665882,0.7558518710524537
X_pca,0.0,afatinib,MCF7_BREAST,143,0.0181150887523637,0.7444020680614285
X_pca,0.0,afatinib,HT1197_URINARY_TRACT,74,0.035105772868048425,0.6733094300772693
X_pca,0.0,afatinib,SNU899_UPPER_AERODIGESTIVE_TRACT,83,0.027979769803045625,0.6020738575831953
X_pca,0.0,afatinib,HCC38_BREAST,200,0.037552218693768236,0.6717634871602058
X_pca,0.0,afatinib,SNU308_BILIARY_TRACT,94,0.03223600128027772,0.632724681433211
X_pca,0.0,afatinib,SW1271_LUNG,115,0.027571927927684575,0.7378707154937413
X_pca,0.0,afatinib,TM31_CENTRAL_NERVOUS_SYSTEM,116,0.02057434069363142,0.7239879570130644
X_pca,0.0,afatinib,NCIH747_LARGE_INTESTINE,80,0.022103565180794305,0.7223739601671696
X_pca,0.0,afatinib,KPNSI9S_AUTONOMIC_GANGLIA,129,0.024687048080985523,0.7609289029771967
X_pca,0.0,afatinib,SQ1_LUNG,238,0.04119255962328256,0.6301080754825047
X_pca,0.0,afatinib,IALM_LUNG,322,0.02237157055448514,0.7277869746921966
X_pca,0.0,afatinib,BT474_BREAST,125,0.020352063666729394,0.730904456615448
X_pca,0.0,afatinib,DKMG_CENTRAL_NERVOUS_SYSTEM,271,0.018406120785604885,0.7651207125934728
X_pca,0.0,afatinib,BT549_BREAST,266,0.026250113602906848,0.7541417179251075
X_pca,0.0,afatinib,BICR6_UPPER_AERODIGESTIVE_TRACT,286,0.04917979903008098,0.6133554603878435
X_pca,0.0,afatinib,SH10TC_STOMACH,351,0.01855774078572667,0.8133515355593798
X_pca,0.0,afatinib,UMUC1_URINARY_TRACT,197,0.03646802091877945,0.5967786008028815
X_pca,0.0,afatinib,LS1034_LARGE_INTESTINE,146,0.01920242418634842,0.6760815422828883
X_pca,0.0,afatinib,CCFSTTG1_CENTRAL_NERVOUS_SYSTEM,246,0.019578538127163245,0.7660217399035043
X_pca,0.0,afatinib,NCIH226_LUNG,235,0.027880307443324474,0.711030146923471
X_pca,0.0,afatinib,LNCAPCLONEFGC_PROSTATE,129,0.020129943066418757,0.7714640096176503
X_pca,0.0,afatinib,RCC10RGB_KIDNEY,233,0.027036666262441198,0.68615330928385
X_pca,0.0,afatinib,RERFLCAD1_LUNG,243,0.025948632749816063,0.7440592496973988
X_pca,0.0,afatinib,SKMEL2_SKIN,276,0.02805768030802163,0.7392553237901218
X_pca,0.0,afatinib,BICR31_UPPER_AERODIGESTIVE_TRACT,248,0.04860570331029209,0.5971843166457068
X_pca,0.0,afatinib,RCM1_LARGE_INTESTINE,128,0.027662638316029994,0.6821179911494255
X_pca,0.0,afatinib,COV434_OVARY,88,0.02318355677735413,0.7026078660379756
X_pca,0.0,afatinib,SNU1079_BILIARY_TRACT,73,0.042811844694421376,0.7304350978707614
X_pca,0.0,afatinib,YD38_UPPER_AERODIGESTIVE_TRACT,624,0.037787820056613165,0.6029258087659494
X_pca,0.0,afatinib,NCIH1299_LUNG,534,0.027817389056163627,0.7569911091515188
X_pca,0.0,afatinib,IGR37_SKIN,347,0.017023468247076366,0.7738751985497708
X_pca,0.0,afatinib,BFTC909_KIDNEY,379,0.026705017457007225,0.7834869451761874
X_pca,0.0,afatinib,NCIH460_LUNG,837,0.025702370208776443,0.694983115190531
X_pca,0.0,afatinib,IGR1_SKIN,725,0.021308151812474026,0.8079688607413194
X_pca,0.0,afatinib,VMCUB1_URINARY_TRACT,478,0.03728489908437611,0.6263031806157723
X_pca,0.0,afatinib,JHOC5_OVARY,145,0.039065237263149956,0.6605489249887138
X_pca,0.0,afatinib,42MGBA_CENTRAL_NERVOUS_SYSTEM,518,0.01707267039548032,0.7577604096828741
X_pca,0.0,afatinib,HT1080_SOFT_TISSUE,516,0.03173592294201329,0.7435513167649277
X_pca,0.0,afatinib,LI7_LIVER,196,0.02729076756719619,0.7404196390083858
X_pca,0.0,afatinib,A375_SKIN,593,0.01876396288286781,0.7456299724908543
X_pca,0.0,afatinib,FTC133_THYROID,140,0.022889671268564626,0.7739898302725383
X_pca,0.0,afatinib,OVK18_OVARY,178,0.03252930769941525,0.7480607156673175
X_pca,0.0,afatinib,ACCMESO1_PLEURA,162,0.024184790534274764,0.7806915589320806
X_pca,0.0,afatinib,HMC18_BREAST,293,0.02780147770205523,0.7505765958043903
X_pca,0.0,afatinib,TOV112D_OVARY,78,0.02023078607449718,0.7684807578722636
X_pca,0.0,afatinib,JHH6_LIVER,206,0.03272836310231775,0.7272643964846157
X_pca,0.0,afatinib,A2058_SKIN,294,0.023745329686079755,0.817717416959555
X_pca,0.0,afatinib,NCIH2110_LUNG,1990,0.021994854271698405,0.6971131284033234
X_pca,0.0,afatinib,NCIH650_LUNG,271,0.024318599312084816,0.7226502906352391
X_pca,0.0,afatinib,EFE184_ENDOMETRIUM,86,0.02385220043433404,0.686140262803366
X_pca,0.0,afatinib,HUPT3_PANCREAS,136,0.03927591302526324,0.6933761260965291
X_pca,0.0,afatinib,MDAMB361_BREAST,135,0.015057927914867687,0.6994375471715574
X_pca,0.0,afatinib,BCPAP_THYROID,152,0.026315262445965538,0.7519421318643972
X_pca,0.0,afatinib,PECAPJ49_UPPER_AERODIGESTIVE_TRACT,202,0.041400812145336426,0.5569916838171458
X_pca,0.0,afatinib,EKVX_LUNG,146,0.026227835470860196,0.734235650872531
X_pca,0.0,afatinib,BICR56_UPPER_AERODIGESTIVE_TRACT,81,0.030443068493864776,0.449151850041048
X_pca,0.0,afatinib,NCIH2170_LUNG,142,0.027315260462648174,0.6770543137066801
X_pca,0.0,afatinib,DETROIT562_UPPER_AERODIGESTIVE_TRACT,163,0.03222952956009491,0.619423118471368
X_pca,0.0,afatinib,SW1088_CENTRAL_NERVOUS_SYSTEM,128,0.022338517062790615,0.7630832246504724
X_pca,0.0,afatinib,BHY_UPPER_AERODIGESTIVE_TRACT,145,0.04785328641535109,0.5237789275317356
X_pca,0.0,afatinib,CAS1_CENTRAL_NERVOUS_SYSTEM,133,0.024437662964979158,0.7474134089355182
X_pca,0.0,afatinib,HCC1428_BREAST,127,0.03170353478621909,0.760859802013307
X_pca,0.0,afatinib,HDQP1_BREAST,64,0.029337781066520335,0.7149361111223698
X_pca,0.0,afatinib,OSRC2_KIDNEY,126,0.02383499202563049,0.7320762120542073
X_pca,0.0,afatinib,HUPT4_PANCREAS,56,0.04208295441969346,0.691142666552748
X_pca,0.0,afatinib,TCCSUP_URINARY_TRACT,316,0.022437056448067188,0.7538039129746111
X_pca,0.0,afatinib,VMRCRCZ_KIDNEY,300,0.024045570829280057,0.7379828008015951
X_pca,0.0,afatinib,PK59_PANCREAS,174,0.033173138782107245,0.7493592894625389
X_pca,0.0,afatinib,HUH6_LIVER,338,0.02119960151964369,0.7371047620589917
X_pca,0.0,afatinib,MSTO211H_PLEURA,297,0.022796799350396312,0.7579640356779901
X_pca,0.0,afatinib,HS852T_SKIN,162,0.014389120174257228,0.7605664086194686
X_pca,0.0,afatinib,SKMEL30_SKIN,353,0.01863547940869246,0.763292275812403
X_pca,0.0,afatinib,T47D_BREAST,221,0.025401681897914887,0.7339021709170277
X_pca,0.0,afatinib,CALU6_LUNG,258,0.015541384997840297,0.7797092236289682
X_pca,0.0,afatinib,NCIH522_LUNG,208,0.022359602070744295,0.7374415348928708
X_pca,0.0,afatinib,LMSU_STOMACH,255,0.02264476002908008,0.7423427457902946
X_pca,0.0,afatinib,SNUC4_LARGE_INTESTINE,467,0.027107778651213724,0.6780580762111655
X_pca,0.0,afatinib,RVH421_SKIN,239,0.02207344865292614,0.7619826930836154
X_pca,0.0,afatinib,OVSAHO_OVARY,227,0.024495816258065836,0.7236993738208048
X_pca,0.0,afatinib,GOS3_CENTRAL_NERVOUS_SYSTEM,191,0.019279910200603784,0.7678637030237008
X_pca,0.0,afatinib,SNU738_CENTRAL_NERVOUS_SYSTEM,379,0.02501665964115786,0.7508797445838243
X_pca,0.0,afatinib,PC3_PROSTATE,169,0.020508892068459572,0.7338380415058701
X_pca,0.0,afatinib,PATU8988S_PANCREAS,244,0.01911252281478081,0.727327785286747
X_pca,0.0,afatinib,OVTOKO_OVARY,209,0.01928699688673065,0.7101452781252884
X_pca,0.0,afatinib,TE1_OESOPHAGUS,206,0.0284630854026925,0.6609886826820743
X_pca,0.0,afatinib,NCIH2087_LUNG,219,0.037244799952449045,0.6585507368388241
X_pca,0.0,afatinib,EFM192A_BREAST,333,0.03193683687671359,0.7694696963012397
X_pca,0.0,afatinib,SNU423_LIVER,212,0.020718892041842234,0.7469952516960647
X_pca,0.0,afatinib,KPL1_BREAST,276,0.011650513231895861,0.7593733076600061
X_pca,0.0,afatinib,NCIH358_LUNG,336,0.029793585826622688,0.6943445957842327
X_pca,0.0,afatinib,COLO792_SKIN,271,0.022109011334114234,0.7514681332225729
X_pca,0.0,afatinib,KYSE520_OESOPHAGUS,323,0.033238959892564944,0.6485432904940271
X_pca,0.0,afatinib,KMRC3_KIDNEY,245,0.01923811151015533,0.7366974229715308
X_pca,0.0,afatinib,MKN7_STOMACH,258,0.031582398091225636,0.7080389778743419
X_pca,0.0,afatinib,NCIH1944_LUNG,414,0.022587208625301666,0.7405721176649638
X_pca,0.0,afatinib,TE6_OESOPHAGUS,551,0.03140210738158497,0.6710446099404198
X_pca,0.0,afatinib,ZR751_BREAST,309,0.021307723765045288,0.7302745333767245
X_pca,0.0,afatinib,PANC0203_PANCREAS,506,0.04387682529787403,0.6329676905875149
X_pca,0.0,afatinib,SW1990_PANCREAS,307,0.02909799402961549,0.7780524725246118
X_pca,0.0,afatinib,RD_SOFT_TISSUE,261,0.02483901440469769,0.7476976584657399
X_pca,0.0,afatinib,NCIH1792_LUNG,111,0.023901750003898003,0.7445839068911098
X_pca,0.0,afatinib,PK45H_PANCREAS,271,0.020871258326171267,0.7301540302174557
X_pca,0.0,afatinib,LS180_LARGE_INTESTINE,361,0.024350822663113513,0.6497543508656467
X_pca,0.0,afatinib,RERFLCAI_LUNG,763,0.018527818546764444,0.7792109518969824
X_pca,0.0,afatinib,CAMA1_BREAST,291,0.01723711896804384,0.7611902048907329
X_pca,0.0,afatinib,SNU449_LIVER,282,0.027352618343450028,0.7015571144032986
X_pca,0.0,afatinib,A204_SOFT_TISSUE,250,0.024961278266906535,0.7361659886837005
X_pca,0.0,afatinib,MKN45_STOMACH,118,0.023169428637063005,0.6706011194293782
X_pca,0.0,afatinib,HEP3B217_LIVER,118,0.02304235529794657,0.7230154957811711
X_pca,0.0,afatinib,HOS_BONE,829,0.022765046515747952,0.747476400742341
X_pca,0.0,afatinib,EBC1_LUNG,186,0.035735576815837555,0.6606222871811159
X_pca,0.0,afatinib,NCIH292_LUNG,213,0.035296248290972304,0.6045354688671273
X_pca,0.0,afatinib,OUMS23_LARGE_INTESTINE,107,0.02849925313576673,0.7521452129444229
X_pca,0.0,afatinib,HEC151_ENDOMETRIUM,250,0.026885088361578015,0.6995810112953186
X_pca,0.0,afatinib,NCIH1373_LUNG,164,0.033669891504292886,0.7075610204440791
X_pca,0.0,afatinib,TE9_OESOPHAGUS,248,0.022104785586237435,0.6244593471769364
X_pca,0.0,afatinib,HCC56_LARGE_INTESTINE,99,0.02345729396756248,0.6661532021532155
X_pca,0.0,afatinib,HT55_LARGE_INTESTINE,211,0.014520881467492652,0.7127359297603227
X_pca,0.0,afatinib,RT4_URINARY_TRACT,106,0.019727345324330767,0.7521732747554779
X_pca,0.0,afatinib,SKES1_BONE,91,0.023886892334349243,0.7447010003603421
X_pca,0.0,afatinib,NCIH1435_LUNG,267,0.03390423428568234,0.6530618756897887
X_pca,0.0,afatinib,8305C_THYROID,459,0.02155822576259844,0.7565167390443142
X_pca,0.0,afatinib,NCIH2228_LUNG,367,0.041050677634229364,0.669758454817842
X_pca,0.0,afatinib,TE10_OESOPHAGUS,219,0.035578171200607835,0.6201252158918337
X_pca,0.0,afatinib,ASPC1_PANCREAS,290,0.020100996686692855,0.6853981268816981
X_pca,0.0,afatinib,HCC366_LUNG,202,0.022880175856933856,0.7295523734375982
X_pca,0.0,afatinib,BICR16_UPPER_AERODIGESTIVE_TRACT,212,0.03973790405120564,0.542351559788551
X_pca,0.0,afatinib,HEC6_ENDOMETRIUM,161,0.02141303283376329,0.7026662456322901
X_pca,0.0,afatinib,KALS1_CENTRAL_NERVOUS_SYSTEM,288,0.01906495588786774,0.7641413180778424
X_pca,0.0,afatinib,NCIH2444_LUNG,237,0.030884983129272615,0.6910717766496199
X_pca,0.0,afatinib,SNU46_UPPER_AERODIGESTIVE_TRACT,236,0.04759121433484551,0.6726949161897271
X_pca,0.0,afatinib,OAW28_OVARY,161,0.02621923244111299,0.632692587671813
X_pca,0.0,afatinib,SNU1214_UPPER_AERODIGESTIVE_TRACT,188,0.04126112613093127,0.5231717415946595
X_pca,0.0,afatinib,SKMEL5_SKIN,297,0.020498376113249783,0.7647353187955991
X_pca,0.0,afatinib,OVCAR4_OVARY,283,0.021464042312815436,0.684349983614662
X_pca,0.0,afatinib,UACC257_SKIN,239,0.014007179862135627,0.752210797375715
X_pca,0.0,afatinib,ONCODG1_OVARY,270,0.017212136797731595,0.713488142799448
X_pca,0.0,afatinib,HUH28_BILIARY_TRACT,139,0.018570618230256318,0.7559905167963865
X_pca,0.0,afatinib,IM95_STOMACH,185,0.02390233730665919,0.6615764447160669
X_pca,0.0,afatinib,TE14_OESOPHAGUS,474,0.03691508901087482,0.5629354524210033
X_pca,0.0,afatinib,CAKI2_KIDNEY,278,0.022731783198269895,0.7132262308820546
X_pca,0.0,afatinib,SU8686_PANCREAS,82,0.023863895608435118,0.6938060645650073
X_pca,0.0,afatinib,SCC25_UPPER_AERODIGESTIVE_TRACT,898,0.02371707891242192,0.6506151725560891
X_pca,0.0,afatinib,SCC9_UPPER_AERODIGESTIVE_TRACT,475,0.028538357370381913,0.7303400033398678
X_pca,0.5,doxorubicin,NCIH2126_LUNG,264,0.032608350392872014,0.5067083763353752
X_pca,0.5,doxorubicin,SW579_THYROID,217,0.02970336137934586,0.5737577465272719
X_pca,0.5,doxorubicin,NCIH446_LUNG,196,0.040345067217382936,0.4730437814581151
X_pca,0.5,doxorubicin,HEC251_ENDOMETRIUM,107,0.035731811817049215,0.6096530573390354
X_pca,0.5,doxorubicin,MFE319_ENDOMETRIUM,191,0.04467617199075767,0.5336749419491953
X_pca,0.5,doxorubicin,SKNAS_AUTONOMIC_GANGLIA,226,0.033614894654507434,0.4787136537838826
X_pca,0.5,doxorubicin,NCIH2452_PLEURA,538,0.03470163923741231,0.5956457184149874
X_pca,0.5,doxorubicin,COLO741_SKIN,329,0.028877514616335115,0.5791609874249954
X_pca,0.5,doxorubicin,KNS42_CENTRAL_NERVOUS_SYSTEM,172,0.03789318737569366,0.5612188544730807
X_pca,0.5,doxorubicin,MCF7_BREAST,143,0.024464706811417082,0.7227812738685341
X_pca,0.5,doxorubicin,HT1197_URINARY_TRACT,74,0.027766513009846745,0.6091354296014115
X_pca,0.5,doxorubicin,SNU899_UPPER_AERODIGESTIVE_TRACT,83,0.024936966600576767,0.4732103552444872
X_pca,0.5,doxorubicin,HCC38_BREAST,200,0.04766888416780348,0.5973428553342819
X_pca,0.5,doxorubicin,SNU308_BILIARY_TRACT,94,0.0264889827050455,0.578252984488264
X_pca,0.5,doxorubicin,SW1271_LUNG,115,0.03210991710390577,0.5959313491116399
X_pca,0.5,doxorubicin,TM31_CENTRAL_NERVOUS_SYSTEM,116,0.02819244784089808,0.5523769380203609
X_pca,0.5,doxorubicin,NCIH747_LARGE_INTESTINE,80,0.03551267033411418,0.6695212110877037
X_pca,0.5,doxorubicin,KPNSI9S_AUTONOMIC_GANGLIA,129,0.028967283783103297,0.5446967849897784
X_pca,0.5,doxorubicin,SQ1_LUNG,238,0.03708432127333482,0.5918926336184269
X_pca,0.5,doxorubicin,IALM_LUNG,322,0.04277856557485649,0.5594377216900358
X_pca,0.5,doxorubicin,BT474_BREAST,125,0.027190155538243874,0.6718811545372009
X_pca,0.5,doxorubicin,DKMG_CENTRAL_NERVOUS_SYSTEM,271,0.029176056839413364,0.5357794565908144
X_pca,0.5,doxorubicin,BT549_BREAST,266,0.03361373931283223,0.5672476384648704
X_pca,0.5,doxorubicin,BICR6_UPPER_AERODIGESTIVE_TRACT,286,0.03444735301125919,0.5828772818708753
X_pca,0.5,doxorubicin,SH10TC_STOMACH,351,0.0385368937441591,0.6898168877319053
X_pca,0.5,doxorubicin,UMUC1_URINARY_TRACT,197,0.0272117696431841,0.5549330198522752
X_pca,0.5,doxorubicin,LS1034_LARGE_INTESTINE,146,0.025934829143227537,0.6358037880838734
X_pca,0.5,doxorubicin,CCFSTTG1_CENTRAL_NERVOUS_SYSTEM,246,0.031254102008715194,0.5338172436487384
X_pca,0.5,doxorubicin,NCIH226_LUNG,235,0.0361530316383095,0.5913810821289712
X_pca,0.5,doxorubicin,LNCAPCLONEFGC_PROSTATE,129,0.032434214638740785,0.5818364079608473
X_pca,0.5,doxorubicin,RCC10RGB_KIDNEY,233,0.03413975937211934,0.6520055366176393
X_pca,0.5,doxorubicin,RERFLCAD1_LUNG,243,0.0569461652996651,0.6350252576816229
X_pca,0.5,doxorubicin,SKMEL2_SKIN,276,0.03166654190073891,0.558723415153614
X_pca,0.5,doxorubicin,BICR31_UPPER_AERODIGESTIVE_TRACT,248,0.032249424486317624,0.5662388528787321
X_pca,0.5,doxorubicin,RCM1_LARGE_INTESTINE,128,0.026484592668660607,0.6198373888619244
X_pca,0.5,doxorubicin,COV434_OVARY,88,0.030200794166394703,0.5055468045175076
X_pca,0.5,doxorubicin,SNU1079_BILIARY_TRACT,73,0.047150451839739316,0.632369630957303
X_pca,0.5,doxorubicin,YD38_UPPER_AERODIGESTIVE_TRACT,624,0.030058531652077714,0.534566199215941
X_pca,0.5,doxorubicin,NCIH1299_LUNG,534,0.03732917389585239,0.5435141517540042
X_pca,0.5,doxorubicin,IGR37_SKIN,347,0.029044757544010757,0.6376119659682172
X_pca,0.5,doxorubicin,BFTC909_KIDNEY,379,0.04317392840758779,0.6166644050766736
X_pca,0.5,doxorubicin,NCIH460_LUNG,837,0.02978227787068123,0.4822410652714391
X_pca,0.5,doxorubicin,IGR1_SKIN,725,0.029685817501973383,0.5973500359469447
X_pca,0.5,doxorubicin,VMCUB1_URINARY_TRACT,478,0.028797384962733798,0.5459647356341574
X_pca,0.5,doxorubicin,JHOC5_OVARY,145,0.04087030442649101,0.6364681996148208
X_pca,0.5,doxorubicin,42MGBA_CENTRAL_NERVOUS_SYSTEM,518,0.03407310078538172,0.4937440421590474
X_pca,0.5,doxorubicin,HT1080_SOFT_TISSUE,516,0.033259762077935136,0.5476519448697105
X_pca,0.5,doxorubicin,LI7_LIVER,196,0.03350921929687434,0.6042451073928755
X_pca,0.5,doxorubicin,A375_SKIN,593,0.03948818700560377,0.6043023645978352
X_pca,0.5,doxorubicin,FTC133_THYROID,140,0.04307128157731612,0.6482476523944309
X_pca,0.5,doxorubicin,OVK18_OVARY,178,0.0320234408304394,0.592519781897577
X_pca,0.5,doxorubicin,ACCMESO1_PLEURA,162,0.04436718705538702,0.6274406258706693
X_pca,0.5,doxorubicin,HMC18_BREAST,293,0.036595815102172205,0.5420841241045616
X_pca,0.5,doxorubicin,TOV112D_OVARY,78,0.035732993612645,0.496332497550891
X_pca,0.5,doxorubicin,JHH6_LIVER,206,0.040287357941005554,0.5809899481754859
X_pca,0.5,doxorubicin,A2058_SKIN,294,0.0342613027502286,0.6053380197813721
X_pca,0.5,doxorubicin,NCIH2110_LUNG,1990,0.031009324807545126,0.5543940959863327
X_pca,0.5,doxorubicin,NCIH650_LUNG,271,0.033245902488040026,0.6385829879788895
X_pca,0.5,doxorubicin,EFE184_ENDOMETRIUM,86,0.028023046778919196,0.6222632735274559
X_pca,0.5,doxorubicin,HUPT3_PANCREAS,136,0.04285342624683912,0.7069576080231106
X_pca,0.5,doxorubicin,MDAMB361_BREAST,135,0.028164722220121834,0.6330621401468913
X_pca,0.5,doxorubicin,BCPAP_THYROID,152,0.035364969570438005,0.5625145517681774
X_pca,0.5,doxorubicin,PECAPJ49_UPPER_AERODIGESTIVE_TRACT,202,0.028177512392507258,0.5403781102435423
X_pca,0.5,doxorubicin,EKVX_LUNG,146,0.03846554040258626,0.5395531729884344
X_pca,0.5,doxorubicin,BICR56_UPPER_AERODIGESTIVE_TRACT,81,0.01989117164009433,0.4855189496352349
X_pca,0.5,doxorubicin,NCIH2170_LUNG,142,0.031119019120623776,0.530510158396103
X_pca,0.5,doxorubicin,DETROIT562_UPPER_AERODIGESTIVE_TRACT,163,0.0314816047284836,0.4843040439614489
X_pca,0.5,doxorubicin,SW1088_CENTRAL_NERVOUS_SYSTEM,128,0.037337953195300415,0.5467922769021243
X_pca,0.5,doxorubicin,BHY_UPPER_AERODIGESTIVE_TRACT,145,0.027623995407295196,0.5253771368799538
X_pca,0.5,doxorubicin,CAS1_CENTRAL_NERVOUS_SYSTEM,133,0.03217554519577584,0.533158784970305
X_pca,0.5,doxorubicin,HCC1428_BREAST,127,0.02368702645898295,0.6586738871777151
X_pca,0.5,doxorubicin,HDQP1_BREAST,64,0.03507329467442379,0.6109477374702692
X_pca,0.5,doxorubicin,OSRC2_KIDNEY,126,0.028016497449684118,0.6868480921737732
X_pca,0.5,doxorubicin,HUPT4_PANCREAS,56,0.04109601471439878,0.5878532784325736
X_pca,0.5,doxorubicin,TCCSUP_URINARY_TRACT,316,0.03653129424856933,0.5705265928106972
X_pca,0.5,doxorubicin,VMRCRCZ_KIDNEY,300,0.03596757608320983,0.611838450829188
X_pca,0.5,doxorubicin,PK59_PANCREAS,174,0.03483056837694838,0.6894066792795028
X_pca,0.5,doxorubicin,HUH6_LIVER,338,0.02900896810690898,0.65156409056229
X_pca,0.5,doxorubicin,MSTO211H_PLEURA,297,0.029655256088148695,0.5201951508168821
X_pca,0.5,doxorubicin,HS852T_SKIN,162,0.033365865070231655,0.6172375896094758
X_pca,0.5,doxorubicin,SKMEL30_SKIN,353,0.02778451334708144,0.5814810023767076
X_pca,0.5,doxorubicin,T47D_BREAST,221,0.0311897337426566,0.641613463740543
X_pca,0.5,doxorubicin,CALU6_LUNG,258,0.03804674832505004,0.6113827375247497
X_pca,0.5,doxorubicin,NCIH522_LUNG,208,0.03555404939717168,0.5092137832767688
X_pca,0.5,doxorubicin,LMSU_STOMACH,255,0.031519447324454164,0.4796333406485763
X_pca,0.5,doxorubicin,SNUC4_LARGE_INTESTINE,467,0.02281717558718913,0.5910553000468514
X_pca,0.5,doxorubicin,RVH421_SKIN,239,0.028083224538992483,0.6095100893136348
X_pca,0.5,doxorubicin,OVSAHO_OVARY,227,0.03888817587211501,0.6205838530074133
X_pca,0.5,doxorubicin,GOS3_CENTRAL_NERVOUS_SYSTEM,191,0.03387634125145285,0.5794372165390335
X_pca,0.5,doxorubicin,SNU738_CENTRAL_NERVOUS_SYSTEM,379,0.03713803872966596,0.6320151816414654
X_pca,0.5,doxorubicin,PC3_PROSTATE,169,0.04663228943872957,0.6136442791428086
X_pca,0.5,doxorubicin,PATU8988S_PANCREAS,244,0.03379152446243555,0.6729202627158556
X_pca,0.5,doxorubicin,OVTOKO_OVARY,209,0.0327342543088693,0.5963215294637179
X_pca,0.5,doxorubicin,TE1_OESOPHAGUS,206,0.0325401608860511,0.593111731473682
X_pca,0.5,doxorubicin,NCIH2087_LUNG,219,0.0396781136451981,0.5912343535793426
X_pca,0.5,doxorubicin,EFM192A_BREAST,333,0.025899294277288883,0.6354261758449199
X_pca,0.5,doxorubicin,SNU423_LIVER,212,0.02496685011275575,0.621695172111943
X_pca,0.5,doxorubicin,KPL1_BREAST,276,0.024406444382671907,0.6309239073939945
X_pca,0.5,doxorubicin,NCIH358_LUNG,336,0.04067213815393293,0.610097541606852
X_pca,0.5,doxorubicin,COLO792_SKIN,271,0.03067240252162188,0.612553984256688
X_pca,0.5,doxorubicin,KYSE520_OESOPHAGUS,323,0.029624497030250798,0.5158883745640793
X_pca,0.5,doxorubicin,KMRC3_KIDNEY,245,0.03760506271456996,0.6900619239223247
X_pca,0.5,doxorubicin,MKN7_STOMACH,258,0.040231653465738135,0.6779860396717869
X_pca,0.5,doxorubicin,NCIH1944_LUNG,414,0.03762308440544712,0.57031599810158
X_pca,0.5,doxorubicin,TE6_OESOPHAGUS,551,0.03430320354998286,0.5132034080214596
X_pca,0.5,doxorubicin,ZR751_BREAST,309,0.0339393776090179,0.5819275836342747
X_pca,0.5,doxorubicin,PANC0203_PANCREAS,506,0.037269623436409584,0.5848353138789829
X_pca,0.5,doxorubicin,SW1990_PANCREAS,307,0.04202078167356396,0.682363680403085
X_pca,0.5,doxorubicin,RD_SOFT_TISSUE,261,0.03365817395943553,0.5377540469626357
X_pca,0.5,doxorubicin,NCIH1792_LUNG,111,0.03266026442188541,0.5484847743231971
X_pca,0.5,doxorubicin,PK45H_PANCREAS,271,0.023325879478015555,0.6671844021420638
X_pca,0.5,doxorubicin,LS180_LARGE_INTESTINE,361,0.028307926439287288,0.643548328130199
X_pca,0.5,doxorubicin,RERFLCAI_LUNG,763,0.03162726407398744,0.6761959535734994
X_pca,0.5,doxorubicin,CAMA1_BREAST,291,0.028952661306389703,0.6065705607027533
X_pca,0.5,doxorubicin,SNU449_LIVER,282,0.034892170667439736,0.5844017525091239
X_pca,0.5,doxorubicin,A204_SOFT_TISSUE,250,0.03792199184887092,0.5212307187318802
X_pca,0.5,doxorubicin,MKN45_STOMACH,118,0.037825477260932765,0.6053823184663967
X_pca,0.5,doxorubicin,HEP3B217_LIVER,118,0.03320395226388838,0.5077349642070673
X_pca,0.5,doxorubicin,HOS_BONE,829,0.03138925932901665,0.5351496050168004
X_pca,0.5,doxorubicin,EBC1_LUNG,186,0.03928622747118107,0.6044982256748344
X_pca,0.5,doxorubicin,NCIH292_LUNG,213,0.026162169189035807,0.5527736455062185
X_pca,0.5,doxorubicin,OUMS23_LARGE_INTESTINE,107,0.02534762857279682,0.6280000599745278
X_pca,0.5,doxorubicin,HEC151_ENDOMETRIUM,250,0.033830934680977025,0.6184927098751068
X_pca,0.5,doxorubicin,NCIH1373_LUNG,164,0.04817941113835211,0.6367124104645194
X_pca,0.5,doxorubicin,TE9_OESOPHAGUS,248,0.026102776763461823,0.4905497223859833
X_pca,0.5,doxorubicin,HCC56_LARGE_INTESTINE,99,0.025567727493728817,0.6267920317071857
X_pca,0.5,doxorubicin,HT55_LARGE_INTESTINE,211,0.030825206774438344,0.6569808995554233
X_pca,0.5,doxorubicin,RT4_URINARY_TRACT,106,0.017173127111246213,0.5589189945526842
X_pca,0.5,doxorubicin,SKES1_BONE,91,0.03131942752480872,0.5320579779672099
X_pca,0.5,doxorubicin,NCIH1435_LUNG,267,0.03059670689610408,0.5625928669386588
X_pca,0.5,doxorubicin,8305C_THYROID,459,0.03851381095163607,0.5549896969125162
X_pca,0.5,doxorubicin,NCIH2228_LUNG,367,0.04131830255230846,0.6067980672423131
X_pca,0.5,doxorubicin,TE10_OESOPHAGUS,219,0.028258011955928107,0.5865788146785406
X_pca,0.5,doxorubicin,ASPC1_PANCREAS,290,0.023628856751243342,0.6714039775831946
X_pca,0.5,doxorubicin,HCC366_LUNG,202,0.034608473722176694,0.6439172067854664
X_pca,0.5,doxorubicin,BICR16_UPPER_AERODIGESTIVE_TRACT,212,0.026560723381311612,0.5312992690025635
X_pca,0.5,doxorubicin,HEC6_ENDOMETRIUM,161,0.031550990802140216,0.562376864578413
X_pca,0.5,doxorubicin,KALS1_CENTRAL_NERVOUS_SYSTEM,288,0.030602667540182146,0.569700870042046
X_pca,0.5,doxorubicin,NCIH2444_LUNG,237,0.0348506876037869,0.6432453461840183
X_pca,0.5,doxorubicin,SNU46_UPPER_AERODIGESTIVE_TRACT,236,0.03378615305688744,0.5833647133687795
X_pca,0.5,doxorubicin,OAW28_OVARY,161,0.026985422024594925,0.6059964391755761
X_pca,0.5,doxorubicin,SNU1214_UPPER_AERODIGESTIVE_TRACT,188,0.030864385209852577,0.5449152596770449
X_pca,0.5,doxorubicin,SKMEL5_SKIN,297,0.02516618924735084,0.6552809972554345
X_pca,0.5,doxorubicin,OVCAR4_OVARY,283,0.03353569648308466,0.6158175464232482
X_pca,0.5,doxorubicin,UACC257_SKIN,239,0.02238046356325788,0.5553210861513306
X_pca,0.5,doxorubicin,ONCODG1_OVARY,270,0.028568721471675787,0.6080758078230752
X_pca,0.5,doxorubicin,HUH28_BILIARY_TRACT,139,0.02960363215056513,0.5732693597138356
X_pca,0.5,doxorubicin,IM95_STOMACH,185,0.027705859140357524,0.6140606951069187
X_pca,0.5,doxorubicin,TE14_OESOPHAGUS,474,0.029939633416890002,0.5145197380569917
X_pca,0.5,doxorubicin,CAKI2_KIDNEY,278,0.031336141333534816,0.6426173186988282
X_pca,0.5,doxorubicin,SU8686_PANCREAS,82,0.030642605942385878,0.6324313326579768
X_pca,0.5,doxorubicin,SCC25_UPPER_AERODIGESTIVE_TRACT,898,0.023146251026369562,0.5186983526151271
X_pca,0.5,doxorubicin,SCC9_UPPER_AERODIGESTIVE_TRACT,475,0.0366802812320018,0.5534834398721393
X_pca,0.5,platin,NCIH2126_LUNG,264,0.01685527558970301,0.9985586404800415
X_pca,0.5,platin,SW579_THYROID,217,0.009209923739405814,0.9887024922304989
X_pca,0.5,platin,NCIH446_LUNG,196,0.013360726101178534,0.9863617788163983
X_pca,0.5,platin,HEC251_ENDOMETRIUM,107,0.012119579372136976,0.9661871222692116
X_pca,0.5,platin,MFE319_ENDOMETRIUM,191,0.018623227081471305,0.9873136100968766
X_pca,0.5,platin,SKNAS_AUTONOMIC_GANGLIA,226,0.017718529269245997,0.9754781707198219
X_pca,0.5,platin,NCIH2452_PLEURA,538,0.010649284239106336,0.972969275535704
X_pca,0.5,platin,COLO741_SKIN,329,0.010623490567262263,1.009922778533947
X_pca,0.5,platin,KNS42_CENTRAL_NERVOUS_SYSTEM,172,0.016254315478053227,1.0219094444845997
X_pca,0.5,platin,MCF7_BREAST,143,0.0229666585670068,1.0373537490417908
X_pca,0.5,platin,HT1197_URINARY_TRACT,74,0.019269213860440268,0.96687067521585
X_pca,0.5,platin,SNU899_UPPER_AERODIGESTIVE_TRACT,83,0.011472167208058536,0.9525935793497476
X_pca,0.5,platin,HCC38_BREAST,200,0.019481827869315658,0.9965958601236343
X_pca,0.5,platin,SNU308_BILIARY_TRACT,94,0.017835825365278734,0.9503826974554265
X_pca,0.5,platin,SW1271_LUNG,115,0.01851018252239185,0.9771983317706896
X_pca,0.5,platin,TM31_CENTRAL_NERVOUS_SYSTEM,116,0.017149252516032255,0.9790979243558029
X_pca,0.5,platin,NCIH747_LARGE_INTESTINE,80,0.01636059581912163,1.007196406275034
X_pca,0.5,platin,KPNSI9S_AUTONOMIC_GANGLIA,129,0.017397854975186727,0.9770547294801519
X_pca,0.5,platin,SQ1_LUNG,238,0.013128471485533807,0.9725244801585414
X_pca,0.5,platin,IALM_LUNG,322,0.01664252797510477,0.9806536469400299
X_pca,0.5,platin,BT474_BREAST,125,0.011034603334370558,1.0166414046287537
X_pca,0.5,platin,DKMG_CENTRAL_NERVOUS_SYSTEM,271,0.016047979240171754,0.9764584975928838
X_pca,0.5,platin,BT549_BREAST,266,0.016939860932484965,0.9758804478591546
X_pca,0.5,platin,BICR6_UPPER_AERODIGESTIVE_TRACT,286,0.016184796066109876,0.987961406265939
X_pca,0.5,platin,SH10TC_STOMACH,351,0.01934122944272632,1.005592903520307
X_pca,0.5,platin,UMUC1_URINARY_TRACT,197,0.01730431126498377,0.9661338138701346
X_pca,0.5,platin,LS1034_LARGE_INTESTINE,146,0.011876378814160583,0.9738463081725656
X_pca,0.5,platin,CCFSTTG1_CENTRAL_NERVOUS_SYSTEM,246,0.01572627990296506,0.9853610217086668
X_pca,0.5,platin,NCIH226_LUNG,235,0.017317536160859216,0.9657590536361045
X_pca,0.5,platin,LNCAPCLONEFGC_PROSTATE,129,0.01561153745666852,0.9964737157488979
X_pca,0.5,platin,RCC10RGB_KIDNEY,233,0.018069880877305485,0.9748486879045871
X_pca,0.5,platin,RERFLCAD1_LUNG,243,0.02960465346170245,0.9643611081343129
X_pca,0.5,platin,SKMEL2_SKIN,276,0.02129749141451535,0.9897835295701373
X_pca,0.5,platin,BICR31_UPPER_AERODIGESTIVE_TRACT,248,0.013812035463498261,0.9814473633323947
X_pca,0.5,platin,RCM1_LARGE_INTESTINE,128,0.01195797550460846,0.9730979790911078
X_pca,0.5,platin,COV434_OVARY,88,0.013100672200504947,1.0155716829679229
X_pca,0.5,platin,SNU1079_BILIARY_TRACT,73,0.02273625746104725,0.9790792677500476
X_pca,0.5,platin,YD38_UPPER_AERODIGESTIVE_TRACT,624,0.016301420461025208,0.9561849723641689
X_pca,0.5,platin,NCIH1299_LUNG,534,0.01949673657968587,0.9996419684047556
X_pca,0.5,platin,IGR37_SKIN,347,0.01711055828056151,1.0366944823553652
X_pca,0.5,platin,BFTC909_KIDNEY,379,0.019864365721552906,0.9822983551465742
X_pca,0.5,platin,NCIH460_LUNG,837,0.011817169650641252,0.9919656323560535
X_pca,0.5,platin,IGR1_SKIN,725,0.01558593484845975,1.0293096256256105
X_pca,0.5,platin,VMCUB1_URINARY_TRACT,478,0.015591537221694375,0.9643361548499583
X_pca,0.5,platin,JHOC5_OVARY,145,0.01587172046129266,1.0045103619838582
X_pca,0.5,platin,42MGBA_CENTRAL_NERVOUS_SYSTEM,518,0.013958200191406917,0.9867889687821672
X_pca,0.5,platin,HT1080_SOFT_TISSUE,516,0.018165015673069447,0.9813614042923432
X_pca,0.5,platin,LI7_LIVER,196,0.019170694995714936,1.0025269571615725
X_pca,0.5,platin,A375_SKIN,593,0.01389948345236546,0.9868854862240475
X_pca,0.5,platin,FTC133_THYROID,140,0.013167107014636584,0.9928572463137763
X_pca,0.5,platin,OVK18_OVARY,178,0.013947034952648252,1.0033612817191007
X_pca,0.5,platin,ACCMESO1_PLEURA,162,0.017505117020430033,0.9888808215841834
X_pca,0.5,platin,HMC18_BREAST,293,0.018049883959875595,0.9819572055299127
X_pca,0.5,platin,TOV112D_OVARY,78,0.014425652869593807,0.9818603541606512
X_pca,0.5,platin,JHH6_LIVER,206,0.010103303981850791,0.994828503398062
X_pca,0.5,platin,A2058_SKIN,294,0.019173759572489277,1.0203459883222774
X_pca,0.5,platin,NCIH2110_LUNG,1990,0.0156821445097458,0.9692304217036645
X_pca,0.5,platin,NCIH650_LUNG,271,0.016634497427014564,0.9848726525957734
X_pca,0.5,platin,EFE184_ENDOMETRIUM,86,0.017473023430350586,0.9803012325320133
X_pca,0.5,platin,HUPT3_PANCREAS,136,0.01724872374030072,1.0115234540665852
X_pca,0.5,platin,MDAMB361_BREAST,135,0.018190453479400317,1.0125416349481653
X_pca,0.5,platin,BCPAP_THYROID,152,0.016170083269550065,0.9775152778939197
X_pca,0.5,platin,PECAPJ49_UPPER_AERODIGESTIVE_TRACT,202,0.01816583557890924,0.9587549239692121
X_pca,0.5,platin,EKVX_LUNG,146,0.02004693060831956,0.972852836732995
X_pca,0.5,platin,BICR56_UPPER_AERODIGESTIVE_TRACT,81,0.011247775262325819,0.9816987006752579
X_pca,0.5,platin,NCIH2170_LUNG,142,0.015745538368388278,0.9761838094449379
X_pca,0.5,platin,DETROIT562_UPPER_AERODIGESTIVE_TRACT,163,0.014567306179410898,0.9594269084052806
X_pca,0.5,platin,SW1088_CENTRAL_NERVOUS_SYSTEM,128,0.016173089013086492,0.9998352401889861
X_pca,0.5,platin,BHY_UPPER_AERODIGESTIVE_TRACT,145,0.0130530744447294,0.9668872446849428
X_pca,0.5,platin,CAS1_CENTRAL_NERVOUS_SYSTEM,133,0.01612191517673214,0.9527467085902852
X_pca,0.5,platin,HCC1428_BREAST,127,0.015527234081926786,1.0252519836575966
X_pca,0.5,platin,HDQP1_BREAST,64,0.013205003695148232,0.9824409736320376
X_pca,0.5,platin,OSRC2_KIDNEY,126,0.009184675271124968,1.0090146580385784
X_pca,0.5,platin,HUPT4_PANCREAS,56,0.024287579547637942,0.9543862012880189
X_pca,0.5,platin,TCCSUP_URINARY_TRACT,316,0.011999484657813355,0.9778893976649151
X_pca,0.5,platin,VMRCRCZ_KIDNEY,300,0.02266738908192361,1.008177011013031
X_pca,0.5,platin,PK59_PANCREAS,174,0.02046445788944441,0.9744986669085491
X_pca,0.5,platin,HUH6_LIVER,338,0.01658166015969371,0.9939405754120392
X_pca,0.5,platin,MSTO211H_PLEURA,297,0.017958590301172604,0.9493582098170964
X_pca,0.5,platin,HS852T_SKIN,162,0.00994629319307361,0.987189464363051
X_pca,0.5,platin,SKMEL30_SKIN,353,0.017117307477598168,0.9894175282956521
X_pca,0.5,platin,T47D_BREAST,221,0.019620507799689105,0.9979813452220071
X_pca,0.5,platin,CALU6_LUNG,258,0.01053489387829564,0.9873391690180283
X_pca,0.5,platin,NCIH522_LUNG,208,0.015451721095875486,0.9741424359381199
X_pca,0.5,platin,LMSU_STOMACH,255,0.013376084449632899,0.9828796008053948
X_pca,0.5,platin,SNUC4_LARGE_INTESTINE,467,0.012520289870786589,0.9885912238913379
X_pca,0.5,platin,RVH421_SKIN,239,0.01533870462174273,0.9888377376680095
X_pca,0.5,platin,OVSAHO_OVARY,227,0.021211277788547502,1.0087298782386445
X_pca,0.5,platin,GOS3_CENTRAL_NERVOUS_SYSTEM,191,0.015050566632189708,0.9962673078032689
X_pca,0.5,platin,SNU738_CENTRAL_NERVOUS_SYSTEM,379,0.018656257256320904,0.9873938533750247
X_pca,0.5,platin,PC3_PROSTATE,169,0.021874070885176178,0.9753836742519627
X_pca,0.5,platin,PATU8988S_PANCREAS,244,0.015103970262354468,0.9673879510555111
X_pca,0.5,platin,OVTOKO_OVARY,209,0.019584545975785638,1.0050524992235539
X_pca,0.5,platin,TE1_OESOPHAGUS,206,0.020091186044575302,0.9609812981295354
X_pca,0.5,platin,NCIH2087_LUNG,219,0.024634470354698512,0.9468094992311034
X_pca,0.5,platin,EFM192A_BREAST,333,0.01744335805448176,0.9786856365991426
X_pca,0.5,platin,SNU423_LIVER,212,0.014214536200947325,0.9526827352226905
X_pca,0.5,platin,KPL1_BREAST,276,0.009649752637165145,0.9829615166653758
X_pca,0.5,platin,NCIH358_LUNG,336,0.022479524597823104,0.9664020066459974
X_pca,0.5,platin,COLO792_SKIN,271,0.015882972356700813,1.0212078118676189
X_pca,0.5,platin,KYSE520_OESOPHAGUS,323,0.013919097364682803,0.9476492393865674
X_pca,0.5,platin,KMRC3_KIDNEY,245,0.019212137203147527,0.9814659541966964
X_pca,0.5,platin,MKN7_STOMACH,258,0.01950824387084239,0.9703172445297241
X_pca,0.5,platin,NCIH1944_LUNG,414,0.018655567397120678,0.9722729715460164
X_pca,0.5,platin,TE6_OESOPHAGUS,551,0.016808058754291862,0.9778384660419664
X_pca,0.5,platin,ZR751_BREAST,309,0.017684999797361944,0.9781621698422726
X_pca,0.5,platin,PANC0203_PANCREAS,506,0.01239894571537699,0.959835950682757
X_pca,0.5,platin,SW1990_PANCREAS,307,0.022362239720493095,0.9656903118574658
X_pca,0.5,platin,RD_SOFT_TISSUE,261,0.020374344999968014,0.9508929759606548
X_pca,0.5,platin,NCIH1792_LUNG,111,0.017454587523139577,0.9685107909881316
X_pca,0.5,platin,PK45H_PANCREAS,271,0.016122389287241377,0.9627251145584557
X_pca,0.5,platin,LS180_LARGE_INTESTINE,361,0.01091830659600878,0.963966509642033
X_pca,0.5,platin,RERFLCAI_LUNG,763,0.015333854910122456,1.002843414971588
X_pca,0.5,platin,CAMA1_BREAST,291,0.01031248176392068,0.9853397697927206
X_pca,0.5,platin,SNU449_LIVER,282,0.01158614471267933,0.9828169538196943
X_pca,0.5,platin,A204_SOFT_TISSUE,250,0.012809578799833373,1.0021561386585236
X_pca,0.5,platin,MKN45_STOMACH,118,0.01739326922422136,0.9704445368152553
X_pca,0.5,platin,HEP3B217_LIVER,118,0.015362825048324154,0.9708484684006643
X_pca,0.5,platin,HOS_BONE,829,0.01454338308021306,0.9731064317309813
X_pca,0.5,platin,EBC1_LUNG,186,0.014073252682463346,0.9589252494355683
X_pca,0.5,platin,NCIH292_LUNG,213,0.011181680823267834,0.9559346300335557
X_pca,0.5,platin,OUMS23_LARGE_INTESTINE,107,0.016278611600403337,1.0386332574291763
X_pca,0.5,platin,HEC151_ENDOMETRIUM,250,0.01644536507625502,0.9863046276569366
X_pca,0.5,platin,NCIH1373_LUNG,164,0.011062227878383847,0.9690231026672735
X_pca,0.5,platin,TE9_OESOPHAGUS,248,0.014731046760196768,0.9426941953359111
X_pca,0.5,platin,HCC56_LARGE_INTESTINE,99,0.009943852209569025,0.9712829607905764
X_pca,0.5,platin,HT55_LARGE_INTESTINE,211,0.012302711957612443,0.9649978164247992
X_pca,0.5,platin,RT4_URINARY_TRACT,106,0.014423353588950662,0.9816077126646942
X_pca,0.5,platin,SKES1_BONE,91,0.016762225921978704,0.9954409487954863
X_pca,0.5,platin,NCIH1435_LUNG,267,0.013615049373253068,0.9746275153499417
X_pca,0.5,platin,8305C_THYROID,459,0.015471102799642972,0.9761322045897607
X_pca,0.5,platin,NCIH2228_LUNG,367,0.012332127464362214,0.9576114865999455
X_pca,0.5,platin,TE10_OESOPHAGUS,219,0.019551102995693365,0.9268070252518675
X_pca,0.5,platin,ASPC1_PANCREAS,290,0.01300213934306707,0.9909692934874831
X_pca,0.5,platin,HCC366_LUNG,202,0.021867253570455297,0.9665586576603427
X_pca,0.5,platin,BICR16_UPPER_AERODIGESTIVE_TRACT,212,0.01665654843839116,0.9456635702331111
X_pca,0.5,platin,HEC6_ENDOMETRIUM,161,0.019223913493683954,0.9386129012759428
X_pca,0.5,platin,KALS1_CENTRAL_NERVOUS_SYSTEM,288,0.015134551832355632,0.9674384219364988
X_pca,0.5,platin,NCIH2444_LUNG,237,0.01185451750243633,0.9542043090872624
X_pca,0.5,platin,SNU46_UPPER_AERODIGESTIVE_TRACT,236,0.0200543957049551,0.9405985977184974
X_pca,0.5,platin,OAW28_OVARY,161,0.02036991794417466,0.9732007043702262
X_pca,0.5,platin,SNU1214_UPPER_AERODIGESTIVE_TRACT,188,0.01877516443813951,0.9699372316294528
X_pca,0.5,platin,SKMEL5_SKIN,297,0.0152835232250356,1.0218875498482676
X_pca,0.5,platin,OVCAR4_OVARY,283,0.016391316271501335,0.9611092797437742
X_pca,0.5,platin,UACC257_SKIN,239,0.01505667500719126,0.9793853413110997
X_pca,0.5,platin,ONCODG1_OVARY,270,0.017233345209864238,0.9837597853607601
X_pca,0.5,platin,HUH28_BILIARY_TRACT,139,0.013867103859942394,0.9750760502094845
X_pca,0.5,platin,IM95_STOMACH,185,0.012724634216611765,0.9952613131420033
X_pca,0.5,platin,TE14_OESOPHAGUS,474,0.016579878735856715,0.9423066277041214
X_pca,0.5,platin,CAKI2_KIDNEY,278,0.016297121262105616,0.9513516859184924
X_pca,0.5,platin,SU8686_PANCREAS,82,0.01424730062287484,0.9375638147679771
X_pca,0.5,platin,SCC25_UPPER_AERODIGESTIVE_TRACT,898,0.011949650034000031,0.9600817176175277
X_pca,0.5,platin,SCC9_UPPER_AERODIGESTIVE_TRACT,475,0.016137384441242842,0.9783084293415671
X_pca,0.5,etoposide,NCIH2126_LUNG,264,0.026944996920306045,0.8212798050407207
X_pca,0.5,etoposide,SW579_THYROID,217,0.016992287011138644,0.8743993851446337
X_pca,0.5,etoposide,NCIH446_LUNG,196,0.02858141820309829,0.8412942743423034
X_pca,0.5,etoposide,HEC251_ENDOMETRIUM,107,0.01963009921883535,0.9376800383362814
X_pca,0.5,etoposide,MFE319_ENDOMETRIUM,191,0.030842941029587703,0.8739961357640971
X_pca,0.5,etoposide,SKNAS_AUTONOMIC_GANGLIA,226,0.022565100131662887,0.8104998437704238
X_pca,0.5,etoposide,NCIH2452_PLEURA,538,0.020583832322537757,0.9007394478888316
X_pca,0.5,etoposide,COLO741_SKIN,329,0.02025142708138263,0.9285215260772357
X_pca,0.5,etoposide,KNS42_CENTRAL_NERVOUS_SYSTEM,172,0.024213953900257556,0.8767736696226652
X_pca,0.5,etoposide,MCF7_BREAST,143,0.018231874191928146,0.9588049379262057
X_pca,0.5,etoposide,HT1197_URINARY_TRACT,74,0.019930608418481065,0.910531003732939
X_pca,0.5,etoposide,SNU899_UPPER_AERODIGESTIVE_TRACT,83,0.018799102190494753,0.8346816136176327
X_pca,0.5,etoposide,HCC38_BREAST,200,0.026637141728290008,0.8525575143098831
X_pca,0.5,etoposide,SNU308_BILIARY_TRACT,94,0.023200254905119334,0.921251117549044
X_pca,0.5,etoposide,SW1271_LUNG,115,0.020893272575971254,0.8804333132246266
X_pca,0.5,etoposide,TM31_CENTRAL_NERVOUS_SYSTEM,116,0.020308526118433597,0.8585222620388557
X_pca,0.5,etoposide,NCIH747_LARGE_INTESTINE,80,0.016003435033216894,0.9148455850780011
X_pca,0.5,etoposide,KPNSI9S_AUTONOMIC_GANGLIA,129,0.01993215582203049,0.8408263510511828
X_pca,0.5,etoposide,SQ1_LUNG,238,0.018731885983662284,0.9207085253310805
X_pca,0.5,etoposide,IALM_LUNG,322,0.03253964084048353,0.8775224432071543
X_pca,0.5,etoposide,BT474_BREAST,125,0.015068389964567483,0.9377910041809082
X_pca,0.5,etoposide,DKMG_CENTRAL_NERVOUS_SYSTEM,271,0.01845261507942917,0.8298594122443252
X_pca,0.5,etoposide,BT549_BREAST,266,0.022770858437569725,0.8504346044440019
X_pca,0.5,etoposide,BICR6_UPPER_AERODIGESTIVE_TRACT,286,0.01701765505141366,0.8789688211220962
X_pca,0.5,etoposide,SH10TC_STOMACH,351,0.02105559265626812,0.9200935922456942
X_pca,0.5,etoposide,UMUC1_URINARY_TRACT,197,0.01679194616222696,0.919611166273882
X_pca,0.5,etoposide,LS1034_LARGE_INTESTINE,146,0.016316672349943696,0.9177572596563052
X_pca,0.5,etoposide,CCFSTTG1_CENTRAL_NERVOUS_SYSTEM,246,0.020487136975448596,0.8196010284307527
X_pca,0.5,etoposide,NCIH226_LUNG,235,0.02271250342698349,0.8816002353708795
X_pca,0.5,etoposide,LNCAPCLONEFGC_PROSTATE,129,0.020546402570919213,0.874264586803525
X_pca,0.5,etoposide,RCC10RGB_KIDNEY,233,0.015121522127503102,0.8950419819917802
X_pca,0.5,etoposide,RERFLCAD1_LUNG,243,0.023095237391713166,0.882628511254189
X_pca,0.5,etoposide,SKMEL2_SKIN,276,0.027894179079319226,0.8748358911362247
X_pca,0.5,etoposide,BICR31_UPPER_AERODIGESTIVE_TRACT,248,0.01937584767819764,0.8972670697877484
X_pca,0.5,etoposide,RCM1_LARGE_INTESTINE,128,0.017441743574456128,0.9211857635527849
X_pca,0.5,etoposide,COV434_OVARY,88,0.02062173403065143,0.8482001010667194
X_pca,0.5,etoposide,SNU1079_BILIARY_TRACT,73,0.02518089757672069,0.8977238993122153
X_pca,0.5,etoposide,YD38_UPPER_AERODIGESTIVE_TRACT,624,0.022350797293727454,0.8736157928330776
X_pca,0.5,etoposide,NCIH1299_LUNG,534,0.027899587060906846,0.8575270463911335
X_pca,0.5,etoposide,IGR37_SKIN,347,0.019547877285317847,0.9155338578334116
X_pca,0.5,etoposide,BFTC909_KIDNEY,379,0.0278396577002834,0.871346134938162
X_pca,0.5,etoposide,NCIH460_LUNG,837,0.024274647587022732,0.816489758670971
X_pca,0.5,etoposide,IGR1_SKIN,725,0.019371637920854327,0.8614466663886761
X_pca,0.5,etoposide,VMCUB1_URINARY_TRACT,478,0.021743811288847222,0.8786298107651986
X_pca,0.5,etoposide,JHOC5_OVARY,145,0.020535272973686104,0.8962365010689045
X_pca,0.5,etoposide,42MGBA_CENTRAL_NERVOUS_SYSTEM,518,0.02827286376413058,0.8139475433292537
X_pca,0.5,etoposide,HT1080_SOFT_TISSUE,516,0.019627578833810607,0.8392549849064775
X_pca,0.5,etoposide,LI7_LIVER,196,0.025645726571480777,0.8991701682003177
X_pca,0.5,etoposide,A375_SKIN,593,0.027850499901649728,0.9304743325730399
X_pca,0.5,etoposide,FTC133_THYROID,140,0.023916591386451854,0.9407558632748467
X_pca,0.5,etoposide,OVK18_OVARY,178,0.022710102058095243,0.8407313421870886
X_pca,0.5,etoposide,ACCMESO1_PLEURA,162,0.02673454304197871,0.9008726562246864
X_pca,0.5,etoposide,HMC18_BREAST,293,0.026528780194060447,0.8472322677182663
X_pca,0.5,etoposide,TOV112D_OVARY,78,0.022387506301640988,0.8329412402250828
X_pca,0.5,etoposide,JHH6_LIVER,206,0.023289874339900256,0.8576214692546326
X_pca,0.5,etoposide,A2058_SKIN,294,0.019283254752082542,0.8847187489879375
X_pca,0.5,etoposide,NCIH2110_LUNG,1990,0.0215942405336648,0.8880978830495672
X_pca,0.5,etoposide,NCIH650_LUNG,271,0.015872462146268907,0.8895020117618941
X_pca,0.5,etoposide,EFE184_ENDOMETRIUM,86,0.019708267974201513,0.9293844692928847
X_pca,0.5,etoposide,HUPT3_PANCREAS,136,0.018247874127565043,0.9220171562012505
X_pca,0.5,etoposide,MDAMB361_BREAST,135,0.020128450066899208,0.912114722640426
X_pca,0.5,etoposide,BCPAP_THYROID,152,0.02984659619063679,0.8521307244112617
X_pca,0.5,etoposide,PECAPJ49_UPPER_AERODIGESTIVE_TRACT,202,0.019510453302833734,0.9089080405117261
X_pca,0.5,etoposide,EKVX_LUNG,146,0.028011596984346188,0.8651560777670717
X_pca,0.5,etoposide,BICR56_UPPER_AERODIGESTIVE_TRACT,81,0.01606570037250052,0.8734417991873659
X_pca,0.5,etoposide,NCIH2170_LUNG,142,0.024667997325765453,0.8566020941230613
X_pca,0.5,etoposide,DETROIT562_UPPER_AERODIGESTIVE_TRACT,163,0.023243455005300347,0.8536179237570499
X_pca,0.5,etoposide,SW1088_CENTRAL_NERVOUS_SYSTEM,128,0.030287797937607615,0.8471020529977977
X_pca,0.5,etoposide,BHY_UPPER_AERODIGESTIVE_TRACT,145,0.015815450147596916,0.9052126567939233
X_pca,0.5,etoposide,CAS1_CENTRAL_NERVOUS_SYSTEM,133,0.024933391562565722,0.829285732785562
X_pca,0.5,etoposide,HCC1428_BREAST,127,0.01480935541358018,0.9061691812642916
X_pca,0.5,etoposide,HDQP1_BREAST,64,0.022432017533857495,0.9235782325267792
X_pca,0.5,etoposide,OSRC2_KIDNEY,126,0.014379653473134281,0.9385919083678533
X_pca,0.5,etoposide,HUPT4_PANCREAS,56,0.019685815029700217,0.8760325898017202
X_pca,0.5,etoposide,TCCSUP_URINARY_TRACT,316,0.021296242499445502,0.8874958289574973
X_pca,0.5,etoposide,VMRCRCZ_KIDNEY,300,0.023545209830022576,0.8876974723736445
X_pca,0.5,etoposide,PK59_PANCREAS,174,0.01966057822099391,0.922017982636375
X_pca,0.5,etoposide,HUH6_LIVER,338,0.022759220855764487,0.9387054496262905
X_pca,0.5,etoposide,MSTO211H_PLEURA,297,0.021264057894360734,0.8354401714874037
X_pca,0.5,etoposide,HS852T_SKIN,162,0.01986002186244084,0.9272880362875667
X_pca,0.5,etoposide,SKMEL30_SKIN,353,0.021321181794490992,0.9051556256269936
X_pca,0.5,etoposide,T47D_BREAST,221,0.021012336340137206,0.9052792717428768
X_pca,0.5,etoposide,CALU6_LUNG,258,0.01922362302793465,0.8894975575827813
X_pca,0.5,etoposide,NCIH522_LUNG,208,0.02556725911315248,0.8417928909453062
X_pca,0.5,etoposide,LMSU_STOMACH,255,0.02498252999059834,0.8025827033846986
X_pca,0.5,etoposide,SNUC4_LARGE_INTESTINE,467,0.014215038780478655,0.8667899690552493
X_pca,0.5,etoposide,RVH421_SKIN,239,0.02201028513324315,0.9215832983599547
X_pca,0.5,etoposide,OVSAHO_OVARY,227,0.024862165127451076,0.9087480852782464
X_pca,0.5,etoposide,GOS3_CENTRAL_NERVOUS_SYSTEM,191,0.02334187263119867,0.8716786279104143
X_pca,0.5,etoposide,SNU738_CENTRAL_NERVOUS_SYSTEM,379,0.020027971589505044,0.8999639609558286
X_pca,0.5,etoposide,PC3_PROSTATE,169,0.02404911055429231,0.8921503756173264
X_pca,0.5,etoposide,PATU8988S_PANCREAS,244,0.020015382372556914,0.94408831537747
X_pca,0.5,etoposide,OVTOKO_OVARY,209,0.022426368244407895,0.9176313780141219
X_pca,0.5,etoposide,TE1_OESOPHAGUS,206,0.022896557844283762,0.9066416259529522
X_pca,0.5,etoposide,NCIH2087_LUNG,219,0.017666740035564805,0.8790587219473434
X_pca,0.5,etoposide,EFM192A_BREAST,333,0.018429961254157516,0.9053088993997546
X_pca,0.5,etoposide,SNU423_LIVER,212,0.020231397948650396,0.8973758558057389
X_pca,0.5,etoposide,KPL1_BREAST,276,0.01380752223914201,0.9303277998730757
X_pca,0.5,etoposide,NCIH358_LUNG,336,0.0231885452568641,0.9086128258634181
X_pca,0.5,etoposide,COLO792_SKIN,271,0.021362902650048907,0.9145037259122982
X_pca,0.5,etoposide,KYSE520_OESOPHAGUS,323,0.02409500959361889,0.8528889659388516
X_pca,0.5,etoposide,KMRC3_KIDNEY,245,0.02086671851144872,0.9285106255083668
X_pca,0.5,etoposide,MKN7_STOMACH,258,0.017476179257740157,0.9245117149611776
X_pca,0.5,etoposide,NCIH1944_LUNG,414,0.03028449637245849,0.8987021675144417
X_pca,0.5,etoposide,TE6_OESOPHAGUS,551,0.025926530003798954,0.8654602147273706
X_pca,0.5,etoposide,ZR751_BREAST,309,0.022958714921432484,0.8909734722865824
X_pca,0.5,etoposide,PANC0203_PANCREAS,506,0.019932706302946766,0.8983986830051709
X_pca,0.5,etoposide,SW1990_PANCREAS,307,0.018806765547184946,0.9138979117722775
X_pca,0.5,etoposide,RD_SOFT_TISSUE,261,0.0283868314772947,0.8462461699014423
X_pca,0.5,etoposide,NCIH1792_LUNG,111,0.026265894007195097,0.8538625771934921
X_pca,0.5,etoposide,PK45H_PANCREAS,271,0.015948623139376266,0.9391455008095041
X_pca,0.5,etoposide,LS180_LARGE_INTESTINE,361,0.019528384692277207,0.9631816510348439
X_pca,0.5,etoposide,RERFLCAI_LUNG,763,0.01524893731643557,0.8928809741690149
X_pca,0.5,etoposide,CAMA1_BREAST,291,0.01652166783785413,0.9228715820820471
X_pca,0.5,etoposide,SNU449_LIVER,282,0.021188514534902284,0.8796236861682107
X_pca,0.5,etoposide,A204_SOFT_TISSUE,250,0.025293238662334346,0.8421084682941437
X_pca,0.5,etoposide,MKN45_STOMACH,118,0.02295817999038789,0.927517364590855
X_pca,0.5,etoposide,HEP3B217_LIVER,118,0.024605798105429386,0.84990228990377
X_pca,0.5,etoposide,HOS_BONE,829,0.023905937933381294,0.8512266155318846
X_pca,0.5,etoposide,EBC1_LUNG,186,0.020197645681081247,0.906873337363684
X_pca,0.5,etoposide,NCIH292_LUNG,213,0.01968654266921938,0.9092350134827162
X_pca,0.5,etoposide,OUMS23_LARGE_INTESTINE,107,0.016584738046076054,0.8806456193745693
X_pca,0.5,etoposide,HEC151_ENDOMETRIUM,250,0.023284093600810577,0.9090801713466644
X_pca,0.5,etoposide,NCIH1373_LUNG,164,0.022920694778034243,0.9135521112418756
X_pca,0.5,etoposide,TE9_OESOPHAGUS,248,0.023318440188133064,0.8638162665790127
X_pca,0.5,etoposide,HCC56_LARGE_INTESTINE,99,0.017320595236354114,0.9354489873153995
X_pca,0.5,etoposide,HT55_LARGE_INTESTINE,211,0.022025460599835147,0.9554799639783199
X_pca,0.5,etoposide,RT4_URINARY_TRACT,106,0.01615930411421924,0.8206600479359897
X_pca,0.5,etoposide,SKES1_BONE,91,0.0219041973055516,0.8587616177705618
X_pca,0.5,etoposide,NCIH1435_LUNG,267,0.022089579184951167,0.8863035833344477
X_pca,0.5,etoposide,8305C_THYROID,459,0.031349494898717974,0.8281132746366114
X_pca,0.5,etoposide,NCIH2228_LUNG,367,0.026057659441147324,0.8987300829601548
X_pca,0.5,etoposide,TE10_OESOPHAGUS,219,0.020867964298367767,0.9062484853888211
X_pca,0.5,etoposide,ASPC1_PANCREAS,290,0.01522611902701558,0.9455791185642111
X_pca,0.5,etoposide,HCC366_LUNG,202,0.014739455386928642,0.8984998859981499
X_pca,0.5,etoposide,BICR16_UPPER_AERODIGESTIVE_TRACT,212,0.014879457018780394,0.8682745281817779
X_pca,0.5,etoposide,HEC6_ENDOMETRIUM,161,0.01994743696894549,0.9054321609668851
X_pca,0.5,etoposide,KALS1_CENTRAL_NERVOUS_SYSTEM,288,0.022368720790974187,0.8577223031057252
X_pca,0.5,etoposide,NCIH2444_LUNG,237,0.015475544562467422,0.9366335026322538
X_pca,0.5,etoposide,SNU46_UPPER_AERODIGESTIVE_TRACT,236,0.030171443988020595,0.8870403592364263
X_pca,0.5,etoposide,OAW28_OVARY,161,0.015798622494546107,0.9018921115383598
X_pca,0.5,etoposide,SNU1214_UPPER_AERODIGESTIVE_TRACT,188,0.021372732010773363,0.9180973641415859
X_pca,0.5,etoposide,SKMEL5_SKIN,297,0.018603079446938675,0.9343706222897026
X_pca,0.5,etoposide,OVCAR4_OVARY,283,0.022190227629422805,0.9614479748183341
X_pca,0.5,etoposide,UACC257_SKIN,239,0.020008722542065628,0.9073189130388044
X_pca,0.5,etoposide,ONCODG1_OVARY,270,0.02285370097443354,0.9358068093105599
X_pca,0.5,etoposide,HUH28_BILIARY_TRACT,139,0.021999984075964103,0.8890537117882599
X_pca,0.5,etoposide,IM95_STOMACH,185,0.0179248477842167,0.9087377325908558
X_pca,0.5,etoposide,TE14_OESOPHAGUS,474,0.020733675499782594,0.8947168221453574
X_pca,0.5,etoposide,CAKI2_KIDNEY,278,0.01730738501570099,0.9151356087314139
X_pca,0.5,etoposide,SU8686_PANCREAS,82,0.017174657734132213,0.9456705312903334
X_pca,0.5,etoposide,SCC25_UPPER_AERODIGESTIVE_TRACT,898,0.01656001474224675,0.8781250832075531
X_pca,0.5,etoposide,SCC9_UPPER_AERODIGESTIVE_TRACT,475,0.02465136810956693,0.8809987837389895
X_pca,0.5,paclitaxel,NCIH2126_LUNG,264,0.057300294503938164,0.4548173343593424
X_pca,0.5,paclitaxel,SW579_THYROID,217,0.04080399150147031,0.5746841771262032
X_pca,0.5,paclitaxel,NCIH446_LUNG,196,0.06977737241004997,0.42097581010691976
X_pca,0.5,paclitaxel,HEC251_ENDOMETRIUM,107,0.06728899668259351,0.5584554889491785
X_pca,0.5,paclitaxel,MFE319_ENDOMETRIUM,191,0.06838937592982003,0.5096801243215331
X_pca,0.5,paclitaxel,SKNAS_AUTONOMIC_GANGLIA,226,0.059182245693709716,0.45042377881771695
X_pca,0.5,paclitaxel,NCIH2452_PLEURA,538,0.052064389233831596,0.6578914762429589
X_pca,0.5,paclitaxel,COLO741_SKIN,329,0.0698951606570188,0.6459683775901794
X_pca,0.5,paclitaxel,KNS42_CENTRAL_NERVOUS_SYSTEM,172,0.06146337218239184,0.5058203091801599
X_pca,0.5,paclitaxel,MCF7_BREAST,143,0.04177157814829888,0.7421144709720479
X_pca,0.5,paclitaxel,HT1197_URINARY_TRACT,74,0.05978410248349432,0.6209369571627797
X_pca,0.5,paclitaxel,SNU899_UPPER_AERODIGESTIVE_TRACT,83,0.03625842014281954,0.4012776347528021
X_pca,0.5,paclitaxel,HCC38_BREAST,200,0.07754386530396411,0.4737145015597343
X_pca,0.5,paclitaxel,SNU308_BILIARY_TRACT,94,0.03840059749290894,0.5082695576104712
X_pca,0.5,paclitaxel,SW1271_LUNG,115,0.04985738859772559,0.5633300076360288
X_pca,0.5,paclitaxel,TM31_CENTRAL_NERVOUS_SYSTEM,116,0.05744660551233575,0.5291165275306537
X_pca,0.5,paclitaxel,NCIH747_LARGE_INTESTINE,80,0.04784286688001554,0.6485204063355923
X_pca,0.5,paclitaxel,KPNSI9S_AUTONOMIC_GANGLIA,129,0.05252076535013079,0.4860561402269112
X_pca,0.5,paclitaxel,SQ1_LUNG,238,0.06244813310947737,0.5354173511517148
X_pca,0.5,paclitaxel,IALM_LUNG,322,0.07328585985133412,0.5426645081791078
X_pca,0.5,paclitaxel,BT474_BREAST,125,0.04906653694117431,0.6661138429641723
X_pca,0.5,paclitaxel,DKMG_CENTRAL_NERVOUS_SYSTEM,271,0.041865051949383524,0.5268439904570139
X_pca,0.5,paclitaxel,BT549_BREAST,266,0.05587804871136807,0.5520055456493134
X_pca,0.5,paclitaxel,BICR6_UPPER_AERODIGESTIVE_TRACT,286,0.07101568589555726,0.4999366617286122
X_pca,0.5,paclitaxel,SH10TC_STOMACH,351,0.0502751389766932,0.6942629243573571
X_pca,0.5,paclitaxel,UMUC1_URINARY_TRACT,197,0.041661481219558275,0.4983449520798504
X_pca,0.5,paclitaxel,LS1034_LARGE_INTESTINE,146,0.04585244669563956,0.6716279963107958
X_pca,0.5,paclitaxel,CCFSTTG1_CENTRAL_NERVOUS_SYSTEM,246,0.04820938808382892,0.5110376152565809
X_pca,0.5,paclitaxel,NCIH226_LUNG,235,0.06304289162481663,0.5797366210754882
X_pca,0.5,paclitaxel,LNCAPCLONEFGC_PROSTATE,129,0.0542746026731526,0.6299223107422969
X_pca,0.5,paclitaxel,RCC10RGB_KIDNEY,233,0.05139420052364838,0.6625162457703521
X_pca,0.5,paclitaxel,RERFLCAD1_LUNG,243,0.06304697437028238,0.6324070443096474
X_pca,0.5,paclitaxel,SKMEL2_SKIN,276,0.05442800277023132,0.5178450895608335
X_pca,0.5,paclitaxel,BICR31_UPPER_AERODIGESTIVE_TRACT,248,0.055373090426785974,0.4524292240460073
X_pca,0.5,paclitaxel,RCM1_LARGE_INTESTINE,128,0.053576056179174006,0.5921028314623982
X_pca,0.5,paclitaxel,COV434_OVARY,88,0.0495972801952177,0.42304038832133467
X_pca,0.5,paclitaxel,SNU1079_BILIARY_TRACT,73,0.07230356650966613,0.64983230053562
X_pca,0.5,paclitaxel,YD38_UPPER_AERODIGESTIVE_TRACT,624,0.05636586233581082,0.4599721126544934
X_pca,0.5,paclitaxel,NCIH1299_LUNG,534,0.057713981516676574,0.5033316417468174
X_pca,0.5,paclitaxel,IGR37_SKIN,347,0.041024107818123226,0.6658410934962182
X_pca,0.5,paclitaxel,BFTC909_KIDNEY,379,0.06854829424223595,0.6146120001269519
X_pca,0.5,paclitaxel,NCIH460_LUNG,837,0.045752100517911246,0.42828736250403393
X_pca,0.5,paclitaxel,IGR1_SKIN,725,0.05440787764215734,0.592229569369349
X_pca,0.5,paclitaxel,VMCUB1_URINARY_TRACT,478,0.049997202721338146,0.44070952712990746
X_pca,0.5,paclitaxel,JHOC5_OVARY,145,0.08284458864367952,0.5557877974263553
X_pca,0.5,paclitaxel,42MGBA_CENTRAL_NERVOUS_SYSTEM,518,0.04966635750807901,0.4367763117013291
X_pca,0.5,paclitaxel,HT1080_SOFT_TISSUE,516,0.05922123400846524,0.4860222106871679
X_pca,0.5,paclitaxel,LI7_LIVER,196,0.055216714174113835,0.5953171824922368
X_pca,0.5,paclitaxel,A375_SKIN,593,0.07887161645296382,0.6550602491247715
X_pca,0.5,paclitaxel,FTC133_THYROID,140,0.06935600689025966,0.649873294362
X_pca,0.5,paclitaxel,OVK18_OVARY,178,0.06072345435101732,0.5232263847013537
X_pca,0.5,paclitaxel,ACCMESO1_PLEURA,162,0.06066366531466915,0.637582148666735
X_pca,0.5,paclitaxel,HMC18_BREAST,293,0.05491828781430392,0.531674125699053
X_pca,0.5,paclitaxel,TOV112D_OVARY,78,0.05335079902214114,0.47951518075588423
X_pca,0.5,paclitaxel,JHH6_LIVER,206,0.05351629666084382,0.4938237137586168
X_pca,0.5,paclitaxel,A2058_SKIN,294,0.047110466957890854,0.6499654791590308
X_pca,0.5,paclitaxel,NCIH2110_LUNG,1990,0.04687066035533029,0.5165005213501466
X_pca,0.5,paclitaxel,NCIH650_LUNG,271,0.061551384313926046,0.5932785605812425
X_pca,0.5,paclitaxel,EFE184_ENDOMETRIUM,86,0.04807931104820045,0.6751709518044494
X_pca,0.5,paclitaxel,HUPT3_PANCREAS,136,0.056459230383017124,0.6162438109955367
X_pca,0.5,paclitaxel,MDAMB361_BREAST,135,0.04645680863160584,0.6079791276543228
X_pca,0.5,paclitaxel,BCPAP_THYROID,152,0.05664680840230691,0.5976914090937689
X_pca,0.5,paclitaxel,PECAPJ49_UPPER_AERODIGESTIVE_TRACT,202,0.041879277063107165,0.4574044942855835
X_pca,0.5,paclitaxel,EKVX_LUNG,146,0.06082720469483456,0.500904165514528
X_pca,0.5,paclitaxel,BICR56_UPPER_AERODIGESTIVE_TRACT,81,0.034221608226922516,0.3233592392485819
X_pca,0.5,paclitaxel,NCIH2170_LUNG,142,0.04730980002054804,0.4528919607400894
X_pca,0.5,paclitaxel,DETROIT562_UPPER_AERODIGESTIVE_TRACT,163,0.04258208469873047,0.4313165285835968
X_pca,0.5,paclitaxel,SW1088_CENTRAL_NERVOUS_SYSTEM,128,0.06274745201223389,0.5229859668761492
X_pca,0.5,paclitaxel,BHY_UPPER_AERODIGESTIVE_TRACT,145,0.04686333203657562,0.3605351565213039
X_pca,0.5,paclitaxel,CAS1_CENTRAL_NERVOUS_SYSTEM,133,0.04878159019948534,0.48250107635232736
X_pca,0.5,paclitaxel,HCC1428_BREAST,127,0.04663253423789441,0.7161184126936545
X_pca,0.5,paclitaxel,HDQP1_BREAST,64,0.05949460947305988,0.5390800698660314
X_pca,0.5,paclitaxel,OSRC2_KIDNEY,126,0.044220685210406195,0.720402780506346
X_pca,0.5,paclitaxel,HUPT4_PANCREAS,56,0.07654522274225886,0.5212600827217102
X_pca,0.5,paclitaxel,TCCSUP_URINARY_TRACT,316,0.05457664984899521,0.5732780694961548
X_pca,0.5,paclitaxel,VMRCRCZ_KIDNEY,300,0.052977256544670205,0.6176192039251327
X_pca,0.5,paclitaxel,PK59_PANCREAS,174,0.06306556573030873,0.6400050616812432
X_pca,0.5,paclitaxel,HUH6_LIVER,338,0.04647456611713138,0.682977432153634
X_pca,0.5,paclitaxel,MSTO211H_PLEURA,297,0.045260315882915084,0.46008437249796963
X_pca,0.5,paclitaxel,HS852T_SKIN,162,0.05414866206885468,0.7020914911487957
X_pca,0.5,paclitaxel,SKMEL30_SKIN,353,0.04760179688032939,0.5471428632736206
X_pca,0.5,paclitaxel,T47D_BREAST,221,0.046365445815369284,0.6713492473865527
X_pca,0.5,paclitaxel,CALU6_LUNG,258,0.05213191658081088,0.6410261765699978
X_pca,0.5,paclitaxel,NCIH522_LUNG,208,0.04918264033438117,0.48987646931065965
X_pca,0.5,paclitaxel,LMSU_STOMACH,255,0.044106300782118905,0.40475722364350863
X_pca,0.5,paclitaxel,SNUC4_LARGE_INTESTINE,467,0.041156894507864736,0.5113994825703174
X_pca,0.5,paclitaxel,RVH421_SKIN,239,0.0469908146319386,0.6809212390847784
X_pca,0.5,paclitaxel,OVSAHO_OVARY,227,0.06814215712333978,0.6720640655393643
X_pca,0.5,paclitaxel,GOS3_CENTRAL_NERVOUS_SYSTEM,191,0.04971384024399838,0.5780385386257272
X_pca,0.5,paclitaxel,SNU738_CENTRAL_NERVOUS_SYSTEM,379,0.06342869666385344,0.6228684741305802
X_pca,0.5,paclitaxel,PC3_PROSTATE,169,0.07468300137231008,0.593422189266724
X_pca,0.5,paclitaxel,PATU8988S_PANCREAS,244,0.05372139980987433,0.7609065319182443
X_pca,0.5,paclitaxel,OVTOKO_OVARY,209,0.05927060832109428,0.5803002345790133
X_pca,0.5,paclitaxel,TE1_OESOPHAGUS,206,0.05862781928039209,0.5992290904221026
X_pca,0.5,paclitaxel,NCIH2087_LUNG,219,0.07212003157242408,0.5493066930063238
X_pca,0.5,paclitaxel,EFM192A_BREAST,333,0.055605304755357764,0.6934573331752697
X_pca,0.5,paclitaxel,SNU423_LIVER,212,0.048114584384803864,0.7289356887340546
X_pca,0.5,paclitaxel,KPL1_BREAST,276,0.04608453942608734,0.7048748146364654
X_pca,0.5,paclitaxel,NCIH358_LUNG,336,0.059322313892519025,0.6164729800075293
X_pca,0.5,paclitaxel,COLO792_SKIN,271,0.05004274461044338,0.6637803181950896
X_pca,0.5,paclitaxel,KYSE520_OESOPHAGUS,323,0.05156783261630631,0.4867699610375029
X_pca,0.5,paclitaxel,KMRC3_KIDNEY,245,0.053959731816308025,0.7095594532635747
X_pca,0.5,paclitaxel,MKN7_STOMACH,258,0.0694397541186392,0.6516550926044006
X_pca,0.5,paclitaxel,NCIH1944_LUNG,414,0.056842847123415,0.5758220830545333
X_pca,0.5,paclitaxel,TE6_OESOPHAGUS,551,0.0555064442896728,0.4916190677026655
X_pca,0.5,paclitaxel,ZR751_BREAST,309,0.04247480990260658,0.571097302012459
X_pca,0.5,paclitaxel,PANC0203_PANCREAS,506,0.053162358898539,0.4768258804978118
X_pca,0.5,paclitaxel,SW1990_PANCREAS,307,0.050695000142089386,0.6591428176587878
X_pca,0.5,paclitaxel,RD_SOFT_TISSUE,261,0.04695013481190378,0.47414301158824645
X_pca,0.5,paclitaxel,NCIH1792_LUNG,111,0.056584875210492186,0.5464694658378223
X_pca,0.5,paclitaxel,PK45H_PANCREAS,271,0.04678819098837049,0.736807368338328
X_pca,0.5,paclitaxel,LS180_LARGE_INTESTINE,361,0.05688066581445416,0.5639689918865457
X_pca,0.5,paclitaxel,RERFLCAI_LUNG,763,0.04190124840379512,0.5916061718138923
X_pca,0.5,paclitaxel,CAMA1_BREAST,291,0.05970951353188734,0.7141093464241814
X_pca,0.5,paclitaxel,SNU449_LIVER,282,0.04923588688912189,0.536589487118924
X_pca,0.5,paclitaxel,A204_SOFT_TISSUE,250,0.06078412922404407,0.49073034286499023
X_pca,0.5,paclitaxel,MKN45_STOMACH,118,0.04849803144724922,0.5441538097999864
X_pca,0.5,paclitaxel,HEP3B217_LIVER,118,0.054757480321603325,0.4857384845361871
X_pca,0.5,paclitaxel,HOS_BONE,829,0.05189047544172577,0.5147857513588789
X_pca,0.5,paclitaxel,EBC1_LUNG,186,0.057304729690205336,0.5153937168339248
X_pca,0.5,paclitaxel,NCIH292_LUNG,213,0.03573661279681628,0.39575279864347035
X_pca,0.5,paclitaxel,OUMS23_LARGE_INTESTINE,107,0.040177768678676,0.6435917075549331
X_pca,0.5,paclitaxel,HEC151_ENDOMETRIUM,250,0.0665005331386981,0.6572724211215973
X_pca,0.5,paclitaxel,NCIH1373_LUNG,164,0.0672532292650362,0.5573269157874875
X_pca,0.5,paclitaxel,TE9_OESOPHAGUS,248,0.03798301622325108,0.4391342437555713
X_pca,0.5,paclitaxel,HCC56_LARGE_INTESTINE,99,0.048029281761136314,0.6262688112981392
X_pca,0.5,paclitaxel,HT55_LARGE_INTESTINE,211,0.04185315252902249,0.6491118409622337
X_pca,0.5,paclitaxel,RT4_URINARY_TRACT,106,0.03938676452392748,0.4919876681183869
X_pca,0.5,paclitaxel,SKES1_BONE,91,0.05390081864329541,0.5095873448874925
X_pca,0.5,paclitaxel,NCIH1435_LUNG,267,0.0569149430585273,0.5253539557537336
X_pca,0.5,paclitaxel,8305C_THYROID,459,0.060397168771454554,0.5589639535396966
X_pca,0.5,paclitaxel,NCIH2228_LUNG,367,0.054125275950462674,0.5669169336638593
X_pca,0.5,paclitaxel,TE10_OESOPHAGUS,219,0.0736470382433675,0.5161915497692753
X_pca,0.5,paclitaxel,ASPC1_PANCREAS,290,0.04160447338617057,0.6939946493198131
X_pca,0.5,paclitaxel,HCC366_LUNG,202,0.05844771126412708,0.6525905629490861
X_pca,0.5,paclitaxel,BICR16_UPPER_AERODIGESTIVE_TRACT,212,0.06653062583042978,0.4168278881401386
X_pca,0.5,paclitaxel,HEC6_ENDOMETRIUM,161,0.050915422574776145,0.5269814770414222
X_pca,0.5,paclitaxel,KALS1_CENTRAL_NERVOUS_SYSTEM,288,0.046033006305625505,0.5277614851171771
X_pca,0.5,paclitaxel,NCIH2444_LUNG,237,0.055006789713132054,0.6092301637311525
X_pca,0.5,paclitaxel,SNU46_UPPER_AERODIGESTIVE_TRACT,236,0.061211488915873,0.5808200118905407
X_pca,0.5,paclitaxel,OAW28_OVARY,161,0.06212636747611789,0.6019700660098414
X_pca,0.5,paclitaxel,SNU1214_UPPER_AERODIGESTIVE_TRACT,188,0.039917741015667,0.42807866411006196
X_pca,0.5,paclitaxel,SKMEL5_SKIN,297,0.05313113170305261,0.6631576364690607
X_pca,0.5,paclitaxel,OVCAR4_OVARY,283,0.04561594443509841,0.5716171527919837
X_pca,0.5,paclitaxel,UACC257_SKIN,239,0.03448091634721748,0.5029667916407645
X_pca,0.5,paclitaxel,ONCODG1_OVARY,270,0.0601342743813242,0.6372277191391698
X_pca,0.5,paclitaxel,HUH28_BILIARY_TRACT,139,0.039455365261924204,0.514124174984239
X_pca,0.5,paclitaxel,IM95_STOMACH,185,0.039630974301245056,0.5379624841986476
X_pca,0.5,paclitaxel,TE14_OESOPHAGUS,474,0.04007009995511405,0.4026131263387857
X_pca,0.5,paclitaxel,CAKI2_KIDNEY,278,0.05762513777743122,0.7195011505977713
X_pca,0.5,paclitaxel,SU8686_PANCREAS,82,0.0473591445703559,0.6373275656525682
X_pca,0.5,paclitaxel,SCC25_UPPER_AERODIGESTIVE_TRACT,898,0.043822383486252114,0.48444725181451087
X_pca,0.5,paclitaxel,SCC9_UPPER_AERODIGESTIVE_TRACT,475,0.054786822888731365,0.513949288004323
X_pca,0.5,gemcitabine,NCIH2126_LUNG,264,0.06075373765442631,0.5333210716419148
X_pca,0.5,gemcitabine,SW579_THYROID,217,0.04099164381111601,0.6831188979236761
X_pca,0.5,gemcitabine,NCIH446_LUNG,196,0.06636658461055764,0.649537559522658
X_pca,0.5,gemcitabine,HEC251_ENDOMETRIUM,107,0.05608746885921208,0.770061340287467
X_pca,0.5,gemcitabine,MFE319_ENDOMETRIUM,191,0.06863965674453414,0.6870552813195433
X_pca,0.5,gemcitabine,SKNAS_AUTONOMIC_GANGLIA,226,0.05359669510454529,0.6286095089353292
X_pca,0.5,gemcitabine,NCIH2452_PLEURA,538,0.053581781369427095,0.7789950573532998
X_pca,0.5,gemcitabine,COLO741_SKIN,329,0.05876215410689931,0.8160690933375373
X_pca,0.5,gemcitabine,KNS42_CENTRAL_NERVOUS_SYSTEM,172,0.05989072989839634,0.6480941898947539
X_pca,0.5,gemcitabine,MCF7_BREAST,143,0.03399581368486731,0.8734655596993186
X_pca,0.5,gemcitabine,HT1197_URINARY_TRACT,74,0.06183526949890563,0.8643977859535733
X_pca,0.5,gemcitabine,SNU899_UPPER_AERODIGESTIVE_TRACT,83,0.03935397330250186,0.5786868854459509
X_pca,0.5,gemcitabine,HCC38_BREAST,200,0.0641728801161653,0.6877404400706291
X_pca,0.5,gemcitabine,SNU308_BILIARY_TRACT,94,0.03316109501588989,0.7052178167282267
X_pca,0.5,gemcitabine,SW1271_LUNG,115,0.03972552673396684,0.7083801725636358
X_pca,0.5,gemcitabine,TM31_CENTRAL_NERVOUS_SYSTEM,116,0.06641718918504824,0.7434008625046961
X_pca,0.5,gemcitabine,NCIH747_LARGE_INTESTINE,80,0.04889513280791828,0.7406125381588936
X_pca,0.5,gemcitabine,KPNSI9S_AUTONOMIC_GANGLIA,129,0.054565716874304435,0.6515131606612095
X_pca,0.5,gemcitabine,SQ1_LUNG,238,0.05658167250049844,0.766524443355929
X_pca,0.5,gemcitabine,IALM_LUNG,322,0.08090099778112031,0.7386459978470891
X_pca,0.5,gemcitabine,BT474_BREAST,125,0.054935625444203245,0.7824453625679016
X_pca,0.5,gemcitabine,DKMG_CENTRAL_NERVOUS_SYSTEM,271,0.045076572558657414,0.6148675153396226
X_pca,0.5,gemcitabine,BT549_BREAST,266,0.046109350658845416,0.708742416442785
X_pca,0.5,gemcitabine,BICR6_UPPER_AERODIGESTIVE_TRACT,286,0.05295149608745149,0.7045385285274132
X_pca,0.5,gemcitabine,SH10TC_STOMACH,351,0.08502116064893755,0.8097324836627711
X_pca,0.5,gemcitabine,UMUC1_URINARY_TRACT,197,0.03205623533279831,0.7259698603964094
X_pca,0.5,gemcitabine,LS1034_LARGE_INTESTINE,146,0.03744243023341603,0.7133199866503885
X_pca,0.5,gemcitabine,CCFSTTG1_CENTRAL_NERVOUS_SYSTEM,246,0.05168021567163574,0.6018190431158718
X_pca,0.5,gemcitabine,NCIH226_LUNG,235,0.05570706216044801,0.7799836412389227
X_pca,0.5,gemcitabine,LNCAPCLONEFGC_PROSTATE,129,0.06121666071767151,0.8081614897232647
X_pca,0.5,gemcitabine,RCC10RGB_KIDNEY,233,0.0372787798900802,0.7265384762583884
X_pca,0.5,gemcitabine,RERFLCAD1_LUNG,243,0.08018166097303832,0.7072719754996123
X_pca,0.5,gemcitabine,SKMEL2_SKIN,276,0.04285804574648343,0.7032514551411504
X_pca,0.5,gemcitabine,BICR31_UPPER_AERODIGESTIVE_TRACT,248,0.046832889311399735,0.6836631276434467
X_pca,0.5,gemcitabine,RCM1_LARGE_INTESTINE,128,0.04223755651752208,0.74619485065341
X_pca,0.5,gemcitabine,COV434_OVARY,88,0.06111934242839564,0.6514735831455751
X_pca,0.5,gemcitabine,SNU1079_BILIARY_TRACT,73,0.06110089397699612,0.8027361459928016
X_pca,0.5,gemcitabine,YD38_UPPER_AERODIGESTIVE_TRACT,624,0.06226447965135624,0.7044853925322875
X_pca,0.5,gemcitabine,NCIH1299_LUNG,534,0.068088052835061,0.7245165509231082
X_pca,0.5,gemcitabine,IGR37_SKIN,347,0.060303459477166206,0.8321485620754253
X_pca,0.5,gemcitabine,BFTC909_KIDNEY,379,0.10007765805392226,0.773768593736563
X_pca,0.5,gemcitabine,NCIH460_LUNG,837,0.04138275053441879,0.5769356629825693
X_pca,0.5,gemcitabine,IGR1_SKIN,725,0.07187106466631601,0.5881274675089737
X_pca,0.5,gemcitabine,VMCUB1_URINARY_TRACT,478,0.05851380529062457,0.7127514565090755
X_pca,0.5,gemcitabine,JHOC5_OVARY,145,0.050119007867637594,0.6672240043508595
X_pca,0.5,gemcitabine,42MGBA_CENTRAL_NERVOUS_SYSTEM,518,0.054105934726021446,0.6060882190019468
X_pca,0.5,gemcitabine,HT1080_SOFT_TISSUE,516,0.056952551079724995,0.5624454719151637
X_pca,0.5,gemcitabine,LI7_LIVER,196,0.06636325021830529,0.71616472912078
X_pca,0.5,gemcitabine,A375_SKIN,593,0.10488461038442318,0.9432535739411391
X_pca,0.5,gemcitabine,FTC133_THYROID,140,0.07568040155603571,0.8302543018545423
X_pca,0.5,gemcitabine,OVK18_OVARY,178,0.06301547312347379,0.6585656545135412
X_pca,0.5,gemcitabine,ACCMESO1_PLEURA,162,0.08199817263256683,0.8434012602140875
X_pca,0.5,gemcitabine,HMC18_BREAST,293,0.06417834464112253,0.7211722768207459
X_pca,0.5,gemcitabine,TOV112D_OVARY,78,0.060726742992289515,0.6788701086472242
X_pca,0.5,gemcitabine,JHH6_LIVER,206,0.05399025645086238,0.6644400630182433
X_pca,0.5,gemcitabine,A2058_SKIN,294,0.08482482478653029,0.662179193731879
X_pca,0.5,gemcitabine,NCIH2110_LUNG,1990,0.0447395262368304,0.6331891010454551
X_pca,0.5,gemcitabine,NCIH650_LUNG,271,0.058083660724244444,0.7293294949725105
X_pca,0.5,gemcitabine,EFE184_ENDOMETRIUM,86,0.05106690051744564,0.7349354305932688
X_pca,0.5,gemcitabine,HUPT3_PANCREAS,136,0.05222719881283813,0.7939871352385072
X_pca,0.5,gemcitabine,MDAMB361_BREAST,135,0.03983526584675241,0.8536846213870578
X_pca,0.5,gemcitabine,BCPAP_THYROID,152,0.08599569605881541,0.7649428464080158
X_pca,0.5,gemcitabine,PECAPJ49_UPPER_AERODIGESTIVE_TRACT,202,0.03419201495483936,0.7094678147004383
X_pca,0.5,gemcitabine,EKVX_LUNG,146,0.06874410169206659,0.6772006239793072
X_pca,0.5,gemcitabine,BICR56_UPPER_AERODIGESTIVE_TRACT,81,0.030376670997196317,0.6141903621179087
X_pca,0.5,gemcitabine,NCIH2170_LUNG,142,0.045222761307963676,0.5687050804705687
X_pca,0.5,gemcitabine,DETROIT562_UPPER_AERODIGESTIVE_TRACT,163,0.052472889768545444,0.5569525097776775
X_pca,0.5,gemcitabine,SW1088_CENTRAL_NERVOUS_SYSTEM,128,0.0673603057384796,0.6856234148144722
X_pca,0.5,gemcitabine,BHY_UPPER_AERODIGESTIVE_TRACT,145,0.03509513785421255,0.6624545228892359
X_pca,0.5,gemcitabine,CAS1_CENTRAL_NERVOUS_SYSTEM,133,0.04843533181843561,0.6599526311221876
X_pca,0.5,gemcitabine,HCC1428_BREAST,127,0.06030223370666493,0.8056731078568407
X_pca,0.5,gemcitabine,HDQP1_BREAST,64,0.052468831072351,0.7517900057137012
X_pca,0.5,gemcitabine,OSRC2_KIDNEY,126,0.040126299405060635,0.7782795192703368
X_pca,0.5,gemcitabine,HUPT4_PANCREAS,56,0.0690328685719408,0.711705989071301
X_pca,0.5,gemcitabine,TCCSUP_URINARY_TRACT,316,0.05959711322454321,0.7193780897916118
X_pca,0.5,gemcitabine,VMRCRCZ_KIDNEY,300,0.0571023088701148,0.7754293366273244
X_pca,0.5,gemcitabine,PK59_PANCREAS,174,0.06421435286668954,0.8172789599703646
X_pca,0.5,gemcitabine,HUH6_LIVER,338,0.06033758814498098,0.7918271693957628
X_pca,0.5,gemcitabine,MSTO211H_PLEURA,297,0.035779621276143744,0.6703508769221579
X_pca,0.5,gemcitabine,HS852T_SKIN,162,0.06470692526821996,0.8792687639778043
X_pca,0.5,gemcitabine,SKMEL30_SKIN,353,0.04004581567131038,0.7198274925815485
X_pca,0.5,gemcitabine,T47D_BREAST,221,0.038825656963477714,0.8408246506932634
X_pca,0.5,gemcitabine,CALU6_LUNG,258,0.04839763452582918,0.7494793587414793
X_pca,0.5,gemcitabine,NCIH522_LUNG,208,0.04942050887026653,0.6910737896194825
X_pca,0.5,gemcitabine,LMSU_STOMACH,255,0.052746301607687285,0.5858654899924409
X_pca,0.5,gemcitabine,SNUC4_LARGE_INTESTINE,467,0.03915829583362646,0.6000879673043972
X_pca,0.5,gemcitabine,RVH421_SKIN,239,0.06759585267529174,0.7218997333837852
X_pca,0.5,gemcitabine,OVSAHO_OVARY,227,0.06161555939313102,0.8623751504305701
X_pca,0.5,gemcitabine,GOS3_CENTRAL_NERVOUS_SYSTEM,191,0.05725859206503513,0.7633176271203925
X_pca,0.5,gemcitabine,SNU738_CENTRAL_NERVOUS_SYSTEM,379,0.0494811281979751,0.786819403593018
X_pca,0.5,gemcitabine,PC3_PROSTATE,169,0.05840054453626704,0.7801326125331179
X_pca,0.5,gemcitabine,PATU8988S_PANCREAS,244,0.05876912004902237,0.8485255744613585
X_pca,0.5,gemcitabine,OVTOKO_OVARY,209,0.05628885122426999,0.7581298214396791
X_pca,0.5,gemcitabine,TE1_OESOPHAGUS,206,0.06336336298106447,0.7497113702945339
X_pca,0.5,gemcitabine,NCIH2087_LUNG,219,0.05478146347160514,0.683035980620885
X_pca,0.5,gemcitabine,EFM192A_BREAST,333,0.0647247073543052,0.7926475122884229
X_pca,0.5,gemcitabine,SNU423_LIVER,212,0.05149216343905729,0.8050867510291765
X_pca,0.5,gemcitabine,KPL1_BREAST,276,0.03755574815395109,0.8580277609652367
X_pca,0.5,gemcitabine,NCIH358_LUNG,336,0.05191261755660587,0.7238613253548032
X_pca,0.5,gemcitabine,COLO792_SKIN,271,0.07516412365044325,0.8770639845805854
X_pca,0.5,gemcitabine,KYSE520_OESOPHAGUS,323,0.05466141584308769,0.642456525250485
X_pca,0.5,gemcitabine,KMRC3_KIDNEY,245,0.04507092389121673,0.8440172093255179
X_pca,0.5,gemcitabine,MKN7_STOMACH,258,0.057052360958770566,0.8323589859082717
X_pca,0.5,gemcitabine,NCIH1944_LUNG,414,0.07033988498594594,0.7193402338431077
X_pca,0.5,gemcitabine,TE6_OESOPHAGUS,551,0.06253419798310905,0.6473583407064532
X_pca,0.5,gemcitabine,ZR751_BREAST,309,0.0404181503133025,0.753697326268193
X_pca,0.5,gemcitabine,PANC0203_PANCREAS,506,0.040615259210247334,0.6886367377320768
X_pca,0.5,gemcitabine,SW1990_PANCREAS,307,0.057234751132159194,0.806149860352569
X_pca,0.5,gemcitabine,RD_SOFT_TISSUE,261,0.039114381555564876,0.6539865506106409
X_pca,0.5,gemcitabine,NCIH1792_LUNG,111,0.05610665104781701,0.6183883663233336
X_pca,0.5,gemcitabine,PK45H_PANCREAS,271,0.052180793983404035,0.8201032463474908
X_pca,0.5,gemcitabine,LS180_LARGE_INTESTINE,361,0.04710875669195873,0.8050919779449949
X_pca,0.5,gemcitabine,RERFLCAI_LUNG,763,0.04471840318656122,0.7476143347170219
X_pca,0.5,gemcitabine,CAMA1_BREAST,291,0.04923705513321879,0.8390396186166612
X_pca,0.5,gemcitabine,SNU449_LIVER,282,0.0378035832520973,0.6695985132498099
X_pca,0.5,gemcitabine,A204_SOFT_TISSUE,250,0.06219985073259103,0.6058529332876206
X_pca,0.5,gemcitabine,MKN45_STOMACH,118,0.04294311384790129,0.7000387614056215
X_pca,0.5,gemcitabine,HEP3B217_LIVER,118,0.046825278898472524,0.6283320799722509
X_pca,0.5,gemcitabine,HOS_BONE,829,0.05187678237107698,0.6134483127959244
X_pca,0.5,gemcitabine,EBC1_LUNG,186,0.04794199114840372,0.7063025463652867
X_pca,0.5,gemcitabine,NCIH292_LUNG,213,0.029345798564102046,0.6664775509229848
X_pca,0.5,gemcitabine,OUMS23_LARGE_INTESTINE,107,0.04934698173667677,0.7481310445571614
X_pca,0.5,gemcitabine,HEC151_ENDOMETRIUM,250,0.07857559162234452,0.7809239711761474
X_pca,0.5,gemcitabine,NCIH1373_LUNG,164,0.056082039589321855,0.7285227052322248
X_pca,0.5,gemcitabine,TE9_OESOPHAGUS,248,0.05003547024774007,0.5931847794882713
X_pca,0.5,gemcitabine,HCC56_LARGE_INTESTINE,99,0.04260808832683703,0.7806021246043119
X_pca,0.5,gemcitabine,HT55_LARGE_INTESTINE,211,0.030632022623032648,0.7832601525207267
X_pca,0.5,gemcitabine,RT4_URINARY_TRACT,106,0.04312992489064129,0.5720945551710309
X_pca,0.5,gemcitabine,SKES1_BONE,91,0.056641661563316806,0.6911685748414679
X_pca,0.5,gemcitabine,NCIH1435_LUNG,267,0.044948605481346264,0.6862690848357669
X_pca,0.5,gemcitabine,8305C_THYROID,459,0.07185021735629364,0.6998778681609625
X_pca,0.5,gemcitabine,NCIH2228_LUNG,367,0.050653448141513284,0.713452392280589
X_pca,0.5,gemcitabine,TE10_OESOPHAGUS,219,0.053501170085359116,0.7621542536504736
X_pca,0.5,gemcitabine,ASPC1_PANCREAS,290,0.033941840962819575,0.714611292707509
X_pca,0.5,gemcitabine,HCC366_LUNG,202,0.05208403766034607,0.7599164023257718
X_pca,0.5,gemcitabine,BICR16_UPPER_AERODIGESTIVE_TRACT,212,0.042071042230181946,0.6621088812936027
X_pca,0.5,gemcitabine,HEC6_ENDOMETRIUM,161,0.040560026793353784,0.7128758300905642
X_pca,0.5,gemcitabine,KALS1_CENTRAL_NERVOUS_SYSTEM,288,0.04649906907083367,0.6848630257364776
X_pca,0.5,gemcitabine,NCIH2444_LUNG,237,0.048439776113395304,0.7933170782865854
X_pca,0.5,gemcitabine,SNU46_UPPER_AERODIGESTIVE_TRACT,236,0.05668370206546903,0.6912888427407055
X_pca,0.5,gemcitabine,OAW28_OVARY,161,0.0471526685884087,0.7736346451392085
X_pca,0.5,gemcitabine,SNU1214_UPPER_AERODIGESTIVE_TRACT,188,0.028251044436406386,0.7697445490258805
X_pca,0.5,gemcitabine,SKMEL5_SKIN,297,0.08330288290040472,0.8289692136976454
X_pca,0.5,gemcitabine,OVCAR4_OVARY,283,0.041529041959458037,0.7848632636845323
X_pca,0.5,gemcitabine,UACC257_SKIN,239,0.030072216843149372,0.6963595234200546
X_pca,0.5,gemcitabine,ONCODG1_OVARY,270,0.04705670911044764,0.7634845000726206
X_pca,0.5,gemcitabine,HUH28_BILIARY_TRACT,139,0.050402695544204464,0.7558095129273779
X_pca,0.5,gemcitabine,IM95_STOMACH,185,0.04632481122494132,0.6304334808040309
X_pca,0.5,gemcitabine,TE14_OESOPHAGUS,474,0.030128677278484287,0.7066033515246105
X_pca,0.5,gemcitabine,CAKI2_KIDNEY,278,0.04043391025170529,0.6974524613335836
X_pca,0.5,gemcitabine,SU8686_PANCREAS,82,0.0407075881909469,0.7627190547745403
X_pca,0.5,gemcitabine,SCC25_UPPER_AERODIGESTIVE_TRACT,898,0.04782994948677217,0.6233429530747484
X_pca,0.5,gemcitabine,SCC9_UPPER_AERODIGESTIVE_TRACT,475,0.06637924445646819,0.7489323063900596
X_pca,0.5,imatinib,NCIH2126_LUNG,264,0.023104197309673696,0.9599587696068215
X_pca,0.5,imatinib,SW579_THYROID,217,0.01976319159787233,0.8944076860005954
X_pca,0.5,imatinib,NCIH446_LUNG,196,0.024691670529095246,0.936713133235367
X_pca,0.5,imatinib,HEC251_ENDOMETRIUM,107,0.016525584093345848,0.9750389139228892
X_pca,0.5,imatinib,MFE319_ENDOMETRIUM,191,0.026907917316085175,0.9910162487579266
X_pca,0.5,imatinib,SKNAS_AUTONOMIC_GANGLIA,226,0.028307886514063234,0.9137552934410298
X_pca,0.5,imatinib,NCIH2452_PLEURA,538,0.017268829550909186,0.9289233346632422
X_pca,0.5,imatinib,COLO741_SKIN,329,0.014413829188872346,0.9672215834577033
X_pca,0.5,imatinib,KNS42_CENTRAL_NERVOUS_SYSTEM,172,0.023852093461967424,0.9713822589364163
X_pca,0.5,imatinib,MCF7_BREAST,143,0.01758235764232998,0.9604791256931279
X_pca,0.5,imatinib,HT1197_URINARY_TRACT,74,0.02666281712958764,1.023686814147073
X_pca,0.5,imatinib,SNU899_UPPER_AERODIGESTIVE_TRACT,83,0.026534762379292583,0.9747038411806865
X_pca,0.5,imatinib,HCC38_BREAST,200,0.040097276009785826,0.9497924521565437
X_pca,0.5,imatinib,SNU308_BILIARY_TRACT,94,0.026930272645557998,0.9957203256322983
X_pca,0.5,imatinib,SW1271_LUNG,115,0.02705010930974934,0.9134526434152023
X_pca,0.5,imatinib,TM31_CENTRAL_NERVOUS_SYSTEM,116,0.027994124100672303,0.9333612800672136
X_pca,0.5,imatinib,NCIH747_LARGE_INTESTINE,80,0.023336964475980767,1.0080143518745899
X_pca,0.5,imatinib,KPNSI9S_AUTONOMIC_GANGLIA,129,0.03460886227509323,0.9063491918319879
X_pca,0.5,imatinib,SQ1_LUNG,238,0.01736104763771681,0.9467856230355111
X_pca,0.5,imatinib,IALM_LUNG,322,0.03312344390540516,0.9799080465150916
X_pca,0.5,imatinib,BT474_BREAST,125,0.01246144716373867,0.9809098463058472
X_pca,0.5,imatinib,DKMG_CENTRAL_NERVOUS_SYSTEM,271,0.03652909984009495,0.8821248460519797
X_pca,0.5,imatinib,BT549_BREAST,266,0.025106469956015474,0.9253553304457127
X_pca,0.5,imatinib,BICR6_UPPER_AERODIGESTIVE_TRACT,286,0.02556302925522649,1.0065396728215519
X_pca,0.5,imatinib,SH10TC_STOMACH,351,0.02633291152434526,1.0090681302581417
X_pca,0.5,imatinib,UMUC1_URINARY_TRACT,197,0.02769476188351456,1.0132545662410368
X_pca,0.5,imatinib,LS1034_LARGE_INTESTINE,146,0.01637872863070112,0.9760632367983256
X_pca,0.5,imatinib,CCFSTTG1_CENTRAL_NERVOUS_SYSTEM,246,0.03965621662661834,0.8685199657106787
X_pca,0.5,imatinib,NCIH226_LUNG,235,0.030880364854092412,0.9657138771199165
X_pca,0.5,imatinib,LNCAPCLONEFGC_PROSTATE,129,0.016242449807524203,0.991521016571873
X_pca,0.5,imatinib,RCC10RGB_KIDNEY,233,0.026600015112815973,0.9669820315848092
X_pca,0.5,imatinib,RERFLCAD1_LUNG,243,0.03222859384071567,0.9946219398651595
X_pca,0.5,imatinib,SKMEL2_SKIN,276,0.02524426297704643,0.9584674008082652
X_pca,0.5,imatinib,BICR31_UPPER_AERODIGESTIVE_TRACT,248,0.020663850262114505,0.9524687146467548
X_pca,0.5,imatinib,RCM1_LARGE_INTESTINE,128,0.01598014814932199,0.9214149885810912
X_pca,0.5,imatinib,COV434_OVARY,88,0.0202607347143846,0.9947807572104714
X_pca,0.5,imatinib,SNU1079_BILIARY_TRACT,73,0.027289006266220567,0.9846558293251142
X_pca,0.5,imatinib,YD38_UPPER_AERODIGESTIVE_TRACT,624,0.022957844784504793,0.9849699257084956
X_pca,0.5,imatinib,NCIH1299_LUNG,534,0.029348497221467963,0.9651732250545801
X_pca,0.5,imatinib,IGR37_SKIN,347,0.01704310072641082,0.991321392808249
X_pca,0.5,imatinib,BFTC909_KIDNEY,379,0.0354751052151153,0.9281866592907968
X_pca,0.5,imatinib,NCIH460_LUNG,837,0.019285312620755283,0.9134761297289758
X_pca,0.5,imatinib,IGR1_SKIN,725,0.016379680119326022,0.9716115038970421
X_pca,0.5,imatinib,VMCUB1_URINARY_TRACT,478,0.019367133067970273,0.9629364425168376
X_pca,0.5,imatinib,JHOC5_OVARY,145,0.029039999320929398,0.9773278861210264
X_pca,0.5,imatinib,42MGBA_CENTRAL_NERVOUS_SYSTEM,518,0.040096147354977046,0.8789381053456928
X_pca,0.5,imatinib,HT1080_SOFT_TISSUE,516,0.03669414274543182,0.9512122290772062
X_pca,0.5,imatinib,LI7_LIVER,196,0.022471094934118727,0.9811418704232391
X_pca,0.5,imatinib,A375_SKIN,593,0.01894965920954655,0.9550384590637825
X_pca,0.5,imatinib,FTC133_THYROID,140,0.025119514211974475,0.9775664325271334
X_pca,0.5,imatinib,OVK18_OVARY,178,0.025750209533754228,0.9322120908940776
X_pca,0.5,imatinib,ACCMESO1_PLEURA,162,0.026273907336314555,0.9841149942374524
X_pca,0.5,imatinib,HMC18_BREAST,293,0.027766721884936046,0.9312097184080312
X_pca,0.5,imatinib,TOV112D_OVARY,78,0.02515061899216287,0.9259871794627264
X_pca,0.5,imatinib,JHH6_LIVER,206,0.0257720682305089,0.9189108850307834
X_pca,0.5,imatinib,A2058_SKIN,294,0.020809231683552587,0.9812056862172627
X_pca,0.5,imatinib,NCIH2110_LUNG,1990,0.0192164742825463,0.9787590177813966
X_pca,0.5,imatinib,NCIH650_LUNG,271,0.021559269088466136,0.9891784609023935
X_pca,0.5,imatinib,EFE184_ENDOMETRIUM,86,0.01858018151815062,1.0141021505344745
X_pca,0.5,imatinib,HUPT3_PANCREAS,136,0.03269538787868197,1.0272691705647636
X_pca,0.5,imatinib,MDAMB361_BREAST,135,0.02127142486031062,0.9890330548639651
X_pca,0.5,imatinib,BCPAP_THYROID,152,0.032555145878772604,0.9703133133681197
X_pca,0.5,imatinib,PECAPJ49_UPPER_AERODIGESTIVE_TRACT,202,0.03090236422722014,1.011709720781534
X_pca,0.5,imatinib,EKVX_LUNG,146,0.029556708093714974,0.9762036000212578
X_pca,0.5,imatinib,BICR56_UPPER_AERODIGESTIVE_TRACT,81,0.015102486405577131,0.9503066157117303
X_pca,0.5,imatinib,NCIH2170_LUNG,142,0.01752112074304876,0.9583574957411054
X_pca,0.5,imatinib,DETROIT562_UPPER_AERODIGESTIVE_TRACT,163,0.02911041203546802,0.9626937768210663
X_pca,0.5,imatinib,SW1088_CENTRAL_NERVOUS_SYSTEM,128,0.039185341711172716,0.9182316558435559
X_pca,0.5,imatinib,BHY_UPPER_AERODIGESTIVE_TRACT,145,0.01831964745555709,0.9946978564920097
X_pca,0.5,imatinib,CAS1_CENTRAL_NERVOUS_SYSTEM,133,0.03034468378267808,0.8856820822658396
X_pca,0.5,imatinib,HCC1428_BREAST,127,0.019503983815336814,1.0133348797249981
X_pca,0.5,imatinib,HDQP1_BREAST,64,0.02334574786401862,0.984688407741487
X_pca,0.5,imatinib,OSRC2_KIDNEY,126,0.01743911900427159,0.9222781076317742
X_pca,0.5,imatinib,HUPT4_PANCREAS,56,0.021021942046247213,0.9807545808809144
X_pca,0.5,imatinib,TCCSUP_URINARY_TRACT,316,0.022800689006558923,0.933214056340954
X_pca,0.5,imatinib,VMRCRCZ_KIDNEY,300,0.03370959670759539,0.9560114645957947
X_pca,0.5,imatinib,PK59_PANCREAS,174,0.019724345729896276,0.9767215125177099
X_pca,0.5,imatinib,HUH6_LIVER,338,0.01835677613827138,1.0241164230030668
X_pca,0.5,imatinib,MSTO211H_PLEURA,297,0.025026123601790958,0.9045107198082638
X_pca,0.5,imatinib,HS852T_SKIN,162,0.013296149184142635,0.935186943890136
X_pca,0.5,imatinib,SKMEL30_SKIN,353,0.018677275424882282,0.9630784231947772
X_pca,0.5,imatinib,T47D_BREAST,221,0.02326776213017246,0.9689262396070213
X_pca,0.5,imatinib,CALU6_LUNG,258,0.02018356034120745,0.9249909545562064
X_pca,0.5,imatinib,NCIH522_LUNG,208,0.026001636182525434,0.9462709329449214
X_pca,0.5,imatinib,LMSU_STOMACH,255,0.033801178242638376,0.8910242344818863
X_pca,0.5,imatinib,SNUC4_LARGE_INTESTINE,467,0.020117293268056714,0.9800481136401664
X_pca,0.5,imatinib,RVH421_SKIN,239,0.015232457596477423,1.0105406203030542
X_pca,0.5,imatinib,OVSAHO_OVARY,227,0.02535899740745531,1.0220500784823547
X_pca,0.5,imatinib,GOS3_CENTRAL_NERVOUS_SYSTEM,191,0.02796077883176136,0.9630694124086989
X_pca,0.5,imatinib,SNU738_CENTRAL_NERVOUS_SYSTEM,379,0.026627582733792964,0.9550707859225512
X_pca,0.5,imatinib,PC3_PROSTATE,169,0.026950133477434392,0.9578921555062018
X_pca,0.5,imatinib,PATU8988S_PANCREAS,244,0.01544406599647581,1.0017676184900473
X_pca,0.5,imatinib,OVTOKO_OVARY,209,0.027498082728390393,0.9847725672584972
X_pca,0.5,imatinib,TE1_OESOPHAGUS,206,0.02613386834117105,1.0043401148134066
X_pca,0.5,imatinib,NCIH2087_LUNG,219,0.028805904501191807,1.0172862440483754
X_pca,0.5,imatinib,EFM192A_BREAST,333,0.018418411152627916,0.9911113478041984
X_pca,0.5,imatinib,SNU423_LIVER,212,0.02141030918846077,0.9889094281309055
X_pca,0.5,imatinib,KPL1_BREAST,276,0.011730612077266138,0.9587006551631982
X_pca,0.5,imatinib,NCIH358_LUNG,336,0.027352550498281208,0.9935639981357824
X_pca,0.5,imatinib,COLO792_SKIN,271,0.02056085614497192,0.9940501803401651
X_pca,0.5,imatinib,KYSE520_OESOPHAGUS,323,0.029118822199269406,0.9677313518228915
X_pca,0.5,imatinib,KMRC3_KIDNEY,245,0.021461245715736287,0.9619152426719666
X_pca,0.5,imatinib,MKN7_STOMACH,258,0.028335610602133462,1.0418559469917947
X_pca,0.5,imatinib,NCIH1944_LUNG,414,0.028682106967769058,0.973495507441857
X_pca,0.5,imatinib,TE6_OESOPHAGUS,551,0.027681575465499163,0.9735781643438253
X_pca,0.5,imatinib,ZR751_BREAST,309,0.020571429187179132,0.9779450403448061
X_pca,0.5,imatinib,PANC0203_PANCREAS,506,0.01929015138777146,0.9484450561491397
X_pca,0.5,imatinib,SW1990_PANCREAS,307,0.021910251806769015,0.9729977650052173
X_pca,0.5,imatinib,RD_SOFT_TISSUE,261,0.025211784427268003,0.9133755354588973
X_pca,0.5,imatinib,NCIH1792_LUNG,111,0.027630784938036133,0.9319011166289046
X_pca,0.5,imatinib,PK45H_PANCREAS,271,0.02009409270630094,1.0054882685636681
X_pca,0.5,imatinib,LS180_LARGE_INTESTINE,361,0.016476798812127227,0.9652497562014826
X_pca,0.5,imatinib,RERFLCAI_LUNG,763,0.02437961762485622,0.990324996636392
X_pca,0.5,imatinib,CAMA1_BREAST,291,0.013664250906808909,0.9515078127179358
X_pca,0.5,imatinib,SNU449_LIVER,282,0.024138646709939805,0.9095727579390749
X_pca,0.5,imatinib,A204_SOFT_TISSUE,250,0.023609026939223073,0.9420308632850647
X_pca,0.5,imatinib,MKN45_STOMACH,118,0.02177432316602523,0.9983647950625015
X_pca,0.5,imatinib,HEP3B217_LIVER,118,0.029129343368622426,0.9424509017144219
X_pca,0.5,imatinib,HOS_BONE,829,0.025019948187259486,0.9616509292036547
X_pca,0.5,imatinib,EBC1_LUNG,186,0.02058052776014386,0.9426669218847828
X_pca,0.5,imatinib,NCIH292_LUNG,213,0.02015704785651393,1.0018069439091033
X_pca,0.5,imatinib,OUMS23_LARGE_INTESTINE,107,0.027789969860847977,1.0066645657904794
X_pca,0.5,imatinib,HEC151_ENDOMETRIUM,250,0.02570243036717464,1.0171663484573363
X_pca,0.5,imatinib,NCIH1373_LUNG,164,0.0191030589654648,0.9450039859951996
X_pca,0.5,imatinib,TE9_OESOPHAGUS,248,0.027273257966782833,0.9560535463594622
X_pca,0.5,imatinib,HCC56_LARGE_INTESTINE,99,0.01472498299719828,0.9324744060786083
X_pca,0.5,imatinib,HT55_LARGE_INTESTINE,211,0.015992885464500353,0.9902569727875045
X_pca,0.5,imatinib,RT4_URINARY_TRACT,106,0.018397205383166828,0.9292924066759506
X_pca,0.5,imatinib,SKES1_BONE,91,0.026125991626152867,0.9461500703633486
X_pca,0.5,imatinib,NCIH1435_LUNG,267,0.017184410263486122,0.9323117670494966
X_pca,0.5,imatinib,8305C_THYROID,459,0.037519380724194536,0.9005374705869388
X_pca,0.5,imatinib,NCIH2228_LUNG,367,0.020417562370376143,0.9344313100833009
X_pca,0.5,imatinib,TE10_OESOPHAGUS,219,0.023212167903024855,0.9872255393359215
X_pca,0.5,imatinib,ASPC1_PANCREAS,290,0.013547691675712467,0.9803816110923372
X_pca,0.5,imatinib,HCC366_LUNG,202,0.02061906016168487,1.01247303940282
X_pca,0.5,imatinib,BICR16_UPPER_AERODIGESTIVE_TRACT,212,0.020842820977617343,0.9744084103489822
X_pca,0.5,imatinib,HEC6_ENDOMETRIUM,161,0.02522696898661674,0.9863760234406276
X_pca,0.5,imatinib,KALS1_CENTRAL_NERVOUS_SYSTEM,288,0.02760140249415181,0.9418578634245528
X_pca,0.5,imatinib,NCIH2444_LUNG,237,0.018751946269656105,0.9776120824652885
X_pca,0.5,imatinib,SNU46_UPPER_AERODIGESTIVE_TRACT,236,0.023327901569523208,0.9520971732119382
X_pca,0.5,imatinib,OAW28_OVARY,161,0.021517144168048955,1.031825317729334
X_pca,0.5,imatinib,SNU1214_UPPER_AERODIGESTIVE_TRACT,188,0.025195866915032623,1.0257197450450126
X_pca,0.5,imatinib,SKMEL5_SKIN,297,0.014778883013114134,0.9998572314227069
X_pca,0.5,imatinib,OVCAR4_OVARY,283,0.024073303198302226,1.039319316616328
X_pca,0.5,imatinib,UACC257_SKIN,239,0.017830806097323758,0.9571602554002068
X_pca,0.5,imatinib,ONCODG1_OVARY,270,0.025245990178870567,1.0132160155861467
X_pca,0.5,imatinib,HUH28_BILIARY_TRACT,139,0.024273800498788765,1.0100677262107245
X_pca,0.5,imatinib,IM95_STOMACH,185,0.013671699770888168,0.9845807020728653
X_pca,0.5,imatinib,TE14_OESOPHAGUS,474,0.0273318163408731,0.9682360438606407
X_pca,0.5,imatinib,CAKI2_KIDNEY,278,0.015420097722053884,0.9435324928314566
X_pca,0.5,imatinib,SU8686_PANCREAS,82,0.017057855679703932,1.019312412273593
X_pca,0.5,imatinib,SCC25_UPPER_AERODIGESTIVE_TRACT,898,0.02429744058178487,0.9588429935127165
X_pca,0.5,imatinib,SCC9_UPPER_AERODIGESTIVE_TRACT,475,0.02711790127821792,0.9816813209182338
X_pca,0.5,erlotinib,NCIH2126_LUNG,264,0.025785680964548943,0.8448877194614122
X_pca,0.5,erlotinib,SW579_THYROID,217,0.02871061856016251,0.9890668584454444
X_pca,0.5,erlotinib,NCIH446_LUNG,196,0.043698898027020365,0.9748810915922632
X_pca,0.5,erlotinib,HEC251_ENDOMETRIUM,107,0.0406378654628017,0.8666585979060591
X_pca,0.5,erlotinib,MFE319_ENDOMETRIUM,191,0.0348730428989381,0.8956001001502831
X_pca,0.5,erlotinib,SKNAS_AUTONOMIC_GANGLIA,226,0.033117140819045605,0.8999668333382733
X_pca,0.5,erlotinib,NCIH2452_PLEURA,538,0.025718020459127924,0.9712319396242333
X_pca,0.5,erlotinib,COLO741_SKIN,329,0.02404459766685809,0.9803635347577938
X_pca,0.5,erlotinib,KNS42_CENTRAL_NERVOUS_SYSTEM,172,0.027441005864862835,0.9522487185029096
X_pca,0.5,erlotinib,MCF7_BREAST,143,0.021733386967974864,0.9648895609628904
X_pca,0.5,erlotinib,HT1197_URINARY_TRACT,74,0.028784130029449295,0.8759959412587656
X_pca,0.5,erlotinib,SNU899_UPPER_AERODIGESTIVE_TRACT,83,0.034122038800228356,0.7335391475493649
X_pca,0.5,erlotinib,HCC38_BREAST,200,0.03188212706128517,0.8721131765842438
X_pca,0.5,erlotinib,SNU308_BILIARY_TRACT,94,0.030598201228767077,0.8559576272964478
X_pca,0.5,erlotinib,SW1271_LUNG,115,0.02836211680846388,0.9110962836638741
X_pca,0.5,erlotinib,TM31_CENTRAL_NERVOUS_SYSTEM,116,0.0288642212638056,0.9289438565229547
X_pca,0.5,erlotinib,NCIH747_LARGE_INTESTINE,80,0.024601368717952633,0.9127156965434551
X_pca,0.5,erlotinib,KPNSI9S_AUTONOMIC_GANGLIA,129,0.022957446001183237,0.9321923644043678
X_pca,0.5,erlotinib,SQ1_LUNG,238,0.051278402154136794,0.8535232291001231
X_pca,0.5,erlotinib,IALM_LUNG,322,0.03296282373856901,0.9265835523975562
X_pca,0.5,erlotinib,BT474_BREAST,125,0.0235357212257155,0.9162593021392822
X_pca,0.5,erlotinib,DKMG_CENTRAL_NERVOUS_SYSTEM,271,0.017929637120382477,0.9798823586249263
X_pca,0.5,erlotinib,BT549_BREAST,266,0.02654239798001923,0.9625802530830068
X_pca,0.5,erlotinib,BICR6_UPPER_AERODIGESTIVE_TRACT,286,0.040249994458789164,0.7831194590438496
X_pca,0.5,erlotinib,SH10TC_STOMACH,351,0.02124116792324817,0.9557780998724478
X_pca,0.5,erlotinib,UMUC1_URINARY_TRACT,197,0.03176301160395733,0.7908388451876374
X_pca,0.5,erlotinib,LS1034_LARGE_INTESTINE,146,0.02002639066280359,0.821011194627579
X_pca,0.5,erlotinib,CCFSTTG1_CENTRAL_NERVOUS_SYSTEM,246,0.02130827061681556,0.9747081471652519
X_pca,0.5,erlotinib,NCIH226_LUNG,235,0.032031803769291364,0.9397478725047822
X_pca,0.5,erlotinib,LNCAPCLONEFGC_PROSTATE,129,0.020931169922077678,0.9184191250061804
X_pca,0.5,erlotinib,RCC10RGB_KIDNEY,233,0.02850832452833519,0.8839331491822336
X_pca,0.5,erlotinib,RERFLCAD1_LUNG,243,0.031066376279307382,0.9573158577636436
X_pca,0.5,erlotinib,SKMEL2_SKIN,276,0.03290634758913914,0.9441856374775154
X_pca,0.5,erlotinib,BICR31_UPPER_AERODIGESTIVE_TRACT,248,0.047361451205567145,0.82065573166455
X_pca,0.5,erlotinib,RCM1_LARGE_INTESTINE,128,0.03835090181767705,0.8560533737763762
X_pca,0.5,erlotinib,COV434_OVARY,88,0.028568587348591933,0.946105304766785
X_pca,0.5,erlotinib,SNU1079_BILIARY_TRACT,73,0.027335050778431604,0.9194941496195859
X_pca,0.5,erlotinib,YD38_UPPER_AERODIGESTIVE_TRACT,624,0.029999893042879887,0.8031228494185668
X_pca,0.5,erlotinib,NCIH1299_LUNG,534,0.030109192849657847,0.9435684696565406
X_pca,0.5,erlotinib,IGR37_SKIN,347,0.022154198144507177,0.9553003666723839
X_pca,0.5,erlotinib,BFTC909_KIDNEY,379,0.023667796020537826,0.9520980794385744
X_pca,0.5,erlotinib,NCIH460_LUNG,837,0.02938916647214709,0.8498970233126496
X_pca,0.5,erlotinib,IGR1_SKIN,725,0.019166016536363125,0.9358305892451056
X_pca,0.5,erlotinib,VMCUB1_URINARY_TRACT,478,0.03379194661634965,0.8176988840851325
X_pca,0.5,erlotinib,JHOC5_OVARY,145,0.040213989789121614,0.8268495707676329
X_pca,0.5,erlotinib,42MGBA_CENTRAL_NERVOUS_SYSTEM,518,0.026453738882868744,0.9942893755251837
X_pca,0.5,erlotinib,HT1080_SOFT_TISSUE,516,0.03160276565976819,0.8910443329995916
X_pca,0.5,erlotinib,LI7_LIVER,196,0.027860441937785967,0.9081896075180599
X_pca,0.5,erlotinib,A375_SKIN,593,0.04128930510575851,0.9658943240799349
X_pca,0.5,erlotinib,FTC133_THYROID,140,0.038500052268846105,0.9807230468307223
X_pca,0.5,erlotinib,OVK18_OVARY,178,0.02112103641265227,0.8970135346557317
X_pca,0.5,erlotinib,ACCMESO1_PLEURA,162,0.03151642435575295,0.9738408139458409
X_pca,0.5,erlotinib,HMC18_BREAST,293,0.03408234724012084,0.9226297477813304
X_pca,0.5,erlotinib,TOV112D_OVARY,78,0.024058550379614557,0.9151432032768543
X_pca,0.5,erlotinib,JHH6_LIVER,206,0.03974697858769231,0.8942714767548644
X_pca,0.5,erlotinib,A2058_SKIN,294,0.02049813500258961,0.9384919301587709
X_pca,0.5,erlotinib,NCIH2110_LUNG,1990,0.025223583241013117,0.851749362777825
X_pca,0.5,erlotinib,NCIH650_LUNG,271,0.02713325576154223,0.9035046355750728
X_pca,0.5,erlotinib,EFE184_ENDOMETRIUM,86,0.022284427761472835,0.8802996076816736
X_pca,0.5,erlotinib,HUPT3_PANCREAS,136,0.032773646026802786,0.9224544925724759
X_pca,0.5,erlotinib,MDAMB361_BREAST,135,0.03082437895219638,0.9479743114224186
X_pca,0.5,erlotinib,BCPAP_THYROID,152,0.03167465408139991,0.956043777889327
X_pca,0.5,erlotinib,PECAPJ49_UPPER_AERODIGESTIVE_TRACT,202,0.03404975789994476,0.7585146955334314
X_pca,0.5,erlotinib,EKVX_LUNG,146,0.03228385101059485,0.9113865286520083
X_pca,0.5,erlotinib,BICR56_UPPER_AERODIGESTIVE_TRACT,81,0.02029300891716443,0.7058332378481641
X_pca,0.5,erlotinib,NCIH2170_LUNG,142,0.027751039714899797,0.8730539020518182
X_pca,0.5,erlotinib,DETROIT562_UPPER_AERODIGESTIVE_TRACT,163,0.03852410013217177,0.7444289344951419
X_pca,0.5,erlotinib,SW1088_CENTRAL_NERVOUS_SYSTEM,128,0.026503370070618124,0.9904747880063951
X_pca,0.5,erlotinib,BHY_UPPER_AERODIGESTIVE_TRACT,145,0.03623606426167485,0.7207723781980317
X_pca,0.5,erlotinib,CAS1_CENTRAL_NERVOUS_SYSTEM,133,0.022206963412645518,0.9676890467342577
X_pca,0.5,erlotinib,HCC1428_BREAST,127,0.020259910166501666,0.9016850844142944
X_pca,0.5,erlotinib,HDQP1_BREAST,64,0.036278142534349106,0.9219285761937499
X_pca,0.5,erlotinib,OSRC2_KIDNEY,126,0.03181357259879113,0.8931668594716087
X_pca,0.5,erlotinib,HUPT4_PANCREAS,56,0.0442289845814283,0.859140687755176
X_pca,0.5,erlotinib,TCCSUP_URINARY_TRACT,316,0.03099520753223095,0.9349558730668659
X_pca,0.5,erlotinib,VMRCRCZ_KIDNEY,300,0.029521799990302574,0.9073012034098308
X_pca,0.5,erlotinib,PK59_PANCREAS,174,0.03287888110374454,0.9205958993955591
X_pca,0.5,erlotinib,HUH6_LIVER,338,0.023703573183996535,0.8878911811219165
X_pca,0.5,erlotinib,MSTO211H_PLEURA,297,0.021816940906296697,0.960629879826247
X_pca,0.5,erlotinib,HS852T_SKIN,162,0.027519088910114127,0.9902611073152519
X_pca,0.5,erlotinib,SKMEL30_SKIN,353,0.025474656865184225,0.9418908325538419
X_pca,0.5,erlotinib,T47D_BREAST,221,0.02534697963884563,0.9698134029612822
X_pca,0.5,erlotinib,CALU6_LUNG,258,0.02571029693800867,0.9556696269401285
X_pca,0.5,erlotinib,NCIH522_LUNG,208,0.025029751898739207,0.8984379146534663
X_pca,0.5,erlotinib,LMSU_STOMACH,255,0.030306036018200498,0.8942185925502403
X_pca,0.5,erlotinib,SNUC4_LARGE_INTESTINE,467,0.025762935797237593,0.8147237856076668
X_pca,0.5,erlotinib,RVH421_SKIN,239,0.022099650957179154,0.9807005043309104
X_pca,0.5,erlotinib,OVSAHO_OVARY,227,0.02826551290744644,0.901465075656706
X_pca,0.5,erlotinib,GOS3_CENTRAL_NERVOUS_SYSTEM,191,0.024530981428180137,0.9497236518959724
X_pca,0.5,erlotinib,SNU738_CENTRAL_NERVOUS_SYSTEM,379,0.024647423158804027,0.9389970236529146
X_pca,0.5,erlotinib,PC3_PROSTATE,169,0.03484163024511061,0.9379738378806932
X_pca,0.5,erlotinib,PATU8988S_PANCREAS,244,0.02300189493454619,0.900855660682819
X_pca,0.5,erlotinib,OVTOKO_OVARY,209,0.026448963869011227,0.8677422834925674
X_pca,0.5,erlotinib,TE1_OESOPHAGUS,206,0.029178749542181463,0.8726169171842556
X_pca,0.5,erlotinib,NCIH2087_LUNG,219,0.04070008699893725,0.8330366733956011
X_pca,0.5,erlotinib,EFM192A_BREAST,333,0.024700510512605394,0.9100111049932761
X_pca,0.5,erlotinib,SNU423_LIVER,212,0.01813929483811774,0.9438445028269066
X_pca,0.5,erlotinib,KPL1_BREAST,276,0.019578413279705206,0.9774636531221694
X_pca,0.5,erlotinib,NCIH358_LUNG,336,0.03323743780155749,0.9082013427146843
X_pca,0.5,erlotinib,COLO792_SKIN,271,0.02637400802032558,0.9535484912210724
X_pca,0.5,erlotinib,KYSE520_OESOPHAGUS,323,0.03793827205874498,0.7952925887639308
X_pca,0.5,erlotinib,KMRC3_KIDNEY,245,0.02391381217660532,0.9372204250218917
X_pca,0.5,erlotinib,MKN7_STOMACH,258,0.03694169786313359,0.9078572219194367
X_pca,0.5,erlotinib,NCIH1944_LUNG,414,0.028884386315782336,0.9024420639742976
X_pca,0.5,erlotinib,TE6_OESOPHAGUS,551,0.030323987133235846,0.8252882644831593
X_pca,0.5,erlotinib,ZR751_BREAST,309,0.024269761110532577,0.932188712470354
X_pca,0.5,erlotinib,PANC0203_PANCREAS,506,0.047945095464333766,0.8244823804014756
X_pca,0.5,erlotinib,SW1990_PANCREAS,307,0.03170334850215609,0.9600077570455471
X_pca,0.5,erlotinib,RD_SOFT_TISSUE,261,0.030481928384606838,0.9509270794090183
X_pca,0.5,erlotinib,NCIH1792_LUNG,111,0.02822175805313074,0.9268147048649488
X_pca,0.5,erlotinib,PK45H_PANCREAS,271,0.02391169879180962,0.9261550177507295
X_pca,0.5,erlotinib,LS180_LARGE_INTESTINE,361,0.03079122284429006,0.8573570287789004
X_pca,0.5,erlotinib,RERFLCAI_LUNG,763,0.01827725695379824,0.9717654842849172
X_pca,0.5,erlotinib,CAMA1_BREAST,291,0.026912274949321854,0.9734067511312741
X_pca,0.5,erlotinib,SNU449_LIVER,282,0.03593766001057091,0.8596267323967413
X_pca,0.5,erlotinib,A204_SOFT_TISSUE,250,0.03605400678893681,1.0320790123939514
X_pca,0.5,erlotinib,MKN45_STOMACH,118,0.03230383047734265,0.8608824721837448
X_pca,0.5,erlotinib,HEP3B217_LIVER,118,0.026393271747842707,0.8640668498257459
X_pca,0.5,erlotinib,HOS_BONE,829,0.02967934561058632,0.9672715676851813
X_pca,0.5,erlotinib,EBC1_LUNG,186,0.044570332118523875,0.8808873520102553
X_pca,0.5,erlotinib,NCIH292_LUNG,213,0.030288368595937726,0.7736744418950148
X_pca,0.5,erlotinib,OUMS23_LARGE_INTESTINE,107,0.022817041186438083,0.8947414583134874
X_pca,0.5,erlotinib,HEC151_ENDOMETRIUM,250,0.033512562957155205,0.8810098524093628
X_pca,0.5,erlotinib,NCIH1373_LUNG,164,0.04573611096539237,0.9007508125973911
X_pca,0.5,erlotinib,TE9_OESOPHAGUS,248,0.03139265852206863,0.7527472347982468
X_pca,0.5,erlotinib,HCC56_LARGE_INTESTINE,99,0.03258887948988141,0.8487203861727859
X_pca,0.5,erlotinib,HT55_LARGE_INTESTINE,211,0.023137655022039415,0.9103780366233175
X_pca,0.5,erlotinib,RT4_URINARY_TRACT,106,0.01852705318041469,0.8379951974131027
X_pca,0.5,erlotinib,SKES1_BONE,91,0.022372199584419633,0.9162861508327526
X_pca,0.5,erlotinib,NCIH1435_LUNG,267,0.04045400780528655,0.8351856304911639
X_pca,0.5,erlotinib,8305C_THYROID,459,0.029319870358782685,0.9596042242185223
X_pca,0.5,erlotinib,NCIH2228_LUNG,367,0.046615178381710545,0.8488027360848575
X_pca,0.5,erlotinib,TE10_OESOPHAGUS,219,0.028476409143614986,0.7990830576038797
X_pca,0.5,erlotinib,ASPC1_PANCREAS,290,0.02028172216012227,0.8497596039854247
X_pca,0.5,erlotinib,HCC366_LUNG,202,0.02247745343031942,0.9084602730108959
X_pca,0.5,erlotinib,BICR16_UPPER_AERODIGESTIVE_TRACT,212,0.034298048650175224,0.7419215865292639
X_pca,0.5,erlotinib,HEC6_ENDOMETRIUM,161,0.03132948257533721,0.8715302725756391
X_pca,0.5,erlotinib,KALS1_CENTRAL_NERVOUS_SYSTEM,288,0.023217098213147644,0.9592853136774566
X_pca,0.5,erlotinib,NCIH2444_LUNG,237,0.039109312549954464,0.8920644914047627
X_pca,0.5,erlotinib,SNU46_UPPER_AERODIGESTIVE_TRACT,236,0.04881826993394864,0.8731663078069687
X_pca,0.5,erlotinib,OAW28_OVARY,161,0.02375239058711539,0.8331787053102292
X_pca,0.5,erlotinib,SNU1214_UPPER_AERODIGESTIVE_TRACT,188,0.02930630312710581,0.7658972879673572
X_pca,0.5,erlotinib,SKMEL5_SKIN,297,0.029940952092066753,1.0010183660269587
X_pca,0.5,erlotinib,OVCAR4_OVARY,283,0.03197227812818783,0.8711980892996906
X_pca,0.5,erlotinib,UACC257_SKIN,239,0.021889929530116856,0.9089681947580441
X_pca,0.5,erlotinib,ONCODG1_OVARY,270,0.01980842320736445,0.8987873130374484
X_pca,0.5,erlotinib,HUH28_BILIARY_TRACT,139,0.022654507780728896,0.946612207152003
X_pca,0.5,erlotinib,IM95_STOMACH,185,0.022963424899951585,0.8374559080278551
X_pca,0.5,erlotinib,TE14_OESOPHAGUS,474,0.03030130354557115,0.7900174793311815
X_pca,0.5,erlotinib,CAKI2_KIDNEY,278,0.02662187720587716,0.8384596544632809
X_pca,0.5,erlotinib,SU8686_PANCREAS,82,0.027564052630081808,0.8776584318498286
X_pca,0.5,erlotinib,SCC25_UPPER_AERODIGESTIVE_TRACT,898,0.025858612336642543,0.783325981589362
X_pca,0.5,erlotinib,SCC9_UPPER_AERODIGESTIVE_TRACT,475,0.030523888283724106,0.8929290728819997
X_pca,0.5,sorafenib,NCIH2126_LUNG,264,0.020756161296274896,0.8924689491589864
X_pca,0.5,sorafenib,SW579_THYROID,217,0.014322007755856661,0.829708666570725
X_pca,0.5,sorafenib,NCIH446_LUNG,196,0.02107618735764646,0.8312700007643018
X_pca,0.5,sorafenib,HEC251_ENDOMETRIUM,107,0.016430978313659965,0.9008800927723679
X_pca,0.5,sorafenib,MFE319_ENDOMETRIUM,191,0.024637163132567665,0.8769409313251835
X_pca,0.5,sorafenib,SKNAS_AUTONOMIC_GANGLIA,226,0.02422752017676011,0.8286810878631288
X_pca,0.5,sorafenib,NCIH2452_PLEURA,538,0.015007246131051486,0.8567857627088695
X_pca,0.5,sorafenib,COLO741_SKIN,329,0.013858168596551253,0.8755952815516741
X_pca,0.5,sorafenib,KNS42_CENTRAL_NERVOUS_SYSTEM,172,0.018885291282663436,0.8922453404859055
X_pca,0.5,sorafenib,MCF7_BREAST,143,0.026090546153525466,0.9497588856236918
X_pca,0.5,sorafenib,HT1197_URINARY_TRACT,74,0.017533590028264608,0.9124422145856393
X_pca,0.5,sorafenib,SNU899_UPPER_AERODIGESTIVE_TRACT,83,0.020356425237001992,0.8759740102721985
X_pca,0.5,sorafenib,HCC38_BREAST,200,0.03259417911681732,0.8528022438287735
X_pca,0.5,sorafenib,SNU308_BILIARY_TRACT,94,0.01870077937386315,0.9436353235802752
X_pca,0.5,sorafenib,SW1271_LUNG,115,0.028904005417501002,0.8617152639057325
X_pca,0.5,sorafenib,TM31_CENTRAL_NERVOUS_SYSTEM,116,0.020798725815530304,0.8634558052852236
X_pca,0.5,sorafenib,NCIH747_LARGE_INTESTINE,80,0.018805210171586453,0.9122735694050789
X_pca,0.5,sorafenib,KPNSI9S_AUTONOMIC_GANGLIA,129,0.03222628818388608,0.8177405729774356
X_pca,0.5,sorafenib,SQ1_LUNG,238,0.017402603353499784,0.8742627857112083
X_pca,0.5,sorafenib,IALM_LUNG,322,0.025325562513757637,0.8603201430776845
X_pca,0.5,sorafenib,BT474_BREAST,125,0.012968913016815974,0.9087593560218811
X_pca,0.5,sorafenib,DKMG_CENTRAL_NERVOUS_SYSTEM,271,0.03369451292619882,0.8154168124568418
X_pca,0.5,sorafenib,BT549_BREAST,266,0.029134948899153898,0.8548137520937095
X_pca,0.5,sorafenib,BICR6_UPPER_AERODIGESTIVE_TRACT,286,0.024200853173124336,0.9269561309080857
X_pca,0.5,sorafenib,SH10TC_STOMACH,351,0.02078742194918078,0.9046675196060767
X_pca,0.5,sorafenib,UMUC1_URINARY_TRACT,197,0.01936826198950432,0.9407138930359468
X_pca,0.5,sorafenib,LS1034_LARGE_INTESTINE,146,0.01266001403715465,0.924566482027916
X_pca,0.5,sorafenib,CCFSTTG1_CENTRAL_NERVOUS_SYSTEM,246,0.036601855675464465,0.8021702046801404
X_pca,0.5,sorafenib,NCIH226_LUNG,235,0.02879364681650319,0.8773306230281261
X_pca,0.5,sorafenib,LNCAPCLONEFGC_PROSTATE,129,0.013949940415206455,0.8990170572155206
X_pca,0.5,sorafenib,RCC10RGB_KIDNEY,233,0.021436605473233592,0.8916783240731694
X_pca,0.5,sorafenib,RERFLCAD1_LUNG,243,0.0231607099781079,0.889207404091525
X_pca,0.5,sorafenib,SKMEL2_SKIN,276,0.028298050590266268,0.8951933144227319
X_pca,0.5,sorafenib,BICR31_UPPER_AERODIGESTIVE_TRACT,248,0.015957899685473842,0.8941172760340476
X_pca,0.5,sorafenib,RCM1_LARGE_INTESTINE,128,0.014732889661287902,0.8763796081766486
X_pca,0.5,sorafenib,COV434_OVARY,88,0.020739509992625936,0.8764919360930269
X_pca,0.5,sorafenib,SNU1079_BILIARY_TRACT,73,0.02517390099977749,0.9153553190296644
X_pca,0.5,sorafenib,YD38_UPPER_AERODIGESTIVE_TRACT,624,0.015483243449411379,0.9121156758031784
X_pca,0.5,sorafenib,NCIH1299_LUNG,534,0.025198118166121376,0.8572416254197167
X_pca,0.5,sorafenib,IGR37_SKIN,347,0.01756715277145857,0.8961661518135401
X_pca,0.5,sorafenib,BFTC909_KIDNEY,379,0.03364024429133016,0.8523187766289019
X_pca,0.5,sorafenib,NCIH460_LUNG,837,0.019762819272424122,0.817517446716769
X_pca,0.5,sorafenib,IGR1_SKIN,725,0.020093541243999657,0.8804905583940703
X_pca,0.5,sorafenib,VMCUB1_URINARY_TRACT,478,0.015624049456001396,0.9021073114672465
X_pca,0.5,sorafenib,JHOC5_OVARY,145,0.023060726114767664,0.9093438292371816
X_pca,0.5,sorafenib,42MGBA_CENTRAL_NERVOUS_SYSTEM,518,0.02866875601232157,0.8054167456838616
X_pca,0.5,sorafenib,HT1080_SOFT_TISSUE,516,0.03414080579231773,0.8689097787520682
X_pca,0.5,sorafenib,LI7_LIVER,196,0.018134528306331405,0.8979295914878651
X_pca,0.5,sorafenib,A375_SKIN,593,0.01757763124185066,0.8715272817201598
X_pca,0.5,sorafenib,FTC133_THYROID,140,0.01715445066877671,0.8899488870586668
X_pca,0.5,sorafenib,OVK18_OVARY,178,0.026522419004721,0.8501695083098465
X_pca,0.5,sorafenib,ACCMESO1_PLEURA,162,0.024089842043108597,0.8731359489905981
X_pca,0.5,sorafenib,HMC18_BREAST,293,0.02319560759327615,0.8297100431276263
X_pca,0.5,sorafenib,TOV112D_OVARY,78,0.022505363945153817,0.8359051591310745
X_pca,0.5,sorafenib,JHH6_LIVER,206,0.017663968803015958,0.8421075783886955
X_pca,0.5,sorafenib,A2058_SKIN,294,0.027759395509951393,0.8935455075737571
X_pca,0.5,sorafenib,NCIH2110_LUNG,1990,0.021104524367530235,0.9217184714336492
X_pca,0.5,sorafenib,NCIH650_LUNG,271,0.018426390756771265,0.9119910195304899
X_pca,0.5,sorafenib,EFE184_ENDOMETRIUM,86,0.014042247974448186,0.934943791045699
X_pca,0.5,sorafenib,HUPT3_PANCREAS,136,0.01874997386780577,0.9082781146554386
X_pca,0.5,sorafenib,MDAMB361_BREAST,135,0.0219651591846357,0.9048812173030994
X_pca,0.5,sorafenib,BCPAP_THYROID,152,0.02143992839258358,0.8796715089365056
X_pca,0.5,sorafenib,PECAPJ49_UPPER_AERODIGESTIVE_TRACT,202,0.02046253016640549,0.9435582520938156
X_pca,0.5,sorafenib,EKVX_LUNG,146,0.021481338881272728,0.8964409636308069
X_pca,0.5,sorafenib,BICR56_UPPER_AERODIGESTIVE_TRACT,81,0.017303668623002994,0.8887514597103919
X_pca,0.5,sorafenib,NCIH2170_LUNG,142,0.01832177361359579,0.8748789463244694
X_pca,0.5,sorafenib,DETROIT562_UPPER_AERODIGESTIVE_TRACT,163,0.022985783715829648,0.8814342965377621
X_pca,0.5,sorafenib,SW1088_CENTRAL_NERVOUS_SYSTEM,128,0.02703350198564085,0.8388924659229815
X_pca,0.5,sorafenib,BHY_UPPER_AERODIGESTIVE_TRACT,145,0.0151822249795763,0.9069849182819498
X_pca,0.5,sorafenib,CAS1_CENTRAL_NERVOUS_SYSTEM,133,0.028992255652773025,0.8214463112049533
X_pca,0.5,sorafenib,HCC1428_BREAST,127,0.021574824116197922,0.9386557087184876
X_pca,0.5,sorafenib,HDQP1_BREAST,64,0.019807031785585433,0.9020199608057737
X_pca,0.5,sorafenib,OSRC2_KIDNEY,126,0.012132386752209623,0.8755558369651674
X_pca,0.5,sorafenib,HUPT4_PANCREAS,56,0.023158003451445676,0.8692795038223267
X_pca,0.5,sorafenib,TCCSUP_URINARY_TRACT,316,0.018087266304436786,0.8532222137798237
X_pca,0.5,sorafenib,VMRCRCZ_KIDNEY,300,0.028202933259267163,0.8711580802996953
X_pca,0.5,sorafenib,PK59_PANCREAS,174,0.018782799493584044,0.8782844115262745
X_pca,0.5,sorafenib,HUH6_LIVER,338,0.014160379075185405,0.9022019449070361
X_pca,0.5,sorafenib,MSTO211H_PLEURA,297,0.024587324854721797,0.8253299923055502
X_pca,0.5,sorafenib,HS852T_SKIN,162,0.013409830350907063,0.858906912582892
X_pca,0.5,sorafenib,SKMEL30_SKIN,353,0.023765534270189802,0.894131305535184
X_pca,0.5,sorafenib,T47D_BREAST,221,0.02590373852126574,0.9038847784650811
X_pca,0.5,sorafenib,CALU6_LUNG,258,0.016260890697741965,0.8485899392024491
X_pca,0.5,sorafenib,NCIH522_LUNG,208,0.022491638309019107,0.8371786910753983
X_pca,0.5,sorafenib,LMSU_STOMACH,255,0.028096204253887248,0.805840192822849
X_pca,0.5,sorafenib,SNUC4_LARGE_INTESTINE,467,0.02009892058638947,0.8993429759840383
X_pca,0.5,sorafenib,RVH421_SKIN,239,0.016472234152317956,0.9354345347093239
X_pca,0.5,sorafenib,OVSAHO_OVARY,227,0.020874886568494722,0.9137751118727192
X_pca,0.5,sorafenib,GOS3_CENTRAL_NERVOUS_SYSTEM,191,0.024536018951780897,0.8556417713614659
X_pca,0.5,sorafenib,SNU738_CENTRAL_NERVOUS_SYSTEM,379,0.026095879062494828,0.8891309389652866
X_pca,0.5,sorafenib,PC3_PROSTATE,169,0.03411588121236122,0.8861456033746167
X_pca,0.5,sorafenib,PATU8988S_PANCREAS,244,0.016957040358590383,0.9366146638745168
X_pca,0.5,sorafenib,OVTOKO_OVARY,209,0.02270399059088652,0.8751178055859068
X_pca,0.5,sorafenib,TE1_OESOPHAGUS,206,0.020164409740866595,0.9059852627874578
X_pca,0.5,sorafenib,NCIH2087_LUNG,219,0.023781606915761064,0.9159768104008889
X_pca,0.5,sorafenib,EFM192A_BREAST,333,0.022343132838702446,0.9186440751001284
X_pca,0.5,sorafenib,SNU423_LIVER,212,0.01770389094503192,0.8971285983076636
X_pca,0.5,sorafenib,KPL1_BREAST,276,0.01246338793202438,0.8945410661939261
X_pca,0.5,sorafenib,NCIH358_LUNG,336,0.02365197941460793,0.9217949263041928
X_pca,0.5,sorafenib,COLO792_SKIN,271,0.02019568180895474,0.8953960430138226
X_pca,0.5,sorafenib,KYSE520_OESOPHAGUS,323,0.028309629477243383,0.9003269153851843
X_pca,0.5,sorafenib,KMRC3_KIDNEY,245,0.023204193454941457,0.9018676098512144
X_pca,0.5,sorafenib,MKN7_STOMACH,258,0.023740270618052454,0.9220370423886203
X_pca,0.5,sorafenib,NCIH1944_LUNG,414,0.024702437245063144,0.9059417191622914
X_pca,0.5,sorafenib,TE6_OESOPHAGUS,551,0.023173623600517453,0.8807309122786547
X_pca,0.5,sorafenib,ZR751_BREAST,309,0.023738043997193918,0.9031472094236455
X_pca,0.5,sorafenib,PANC0203_PANCREAS,506,0.019533616179973075,0.8775002057608879
X_pca,0.5,sorafenib,SW1990_PANCREAS,307,0.019053861876472813,0.8855414351733577
X_pca,0.5,sorafenib,RD_SOFT_TISSUE,261,0.02960935978936273,0.8336688860166118
X_pca,0.5,sorafenib,NCIH1792_LUNG,111,0.02377773141710518,0.8529207459441176
X_pca,0.5,sorafenib,PK45H_PANCREAS,271,0.014397848441169831,0.9103333985233659
X_pca,0.5,sorafenib,LS180_LARGE_INTESTINE,361,0.01529410757922692,0.8931381164165084
X_pca,0.5,sorafenib,RERFLCAI_LUNG,763,0.0162010660248325,0.8802763814226203
X_pca,0.5,sorafenib,CAMA1_BREAST,291,0.014047447487727148,0.8909856312463373
X_pca,0.5,sorafenib,SNU449_LIVER,282,0.01873922662038711,0.8422475427600509
X_pca,0.5,sorafenib,A204_SOFT_TISSUE,250,0.021166151840459158,0.8713810358047486
X_pca,0.5,sorafenib,MKN45_STOMACH,118,0.02205867345153197,0.9224781747591697
X_pca,0.5,sorafenib,HEP3B217_LIVER,118,0.02344136878921136,0.8518204663769674
X_pca,0.5,sorafenib,HOS_BONE,829,0.02010558608307529,0.8779264846670614
X_pca,0.5,sorafenib,EBC1_LUNG,186,0.01980094607628949,0.8750548372345586
X_pca,0.5,sorafenib,NCIH292_LUNG,213,0.018482337933163846,0.9005538546983065
X_pca,0.5,sorafenib,OUMS23_LARGE_INTESTINE,107,0.02499367754306151,0.8750059114438351
X_pca,0.5,sorafenib,HEC151_ENDOMETRIUM,250,0.016272768439979237,0.9220120306015015
X_pca,0.5,sorafenib,NCIH1373_LUNG,164,0.017292947861982478,0.8623194436474544
X_pca,0.5,sorafenib,TE9_OESOPHAGUS,248,0.023063852455835112,0.8856587498899429
X_pca,0.5,sorafenib,HCC56_LARGE_INTESTINE,99,0.013431742567283432,0.8836029701762729
X_pca,0.5,sorafenib,HT55_LARGE_INTESTINE,211,0.021081706779642516,0.9253421324124268
X_pca,0.5,sorafenib,RT4_URINARY_TRACT,106,0.023440627783868073,0.8068952745986435
X_pca,0.5,sorafenib,SKES1_BONE,91,0.021072114459536058,0.8631745354159848
X_pca,0.5,sorafenib,NCIH1435_LUNG,267,0.018823334578302812,0.8713192122705867
X_pca,0.5,sorafenib,8305C_THYROID,459,0.0301340263658794,0.8295939833510155
X_pca,0.5,sorafenib,NCIH2228_LUNG,367,0.019897192964325246,0.8597634702677298
X_pca,0.5,sorafenib,TE10_OESOPHAGUS,219,0.01594234117609875,0.9298864687414474
X_pca,0.5,sorafenib,ASPC1_PANCREAS,290,0.010456499810914259,0.9428118064485748
X_pca,0.5,sorafenib,HCC366_LUNG,202,0.01773249465746933,0.9312832795157291
X_pca,0.5,sorafenib,BICR16_UPPER_AERODIGESTIVE_TRACT,212,0.022516842858936872,0.9199609002977047
X_pca,0.5,sorafenib,HEC6_ENDOMETRIUM,161,0.020048074205560547,0.8983650033518394
X_pca,0.5,sorafenib,KALS1_CENTRAL_NERVOUS_SYSTEM,288,0.02285337164052246,0.8365837809526258
X_pca,0.5,sorafenib,NCIH2444_LUNG,237,0.013274468323590192,0.9076121972583014
X_pca,0.5,sorafenib,SNU46_UPPER_AERODIGESTIVE_TRACT,236,0.02603344034579489,0.9067740761122461
X_pca,0.5,sorafenib,OAW28_OVARY,161,0.018625353838198855,0.9197387065946686
X_pca,0.5,sorafenib,SNU1214_UPPER_AERODIGESTIVE_TRACT,188,0.01629655677038108,0.9578277620863407
X_pca,0.5,sorafenib,SKMEL5_SKIN,297,0.015675130173117162,0.8975525209397981
X_pca,0.5,sorafenib,OVCAR4_OVARY,283,0.021902236505921255,0.9479320082984628
X_pca,0.5,sorafenib,UACC257_SKIN,239,0.021538478121155925,0.8773314518908576
X_pca,0.5,sorafenib,ONCODG1_OVARY,270,0.0186464902048942,0.9029077852213824
X_pca,0.5,sorafenib,HUH28_BILIARY_TRACT,139,0.017615417262653362,0.8838946639205054
X_pca,0.5,sorafenib,IM95_STOMACH,185,0.011866300380454928,0.9238014965443998
X_pca,0.5,sorafenib,TE14_OESOPHAGUS,474,0.020866416551435833,0.9370137504635984
X_pca,0.5,sorafenib,CAKI2_KIDNEY,278,0.014736577310690694,0.9226050930057498
X_pca,0.5,sorafenib,SU8686_PANCREAS,82,0.018761311462166152,0.9226370126735873
X_pca,0.5,sorafenib,SCC25_UPPER_AERODIGESTIVE_TRACT,898,0.021379951991639553,0.8890110971800204
X_pca,0.5,sorafenib,SCC9_UPPER_AERODIGESTIVE_TRACT,475,0.02178990529117628,0.8874112761648077
X_pca,0.5,dasatinib,NCIH2126_LUNG,264,0.03607369297057025,0.7276869310122548
X_pca,0.5,dasatinib,SW579_THYROID,217,0.03803829888609392,0.5891811803738642
X_pca,0.5,dasatinib,NCIH446_LUNG,196,0.04660661291865589,0.7089820343012713
X_pca,0.5,dasatinib,HEC251_ENDOMETRIUM,107,0.04388329461094731,0.5857080106980332
X_pca,0.5,dasatinib,MFE319_ENDOMETRIUM,191,0.04650810607716518,0.7097008362490469
X_pca,0.5,dasatinib,SKNAS_AUTONOMIC_GANGLIA,226,0.04428452705491862,0.666657789618568
X_pca,0.5,dasatinib,NCIH2452_PLEURA,538,0.040297212307797745,0.675919875890349
X_pca,0.5,dasatinib,COLO741_SKIN,329,0.035414557179438484,0.9152081963863778
X_pca,0.5,dasatinib,KNS42_CENTRAL_NERVOUS_SYSTEM,172,0.03760833018660505,0.7559771406096082
X_pca,0.5,dasatinib,MCF7_BREAST,143,0.039202003291695944,0.7953941505272072
X_pca,0.5,dasatinib,HT1197_URINARY_TRACT,74,0.04641094476350405,0.6218820520349451
X_pca,0.5,dasatinib,SNU899_UPPER_AERODIGESTIVE_TRACT,83,0.03249619709370483,0.539749445326357
X_pca,0.5,dasatinib,HCC38_BREAST,200,0.06060183304572577,0.6459850595891475
X_pca,0.5,dasatinib,SNU308_BILIARY_TRACT,94,0.03614151191280459,0.6191547906145136
X_pca,0.5,dasatinib,SW1271_LUNG,115,0.03476272951732129,0.6846910378207332
X_pca,0.5,dasatinib,TM31_CENTRAL_NERVOUS_SYSTEM,116,0.04377545411902111,0.6656081080436707
X_pca,0.5,dasatinib,NCIH747_LARGE_INTESTINE,80,0.04015362756520754,0.7165259346365929
X_pca,0.5,dasatinib,KPNSI9S_AUTONOMIC_GANGLIA,129,0.05104560179215446,0.6135774428068206
X_pca,0.5,dasatinib,SQ1_LUNG,238,0.05153529515590119,0.5555604995549226
X_pca,0.5,dasatinib,IALM_LUNG,322,0.03883645459994301,0.6858542202422337
X_pca,0.5,dasatinib,BT474_BREAST,125,0.02802999969375221,0.8191628170013427
X_pca,0.5,dasatinib,DKMG_CENTRAL_NERVOUS_SYSTEM,271,0.04238737171336952,0.5839518159078056
X_pca,0.5,dasatinib,BT549_BREAST,266,0.03984848123407154,0.6745662167108148
X_pca,0.5,dasatinib,BICR6_UPPER_AERODIGESTIVE_TRACT,286,0.052917268009357026,0.5541285476484499
X_pca,0.5,dasatinib,SH10TC_STOMACH,351,0.046104475089896395,0.7753804689458972
X_pca,0.5,dasatinib,UMUC1_URINARY_TRACT,197,0.04467339214427348,0.5272263811929577
X_pca,0.5,dasatinib,LS1034_LARGE_INTESTINE,146,0.03025971530357648,0.7156796610518678
X_pca,0.5,dasatinib,CCFSTTG1_CENTRAL_NERVOUS_SYSTEM,246,0.046410922231354734,0.5682351494707713
X_pca,0.5,dasatinib,NCIH226_LUNG,235,0.04653960145590627,0.6329519432909945
X_pca,0.5,dasatinib,LNCAPCLONEFGC_PROSTATE,129,0.03418167419462104,0.7950835514438245
X_pca,0.5,dasatinib,RCC10RGB_KIDNEY,233,0.043642693257684446,0.5264100804605197
X_pca,0.5,dasatinib,RERFLCAD1_LUNG,243,0.04701294209852043,0.6453732497407576
X_pca,0.5,dasatinib,SKMEL2_SKIN,276,0.04894114172357507,0.7948690499516501
X_pca,0.5,dasatinib,BICR31_UPPER_AERODIGESTIVE_TRACT,248,0.05928168586668772,0.5742877156984422
X_pca,0.5,dasatinib,RCM1_LARGE_INTESTINE,128,0.04046070082661418,0.713489428628236
X_pca,0.5,dasatinib,COV434_OVARY,88,0.03197515432292825,0.7378272915428336
X_pca,0.5,dasatinib,SNU1079_BILIARY_TRACT,73,0.04409296127327201,0.726809220771267
X_pca,0.5,dasatinib,YD38_UPPER_AERODIGESTIVE_TRACT,624,0.04652092213489987,0.5256778984211194
X_pca,0.5,dasatinib,NCIH1299_LUNG,534,0.04592722992256057,0.7180172611265146
X_pca,0.5,dasatinib,IGR37_SKIN,347,0.026602167819258945,0.8751755458133709
X_pca,0.5,dasatinib,BFTC909_KIDNEY,379,0.06566749591372505,0.6615188703687965
X_pca,0.5,dasatinib,NCIH460_LUNG,837,0.047715807241706515,0.8173715680161115
X_pca,0.5,dasatinib,IGR1_SKIN,725,0.03742514144761601,0.8793524367233803
X_pca,0.5,dasatinib,VMCUB1_URINARY_TRACT,478,0.05184180895452469,0.5804261207954654
X_pca,0.5,dasatinib,JHOC5_OVARY,145,0.058466745075974616,0.5501587187421733
X_pca,0.5,dasatinib,42MGBA_CENTRAL_NERVOUS_SYSTEM,518,0.038942411379694064,0.642503724135027
X_pca,0.5,dasatinib,HT1080_SOFT_TISSUE,516,0.05484167041419609,0.6553290099945179
X_pca,0.5,dasatinib,LI7_LIVER,196,0.04237655424311503,0.7614906223452821
X_pca,0.5,dasatinib,A375_SKIN,593,0.05235240660005403,0.7970757614098753
X_pca,0.5,dasatinib,FTC133_THYROID,140,0.046521733279788015,0.7018659608704704
X_pca,0.5,dasatinib,OVK18_OVARY,178,0.05565523268960239,0.7487695759601807
X_pca,0.5,dasatinib,ACCMESO1_PLEURA,162,0.045148604655351685,0.7638641264703538
X_pca,0.5,dasatinib,HMC18_BREAST,293,0.04718089586525525,0.7068030642974905
X_pca,0.5,dasatinib,TOV112D_OVARY,78,0.03467111409779337,0.7116727141233591
X_pca,0.5,dasatinib,JHH6_LIVER,206,0.05926658150442707,0.6716206742143168
X_pca,0.5,dasatinib,A2058_SKIN,294,0.044617048243608,0.8575633050633126
X_pca,0.5,dasatinib,NCIH2110_LUNG,1990,0.037649723198526004,0.7036101962453756
X_pca,0.5,dasatinib,NCIH650_LUNG,271,0.03393720335901608,0.6072405210500273
X_pca,0.5,dasatinib,EFE184_ENDOMETRIUM,86,0.03695265453508913,0.6759998361731685
X_pca,0.5,dasatinib,HUPT3_PANCREAS,136,0.0476219026031553,0.628718268345384
X_pca,0.5,dasatinib,MDAMB361_BREAST,135,0.04125418394204251,0.7516351810208073
X_pca,0.5,dasatinib,BCPAP_THYROID,152,0.0470270629726698,0.6423759091841547
X_pca,0.5,dasatinib,PECAPJ49_UPPER_AERODIGESTIVE_TRACT,202,0.03762397541368797,0.4862800140192013
X_pca,0.5,dasatinib,EKVX_LUNG,146,0.048382455249621585,0.7156430527771989
X_pca,0.5,dasatinib,BICR56_UPPER_AERODIGESTIVE_TRACT,81,0.031089488676117164,0.4203265736132492
X_pca,0.5,dasatinib,NCIH2170_LUNG,142,0.03486530373573072,0.7556920190092543
X_pca,0.5,dasatinib,DETROIT562_UPPER_AERODIGESTIVE_TRACT,163,0.041448537535511275,0.58992563288636
X_pca,0.5,dasatinib,SW1088_CENTRAL_NERVOUS_SYSTEM,128,0.043632721253150424,0.6856642626225948
X_pca,0.5,dasatinib,BHY_UPPER_AERODIGESTIVE_TRACT,145,0.044023995908185565,0.5115082169401235
X_pca,0.5,dasatinib,CAS1_CENTRAL_NERVOUS_SYSTEM,133,0.037599588796320096,0.6114268267065063
X_pca,0.5,dasatinib,HCC1428_BREAST,127,0.05681993714447704,0.8356898098480045
X_pca,0.5,dasatinib,HDQP1_BREAST,64,0.05846003562310204,0.7144116219133139
X_pca,0.5,dasatinib,OSRC2_KIDNEY,126,0.05293388575780139,0.6774773242927733
X_pca,0.5,dasatinib,HUPT4_PANCREAS,56,0.07848369931633867,0.7026753766196114
X_pca,0.5,dasatinib,TCCSUP_URINARY_TRACT,316,0.03734505718282293,0.6372886869726302
X_pca,0.5,dasatinib,VMRCRCZ_KIDNEY,300,0.04589194940169776,0.633224509159724
X_pca,0.5,dasatinib,PK59_PANCREAS,174,0.051034411438959607,0.7832727199313284
X_pca,0.5,dasatinib,HUH6_LIVER,338,0.027862784481298763,0.7713399058615668
X_pca,0.5,dasatinib,MSTO211H_PLEURA,297,0.04855864355161484,0.6954775203759421
X_pca,0.5,dasatinib,HS852T_SKIN,162,0.0372153064987781,0.8312051465481888
X_pca,0.5,dasatinib,SKMEL30_SKIN,353,0.042707502734423336,0.8119624429316427
X_pca,0.5,dasatinib,T47D_BREAST,221,0.033558130237164446,0.8175586642722739
X_pca,0.5,dasatinib,CALU6_LUNG,258,0.034003102859525916,0.7277724890745887
X_pca,0.5,dasatinib,NCIH522_LUNG,208,0.03485311294165142,0.7061559592302029
X_pca,0.5,dasatinib,LMSU_STOMACH,255,0.04330084678798825,0.5865783431950737
X_pca,0.5,dasatinib,SNUC4_LARGE_INTESTINE,467,0.04003235882939698,0.7304467907299066
X_pca,0.5,dasatinib,RVH421_SKIN,239,0.044077999436650514,0.8409044233824917
X_pca,0.5,dasatinib,OVSAHO_OVARY,227,0.044130641751308604,0.6834279343420189
X_pca,0.5,dasatinib,GOS3_CENTRAL_NERVOUS_SYSTEM,191,0.040960136962347356,0.6846497945136425
X_pca,0.5,dasatinib,SNU738_CENTRAL_NERVOUS_SYSTEM,379,0.03368773726389305,0.6809673853474116
X_pca,0.5,dasatinib,PC3_PROSTATE,169,0.04131972071975188,0.7001685584790608
X_pca,0.5,dasatinib,PATU8988S_PANCREAS,244,0.03286397761476924,0.814252998252384
X_pca,0.5,dasatinib,OVTOKO_OVARY,209,0.04140402300706112,0.6263717159129786
X_pca,0.5,dasatinib,TE1_OESOPHAGUS,206,0.03924579925362096,0.63720028406208
X_pca,0.5,dasatinib,NCIH2087_LUNG,219,0.04564218020585184,0.6072910002105312
X_pca,0.5,dasatinib,EFM192A_BREAST,333,0.05202049610359925,0.8816696664950511
X_pca,0.5,dasatinib,SNU423_LIVER,212,0.03584233841652378,0.6554371663984263
X_pca,0.5,dasatinib,KPL1_BREAST,276,0.026143197251119944,0.8260928943105366
X_pca,0.5,dasatinib,NCIH358_LUNG,336,0.04691633707525915,0.6570937725759688
X_pca,0.5,dasatinib,COLO792_SKIN,271,0.035166047128998276,0.8499643459531214
X_pca,0.5,dasatinib,KYSE520_OESOPHAGUS,323,0.03165091702847636,0.5999687740308213
X_pca,0.5,dasatinib,KMRC3_KIDNEY,245,0.03627188105848466,0.7377844039274721
X_pca,0.5,dasatinib,MKN7_STOMACH,258,0.04683084802144643,0.6457957073237545
X_pca,0.5,dasatinib,NCIH1944_LUNG,414,0.035947565073253404,0.7589638852266873
X_pca,0.5,dasatinib,TE6_OESOPHAGUS,551,0.03889545313083633,0.6686507242777386
X_pca,0.5,dasatinib,ZR751_BREAST,309,0.028712630805292797,0.8139010920493734
X_pca,0.5,dasatinib,PANC0203_PANCREAS,506,0.0543978047243824,0.6067411765868485
X_pca,0.5,dasatinib,SW1990_PANCREAS,307,0.044400078466924474,0.6864256755925157
X_pca,0.5,dasatinib,RD_SOFT_TISSUE,261,0.04487270635655514,0.6598610311632412
X_pca,0.5,dasatinib,NCIH1792_LUNG,111,0.03275402008912621,0.719288783030467
X_pca,0.5,dasatinib,PK45H_PANCREAS,271,0.03289594325579168,0.6841260526892884
X_pca,0.5,dasatinib,LS180_LARGE_INTESTINE,361,0.03419903543506364,0.7817656143550398
X_pca,0.5,dasatinib,RERFLCAI_LUNG,763,0.029601705755079102,0.6644048386913765
X_pca,0.5,dasatinib,CAMA1_BREAST,291,0.03706330933072136,0.847986380464023
X_pca,0.5,dasatinib,SNU449_LIVER,282,0.051321574747650346,0.5967904322959007
X_pca,0.5,dasatinib,A204_SOFT_TISSUE,250,0.032470708846233494,0.7491740355491638
X_pca,0.5,dasatinib,MKN45_STOMACH,118,0.0352786984020046,0.6690073776043067
X_pca,0.5,dasatinib,HEP3B217_LIVER,118,0.04423636090574854,0.633394522182012
X_pca,0.5,dasatinib,HOS_BONE,829,0.03065503795158713,0.7381029992540725
X_pca,0.5,dasatinib,EBC1_LUNG,186,0.04567467837225272,0.6195809424564402
X_pca,0.5,dasatinib,NCIH292_LUNG,213,0.044478164026274636,0.6257476406477986
X_pca,0.5,dasatinib,OUMS23_LARGE_INTESTINE,107,0.05312357210482875,0.8326617841408631
X_pca,0.5,dasatinib,HEC151_ENDOMETRIUM,250,0.04888507884222132,0.6583046081066132
X_pca,0.5,dasatinib,NCIH1373_LUNG,164,0.040194349472018755,0.6518176572351921
X_pca,0.5,dasatinib,TE9_OESOPHAGUS,248,0.03205161038288439,0.5919421500255985
X_pca,0.5,dasatinib,HCC56_LARGE_INTESTINE,99,0.037877915549547954,0.7516472592498317
X_pca,0.5,dasatinib,HT55_LARGE_INTESTINE,211,0.027842518834001816,0.7376287523039144
X_pca,0.5,dasatinib,RT4_URINARY_TRACT,106,0.04473265041677973,0.8825639278258918
X_pca,0.5,dasatinib,SKES1_BONE,91,0.0375599313364398,0.710135145501776
X_pca,0.5,dasatinib,NCIH1435_LUNG,267,0.0499356397894826,0.6958863407038571
X_pca,0.5,dasatinib,8305C_THYROID,459,0.03851892104233826,0.6091518446251198
X_pca,0.5,dasatinib,NCIH2228_LUNG,367,0.04856810887252994,0.5905312052052417
X_pca,0.5,dasatinib,TE10_OESOPHAGUS,219,0.03255461741968052,0.5530220972348566
X_pca,0.5,dasatinib,ASPC1_PANCREAS,290,0.02582249561466535,0.690889028639629
X_pca,0.5,dasatinib,HCC366_LUNG,202,0.03431664484401331,0.6164571613368421
X_pca,0.5,dasatinib,BICR16_UPPER_AERODIGESTIVE_TRACT,212,0.037507435622300064,0.46257895793554915
X_pca,0.5,dasatinib,HEC6_ENDOMETRIUM,161,0.0418381801433638,0.6791483271196022
X_pca,0.5,dasatinib,KALS1_CENTRAL_NERVOUS_SYSTEM,288,0.03779067905509383,0.6345637668338087
X_pca,0.5,dasatinib,NCIH2444_LUNG,237,0.04414883220581148,0.607700005110809
X_pca,0.5,dasatinib,SNU46_UPPER_AERODIGESTIVE_TRACT,236,0.04738510282880886,0.6306607498455856
X_pca,0.5,dasatinib,OAW28_OVARY,161,0.03905849958251926,0.6592198169749716
X_pca,0.5,dasatinib,SNU1214_UPPER_AERODIGESTIVE_TRACT,188,0.034930787269643604,0.4766049469087986
X_pca,0.5,dasatinib,SKMEL5_SKIN,297,0.03446444254445952,0.8833034927596147
X_pca,0.5,dasatinib,OVCAR4_OVARY,283,0.032196229708020496,0.6017937076807864
X_pca,0.5,dasatinib,UACC257_SKIN,239,0.033004555883734944,0.8445189954346692
X_pca,0.5,dasatinib,ONCODG1_OVARY,270,0.034209497163863185,0.6799847488050108
X_pca,0.5,dasatinib,HUH28_BILIARY_TRACT,139,0.03646960887214981,0.6468590613749388
X_pca,0.5,dasatinib,IM95_STOMACH,185,0.03222157272263167,0.7398377982345787
X_pca,0.5,dasatinib,TE14_OESOPHAGUS,474,0.03759739581730794,0.5353362052249506
X_pca,0.5,dasatinib,CAKI2_KIDNEY,278,0.029942548519282138,0.6728298578330939
X_pca,0.5,dasatinib,SU8686_PANCREAS,82,0.030048885175644937,0.6116009470893116
X_pca,0.5,dasatinib,SCC25_UPPER_AERODIGESTIVE_TRACT,898,0.031451828457212415,0.5826373236017397
X_pca,0.5,dasatinib,SCC9_UPPER_AERODIGESTIVE_TRACT,475,0.03957818376472372,0.6712588528582925
X_pca,0.5,crizotinib,NCIH2126_LUNG,264,0.013662835655133744,0.7781613536856391
X_pca,0.5,crizotinib,SW579_THYROID,217,0.016138093000484664,0.8377774063892628
X_pca,0.5,crizotinib,NCIH446_LUNG,196,0.02803340647006874,0.7982701172634047
X_pca,0.5,crizotinib,HEC251_ENDOMETRIUM,107,0.019757854114802326,0.815520783451116
X_pca,0.5,crizotinib,MFE319_ENDOMETRIUM,191,0.023407470287121982,0.8081511224751697
X_pca,0.5,crizotinib,SKNAS_AUTONOMIC_GANGLIA,226,0.021127607798258657,0.7585335822232002
X_pca,0.5,crizotinib,NCIH2452_PLEURA,538,0.017344749277200734,0.8227833202558822
X_pca,0.5,crizotinib,COLO741_SKIN,329,0.017042256243714284,0.8014251948489969
X_pca,0.5,crizotinib,KNS42_CENTRAL_NERVOUS_SYSTEM,172,0.015552298127917703,0.8193965613148934
X_pca,0.5,crizotinib,MCF7_BREAST,143,0.018232672518514913,0.8057012395425276
X_pca,0.5,crizotinib,HT1197_URINARY_TRACT,74,0.019502052369248086,0.8036957520085413
X_pca,0.5,crizotinib,SNU899_UPPER_AERODIGESTIVE_TRACT,83,0.017522688040448937,0.7091053652476116
X_pca,0.5,crizotinib,HCC38_BREAST,200,0.0302020986100739,0.7987322053313255
X_pca,0.5,crizotinib,SNU308_BILIARY_TRACT,94,0.0263597248862026,0.7605448694939309
X_pca,0.5,crizotinib,SW1271_LUNG,115,0.02533348315515485,0.7542963432229084
X_pca,0.5,crizotinib,TM31_CENTRAL_NERVOUS_SYSTEM,116,0.02245952637009501,0.7908328602026249
X_pca,0.5,crizotinib,NCIH747_LARGE_INTESTINE,80,0.024575403049469407,0.8122541382908821
X_pca,0.5,crizotinib,KPNSI9S_AUTONOMIC_GANGLIA,129,0.022375435538586078,0.7825796114381893
X_pca,0.5,crizotinib,SQ1_LUNG,238,0.025590855369773107,0.8061683328211808
X_pca,0.5,crizotinib,IALM_LUNG,322,0.018488880829064643,0.8085923054203483
X_pca,0.5,crizotinib,BT474_BREAST,125,0.010295720395949953,0.8308075475692749
X_pca,0.5,crizotinib,DKMG_CENTRAL_NERVOUS_SYSTEM,271,0.023247597573192533,0.7718199843410196
X_pca,0.5,crizotinib,BT549_BREAST,266,0.02311419448751662,0.7788881047775871
X_pca,0.5,crizotinib,BICR6_UPPER_AERODIGESTIVE_TRACT,286,0.02178935661340948,0.7911272490774834
X_pca,0.5,crizotinib,SH10TC_STOMACH,351,0.029422011019933823,0.8302344971912199
X_pca,0.5,crizotinib,UMUC1_URINARY_TRACT,197,0.02298720432557051,0.7717136450225327
X_pca,0.5,crizotinib,LS1034_LARGE_INTESTINE,146,0.011782607373197971,0.783177818745783
X_pca,0.5,crizotinib,CCFSTTG1_CENTRAL_NERVOUS_SYSTEM,246,0.02294139152081835,0.7764730039166241
X_pca,0.5,crizotinib,NCIH226_LUNG,235,0.027811369324075623,0.7812253016106626
X_pca,0.5,crizotinib,LNCAPCLONEFGC_PROSTATE,129,0.019537183164731638,0.8168491120486296
X_pca,0.5,crizotinib,RCC10RGB_KIDNEY,233,0.02589667845387233,0.8125382232052062
X_pca,0.5,crizotinib,RERFLCAD1_LUNG,243,0.05695161974705775,0.7548511776413938
X_pca,0.5,crizotinib,SKMEL2_SKIN,276,0.02638303966814225,0.7618997438230376
X_pca,0.5,crizotinib,BICR31_UPPER_AERODIGESTIVE_TRACT,248,0.020141189242750386,0.7816837737637181
X_pca,0.5,crizotinib,RCM1_LARGE_INTESTINE,128,0.019625492561443077,0.7989851450547576
X_pca,0.5,crizotinib,COV434_OVARY,88,0.015629817441539726,0.8270134140144695
X_pca,0.5,crizotinib,SNU1079_BILIARY_TRACT,73,0.03389073314558284,0.7903096112486434
X_pca,0.5,crizotinib,YD38_UPPER_AERODIGESTIVE_TRACT,624,0.016488543564625275,0.7738816930124393
X_pca,0.5,crizotinib,NCIH1299_LUNG,534,0.024392416867346025,0.8032158552930596
X_pca,0.5,crizotinib,IGR37_SKIN,347,0.016520636068191555,0.8023659360168303
X_pca,0.5,crizotinib,BFTC909_KIDNEY,379,0.0256113460105853,0.8235131069663961
X_pca,0.5,crizotinib,NCIH460_LUNG,837,0.01946707958050008,0.7313864085124527
X_pca,0.5,crizotinib,IGR1_SKIN,725,0.017561195022362048,0.8032903181273362
X_pca,0.5,crizotinib,VMCUB1_URINARY_TRACT,478,0.016612333716563347,0.7892139120081977
X_pca,0.5,crizotinib,JHOC5_OVARY,145,0.021474877289887506,0.8196764337605443
X_pca,0.5,crizotinib,42MGBA_CENTRAL_NERVOUS_SYSTEM,518,0.013223936216772734,0.8035168842229143
X_pca,0.5,crizotinib,HT1080_SOFT_TISSUE,516,0.027302115894826673,0.7727642975343291
X_pca,0.5,crizotinib,LI7_LIVER,196,0.015674988599913366,0.8179932759732617
X_pca,0.5,crizotinib,A375_SKIN,593,0.026864060901185607,0.8091498330913949
X_pca,0.5,crizotinib,FTC133_THYROID,140,0.02363026222384529,0.8578242152929306
X_pca,0.5,crizotinib,OVK18_OVARY,178,0.0180784739123365,0.806322693155053
X_pca,0.5,crizotinib,ACCMESO1_PLEURA,162,0.025046029325094726,0.8271337394361142
X_pca,0.5,crizotinib,HMC18_BREAST,293,0.023387565107034852,0.7986567557468349
X_pca,0.5,crizotinib,TOV112D_OVARY,78,0.01975821413955611,0.7881336716505197
X_pca,0.5,crizotinib,JHH6_LIVER,206,0.024616556878391017,0.8034804992884108
X_pca,0.5,crizotinib,A2058_SKIN,294,0.022832640348291394,0.801650444058334
X_pca,0.5,crizotinib,NCIH2110_LUNG,1990,0.02515019208673897,0.7094842758909542
X_pca,0.5,crizotinib,NCIH650_LUNG,271,0.022432166685806155,0.8147011735782412
X_pca,0.5,crizotinib,EFE184_ENDOMETRIUM,86,0.01095746340351919,0.7979567889557329
X_pca,0.5,crizotinib,HUPT3_PANCREAS,136,0.02750825220117519,0.8427168016924578
X_pca,0.5,crizotinib,MDAMB361_BREAST,135,0.021958136098166492,0.808359381004616
X_pca,0.5,crizotinib,BCPAP_THYROID,152,0.016253600811478548,0.8208787743198244
X_pca,0.5,crizotinib,PECAPJ49_UPPER_AERODIGESTIVE_TRACT,202,0.023632199422073022,0.7676890899639318
X_pca,0.5,crizotinib,EKVX_LUNG,146,0.030895795416653417,0.7722756233933854
X_pca,0.5,crizotinib,BICR56_UPPER_AERODIGESTIVE_TRACT,81,0.011510041368985468,0.7515419552355637
X_pca,0.5,crizotinib,NCIH2170_LUNG,142,0.014124213641324357,0.7923418640250891
X_pca,0.5,crizotinib,DETROIT562_UPPER_AERODIGESTIVE_TRACT,163,0.025299008470389565,0.7184763075383894
X_pca,0.5,crizotinib,SW1088_CENTRAL_NERVOUS_SYSTEM,128,0.012245738539718111,0.8107114895246923
X_pca,0.5,crizotinib,BHY_UPPER_AERODIGESTIVE_TRACT,145,0.015525396601799867,0.7568411683214122
X_pca,0.5,crizotinib,CAS1_CENTRAL_NERVOUS_SYSTEM,133,0.019979025164658812,0.7640786614633144
X_pca,0.5,crizotinib,HCC1428_BREAST,127,0.01734686978520772,0.807712871727981
X_pca,0.5,crizotinib,HDQP1_BREAST,64,0.02001463953781344,0.7980440482497215
X_pca,0.5,crizotinib,OSRC2_KIDNEY,126,0.01577200987826827,0.853253496071649
X_pca,0.5,crizotinib,HUPT4_PANCREAS,56,0.03282193938003591,0.7495381981134415
X_pca,0.5,crizotinib,TCCSUP_URINARY_TRACT,316,0.017571127324319844,0.8099709907664528
X_pca,0.5,crizotinib,VMRCRCZ_KIDNEY,300,0.023705482227344345,0.8112674637635549
X_pca,0.5,crizotinib,PK59_PANCREAS,174,0.025350470886527483,0.8234078031161736
X_pca,0.5,crizotinib,HUH6_LIVER,338,0.01416838730727337,0.8217492974721469
X_pca,0.5,crizotinib,MSTO211H_PLEURA,297,0.024433011907033952,0.7712708095508793
X_pca,0.5,crizotinib,HS852T_SKIN,162,0.01957606155430387,0.8136630264329322
X_pca,0.5,crizotinib,SKMEL30_SKIN,353,0.02112443067277849,0.7657140018919709
X_pca,0.5,crizotinib,T47D_BREAST,221,0.022778845201368973,0.8255731110119712
X_pca,0.5,crizotinib,CALU6_LUNG,258,0.020383249094445888,0.8069182805312697
X_pca,0.5,crizotinib,NCIH522_LUNG,208,0.02370935994605983,0.7961661414458201
X_pca,0.5,crizotinib,LMSU_STOMACH,255,0.021240357441665244,0.7665493504673827
X_pca,0.5,crizotinib,SNUC4_LARGE_INTESTINE,467,0.014591507802038649,0.7847992765061095
X_pca,0.5,crizotinib,RVH421_SKIN,239,0.013117692522909475,0.7992671373997772
X_pca,0.5,crizotinib,OVSAHO_OVARY,227,0.020270601726007774,0.8288178940176438
X_pca,0.5,crizotinib,GOS3_CENTRAL_NERVOUS_SYSTEM,191,0.020420294832211736,0.8012439049975411
X_pca,0.5,crizotinib,SNU738_CENTRAL_NERVOUS_SYSTEM,379,0.029425394947123436,0.7968371711808963
X_pca,0.5,crizotinib,PC3_PROSTATE,169,0.028843808889276488,0.7831260188091436
X_pca,0.5,crizotinib,PATU8988S_PANCREAS,244,0.02540348679804498,0.8100535598446111
X_pca,0.5,crizotinib,OVTOKO_OVARY,209,0.021191540833281924,0.8182187847543562
X_pca,0.5,crizotinib,TE1_OESOPHAGUS,206,0.01670305502957735,0.7900001276465296
X_pca,0.5,crizotinib,NCIH2087_LUNG,219,0.043082715876485815,0.7345432677225435
X_pca,0.5,crizotinib,EFM192A_BREAST,333,0.018508411510841115,0.8010698984693121
X_pca,0.5,crizotinib,SNU423_LIVER,212,0.011207245177525667,0.8138238725797186
X_pca,0.5,crizotinib,KPL1_BREAST,276,0.012628461573343028,0.797346499087154
X_pca,0.5,crizotinib,NCIH358_LUNG,336,0.03290032739224199,0.7263799600657963
X_pca,0.5,crizotinib,COLO792_SKIN,271,0.02185716913335857,0.8254524878470221
X_pca,0.5,crizotinib,KYSE520_OESOPHAGUS,323,0.02378374859456962,0.7238438267825926
X_pca,0.5,crizotinib,KMRC3_KIDNEY,245,0.026291289227375163,0.80327772680594
X_pca,0.5,crizotinib,MKN7_STOMACH,258,0.02613584736661119,0.8197514946146529
X_pca,0.5,crizotinib,NCIH1944_LUNG,414,0.026936815205609872,0.792302123590368
X_pca,0.5,crizotinib,TE6_OESOPHAGUS,551,0.024581653526714792,0.7645043465706052
X_pca,0.5,crizotinib,ZR751_BREAST,309,0.0214085865650849,0.7633693779556496
X_pca,0.5,crizotinib,PANC0203_PANCREAS,506,0.022521472932493715,0.7700372257015922
X_pca,0.5,crizotinib,SW1990_PANCREAS,307,0.03557038600529335,0.8090315439802039
X_pca,0.5,crizotinib,RD_SOFT_TISSUE,261,0.0249533157299382,0.7547807207052735
X_pca,0.5,crizotinib,NCIH1792_LUNG,111,0.014926283565847624,0.7863605119086601
X_pca,0.5,crizotinib,PK45H_PANCREAS,271,0.014424294160099504,0.8008002700400968
X_pca,0.5,crizotinib,LS180_LARGE_INTESTINE,361,0.019884591000978412,0.7932490143419303
X_pca,0.5,crizotinib,RERFLCAI_LUNG,763,0.022918443706556206,0.8423763050320576
X_pca,0.5,crizotinib,CAMA1_BREAST,291,0.01530989286545568,0.8061964395119972
X_pca,0.5,crizotinib,SNU449_LIVER,282,0.015818686991373593,0.796731839788721
X_pca,0.5,crizotinib,A204_SOFT_TISSUE,250,0.012632432310047929,0.8150149567127227
X_pca,0.5,crizotinib,MKN45_STOMACH,118,0.028271390104572136,0.7573127443507567
X_pca,0.5,crizotinib,HEP3B217_LIVER,118,0.02374987497694327,0.7736130250712573
X_pca,0.5,crizotinib,HOS_BONE,829,0.014248724711495964,0.797856309805043
X_pca,0.5,crizotinib,EBC1_LUNG,186,0.022689397886814178,0.7925288279851278
X_pca,0.5,crizotinib,NCIH292_LUNG,213,0.015475581009434582,0.7578133518147356
X_pca,0.5,crizotinib,OUMS23_LARGE_INTESTINE,107,0.013959724438747165,0.8048814334601999
X_pca,0.5,crizotinib,HEC151_ENDOMETRIUM,250,0.018309285887127255,0.8161995186805725
X_pca,0.5,crizotinib,NCIH1373_LUNG,164,0.027168488895958923,0.7943863516173711
X_pca,0.5,crizotinib,TE9_OESOPHAGUS,248,0.02310258446660402,0.7285688899217113
X_pca,0.5,crizotinib,HCC56_LARGE_INTESTINE,99,0.01567247747005461,0.7899291075841345
X_pca,0.5,crizotinib,HT55_LARGE_INTESTINE,211,0.01875026204842035,0.7914926440794886
X_pca,0.5,crizotinib,RT4_URINARY_TRACT,106,0.014446695658826994,0.7618343948193316
X_pca,0.5,crizotinib,SKES1_BONE,91,0.017918890238172645,0.7867800685075613
X_pca,0.5,crizotinib,NCIH1435_LUNG,267,0.02226530989739539,0.7577308704344075
X_pca,0.5,crizotinib,8305C_THYROID,459,0.017492747493736093,0.8126103942950047
X_pca,0.5,crizotinib,NCIH2228_LUNG,367,0.024666233747497317,0.7736993084486564
X_pca,0.5,crizotinib,TE10_OESOPHAGUS,219,0.01435910303854245,0.7633323029840373
X_pca,0.5,crizotinib,ASPC1_PANCREAS,290,0.010851840352489286,0.782215297633204
X_pca,0.5,crizotinib,HCC366_LUNG,202,0.030019006031136122,0.8018900153070393
X_pca,0.5,crizotinib,BICR16_UPPER_AERODIGESTIVE_TRACT,212,0.019808845446731997,0.7579998115323624
X_pca,0.5,crizotinib,HEC6_ENDOMETRIUM,161,0.024953463315692665,0.7487187389261234
X_pca,0.5,crizotinib,KALS1_CENTRAL_NERVOUS_SYSTEM,288,0.01974329000691404,0.7851071980678372
X_pca,0.5,crizotinib,NCIH2444_LUNG,237,0.01926889163963267,0.8051049938181785
X_pca,0.5,crizotinib,SNU46_UPPER_AERODIGESTIVE_TRACT,236,0.017455435357489096,0.7743603592201814
X_pca,0.5,crizotinib,OAW28_OVARY,161,0.025948799522950726,0.7801266656899304
X_pca,0.5,crizotinib,SNU1214_UPPER_AERODIGESTIVE_TRACT,188,0.021580936624858688,0.8042218152512896
X_pca,0.5,crizotinib,SKMEL5_SKIN,297,0.011967553671314976,0.8135044171352579
X_pca,0.5,crizotinib,OVCAR4_OVARY,283,0.021178261533070276,0.781346209900118
X_pca,0.5,crizotinib,UACC257_SKIN,239,0.019749508926325664,0.7520609251126086
X_pca,0.5,crizotinib,ONCODG1_OVARY,270,0.017004486339075517,0.805789828521234
X_pca,0.5,crizotinib,HUH28_BILIARY_TRACT,139,0.017460736106670482,0.7852048573734092
X_pca,0.5,crizotinib,IM95_STOMACH,185,0.014368550653794053,0.789821559674031
X_pca,0.5,crizotinib,TE14_OESOPHAGUS,474,0.022207998295052708,0.7700580559702362
X_pca,0.5,crizotinib,CAKI2_KIDNEY,278,0.012099114544580528,0.7918171226549492
X_pca,0.5,crizotinib,SU8686_PANCREAS,82,0.025296544506575785,0.7649612870158219
X_pca,0.5,crizotinib,SCC25_UPPER_AERODIGESTIVE_TRACT,898,0.01743220224391471,0.7317908370415193
X_pca,0.5,crizotinib,SCC9_UPPER_AERODIGESTIVE_TRACT,475,0.023190913818451946,0.7866676005564238
X_pca,0.5,afatinib,NCIH2126_LUNG,264,0.03332527706836179,0.6742564830364604
X_pca,0.5,afatinib,SW579_THYROID,217,0.026436265368199322,0.8043642384665353
X_pca,0.5,afatinib,NCIH446_LUNG,196,0.0368048343106295,0.7298699325444747
X_pca,0.5,afatinib,HEC251_ENDOMETRIUM,107,0.03882585322512635,0.640499365663974
X_pca,0.5,afatinib,MFE319_ENDOMETRIUM,191,0.0407749539195699,0.7279327496184105
X_pca,0.5,afatinib,SKNAS_AUTONOMIC_GANGLIA,226,0.035255978235568586,0.7534078391252366
X_pca,0.5,afatinib,NCIH2452_PLEURA,538,0.027272548577655643,0.7691576517425949
X_pca,0.5,afatinib,COLO741_SKIN,329,0.020813519908724036,0.7512568364027423
X_pca,0.5,afatinib,KNS42_CENTRAL_NERVOUS_SYSTEM,172,0.03776277530965088,0.7702748435874318
X_pca,0.5,afatinib,MCF7_BREAST,143,0.029791243762984226,0.7838329622795531
X_pca,0.5,afatinib,HT1197_URINARY_TRACT,74,0.039118435374981456,0.6413509894061733
X_pca,0.5,afatinib,SNU899_UPPER_AERODIGESTIVE_TRACT,83,0.03698605092570172,0.5490261998521276
X_pca,0.5,afatinib,HCC38_BREAST,200,0.04919817552615619,0.662804433554411
X_pca,0.5,afatinib,SNU308_BILIARY_TRACT,94,0.039517829185655884,0.5884932165450238
X_pca,0.5,afatinib,SW1271_LUNG,115,0.03888947079329583,0.7475595723027768
X_pca,0.5,afatinib,TM31_CENTRAL_NERVOUS_SYSTEM,116,0.027335902330205747,0.7231154246576901
X_pca,0.5,afatinib,NCIH747_LARGE_INTESTINE,80,0.03062275466670409,0.7054843723773956
X_pca,0.5,afatinib,KPNSI9S_AUTONOMIC_GANGLIA,129,0.035347959081644384,0.7307863850002141
X_pca,0.5,afatinib,SQ1_LUNG,238,0.04951543592699215,0.6036075244681174
X_pca,0.5,afatinib,IALM_LUNG,322,0.03529495342892061,0.717989618733803
X_pca,0.5,afatinib,BT474_BREAST,125,0.022811254480905988,0.7294957842826844
X_pca,0.5,afatinib,DKMG_CENTRAL_NERVOUS_SYSTEM,271,0.02523969049723404,0.7753228848710711
X_pca,0.5,afatinib,BT549_BREAST,266,0.039510592403737756,0.7820166893919608
X_pca,0.5,afatinib,BICR6_UPPER_AERODIGESTIVE_TRACT,286,0.05254369365862893,0.5606164322658018
X_pca,0.5,afatinib,SH10TC_STOMACH,351,0.022900748807368424,0.8060042757933635
X_pca,0.5,afatinib,UMUC1_URINARY_TRACT,197,0.0474862206621875,0.5038960772722506
X_pca,0.5,afatinib,LS1034_LARGE_INTESTINE,146,0.02565301329013661,0.6578432835944711
X_pca,0.5,afatinib,CCFSTTG1_CENTRAL_NERVOUS_SYSTEM,246,0.030983095705735,0.7776428785750537
X_pca,0.5,afatinib,NCIH226_LUNG,235,0.05315528552100693,0.7338773095861394
X_pca,0.5,afatinib,LNCAPCLONEFGC_PROSTATE,129,0.027263345348158774,0.7797923725704814
X_pca,0.5,afatinib,RCC10RGB_KIDNEY,233,0.03719355969055311,0.6710025427679136
X_pca,0.5,afatinib,RERFLCAD1_LUNG,243,0.03939360460395046,0.7484749133694809
X_pca,0.5,afatinib,SKMEL2_SKIN,276,0.0470668783224294,0.761298927060072
X_pca,0.5,afatinib,BICR31_UPPER_AERODIGESTIVE_TRACT,248,0.053108829636307704,0.5684424278236204
X_pca,0.5,afatinib,RCM1_LARGE_INTESTINE,128,0.03743220601926021,0.6562701943330467
X_pca,0.5,afatinib,COV434_OVARY,88,0.03149069572207586,0.7024059329520572
X_pca,0.5,afatinib,SNU1079_BILIARY_TRACT,73,0.0452128336468373,0.7503696459613435
X_pca,0.5,afatinib,YD38_UPPER_AERODIGESTIVE_TRACT,624,0.04654676337045426,0.5665557190584831
X_pca,0.5,afatinib,NCIH1299_LUNG,534,0.03628303430804801,0.7572672855987977
X_pca,0.5,afatinib,IGR37_SKIN,347,0.021981350508163144,0.7978659157107131
X_pca,0.5,afatinib,BFTC909_KIDNEY,379,0.03279806256787682,0.8062895360282355
X_pca,0.5,afatinib,NCIH460_LUNG,837,0.03129600208316822,0.6794596547294262
X_pca,0.5,afatinib,IGR1_SKIN,725,0.02739897924125354,0.819613701310651
X_pca,0.5,afatinib,VMCUB1_URINARY_TRACT,478,0.04704715586342138,0.6060232684078576
X_pca,0.5,afatinib,JHOC5_OVARY,145,0.0519134757765208,0.6260071292005737
X_pca,0.5,afatinib,42MGBA_CENTRAL_NERVOUS_SYSTEM,518,0.023340626137013525,0.783195010483495
X_pca,0.5,afatinib,HT1080_SOFT_TISSUE,516,0.04440922147524153,0.7359688277392424
X_pca,0.5,afatinib,LI7_LIVER,196,0.03736634320672012,0.7520072968030462
X_pca,0.5,afatinib,A375_SKIN,593,0.02734498979526777,0.7204860830789472
X_pca,0.5,afatinib,FTC133_THYROID,140,0.03189229907161543,0.7709073109286172
X_pca,0.5,afatinib,OVK18_OVARY,178,0.03805969689943748,0.7432239886080281
X_pca,0.5,afatinib,ACCMESO1_PLEURA,162,0.031577869148114404,0.7993142281049563
X_pca,0.5,afatinib,HMC18_BREAST,293,0.037338247670757954,0.762968621766608
X_pca,0.5,afatinib,TOV112D_OVARY,78,0.025606420380459495,0.7783435644247593
X_pca,0.5,afatinib,JHH6_LIVER,206,0.04296762886691489,0.7052911988739828
X_pca,0.5,afatinib,A2058_SKIN,294,0.031058089573911207,0.8225226629348028
X_pca,0.5,afatinib,NCIH2110_LUNG,1990,0.03883519599526442,0.6786542274544587
X_pca,0.5,afatinib,NCIH650_LUNG,271,0.02995562100552055,0.693578093034315
X_pca,0.5,afatinib,EFE184_ENDOMETRIUM,86,0.03270616367744586,0.6771585359129795
X_pca,0.5,afatinib,HUPT3_PANCREAS,136,0.04065577544705094,0.6829495644744705
X_pca,0.5,afatinib,MDAMB361_BREAST,135,0.0348564397924863,0.7078778412606981
X_pca,0.5,afatinib,BCPAP_THYROID,152,0.03417362276312299,0.7677144894474431
X_pca,0.5,afatinib,PECAPJ49_UPPER_AERODIGESTIVE_TRACT,202,0.04607857117241239,0.46114459751856207
X_pca,0.5,afatinib,EKVX_LUNG,146,0.03458962410563989,0.7336394794999737
X_pca,0.5,afatinib,BICR56_UPPER_AERODIGESTIVE_TRACT,81,0.02811327206436436,0.40439305886810206
X_pca,0.5,afatinib,NCIH2170_LUNG,142,0.0334663856301855,0.6879377142644264
X_pca,0.5,afatinib,DETROIT562_UPPER_AERODIGESTIVE_TRACT,163,0.04330374949655533,0.5723068968284349
X_pca,0.5,afatinib,SW1088_CENTRAL_NERVOUS_SYSTEM,128,0.030056944666402113,0.8045802032575011
X_pca,0.5,afatinib,BHY_UPPER_AERODIGESTIVE_TRACT,145,0.046922409833695417,0.4852147492869147
X_pca,0.5,afatinib,CAS1_CENTRAL_NERVOUS_SYSTEM,133,0.034306540638739974,0.7404357705797467
X_pca,0.5,afatinib,HCC1428_BREAST,127,0.03469881327588072,0.7447915241474242
X_pca,0.5,afatinib,HDQP1_BREAST,64,0.040100459367476325,0.6965655721724033
X_pca,0.5,afatinib,OSRC2_KIDNEY,126,0.03253902393499283,0.7074926282678332
X_pca,0.5,afatinib,HUPT4_PANCREAS,56,0.06580299137530389,0.6645226457289287
X_pca,0.5,afatinib,TCCSUP_URINARY_TRACT,316,0.029930593792992854,0.742449668766577
X_pca,0.5,afatinib,VMRCRCZ_KIDNEY,300,0.034481031235676356,0.7251876153548559
X_pca,0.5,afatinib,PK59_PANCREAS,174,0.0427438161779368,0.7544006304494266
X_pca,0.5,afatinib,HUH6_LIVER,338,0.025169671742075322,0.7302708283683957
X_pca,0.5,afatinib,MSTO211H_PLEURA,297,0.04019769675677303,0.7956967327731226
X_pca,0.5,afatinib,HS852T_SKIN,162,0.020938010160838808,0.7557971735059479
X_pca,0.5,afatinib,SKMEL30_SKIN,353,0.03690283333354219,0.7675620045607894
X_pca,0.5,afatinib,T47D_BREAST,221,0.03202185558475861,0.8007799311460952
X_pca,0.5,afatinib,CALU6_LUNG,258,0.02141898396187684,0.7755342574082604
X_pca,0.5,afatinib,NCIH522_LUNG,208,0.02865793038347893,0.7433530163879578
X_pca,0.5,afatinib,LMSU_STOMACH,255,0.029476554245660647,0.7389475058106815
X_pca,0.5,afatinib,SNUC4_LARGE_INTESTINE,467,0.03576675476229204,0.6561160280311389
X_pca,0.5,afatinib,RVH421_SKIN,239,0.02285076489720186,0.8128941530463087
X_pca,0.5,afatinib,OVSAHO_OVARY,227,0.03346915905113662,0.7255999143953366
X_pca,0.5,afatinib,GOS3_CENTRAL_NERVOUS_SYSTEM,191,0.02599909135912317,0.7743192043604027
X_pca,0.5,afatinib,SNU738_CENTRAL_NERVOUS_SYSTEM,379,0.04009714264752005,0.7763478751232882
X_pca,0.5,afatinib,PC3_PROSTATE,169,0.04816116241793187,0.7806673141626211
X_pca,0.5,afatinib,PATU8988S_PANCREAS,244,0.025937985095057733,0.7405552175201353
X_pca,0.5,afatinib,OVTOKO_OVARY,209,0.028945251686782754,0.6833928854841935
X_pca,0.5,afatinib,TE1_OESOPHAGUS,206,0.03261684835585572,0.6615147949422447
X_pca,0.5,afatinib,NCIH2087_LUNG,219,0.049097181869959934,0.6314614004196097
X_pca,0.5,afatinib,EFM192A_BREAST,333,0.033743480178911885,0.7713651385035243
X_pca,0.5,afatinib,SNU423_LIVER,212,0.024335132353874484,0.7703764964387102
X_pca,0.5,afatinib,KPL1_BREAST,276,0.015917584623155945,0.748659176239069
X_pca,0.5,afatinib,NCIH358_LUNG,336,0.04117717763583234,0.681295069200652
X_pca,0.5,afatinib,COLO792_SKIN,271,0.028472173005845536,0.7578635838198926
X_pca,0.5,afatinib,KYSE520_OESOPHAGUS,323,0.042939603206141895,0.6172294107383988
X_pca,0.5,afatinib,KMRC3_KIDNEY,245,0.03516646025761841,0.7865954396676044
X_pca,0.5,afatinib,MKN7_STOMACH,258,0.04045578144618156,0.6891817071641139
X_pca,0.5,afatinib,NCIH1944_LUNG,414,0.03013050896851609,0.756848625946736
X_pca,0.5,afatinib,TE6_OESOPHAGUS,551,0.041091770347299925,0.6476574952286515
X_pca,0.5,afatinib,ZR751_BREAST,309,0.03021766147527408,0.7450832228830331
X_pca,0.5,afatinib,PANC0203_PANCREAS,506,0.05080590405691092,0.596466559548623
X_pca,0.5,afatinib,SW1990_PANCREAS,307,0.03988141991017958,0.7649989774638745
X_pca,0.5,afatinib,RD_SOFT_TISSUE,261,0.04034606631281571,0.7402035890867884
X_pca,0.5,afatinib,NCIH1792_LUNG,111,0.032125326231999166,0.7817482207272504
X_pca,0.5,afatinib,PK45H_PANCREAS,271,0.025878474158730607,0.7551150885015396
X_pca,0.5,afatinib,LS180_LARGE_INTESTINE,361,0.0287401651916227,0.6398176540958584
X_pca,0.5,afatinib,RERFLCAI_LUNG,763,0.020455658239058955,0.7871901142956544
X_pca,0.5,afatinib,CAMA1_BREAST,291,0.025788202421505327,0.7441591341880589
X_pca,0.5,afatinib,SNU449_LIVER,282,0.03803492391411034,0.662225918566927
X_pca,0.5,afatinib,A204_SOFT_TISSUE,250,0.026078790563865483,0.7890357456207275
X_pca,0.5,afatinib,MKN45_STOMACH,118,0.03259783766862246,0.6350485232927031
X_pca,0.5,afatinib,HEP3B217_LIVER,118,0.031458673417503705,0.6981491300009065
X_pca,0.5,afatinib,HOS_BONE,829,0.02871966562957267,0.7806093817165591
X_pca,0.5,afatinib,EBC1_LUNG,186,0.0421964239310636,0.6473159815675469
X_pca,0.5,afatinib,NCIH292_LUNG,213,0.03650331505640738,0.566509466216038
X_pca,0.5,afatinib,OUMS23_LARGE_INTESTINE,107,0.03930108811646022,0.7452368513445988
X_pca,0.5,afatinib,HEC151_ENDOMETRIUM,250,0.03967647619677607,0.6696905539035797
X_pca,0.5,afatinib,NCIH1373_LUNG,164,0.040437665598218424,0.6904424348982369
X_pca,0.5,afatinib,TE9_OESOPHAGUS,248,0.030961144006928818,0.5841831103447945
X_pca,0.5,afatinib,HCC56_LARGE_INTESTINE,99,0.028622874492986315,0.6431106636018464
X_pca,0.5,afatinib,HT55_LARGE_INTESTINE,211,0.0258797366965518,0.6716049886992758
X_pca,0.5,afatinib,RT4_URINARY_TRACT,106,0.02896279247554057,0.7385246101415383
X_pca,0.5,afatinib,SKES1_BONE,91,0.028834987193825583,0.7588567366966834
X_pca,0.5,afatinib,NCIH1435_LUNG,267,0.03994930678172617,0.6207179759772082
X_pca,0.5,afatinib,8305C_THYROID,459,0.03089078416341318,0.785398602745372
X_pca,0.5,afatinib,NCIH2228_LUNG,367,0.04809584236729884,0.639253130400863
X_pca,0.5,afatinib,TE10_OESOPHAGUS,219,0.04150148826134414,0.5652861078035886
X_pca,0.5,afatinib,ASPC1_PANCREAS,290,0.025097600471662936,0.6963591162500711
X_pca,0.5,afatinib,HCC366_LUNG,202,0.026128159436217633,0.719433320630895
X_pca,0.5,afatinib,BICR16_UPPER_AERODIGESTIVE_TRACT,212,0.04673506945174693,0.4836951565911185
X_pca,0.5,afatinib,HEC6_ENDOMETRIUM,161,0.03737129325553692,0.6638445039713605
X_pca,0.5,afatinib,KALS1_CENTRAL_NERVOUS_SYSTEM,288,0.024921716516229635,0.7741804731388887
X_pca,0.5,afatinib,NCIH2444_LUNG,237,0.03941450217404276,0.6612037933325465
X_pca,0.5,afatinib,SNU46_UPPER_AERODIGESTIVE_TRACT,236,0.06787619972356859,0.6837538476970236
X_pca,0.5,afatinib,OAW28_OVARY,161,0.030441765966097437,0.6276794035242211
X_pca,0.5,afatinib,SNU1214_UPPER_AERODIGESTIVE_TRACT,188,0.043176512302075226,0.4534336412523655
X_pca,0.5,afatinib,SKMEL5_SKIN,297,0.02131607623075053,0.7913200847227565
X_pca,0.5,afatinib,OVCAR4_OVARY,283,0.035839239785858845,0.6264250299534613
X_pca,0.5,afatinib,UACC257_SKIN,239,0.03096006739363503,0.7429227130682399
X_pca,0.5,afatinib,ONCODG1_OVARY,270,0.024026882504054783,0.710601932031137
X_pca,0.5,afatinib,HUH28_BILIARY_TRACT,139,0.025127670476601853,0.746308581005755
X_pca,0.5,afatinib,IM95_STOMACH,185,0.028929014971147752,0.6569398300067798
X_pca,0.5,afatinib,TE14_OESOPHAGUS,474,0.03881802173599481,0.4943778286629085
X_pca,0.5,afatinib,CAKI2_KIDNEY,278,0.029320015756642562,0.7017615173789237
X_pca,0.5,afatinib,SU8686_PANCREAS,82,0.03612588571578936,0.6515655677493025
X_pca,0.5,afatinib,SCC25_UPPER_AERODIGESTIVE_TRACT,898,0.029987519297166348,0.614894400394308
X_pca,0.5,afatinib,SCC9_UPPER_AERODIGESTIVE_TRACT,475,0.03710674550943189,0.7202310395240784
X_pca,1.0,doxorubicin,NCIH2126_LUNG,264,0.03290222220469445,0.5348661878343784
X_pca,1.0,doxorubicin,SW579_THYROID,217,0.03553709403564004,0.5728250656809125
X_pca,1.0,doxorubicin,NCIH446_LUNG,196,0.04956032707837147,0.44682071510018134
X_pca,1.0,doxorubicin,HEC251_ENDOMETRIUM,107,0.04043674172448481,0.6143983624805914
X_pca,1.0,doxorubicin,MFE319_ENDOMETRIUM,191,0.05226141929810295,0.5237643117992041
X_pca,1.0,doxorubicin,SKNAS_AUTONOMIC_GANGLIA,226,0.03863279396487327,0.4584203991478523
X_pca,1.0,doxorubicin,NCIH2452_PLEURA,538,0.04135216597797781,0.5994392523756701
X_pca,1.0,doxorubicin,COLO741_SKIN,329,0.03633314819129881,0.5880010237628566
X_pca,1.0,doxorubicin,KNS42_CENTRAL_NERVOUS_SYSTEM,172,0.034515738369463915,0.5470082082374151
X_pca,1.0,doxorubicin,MCF7_BREAST,143,0.02874536087175586,0.7718325173938191
X_pca,1.0,doxorubicin,HT1197_URINARY_TRACT,74,0.03864383639035109,0.606577082260235
X_pca,1.0,doxorubicin,SNU899_UPPER_AERODIGESTIVE_TRACT,83,0.02740690468885399,0.4624381639871253
X_pca,1.0,doxorubicin,HCC38_BREAST,200,0.03951226576616745,0.5836324141919613
X_pca,1.0,doxorubicin,SNU308_BILIARY_TRACT,94,0.03151818801705682,0.5816353033197686
X_pca,1.0,doxorubicin,SW1271_LUNG,115,0.03888926281441274,0.6058793308942214
X_pca,1.0,doxorubicin,TM31_CENTRAL_NERVOUS_SYSTEM,116,0.03301482939746539,0.5542012982327362
X_pca,1.0,doxorubicin,NCIH747_LARGE_INTESTINE,80,0.03306115913512966,0.6732497565448284
X_pca,1.0,doxorubicin,KPNSI9S_AUTONOMIC_GANGLIA,129,0.03504721974571986,0.5265602612680242
X_pca,1.0,doxorubicin,SQ1_LUNG,238,0.04775016598184656,0.582857258555268
X_pca,1.0,doxorubicin,IALM_LUNG,322,0.04559429650827518,0.5449554573119797
X_pca,1.0,doxorubicin,BT474_BREAST,125,0.035456091276340376,0.652768361568451
X_pca,1.0,doxorubicin,DKMG_CENTRAL_NERVOUS_SYSTEM,271,0.03607977742230922,0.5389420277957987
X_pca,1.0,doxorubicin,BT549_BREAST,266,0.04153368117730118,0.5723777935469061
X_pca,1.0,doxorubicin,BICR6_UPPER_AERODIGESTIVE_TRACT,286,0.040143837559186483,0.5787996924840487
X_pca,1.0,doxorubicin,SH10TC_STOMACH,351,0.037489987800107476,0.7010992680519734
X_pca,1.0,doxorubicin,UMUC1_URINARY_TRACT,197,0.031267229170443854,0.5575404917528182
X_pca,1.0,doxorubicin,LS1034_LARGE_INTESTINE,146,0.03461445628056915,0.6696633239314981
X_pca,1.0,doxorubicin,CCFSTTG1_CENTRAL_NERVOUS_SYSTEM,246,0.03482588845091467,0.5325832936337324
X_pca,1.0,doxorubicin,NCIH226_LUNG,235,0.04330433152237158,0.5997201097772477
X_pca,1.0,doxorubicin,LNCAPCLONEFGC_PROSTATE,129,0.037179690987519165,0.5827926972577738
X_pca,1.0,doxorubicin,RCC10RGB_KIDNEY,233,0.036509107685028616,0.6506850085033368
X_pca,1.0,doxorubicin,RERFLCAD1_LUNG,243,0.04647536898043567,0.6554850239322019
X_pca,1.0,doxorubicin,SKMEL2_SKIN,276,0.0395517742530675,0.557008923827738
X_pca,1.0,doxorubicin,BICR31_UPPER_AERODIGESTIVE_TRACT,248,0.04070931617279137,0.5621453410675449
X_pca,1.0,doxorubicin,RCM1_LARGE_INTESTINE,128,0.033726541483602046,0.6486209095455706
X_pca,1.0,doxorubicin,COV434_OVARY,88,0.036068337162983174,0.4728795855560086
X_pca,1.0,doxorubicin,SNU1079_BILIARY_TRACT,73,0.05806882719702738,0.6492107473824122
X_pca,1.0,doxorubicin,YD38_UPPER_AERODIGESTIVE_TRACT,624,0.0320459189021281,0.5290838302805637
X_pca,1.0,doxorubicin,NCIH1299_LUNG,534,0.04301705397820086,0.5379250626662251
X_pca,1.0,doxorubicin,IGR37_SKIN,347,0.03254195250271338,0.6641704503672268
X_pca,1.0,doxorubicin,BFTC909_KIDNEY,379,0.050832286245378284,0.6308727737781555
X_pca,1.0,doxorubicin,NCIH460_LUNG,837,0.03886352517363657,0.46922273536879244
X_pca,1.0,doxorubicin,IGR1_SKIN,725,0.033262075592007834,0.6044296616521375
X_pca,1.0,doxorubicin,VMCUB1_URINARY_TRACT,478,0.03550021430275249,0.5356085504946848
X_pca,1.0,doxorubicin,JHOC5_OVARY,145,0.049370770772560434,0.6315999294149465
X_pca,1.0,doxorubicin,42MGBA_CENTRAL_NERVOUS_SYSTEM,518,0.036449241119939184,0.47431062639450017
X_pca,1.0,doxorubicin,HT1080_SOFT_TISSUE,516,0.03608912765878827,0.5438524907989095
X_pca,1.0,doxorubicin,LI7_LIVER,196,0.041768292129665235,0.6071915830276451
X_pca,1.0,doxorubicin,A375_SKIN,593,0.04911232102862312,0.6021512954874344
X_pca,1.0,doxorubicin,FTC133_THYROID,140,0.051343778044658894,0.6675225187625203
X_pca,1.0,doxorubicin,OVK18_OVARY,178,0.03152726264819527,0.5602808760458164
X_pca,1.0,doxorubicin,ACCMESO1_PLEURA,162,0.0497352012988877,0.6477358205082976
X_pca,1.0,doxorubicin,HMC18_BREAST,293,0.04216261855894257,0.537985143604539
X_pca,1.0,doxorubicin,TOV112D_OVARY,78,0.041929559517965405,0.47803060901470673
X_pca,1.0,doxorubicin,JHH6_LIVER,206,0.0508161202168335,0.5898181823561492
X_pca,1.0,doxorubicin,A2058_SKIN,294,0.04075285725758821,0.6180543938056141
X_pca,1.0,doxorubicin,NCIH2110_LUNG,1990,0.03685771911589349,0.5545670339360309
X_pca,1.0,doxorubicin,NCIH650_LUNG,271,0.037622927678105725,0.6456575989723206
X_pca,1.0,doxorubicin,EFE184_ENDOMETRIUM,86,0.03384315145053697,0.6242724345173947
X_pca,1.0,doxorubicin,HUPT3_PANCREAS,136,0.046895118722093725,0.6738622368258589
X_pca,1.0,doxorubicin,MDAMB361_BREAST,135,0.03260247798576236,0.6459969820799651
X_pca,1.0,doxorubicin,BCPAP_THYROID,152,0.043160515356239715,0.6072916964951315
X_pca,1.0,doxorubicin,PECAPJ49_UPPER_AERODIGESTIVE_TRACT,202,0.03177004390718098,0.5441116906038606
X_pca,1.0,doxorubicin,EKVX_LUNG,146,0.04340894583747852,0.5391782164981921
X_pca,1.0,doxorubicin,BICR56_UPPER_AERODIGESTIVE_TRACT,81,0.02335448786601325,0.4616863547283926
X_pca,1.0,doxorubicin,NCIH2170_LUNG,142,0.03556575549740184,0.5209634490835835
X_pca,1.0,doxorubicin,DETROIT562_UPPER_AERODIGESTIVE_TRACT,163,0.03467939695453712,0.47503915813071595
X_pca,1.0,doxorubicin,SW1088_CENTRAL_NERVOUS_SYSTEM,128,0.04176051577728554,0.5233378983102739
X_pca,1.0,doxorubicin,BHY_UPPER_AERODIGESTIVE_TRACT,145,0.033551448228748955,0.5132438355478747
X_pca,1.0,doxorubicin,CAS1_CENTRAL_NERVOUS_SYSTEM,133,0.03978340618211732,0.5312573652070268
X_pca,1.0,doxorubicin,HCC1428_BREAST,127,0.025260382344699253,0.6385733048746906
X_pca,1.0,doxorubicin,HDQP1_BREAST,64,0.04012467234267052,0.614336047321558
X_pca,1.0,doxorubicin,OSRC2_KIDNEY,126,0.032664428798849746,0.7390275857751332
X_pca,1.0,doxorubicin,HUPT4_PANCREAS,56,0.03761858020982093,0.6173122887100492
X_pca,1.0,doxorubicin,TCCSUP_URINARY_TRACT,316,0.044397106485042276,0.5605029907973507
X_pca,1.0,doxorubicin,VMRCRCZ_KIDNEY,300,0.04267671696292364,0.6336938438812891
X_pca,1.0,doxorubicin,PK59_PANCREAS,174,0.03438152351650042,0.6828490601873946
X_pca,1.0,doxorubicin,HUH6_LIVER,338,0.033888121436362155,0.6168828855252125
X_pca,1.0,doxorubicin,MSTO211H_PLEURA,297,0.03467057902003494,0.5134458107378347
X_pca,1.0,doxorubicin,HS852T_SKIN,162,0.04160093551374808,0.6312913063131733
X_pca,1.0,doxorubicin,SKMEL30_SKIN,353,0.0353761883659267,0.5889481009741343
X_pca,1.0,doxorubicin,T47D_BREAST,221,0.03794933707973486,0.6582354274810169
X_pca,1.0,doxorubicin,CALU6_LUNG,258,0.04777160531082617,0.630804409236871
X_pca,1.0,doxorubicin,NCIH522_LUNG,208,0.04072638036481387,0.4912692259710569
X_pca,1.0,doxorubicin,LMSU_STOMACH,255,0.035755425622369386,0.4646180965152441
X_pca,1.0,doxorubicin,SNUC4_LARGE_INTESTINE,467,0.022754682886026115,0.5781483880585215
X_pca,1.0,doxorubicin,RVH421_SKIN,239,0.03302729778247579,0.6238268142464769
X_pca,1.0,doxorubicin,OVSAHO_OVARY,227,0.04640902109055468,0.6279636474432925
X_pca,1.0,doxorubicin,GOS3_CENTRAL_NERVOUS_SYSTEM,191,0.03938587397407462,0.5883718872569619
X_pca,1.0,doxorubicin,SNU738_CENTRAL_NERVOUS_SYSTEM,379,0.04413947913460851,0.6484666338539375
X_pca,1.0,doxorubicin,PC3_PROSTATE,169,0.05532880457042057,0.6267252382794781
X_pca,1.0,doxorubicin,PATU8988S_PANCREAS,244,0.03931376175775832,0.7007538485722463
X_pca,1.0,doxorubicin,OVTOKO_OVARY,209,0.039015432346907866,0.6122382559844751
X_pca,1.0,doxorubicin,TE1_OESOPHAGUS,206,0.03149497760318371,0.5787277431453316
X_pca,1.0,doxorubicin,NCIH2087_LUNG,219,0.04149531515054639,0.5804560911165525
X_pca,1.0,doxorubicin,EFM192A_BREAST,333,0.02751288979499245,0.6208201043598645
X_pca,1.0,doxorubicin,SNU423_LIVER,212,0.037458286966393396,0.6441995268160442
X_pca,1.0,doxorubicin,KPL1_BREAST,276,0.0289500820769576,0.641264731037444
X_pca,1.0,doxorubicin,NCIH358_LUNG,336,0.04875553757455351,0.6184521935702789
X_pca,1.0,doxorubicin,COLO792_SKIN,271,0.03516438061721788,0.6323281392400115
X_pca,1.0,doxorubicin,KYSE520_OESOPHAGUS,323,0.03360278960439838,0.5101593835250512
X_pca,1.0,doxorubicin,KMRC3_KIDNEY,245,0.042993354613007,0.7230325458001118
X_pca,1.0,doxorubicin,MKN7_STOMACH,258,0.041173852696420106,0.6884400112222332
X_pca,1.0,doxorubicin,NCIH1944_LUNG,414,0.04338736609459108,0.5752683338047802
X_pca,1.0,doxorubicin,TE6_OESOPHAGUS,551,0.04000967956207746,0.5072581872966025
X_pca,1.0,doxorubicin,ZR751_BREAST,309,0.04119477036636191,0.5856276720665805
X_pca,1.0,doxorubicin,PANC0203_PANCREAS,506,0.04613029809020586,0.5787181141583816
X_pca,1.0,doxorubicin,SW1990_PANCREAS,307,0.03992980328856856,0.7186514876952778
X_pca,1.0,doxorubicin,RD_SOFT_TISSUE,261,0.04035886570036893,0.5368183160421949
X_pca,1.0,doxorubicin,NCIH1792_LUNG,111,0.03936771661135993,0.5350581681406176
X_pca,1.0,doxorubicin,PK45H_PANCREAS,271,0.03129360437561204,0.649498090532873
X_pca,1.0,doxorubicin,LS180_LARGE_INTESTINE,361,0.03469122579271281,0.6762005113828876
X_pca,1.0,doxorubicin,RERFLCAI_LUNG,763,0.036743179706550354,0.7047339791082929
X_pca,1.0,doxorubicin,CAMA1_BREAST,291,0.035128940873434704,0.6337645920281557
X_pca,1.0,doxorubicin,SNU449_LIVER,282,0.043102321275743115,0.5987369752099329
X_pca,1.0,doxorubicin,A204_SOFT_TISSUE,250,0.03518003053956939,0.5424178873300552
X_pca,1.0,doxorubicin,MKN45_STOMACH,118,0.04435949923980587,0.6079890225398339
X_pca,1.0,doxorubicin,HEP3B217_LIVER,118,0.03857239023231176,0.500403759338088
X_pca,1.0,doxorubicin,HOS_BONE,829,0.03553454664332044,0.5245558047539075
X_pca,1.0,doxorubicin,EBC1_LUNG,186,0.04871915190454308,0.6122486677861982
X_pca,1.0,doxorubicin,NCIH292_LUNG,213,0.0315558674043066,0.5424630334119842
X_pca,1.0,doxorubicin,OUMS23_LARGE_INTESTINE,107,0.023895162878415213,0.6033641384026714
X_pca,1.0,doxorubicin,HEC151_ENDOMETRIUM,250,0.03711356024717373,0.6329280436038971
X_pca,1.0,doxorubicin,NCIH1373_LUNG,164,0.05605031913386857,0.6482166309909123
X_pca,1.0,doxorubicin,TE9_OESOPHAGUS,248,0.028845937100922855,0.4845480405755581
X_pca,1.0,doxorubicin,HCC56_LARGE_INTESTINE,99,0.031270664602452605,0.6693310876085301
X_pca,1.0,doxorubicin,HT55_LARGE_INTESTINE,211,0.035190239955840065,0.6757701646660177
X_pca,1.0,doxorubicin,RT4_URINARY_TRACT,106,0.019487199831442484,0.5793650054706717
X_pca,1.0,doxorubicin,SKES1_BONE,91,0.0359169705675173,0.5210764296762236
X_pca,1.0,doxorubicin,NCIH1435_LUNG,267,0.040592660760092616,0.5714349078105183
X_pca,1.0,doxorubicin,8305C_THYROID,459,0.04896366601428612,0.587823834359516
X_pca,1.0,doxorubicin,NCIH2228_LUNG,367,0.0478116024706447,0.5954342201879953
X_pca,1.0,doxorubicin,TE10_OESOPHAGUS,219,0.024743634831067115,0.5624204150073604
X_pca,1.0,doxorubicin,ASPC1_PANCREAS,290,0.030385420815934816,0.6438440594179877
X_pca,1.0,doxorubicin,HCC366_LUNG,202,0.03873041568578838,0.6501852790317914
X_pca,1.0,doxorubicin,BICR16_UPPER_AERODIGESTIVE_TRACT,212,0.027514938064353192,0.5492228761596499
X_pca,1.0,doxorubicin,HEC6_ENDOMETRIUM,161,0.03801598804599097,0.5623660126458043
X_pca,1.0,doxorubicin,KALS1_CENTRAL_NERVOUS_SYSTEM,288,0.03611209273036372,0.5799859777713815
X_pca,1.0,doxorubicin,NCIH2444_LUNG,237,0.04288169049864718,0.648611638616409
X_pca,1.0,doxorubicin,SNU46_UPPER_AERODIGESTIVE_TRACT,236,0.03487746472539668,0.5865719099923715
X_pca,1.0,doxorubicin,OAW28_OVARY,161,0.02987265764988415,0.6136479736855311
X_pca,1.0,doxorubicin,SNU1214_UPPER_AERODIGESTIVE_TRACT,188,0.034089854946354255,0.5485623153917333
X_pca,1.0,doxorubicin,SKMEL5_SKIN,297,0.03100896984337932,0.6756817989477806
X_pca,1.0,doxorubicin,OVCAR4_OVARY,283,0.03952940135945458,0.632113219781815
X_pca,1.0,doxorubicin,UACC257_SKIN,239,0.027136913743227076,0.5560241251809827
X_pca,1.0,doxorubicin,ONCODG1_OVARY,270,0.034172176753846255,0.626422815852695
X_pca,1.0,doxorubicin,HUH28_BILIARY_TRACT,139,0.03418233945572988,0.5846956961875339
X_pca,1.0,doxorubicin,IM95_STOMACH,185,0.030098112911825875,0.5945071884103723
X_pca,1.0,doxorubicin,TE14_OESOPHAGUS,474,0.03408428101002197,0.5093387465939743
X_pca,1.0,doxorubicin,CAKI2_KIDNEY,278,0.03309349502568094,0.6520798523649037
X_pca,1.0,doxorubicin,SU8686_PANCREAS,82,0.03536837661297221,0.6511792911262047
X_pca,1.0,doxorubicin,SCC25_UPPER_AERODIGESTIVE_TRACT,898,0.02571637874413553,0.5102496310437974
X_pca,1.0,doxorubicin,SCC9_UPPER_AERODIGESTIVE_TRACT,475,0.04123325951937178,0.5568087117922933
X_pca,1.0,platin,NCIH2126_LUNG,264,0.015422889495648611,0.977094809214274
X_pca,1.0,platin,SW579_THYROID,217,0.012723500151485406,0.987487731166699
X_pca,1.0,platin,NCIH446_LUNG,196,0.01536153475010918,0.995307092155729
X_pca,1.0,platin,HEC251_ENDOMETRIUM,107,0.014270949619555903,0.9697946672127625
X_pca,1.0,platin,MFE319_ENDOMETRIUM,191,0.019874964406108364,0.9856876081821182
X_pca,1.0,platin,SKNAS_AUTONOMIC_GANGLIA,226,0.0190728641376393,0.9675689806452895
X_pca,1.0,platin,NCIH2452_PLEURA,538,0.016488351031016393,0.9659205960961522
X_pca,1.0,platin,COLO741_SKIN,329,0.012416733343354556,1.0242593701487255
X_pca,1.0,platin,KNS42_CENTRAL_NERVOUS_SYSTEM,172,0.01920270155459895,0.9631886606992677
X_pca,1.0,platin,MCF7_BREAST,143,0.024338917484362996,1.039237881873871
X_pca,1.0,platin,HT1197_URINARY_TRACT,74,0.02119209703765055,0.9401773109629348
X_pca,1.0,platin,SNU899_UPPER_AERODIGESTIVE_TRACT,83,0.01250124682736295,0.9497480571988117
X_pca,1.0,platin,HCC38_BREAST,200,0.02071934719005717,0.9689625218510628
X_pca,1.0,platin,SNU308_BILIARY_TRACT,94,0.018289888769232533,0.9454827727155483
X_pca,1.0,platin,SW1271_LUNG,115,0.01920866157841336,0.9702630271082339
X_pca,1.0,platin,TM31_CENTRAL_NERVOUS_SYSTEM,116,0.018022836950889257,0.977538046651873
X_pca,1.0,platin,NCIH747_LARGE_INTESTINE,80,0.016649961502130918,0.9888298436999321
X_pca,1.0,platin,KPNSI9S_AUTONOMIC_GANGLIA,129,0.01809964819376718,0.9836084551589434
X_pca,1.0,platin,SQ1_LUNG,238,0.01563566901383395,0.9745178054861662
X_pca,1.0,platin,IALM_LUNG,322,0.02311578733671674,0.9562018974597409
X_pca,1.0,platin,BT474_BREAST,125,0.017260758798000334,0.9959050450325012
X_pca,1.0,platin,DKMG_CENTRAL_NERVOUS_SYSTEM,271,0.015378332085709824,0.9523982717982078
X_pca,1.0,platin,BT549_BREAST,266,0.01767189666932774,0.9684109932049773
X_pca,1.0,platin,BICR6_UPPER_AERODIGESTIVE_TRACT,286,0.020427928760869175,0.9598356229025167
X_pca,1.0,platin,SH10TC_STOMACH,351,0.018508993298452143,0.9526671521004788
X_pca,1.0,platin,UMUC1_URINARY_TRACT,197,0.01735606113564816,0.9625004965641777
X_pca,1.0,platin,LS1034_LARGE_INTESTINE,146,0.018352074725163037,0.9983210257471424
X_pca,1.0,platin,CCFSTTG1_CENTRAL_NERVOUS_SYSTEM,246,0.0168382393507105,0.9564976282720643
X_pca,1.0,platin,NCIH226_LUNG,235,0.017652405921086013,0.9584991602187461
X_pca,1.0,platin,LNCAPCLONEFGC_PROSTATE,129,0.016517127116120512,0.9949875437012015
X_pca,1.0,platin,RCC10RGB_KIDNEY,233,0.020845689086334305,0.9392733673681005
X_pca,1.0,platin,RERFLCAD1_LUNG,243,0.02589354767212138,0.943070135979986
X_pca,1.0,platin,SKMEL2_SKIN,276,0.022149677888854614,0.9875653891459756
X_pca,1.0,platin,BICR31_UPPER_AERODIGESTIVE_TRACT,248,0.014959808971659803,0.9741517757215807
X_pca,1.0,platin,RCM1_LARGE_INTESTINE,128,0.013183971669027215,0.9855255703441799
X_pca,1.0,platin,COV434_OVARY,88,0.01914259226100589,0.957543017512018
X_pca,1.0,platin,SNU1079_BILIARY_TRACT,73,0.024155030925216082,0.9731094437102749
X_pca,1.0,platin,YD38_UPPER_AERODIGESTIVE_TRACT,624,0.02084345901680174,0.9530960287994299
X_pca,1.0,platin,NCIH1299_LUNG,534,0.020894505300509004,0.9992232176471739
X_pca,1.0,platin,IGR37_SKIN,347,0.018039531502602305,1.0402771950798695
X_pca,1.0,platin,BFTC909_KIDNEY,379,0.022357954319955034,0.962211088171735
X_pca,1.0,platin,NCIH460_LUNG,837,0.013366142642956208,1.009497672568655
X_pca,1.0,platin,IGR1_SKIN,725,0.01586075559944946,1.0155232540492354
X_pca,1.0,platin,VMCUB1_URINARY_TRACT,478,0.023429618148828216,0.9657095138248539
X_pca,1.0,platin,JHOC5_OVARY,145,0.024318249108526348,0.9764310738136028
X_pca,1.0,platin,42MGBA_CENTRAL_NERVOUS_SYSTEM,518,0.019366075222047648,0.9512780659677439
X_pca,1.0,platin,HT1080_SOFT_TISSUE,516,0.017827099097457163,0.966531158764233
X_pca,1.0,platin,LI7_LIVER,196,0.02218705755241463,1.000931231038911
X_pca,1.0,platin,A375_SKIN,593,0.01732034868139441,0.9946913060812282
X_pca,1.0,platin,FTC133_THYROID,140,0.017432515424138574,1.0087108620575496
X_pca,1.0,platin,OVK18_OVARY,178,0.017203624459415208,0.9961479172277986
X_pca,1.0,platin,ACCMESO1_PLEURA,162,0.018614508562400385,0.986066781444314
X_pca,1.0,platin,HMC18_BREAST,293,0.018742942291776556,0.9778279102703004
X_pca,1.0,platin,TOV112D_OVARY,78,0.015096169830074615,0.9796322805759234
X_pca,1.0,platin,JHH6_LIVER,206,0.013357434867195024,1.0088087554695537
X_pca,1.0,platin,A2058_SKIN,294,0.021695527387407956,0.9991695359856093
X_pca,1.0,platin,NCIH2110_LUNG,1990,0.016126568988608786,0.966142901373868
X_pca,1.0,platin,NCIH650_LUNG,271,0.017931764092744246,0.9525596985517832
X_pca,1.0,platin,EFE184_ENDOMETRIUM,86,0.021148916229841525,0.9896991294483806
X_pca,1.0,platin,HUPT3_PANCREAS,136,0.025277814812868123,1.0105410958914196
X_pca,1.0,platin,MDAMB361_BREAST,135,0.01860373698115406,1.0133866698653609
X_pca,1.0,platin,BCPAP_THYROID,152,0.0224939333584929,0.9886070423220333
X_pca,1.0,platin,PECAPJ49_UPPER_AERODIGESTIVE_TRACT,202,0.018194820314121386,0.9554991754564909
X_pca,1.0,platin,EKVX_LUNG,146,0.020941556240031172,0.9699519513404533
X_pca,1.0,platin,BICR56_UPPER_AERODIGESTIVE_TRACT,81,0.011641613702172433,0.97161262344431
X_pca,1.0,platin,NCIH2170_LUNG,142,0.02014544621378401,0.9688770792014162
X_pca,1.0,platin,DETROIT562_UPPER_AERODIGESTIVE_TRACT,163,0.015102484944318435,0.9562098029201016
X_pca,1.0,platin,SW1088_CENTRAL_NERVOUS_SYSTEM,128,0.01919634194566685,0.9719519573263824
X_pca,1.0,platin,BHY_UPPER_AERODIGESTIVE_TRACT,145,0.013840524062236377,0.9573995109262138
X_pca,1.0,platin,CAS1_CENTRAL_NERVOUS_SYSTEM,133,0.016473305033497563,0.9498783475474307
X_pca,1.0,platin,HCC1428_BREAST,127,0.01791478298267865,0.9811760224695281
X_pca,1.0,platin,HDQP1_BREAST,64,0.01506488072886025,0.98382952157408
X_pca,1.0,platin,OSRC2_KIDNEY,126,0.011661188325829784,1.0228078729576535
X_pca,1.0,platin,HUPT4_PANCREAS,56,0.02267929459502773,0.9542806276253292
X_pca,1.0,platin,TCCSUP_URINARY_TRACT,316,0.014833460972552831,0.9703084558625764
X_pca,1.0,platin,VMRCRCZ_KIDNEY,300,0.02385317123980944,1.0078989372650782
X_pca,1.0,platin,PK59_PANCREAS,174,0.01943920322834727,0.949889951738818
X_pca,1.0,platin,HUH6_LIVER,338,0.019764970399039662,0.9790461888680091
X_pca,1.0,platin,MSTO211H_PLEURA,297,0.01817095456904023,0.9447492399199643
X_pca,1.0,platin,HS852T_SKIN,162,0.013481947977792251,0.9999743037753634
X_pca,1.0,platin,SKMEL30_SKIN,353,0.018119813753905527,0.9897626462806723
X_pca,1.0,platin,T47D_BREAST,221,0.020854022369404833,0.9986538323341991
X_pca,1.0,platin,CALU6_LUNG,258,0.014047029156146702,0.9931029194547224
X_pca,1.0,platin,NCIH522_LUNG,208,0.016153839225866502,0.9747367899578351
X_pca,1.0,platin,LMSU_STOMACH,255,0.01435490608697922,0.9763131517989962
X_pca,1.0,platin,SNUC4_LARGE_INTESTINE,467,0.013836037917692381,0.97243681033112
X_pca,1.0,platin,RVH421_SKIN,239,0.021673574638950043,0.9943441289738132
X_pca,1.0,platin,OVSAHO_OVARY,227,0.022954052398071776,1.0106203015155204
X_pca,1.0,platin,GOS3_CENTRAL_NERVOUS_SYSTEM,191,0.016620711421210646,0.9968731677969088
X_pca,1.0,platin,SNU738_CENTRAL_NERVOUS_SYSTEM,379,0.019336715786680024,0.9839060276668116
X_pca,1.0,platin,PC3_PROSTATE,169,0.021944275331885775,0.9697535429480513
X_pca,1.0,platin,PATU8988S_PANCREAS,244,0.015792025489925126,0.9625828454240424
X_pca,1.0,platin,OVTOKO_OVARY,209,0.020788139746822826,1.010182103186703
X_pca,1.0,platin,TE1_OESOPHAGUS,206,0.021606593924781224,0.9744285961377968
X_pca,1.0,platin,NCIH2087_LUNG,219,0.023868820305450844,0.92907400027802
X_pca,1.0,platin,EFM192A_BREAST,333,0.015516898229689245,0.9655099290985245
X_pca,1.0,platin,SNU423_LIVER,212,0.018897779980729907,0.9699991747455777
X_pca,1.0,platin,KPL1_BREAST,276,0.011290271662693491,0.9893845933071082
X_pca,1.0,platin,NCIH358_LUNG,336,0.022697092726375646,0.9626461501632418
X_pca,1.0,platin,COLO792_SKIN,271,0.017156006606065897,1.0288454456962783
X_pca,1.0,platin,KYSE520_OESOPHAGUS,323,0.014633830309948349,0.9417672801313016
X_pca,1.0,platin,KMRC3_KIDNEY,245,0.019771051404612928,0.9759472919970142
X_pca,1.0,platin,MKN7_STOMACH,258,0.01866053126010773,0.9569914846919304
X_pca,1.0,platin,NCIH1944_LUNG,414,0.019380736430757863,0.9712645911076219
X_pca,1.0,platin,TE6_OESOPHAGUS,551,0.01824746440276553,0.9763616178516035
X_pca,1.0,platin,ZR751_BREAST,309,0.018960650254538854,0.9787965308886901
X_pca,1.0,platin,PANC0203_PANCREAS,506,0.014641209323503193,0.95288279888187
X_pca,1.0,platin,SW1990_PANCREAS,307,0.019458164169602818,0.9437569539011107
X_pca,1.0,platin,RD_SOFT_TISSUE,261,0.021009807697229342,0.9492229513281607
X_pca,1.0,platin,NCIH1792_LUNG,111,0.025424744883876665,0.9520023926958308
X_pca,1.0,platin,PK45H_PANCREAS,271,0.02125756381586949,0.9629249821289879
X_pca,1.0,platin,LS180_LARGE_INTESTINE,361,0.012852474262605607,0.9710082829493896
X_pca,1.0,platin,RERFLCAI_LUNG,763,0.020547364035573817,0.9829680571237367
X_pca,1.0,platin,CAMA1_BREAST,291,0.012774769268283668,0.9975966944317638
X_pca,1.0,platin,SNU449_LIVER,282,0.013871873291188913,0.9930387896003453
X_pca,1.0,platin,A204_SOFT_TISSUE,250,0.017692123310886595,0.9826478061676025
X_pca,1.0,platin,MKN45_STOMACH,118,0.017964965512176728,0.962964537285142
X_pca,1.0,platin,HEP3B217_LIVER,118,0.016290332630759227,0.9674724259618985
X_pca,1.0,platin,HOS_BONE,829,0.01758851537470557,0.9717596161782526
X_pca,1.0,platin,EBC1_LUNG,186,0.016341985830298663,0.9534496315704879
X_pca,1.0,platin,NCIH292_LUNG,213,0.013277489070573984,0.9499045159895095
X_pca,1.0,platin,OUMS23_LARGE_INTESTINE,107,0.019136091085260102,0.9983585014521519
X_pca,1.0,platin,HEC151_ENDOMETRIUM,250,0.025867182620079057,0.9728769114017487
X_pca,1.0,platin,NCIH1373_LUNG,164,0.014640916300849282,0.9745060267244897
X_pca,1.0,platin,TE9_OESOPHAGUS,248,0.01525679458140131,0.9360040613720494
X_pca,1.0,platin,HCC56_LARGE_INTESTINE,99,0.012292431127950695,0.9826507285387829
X_pca,1.0,platin,HT55_LARGE_INTESTINE,211,0.01316109077479947,0.9622711694636051
X_pca,1.0,platin,RT4_URINARY_TRACT,106,0.015445604179894353,0.9980177671279548
X_pca,1.0,platin,SKES1_BONE,91,0.0178388904922213,0.9942749876242417
X_pca,1.0,platin,NCIH1435_LUNG,267,0.016340920942722693,0.97282758723484
X_pca,1.0,platin,8305C_THYROID,459,0.020730474271436494,0.9508293495718431
X_pca,1.0,platin,NCIH2228_LUNG,367,0.016456638647816626,0.9524650458419031
X_pca,1.0,platin,TE10_OESOPHAGUS,219,0.01671871224038451,0.9211982823398015
X_pca,1.0,platin,ASPC1_PANCREAS,290,0.02097870603449982,0.9633736885827163
X_pca,1.0,platin,HCC366_LUNG,202,0.019920383044641096,0.9514845727693917
X_pca,1.0,platin,BICR16_UPPER_AERODIGESTIVE_TRACT,212,0.0163826303092652,0.9186541356568066
X_pca,1.0,platin,HEC6_ENDOMETRIUM,161,0.020224885297859634,0.9358582800219518
X_pca,1.0,platin,KALS1_CENTRAL_NERVOUS_SYSTEM,288,0.015934286403907094,0.9673124856005112
X_pca,1.0,platin,NCIH2444_LUNG,237,0.014324407677403332,0.9439398840006896
X_pca,1.0,platin,SNU46_UPPER_AERODIGESTIVE_TRACT,236,0.028883731059164888,0.9395517259836197
X_pca,1.0,platin,OAW28_OVARY,161,0.01603041804473227,0.9524011734109488
X_pca,1.0,platin,SNU1214_UPPER_AERODIGESTIVE_TRACT,188,0.01908002893993109,0.9657923395329333
X_pca,1.0,platin,SKMEL5_SKIN,297,0.022768270941314943,1.0271368371918546
X_pca,1.0,platin,OVCAR4_OVARY,283,0.01720695091803197,0.9585206715041251
X_pca,1.0,platin,UACC257_SKIN,239,0.015915912308846404,0.9771374488974216
X_pca,1.0,platin,ONCODG1_OVARY,270,0.01862426774874267,0.9822675391479775
X_pca,1.0,platin,HUH28_BILIARY_TRACT,139,0.014907219696845024,0.9730398020298361
X_pca,1.0,platin,IM95_STOMACH,185,0.015694699336399744,0.981188906205667
X_pca,1.0,platin,TE14_OESOPHAGUS,474,0.017292736367710206,0.9398925039084148
X_pca,1.0,platin,CAKI2_KIDNEY,278,0.022309985422985103,0.9538289220641842
X_pca,1.0,platin,SU8686_PANCREAS,82,0.014718688341673966,0.9336116081330834
X_pca,1.0,platin,SCC25_UPPER_AERODIGESTIVE_TRACT,898,0.01277956491425995,0.9572634127463955
X_pca,1.0,platin,SCC9_UPPER_AERODIGESTIVE_TRACT,475,0.016733584511839324,0.9776188233024196
X_pca,1.0,etoposide,NCIH2126_LUNG,264,0.01791254116945085,0.8374318489522645
X_pca,1.0,etoposide,SW579_THYROID,217,0.018703544195588426,0.8715863293766426
X_pca,1.0,etoposide,NCIH446_LUNG,196,0.030231496172362957,0.8239001199907187
X_pca,1.0,etoposide,HEC251_ENDOMETRIUM,107,0.021142225998340276,0.9348315741414222
X_pca,1.0,etoposide,MFE319_ENDOMETRIUM,191,0.032990769376162306,0.8651711940765381
X_pca,1.0,etoposide,SKNAS_AUTONOMIC_GANGLIA,226,0.02384484844298343,0.7995137005253176
X_pca,1.0,etoposide,NCIH2452_PLEURA,538,0.02467115960752137,0.8996773959314069
X_pca,1.0,etoposide,COLO741_SKIN,329,0.024124825072213363,0.9248235011897913
X_pca,1.0,etoposide,KNS42_CENTRAL_NERVOUS_SYSTEM,172,0.024291505461091427,0.845149963054546
X_pca,1.0,etoposide,MCF7_BREAST,143,0.019520020369978658,0.9716212707799632
X_pca,1.0,etoposide,HT1197_URINARY_TRACT,74,0.027431462145049216,0.9166974070909861
X_pca,1.0,etoposide,SNU899_UPPER_AERODIGESTIVE_TRACT,83,0.019190533630637805,0.8234253482646253
X_pca,1.0,etoposide,HCC38_BREAST,200,0.027605630309476523,0.8756470793485641
X_pca,1.0,etoposide,SNU308_BILIARY_TRACT,94,0.026491868031378527,0.9229388680863888
X_pca,1.0,etoposide,SW1271_LUNG,115,0.023874337784284962,0.8756829038910244
X_pca,1.0,etoposide,TM31_CENTRAL_NERVOUS_SYSTEM,116,0.022288484060329558,0.8554022836274114
X_pca,1.0,etoposide,NCIH747_LARGE_INTESTINE,80,0.0163148006102734,0.9202449947595597
X_pca,1.0,etoposide,KPNSI9S_AUTONOMIC_GANGLIA,129,0.025741275510027417,0.825302566668784
X_pca,1.0,etoposide,SQ1_LUNG,238,0.02318434895241127,0.9031767727447158
X_pca,1.0,etoposide,IALM_LUNG,322,0.027249473995200273,0.8418467988879044
X_pca,1.0,etoposide,BT474_BREAST,125,0.025976278619282738,0.9087235474586487
X_pca,1.0,etoposide,DKMG_CENTRAL_NERVOUS_SYSTEM,271,0.0236787586941796,0.8254715061275721
X_pca,1.0,etoposide,BT549_BREAST,266,0.02534851870090961,0.8439237383523381
X_pca,1.0,etoposide,BICR6_UPPER_AERODIGESTIVE_TRACT,286,0.019957300691258846,0.8822353298847492
X_pca,1.0,etoposide,SH10TC_STOMACH,351,0.024324042234357395,0.9295508380968687
X_pca,1.0,etoposide,UMUC1_URINARY_TRACT,197,0.018756371516766172,0.9154995144321229
X_pca,1.0,etoposide,LS1034_LARGE_INTESTINE,146,0.025740252703865676,0.9288377218867001
X_pca,1.0,etoposide,CCFSTTG1_CENTRAL_NERVOUS_SYSTEM,246,0.023781375611314805,0.8100404358976255
X_pca,1.0,etoposide,NCIH226_LUNG,235,0.025680739408505862,0.876069916816468
X_pca,1.0,etoposide,LNCAPCLONEFGC_PROSTATE,129,0.02189963622473378,0.8699166400488033
X_pca,1.0,etoposide,RCC10RGB_KIDNEY,233,0.0214506497863068,0.9000391307818532
X_pca,1.0,etoposide,RERFLCAD1_LUNG,243,0.02213317123927055,0.8985901183061639
X_pca,1.0,etoposide,SKMEL2_SKIN,276,0.031547102400472614,0.8656961349905401
X_pca,1.0,etoposide,BICR31_UPPER_AERODIGESTIVE_TRACT,248,0.022658394274455745,0.88546292555909
X_pca,1.0,etoposide,RCM1_LARGE_INTESTINE,128,0.019200942835755547,0.902007270604372
X_pca,1.0,etoposide,COV434_OVARY,88,0.027900533667129513,0.8348928385160186
X_pca,1.0,etoposide,SNU1079_BILIARY_TRACT,73,0.028113660535968258,0.8963809348132512
X_pca,1.0,etoposide,YD38_UPPER_AERODIGESTIVE_TRACT,624,0.024670484007226132,0.881311176583553
X_pca,1.0,etoposide,NCIH1299_LUNG,534,0.029297092950115695,0.8508258262153868
X_pca,1.0,etoposide,IGR37_SKIN,347,0.020899598464112937,0.9218475098912242
X_pca,1.0,etoposide,BFTC909_KIDNEY,379,0.032418468109123834,0.8804285905291978
X_pca,1.0,etoposide,NCIH460_LUNG,837,0.027692028330563962,0.7926941741182243
X_pca,1.0,etoposide,IGR1_SKIN,725,0.02263194150901872,0.8655813404609417
X_pca,1.0,etoposide,VMCUB1_URINARY_TRACT,478,0.027419936368231045,0.8793167419513399
X_pca,1.0,etoposide,JHOC5_OVARY,145,0.02340828949532396,0.8945623443044465
X_pca,1.0,etoposide,42MGBA_CENTRAL_NERVOUS_SYSTEM,518,0.023743255114255252,0.8039100166683492
X_pca,1.0,etoposide,HT1080_SOFT_TISSUE,516,0.022251286861583633,0.8398692940556726
X_pca,1.0,etoposide,LI7_LIVER,196,0.02893240130484485,0.8900239491949276
X_pca,1.0,etoposide,A375_SKIN,593,0.0331498989194019,0.9194929614839024
X_pca,1.0,etoposide,FTC133_THYROID,140,0.026579844124829558,0.9474008670875005
X_pca,1.0,etoposide,OVK18_OVARY,178,0.022789393334316677,0.8517608699503909
X_pca,1.0,etoposide,ACCMESO1_PLEURA,162,0.028383233596625628,0.9002579976747065
X_pca,1.0,etoposide,HMC18_BREAST,293,0.02772584798905623,0.8397833761908495
X_pca,1.0,etoposide,TOV112D_OVARY,78,0.02429379575810483,0.820665642237052
X_pca,1.0,etoposide,JHH6_LIVER,206,0.028113762131937503,0.8454900600956482
X_pca,1.0,etoposide,A2058_SKIN,294,0.02374100261455405,0.8881374321827272
X_pca,1.0,etoposide,NCIH2110_LUNG,1990,0.02485920446394835,0.8862249297412795
X_pca,1.0,etoposide,NCIH650_LUNG,271,0.021701329265799346,0.8963738858039969
X_pca,1.0,etoposide,EFE184_ENDOMETRIUM,86,0.02362241099390958,0.9127296867758729
X_pca,1.0,etoposide,HUPT3_PANCREAS,136,0.020223919862904633,0.9126394294640597
X_pca,1.0,etoposide,MDAMB361_BREAST,135,0.021534575736272446,0.9151661347459864
X_pca,1.0,etoposide,BCPAP_THYROID,152,0.02634288472500034,0.8474061826342031
X_pca,1.0,etoposide,PECAPJ49_UPPER_AERODIGESTIVE_TRACT,202,0.022517721634844046,0.9069660311878318
X_pca,1.0,etoposide,EKVX_LUNG,146,0.028708587451023934,0.8589621369969355
X_pca,1.0,etoposide,BICR56_UPPER_AERODIGESTIVE_TRACT,81,0.01828272977610197,0.860065832550143
X_pca,1.0,etoposide,NCIH2170_LUNG,142,0.021158643757943452,0.8308239314757603
X_pca,1.0,etoposide,DETROIT562_UPPER_AERODIGESTIVE_TRACT,163,0.02388253506013831,0.8424399798633131
X_pca,1.0,etoposide,SW1088_CENTRAL_NERVOUS_SYSTEM,128,0.03260893140603512,0.8225706499069929
X_pca,1.0,etoposide,BHY_UPPER_AERODIGESTIVE_TRACT,145,0.01844019601331326,0.8949373253460589
X_pca,1.0,etoposide,CAS1_CENTRAL_NERVOUS_SYSTEM,133,0.02820148331297532,0.8224834190275436
X_pca,1.0,etoposide,HCC1428_BREAST,127,0.015285414112506213,0.9234767945732657
X_pca,1.0,etoposide,HDQP1_BREAST,64,0.025160791529728502,0.9186798073351383
X_pca,1.0,etoposide,OSRC2_KIDNEY,126,0.01625531303781031,0.9434511860211691
X_pca,1.0,etoposide,HUPT4_PANCREAS,56,0.024192578804669688,0.883607702595847
X_pca,1.0,etoposide,TCCSUP_URINARY_TRACT,316,0.02445928783789911,0.8755542454840262
X_pca,1.0,etoposide,VMRCRCZ_KIDNEY,300,0.02500536374056279,0.8881568068265915
X_pca,1.0,etoposide,PK59_PANCREAS,174,0.02204953959930969,0.9187947689801798
X_pca,1.0,etoposide,HUH6_LIVER,338,0.026992655593067003,0.9172968303663491
X_pca,1.0,etoposide,MSTO211H_PLEURA,297,0.023296267730115613,0.821598702408248
X_pca,1.0,etoposide,HS852T_SKIN,162,0.02350987553443201,0.921326137987184
X_pca,1.0,etoposide,SKMEL30_SKIN,353,0.024087733194791384,0.9027830568319002
X_pca,1.0,etoposide,T47D_BREAST,221,0.023524110857930356,0.9063209551491889
X_pca,1.0,etoposide,CALU6_LUNG,258,0.024425191744663777,0.8885823640712472
X_pca,1.0,etoposide,NCIH522_LUNG,208,0.026563258146685018,0.8288411621290904
X_pca,1.0,etoposide,LMSU_STOMACH,255,0.026093211900647943,0.7944410459668029
X_pca,1.0,etoposide,SNUC4_LARGE_INTESTINE,467,0.016703165620345226,0.8603705559603918
X_pca,1.0,etoposide,RVH421_SKIN,239,0.023742047278254835,0.9015440674007688
X_pca,1.0,etoposide,OVSAHO_OVARY,227,0.02688561434506464,0.901532973749522
X_pca,1.0,etoposide,GOS3_CENTRAL_NERVOUS_SYSTEM,191,0.024734052265911365,0.8657006549585552
X_pca,1.0,etoposide,SNU738_CENTRAL_NERVOUS_SYSTEM,379,0.023030584735118022,0.8967996813691071
X_pca,1.0,etoposide,PC3_PROSTATE,169,0.027678202827061373,0.8939894384886387
X_pca,1.0,etoposide,PATU8988S_PANCREAS,244,0.02128478360923214,0.9465002500620044
X_pca,1.0,etoposide,OVTOKO_OVARY,209,0.02451992134768103,0.9164460814740669
X_pca,1.0,etoposide,TE1_OESOPHAGUS,206,0.02492726996255952,0.8687103179473321
X_pca,1.0,etoposide,NCIH2087_LUNG,219,0.02315594548016986,0.8819377898625588
X_pca,1.0,etoposide,EFM192A_BREAST,333,0.01877986494670991,0.9215495453940498
X_pca,1.0,etoposide,SNU423_LIVER,212,0.027114226540989588,0.8994260205412811
X_pca,1.0,etoposide,KPL1_BREAST,276,0.01640425845820851,0.9204408662474673
X_pca,1.0,etoposide,NCIH358_LUNG,336,0.025894598445357957,0.9076345268459547
X_pca,1.0,etoposide,COLO792_SKIN,271,0.02330575742305487,0.9152006647683597
X_pca,1.0,etoposide,KYSE520_OESOPHAGUS,323,0.02483269563456219,0.8420967369256743
X_pca,1.0,etoposide,KMRC3_KIDNEY,245,0.023501796725568694,0.9314991050836992
X_pca,1.0,etoposide,MKN7_STOMACH,258,0.019996322743569044,0.9378513132416925
X_pca,1.0,etoposide,NCIH1944_LUNG,414,0.03207171278216319,0.8954055281940866
X_pca,1.0,etoposide,TE6_OESOPHAGUS,551,0.027772302735120876,0.8588172613817204
X_pca,1.0,etoposide,ZR751_BREAST,309,0.025669055284314124,0.8904520257776994
X_pca,1.0,etoposide,PANC0203_PANCREAS,506,0.02379901821274362,0.8868197091954498
X_pca,1.0,etoposide,SW1990_PANCREAS,307,0.0190867208343629,0.9308988496612648
X_pca,1.0,etoposide,RD_SOFT_TISSUE,261,0.03195771567247351,0.8399906759061119
X_pca,1.0,etoposide,NCIH1792_LUNG,111,0.030823643096072287,0.8650303354134431
X_pca,1.0,etoposide,PK45H_PANCREAS,271,0.027832066601013897,0.9077597640977134
X_pca,1.0,etoposide,LS180_LARGE_INTESTINE,361,0.021487330795739515,0.9534366378493586
X_pca,1.0,etoposide,RERFLCAI_LUNG,763,0.016900168452476383,0.9116778881490465
X_pca,1.0,etoposide,CAMA1_BREAST,291,0.018732030189266842,0.9205249193607736
X_pca,1.0,etoposide,SNU449_LIVER,282,0.024205597388202146,0.8651628807081398
X_pca,1.0,etoposide,A204_SOFT_TISSUE,250,0.024556706386392974,0.8477377088069916
X_pca,1.0,etoposide,MKN45_STOMACH,118,0.02708202406531413,0.9324061719037718
X_pca,1.0,etoposide,HEP3B217_LIVER,118,0.026469093499395163,0.8438118681059046
X_pca,1.0,etoposide,HOS_BONE,829,0.023866444244874534,0.8355024869680693
X_pca,1.0,etoposide,EBC1_LUNG,186,0.023358896573385763,0.8975782493750254
X_pca,1.0,etoposide,NCIH292_LUNG,213,0.024200910753249132,0.8976446854676439
X_pca,1.0,etoposide,OUMS23_LARGE_INTESTINE,107,0.018917154490871554,0.8835640911744019
X_pca,1.0,etoposide,HEC151_ENDOMETRIUM,250,0.030393848916258095,0.920566279411316
X_pca,1.0,etoposide,NCIH1373_LUNG,164,0.02706996538194922,0.9072442290986457
X_pca,1.0,etoposide,TE9_OESOPHAGUS,248,0.023335873772575448,0.8529302607620916
X_pca,1.0,etoposide,HCC56_LARGE_INTESTINE,99,0.018927631365533076,0.9264365254026471
X_pca,1.0,etoposide,HT55_LARGE_INTESTINE,211,0.024937114930133706,0.9654525481694117
X_pca,1.0,etoposide,RT4_URINARY_TRACT,106,0.015753981556105953,0.822525329184982
X_pca,1.0,etoposide,SKES1_BONE,91,0.022904367264104854,0.8501348253134843
X_pca,1.0,etoposide,NCIH1435_LUNG,267,0.025835824441379326,0.8750208314884914
X_pca,1.0,etoposide,8305C_THYROID,459,0.02823292007787008,0.8586817656467164
X_pca,1.0,etoposide,NCIH2228_LUNG,367,0.030479039950090804,0.8827662942195134
X_pca,1.0,etoposide,TE10_OESOPHAGUS,219,0.02143487098412675,0.9058946371078491
X_pca,1.0,etoposide,ASPC1_PANCREAS,290,0.020202253926565397,0.915212624854055
X_pca,1.0,etoposide,HCC366_LUNG,202,0.018003521126357648,0.9096945589131648
X_pca,1.0,etoposide,BICR16_UPPER_AERODIGESTIVE_TRACT,212,0.01445799932822864,0.8818631987526732
X_pca,1.0,etoposide,HEC6_ENDOMETRIUM,161,0.022828037696399517,0.9031896165439061
X_pca,1.0,etoposide,KALS1_CENTRAL_NERVOUS_SYSTEM,288,0.023763146502628937,0.8542318830473555
X_pca,1.0,etoposide,NCIH2444_LUNG,237,0.01731055990497065,0.9376322290062401
X_pca,1.0,etoposide,SNU46_UPPER_AERODIGESTIVE_TRACT,236,0.03153130522475941,0.8890743487972325
X_pca,1.0,etoposide,OAW28_OVARY,161,0.014191166376522676,0.9104607671684359
X_pca,1.0,etoposide,SNU1214_UPPER_AERODIGESTIVE_TRACT,188,0.023970971552953142,0.9178331155092159
X_pca,1.0,etoposide,SKMEL5_SKIN,297,0.02591761047498335,0.9544203979800446
X_pca,1.0,etoposide,OVCAR4_OVARY,283,0.02466665335260035,0.9652603081174116
X_pca,1.0,etoposide,UACC257_SKIN,239,0.021659014573857962,0.9073755464294465
X_pca,1.0,etoposide,ONCODG1_OVARY,270,0.024929937103349578,0.9390399537704609
X_pca,1.0,etoposide,HUH28_BILIARY_TRACT,139,0.02349360310950937,0.8877709122012845
X_pca,1.0,etoposide,IM95_STOMACH,185,0.02443217276290709,0.9040969442676854
X_pca,1.0,etoposide,TE14_OESOPHAGUS,474,0.02355301231937274,0.8893555698263997
X_pca,1.0,etoposide,CAKI2_KIDNEY,278,0.02387361552834152,0.9096378411749284
X_pca,1.0,etoposide,SU8686_PANCREAS,82,0.019035796868980017,0.9526064432248836
X_pca,1.0,etoposide,SCC25_UPPER_AERODIGESTIVE_TRACT,898,0.017161255935010587,0.8703895602831596
X_pca,1.0,etoposide,SCC9_UPPER_AERODIGESTIVE_TRACT,475,0.02601984238590748,0.8802880569508201
X_pca,1.0,paclitaxel,NCIH2126_LUNG,264,0.04361537114966221,0.47951226354096876
X_pca,1.0,paclitaxel,SW579_THYROID,217,0.04657591106103732,0.586394943125237
X_pca,1.0,paclitaxel,NCIH446_LUNG,196,0.07483842305568157,0.3958364580662883
X_pca,1.0,paclitaxel,HEC251_ENDOMETRIUM,107,0.077692741497551,0.5444077236630093
X_pca,1.0,paclitaxel,MFE319_ENDOMETRIUM,191,0.07193923812080556,0.4759768760953274
X_pca,1.0,paclitaxel,SKNAS_AUTONOMIC_GANGLIA,226,0.062406453421566276,0.41957195815259374
X_pca,1.0,paclitaxel,NCIH2452_PLEURA,538,0.059027296602460394,0.6884283302663428
X_pca,1.0,paclitaxel,COLO741_SKIN,329,0.07480730583357185,0.6405197198086596
X_pca,1.0,paclitaxel,KNS42_CENTRAL_NERVOUS_SYSTEM,172,0.05185088578891945,0.4998736490690431
X_pca,1.0,paclitaxel,MCF7_BREAST,143,0.046533716549933636,0.773965303297643
X_pca,1.0,paclitaxel,HT1197_URINARY_TRACT,74,0.061773523694651306,0.5780969185603632
X_pca,1.0,paclitaxel,SNU899_UPPER_AERODIGESTIVE_TRACT,83,0.0376761669868,0.36977662164044667
X_pca,1.0,paclitaxel,HCC38_BREAST,200,0.07926248455715747,0.508985710889101
X_pca,1.0,paclitaxel,SNU308_BILIARY_TRACT,94,0.04312988031275144,0.49202158761785386
X_pca,1.0,paclitaxel,SW1271_LUNG,115,0.05702437707540697,0.5664504206698874
X_pca,1.0,paclitaxel,TM31_CENTRAL_NERVOUS_SYSTEM,116,0.06301809864126694,0.5057819429142721
X_pca,1.0,paclitaxel,NCIH747_LARGE_INTESTINE,80,0.05226646339368821,0.6538436248898506
X_pca,1.0,paclitaxel,KPNSI9S_AUTONOMIC_GANGLIA,129,0.06674264414935029,0.521807379962862
X_pca,1.0,paclitaxel,SQ1_LUNG,238,0.07124172519221812,0.515096437780797
X_pca,1.0,paclitaxel,IALM_LUNG,322,0.07198500294364397,0.5402161128217389
X_pca,1.0,paclitaxel,BT474_BREAST,125,0.05557230529215319,0.6497642617225647
X_pca,1.0,paclitaxel,DKMG_CENTRAL_NERVOUS_SYSTEM,271,0.05137718574762801,0.5434508479829204
X_pca,1.0,paclitaxel,BT549_BREAST,266,0.06343588525780443,0.5550879776701891
X_pca,1.0,paclitaxel,BICR6_UPPER_AERODIGESTIVE_TRACT,286,0.08315768906665288,0.496539178949136
X_pca,1.0,paclitaxel,SH10TC_STOMACH,351,0.056999925135587715,0.7175355528154944
X_pca,1.0,paclitaxel,UMUC1_URINARY_TRACT,197,0.045894211402830856,0.4958971337921123
X_pca,1.0,paclitaxel,LS1034_LARGE_INTESTINE,146,0.05215186899313426,0.6888495536699687
X_pca,1.0,paclitaxel,CCFSTTG1_CENTRAL_NERVOUS_SYSTEM,246,0.051039470934993635,0.5245786866521448
X_pca,1.0,paclitaxel,NCIH226_LUNG,235,0.06933353336392747,0.5860912175888711
X_pca,1.0,paclitaxel,LNCAPCLONEFGC_PROSTATE,129,0.05895578189050579,0.6129730986070263
X_pca,1.0,paclitaxel,RCC10RGB_KIDNEY,233,0.052421654022074125,0.6824151576844408
X_pca,1.0,paclitaxel,RERFLCAD1_LUNG,243,0.06493070981141422,0.670371761660517
X_pca,1.0,paclitaxel,SKMEL2_SKIN,276,0.06161927297218722,0.5070725586535274
X_pca,1.0,paclitaxel,BICR31_UPPER_AERODIGESTIVE_TRACT,248,0.06773307388855412,0.4277671720952757
X_pca,1.0,paclitaxel,RCM1_LARGE_INTESTINE,128,0.058028936747989805,0.5778292256873101
X_pca,1.0,paclitaxel,COV434_OVARY,88,0.049841415123606785,0.40617087991400197
X_pca,1.0,paclitaxel,SNU1079_BILIARY_TRACT,73,0.08310191838851516,0.6606884419101559
X_pca,1.0,paclitaxel,YD38_UPPER_AERODIGESTIVE_TRACT,624,0.0512518859317433,0.4364812696973483
X_pca,1.0,paclitaxel,NCIH1299_LUNG,534,0.06348007155489507,0.48579079805688463
X_pca,1.0,paclitaxel,IGR37_SKIN,347,0.04456483499257052,0.6734427299554478
X_pca,1.0,paclitaxel,BFTC909_KIDNEY,379,0.08925775339078443,0.6479774080511762
X_pca,1.0,paclitaxel,NCIH460_LUNG,837,0.04998914377320893,0.41284990399684246
X_pca,1.0,paclitaxel,IGR1_SKIN,725,0.06596666903705604,0.600471211466296
X_pca,1.0,paclitaxel,VMCUB1_URINARY_TRACT,478,0.05181764677455866,0.42996703587067175
X_pca,1.0,paclitaxel,JHOC5_OVARY,145,0.08809676675290705,0.5400780383882852
X_pca,1.0,paclitaxel,42MGBA_CENTRAL_NERVOUS_SYSTEM,518,0.05200334953360876,0.4320604378307188
X_pca,1.0,paclitaxel,HT1080_SOFT_TISSUE,516,0.07186765236650489,0.4990449329448301
X_pca,1.0,paclitaxel,LI7_LIVER,196,0.06143515164616836,0.5809346026912028
X_pca,1.0,paclitaxel,A375_SKIN,593,0.09063621348013788,0.6277096016712574
X_pca,1.0,paclitaxel,FTC133_THYROID,140,0.07669093297015961,0.642329929130418
X_pca,1.0,paclitaxel,OVK18_OVARY,178,0.07021090194519024,0.5040052305446582
X_pca,1.0,paclitaxel,ACCMESO1_PLEURA,162,0.06639856844091888,0.6472095414812182
X_pca,1.0,paclitaxel,HMC18_BREAST,293,0.06112409291635032,0.5136667760565826
X_pca,1.0,paclitaxel,TOV112D_OVARY,78,0.058987199658632895,0.44832734496165544
X_pca,1.0,paclitaxel,JHH6_LIVER,206,0.0605157495384827,0.48130520107676683
X_pca,1.0,paclitaxel,A2058_SKIN,294,0.061118282894555676,0.6796805460234078
X_pca,1.0,paclitaxel,NCIH2110_LUNG,1990,0.05120183113169116,0.502322201947471
X_pca,1.0,paclitaxel,NCIH650_LUNG,271,0.06502507317739326,0.6566946090807334
X_pca,1.0,paclitaxel,EFE184_ENDOMETRIUM,86,0.04460488866586207,0.6191905619100083
X_pca,1.0,paclitaxel,HUPT3_PANCREAS,136,0.06384496602048832,0.6424295468365445
X_pca,1.0,paclitaxel,MDAMB361_BREAST,135,0.05168021065069997,0.6115688796396609
X_pca,1.0,paclitaxel,BCPAP_THYROID,152,0.06872085571329042,0.592112415323132
X_pca,1.0,paclitaxel,PECAPJ49_UPPER_AERODIGESTIVE_TRACT,202,0.04539393756743859,0.45136751131256025
X_pca,1.0,paclitaxel,EKVX_LUNG,146,0.0668236244237607,0.48114924153236494
X_pca,1.0,paclitaxel,BICR56_UPPER_AERODIGESTIVE_TRACT,81,0.03718952987942753,0.2840811253329854
X_pca,1.0,paclitaxel,NCIH2170_LUNG,142,0.04784173870771446,0.4588987038169109
X_pca,1.0,paclitaxel,DETROIT562_UPPER_AERODIGESTIVE_TRACT,163,0.045164289469157216,0.40536933661969893
X_pca,1.0,paclitaxel,SW1088_CENTRAL_NERVOUS_SYSTEM,128,0.06468568822035932,0.49852271447889507
X_pca,1.0,paclitaxel,BHY_UPPER_AERODIGESTIVE_TRACT,145,0.053716006365768676,0.3196140520531556
X_pca,1.0,paclitaxel,CAS1_CENTRAL_NERVOUS_SYSTEM,133,0.05542776259379291,0.4790324602360116
X_pca,1.0,paclitaxel,HCC1428_BREAST,127,0.05533334061817198,0.7500043333046079
X_pca,1.0,paclitaxel,HDQP1_BREAST,64,0.07626553749998553,0.5391911896876991
X_pca,1.0,paclitaxel,OSRC2_KIDNEY,126,0.04914647770797207,0.7585691667738415
X_pca,1.0,paclitaxel,HUPT4_PANCREAS,56,0.09336511705742677,0.5125317578869206
X_pca,1.0,paclitaxel,TCCSUP_URINARY_TRACT,316,0.06308549702486359,0.5856122770641423
X_pca,1.0,paclitaxel,VMRCRCZ_KIDNEY,300,0.06029410390604779,0.6258163266380627
X_pca,1.0,paclitaxel,PK59_PANCREAS,174,0.0671626217476436,0.6588442498582533
X_pca,1.0,paclitaxel,HUH6_LIVER,338,0.05591264858631938,0.5918293951531134
X_pca,1.0,paclitaxel,MSTO211H_PLEURA,297,0.049560054195351394,0.4417675794776441
X_pca,1.0,paclitaxel,HS852T_SKIN,162,0.06010596131909318,0.6967765184832208
X_pca,1.0,paclitaxel,SKMEL30_SKIN,353,0.05474894064498441,0.540532183967974
X_pca,1.0,paclitaxel,T47D_BREAST,221,0.05356604333712545,0.6845154883634991
X_pca,1.0,paclitaxel,CALU6_LUNG,258,0.05982091709552216,0.6631944022437398
X_pca,1.0,paclitaxel,NCIH522_LUNG,208,0.053006886331071076,0.45231590405679667
X_pca,1.0,paclitaxel,LMSU_STOMACH,255,0.04712709584937633,0.38168753186861676
X_pca,1.0,paclitaxel,SNUC4_LARGE_INTESTINE,467,0.04863580330193402,0.4943577058820704
X_pca,1.0,paclitaxel,RVH421_SKIN,239,0.049062821006453546,0.6728352447932734
X_pca,1.0,paclitaxel,OVSAHO_OVARY,227,0.07729387973367514,0.6580888197022913
X_pca,1.0,paclitaxel,GOS3_CENTRAL_NERVOUS_SYSTEM,191,0.05515170368864149,0.5674901802814444
X_pca,1.0,paclitaxel,SNU738_CENTRAL_NERVOUS_SYSTEM,379,0.07246273458959314,0.6373700864396813
X_pca,1.0,paclitaxel,PC3_PROSTATE,169,0.08412597742602619,0.5955555795212469
X_pca,1.0,paclitaxel,PATU8988S_PANCREAS,244,0.059838761570287474,0.7783057948604959
X_pca,1.0,paclitaxel,OVTOKO_OVARY,209,0.06649225358708552,0.571283901992597
X_pca,1.0,paclitaxel,TE1_OESOPHAGUS,206,0.05117799837473696,0.5540867673540578
X_pca,1.0,paclitaxel,NCIH2087_LUNG,219,0.07510630269860706,0.5637754762553733
X_pca,1.0,paclitaxel,EFM192A_BREAST,333,0.06666611931683779,0.7023063756682135
X_pca,1.0,paclitaxel,SNU423_LIVER,212,0.04991618373684552,0.7149494411248081
X_pca,1.0,paclitaxel,KPL1_BREAST,276,0.05182746502020165,0.7278036045423453
X_pca,1.0,paclitaxel,NCIH358_LUNG,336,0.06807997511328634,0.6275291245075918
X_pca,1.0,paclitaxel,COLO792_SKIN,271,0.05527995432853464,0.6574792347271065
X_pca,1.0,paclitaxel,KYSE520_OESOPHAGUS,323,0.0552085408703441,0.460087250353013
X_pca,1.0,paclitaxel,KMRC3_KIDNEY,245,0.059108415643564165,0.7343216463011139
X_pca,1.0,paclitaxel,MKN7_STOMACH,258,0.06803247781692512,0.660560681607372
X_pca,1.0,paclitaxel,NCIH1944_LUNG,414,0.06216955801075832,0.5654693532393175
X_pca,1.0,paclitaxel,TE6_OESOPHAGUS,551,0.059444377337112504,0.46567017234821284
X_pca,1.0,paclitaxel,ZR751_BREAST,309,0.049900575892999524,0.5671924939047557
X_pca,1.0,paclitaxel,PANC0203_PANCREAS,506,0.06228642939665414,0.457441761324057
X_pca,1.0,paclitaxel,SW1990_PANCREAS,307,0.05030400799217547,0.6963811930305407
X_pca,1.0,paclitaxel,RD_SOFT_TISSUE,261,0.05288565641305424,0.46153891942966946
X_pca,1.0,paclitaxel,NCIH1792_LUNG,111,0.05527781249721438,0.5139707571214384
X_pca,1.0,paclitaxel,PK45H_PANCREAS,271,0.04949141600279197,0.6874540105077174
X_pca,1.0,paclitaxel,LS180_LARGE_INTESTINE,361,0.061850198405002665,0.5378097318050934
X_pca,1.0,paclitaxel,RERFLCAI_LUNG,763,0.052914894281210316,0.6316534927600645
X_pca,1.0,paclitaxel,CAMA1_BREAST,291,0.06394128813909565,0.7561651759131258
X_pca,1.0,paclitaxel,SNU449_LIVER,282,0.05803336834847213,0.5371340797513935
X_pca,1.0,paclitaxel,A204_SOFT_TISSUE,250,0.054284408703508764,0.45030038952827456
X_pca,1.0,paclitaxel,MKN45_STOMACH,118,0.05526501488657445,0.5268916578616126
X_pca,1.0,paclitaxel,HEP3B217_LIVER,118,0.058650778694937664,0.4590847621024665
X_pca,1.0,paclitaxel,HOS_BONE,829,0.051547605854462955,0.4664492388901866
X_pca,1.0,paclitaxel,EBC1_LUNG,186,0.0648834984549857,0.49907644830083336
X_pca,1.0,paclitaxel,NCIH292_LUNG,213,0.04104528397398671,0.3727790204012338
X_pca,1.0,paclitaxel,OUMS23_LARGE_INTESTINE,107,0.05781384082788477,0.7050349528544417
X_pca,1.0,paclitaxel,HEC151_ENDOMETRIUM,250,0.06102700211530161,0.6497961832284928
X_pca,1.0,paclitaxel,NCIH1373_LUNG,164,0.07495964643950002,0.5531687100486058
X_pca,1.0,paclitaxel,TE9_OESOPHAGUS,248,0.039852839420493356,0.40525988585525946
X_pca,1.0,paclitaxel,HCC56_LARGE_INTESTINE,99,0.05073789427403445,0.6211088667012225
X_pca,1.0,paclitaxel,HT55_LARGE_INTESTINE,211,0.04579147003086871,0.6559727182038022
X_pca,1.0,paclitaxel,RT4_URINARY_TRACT,106,0.03832576581013425,0.466065932276114
X_pca,1.0,paclitaxel,SKES1_BONE,91,0.05654528691463171,0.4787204982815208
X_pca,1.0,paclitaxel,NCIH1435_LUNG,267,0.06703114155041409,0.5091168469704046
X_pca,1.0,paclitaxel,8305C_THYROID,459,0.07666151876819238,0.567375480349547
X_pca,1.0,paclitaxel,NCIH2228_LUNG,367,0.061124387149356654,0.558566197387529
X_pca,1.0,paclitaxel,TE10_OESOPHAGUS,219,0.0475533057678312,0.4751258239354173
X_pca,1.0,paclitaxel,ASPC1_PANCREAS,290,0.043706589687201855,0.5894090125273014
X_pca,1.0,paclitaxel,HCC366_LUNG,202,0.0550279336573628,0.6807419026252066
X_pca,1.0,paclitaxel,BICR16_UPPER_AERODIGESTIVE_TRACT,212,0.06099559363214464,0.4108652631348034
X_pca,1.0,paclitaxel,HEC6_ENDOMETRIUM,161,0.05812133854248187,0.5201533719989824
X_pca,1.0,paclitaxel,KALS1_CENTRAL_NERVOUS_SYSTEM,288,0.05135126201195163,0.5206131709532605
X_pca,1.0,paclitaxel,NCIH2444_LUNG,237,0.06626797715806548,0.6105866960332363
X_pca,1.0,paclitaxel,SNU46_UPPER_AERODIGESTIVE_TRACT,236,0.05579345620666119,0.5404593502565965
X_pca,1.0,paclitaxel,OAW28_OVARY,161,0.05946706708830991,0.5807676963184191
X_pca,1.0,paclitaxel,SNU1214_UPPER_AERODIGESTIVE_TRACT,188,0.04264864039393267,0.42517862579923993
X_pca,1.0,paclitaxel,SKMEL5_SKIN,297,0.04433295922354504,0.6910371055908074
X_pca,1.0,paclitaxel,OVCAR4_OVARY,283,0.0515842554457011,0.5853363117565115
X_pca,1.0,paclitaxel,UACC257_SKIN,239,0.03842408387304446,0.4867426400154704
X_pca,1.0,paclitaxel,ONCODG1_OVARY,270,0.06851809148597665,0.6302441967858209
X_pca,1.0,paclitaxel,HUH28_BILIARY_TRACT,139,0.0444632454319744,0.5038852316441296
X_pca,1.0,paclitaxel,IM95_STOMACH,185,0.03801946540172156,0.49906657241486213
X_pca,1.0,paclitaxel,TE14_OESOPHAGUS,474,0.044245276271760024,0.381147881474676
X_pca,1.0,paclitaxel,CAKI2_KIDNEY,278,0.04479979188693007,0.659433384379037
X_pca,1.0,paclitaxel,SU8686_PANCREAS,82,0.05347905646315267,0.6557037881234797
X_pca,1.0,paclitaxel,SCC25_UPPER_AERODIGESTIVE_TRACT,898,0.04658046699770016,0.4444605193385037
X_pca,1.0,paclitaxel,SCC9_UPPER_AERODIGESTIVE_TRACT,475,0.058705157654318586,0.49418061683052467
X_pca,1.0,gemcitabine,NCIH2126_LUNG,264,0.055411113518171864,0.563746037131006
X_pca,1.0,gemcitabine,SW579_THYROID,217,0.04298981786099621,0.6782948523073152
X_pca,1.0,gemcitabine,NCIH446_LUNG,196,0.06832071828290152,0.6300183017643131
X_pca,1.0,gemcitabine,HEC251_ENDOMETRIUM,107,0.05712995887770637,0.7562988188779243
X_pca,1.0,gemcitabine,MFE319_ENDOMETRIUM,191,0.07396322939498413,0.6791003424459727
X_pca,1.0,gemcitabine,SKNAS_AUTONOMIC_GANGLIA,226,0.054831357684514054,0.6166051118511015
X_pca,1.0,gemcitabine,NCIH2452_PLEURA,538,0.055254837551643135,0.7934940815193502
X_pca,1.0,gemcitabine,COLO741_SKIN,329,0.0572764787452483,0.8108272663003405
X_pca,1.0,gemcitabine,KNS42_CENTRAL_NERVOUS_SYSTEM,172,0.05602901060681263,0.6701471757057101
X_pca,1.0,gemcitabine,MCF7_BREAST,143,0.03803733793087571,0.9045712410153209
X_pca,1.0,gemcitabine,HT1197_URINARY_TRACT,74,0.06627286410192623,0.8317931938815761
X_pca,1.0,gemcitabine,SNU899_UPPER_AERODIGESTIVE_TRACT,83,0.039625750830292454,0.5740972663982805
X_pca,1.0,gemcitabine,HCC38_BREAST,200,0.06884761627627367,0.7107851368188858
X_pca,1.0,gemcitabine,SNU308_BILIARY_TRACT,94,0.03799921919478199,0.7057147748926853
X_pca,1.0,gemcitabine,SW1271_LUNG,115,0.04758111729383762,0.7151543534320334
X_pca,1.0,gemcitabine,TM31_CENTRAL_NERVOUS_SYSTEM,116,0.07163135723221135,0.7466880365692335
X_pca,1.0,gemcitabine,NCIH747_LARGE_INTESTINE,80,0.05520386904199446,0.7378180280327797
X_pca,1.0,gemcitabine,KPNSI9S_AUTONOMIC_GANGLIA,129,0.05741559363529299,0.636447575203208
X_pca,1.0,gemcitabine,SQ1_LUNG,238,0.062422862083290315,0.736734296844787
X_pca,1.0,gemcitabine,IALM_LUNG,322,0.09361458522273895,0.747138152766672
X_pca,1.0,gemcitabine,BT474_BREAST,125,0.06796951467166298,0.8090270576477051
X_pca,1.0,gemcitabine,DKMG_CENTRAL_NERVOUS_SYSTEM,271,0.04830121210037824,0.6107790181997518
X_pca,1.0,gemcitabine,BT549_BREAST,266,0.0542855018633295,0.7157590673830276
X_pca,1.0,gemcitabine,BICR6_UPPER_AERODIGESTIVE_TRACT,286,0.0589364529092808,0.6974677233012406
X_pca,1.0,gemcitabine,SH10TC_STOMACH,351,0.0957743590177605,0.7984477177984015
X_pca,1.0,gemcitabine,UMUC1_URINARY_TRACT,197,0.03704280771358541,0.7371324261432977
X_pca,1.0,gemcitabine,LS1034_LARGE_INTESTINE,146,0.05215360837449791,0.7716721933181971
X_pca,1.0,gemcitabine,CCFSTTG1_CENTRAL_NERVOUS_SYSTEM,246,0.05204510265579036,0.5983384210404342
X_pca,1.0,gemcitabine,NCIH226_LUNG,235,0.06385030257007437,0.7955540682407136
X_pca,1.0,gemcitabine,LNCAPCLONEFGC_PROSTATE,129,0.06455111529502396,0.8066446892050809
X_pca,1.0,gemcitabine,RCC10RGB_KIDNEY,233,0.05139186991980847,0.728006272868537
X_pca,1.0,gemcitabine,RERFLCAD1_LUNG,243,0.07369869665638722,0.7317913557276313
X_pca,1.0,gemcitabine,SKMEL2_SKIN,276,0.05115554140284077,0.7004559493583181
X_pca,1.0,gemcitabine,BICR31_UPPER_AERODIGESTIVE_TRACT,248,0.05294884066574318,0.6560914088641444
X_pca,1.0,gemcitabine,RCM1_LARGE_INTESTINE,128,0.0429105565014511,0.7270964263007045
X_pca,1.0,gemcitabine,COV434_OVARY,88,0.06866525056149007,0.6274761994453993
X_pca,1.0,gemcitabine,SNU1079_BILIARY_TRACT,73,0.07117901052317101,0.8229201427877766
X_pca,1.0,gemcitabine,YD38_UPPER_AERODIGESTIVE_TRACT,624,0.051822285023562134,0.712601115115178
X_pca,1.0,gemcitabine,NCIH1299_LUNG,534,0.0700559032236696,0.7273566451635254
X_pca,1.0,gemcitabine,IGR37_SKIN,347,0.060999222299997415,0.8553422655083605
X_pca,1.0,gemcitabine,BFTC909_KIDNEY,379,0.10369937695788492,0.7867916356919623
X_pca,1.0,gemcitabine,NCIH460_LUNG,837,0.048014501324216405,0.5756470959103948
X_pca,1.0,gemcitabine,IGR1_SKIN,725,0.07975663957383848,0.5730083892263215
X_pca,1.0,gemcitabine,VMCUB1_URINARY_TRACT,478,0.05652130136453459,0.6823350229772065
X_pca,1.0,gemcitabine,JHOC5_OVARY,145,0.06174615374202674,0.6386896608204677
X_pca,1.0,gemcitabine,42MGBA_CENTRAL_NERVOUS_SYSTEM,518,0.04898345440471963,0.6093066369244491
X_pca,1.0,gemcitabine,HT1080_SOFT_TISSUE,516,0.05813986515923787,0.5493015663106312
X_pca,1.0,gemcitabine,LI7_LIVER,196,0.08126167403224999,0.6870795464029118
X_pca,1.0,gemcitabine,A375_SKIN,593,0.1149763638507953,0.9579712720383681
X_pca,1.0,gemcitabine,FTC133_THYROID,140,0.07485711139575184,0.815628998194422
X_pca,1.0,gemcitabine,OVK18_OVARY,178,0.0630296178939226,0.6218941149751792
X_pca,1.0,gemcitabine,ACCMESO1_PLEURA,162,0.08530403305623069,0.8659168077103886
X_pca,1.0,gemcitabine,HMC18_BREAST,293,0.06656276729597081,0.7170450087293423
X_pca,1.0,gemcitabine,TOV112D_OVARY,78,0.06260748318264156,0.6692057351271311
X_pca,1.0,gemcitabine,JHH6_LIVER,206,0.06160348915324425,0.6594495874585458
X_pca,1.0,gemcitabine,A2058_SKIN,294,0.0915512489820705,0.6638679080674438
X_pca,1.0,gemcitabine,NCIH2110_LUNG,1990,0.051259678464934726,0.6243631749746188
X_pca,1.0,gemcitabine,NCIH650_LUNG,271,0.07172001741374219,0.730740502531678
X_pca,1.0,gemcitabine,EFE184_ENDOMETRIUM,86,0.061661868222029736,0.6984664492828901
X_pca,1.0,gemcitabine,HUPT3_PANCREAS,136,0.06492850848946519,0.759551073260167
X_pca,1.0,gemcitabine,MDAMB361_BREAST,135,0.04480291740709047,0.8815971025714168
X_pca,1.0,gemcitabine,BCPAP_THYROID,152,0.1095195517301151,0.8330994250350877
X_pca,1.0,gemcitabine,PECAPJ49_UPPER_AERODIGESTIVE_TRACT,202,0.038435019610636854,0.7166017748341702
X_pca,1.0,gemcitabine,EKVX_LUNG,146,0.0737191590419432,0.6722081671022389
X_pca,1.0,gemcitabine,BICR56_UPPER_AERODIGESTIVE_TRACT,81,0.03550247609207398,0.572527176068153
X_pca,1.0,gemcitabine,NCIH2170_LUNG,142,0.054844661647855765,0.5485829020469961
X_pca,1.0,gemcitabine,DETROIT562_UPPER_AERODIGESTIVE_TRACT,163,0.054860912387739325,0.5431245759220943
X_pca,1.0,gemcitabine,SW1088_CENTRAL_NERVOUS_SYSTEM,128,0.055472580712169546,0.703503246884793
X_pca,1.0,gemcitabine,BHY_UPPER_AERODIGESTIVE_TRACT,145,0.039536608560280455,0.6411231776763653
X_pca,1.0,gemcitabine,CAS1_CENTRAL_NERVOUS_SYSTEM,133,0.05662303351748749,0.6593712196314245
X_pca,1.0,gemcitabine,HCC1428_BREAST,127,0.06282043295227714,0.824344452441208
X_pca,1.0,gemcitabine,HDQP1_BREAST,64,0.05698987463199029,0.750820629298687
X_pca,1.0,gemcitabine,OSRC2_KIDNEY,126,0.0401147993772843,0.7915877539014059
X_pca,1.0,gemcitabine,HUPT4_PANCREAS,56,0.07864290364641544,0.70209210898195
X_pca,1.0,gemcitabine,TCCSUP_URINARY_TRACT,316,0.06255299962668383,0.7158610873584506
X_pca,1.0,gemcitabine,VMRCRCZ_KIDNEY,300,0.06248489616510058,0.7880482498804728
X_pca,1.0,gemcitabine,PK59_PANCREAS,174,0.062186846896163155,0.8214512590704293
X_pca,1.0,gemcitabine,HUH6_LIVER,338,0.06211312696568973,0.7488603531961611
X_pca,1.0,gemcitabine,MSTO211H_PLEURA,297,0.04092452337819492,0.6595059942316126
X_pca,1.0,gemcitabine,HS852T_SKIN,162,0.06691700121830141,0.8882327524968135
X_pca,1.0,gemcitabine,SKMEL30_SKIN,353,0.04817447862761861,0.7167672714160455
X_pca,1.0,gemcitabine,T47D_BREAST,221,0.04529999494512189,0.8729471550807694
X_pca,1.0,gemcitabine,CALU6_LUNG,258,0.0511409471012298,0.7427867976732032
X_pca,1.0,gemcitabine,NCIH522_LUNG,208,0.051957532721947274,0.6788619409960049
X_pca,1.0,gemcitabine,LMSU_STOMACH,255,0.05540798169336771,0.5770462815668068
X_pca,1.0,gemcitabine,SNUC4_LARGE_INTESTINE,467,0.042669727046560385,0.5809431160287633
X_pca,1.0,gemcitabine,RVH421_SKIN,239,0.08355089158662465,0.7716371259928747
X_pca,1.0,gemcitabine,OVSAHO_OVARY,227,0.06633171628660092,0.8753161073256169
X_pca,1.0,gemcitabine,GOS3_CENTRAL_NERVOUS_SYSTEM,191,0.060589405503528836,0.7680758780833938
X_pca,1.0,gemcitabine,SNU738_CENTRAL_NERVOUS_SYSTEM,379,0.05952982965249219,0.8144218905934558
X_pca,1.0,gemcitabine,PC3_PROSTATE,169,0.0688249362242229,0.7909806194390065
X_pca,1.0,gemcitabine,PATU8988S_PANCREAS,244,0.06448136035445942,0.8664256786225272
X_pca,1.0,gemcitabine,OVTOKO_OVARY,209,0.060330040570078396,0.7703468115135813
X_pca,1.0,gemcitabine,TE1_OESOPHAGUS,206,0.05585107015599229,0.7340207884033907
X_pca,1.0,gemcitabine,NCIH2087_LUNG,219,0.06824647727302736,0.6620514341140991
X_pca,1.0,gemcitabine,EFM192A_BREAST,333,0.06882196912338312,0.7996284727219705
X_pca,1.0,gemcitabine,SNU423_LIVER,212,0.07081932187768084,0.848241537247064
X_pca,1.0,gemcitabine,KPL1_BREAST,276,0.03753265689981503,0.8516396620999211
X_pca,1.0,gemcitabine,NCIH358_LUNG,336,0.0626038623073304,0.7304071583563373
X_pca,1.0,gemcitabine,COLO792_SKIN,271,0.07666750129223415,0.8899278123880224
X_pca,1.0,gemcitabine,KYSE520_OESOPHAGUS,323,0.05595041030425158,0.6313747898343915
X_pca,1.0,gemcitabine,KMRC3_KIDNEY,245,0.051190590869115586,0.8735922810982685
X_pca,1.0,gemcitabine,MKN7_STOMACH,258,0.062278798901818276,0.8324162440244541
X_pca,1.0,gemcitabine,NCIH1944_LUNG,414,0.07478668764773944,0.7156262893031761
X_pca,1.0,gemcitabine,TE6_OESOPHAGUS,551,0.06553038865139113,0.6378205366662539
X_pca,1.0,gemcitabine,ZR751_BREAST,309,0.04798901655088057,0.765029053086216
X_pca,1.0,gemcitabine,PANC0203_PANCREAS,506,0.04297571672428617,0.6654725018226111
X_pca,1.0,gemcitabine,SW1990_PANCREAS,307,0.06044135258291148,0.826032879298207
X_pca,1.0,gemcitabine,RD_SOFT_TISSUE,261,0.04598158785727129,0.6405256118810954
X_pca,1.0,gemcitabine,NCIH1792_LUNG,111,0.06343140072452136,0.6333438225157626
X_pca,1.0,gemcitabine,PK45H_PANCREAS,271,0.059692611367894374,0.8294344007748959
X_pca,1.0,gemcitabine,LS180_LARGE_INTESTINE,361,0.0432383393040326,0.7916209819904655
X_pca,1.0,gemcitabine,RERFLCAI_LUNG,763,0.05169479760655428,0.7702960948487878
X_pca,1.0,gemcitabine,CAMA1_BREAST,291,0.051496140356212625,0.8568108837629101
X_pca,1.0,gemcitabine,SNU449_LIVER,282,0.04113351827105159,0.6645697773771083
X_pca,1.0,gemcitabine,A204_SOFT_TISSUE,250,0.05152927890651331,0.6295138132572174
X_pca,1.0,gemcitabine,MKN45_STOMACH,118,0.05251222160850476,0.6937308351872331
X_pca,1.0,gemcitabine,HEP3B217_LIVER,118,0.04953969632293511,0.6166049676426386
X_pca,1.0,gemcitabine,HOS_BONE,829,0.05621656283284318,0.6175942308436833
X_pca,1.0,gemcitabine,EBC1_LUNG,186,0.04838874869612259,0.6788825059449801
X_pca,1.0,gemcitabine,NCIH292_LUNG,213,0.033099165123638655,0.6616094090009519
X_pca,1.0,gemcitabine,OUMS23_LARGE_INTESTINE,107,0.05257851369082888,0.7384644457112963
X_pca,1.0,gemcitabine,HEC151_ENDOMETRIUM,250,0.07112049878130605,0.7847046835422515
X_pca,1.0,gemcitabine,NCIH1373_LUNG,164,0.057935402393626226,0.7171834779948723
X_pca,1.0,gemcitabine,TE9_OESOPHAGUS,248,0.050663581920673696,0.5798796100481864
X_pca,1.0,gemcitabine,HCC56_LARGE_INTESTINE,99,0.03827951811413151,0.7685430916872892
X_pca,1.0,gemcitabine,HT55_LARGE_INTESTINE,211,0.035944723944699705,0.7989398797541433
X_pca,1.0,gemcitabine,RT4_URINARY_TRACT,106,0.03650272018318975,0.564263032011266
X_pca,1.0,gemcitabine,SKES1_BONE,91,0.05671636356142206,0.685856126166962
X_pca,1.0,gemcitabine,NCIH1435_LUNG,267,0.04995818567747485,0.6721759623802557
X_pca,1.0,gemcitabine,8305C_THYROID,459,0.07702100784037998,0.7767671779090283
X_pca,1.0,gemcitabine,NCIH2228_LUNG,367,0.05139997372253578,0.6944920841289801
X_pca,1.0,gemcitabine,TE10_OESOPHAGUS,219,0.04336266425612465,0.7693881778956548
X_pca,1.0,gemcitabine,ASPC1_PANCREAS,290,0.041703719950241455,0.7174432197521473
X_pca,1.0,gemcitabine,HCC366_LUNG,202,0.061603984727973266,0.7606078100086439
X_pca,1.0,gemcitabine,BICR16_UPPER_AERODIGESTIVE_TRACT,212,0.045169389759241424,0.6629416175046057
X_pca,1.0,gemcitabine,HEC6_ENDOMETRIUM,161,0.04895707079106272,0.7186658104754383
X_pca,1.0,gemcitabine,KALS1_CENTRAL_NERVOUS_SYSTEM,288,0.0505885292844955,0.6848196511467298
X_pca,1.0,gemcitabine,NCIH2444_LUNG,237,0.05176698771505728,0.7836356799310773
X_pca,1.0,gemcitabine,SNU46_UPPER_AERODIGESTIVE_TRACT,236,0.0654548471406697,0.6868121242624218
X_pca,1.0,gemcitabine,OAW28_OVARY,161,0.042857925873384196,0.7712462755463878
X_pca,1.0,gemcitabine,SNU1214_UPPER_AERODIGESTIVE_TRACT,188,0.0314964955749608,0.7787742627427933
X_pca,1.0,gemcitabine,SKMEL5_SKIN,297,0.06542614617673911,0.8230448814754936
X_pca,1.0,gemcitabine,OVCAR4_OVARY,283,0.04847604013144573,0.8090967641281155
X_pca,1.0,gemcitabine,UACC257_SKIN,239,0.03577654440123057,0.6879281254493043
X_pca,1.0,gemcitabine,ONCODG1_OVARY,270,0.05236748852216937,0.7721883696538431
X_pca,1.0,gemcitabine,HUH28_BILIARY_TRACT,139,0.05479080219154427,0.7721399729200404
X_pca,1.0,gemcitabine,IM95_STOMACH,185,0.04797129170909525,0.5851815885788686
X_pca,1.0,gemcitabine,TE14_OESOPHAGUS,474,0.03428510519209828,0.7087833121859072
X_pca,1.0,gemcitabine,CAKI2_KIDNEY,278,0.05391684062991539,0.747842342519074
X_pca,1.0,gemcitabine,SU8686_PANCREAS,82,0.04904132849632552,0.7838143386491915
X_pca,1.0,gemcitabine,SCC25_UPPER_AERODIGESTIVE_TRACT,898,0.04764919230088633,0.6094859478401978
X_pca,1.0,gemcitabine,SCC9_UPPER_AERODIGESTIVE_TRACT,475,0.06749067298804902,0.7497070233445419
X_pca,1.0,imatinib,NCIH2126_LUNG,264,0.019904686516515863,0.9764351203586116
X_pca,1.0,imatinib,SW579_THYROID,217,0.021438047742972293,0.9076012554256597
X_pca,1.0,imatinib,NCIH446_LUNG,196,0.024366508703774045,0.9388569322775822
X_pca,1.0,imatinib,HEC251_ENDOMETRIUM,107,0.01846042571585178,0.9820999854078917
X_pca,1.0,imatinib,MFE319_ENDOMETRIUM,191,0.028680091755155068,0.9948618533723641
X_pca,1.0,imatinib,SKNAS_AUTONOMIC_GANGLIA,226,0.029135958007772623,0.9118836490453872
X_pca,1.0,imatinib,NCIH2452_PLEURA,538,0.02024214333434064,0.9411869203069396
X_pca,1.0,imatinib,COLO741_SKIN,329,0.014859419288008621,0.961798503406142
X_pca,1.0,imatinib,KNS42_CENTRAL_NERVOUS_SYSTEM,172,0.025956761523497233,0.9555387001397998
X_pca,1.0,imatinib,MCF7_BREAST,143,0.018691521191460708,0.9619251956472864
X_pca,1.0,imatinib,HT1197_URINARY_TRACT,74,0.027010028321741993,1.0310934725645426
X_pca,1.0,imatinib,SNU899_UPPER_AERODIGESTIVE_TRACT,83,0.026572713702781643,0.9732436157134642
X_pca,1.0,imatinib,HCC38_BREAST,200,0.046049708393159895,0.991084202826023
X_pca,1.0,imatinib,SNU308_BILIARY_TRACT,94,0.02984104449851334,0.9969148134931605
X_pca,1.0,imatinib,SW1271_LUNG,115,0.02932962049368407,0.9123487384422966
X_pca,1.0,imatinib,TM31_CENTRAL_NERVOUS_SYSTEM,116,0.03009512122534354,0.9363451564106448
X_pca,1.0,imatinib,NCIH747_LARGE_INTESTINE,80,0.021511351114093403,1.0212654769420624
X_pca,1.0,imatinib,KPNSI9S_AUTONOMIC_GANGLIA,129,0.04515378645854184,0.9059551261192145
X_pca,1.0,imatinib,SQ1_LUNG,238,0.02117212734373381,0.944505837534656
X_pca,1.0,imatinib,IALM_LUNG,322,0.03162461497926852,0.9993676173020594
X_pca,1.0,imatinib,BT474_BREAST,125,0.01912872408678992,1.0153641290664672
X_pca,1.0,imatinib,DKMG_CENTRAL_NERVOUS_SYSTEM,271,0.039847104937680775,0.8787736351639582
X_pca,1.0,imatinib,BT549_BREAST,266,0.027370226088283125,0.9270650374710112
X_pca,1.0,imatinib,BICR6_UPPER_AERODIGESTIVE_TRACT,286,0.034033581680513354,1.000275494127007
X_pca,1.0,imatinib,SH10TC_STOMACH,351,0.03378220236167962,1.0170806865406852
X_pca,1.0,imatinib,UMUC1_URINARY_TRACT,197,0.029817062594337276,1.0146076149746852
X_pca,1.0,imatinib,LS1034_LARGE_INTESTINE,146,0.018484429302858048,1.006870795602668
X_pca,1.0,imatinib,CCFSTTG1_CENTRAL_NERVOUS_SYSTEM,246,0.036916823717716644,0.8542372400198526
X_pca,1.0,imatinib,NCIH226_LUNG,235,0.03317136404376215,0.9681618213653564
X_pca,1.0,imatinib,LNCAPCLONEFGC_PROSTATE,129,0.016671592792274613,0.9950960421747015
X_pca,1.0,imatinib,RCC10RGB_KIDNEY,233,0.026370720356672168,0.9654507972140169
X_pca,1.0,imatinib,RERFLCAD1_LUNG,243,0.032653484117013895,1.0138221971782637
X_pca,1.0,imatinib,SKMEL2_SKIN,276,0.02651369115455196,0.9537885089715322
X_pca,1.0,imatinib,BICR31_UPPER_AERODIGESTIVE_TRACT,248,0.02696153018890993,0.9469318046204506
X_pca,1.0,imatinib,RCM1_LARGE_INTESTINE,128,0.01904804097028096,0.9021128253079951
X_pca,1.0,imatinib,COV434_OVARY,88,0.028314580679628384,0.9517094885761087
X_pca,1.0,imatinib,SNU1079_BILIARY_TRACT,73,0.02885607917333752,0.9867106382160971
X_pca,1.0,imatinib,YD38_UPPER_AERODIGESTIVE_TRACT,624,0.03028818969441548,1.003685172360677
X_pca,1.0,imatinib,NCIH1299_LUNG,534,0.031172257752822095,0.9711395229739643
X_pca,1.0,imatinib,IGR37_SKIN,347,0.01778252057527455,0.9950592450861973
X_pca,1.0,imatinib,BFTC909_KIDNEY,379,0.03516385725763948,0.9167091722224193
X_pca,1.0,imatinib,NCIH460_LUNG,837,0.019383806392979663,0.9085500477462687
X_pca,1.0,imatinib,IGR1_SKIN,725,0.021551313573076436,0.9981620144844056
X_pca,1.0,imatinib,VMCUB1_URINARY_TRACT,478,0.028819095736594198,0.984444031780235
X_pca,1.0,imatinib,JHOC5_OVARY,145,0.03632130651785355,0.9813016102231782
X_pca,1.0,imatinib,42MGBA_CENTRAL_NERVOUS_SYSTEM,518,0.035698983332240086,0.8845675308041591
X_pca,1.0,imatinib,HT1080_SOFT_TISSUE,516,0.04372170699646447,0.9676488576702369
X_pca,1.0,imatinib,LI7_LIVER,196,0.026802525949419127,0.9865192126254646
X_pca,1.0,imatinib,A375_SKIN,593,0.021017152818436326,0.953749879214655
X_pca,1.0,imatinib,FTC133_THYROID,140,0.02853274539992019,0.998688381910324
X_pca,1.0,imatinib,OVK18_OVARY,178,0.033645905593990076,0.9693277260560668
X_pca,1.0,imatinib,ACCMESO1_PLEURA,162,0.02794889345342917,0.9874023688428196
X_pca,1.0,imatinib,HMC18_BREAST,293,0.027755937969431987,0.9328760736631452
X_pca,1.0,imatinib,TOV112D_OVARY,78,0.025686240485313552,0.9292694582388952
X_pca,1.0,imatinib,JHH6_LIVER,206,0.029430095998434734,0.9106131323332926
X_pca,1.0,imatinib,A2058_SKIN,294,0.0272519861941564,1.006249496523215
X_pca,1.0,imatinib,NCIH2110_LUNG,1990,0.021055769578927123,0.978259304480337
X_pca,1.0,imatinib,NCIH650_LUNG,271,0.028318269003528136,1.0099709262707137
X_pca,1.0,imatinib,EFE184_ENDOMETRIUM,86,0.020336028183321368,0.9988756332286569
X_pca,1.0,imatinib,HUPT3_PANCREAS,136,0.0389532009854689,1.0643530111102497
X_pca,1.0,imatinib,MDAMB361_BREAST,135,0.021895405136682148,0.9889175128053735
X_pca,1.0,imatinib,BCPAP_THYROID,152,0.031754923851692096,0.9873297147844967
X_pca,1.0,imatinib,PECAPJ49_UPPER_AERODIGESTIVE_TRACT,202,0.03425820836828604,1.0154293241477248
X_pca,1.0,imatinib,EKVX_LUNG,146,0.031223783105315497,0.9801518059756658
X_pca,1.0,imatinib,BICR56_UPPER_AERODIGESTIVE_TRACT,81,0.017200910171346468,0.9512127777676523
X_pca,1.0,imatinib,NCIH2170_LUNG,142,0.019110434295540397,0.9552494665266762
X_pca,1.0,imatinib,DETROIT562_UPPER_AERODIGESTIVE_TRACT,163,0.02908099017763902,0.9596216883396078
X_pca,1.0,imatinib,SW1088_CENTRAL_NERVOUS_SYSTEM,128,0.03042474151016473,0.9164505349472165
X_pca,1.0,imatinib,BHY_UPPER_AERODIGESTIVE_TRACT,145,0.020478178096934037,1.003092833223014
X_pca,1.0,imatinib,CAS1_CENTRAL_NERVOUS_SYSTEM,133,0.03194669187661235,0.8867802041813844
X_pca,1.0,imatinib,HCC1428_BREAST,127,0.020321336527188826,1.042760660329203
X_pca,1.0,imatinib,HDQP1_BREAST,64,0.024133627103215483,0.9816776607185602
X_pca,1.0,imatinib,OSRC2_KIDNEY,126,0.018473371626047248,0.9159918881597973
X_pca,1.0,imatinib,HUPT4_PANCREAS,56,0.027293299683000254,1.0037158269967352
X_pca,1.0,imatinib,TCCSUP_URINARY_TRACT,316,0.025922619639923084,0.9376172976026053
X_pca,1.0,imatinib,VMRCRCZ_KIDNEY,300,0.03512487913675708,0.9478018021583557
X_pca,1.0,imatinib,PK59_PANCREAS,174,0.023642111348153808,0.9770351333179693
X_pca,1.0,imatinib,HUH6_LIVER,338,0.017609752071618745,1.0090002757910441
X_pca,1.0,imatinib,MSTO211H_PLEURA,297,0.026631944553989602,0.8993543037260422
X_pca,1.0,imatinib,HS852T_SKIN,162,0.01511491933904424,0.9345770088242896
X_pca,1.0,imatinib,SKMEL30_SKIN,353,0.019671968503079323,0.9577804697471705
X_pca,1.0,imatinib,T47D_BREAST,221,0.023901222824110776,0.9667829302101653
X_pca,1.0,imatinib,CALU6_LUNG,258,0.02196488122313514,0.9256773801275002
X_pca,1.0,imatinib,NCIH522_LUNG,208,0.02609947499940156,0.951041439977976
X_pca,1.0,imatinib,LMSU_STOMACH,255,0.035000215813752504,0.8904751024994195
X_pca,1.0,imatinib,SNUC4_LARGE_INTESTINE,467,0.019626846602032656,0.970949132641582
X_pca,1.0,imatinib,RVH421_SKIN,239,0.019124238160655938,0.993967926402471
X_pca,1.0,imatinib,OVSAHO_OVARY,227,0.027257866472027183,1.0263537748794724
X_pca,1.0,imatinib,GOS3_CENTRAL_NERVOUS_SYSTEM,191,0.030036000812480656,0.9590166201766249
X_pca,1.0,imatinib,SNU738_CENTRAL_NERVOUS_SYSTEM,379,0.028942859576715135,0.9598327124968054
X_pca,1.0,imatinib,PC3_PROSTATE,169,0.029001693830961524,0.9633958561885991
X_pca,1.0,imatinib,PATU8988S_PANCREAS,244,0.01598287920697564,0.9976774219606743
X_pca,1.0,imatinib,OVTOKO_OVARY,209,0.029323274724353903,0.9813471955545782
X_pca,1.0,imatinib,TE1_OESOPHAGUS,206,0.02438663169503801,0.9980006935527024
X_pca,1.0,imatinib,NCIH2087_LUNG,219,0.028768821458187082,1.0130806570728075
X_pca,1.0,imatinib,EFM192A_BREAST,333,0.01709161096972134,1.003065554050354
X_pca,1.0,imatinib,SNU423_LIVER,212,0.02463137813682877,0.9955927791460505
X_pca,1.0,imatinib,KPL1_BREAST,276,0.012443049586879074,0.9575562576452891
X_pca,1.0,imatinib,NCIH358_LUNG,336,0.029366821999269942,0.9946775956168061
X_pca,1.0,imatinib,COLO792_SKIN,271,0.021073152717067438,1.001506927708418
X_pca,1.0,imatinib,KYSE520_OESOPHAGUS,323,0.029327512964255398,0.966026082865594
X_pca,1.0,imatinib,KMRC3_KIDNEY,245,0.023291012587696596,0.9592202529615286
X_pca,1.0,imatinib,MKN7_STOMACH,258,0.02572046704343347,1.050976186066635
X_pca,1.0,imatinib,NCIH1944_LUNG,414,0.029602704528940118,0.9753062762500008
X_pca,1.0,imatinib,TE6_OESOPHAGUS,551,0.028435930146118806,0.9745370963091426
X_pca,1.0,imatinib,ZR751_BREAST,309,0.02186943312181458,0.9752974359734544
X_pca,1.0,imatinib,PANC0203_PANCREAS,506,0.02282885794650401,0.9497009538143519
X_pca,1.0,imatinib,SW1990_PANCREAS,307,0.02409308863959697,0.997422924647502
X_pca,1.0,imatinib,RD_SOFT_TISSUE,261,0.027263428947227372,0.9107132994808913
X_pca,1.0,imatinib,NCIH1792_LUNG,111,0.02601521286317359,0.9363603860408336
X_pca,1.0,imatinib,PK45H_PANCREAS,271,0.022390945418459623,1.015651697382276
X_pca,1.0,imatinib,LS180_LARGE_INTESTINE,361,0.017199425895718143,0.9577027567535886
X_pca,1.0,imatinib,RERFLCAI_LUNG,763,0.025423875169682128,1.0175227115069898
X_pca,1.0,imatinib,CAMA1_BREAST,291,0.01562576283213689,0.950176847759391
X_pca,1.0,imatinib,SNU449_LIVER,282,0.02508210598773063,0.8965548469242475
X_pca,1.0,imatinib,A204_SOFT_TISSUE,250,0.02760978097713485,0.9553534891605377
X_pca,1.0,imatinib,MKN45_STOMACH,118,0.02399377806454594,0.9993038091619136
X_pca,1.0,imatinib,HEP3B217_LIVER,118,0.030337586498409713,0.94162904104944
X_pca,1.0,imatinib,HOS_BONE,829,0.029234354173538122,0.9578682593327236
X_pca,1.0,imatinib,EBC1_LUNG,186,0.02299377212654536,0.9375445849152022
X_pca,1.0,imatinib,NCIH292_LUNG,213,0.02181358582391802,1.0029353933155256
X_pca,1.0,imatinib,OUMS23_LARGE_INTESTINE,107,0.030380396891262717,0.9719082507017617
X_pca,1.0,imatinib,HEC151_ENDOMETRIUM,250,0.024848659475059254,0.9949306995868683
X_pca,1.0,imatinib,NCIH1373_LUNG,164,0.02108763692051239,0.9527847101775612
X_pca,1.0,imatinib,TE9_OESOPHAGUS,248,0.027998569691899237,0.9527309433587136
X_pca,1.0,imatinib,HCC56_LARGE_INTESTINE,99,0.017205698349489564,0.9219953249199222
X_pca,1.0,imatinib,HT55_LARGE_INTESTINE,211,0.01721654104508588,0.994586777348089
X_pca,1.0,imatinib,RT4_URINARY_TRACT,106,0.019438862695284095,0.9511424258070172
X_pca,1.0,imatinib,SKES1_BONE,91,0.026582177729220734,0.9510268385593708
X_pca,1.0,imatinib,NCIH1435_LUNG,267,0.01985497077871116,0.9222555171684379
X_pca,1.0,imatinib,8305C_THYROID,459,0.03896713714215121,0.9325234896477012
X_pca,1.0,imatinib,NCIH2228_LUNG,367,0.023964146492540965,0.9411339410644136
X_pca,1.0,imatinib,TE10_OESOPHAGUS,219,0.023703609240743183,0.9985189612053301
X_pca,1.0,imatinib,ASPC1_PANCREAS,290,0.02281211753462704,0.9964423463262361
X_pca,1.0,imatinib,HCC366_LUNG,202,0.024839969830034545,1.0447782694113137
X_pca,1.0,imatinib,BICR16_UPPER_AERODIGESTIVE_TRACT,212,0.020570256158574357,0.9726249297272485
X_pca,1.0,imatinib,HEC6_ENDOMETRIUM,161,0.0283932909619067,0.989933799512638
X_pca,1.0,imatinib,KALS1_CENTRAL_NERVOUS_SYSTEM,288,0.029781124430005752,0.9417715223713053
X_pca,1.0,imatinib,NCIH2444_LUNG,237,0.020236359264989522,0.9910135249045328
X_pca,1.0,imatinib,SNU46_UPPER_AERODIGESTIVE_TRACT,236,0.02494093996681965,0.9839673767150459
X_pca,1.0,imatinib,OAW28_OVARY,161,0.019250288133647746,1.022717094939688
X_pca,1.0,imatinib,SNU1214_UPPER_AERODIGESTIVE_TRACT,188,0.02700129715265887,1.0317968738839982
X_pca,1.0,imatinib,SKMEL5_SKIN,297,0.017254575948406622,0.9891601546043499
X_pca,1.0,imatinib,OVCAR4_OVARY,283,0.026380973240266344,1.0516679333292553
X_pca,1.0,imatinib,UACC257_SKIN,239,0.018183368613338715,0.9491217700008568
X_pca,1.0,imatinib,ONCODG1_OVARY,270,0.026919784509047678,1.0203727863453054
X_pca,1.0,imatinib,HUH28_BILIARY_TRACT,139,0.026371260016375877,1.025352845089041
X_pca,1.0,imatinib,IM95_STOMACH,185,0.015752331398556137,0.9870108424006282
X_pca,1.0,imatinib,TE14_OESOPHAGUS,474,0.03057420770688392,0.9645163615544637
X_pca,1.0,imatinib,CAKI2_KIDNEY,278,0.019160051541075297,0.9544515950645475
X_pca,1.0,imatinib,SU8686_PANCREAS,82,0.018865742337713817,1.0234646709953867
X_pca,1.0,imatinib,SCC25_UPPER_AERODIGESTIVE_TRACT,898,0.025358402284192963,0.9612561007650499
X_pca,1.0,imatinib,SCC9_UPPER_AERODIGESTIVE_TRACT,475,0.02845743529773757,0.9865649269756518
X_pca,1.0,erlotinib,NCIH2126_LUNG,264,0.03409517940546834,0.8673646951263602
X_pca,1.0,erlotinib,SW579_THYROID,217,0.03391040367052013,1.005966993795562
X_pca,1.0,erlotinib,NCIH446_LUNG,196,0.0484301602438977,0.9829757624134725
X_pca,1.0,erlotinib,HEC251_ENDOMETRIUM,107,0.04495291975506512,0.8514284240865262
X_pca,1.0,erlotinib,MFE319_ENDOMETRIUM,191,0.0404233415409302,0.8908699872606087
X_pca,1.0,erlotinib,SKNAS_AUTONOMIC_GANGLIA,226,0.03995744560002064,0.886737777332289
X_pca,1.0,erlotinib,NCIH2452_PLEURA,538,0.02986824848780626,0.9693176327584845
X_pca,1.0,erlotinib,COLO741_SKIN,329,0.025092841912791677,0.9701950236656746
X_pca,1.0,erlotinib,KNS42_CENTRAL_NERVOUS_SYSTEM,172,0.03523152871704464,0.9022656138553176
X_pca,1.0,erlotinib,MCF7_BREAST,143,0.023664125165612844,0.9720879384687731
X_pca,1.0,erlotinib,HT1197_URINARY_TRACT,74,0.03696397250865861,0.8210002441663999
X_pca,1.0,erlotinib,SNU899_UPPER_AERODIGESTIVE_TRACT,83,0.0361546204297661,0.710425098976457
X_pca,1.0,erlotinib,HCC38_BREAST,200,0.03165742183555763,0.8726660561561584
X_pca,1.0,erlotinib,SNU308_BILIARY_TRACT,94,0.033330513904424104,0.845019204819456
X_pca,1.0,erlotinib,SW1271_LUNG,115,0.032389580566031036,0.9104949883792711
X_pca,1.0,erlotinib,TM31_CENTRAL_NERVOUS_SYSTEM,116,0.03396631264854273,0.9251767427756868
X_pca,1.0,erlotinib,NCIH747_LARGE_INTESTINE,80,0.028873299248836186,0.9261798590421677
X_pca,1.0,erlotinib,KPNSI9S_AUTONOMIC_GANGLIA,129,0.026732520512397023,0.9301604924275894
X_pca,1.0,erlotinib,SQ1_LUNG,238,0.060522061891052865,0.8484380706017759
X_pca,1.0,erlotinib,IALM_LUNG,322,0.0458997992490533,0.8797516113852862
X_pca,1.0,erlotinib,BT474_BREAST,125,0.032722339235818604,0.9636450381278991
X_pca,1.0,erlotinib,DKMG_CENTRAL_NERVOUS_SYSTEM,271,0.021468454668323308,0.9528855336108331
X_pca,1.0,erlotinib,BT549_BREAST,266,0.028838626606354403,0.962360038569099
X_pca,1.0,erlotinib,BICR6_UPPER_AERODIGESTIVE_TRACT,286,0.04831077540821123,0.807101523125922
X_pca,1.0,erlotinib,SH10TC_STOMACH,351,0.027080382060361105,0.968932839370521
X_pca,1.0,erlotinib,UMUC1_URINARY_TRACT,197,0.03239562381938295,0.7837600928877816
X_pca,1.0,erlotinib,LS1034_LARGE_INTESTINE,146,0.033360719402896415,0.8501886700930661
X_pca,1.0,erlotinib,CCFSTTG1_CENTRAL_NERVOUS_SYSTEM,246,0.021472902775383558,0.9416302987715093
X_pca,1.0,erlotinib,NCIH226_LUNG,235,0.03444852439911612,0.9403095567480046
X_pca,1.0,erlotinib,LNCAPCLONEFGC_PROSTATE,129,0.02346795401855752,0.9177109271056892
X_pca,1.0,erlotinib,RCC10RGB_KIDNEY,233,0.03309595978521041,0.879439236780093
X_pca,1.0,erlotinib,RERFLCAD1_LUNG,243,0.0361352580843815,0.9627069784290015
X_pca,1.0,erlotinib,SKMEL2_SKIN,276,0.03635538666917247,0.9449645527031111
X_pca,1.0,erlotinib,BICR31_UPPER_AERODIGESTIVE_TRACT,248,0.0535033711876989,0.8160693143163958
X_pca,1.0,erlotinib,RCM1_LARGE_INTESTINE,128,0.044591640084540814,0.8273704177699983
X_pca,1.0,erlotinib,COV434_OVARY,88,0.04536581198383025,0.9161410961638797
X_pca,1.0,erlotinib,SNU1079_BILIARY_TRACT,73,0.03256795218225674,0.9212302508419508
X_pca,1.0,erlotinib,YD38_UPPER_AERODIGESTIVE_TRACT,624,0.031997481713770176,0.804659862930958
X_pca,1.0,erlotinib,NCIH1299_LUNG,534,0.03485295006613435,0.9464013482747453
X_pca,1.0,erlotinib,IGR37_SKIN,347,0.023506374172246356,0.9611214012852319
X_pca,1.0,erlotinib,BFTC909_KIDNEY,379,0.028255070149915035,0.9625357858109286
X_pca,1.0,erlotinib,NCIH460_LUNG,837,0.033992398497278545,0.8317529258619785
X_pca,1.0,erlotinib,IGR1_SKIN,725,0.021249953172074145,0.9492420539362677
X_pca,1.0,erlotinib,VMCUB1_URINARY_TRACT,478,0.03808205288331043,0.7966148920637793
X_pca,1.0,erlotinib,JHOC5_OVARY,145,0.04468111304214435,0.8266533132257132
X_pca,1.0,erlotinib,42MGBA_CENTRAL_NERVOUS_SYSTEM,518,0.0328060482227312,1.007210670866101
X_pca,1.0,erlotinib,HT1080_SOFT_TISSUE,516,0.0347931255031758,0.8994105100169663
X_pca,1.0,erlotinib,LI7_LIVER,196,0.03755708601405766,0.8962764834262886
X_pca,1.0,erlotinib,A375_SKIN,593,0.04663983703917924,0.9523692473794316
X_pca,1.0,erlotinib,FTC133_THYROID,140,0.04494433025040681,0.9760572642087937
X_pca,1.0,erlotinib,OVK18_OVARY,178,0.02729606128015074,0.9185734535201212
X_pca,1.0,erlotinib,ACCMESO1_PLEURA,162,0.036430373505680166,0.9942603571179472
X_pca,1.0,erlotinib,HMC18_BREAST,293,0.040204354762907464,0.9277418414480451
X_pca,1.0,erlotinib,TOV112D_OVARY,78,0.028348084080186072,0.9128323090382111
X_pca,1.0,erlotinib,JHH6_LIVER,206,0.04572843570605259,0.8942354338840374
X_pca,1.0,erlotinib,A2058_SKIN,294,0.022349185047609202,0.9506050646305084
X_pca,1.0,erlotinib,NCIH2110_LUNG,1990,0.028388385746298695,0.8396983037342378
X_pca,1.0,erlotinib,NCIH650_LUNG,271,0.03109535120716977,0.9108785738364357
X_pca,1.0,erlotinib,EFE184_ENDOMETRIUM,86,0.027137380007075888,0.8458516750224802
X_pca,1.0,erlotinib,HUPT3_PANCREAS,136,0.047636450599593275,0.912786071353099
X_pca,1.0,erlotinib,MDAMB361_BREAST,135,0.03278251200787939,0.9365833322207133
X_pca,1.0,erlotinib,BCPAP_THYROID,152,0.03784419844310357,1.0000113707623983
X_pca,1.0,erlotinib,PECAPJ49_UPPER_AERODIGESTIVE_TRACT,202,0.033787871971431946,0.747857648547333
X_pca,1.0,erlotinib,EKVX_LUNG,146,0.03907083001569475,0.9116185703506209
X_pca,1.0,erlotinib,BICR56_UPPER_AERODIGESTIVE_TRACT,81,0.020618721506365432,0.7001546098862166
X_pca,1.0,erlotinib,NCIH2170_LUNG,142,0.03457791365974803,0.8681436785509888
X_pca,1.0,erlotinib,DETROIT562_UPPER_AERODIGESTIVE_TRACT,163,0.04104444301329457,0.7189047197622755
X_pca,1.0,erlotinib,SW1088_CENTRAL_NERVOUS_SYSTEM,128,0.03104096331537501,1.0218373844400048
X_pca,1.0,erlotinib,BHY_UPPER_AERODIGESTIVE_TRACT,145,0.03819531336731199,0.7012715302664658
X_pca,1.0,erlotinib,CAS1_CENTRAL_NERVOUS_SYSTEM,133,0.025585493060201324,0.9630973097076989
X_pca,1.0,erlotinib,HCC1428_BREAST,127,0.02778530684475482,0.898946512402512
X_pca,1.0,erlotinib,HDQP1_BREAST,64,0.042843039252286066,0.916845727711916
X_pca,1.0,erlotinib,OSRC2_KIDNEY,126,0.032508746892106304,0.881217349616308
X_pca,1.0,erlotinib,HUPT4_PANCREAS,56,0.04772436316360441,0.8687928840517998
X_pca,1.0,erlotinib,TCCSUP_URINARY_TRACT,316,0.03585091302361588,0.9282395507715926
X_pca,1.0,erlotinib,VMRCRCZ_KIDNEY,300,0.0344277653910879,0.9140394163131714
X_pca,1.0,erlotinib,PK59_PANCREAS,174,0.03766958960120387,0.9505136855717363
X_pca,1.0,erlotinib,HUH6_LIVER,338,0.03301084995182747,0.8551048454801007
X_pca,1.0,erlotinib,MSTO211H_PLEURA,297,0.024739186133154453,0.9577000317750154
X_pca,1.0,erlotinib,HS852T_SKIN,162,0.031347227603235536,0.9803782944326047
X_pca,1.0,erlotinib,SKMEL30_SKIN,353,0.02898182916761577,0.9355464765100237
X_pca,1.0,erlotinib,T47D_BREAST,221,0.027724100262326776,0.9736064799231102
X_pca,1.0,erlotinib,CALU6_LUNG,258,0.030278798361028602,0.956057294163593
X_pca,1.0,erlotinib,NCIH522_LUNG,208,0.02997790387522118,0.8930207359103056
X_pca,1.0,erlotinib,LMSU_STOMACH,255,0.036895462469618764,0.8858423850115608
X_pca,1.0,erlotinib,SNUC4_LARGE_INTESTINE,467,0.02646068106660603,0.8130168302156174
X_pca,1.0,erlotinib,RVH421_SKIN,239,0.035058555799202695,1.0042256922402641
X_pca,1.0,erlotinib,OVSAHO_OVARY,227,0.03207139089465325,0.898745668091963
X_pca,1.0,erlotinib,GOS3_CENTRAL_NERVOUS_SYSTEM,191,0.028872707528983247,0.9574818470715228
X_pca,1.0,erlotinib,SNU738_CENTRAL_NERVOUS_SYSTEM,379,0.02870336479339979,0.9443677198289252
X_pca,1.0,erlotinib,PC3_PROSTATE,169,0.039391290679699015,0.934414281294896
X_pca,1.0,erlotinib,PATU8988S_PANCREAS,244,0.026469156351527193,0.8934687312509193
X_pca,1.0,erlotinib,OVTOKO_OVARY,209,0.03021195632513838,0.8696419456929111
X_pca,1.0,erlotinib,TE1_OESOPHAGUS,206,0.03910665404603907,0.8287649070753634
X_pca,1.0,erlotinib,NCIH2087_LUNG,219,0.04338558992204062,0.8361387146662359
X_pca,1.0,erlotinib,EFM192A_BREAST,333,0.029679913061074648,0.9148192717148377
X_pca,1.0,erlotinib,SNU423_LIVER,212,0.031576292389982434,0.9627373662759673
X_pca,1.0,erlotinib,KPL1_BREAST,276,0.02136921469356432,0.9559929770404014
X_pca,1.0,erlotinib,NCIH358_LUNG,336,0.037064958303860446,0.9050774072252569
X_pca,1.0,erlotinib,COLO792_SKIN,271,0.028857832616960875,0.9608586226002317
X_pca,1.0,erlotinib,KYSE520_OESOPHAGUS,323,0.04168271265704516,0.7712872561655546
X_pca,1.0,erlotinib,KMRC3_KIDNEY,245,0.02628406764771887,0.9424749128672542
X_pca,1.0,erlotinib,MKN7_STOMACH,258,0.04334901140003814,0.9269048786440561
X_pca,1.0,erlotinib,NCIH1944_LUNG,414,0.0338038354383179,0.9075084678504778
X_pca,1.0,erlotinib,TE6_OESOPHAGUS,551,0.034166046690307185,0.8048092980350211
X_pca,1.0,erlotinib,ZR751_BREAST,309,0.02608507196854847,0.9264180259025598
X_pca,1.0,erlotinib,PANC0203_PANCREAS,506,0.055183019145090925,0.7994393903040603
X_pca,1.0,erlotinib,SW1990_PANCREAS,307,0.03703477371404789,0.9932479184691215
X_pca,1.0,erlotinib,RD_SOFT_TISSUE,261,0.034448079227685315,0.9479725354019253
X_pca,1.0,erlotinib,NCIH1792_LUNG,111,0.04499409115454194,0.9380717121803008
X_pca,1.0,erlotinib,PK45H_PANCREAS,271,0.03168149839995689,0.8945310742652725
X_pca,1.0,erlotinib,LS180_LARGE_INTESTINE,361,0.03300486165397454,0.8256804612865078
X_pca,1.0,erlotinib,RERFLCAI_LUNG,763,0.02697899474668331,1.0029161149052461
X_pca,1.0,erlotinib,CAMA1_BREAST,291,0.02923467720973248,0.957748922695409
X_pca,1.0,erlotinib,SNU449_LIVER,282,0.04200498602519166,0.8386785254833546
X_pca,1.0,erlotinib,A204_SOFT_TISSUE,250,0.03452212351628409,0.9967108671665191
X_pca,1.0,erlotinib,MKN45_STOMACH,118,0.03653644472641507,0.8512206314984014
X_pca,1.0,erlotinib,HEP3B217_LIVER,118,0.03142190390465241,0.8503408229957192
X_pca,1.0,erlotinib,HOS_BONE,829,0.03414930764333541,0.9618312494314767
X_pca,1.0,erlotinib,EBC1_LUNG,186,0.049549057900228566,0.8763219874392274
X_pca,1.0,erlotinib,NCIH292_LUNG,213,0.033360080665399354,0.7496072042715941
X_pca,1.0,erlotinib,OUMS23_LARGE_INTESTINE,107,0.026001287734256456,0.9147740702762782
X_pca,1.0,erlotinib,HEC151_ENDOMETRIUM,250,0.03621087144486916,0.8459070093631744
X_pca,1.0,erlotinib,NCIH1373_LUNG,164,0.05196375196156567,0.8916536893059568
X_pca,1.0,erlotinib,TE9_OESOPHAGUS,248,0.03442966033731233,0.7271838642416462
X_pca,1.0,erlotinib,HCC56_LARGE_INTESTINE,99,0.03711984538472968,0.8222470217280917
X_pca,1.0,erlotinib,HT55_LARGE_INTESTINE,211,0.025926232505829996,0.9133860172253649
X_pca,1.0,erlotinib,RT4_URINARY_TRACT,106,0.023543764687075846,0.8854289122347562
X_pca,1.0,erlotinib,SKES1_BONE,91,0.025622236919218173,0.9146222301891872
X_pca,1.0,erlotinib,NCIH1435_LUNG,267,0.04600128093932483,0.8034558760539423
X_pca,1.0,erlotinib,8305C_THYROID,459,0.0314069318948563,0.9723790799610496
X_pca,1.0,erlotinib,NCIH2228_LUNG,367,0.052730532277948036,0.8244660418754702
X_pca,1.0,erlotinib,TE10_OESOPHAGUS,219,0.02705116466203329,0.760740940157137
X_pca,1.0,erlotinib,ASPC1_PANCREAS,290,0.02779647420540865,0.8154732412305371
X_pca,1.0,erlotinib,HCC366_LUNG,202,0.032424066226400323,0.9220949721218336
X_pca,1.0,erlotinib,BICR16_UPPER_AERODIGESTIVE_TRACT,212,0.03067847788871712,0.7529837410404997
X_pca,1.0,erlotinib,HEC6_ENDOMETRIUM,161,0.03531214267621767,0.86248340888053
X_pca,1.0,erlotinib,KALS1_CENTRAL_NERVOUS_SYSTEM,288,0.02871980465541935,0.9739879690524604
X_pca,1.0,erlotinib,NCIH2444_LUNG,237,0.045332356929737416,0.8880591757186858
X_pca,1.0,erlotinib,SNU46_UPPER_AERODIGESTIVE_TRACT,236,0.067562698381645,0.8876362450547137
X_pca,1.0,erlotinib,OAW28_OVARY,161,0.02619315193927754,0.8384410298388937
X_pca,1.0,erlotinib,SNU1214_UPPER_AERODIGESTIVE_TRACT,188,0.029428277420874435,0.7580778697069656
X_pca,1.0,erlotinib,SKMEL5_SKIN,297,0.029155465374220434,0.9838963949720466
X_pca,1.0,erlotinib,OVCAR4_OVARY,283,0.034053406067981455,0.8653689736612272
X_pca,1.0,erlotinib,UACC257_SKIN,239,0.0248212557959171,0.898789846996882
X_pca,1.0,erlotinib,ONCODG1_OVARY,270,0.02328327147419991,0.8955618677315889
X_pca,1.0,erlotinib,HUH28_BILIARY_TRACT,139,0.027422368448716972,0.9536928148578396
X_pca,1.0,erlotinib,IM95_STOMACH,185,0.025882562217333843,0.8107722301740904
X_pca,1.0,erlotinib,TE14_OESOPHAGUS,474,0.03131640336564999,0.7778911262373381
X_pca,1.0,erlotinib,CAKI2_KIDNEY,278,0.028396883531555898,0.8356123613796645
X_pca,1.0,erlotinib,SU8686_PANCREAS,82,0.03099427448931679,0.869203722331582
X_pca,1.0,erlotinib,SCC25_UPPER_AERODIGESTIVE_TRACT,898,0.0280417726198268,0.7559199351112136
X_pca,1.0,erlotinib,SCC9_UPPER_AERODIGESTIVE_TRACT,475,0.03607792758999771,0.8872295044597827
X_pca,1.0,sorafenib,NCIH2126_LUNG,264,0.024424356660728317,0.9170112244107507
X_pca,1.0,sorafenib,SW579_THYROID,217,0.01712343204302601,0.8413797968543619
X_pca,1.0,sorafenib,NCIH446_LUNG,196,0.02368865613856945,0.8299846761688894
X_pca,1.0,sorafenib,HEC251_ENDOMETRIUM,107,0.02045892415565706,0.913114927639471
X_pca,1.0,sorafenib,MFE319_ENDOMETRIUM,191,0.025442606764556657,0.8712049182796977
X_pca,1.0,sorafenib,SKNAS_AUTONOMIC_GANGLIA,226,0.025691733880979242,0.8241074267214379
X_pca,1.0,sorafenib,NCIH2452_PLEURA,538,0.01915373229870298,0.8674981312680865
X_pca,1.0,sorafenib,COLO741_SKIN,329,0.01674517122430203,0.8760987616237536
X_pca,1.0,sorafenib,KNS42_CENTRAL_NERVOUS_SYSTEM,172,0.02521390262957043,0.8815146112857863
X_pca,1.0,sorafenib,MCF7_BREAST,143,0.02770123852693519,0.9652181797094278
X_pca,1.0,sorafenib,HT1197_URINARY_TRACT,74,0.023264756872166403,0.9631538673027141
X_pca,1.0,sorafenib,SNU899_UPPER_AERODIGESTIVE_TRACT,83,0.021193557895298466,0.8653711741229138
X_pca,1.0,sorafenib,HCC38_BREAST,200,0.03818922037239339,0.8828947827219963
X_pca,1.0,sorafenib,SNU308_BILIARY_TRACT,94,0.021182855044121696,0.9572000960086254
X_pca,1.0,sorafenib,SW1271_LUNG,115,0.03150225599264385,0.8608082693556081
X_pca,1.0,sorafenib,TM31_CENTRAL_NERVOUS_SYSTEM,116,0.022399042699323655,0.8548912570394319
X_pca,1.0,sorafenib,NCIH747_LARGE_INTESTINE,80,0.026246729488298644,0.9272680446505547
X_pca,1.0,sorafenib,KPNSI9S_AUTONOMIC_GANGLIA,129,0.03912314595205831,0.8110169583512831
X_pca,1.0,sorafenib,SQ1_LUNG,238,0.021198202177135715,0.8730754559280491
X_pca,1.0,sorafenib,IALM_LUNG,322,0.025905790419201023,0.868946603736522
X_pca,1.0,sorafenib,BT474_BREAST,125,0.024534801587530734,0.9301369500160217
X_pca,1.0,sorafenib,DKMG_CENTRAL_NERVOUS_SYSTEM,271,0.0359310914586088,0.8090397379055234
X_pca,1.0,sorafenib,BT549_BREAST,266,0.03159823496970691,0.8515319472416899
X_pca,1.0,sorafenib,BICR6_UPPER_AERODIGESTIVE_TRACT,286,0.026295365722399384,0.9150526873715275
X_pca,1.0,sorafenib,SH10TC_STOMACH,351,0.02912315745500644,0.9156725627404673
X_pca,1.0,sorafenib,UMUC1_URINARY_TRACT,197,0.021678269800893244,0.9499289429732386
X_pca,1.0,sorafenib,LS1034_LARGE_INTESTINE,146,0.020939502322802655,0.9497044192601557
X_pca,1.0,sorafenib,CCFSTTG1_CENTRAL_NERVOUS_SYSTEM,246,0.0350610232169738,0.7849538219653494
X_pca,1.0,sorafenib,NCIH226_LUNG,235,0.03148391131461333,0.8768335560534862
X_pca,1.0,sorafenib,LNCAPCLONEFGC_PROSTATE,129,0.01514976859611785,0.9007891841637071
X_pca,1.0,sorafenib,RCC10RGB_KIDNEY,233,0.021770391640277192,0.8898434344791036
X_pca,1.0,sorafenib,RERFLCAD1_LUNG,243,0.02654459618047491,0.9099846810960965
X_pca,1.0,sorafenib,SKMEL2_SKIN,276,0.03132894886128757,0.894596868235132
X_pca,1.0,sorafenib,BICR31_UPPER_AERODIGESTIVE_TRACT,248,0.01933627031501214,0.8990902638723773
X_pca,1.0,sorafenib,RCM1_LARGE_INTESTINE,128,0.01684022942212118,0.8686081464402378
X_pca,1.0,sorafenib,COV434_OVARY,88,0.020079361922777827,0.8901295092972842
X_pca,1.0,sorafenib,SNU1079_BILIARY_TRACT,73,0.0288121673479133,0.9233099859054774
X_pca,1.0,sorafenib,YD38_UPPER_AERODIGESTIVE_TRACT,624,0.021315910883129514,0.9267200239193745
X_pca,1.0,sorafenib,NCIH1299_LUNG,534,0.02564655768144136,0.8522135831890035
X_pca,1.0,sorafenib,IGR37_SKIN,347,0.018111289342836803,0.8970819222136945
X_pca,1.0,sorafenib,BFTC909_KIDNEY,379,0.032394913533060676,0.8388817854481196
X_pca,1.0,sorafenib,NCIH460_LUNG,837,0.021982447245449205,0.8073355063457786
X_pca,1.0,sorafenib,IGR1_SKIN,725,0.02334042190234549,0.891735971385035
X_pca,1.0,sorafenib,VMCUB1_URINARY_TRACT,478,0.023030871772959507,0.9255890893636887
X_pca,1.0,sorafenib,JHOC5_OVARY,145,0.03565347478725386,0.9119624997007436
X_pca,1.0,sorafenib,42MGBA_CENTRAL_NERVOUS_SYSTEM,518,0.023875675240252327,0.8548569558440028
X_pca,1.0,sorafenib,HT1080_SOFT_TISSUE,516,0.04091983904367107,0.87999777172425
X_pca,1.0,sorafenib,LI7_LIVER,196,0.031059938941627608,0.9054386104856219
X_pca,1.0,sorafenib,A375_SKIN,593,0.0227962824980767,0.8631315747963839
X_pca,1.0,sorafenib,FTC133_THYROID,140,0.020402426904448663,0.905396129829543
X_pca,1.0,sorafenib,OVK18_OVARY,178,0.033964843400102175,0.8615707832106044
X_pca,1.0,sorafenib,ACCMESO1_PLEURA,162,0.02556370177789193,0.8711042705877328
X_pca,1.0,sorafenib,HMC18_BREAST,293,0.022995892502283236,0.823801240416517
X_pca,1.0,sorafenib,TOV112D_OVARY,78,0.02225116385618351,0.8322661305085207
X_pca,1.0,sorafenib,JHH6_LIVER,206,0.021662623499022073,0.8297653962107538
X_pca,1.0,sorafenib,A2058_SKIN,294,0.03103195146028716,0.9148740677201018
X_pca,1.0,sorafenib,NCIH2110_LUNG,1990,0.023271275505912067,0.9353333078437115
X_pca,1.0,sorafenib,NCIH650_LUNG,271,0.026274634120042415,0.9302070939232943
X_pca,1.0,sorafenib,EFE184_ENDOMETRIUM,86,0.023741001067464018,0.9123721711857374
X_pca,1.0,sorafenib,HUPT3_PANCREAS,136,0.024139510718794395,0.9316018640118486
X_pca,1.0,sorafenib,MDAMB361_BREAST,135,0.023916329121143443,0.9105018902707983
X_pca,1.0,sorafenib,BCPAP_THYROID,152,0.025420031137013636,0.8940273821353912
X_pca,1.0,sorafenib,PECAPJ49_UPPER_AERODIGESTIVE_TRACT,202,0.02247452916529179,0.950025183139461
X_pca,1.0,sorafenib,EKVX_LUNG,146,0.02327608885943428,0.8989280021353944
X_pca,1.0,sorafenib,BICR56_UPPER_AERODIGESTIVE_TRACT,81,0.01876166374141022,0.8942914053245827
X_pca,1.0,sorafenib,NCIH2170_LUNG,142,0.02715234238007119,0.8766411458942253
X_pca,1.0,sorafenib,DETROIT562_UPPER_AERODIGESTIVE_TRACT,163,0.023989364795327258,0.8722422634897057
X_pca,1.0,sorafenib,SW1088_CENTRAL_NERVOUS_SYSTEM,128,0.02785018952182089,0.8847861215472221
X_pca,1.0,sorafenib,BHY_UPPER_AERODIGESTIVE_TRACT,145,0.01726172960952056,0.9131006832780509
X_pca,1.0,sorafenib,CAS1_CENTRAL_NERVOUS_SYSTEM,133,0.029929600549938932,0.8173014512635711
X_pca,1.0,sorafenib,HCC1428_BREAST,127,0.023543904778418466,0.968795466141438
X_pca,1.0,sorafenib,HDQP1_BREAST,64,0.024655427063254902,0.9178559901192784
X_pca,1.0,sorafenib,OSRC2_KIDNEY,126,0.01488196313871012,0.8831581374009451
X_pca,1.0,sorafenib,HUPT4_PANCREAS,56,0.03246439222381773,0.8787676032100405
X_pca,1.0,sorafenib,TCCSUP_URINARY_TRACT,316,0.022436708622979282,0.8550413722478891
X_pca,1.0,sorafenib,VMRCRCZ_KIDNEY,300,0.029692217032139947,0.8634701399008433
X_pca,1.0,sorafenib,PK59_PANCREAS,174,0.025588068280581237,0.8736654992761284
X_pca,1.0,sorafenib,HUH6_LIVER,338,0.021488418545854992,0.9290579583870588
X_pca,1.0,sorafenib,MSTO211H_PLEURA,297,0.026218412865931504,0.8187449159044208
X_pca,1.0,sorafenib,HS852T_SKIN,162,0.016615735812161324,0.8532269950266238
X_pca,1.0,sorafenib,SKMEL30_SKIN,353,0.02587304853039899,0.8955993517262402
X_pca,1.0,sorafenib,T47D_BREAST,221,0.028918112954718158,0.9072987108209014
X_pca,1.0,sorafenib,CALU6_LUNG,258,0.020105393228257076,0.8539299061594083
X_pca,1.0,sorafenib,NCIH522_LUNG,208,0.023029262453053735,0.8340825581779847
X_pca,1.0,sorafenib,LMSU_STOMACH,255,0.029404476594703594,0.7950368060785181
X_pca,1.0,sorafenib,SNUC4_LARGE_INTESTINE,467,0.026297727819699853,0.8951444305495481
X_pca,1.0,sorafenib,RVH421_SKIN,239,0.0184897584118205,0.9431408920547454
X_pca,1.0,sorafenib,OVSAHO_OVARY,227,0.022091956973557928,0.9086223874848319
X_pca,1.0,sorafenib,GOS3_CENTRAL_NERVOUS_SYSTEM,191,0.0259035208809972,0.848319076118669
X_pca,1.0,sorafenib,SNU738_CENTRAL_NERVOUS_SYSTEM,379,0.029644482692317897,0.8953696093018263
X_pca,1.0,sorafenib,PC3_PROSTATE,169,0.036958305768386615,0.8860246853010189
X_pca,1.0,sorafenib,PATU8988S_PANCREAS,244,0.018177704558453245,0.9409143599818964
X_pca,1.0,sorafenib,OVTOKO_OVARY,209,0.023696413944928496,0.8681908609194048
X_pca,1.0,sorafenib,TE1_OESOPHAGUS,206,0.02366347843025062,0.9204268331087909
X_pca,1.0,sorafenib,NCIH2087_LUNG,219,0.023012276932119664,0.9200992698538794
X_pca,1.0,sorafenib,EFM192A_BREAST,333,0.02045018221073609,0.9282164579039222
X_pca,1.0,sorafenib,SNU423_LIVER,212,0.021925105739823675,0.909518374024697
X_pca,1.0,sorafenib,KPL1_BREAST,276,0.014882154240395665,0.9050648491019788
X_pca,1.0,sorafenib,NCIH358_LUNG,336,0.026172609205743394,0.9277733665491853
X_pca,1.0,sorafenib,COLO792_SKIN,271,0.02118958189901971,0.8936525330332372
X_pca,1.0,sorafenib,KYSE520_OESOPHAGUS,323,0.028650920353477254,0.8890384562982494
X_pca,1.0,sorafenib,KMRC3_KIDNEY,245,0.025870319393780976,0.9088811122641272
X_pca,1.0,sorafenib,MKN7_STOMACH,258,0.01956526369084828,0.9296398705752321
X_pca,1.0,sorafenib,NCIH1944_LUNG,414,0.025673117228782995,0.9077170141365217
X_pca,1.0,sorafenib,TE6_OESOPHAGUS,551,0.02427566506544019,0.8746863655516111
X_pca,1.0,sorafenib,ZR751_BREAST,309,0.027194743559865623,0.9099837423914073
X_pca,1.0,sorafenib,PANC0203_PANCREAS,506,0.024031016605854487,0.8878464149863352
X_pca,1.0,sorafenib,SW1990_PANCREAS,307,0.020953634475547486,0.8923471476822024
X_pca,1.0,sorafenib,RD_SOFT_TISSUE,261,0.032028552434098995,0.8244760691891229
X_pca,1.0,sorafenib,NCIH1792_LUNG,111,0.025668556971553184,0.8762206864786578
X_pca,1.0,sorafenib,PK45H_PANCREAS,271,0.020904021983902846,0.9307802583458679
X_pca,1.0,sorafenib,LS180_LARGE_INTESTINE,361,0.017781521552000766,0.8971526928225383
X_pca,1.0,sorafenib,RERFLCAI_LUNG,763,0.019520207691925806,0.8969841043258557
X_pca,1.0,sorafenib,CAMA1_BREAST,291,0.017337495307678537,0.9053016460638276
X_pca,1.0,sorafenib,SNU449_LIVER,282,0.021942895216840733,0.8352178563462928
X_pca,1.0,sorafenib,A204_SOFT_TISSUE,250,0.02298845404431925,0.8893177464008332
X_pca,1.0,sorafenib,MKN45_STOMACH,118,0.02388565316494687,0.9303867660336576
X_pca,1.0,sorafenib,HEP3B217_LIVER,118,0.024713768045899996,0.8465884403657105
X_pca,1.0,sorafenib,HOS_BONE,829,0.0233587669181223,0.8785404191229973
X_pca,1.0,sorafenib,EBC1_LUNG,186,0.02255557711605594,0.8837923808123476
X_pca,1.0,sorafenib,NCIH292_LUNG,213,0.02260917313128061,0.9112075253831389
X_pca,1.0,sorafenib,OUMS23_LARGE_INTESTINE,107,0.033702544249049,0.8699930939718942
X_pca,1.0,sorafenib,HEC151_ENDOMETRIUM,250,0.026590752556448674,0.9221661446094513
X_pca,1.0,sorafenib,NCIH1373_LUNG,164,0.019288648738373212,0.8715383047010841
X_pca,1.0,sorafenib,TE9_OESOPHAGUS,248,0.02364873488012026,0.8775532113448266
X_pca,1.0,sorafenib,HCC56_LARGE_INTESTINE,99,0.01600925612427967,0.8859712312919925
X_pca,1.0,sorafenib,HT55_LARGE_INTESTINE,211,0.02263570278765673,0.9417633578110646
X_pca,1.0,sorafenib,RT4_URINARY_TRACT,106,0.021480595976990945,0.8103208339439248
X_pca,1.0,sorafenib,SKES1_BONE,91,0.022150338694202507,0.8615800751434578
X_pca,1.0,sorafenib,NCIH1435_LUNG,267,0.023637076820245066,0.877641561772493
X_pca,1.0,sorafenib,8305C_THYROID,459,0.030396324123722902,0.8831883779278508
X_pca,1.0,sorafenib,NCIH2228_LUNG,367,0.02427151319781301,0.8622061444563177
X_pca,1.0,sorafenib,TE10_OESOPHAGUS,219,0.019907204614557385,0.9208888569378961
X_pca,1.0,sorafenib,ASPC1_PANCREAS,290,0.021284460341338598,0.948217524742258
X_pca,1.0,sorafenib,HCC366_LUNG,202,0.020981785655960813,0.9486088336694358
X_pca,1.0,sorafenib,BICR16_UPPER_AERODIGESTIVE_TRACT,212,0.020140016914093447,0.9226363616169624
X_pca,1.0,sorafenib,HEC6_ENDOMETRIUM,161,0.022285483880003662,0.9012449502204516
X_pca,1.0,sorafenib,KALS1_CENTRAL_NERVOUS_SYSTEM,288,0.025510085865329605,0.8313431855705049
X_pca,1.0,sorafenib,NCIH2444_LUNG,237,0.015198116963779344,0.9285562647042899
X_pca,1.0,sorafenib,SNU46_UPPER_AERODIGESTIVE_TRACT,236,0.024754369859436805,0.9077721786195949
X_pca,1.0,sorafenib,OAW28_OVARY,161,0.018447377607089057,0.920089994898494
X_pca,1.0,sorafenib,SNU1214_UPPER_AERODIGESTIVE_TRACT,188,0.018624541649085488,0.9666071664145652
X_pca,1.0,sorafenib,SKMEL5_SKIN,297,0.020335683950183158,0.9377292735809429
X_pca,1.0,sorafenib,OVCAR4_OVARY,283,0.024439411822292888,0.96002593984031
X_pca,1.0,sorafenib,UACC257_SKIN,239,0.023475942530152626,0.8790190948103263
X_pca,1.0,sorafenib,ONCODG1_OVARY,270,0.019766496448751558,0.900898791021771
X_pca,1.0,sorafenib,HUH28_BILIARY_TRACT,139,0.019711008070320148,0.8859492643273992
X_pca,1.0,sorafenib,IM95_STOMACH,185,0.02310767539758305,0.923250045325305
X_pca,1.0,sorafenib,TE14_OESOPHAGUS,474,0.023171527356784957,0.942349985933505
X_pca,1.0,sorafenib,CAKI2_KIDNEY,278,0.021046717247905404,0.9181589507799355
X_pca,1.0,sorafenib,SU8686_PANCREAS,82,0.020908300204252394,0.9301111908947549
X_pca,1.0,sorafenib,SCC25_UPPER_AERODIGESTIVE_TRACT,898,0.0223733795542064,0.8842609289096034
X_pca,1.0,sorafenib,SCC9_UPPER_AERODIGESTIVE_TRACT,475,0.02294574310579909,0.8850390282430147
X_pca,1.0,dasatinib,NCIH2126_LUNG,264,0.04865407051466832,0.7439541798649412
X_pca,1.0,dasatinib,SW579_THYROID,217,0.040722000715057716,0.5809039568296775
X_pca,1.0,dasatinib,NCIH446_LUNG,196,0.04910294344100904,0.7045015802188795
X_pca,1.0,dasatinib,HEC251_ENDOMETRIUM,107,0.04552153460995413,0.5838121716107163
X_pca,1.0,dasatinib,MFE319_ENDOMETRIUM,191,0.05112295458663725,0.7182189051393439
X_pca,1.0,dasatinib,SKNAS_AUTONOMIC_GANGLIA,226,0.05065132674348844,0.6661366891544477
X_pca,1.0,dasatinib,NCIH2452_PLEURA,538,0.04536005156567857,0.6854524535982139
X_pca,1.0,dasatinib,COLO741_SKIN,329,0.03517032125103849,0.9280830012991074
X_pca,1.0,dasatinib,KNS42_CENTRAL_NERVOUS_SYSTEM,172,0.03912294500458534,0.6961184327685556
X_pca,1.0,dasatinib,MCF7_BREAST,143,0.04201476913039932,0.8035171140323986
X_pca,1.0,dasatinib,HT1197_URINARY_TRACT,74,0.048292569405573124,0.6130170942963781
X_pca,1.0,dasatinib,SNU899_UPPER_AERODIGESTIVE_TRACT,83,0.034424986397705234,0.5294605705393366
X_pca,1.0,dasatinib,HCC38_BREAST,200,0.06140637867763822,0.6872625577449799
X_pca,1.0,dasatinib,SNU308_BILIARY_TRACT,94,0.038227641367224376,0.6070188100033618
X_pca,1.0,dasatinib,SW1271_LUNG,115,0.038186706499671055,0.6911337064660114
X_pca,1.0,dasatinib,TM31_CENTRAL_NERVOUS_SYSTEM,116,0.05032806117421749,0.6708860104453975
X_pca,1.0,dasatinib,NCIH747_LARGE_INTESTINE,80,0.04082323895327694,0.7385436929762363
X_pca,1.0,dasatinib,KPNSI9S_AUTONOMIC_GANGLIA,129,0.055680667528025515,0.6494443673034047
X_pca,1.0,dasatinib,SQ1_LUNG,238,0.058031239776151204,0.5423047478709903
X_pca,1.0,dasatinib,IALM_LUNG,322,0.04161418771177403,0.6935889021210049
X_pca,1.0,dasatinib,BT474_BREAST,125,0.03544228286158414,0.8054099125862122
X_pca,1.0,dasatinib,DKMG_CENTRAL_NERVOUS_SYSTEM,271,0.049249630993651816,0.5768863423504073
X_pca,1.0,dasatinib,BT549_BREAST,266,0.04282690700635009,0.6786104003737744
X_pca,1.0,dasatinib,BICR6_UPPER_AERODIGESTIVE_TRACT,286,0.05377566558135108,0.5785885273993432
X_pca,1.0,dasatinib,SH10TC_STOMACH,351,0.047806138994002774,0.8044711884609994
X_pca,1.0,dasatinib,UMUC1_URINARY_TRACT,197,0.04633066925379716,0.514589679725279
X_pca,1.0,dasatinib,LS1034_LARGE_INTESTINE,146,0.040475901198747236,0.7051716704074651
X_pca,1.0,dasatinib,CCFSTTG1_CENTRAL_NERVOUS_SYSTEM,246,0.053273843511875724,0.5839349529365214
X_pca,1.0,dasatinib,NCIH226_LUNG,235,0.0507123143020127,0.6306011201219356
X_pca,1.0,dasatinib,LNCAPCLONEFGC_PROSTATE,129,0.03740955826199034,0.8202028288397678
X_pca,1.0,dasatinib,RCC10RGB_KIDNEY,233,0.05309900243507812,0.5295343084396722
X_pca,1.0,dasatinib,RERFLCAD1_LUNG,243,0.04783879480493698,0.6750718588201107
X_pca,1.0,dasatinib,SKMEL2_SKIN,276,0.05179493874168517,0.8198411831821221
X_pca,1.0,dasatinib,BICR31_UPPER_AERODIGESTIVE_TRACT,248,0.06072606963796218,0.5618146417602417
X_pca,1.0,dasatinib,RCM1_LARGE_INTESTINE,128,0.04494341186907482,0.703903965651989
X_pca,1.0,dasatinib,COV434_OVARY,88,0.04205883567006619,0.7162104533477263
X_pca,1.0,dasatinib,SNU1079_BILIARY_TRACT,73,0.04910095368453682,0.7392805128881376
X_pca,1.0,dasatinib,YD38_UPPER_AERODIGESTIVE_TRACT,624,0.0433765771581459,0.5255261158618407
X_pca,1.0,dasatinib,NCIH1299_LUNG,534,0.05179103157726916,0.7332133169701037
X_pca,1.0,dasatinib,IGR37_SKIN,347,0.028988526846402612,0.9138115467530507
X_pca,1.0,dasatinib,BFTC909_KIDNEY,379,0.07136012401645592,0.6825306130902434
X_pca,1.0,dasatinib,NCIH460_LUNG,837,0.0505701435261214,0.8368137946692846
X_pca,1.0,dasatinib,IGR1_SKIN,725,0.03809261624715993,0.8908694474450473
X_pca,1.0,dasatinib,VMCUB1_URINARY_TRACT,478,0.05263686460621615,0.5745481303795611
X_pca,1.0,dasatinib,JHOC5_OVARY,145,0.059935700842303714,0.558726369306959
X_pca,1.0,dasatinib,42MGBA_CENTRAL_NERVOUS_SYSTEM,518,0.04609368096229189,0.6526389882601366
X_pca,1.0,dasatinib,HT1080_SOFT_TISSUE,516,0.06091641274653911,0.6558937862977501
X_pca,1.0,dasatinib,LI7_LIVER,196,0.05361203151704578,0.7644910927937956
X_pca,1.0,dasatinib,A375_SKIN,593,0.06077801350534134,0.8196816831374852
X_pca,1.0,dasatinib,FTC133_THYROID,140,0.049764901777894714,0.7037859567574092
X_pca,1.0,dasatinib,OVK18_OVARY,178,0.054445265081818114,0.7956738488727741
X_pca,1.0,dasatinib,ACCMESO1_PLEURA,162,0.050463256097559556,0.7862829370999042
X_pca,1.0,dasatinib,HMC18_BREAST,293,0.05254455256776322,0.7180313105876128
X_pca,1.0,dasatinib,TOV112D_OVARY,78,0.039572052820958215,0.7209247106160873
X_pca,1.0,dasatinib,JHH6_LIVER,206,0.06341798405364578,0.6759138952181177
X_pca,1.0,dasatinib,A2058_SKIN,294,0.046128358114817136,0.8907131931814206
X_pca,1.0,dasatinib,NCIH2110_LUNG,1990,0.04161777950254043,0.7117045971316908
X_pca,1.0,dasatinib,NCIH650_LUNG,271,0.038429317352360166,0.6660883530039629
X_pca,1.0,dasatinib,EFE184_ENDOMETRIUM,86,0.03706391575632482,0.7018567704877188
X_pca,1.0,dasatinib,HUPT3_PANCREAS,136,0.053728281472232006,0.6274339944562491
X_pca,1.0,dasatinib,MDAMB361_BREAST,135,0.04460132408336635,0.7478674504492018
X_pca,1.0,dasatinib,BCPAP_THYROID,152,0.04179871566707845,0.6409134519727606
X_pca,1.0,dasatinib,PECAPJ49_UPPER_AERODIGESTIVE_TRACT,202,0.03865063519821353,0.47423856476745985
X_pca,1.0,dasatinib,EKVX_LUNG,146,0.05323840287438117,0.7221816055578728
X_pca,1.0,dasatinib,BICR56_UPPER_AERODIGESTIVE_TRACT,81,0.02763692009958967,0.4045191432958768
X_pca,1.0,dasatinib,NCIH2170_LUNG,142,0.04321262722827423,0.7719884107650166
X_pca,1.0,dasatinib,DETROIT562_UPPER_AERODIGESTIVE_TRACT,163,0.04513319997488585,0.586404403111686
X_pca,1.0,dasatinib,SW1088_CENTRAL_NERVOUS_SYSTEM,128,0.052039354267703765,0.6655442602932453
X_pca,1.0,dasatinib,BHY_UPPER_AERODIGESTIVE_TRACT,145,0.04301308726655885,0.5019327297292907
X_pca,1.0,dasatinib,CAS1_CENTRAL_NERVOUS_SYSTEM,133,0.04165908803075321,0.6072120088383668
X_pca,1.0,dasatinib,HCC1428_BREAST,127,0.05548420875420447,0.8854630293808584
X_pca,1.0,dasatinib,HDQP1_BREAST,64,0.06289605325096204,0.7144470997154713
X_pca,1.0,dasatinib,OSRC2_KIDNEY,126,0.05910210739244735,0.7102111767208765
X_pca,1.0,dasatinib,HUPT4_PANCREAS,56,0.0809404431078856,0.7594362199306488
X_pca,1.0,dasatinib,TCCSUP_URINARY_TRACT,316,0.04247381269964059,0.6313545194607747
X_pca,1.0,dasatinib,VMRCRCZ_KIDNEY,300,0.0513056116307121,0.6469329010446866
X_pca,1.0,dasatinib,PK59_PANCREAS,174,0.050686068782119495,0.7703759211233292
X_pca,1.0,dasatinib,HUH6_LIVER,338,0.03459353504248397,0.758240357834912
X_pca,1.0,dasatinib,MSTO211H_PLEURA,297,0.05279473122910463,0.7002088700480734
X_pca,1.0,dasatinib,HS852T_SKIN,162,0.040665299107456795,0.8477552669283784
X_pca,1.0,dasatinib,SKMEL30_SKIN,353,0.045142584139974413,0.8369958100170319
X_pca,1.0,dasatinib,T47D_BREAST,221,0.036855924582678716,0.8259741051704096
X_pca,1.0,dasatinib,CALU6_LUNG,258,0.039682610820346804,0.7360007554985756
X_pca,1.0,dasatinib,NCIH522_LUNG,208,0.03894360886038235,0.7130491862503382
X_pca,1.0,dasatinib,LMSU_STOMACH,255,0.05007205329673948,0.574064494231168
X_pca,1.0,dasatinib,SNUC4_LARGE_INTESTINE,467,0.041403073488220324,0.7291550677134087
X_pca,1.0,dasatinib,RVH421_SKIN,239,0.04225690926414142,0.823906858845236
X_pca,1.0,dasatinib,OVSAHO_OVARY,227,0.05065184472407948,0.6864484608961097
X_pca,1.0,dasatinib,GOS3_CENTRAL_NERVOUS_SYSTEM,191,0.0467718080077474,0.6913798978815529
X_pca,1.0,dasatinib,SNU738_CENTRAL_NERVOUS_SYSTEM,379,0.03752282539281472,0.6866511170971048
X_pca,1.0,dasatinib,PC3_PROSTATE,169,0.04479511972261983,0.7111635264560315
X_pca,1.0,dasatinib,PATU8988S_PANCREAS,244,0.03477715404981679,0.8310156379078255
X_pca,1.0,dasatinib,OVTOKO_OVARY,209,0.04611482668802399,0.6315439802607851
X_pca,1.0,dasatinib,TE1_OESOPHAGUS,206,0.04123187247462027,0.6306644964565351
X_pca,1.0,dasatinib,NCIH2087_LUNG,219,0.04015674504994181,0.6151104878345036
X_pca,1.0,dasatinib,EFM192A_BREAST,333,0.049688032363440195,0.8851875780938981
X_pca,1.0,dasatinib,SNU423_LIVER,212,0.03475949349581351,0.6896336815267239
X_pca,1.0,dasatinib,KPL1_BREAST,276,0.026567281113072515,0.8418785229973171
X_pca,1.0,dasatinib,NCIH358_LUNG,336,0.05140881954696569,0.6652732017849173
X_pca,1.0,dasatinib,COLO792_SKIN,271,0.037977083588167676,0.8901499694563806
X_pca,1.0,dasatinib,KYSE520_OESOPHAGUS,323,0.034756754130324224,0.5867452121371455
X_pca,1.0,dasatinib,KMRC3_KIDNEY,245,0.04071244584812818,0.7477658203669957
X_pca,1.0,dasatinib,MKN7_STOMACH,258,0.04321072335978501,0.6641717603964399
X_pca,1.0,dasatinib,NCIH1944_LUNG,414,0.03909730330228047,0.7806551175704901
X_pca,1.0,dasatinib,TE6_OESOPHAGUS,551,0.043984722035203545,0.6687973008614486
X_pca,1.0,dasatinib,ZR751_BREAST,309,0.030871180869759745,0.8247983324489161
X_pca,1.0,dasatinib,PANC0203_PANCREAS,506,0.05879977964592256,0.5900570949900291
X_pca,1.0,dasatinib,SW1990_PANCREAS,307,0.0410436754724396,0.7041605270258379
X_pca,1.0,dasatinib,RD_SOFT_TISSUE,261,0.04956782406779819,0.6620834908266177
X_pca,1.0,dasatinib,NCIH1792_LUNG,111,0.041474461745536546,0.7259567229597418
X_pca,1.0,dasatinib,PK45H_PANCREAS,271,0.040235829181817256,0.6951751937725448
X_pca,1.0,dasatinib,LS180_LARGE_INTESTINE,361,0.035866287030410914,0.7803000954709886
X_pca,1.0,dasatinib,RERFLCAI_LUNG,763,0.03714089724713727,0.7106901550980415
X_pca,1.0,dasatinib,CAMA1_BREAST,291,0.03640982274567138,0.8529343650103435
X_pca,1.0,dasatinib,SNU449_LIVER,282,0.05656001073152276,0.6000580429396731
X_pca,1.0,dasatinib,A204_SOFT_TISSUE,250,0.03897815730887172,0.7174349086284637
X_pca,1.0,dasatinib,MKN45_STOMACH,118,0.03802571401263004,0.6699342591277624
X_pca,1.0,dasatinib,HEP3B217_LIVER,118,0.048776267158461985,0.6290624156846838
X_pca,1.0,dasatinib,HOS_BONE,829,0.03667186127250693,0.7370737294955191
X_pca,1.0,dasatinib,EBC1_LUNG,186,0.047949617381117686,0.609316813048496
X_pca,1.0,dasatinib,NCIH292_LUNG,213,0.04925976846072365,0.6282828981887567
X_pca,1.0,dasatinib,OUMS23_LARGE_INTESTINE,107,0.051834073640368336,0.8080757744958468
X_pca,1.0,dasatinib,HEC151_ENDOMETRIUM,250,0.040435053628682056,0.6902459297180176
X_pca,1.0,dasatinib,NCIH1373_LUNG,164,0.045184949206839665,0.648968212124778
X_pca,1.0,dasatinib,TE9_OESOPHAGUS,248,0.03511903910296076,0.579322761104953
X_pca,1.0,dasatinib,HCC56_LARGE_INTESTINE,99,0.03795627418167063,0.7572407885031267
X_pca,1.0,dasatinib,HT55_LARGE_INTESTINE,211,0.031164417486872553,0.7465673591853318
X_pca,1.0,dasatinib,RT4_URINARY_TRACT,106,0.03785023003609978,0.9027668799994126
X_pca,1.0,dasatinib,SKES1_BONE,91,0.04191468377091895,0.7172708681651524
X_pca,1.0,dasatinib,NCIH1435_LUNG,267,0.054398575864336336,0.6853885969865635
X_pca,1.0,dasatinib,8305C_THYROID,459,0.04132026688985574,0.6136736345187251
X_pca,1.0,dasatinib,NCIH2228_LUNG,367,0.05237362981152664,0.5808674259471633
X_pca,1.0,dasatinib,TE10_OESOPHAGUS,219,0.03335469849968527,0.5358414203608961
X_pca,1.0,dasatinib,ASPC1_PANCREAS,290,0.03854934759943117,0.6418516276211574
X_pca,1.0,dasatinib,HCC366_LUNG,202,0.03896029169250558,0.6552791781354659
X_pca,1.0,dasatinib,BICR16_UPPER_AERODIGESTIVE_TRACT,212,0.039414643869291936,0.4909114999310026
X_pca,1.0,dasatinib,HEC6_ENDOMETRIUM,161,0.046132504598147106,0.6799581372960014
X_pca,1.0,dasatinib,KALS1_CENTRAL_NERVOUS_SYSTEM,288,0.043967914599757484,0.637681285954184
X_pca,1.0,dasatinib,NCIH2444_LUNG,237,0.04797242705764821,0.5979634196446415
X_pca,1.0,dasatinib,SNU46_UPPER_AERODIGESTIVE_TRACT,236,0.05839785893755035,0.6260989577335826
X_pca,1.0,dasatinib,OAW28_OVARY,161,0.037273691744539296,0.6807461939983487
X_pca,1.0,dasatinib,SNU1214_UPPER_AERODIGESTIVE_TRACT,188,0.03480173405290331,0.4638981158111958
X_pca,1.0,dasatinib,SKMEL5_SKIN,297,0.034829541855267224,0.8809164632049072
X_pca,1.0,dasatinib,OVCAR4_OVARY,283,0.03365011226785782,0.6019376408927433
X_pca,1.0,dasatinib,UACC257_SKIN,239,0.035312900335433516,0.8715330788779957
X_pca,1.0,dasatinib,ONCODG1_OVARY,270,0.03935997944134812,0.6876253876421187
X_pca,1.0,dasatinib,HUH28_BILIARY_TRACT,139,0.043375454666101716,0.6473487950057435
X_pca,1.0,dasatinib,IM95_STOMACH,185,0.03577590220645544,0.7076921698209402
X_pca,1.0,dasatinib,TE14_OESOPHAGUS,474,0.03913368538675119,0.5215476020101757
X_pca,1.0,dasatinib,CAKI2_KIDNEY,278,0.03622992890769678,0.6626949363904033
X_pca,1.0,dasatinib,SU8686_PANCREAS,82,0.03382531862906194,0.6084464693941721
X_pca,1.0,dasatinib,SCC25_UPPER_AERODIGESTIVE_TRACT,898,0.0345328391742459,0.5640266115522066
X_pca,1.0,dasatinib,SCC9_UPPER_AERODIGESTIVE_TRACT,475,0.04503063791757667,0.6753630886579814
X_pca,1.0,crizotinib,NCIH2126_LUNG,264,0.01796620137946222,0.763189605465441
X_pca,1.0,crizotinib,SW579_THYROID,217,0.02191457799359023,0.8362230007549585
X_pca,1.0,crizotinib,NCIH446_LUNG,196,0.035683173998922624,0.7942986515711765
X_pca,1.0,crizotinib,HEC251_ENDOMETRIUM,107,0.02383084207351266,0.818624928175846
X_pca,1.0,crizotinib,MFE319_ENDOMETRIUM,191,0.02802470816961426,0.8166708999279282
X_pca,1.0,crizotinib,SKNAS_AUTONOMIC_GANGLIA,226,0.024568450220404305,0.7570991141606221
X_pca,1.0,crizotinib,NCIH2452_PLEURA,538,0.024200773766746602,0.8133874662968306
X_pca,1.0,crizotinib,COLO741_SKIN,329,0.020634129480753122,0.7992693841638536
X_pca,1.0,crizotinib,KNS42_CENTRAL_NERVOUS_SYSTEM,172,0.0194103571713093,0.7788148369900015
X_pca,1.0,crizotinib,MCF7_BREAST,143,0.019918501720674345,0.8168898504097145
X_pca,1.0,crizotinib,HT1197_URINARY_TRACT,74,0.020617810443375253,0.7803909077837661
X_pca,1.0,crizotinib,SNU899_UPPER_AERODIGESTIVE_TRACT,83,0.01951204507131039,0.6973947782114328
X_pca,1.0,crizotinib,HCC38_BREAST,200,0.026920416942732558,0.783333674967289
X_pca,1.0,crizotinib,SNU308_BILIARY_TRACT,94,0.029192347127061976,0.7630952450823276
X_pca,1.0,crizotinib,SW1271_LUNG,115,0.029686060922992724,0.7547919076421986
X_pca,1.0,crizotinib,TM31_CENTRAL_NERVOUS_SYSTEM,116,0.025819764477823998,0.8039727534713417
X_pca,1.0,crizotinib,NCIH747_LARGE_INTESTINE,80,0.024180285286522076,0.8101009286940097
X_pca,1.0,crizotinib,KPNSI9S_AUTONOMIC_GANGLIA,129,0.021947391159692454,0.7874527060708334
X_pca,1.0,crizotinib,SQ1_LUNG,238,0.03298204698579008,0.7996324390924278
X_pca,1.0,crizotinib,IALM_LUNG,322,0.026389973080085415,0.7873667911713168
X_pca,1.0,crizotinib,BT474_BREAST,125,0.020177169803565882,0.8202252912521363
X_pca,1.0,crizotinib,DKMG_CENTRAL_NERVOUS_SYSTEM,271,0.02375437497221594,0.7572185751256908
X_pca,1.0,crizotinib,BT549_BREAST,266,0.025445538435632884,0.791233929252266
X_pca,1.0,crizotinib,BICR6_UPPER_AERODIGESTIVE_TRACT,286,0.02795091136857939,0.785423569329135
X_pca,1.0,crizotinib,SH10TC_STOMACH,351,0.029759156920115992,0.8024890558672088
X_pca,1.0,crizotinib,UMUC1_URINARY_TRACT,197,0.02420138485791103,0.7760715248621055
X_pca,1.0,crizotinib,LS1034_LARGE_INTESTINE,146,0.02036240876681272,0.7845461952359709
X_pca,1.0,crizotinib,CCFSTTG1_CENTRAL_NERVOUS_SYSTEM,246,0.02663668375910943,0.7529275809846273
X_pca,1.0,crizotinib,NCIH226_LUNG,235,0.030684073250779088,0.7909494400024414
X_pca,1.0,crizotinib,LNCAPCLONEFGC_PROSTATE,129,0.02072098220563058,0.8268396041189977
X_pca,1.0,crizotinib,RCC10RGB_KIDNEY,233,0.033401906700435614,0.7953566151627144
X_pca,1.0,crizotinib,RERFLCAD1_LUNG,243,0.04742333432338459,0.7456807263594105
X_pca,1.0,crizotinib,SKMEL2_SKIN,276,0.030349769053004415,0.7642074827698694
X_pca,1.0,crizotinib,BICR31_UPPER_AERODIGESTIVE_TRACT,248,0.02570318852760846,0.7802613310275539
X_pca,1.0,crizotinib,RCM1_LARGE_INTESTINE,128,0.02345434906697103,0.8215659908019006
X_pca,1.0,crizotinib,COV434_OVARY,88,0.02061743023044799,0.7822071462869644
X_pca,1.0,crizotinib,SNU1079_BILIARY_TRACT,73,0.03801965314730191,0.8003611711606587
X_pca,1.0,crizotinib,YD38_UPPER_AERODIGESTIVE_TRACT,624,0.019562306737821715,0.7827086795407993
X_pca,1.0,crizotinib,NCIH1299_LUNG,534,0.026944478210847153,0.8167198098330909
X_pca,1.0,crizotinib,IGR37_SKIN,347,0.018499906431089726,0.816566204990365
X_pca,1.0,crizotinib,BFTC909_KIDNEY,379,0.03178813545048344,0.8238338747880075
X_pca,1.0,crizotinib,NCIH460_LUNG,837,0.02557986999991284,0.7238847171818769
X_pca,1.0,crizotinib,IGR1_SKIN,725,0.021773643213909136,0.7693993131045638
X_pca,1.0,crizotinib,VMCUB1_URINARY_TRACT,478,0.019171636192461153,0.7814130795550646
X_pca,1.0,crizotinib,JHOC5_OVARY,145,0.034223619872279044,0.8226612193831082
X_pca,1.0,crizotinib,42MGBA_CENTRAL_NERVOUS_SYSTEM,518,0.018728275909824975,0.8042199978727171
X_pca,1.0,crizotinib,HT1080_SOFT_TISSUE,516,0.0292325060920921,0.7466547805671544
X_pca,1.0,crizotinib,LI7_LIVER,196,0.02083096827247191,0.8038752954833361
X_pca,1.0,crizotinib,A375_SKIN,593,0.03402677239406261,0.8037749049434373
X_pca,1.0,crizotinib,FTC133_THYROID,140,0.029874824054327592,0.8731321437018258
X_pca,1.0,crizotinib,OVK18_OVARY,178,0.022596565182576862,0.7984363764859317
X_pca,1.0,crizotinib,ACCMESO1_PLEURA,162,0.027072054917710902,0.8467691408263313
X_pca,1.0,crizotinib,HMC18_BREAST,293,0.027113593387975404,0.8054113839673508
X_pca,1.0,crizotinib,TOV112D_OVARY,78,0.022539323945646825,0.7979442591850574
X_pca,1.0,crizotinib,JHH6_LIVER,206,0.031683447808949945,0.8214648004295757
X_pca,1.0,crizotinib,A2058_SKIN,294,0.0293510432988005,0.7791765380878838
X_pca,1.0,crizotinib,NCIH2110_LUNG,1990,0.028141000501492274,0.702533921165083
X_pca,1.0,crizotinib,NCIH650_LUNG,271,0.02627126261947794,0.7873296827847668
X_pca,1.0,crizotinib,EFE184_ENDOMETRIUM,86,0.017283604830477788,0.8010921443617621
X_pca,1.0,crizotinib,HUPT3_PANCREAS,136,0.0362427352450261,0.8257806055686053
X_pca,1.0,crizotinib,MDAMB361_BREAST,135,0.02431536653391841,0.8174309355241282
X_pca,1.0,crizotinib,BCPAP_THYROID,152,0.02348738167061227,0.8289621821359584
X_pca,1.0,crizotinib,PECAPJ49_UPPER_AERODIGESTIVE_TRACT,202,0.02480408739026844,0.7795389725430177
X_pca,1.0,crizotinib,EKVX_LUNG,146,0.03495079688034562,0.7793651745743948
X_pca,1.0,crizotinib,BICR56_UPPER_AERODIGESTIVE_TRACT,81,0.012789849159955081,0.7499989374184314
X_pca,1.0,crizotinib,NCIH2170_LUNG,142,0.018008801029912667,0.7829630723301794
X_pca,1.0,crizotinib,DETROIT562_UPPER_AERODIGESTIVE_TRACT,163,0.028871923049682464,0.7062213614674434
X_pca,1.0,crizotinib,SW1088_CENTRAL_NERVOUS_SYSTEM,128,0.021706133754284665,0.8170273955911398
X_pca,1.0,crizotinib,BHY_UPPER_AERODIGESTIVE_TRACT,145,0.01923117716649715,0.7509570939787503
X_pca,1.0,crizotinib,CAS1_CENTRAL_NERVOUS_SYSTEM,133,0.022720735799500538,0.7730187594442439
X_pca,1.0,crizotinib,HCC1428_BREAST,127,0.02181466449944438,0.7881498505750041
X_pca,1.0,crizotinib,HDQP1_BREAST,64,0.023933720739097813,0.8013644693419337
X_pca,1.0,crizotinib,OSRC2_KIDNEY,126,0.019735664322423043,0.8727305148329053
X_pca,1.0,crizotinib,HUPT4_PANCREAS,56,0.02812239249293848,0.7557059324213437
X_pca,1.0,crizotinib,TCCSUP_URINARY_TRACT,316,0.023627437550978157,0.798272434103338
X_pca,1.0,crizotinib,VMRCRCZ_KIDNEY,300,0.027511670046118698,0.8345971749226252
X_pca,1.0,crizotinib,PK59_PANCREAS,174,0.02318421619189205,0.802358607451121
X_pca,1.0,crizotinib,HUH6_LIVER,338,0.02086898617766067,0.7808155576152914
X_pca,1.0,crizotinib,MSTO211H_PLEURA,297,0.0280204548994139,0.7758612592613657
X_pca,1.0,crizotinib,HS852T_SKIN,162,0.025484517487457153,0.8098524187082126
X_pca,1.0,crizotinib,SKMEL30_SKIN,353,0.025018375435908766,0.7675674171015494
X_pca,1.0,crizotinib,T47D_BREAST,221,0.025974708812668647,0.8403093089345354
X_pca,1.0,crizotinib,CALU6_LUNG,258,0.025704471550258665,0.8052937887435736
X_pca,1.0,crizotinib,NCIH522_LUNG,208,0.027485707803126928,0.8029044519823331
X_pca,1.0,crizotinib,LMSU_STOMACH,255,0.025902576841741885,0.7697252460554534
X_pca,1.0,crizotinib,SNUC4_LARGE_INTESTINE,467,0.018350628895406514,0.7721720861163334
X_pca,1.0,crizotinib,RVH421_SKIN,239,0.02146783037522584,0.8225187128059036
X_pca,1.0,crizotinib,OVSAHO_OVARY,227,0.023511545719823484,0.8460433296695155
X_pca,1.0,crizotinib,GOS3_CENTRAL_NERVOUS_SYSTEM,191,0.022296909746387854,0.8198194322785782
X_pca,1.0,crizotinib,SNU738_CENTRAL_NERVOUS_SYSTEM,379,0.034891290111740476,0.8058040296182154
X_pca,1.0,crizotinib,PC3_PROSTATE,169,0.033071999008221414,0.7872159826684986
X_pca,1.0,crizotinib,PATU8988S_PANCREAS,244,0.027911701933198477,0.8151533032049898
X_pca,1.0,crizotinib,OVTOKO_OVARY,209,0.02485660891484132,0.8358000302999213
X_pca,1.0,crizotinib,TE1_OESOPHAGUS,206,0.02297194068233636,0.7702682952857712
X_pca,1.0,crizotinib,NCIH2087_LUNG,219,0.041915813198218126,0.7250616155802931
X_pca,1.0,crizotinib,EFM192A_BREAST,333,0.019447787913152336,0.7856957846217685
X_pca,1.0,crizotinib,SNU423_LIVER,212,0.016001868660948382,0.8325543156209981
X_pca,1.0,crizotinib,KPL1_BREAST,276,0.015635403474551567,0.7938678268937097
X_pca,1.0,crizotinib,NCIH358_LUNG,336,0.03671153605481479,0.723985166776748
X_pca,1.0,crizotinib,COLO792_SKIN,271,0.02423722000524316,0.8370317691366611
X_pca,1.0,crizotinib,KYSE520_OESOPHAGUS,323,0.02723492483542668,0.7164445268480402
X_pca,1.0,crizotinib,KMRC3_KIDNEY,245,0.02976699911723048,0.8121688511906838
X_pca,1.0,crizotinib,MKN7_STOMACH,258,0.02327438427200929,0.8147122273149416
X_pca,1.0,crizotinib,NCIH1944_LUNG,414,0.0299449863935838,0.8078304379458588
X_pca,1.0,crizotinib,TE6_OESOPHAGUS,551,0.029759441122347022,0.7662969438220542
X_pca,1.0,crizotinib,ZR751_BREAST,309,0.025238895333065094,0.7596781552802397
X_pca,1.0,crizotinib,PANC0203_PANCREAS,506,0.028259355041000158,0.7604533195966788
X_pca,1.0,crizotinib,SW1990_PANCREAS,307,0.0291940347745022,0.8038153846411441
X_pca,1.0,crizotinib,RD_SOFT_TISSUE,261,0.028366128298112664,0.754194649700004
X_pca,1.0,crizotinib,NCIH1792_LUNG,111,0.022582301677276245,0.7920400956729511
X_pca,1.0,crizotinib,PK45H_PANCREAS,271,0.024744706154576215,0.7940677465987821
X_pca,1.0,crizotinib,LS180_LARGE_INTESTINE,361,0.02408001600327354,0.8179279103503663
X_pca,1.0,crizotinib,RERFLCAI_LUNG,763,0.02541275102271882,0.8175429908038748
X_pca,1.0,crizotinib,CAMA1_BREAST,291,0.019863905888598644,0.8110586982412437
X_pca,1.0,crizotinib,SNU449_LIVER,282,0.02077745737906931,0.802505336543347
X_pca,1.0,crizotinib,A204_SOFT_TISSUE,250,0.020922814007908012,0.7938960018157959
X_pca,1.0,crizotinib,MKN45_STOMACH,118,0.03155395181869819,0.7513453404782182
X_pca,1.0,crizotinib,HEP3B217_LIVER,118,0.028182404643201292,0.7718434273186376
X_pca,1.0,crizotinib,HOS_BONE,829,0.021763973183985746,0.8041509348175638
X_pca,1.0,crizotinib,EBC1_LUNG,186,0.028355811001565628,0.7876784330414187
X_pca,1.0,crizotinib,NCIH292_LUNG,213,0.020681848688600662,0.7502739437868897
X_pca,1.0,crizotinib,OUMS23_LARGE_INTESTINE,107,0.018385242623487123,0.8007744695538672
X_pca,1.0,crizotinib,HEC151_ENDOMETRIUM,250,0.021776647355222313,0.808580270767212
X_pca,1.0,crizotinib,NCIH1373_LUNG,164,0.032903102989955586,0.7953264466146144
X_pca,1.0,crizotinib,TE9_OESOPHAGUS,248,0.026262411938392575,0.7138050224992537
X_pca,1.0,crizotinib,HCC56_LARGE_INTESTINE,99,0.02011105961377402,0.8161966722420971
X_pca,1.0,crizotinib,HT55_LARGE_INTESTINE,211,0.02088513682602505,0.7924596980849713
X_pca,1.0,crizotinib,RT4_URINARY_TRACT,106,0.016768937594911163,0.7500217039630098
X_pca,1.0,crizotinib,SKES1_BONE,91,0.0199298977053122,0.7951734105309287
X_pca,1.0,crizotinib,NCIH1435_LUNG,267,0.028897757031293964,0.7609259363417322
X_pca,1.0,crizotinib,8305C_THYROID,459,0.022479554251005503,0.821265637614888
X_pca,1.0,crizotinib,NCIH2228_LUNG,367,0.030657315898558673,0.7595346168861077
X_pca,1.0,crizotinib,TE10_OESOPHAGUS,219,0.015937265543270896,0.746483423121988
X_pca,1.0,crizotinib,ASPC1_PANCREAS,290,0.01928060985623444,0.7407318370095615
X_pca,1.0,crizotinib,HCC366_LUNG,202,0.028419451414742482,0.7780249222080307
X_pca,1.0,crizotinib,BICR16_UPPER_AERODIGESTIVE_TRACT,212,0.0214376342882705,0.7615021127012541
X_pca,1.0,crizotinib,HEC6_ENDOMETRIUM,161,0.02830714576975582,0.7455944703972858
X_pca,1.0,crizotinib,KALS1_CENTRAL_NERVOUS_SYSTEM,288,0.02366613143648197,0.8034933714403046
X_pca,1.0,crizotinib,NCIH2444_LUNG,237,0.024935932261591544,0.798117953513745
X_pca,1.0,crizotinib,SNU46_UPPER_AERODIGESTIVE_TRACT,236,0.030040986485317986,0.7757479379237708
X_pca,1.0,crizotinib,OAW28_OVARY,161,0.020973902644265113,0.7954842537086203
X_pca,1.0,crizotinib,SNU1214_UPPER_AERODIGESTIVE_TRACT,188,0.023423393824328707,0.8115709880565075
X_pca,1.0,crizotinib,SKMEL5_SKIN,297,0.02131747503905009,0.8135505720019742
X_pca,1.0,crizotinib,OVCAR4_OVARY,283,0.023695815956539305,0.790519815451686
X_pca,1.0,crizotinib,UACC257_SKIN,239,0.022662943743860034,0.7470861581080129
X_pca,1.0,crizotinib,ONCODG1_OVARY,270,0.019912819701223626,0.8183567550447252
X_pca,1.0,crizotinib,HUH28_BILIARY_TRACT,139,0.020624524237933997,0.8001217160293524
X_pca,1.0,crizotinib,IM95_STOMACH,185,0.01799193043982251,0.7703821340122738
X_pca,1.0,crizotinib,TE14_OESOPHAGUS,474,0.02404125347574613,0.7770451216758052
X_pca,1.0,crizotinib,CAKI2_KIDNEY,278,0.01640201189743238,0.8038119624415747
X_pca,1.0,crizotinib,SU8686_PANCREAS,82,0.02911581893063352,0.7679464075623489
X_pca,1.0,crizotinib,SCC25_UPPER_AERODIGESTIVE_TRACT,898,0.02005207861359064,0.7247507371721926
X_pca,1.0,crizotinib,SCC9_UPPER_AERODIGESTIVE_TRACT,475,0.02721754883342873,0.7975698424640455
X_pca,1.0,afatinib,NCIH2126_LUNG,264,0.04770497052887605,0.6907812645941069
X_pca,1.0,afatinib,SW579_THYROID,217,0.032427663357118754,0.8037992773517486
X_pca,1.0,afatinib,NCIH446_LUNG,196,0.0425653133507919,0.7244974721451195
X_pca,1.0,afatinib,HEC251_ENDOMETRIUM,107,0.0439966635396075,0.62022916178837
X_pca,1.0,afatinib,MFE319_ENDOMETRIUM,191,0.04608713555657925,0.7219114453380645
X_pca,1.0,afatinib,SKNAS_AUTONOMIC_GANGLIA,226,0.04052899391287566,0.7488905014717473
X_pca,1.0,afatinib,NCIH2452_PLEURA,538,0.03086603678891857,0.7622766799421559
X_pca,1.0,afatinib,COLO741_SKIN,329,0.023482538604718682,0.7380186734228511
X_pca,1.0,afatinib,KNS42_CENTRAL_NERVOUS_SYSTEM,172,0.04319616120577312,0.7220315888177516
X_pca,1.0,afatinib,MCF7_BREAST,143,0.03376083239872645,0.7875049877000022
X_pca,1.0,afatinib,HT1197_URINARY_TRACT,74,0.04379573130480327,0.598547175929353
X_pca,1.0,afatinib,SNU899_UPPER_AERODIGESTIVE_TRACT,83,0.03686310685531507,0.5289695108511362
X_pca,1.0,afatinib,HCC38_BREAST,200,0.043661869270109004,0.6515869849920273
X_pca,1.0,afatinib,SNU308_BILIARY_TRACT,94,0.04209923410277458,0.5603217647430745
X_pca,1.0,afatinib,SW1271_LUNG,115,0.04358743800024492,0.7520669869754626
X_pca,1.0,afatinib,TM31_CENTRAL_NERVOUS_SYSTEM,116,0.031536409069504556,0.7189642658521389
X_pca,1.0,afatinib,NCIH747_LARGE_INTESTINE,80,0.03382958603227315,0.7109874613583088
X_pca,1.0,afatinib,KPNSI9S_AUTONOMIC_GANGLIA,129,0.03894641877343788,0.7467426283414974
X_pca,1.0,afatinib,SQ1_LUNG,238,0.05748625519563121,0.5940819363884565
X_pca,1.0,afatinib,IALM_LUNG,322,0.045093136562028645,0.704924360195302
X_pca,1.0,afatinib,BT474_BREAST,125,0.03320919255440348,0.7213768258094787
X_pca,1.0,afatinib,DKMG_CENTRAL_NERVOUS_SYSTEM,271,0.029653418099987915,0.7657999218170053
X_pca,1.0,afatinib,BT549_BREAST,266,0.04315909945457894,0.7857163998865544
X_pca,1.0,afatinib,BICR6_UPPER_AERODIGESTIVE_TRACT,286,0.058835819133983086,0.5776675377900784
X_pca,1.0,afatinib,SH10TC_STOMACH,351,0.02817289492582883,0.8357207202843452
X_pca,1.0,afatinib,UMUC1_URINARY_TRACT,197,0.04774607523629704,0.483682619587419
X_pca,1.0,afatinib,LS1034_LARGE_INTESTINE,146,0.04101476661711095,0.6748641341516416
X_pca,1.0,afatinib,CCFSTTG1_CENTRAL_NERVOUS_SYSTEM,246,0.031819318903037845,0.7692393982798104
X_pca,1.0,afatinib,NCIH226_LUNG,235,0.05737693654985064,0.7333825299080382
X_pca,1.0,afatinib,LNCAPCLONEFGC_PROSTATE,129,0.030931610909756407,0.7827635375104209
X_pca,1.0,afatinib,RCC10RGB_KIDNEY,233,0.04288979583757851,0.6790212129318663
X_pca,1.0,afatinib,RERFLCAD1_LUNG,243,0.04098016132690196,0.7545879819265608
X_pca,1.0,afatinib,SKMEL2_SKIN,276,0.053987579203276216,0.7665029470471368
X_pca,1.0,afatinib,BICR31_UPPER_AERODIGESTIVE_TRACT,248,0.055952700852107594,0.5537365297636678
X_pca,1.0,afatinib,RCM1_LARGE_INTESTINE,128,0.04209721933098788,0.6274566242936999
X_pca,1.0,afatinib,COV434_OVARY,88,0.046636668927657,0.730518523265015
X_pca,1.0,afatinib,SNU1079_BILIARY_TRACT,73,0.05188545554738281,0.7511563350076544
X_pca,1.0,afatinib,YD38_UPPER_AERODIGESTIVE_TRACT,624,0.04472720626642575,0.5271846648687736
X_pca,1.0,afatinib,NCIH1299_LUNG,534,0.04091515460702581,0.758863094482529
X_pca,1.0,afatinib,IGR37_SKIN,347,0.02481422295688119,0.8141155605357387
X_pca,1.0,afatinib,BFTC909_KIDNEY,379,0.04087131737684071,0.8128224180367503
X_pca,1.0,afatinib,NCIH460_LUNG,837,0.03402127052597793,0.6529703763365888
X_pca,1.0,afatinib,IGR1_SKIN,725,0.033280146236308775,0.8148935840047639
X_pca,1.0,afatinib,VMCUB1_URINARY_TRACT,478,0.05276853573455568,0.5569841342366391
X_pca,1.0,afatinib,JHOC5_OVARY,145,0.05594233188278589,0.6216461124091313
X_pca,1.0,afatinib,42MGBA_CENTRAL_NERVOUS_SYSTEM,518,0.04205914549911987,0.7711093102412795
X_pca,1.0,afatinib,HT1080_SOFT_TISSUE,516,0.04904484026469021,0.7401364495356878
X_pca,1.0,afatinib,LI7_LIVER,196,0.04872052774322994,0.7351292742758381
X_pca,1.0,afatinib,A375_SKIN,593,0.03299359422273255,0.7026817083961847
X_pca,1.0,afatinib,FTC133_THYROID,140,0.04046216296126019,0.7664613217115402
X_pca,1.0,afatinib,OVK18_OVARY,178,0.04637227157800416,0.74791558237558
X_pca,1.0,afatinib,ACCMESO1_PLEURA,162,0.035488062936544586,0.808893511324753
X_pca,1.0,afatinib,HMC18_BREAST,293,0.0418104510670278,0.7707151461379926
X_pca,1.0,afatinib,TOV112D_OVARY,78,0.0297608111529894,0.7841324026768024
X_pca,1.0,afatinib,JHH6_LIVER,206,0.04840423545821052,0.6893507540225983
X_pca,1.0,afatinib,A2058_SKIN,294,0.03193374784340117,0.8374864896949457
X_pca,1.0,afatinib,NCIH2110_LUNG,1990,0.04372749615853474,0.6685173019092886
X_pca,1.0,afatinib,NCIH650_LUNG,271,0.03620276382225814,0.7266808444723432
X_pca,1.0,afatinib,EFE184_ENDOMETRIUM,86,0.03710045001097557,0.6895385079605635
X_pca,1.0,afatinib,HUPT3_PANCREAS,136,0.05415789735009222,0.675465072340825
X_pca,1.0,afatinib,MDAMB361_BREAST,135,0.03819498097879174,0.685037832348435
X_pca,1.0,afatinib,BCPAP_THYROID,152,0.03467919744231398,0.7472890913486481
X_pca,1.0,afatinib,PECAPJ49_UPPER_AERODIGESTIVE_TRACT,202,0.043538531505138235,0.4431567751240022
X_pca,1.0,afatinib,EKVX_LUNG,146,0.039617574201988345,0.7297098224293695
X_pca,1.0,afatinib,BICR56_UPPER_AERODIGESTIVE_TRACT,81,0.023499053489714226,0.39612130213666846
X_pca,1.0,afatinib,NCIH2170_LUNG,142,0.04112969335951901,0.6938028373348881
X_pca,1.0,afatinib,DETROIT562_UPPER_AERODIGESTIVE_TRACT,163,0.04480200510459069,0.5506183463005931
X_pca,1.0,afatinib,SW1088_CENTRAL_NERVOUS_SYSTEM,128,0.0391356836403647,0.7819494223222136
X_pca,1.0,afatinib,BHY_UPPER_AERODIGESTIVE_TRACT,145,0.04576568681959724,0.45965096066738
X_pca,1.0,afatinib,CAS1_CENTRAL_NERVOUS_SYSTEM,133,0.039240418673681866,0.728772905536164
X_pca,1.0,afatinib,HCC1428_BREAST,127,0.04277270304002733,0.7627179190868468
X_pca,1.0,afatinib,HDQP1_BREAST,64,0.04418745180570197,0.6816328037530184
X_pca,1.0,afatinib,OSRC2_KIDNEY,126,0.03388061743974943,0.6831350227197012
X_pca,1.0,afatinib,HUPT4_PANCREAS,56,0.060138853425774824,0.6690408353294645
X_pca,1.0,afatinib,TCCSUP_URINARY_TRACT,316,0.035319369778961565,0.727388675642919
X_pca,1.0,afatinib,VMRCRCZ_KIDNEY,300,0.03763429592397064,0.7373051679134369
X_pca,1.0,afatinib,PK59_PANCREAS,174,0.04411835986206826,0.7570244687042017
X_pca,1.0,afatinib,HUH6_LIVER,338,0.035859337883932,0.7003419718446111
X_pca,1.0,afatinib,MSTO211H_PLEURA,297,0.04477879587865936,0.7910892877113137
X_pca,1.0,afatinib,HS852T_SKIN,162,0.025603225424173405,0.7406811640586382
X_pca,1.0,afatinib,SKMEL30_SKIN,353,0.041145359643951385,0.7702745729397782
X_pca,1.0,afatinib,T47D_BREAST,221,0.034856240971634964,0.8064446713589974
X_pca,1.0,afatinib,CALU6_LUNG,258,0.026249395034702607,0.7622837218665337
X_pca,1.0,afatinib,NCIH522_LUNG,208,0.032959785146812956,0.7384032463798156
X_pca,1.0,afatinib,LMSU_STOMACH,255,0.033645117236424875,0.7345080953018338
X_pca,1.0,afatinib,SNUC4_LARGE_INTESTINE,467,0.03703821994999425,0.6429478224901367
X_pca,1.0,afatinib,RVH421_SKIN,239,0.03667575672441421,0.7731927014793811
X_pca,1.0,afatinib,OVSAHO_OVARY,227,0.0374932216967364,0.7297324412194642
X_pca,1.0,afatinib,GOS3_CENTRAL_NERVOUS_SYSTEM,191,0.02949246628974155,0.7844353446161559
X_pca,1.0,afatinib,SNU738_CENTRAL_NERVOUS_SYSTEM,379,0.044928142846361874,0.785165922622882
X_pca,1.0,afatinib,PC3_PROSTATE,169,0.052198211328682916,0.7784838898647466
X_pca,1.0,afatinib,PATU8988S_PANCREAS,244,0.029846527204222907,0.7298466355585661
X_pca,1.0,afatinib,OVTOKO_OVARY,209,0.03139599501479023,0.6868946492386777
X_pca,1.0,afatinib,TE1_OESOPHAGUS,206,0.04704785235438382,0.6177205758766063
X_pca,1.0,afatinib,NCIH2087_LUNG,219,0.047210624188356066,0.6285584228768196
X_pca,1.0,afatinib,EFM192A_BREAST,333,0.04393098931821861,0.7624260120921664
X_pca,1.0,afatinib,SNU423_LIVER,212,0.02839145906998928,0.7663472137361202
X_pca,1.0,afatinib,KPL1_BREAST,276,0.01779402950354028,0.7329198916753134
X_pca,1.0,afatinib,NCIH358_LUNG,336,0.0451556212963766,0.672030447494416
X_pca,1.0,afatinib,COLO792_SKIN,271,0.032657211467755944,0.7623456325038332
X_pca,1.0,afatinib,KYSE520_OESOPHAGUS,323,0.045232504747805366,0.6021052878523021
X_pca,1.0,afatinib,KMRC3_KIDNEY,245,0.039272575545256996,0.789018499121374
X_pca,1.0,afatinib,MKN7_STOMACH,258,0.04391160240491642,0.689868303925492
X_pca,1.0,afatinib,NCIH1944_LUNG,414,0.03414659161752507,0.7701702012819944
X_pca,1.0,afatinib,TE6_OESOPHAGUS,551,0.04549277893189017,0.6329055293285695
X_pca,1.0,afatinib,ZR751_BREAST,309,0.03370535905645155,0.7447344006843937
X_pca,1.0,afatinib,PANC0203_PANCREAS,506,0.05471418681170027,0.5639662454604161
X_pca,1.0,afatinib,SW1990_PANCREAS,307,0.042299814435153384,0.7960563006929156
X_pca,1.0,afatinib,RD_SOFT_TISSUE,261,0.045932055865405864,0.7328521661831502
X_pca,1.0,afatinib,NCIH1792_LUNG,111,0.04722534058326992,0.7593305164629275
X_pca,1.0,afatinib,PK45H_PANCREAS,271,0.035457307083741806,0.7296847723067027
X_pca,1.0,afatinib,LS180_LARGE_INTESTINE,361,0.029158026827187815,0.6088249585965334
X_pca,1.0,afatinib,RERFLCAI_LUNG,763,0.027957724027262227,0.7992146708080997
X_pca,1.0,afatinib,CAMA1_BREAST,291,0.02819421847326985,0.7322373861299757
X_pca,1.0,afatinib,SNU449_LIVER,282,0.04376848383899976,0.6295864706766521
X_pca,1.0,afatinib,A204_SOFT_TISSUE,250,0.03337660368814117,0.755198296546936
X_pca,1.0,afatinib,MKN45_STOMACH,118,0.0343571787753326,0.6133021389023733
X_pca,1.0,afatinib,HEP3B217_LIVER,118,0.03432269463067754,0.684988694170774
X_pca,1.0,afatinib,HOS_BONE,829,0.03520273767558075,0.7713004525377897
X_pca,1.0,afatinib,EBC1_LUNG,186,0.04599825804161787,0.6275571607133393
X_pca,1.0,afatinib,NCIH292_LUNG,213,0.037299815008544124,0.5382941541537433
X_pca,1.0,afatinib,OUMS23_LARGE_INTESTINE,107,0.042718426986056726,0.7259074171012807
X_pca,1.0,afatinib,HEC151_ENDOMETRIUM,250,0.04192072722742625,0.6668453967571258
X_pca,1.0,afatinib,NCIH1373_LUNG,164,0.045909199541165305,0.669338088936922
X_pca,1.0,afatinib,TE9_OESOPHAGUS,248,0.03285628792607025,0.5681681772393565
X_pca,1.0,afatinib,HCC56_LARGE_INTESTINE,99,0.03214314590674494,0.6190230701908921
X_pca,1.0,afatinib,HT55_LARGE_INTESTINE,211,0.02824432272441364,0.6542061482560578
X_pca,1.0,afatinib,RT4_URINARY_TRACT,106,0.027393974573365017,0.7474218713787367
X_pca,1.0,afatinib,SKES1_BONE,91,0.031456813224864745,0.7610501306397575
X_pca,1.0,afatinib,NCIH1435_LUNG,267,0.04296800445793858,0.5854355639286255
X_pca,1.0,afatinib,8305C_THYROID,459,0.03885597219448037,0.7187863772730941
X_pca,1.0,afatinib,NCIH2228_LUNG,367,0.05146741078452757,0.6085557103644275
X_pca,1.0,afatinib,TE10_OESOPHAGUS,219,0.034084803776383565,0.49190421082657765
X_pca,1.0,afatinib,ASPC1_PANCREAS,290,0.03964378420340838,0.623703021633214
X_pca,1.0,afatinib,HCC366_LUNG,202,0.03411109744771776,0.7263357751440294
X_pca,1.0,afatinib,BICR16_UPPER_AERODIGESTIVE_TRACT,212,0.04297779549562634,0.49274601688924824
X_pca,1.0,afatinib,HEC6_ENDOMETRIUM,161,0.0417391994039781,0.6453474745246934
X_pca,1.0,afatinib,KALS1_CENTRAL_NERVOUS_SYSTEM,288,0.028625326655411072,0.7756822643180689
X_pca,1.0,afatinib,NCIH2444_LUNG,237,0.04501857605582407,0.6479759197446364
X_pca,1.0,afatinib,SNU46_UPPER_AERODIGESTIVE_TRACT,236,0.07827467916041936,0.6636578271449622
X_pca,1.0,afatinib,OAW28_OVARY,161,0.03240387369488443,0.6072914026538778
X_pca,1.0,afatinib,SNU1214_UPPER_AERODIGESTIVE_TRACT,188,0.04216851809168265,0.4411213274331803
X_pca,1.0,afatinib,SKMEL5_SKIN,297,0.036668012172589186,0.7541249567009383
X_pca,1.0,afatinib,OVCAR4_OVARY,283,0.03806935275529221,0.6093879203071864
X_pca,1.0,afatinib,UACC257_SKIN,239,0.03508732104048547,0.7442708456865414
X_pca,1.0,afatinib,ONCODG1_OVARY,270,0.02822414314614049,0.7038996972419598
X_pca,1.0,afatinib,HUH28_BILIARY_TRACT,139,0.029068905781319942,0.7365967356901375
X_pca,1.0,afatinib,IM95_STOMACH,185,0.03189705155997918,0.6249164375098976
X_pca,1.0,afatinib,TE14_OESOPHAGUS,474,0.03904933059857293,0.4691508362061867
X_pca,1.0,afatinib,CAKI2_KIDNEY,278,0.03479592106494807,0.6405874754456308
X_pca,1.0,afatinib,SU8686_PANCREAS,82,0.04004290459946277,0.629406386759223
X_pca,1.0,afatinib,SCC25_UPPER_AERODIGESTIVE_TRACT,898,0.0321798997495961,0.5953951034620238
X_pca,1.0,afatinib,SCC9_UPPER_AERODIGESTIVE_TRACT,475,0.0415431252950027,0.7167974558629487
X_scGPT,0.0,doxorubicin,NCIH2126_LUNG,264,0.008899163916285101,0.5603415634144436
X_scGPT,0.0,doxorubicin,SW579_THYROID,217,0.02123154572763702,0.5614485052598787
X_scGPT,0.0,doxorubicin,NCIH446_LUNG,196,0.04271729105604328,0.4552777660440426
X_scGPT,0.0,doxorubicin,HEC251_ENDOMETRIUM,107,0.03091620654830546,0.6237076259105006
X_scGPT,0.0,doxorubicin,MFE319_ENDOMETRIUM,191,0.017923519936506944,0.5891442358181739
X_scGPT,0.0,doxorubicin,SKNAS_AUTONOMIC_GANGLIA,226,0.010872316327603153,0.5488745011059584
X_scGPT,0.0,doxorubicin,NCIH2452_PLEURA,538,0.021637516611134763,0.5867960320640231
X_scGPT,0.0,doxorubicin,COLO741_SKIN,329,0.03086117861275517,0.5821809679903882
X_scGPT,0.0,doxorubicin,KNS42_CENTRAL_NERVOUS_SYSTEM,172,0.009847364298043301,0.5885084746188896
X_scGPT,0.0,doxorubicin,MCF7_BREAST,143,0.04427454977042124,0.6680902301014721
X_scGPT,0.0,doxorubicin,HT1197_URINARY_TRACT,74,0.009763892274437297,0.5911622490431812
X_scGPT,0.0,doxorubicin,SNU899_UPPER_AERODIGESTIVE_TRACT,83,0.01960290979075835,0.5535857731319336
X_scGPT,0.0,doxorubicin,HCC38_BREAST,200,0.028254850813893923,0.5784702888131141
X_scGPT,0.0,doxorubicin,SNU308_BILIARY_TRACT,94,0.025967027165706272,0.5533258382310259
X_scGPT,0.0,doxorubicin,SW1271_LUNG,115,0.02912978950146788,0.6332113893135735
X_scGPT,0.0,doxorubicin,TM31_CENTRAL_NERVOUS_SYSTEM,116,0.008590007124426001,0.5694478483035647
X_scGPT,0.0,doxorubicin,NCIH747_LARGE_INTESTINE,80,0.024113802213502553,0.6045261532068252
X_scGPT,0.0,doxorubicin,KPNSI9S_AUTONOMIC_GANGLIA,129,0.015529035467111188,0.5272992750008901
X_scGPT,0.0,doxorubicin,SQ1_LUNG,238,0.03055522233083435,0.6211147809228977
X_scGPT,0.0,doxorubicin,IALM_LUNG,322,0.009162664333467914,0.5840096979037576
X_scGPT,0.0,doxorubicin,BT474_BREAST,125,0.009338530517610459,0.5807887263298035
X_scGPT,0.0,doxorubicin,DKMG_CENTRAL_NERVOUS_SYSTEM,271,0.020054168171811482,0.5377227672791569
X_scGPT,0.0,doxorubicin,BT549_BREAST,266,0.027218808342557087,0.5359690572534289
X_scGPT,0.0,doxorubicin,BICR6_UPPER_AERODIGESTIVE_TRACT,286,0.021385358672714523,0.5276893381472234
X_scGPT,0.0,doxorubicin,SH10TC_STOMACH,351,0.023471281230747616,0.6034729653953487
X_scGPT,0.0,doxorubicin,UMUC1_URINARY_TRACT,197,0.03281133689575883,0.5668162476592863
X_scGPT,0.0,doxorubicin,LS1034_LARGE_INTESTINE,146,0.011969995880517828,0.5923587839080863
X_scGPT,0.0,doxorubicin,CCFSTTG1_CENTRAL_NERVOUS_SYSTEM,246,0.0267906003091465,0.5379512661356267
X_scGPT,0.0,doxorubicin,NCIH226_LUNG,235,0.029472569880706012,0.6137700681990765
X_scGPT,0.0,doxorubicin,LNCAPCLONEFGC_PROSTATE,129,0.021688975151487957,0.6492201630459276
X_scGPT,0.0,doxorubicin,RCC10RGB_KIDNEY,233,0.027736237952546604,0.5887349946304452
X_scGPT,0.0,doxorubicin,RERFLCAD1_LUNG,243,0.030696890295163485,0.5704421934522228
X_scGPT,0.0,doxorubicin,SKMEL2_SKIN,276,0.02647404087667006,0.570621055321417
X_scGPT,0.0,doxorubicin,BICR31_UPPER_AERODIGESTIVE_TRACT,248,0.015875360426416713,0.5154691587292379
X_scGPT,0.0,doxorubicin,RCM1_LARGE_INTESTINE,128,0.02799469027587639,0.5897373887710273
X_scGPT,0.0,doxorubicin,COV434_OVARY,88,0.008774446075344966,0.5768245499242436
X_scGPT,0.0,doxorubicin,SNU1079_BILIARY_TRACT,73,0.046122466926668236,0.6580670598435076
X_scGPT,0.0,doxorubicin,YD38_UPPER_AERODIGESTIVE_TRACT,624,0.009849773249861154,0.5565712194985304
X_scGPT,0.0,doxorubicin,NCIH1299_LUNG,534,0.013567425818417115,0.5843626901451568
X_scGPT,0.0,doxorubicin,IGR37_SKIN,347,0.010800922905477454,0.6310303808976319
X_scGPT,0.0,doxorubicin,BFTC909_KIDNEY,379,0.028510684488090958,0.5593504784604175
X_scGPT,0.0,doxorubicin,NCIH460_LUNG,837,0.03308171714644329,0.5261427758699961
X_scGPT,0.0,doxorubicin,IGR1_SKIN,725,0.02929430326988874,0.5958151666871433
X_scGPT,0.0,doxorubicin,VMCUB1_URINARY_TRACT,478,0.00910784264288229,0.5560944955718068
X_scGPT,0.0,doxorubicin,JHOC5_OVARY,145,0.03511539116054177,0.6051111435068065
X_scGPT,0.0,doxorubicin,42MGBA_CENTRAL_NERVOUS_SYSTEM,518,0.008643182039102127,0.578657729285104
X_scGPT,0.0,doxorubicin,HT1080_SOFT_TISSUE,516,0.03604786994955316,0.5886221727890562
X_scGPT,0.0,doxorubicin,LI7_LIVER,196,0.013085525657801925,0.5749154172989787
X_scGPT,0.0,doxorubicin,A375_SKIN,593,0.05333318579916025,0.5868513157958727
X_scGPT,0.0,doxorubicin,FTC133_THYROID,140,0.03628274209110818,0.6136365886245455
X_scGPT,0.0,doxorubicin,OVK18_OVARY,178,0.022839353910299107,0.5422419490439169
X_scGPT,0.0,doxorubicin,ACCMESO1_PLEURA,162,0.012308486737734476,0.5871635616561512
X_scGPT,0.0,doxorubicin,HMC18_BREAST,293,0.01324382132406978,0.5916399316983011
X_scGPT,0.0,doxorubicin,TOV112D_OVARY,78,0.012353476851700778,0.5588066784235147
X_scGPT,0.0,doxorubicin,JHH6_LIVER,206,0.025786432073664593,0.5735362559846304
X_scGPT,0.0,doxorubicin,A2058_SKIN,294,0.03495880669985761,0.574447247041326
X_scGPT,0.0,doxorubicin,NCIH2110_LUNG,1990,0.027084103605959656,0.5958895705453116
X_scGPT,0.0,doxorubicin,NCIH650_LUNG,271,0.028550336668159686,0.6311556406566577
X_scGPT,0.0,doxorubicin,EFE184_ENDOMETRIUM,86,0.012273207042080575,0.5906631953494493
X_scGPT,0.0,doxorubicin,HUPT3_PANCREAS,136,0.030276319657359434,0.6026585036340881
X_scGPT,0.0,doxorubicin,MDAMB361_BREAST,135,0.04151606638071481,0.6493421174861767
X_scGPT,0.0,doxorubicin,BCPAP_THYROID,152,0.011123656993466239,0.5806069562309667
X_scGPT,0.0,doxorubicin,PECAPJ49_UPPER_AERODIGESTIVE_TRACT,202,0.02649167142546202,0.5323799357260808
X_scGPT,0.0,doxorubicin,EKVX_LUNG,146,0.01602253848710982,0.5790198118719336
X_scGPT,0.0,doxorubicin,BICR56_UPPER_AERODIGESTIVE_TRACT,81,0.015848350460876803,0.48426831357273054
X_scGPT,0.0,doxorubicin,NCIH2170_LUNG,142,0.010996869083100998,0.564771572049235
X_scGPT,0.0,doxorubicin,DETROIT562_UPPER_AERODIGESTIVE_TRACT,163,0.020416482086256696,0.5331438538486972
X_scGPT,0.0,doxorubicin,SW1088_CENTRAL_NERVOUS_SYSTEM,128,0.010307393521144053,0.5869226027280092
X_scGPT,0.0,doxorubicin,BHY_UPPER_AERODIGESTIVE_TRACT,145,0.033294850328740376,0.5482715216176263
X_scGPT,0.0,doxorubicin,CAS1_CENTRAL_NERVOUS_SYSTEM,133,0.026322660812564454,0.537190161029199
X_scGPT,0.0,doxorubicin,HCC1428_BREAST,127,0.027860958337371424,0.6047661013490572
X_scGPT,0.0,doxorubicin,HDQP1_BREAST,64,0.026436992101108128,0.6240072892978787
X_scGPT,0.0,doxorubicin,OSRC2_KIDNEY,126,0.03056270390242505,0.653713470886624
X_scGPT,0.0,doxorubicin,HUPT4_PANCREAS,56,0.02291115783501927,0.5662927052804402
X_scGPT,0.0,doxorubicin,TCCSUP_URINARY_TRACT,316,0.01398055504448451,0.587456849556935
X_scGPT,0.0,doxorubicin,VMRCRCZ_KIDNEY,300,0.011815149220001108,0.5972724896669388
X_scGPT,0.0,doxorubicin,PK59_PANCREAS,174,0.03425289430820935,0.6184707290824802
X_scGPT,0.0,doxorubicin,HUH6_LIVER,338,0.012507997649474262,0.6069149205670554
X_scGPT,0.0,doxorubicin,MSTO211H_PLEURA,297,0.02383358238594244,0.582355529370934
X_scGPT,0.0,doxorubicin,HS852T_SKIN,162,0.034232679880448424,0.642364646549578
X_scGPT,0.0,doxorubicin,SKMEL30_SKIN,353,0.029059882113313732,0.6041052945950214
X_scGPT,0.0,doxorubicin,T47D_BREAST,221,0.04100984622729775,0.6831745766946093
X_scGPT,0.0,doxorubicin,CALU6_LUNG,258,0.03078784037286983,0.5841950336399004
X_scGPT,0.0,doxorubicin,NCIH522_LUNG,208,0.011792425635309528,0.5625668787039243
X_scGPT,0.0,doxorubicin,LMSU_STOMACH,255,0.009463027422071257,0.5550006990339241
X_scGPT,0.0,doxorubicin,SNUC4_LARGE_INTESTINE,467,0.01589223852547182,0.575256668653427
X_scGPT,0.0,doxorubicin,RVH421_SKIN,239,0.011807937718377485,0.6054000959236752
X_scGPT,0.0,doxorubicin,OVSAHO_OVARY,227,0.011869033397630256,0.5974310282043424
X_scGPT,0.0,doxorubicin,GOS3_CENTRAL_NERVOUS_SYSTEM,191,0.01047630464269046,0.5680648447331333
X_scGPT,0.0,doxorubicin,SNU738_CENTRAL_NERVOUS_SYSTEM,379,0.03079830496348157,0.6106675284519044
X_scGPT,0.0,doxorubicin,PC3_PROSTATE,169,0.02955395323987285,0.6054625867386542
X_scGPT,0.0,doxorubicin,PATU8988S_PANCREAS,244,0.02410948772838588,0.5968970702808412
X_scGPT,0.0,doxorubicin,OVTOKO_OVARY,209,0.010220697783918181,0.5898310199879003
X_scGPT,0.0,doxorubicin,TE1_OESOPHAGUS,206,0.011177386402000394,0.5875247395733028
X_scGPT,0.0,doxorubicin,NCIH2087_LUNG,219,0.026029182002181808,0.5444055052652751
X_scGPT,0.0,doxorubicin,EFM192A_BREAST,333,0.030883336001368437,0.6046180385011094
X_scGPT,0.0,doxorubicin,SNU423_LIVER,212,0.00972145147699258,0.6040099431883614
X_scGPT,0.0,doxorubicin,KPL1_BREAST,276,0.01802399177231792,0.621818116609601
X_scGPT,0.0,doxorubicin,NCIH358_LUNG,336,0.0366739533743717,0.6616429047925132
X_scGPT,0.0,doxorubicin,COLO792_SKIN,271,0.013510924550433085,0.6212754498108727
X_scGPT,0.0,doxorubicin,KYSE520_OESOPHAGUS,323,0.015407116332409784,0.5652780705376675
X_scGPT,0.0,doxorubicin,KMRC3_KIDNEY,245,0.03625187262325669,0.6580638693303478
X_scGPT,0.0,doxorubicin,MKN7_STOMACH,258,0.04096448909256165,0.594099354605342
X_scGPT,0.0,doxorubicin,NCIH1944_LUNG,414,0.013898898845154037,0.5753651699006269
X_scGPT,0.0,doxorubicin,TE6_OESOPHAGUS,551,0.015430811145493314,0.5522066056728363
X_scGPT,0.0,doxorubicin,ZR751_BREAST,309,0.046988473249977014,0.5239609202134956
X_scGPT,0.0,doxorubicin,PANC0203_PANCREAS,506,0.027215403907419194,0.5478318135728949
X_scGPT,0.0,doxorubicin,SW1990_PANCREAS,307,0.0400279793681833,0.6196537147904063
X_scGPT,0.0,doxorubicin,RD_SOFT_TISSUE,261,0.028884715371254567,0.5494092704007452
X_scGPT,0.0,doxorubicin,NCIH1792_LUNG,111,0.00780669423264064,0.5932872993452055
X_scGPT,0.0,doxorubicin,PK45H_PANCREAS,271,0.009690490308833422,0.6056881540375882
X_scGPT,0.0,doxorubicin,LS180_LARGE_INTESTINE,361,0.04621412872108241,0.6587158728009116
X_scGPT,0.0,doxorubicin,RERFLCAI_LUNG,763,0.03285943634337416,0.6318864870821351
X_scGPT,0.0,doxorubicin,CAMA1_BREAST,291,0.020254664400973812,0.6133860427489395
X_scGPT,0.0,doxorubicin,SNU449_LIVER,282,0.029915411306001827,0.5914665741700653
X_scGPT,0.0,doxorubicin,A204_SOFT_TISSUE,250,0.007510416547477372,0.5937635357379913
X_scGPT,0.0,doxorubicin,MKN45_STOMACH,118,0.03734707112854929,0.6334162874747131
X_scGPT,0.0,doxorubicin,HEP3B217_LIVER,118,0.008929053544903563,0.5979279542373399
X_scGPT,0.0,doxorubicin,HOS_BONE,829,0.009168335480356829,0.5839595758728009
X_scGPT,0.0,doxorubicin,EBC1_LUNG,186,0.03468702969019858,0.589585272214746
X_scGPT,0.0,doxorubicin,NCIH292_LUNG,213,0.02604785541784187,0.551542536613527
X_scGPT,0.0,doxorubicin,OUMS23_LARGE_INTESTINE,107,0.020821496304386893,0.5933447118117431
X_scGPT,0.0,doxorubicin,HEC151_ENDOMETRIUM,250,0.009572913801042292,0.596606363773346
X_scGPT,0.0,doxorubicin,NCIH1373_LUNG,164,0.03666990032507287,0.5832283813052062
X_scGPT,0.0,doxorubicin,TE9_OESOPHAGUS,248,0.01923799440273971,0.540865145263172
X_scGPT,0.0,doxorubicin,HCC56_LARGE_INTESTINE,99,0.02999497447156006,0.663584231126188
X_scGPT,0.0,doxorubicin,HT55_LARGE_INTESTINE,211,0.026901018975944692,0.7044348103740204
X_scGPT,0.0,doxorubicin,RT4_URINARY_TRACT,106,0.01730476731275714,0.5674670850330928
X_scGPT,0.0,doxorubicin,SKES1_BONE,91,0.01278347821276404,0.5585485945691119
X_scGPT,0.0,doxorubicin,NCIH1435_LUNG,267,0.01947127306662397,0.5579817665650157
X_scGPT,0.0,doxorubicin,8305C_THYROID,459,0.007728904733336419,0.6005851591334623
X_scGPT,0.0,doxorubicin,NCIH2228_LUNG,367,0.0288384363652371,0.6186054272612694
X_scGPT,0.0,doxorubicin,TE10_OESOPHAGUS,219,0.01167560887008284,0.5829591620458315
X_scGPT,0.0,doxorubicin,ASPC1_PANCREAS,290,0.008217081626260723,0.6054225007007862
X_scGPT,0.0,doxorubicin,HCC366_LUNG,202,0.02429434527914104,0.5921357589783055
X_scGPT,0.0,doxorubicin,BICR16_UPPER_AERODIGESTIVE_TRACT,212,0.01865102599043085,0.5560538206460341
X_scGPT,0.0,doxorubicin,HEC6_ENDOMETRIUM,161,0.03421254728279729,0.6202548783017982
X_scGPT,0.0,doxorubicin,KALS1_CENTRAL_NERVOUS_SYSTEM,288,0.007570974835189737,0.5732905593597226
X_scGPT,0.0,doxorubicin,NCIH2444_LUNG,237,0.02325553825325235,0.6276737069278829
X_scGPT,0.0,doxorubicin,SNU46_UPPER_AERODIGESTIVE_TRACT,236,0.010793814091603685,0.5898141520003141
X_scGPT,0.0,doxorubicin,OAW28_OVARY,161,0.024727105922151965,0.5794658246247665
X_scGPT,0.0,doxorubicin,SNU1214_UPPER_AERODIGESTIVE_TRACT,188,0.021860869960086675,0.5184578123561879
X_scGPT,0.0,doxorubicin,SKMEL5_SKIN,297,0.007678422193808519,0.6027370611023822
X_scGPT,0.0,doxorubicin,OVCAR4_OVARY,283,0.030630089138529167,0.6339932570609103
X_scGPT,0.0,doxorubicin,UACC257_SKIN,239,0.01948678821141826,0.56883305585534
X_scGPT,0.0,doxorubicin,ONCODG1_OVARY,270,0.008265037342481551,0.5906969790105466
X_scGPT,0.0,doxorubicin,HUH28_BILIARY_TRACT,139,0.008137286660848569,0.5767700221898745
X_scGPT,0.0,doxorubicin,IM95_STOMACH,185,0.011367898215926068,0.5828675437617946
X_scGPT,0.0,doxorubicin,TE14_OESOPHAGUS,474,0.01887898575049806,0.5365215188466044
X_scGPT,0.0,doxorubicin,CAKI2_KIDNEY,278,0.009461222135975753,0.6043920572713125
X_scGPT,0.0,doxorubicin,SU8686_PANCREAS,82,0.021782558305573532,0.6074230212990831
X_scGPT,0.0,doxorubicin,SCC25_UPPER_AERODIGESTIVE_TRACT,898,0.01612419788446046,0.5448824772590518
X_scGPT,0.0,doxorubicin,SCC9_UPPER_AERODIGESTIVE_TRACT,475,0.008495953055145727,0.5575997810614737
X_scGPT,0.0,platin,NCIH2126_LUNG,264,0.0033296879432773156,0.9942194936853467
X_scGPT,0.0,platin,SW579_THYROID,217,0.003128572398218813,1.0036434064263022
X_scGPT,0.0,platin,NCIH446_LUNG,196,0.004232788834937779,1.0149447480026557
X_scGPT,0.0,platin,HEC251_ENDOMETRIUM,107,0.00780991081747688,1.0078434977575996
X_scGPT,0.0,platin,MFE319_ENDOMETRIUM,191,0.003266657152853349,1.000472053495377
X_scGPT,0.0,platin,SKNAS_AUTONOMIC_GANGLIA,226,0.0014488423004790525,1.00414806340648
X_scGPT,0.0,platin,NCIH2452_PLEURA,538,0.004215061349457418,1.0096665537711855
X_scGPT,0.0,platin,COLO741_SKIN,329,0.007490178310675861,1.025147724658885
X_scGPT,0.0,platin,KNS42_CENTRAL_NERVOUS_SYSTEM,172,0.0018801720496064043,1.002382443394772
X_scGPT,0.0,platin,MCF7_BREAST,143,0.007387622066961931,1.0227669452453827
X_scGPT,0.0,platin,HT1197_URINARY_TRACT,74,0.0022320275952314003,0.9964537781638068
X_scGPT,0.0,platin,SNU899_UPPER_AERODIGESTIVE_TRACT,83,0.003148562843907412,0.9860861208065447
X_scGPT,0.0,platin,HCC38_BREAST,200,0.009235279886218604,0.9985039591789245
X_scGPT,0.0,platin,SNU308_BILIARY_TRACT,94,0.005190640821966923,0.9942966071849174
X_scGPT,0.0,platin,SW1271_LUNG,115,0.004176149900939109,1.0078165510426398
X_scGPT,0.0,platin,TM31_CENTRAL_NERVOUS_SYSTEM,116,0.0020832118124102152,0.9993798460426002
X_scGPT,0.0,platin,NCIH747_LARGE_INTESTINE,80,0.007245314113212075,0.9938527509570122
X_scGPT,0.0,platin,KPNSI9S_AUTONOMIC_GANGLIA,129,0.007444599278834538,0.9940131505330404
X_scGPT,0.0,platin,SQ1_LUNG,238,0.006802615834869529,1.0026373657859673
X_scGPT,0.0,platin,IALM_LUNG,322,0.002519154286473817,0.9972068584113387
X_scGPT,0.0,platin,BT474_BREAST,125,0.0023228467855053885,1.0052685170173645
X_scGPT,0.0,platin,DKMG_CENTRAL_NERVOUS_SYSTEM,271,0.008310164161844599,0.9831930579294578
X_scGPT,0.0,platin,BT549_BREAST,266,0.004597566792740352,1.00639719600068
X_scGPT,0.0,platin,BICR6_UPPER_AERODIGESTIVE_TRACT,286,0.007618126923780635,0.977973308179762
X_scGPT,0.0,platin,SH10TC_STOMACH,351,0.010899951433521205,0.9871469657984894
X_scGPT,0.0,platin,UMUC1_URINARY_TRACT,197,0.005026311500022318,1.0034355542381403
X_scGPT,0.0,platin,LS1034_LARGE_INTESTINE,146,0.0021111352887948406,1.0022462528862366
X_scGPT,0.0,platin,CCFSTTG1_CENTRAL_NERVOUS_SYSTEM,246,0.010778088951753537,0.9888955834435254
X_scGPT,0.0,platin,NCIH226_LUNG,235,0.00368403985696072,1.0040728292566665
X_scGPT,0.0,platin,LNCAPCLONEFGC_PROSTATE,129,0.003587994517220587,1.012247925580934
X_scGPT,0.0,platin,RCC10RGB_KIDNEY,233,0.009515568486098863,0.9818611121996278
X_scGPT,0.0,platin,RERFLCAD1_LUNG,243,0.017699948764417987,0.970550275143282
X_scGPT,0.0,platin,SKMEL2_SKIN,276,0.00555864137739744,1.0152742685615153
X_scGPT,0.0,platin,BICR31_UPPER_AERODIGESTIVE_TRACT,248,0.005407803254227631,0.9857734177381762
X_scGPT,0.0,platin,RCM1_LARGE_INTESTINE,128,0.008556928043025368,1.0016881674528122
X_scGPT,0.0,platin,COV434_OVARY,88,0.0014877195073971345,1.0027746876532382
X_scGPT,0.0,platin,SNU1079_BILIARY_TRACT,73,0.006150905594575579,1.0131587892362517
X_scGPT,0.0,platin,YD38_UPPER_AERODIGESTIVE_TRACT,624,0.004034871957498929,0.9856858171331577
X_scGPT,0.0,platin,NCIH1299_LUNG,534,0.002403676805192163,1.0012139605448933
X_scGPT,0.0,platin,IGR37_SKIN,347,0.0030876216111161087,1.020577156578086
X_scGPT,0.0,platin,BFTC909_KIDNEY,379,0.012373034814902695,0.9831271048900635
X_scGPT,0.0,platin,NCIH460_LUNG,837,0.00827690935297076,1.0012632023761208
X_scGPT,0.0,platin,IGR1_SKIN,725,0.007208645881867462,1.026615189848275
X_scGPT,0.0,platin,VMCUB1_URINARY_TRACT,478,0.003622970493688163,0.9876907952909191
X_scGPT,0.0,platin,JHOC5_OVARY,145,0.00862426669819301,0.9998629500126016
X_scGPT,0.0,platin,42MGBA_CENTRAL_NERVOUS_SYSTEM,518,0.0018563994025646599,1.0017162922726635
X_scGPT,0.0,platin,HT1080_SOFT_TISSUE,516,0.013141672520832797,0.9928218308807344
X_scGPT,0.0,platin,LI7_LIVER,196,0.002616222551991053,1.0008064392878084
X_scGPT,0.0,platin,A375_SKIN,593,0.0061885148641033436,1.0130662189366242
X_scGPT,0.0,platin,FTC133_THYROID,140,0.004864284299761959,1.0032697741474423
X_scGPT,0.0,platin,OVK18_OVARY,178,0.013589258774383928,0.982441499996721
X_scGPT,0.0,platin,ACCMESO1_PLEURA,162,0.0022014086314346257,0.9982191342630504
X_scGPT,0.0,platin,HMC18_BREAST,293,0.002312456284356482,1.0027582425713133
X_scGPT,0.0,platin,TOV112D_OVARY,78,0.001518712304604049,1.0047563115755718
X_scGPT,0.0,platin,JHH6_LIVER,206,0.005561046664152703,1.0014643903496196
X_scGPT,0.0,platin,A2058_SKIN,294,0.015669851033325733,1.01073622784647
X_scGPT,0.0,platin,NCIH2110_LUNG,1990,0.005813886415828706,1.0032991039393535
X_scGPT,0.0,platin,NCIH650_LUNG,271,0.01092756026905537,0.9962645080696613
X_scGPT,0.0,platin,EFE184_ENDOMETRIUM,86,0.0018364399016643908,0.9990520581256511
X_scGPT,0.0,platin,HUPT3_PANCREAS,136,0.010546278105608403,0.991117453750442
X_scGPT,0.0,platin,MDAMB361_BREAST,135,0.005272014327460879,1.032124348923012
X_scGPT,0.0,platin,BCPAP_THYROID,152,0.0029977994884966756,0.9959003368490621
X_scGPT,0.0,platin,PECAPJ49_UPPER_AERODIGESTIVE_TRACT,202,0.0052793909936687386,1.002386244806913
X_scGPT,0.0,platin,EKVX_LUNG,146,0.00261323931462038,0.9985980624205446
X_scGPT,0.0,platin,BICR56_UPPER_AERODIGESTIVE_TRACT,81,0.007173032878335677,0.9921215559229438
X_scGPT,0.0,platin,NCIH2170_LUNG,142,0.0038302557252119225,0.9952965479501537
X_scGPT,0.0,platin,DETROIT562_UPPER_AERODIGESTIVE_TRACT,163,0.003973120209317307,0.9861636344640533
X_scGPT,0.0,platin,SW1088_CENTRAL_NERVOUS_SYSTEM,128,0.0026503535877085665,1.0012719533406198
X_scGPT,0.0,platin,BHY_UPPER_AERODIGESTIVE_TRACT,145,0.007957990227490956,0.979774035667551
X_scGPT,0.0,platin,CAS1_CENTRAL_NERVOUS_SYSTEM,133,0.004105723876769261,1.0057972844381977
X_scGPT,0.0,platin,HCC1428_BREAST,127,0.008574399340509815,1.0092374414909544
X_scGPT,0.0,platin,HDQP1_BREAST,64,0.00679746032269864,1.0065824091434479
X_scGPT,0.0,platin,OSRC2_KIDNEY,126,0.005867222735409722,1.0149750737916856
X_scGPT,0.0,platin,HUPT4_PANCREAS,56,0.01430689399057057,0.9713366446750504
X_scGPT,0.0,platin,TCCSUP_URINARY_TRACT,316,0.004454909692729493,1.0023470579446117
X_scGPT,0.0,platin,VMRCRCZ_KIDNEY,300,0.0029095231471454887,0.9982347228129704
X_scGPT,0.0,platin,PK59_PANCREAS,174,0.012141584562002396,0.9775351659319866
X_scGPT,0.0,platin,HUH6_LIVER,338,0.0021604061149940843,1.0020257807694948
X_scGPT,0.0,platin,MSTO211H_PLEURA,297,0.005491179895204858,1.000492027110925
X_scGPT,0.0,platin,HS852T_SKIN,162,0.006584697749218374,1.0060973943751534
X_scGPT,0.0,platin,SKMEL30_SKIN,353,0.006128879085383304,1.0169637714837159
X_scGPT,0.0,platin,T47D_BREAST,221,0.0070075801586213776,1.0260061203624329
X_scGPT,0.0,platin,CALU6_LUNG,258,0.008450254016011023,1.0031075412912887
X_scGPT,0.0,platin,NCIH522_LUNG,208,0.0019643001025819165,1.002042384388355
X_scGPT,0.0,platin,LMSU_STOMACH,255,0.0020798468399795206,0.9994663030493494
X_scGPT,0.0,platin,SNUC4_LARGE_INTESTINE,467,0.006179038304815661,0.9810117672035985
X_scGPT,0.0,platin,RVH421_SKIN,239,0.0033251623177351823,1.0018700076945157
X_scGPT,0.0,platin,OVSAHO_OVARY,227,0.0028209825665241133,1.0043922956819575
X_scGPT,0.0,platin,GOS3_CENTRAL_NERVOUS_SYSTEM,191,0.0024782785383468246,0.9993497782352707
X_scGPT,0.0,platin,SNU738_CENTRAL_NERVOUS_SYSTEM,379,0.007211350191588075,1.0032779083717467
X_scGPT,0.0,platin,PC3_PROSTATE,169,0.006573341843253561,1.0017917057466226
X_scGPT,0.0,platin,PATU8988S_PANCREAS,244,0.005444202699817685,0.9963132130806563
X_scGPT,0.0,platin,OVTOKO_OVARY,209,0.003007337643735802,0.9956183168306305
X_scGPT,0.0,platin,TE1_OESOPHAGUS,206,0.0032053009409681033,0.9946910932804774
X_scGPT,0.0,platin,NCIH2087_LUNG,219,0.013554909204303127,0.9724325382546203
X_scGPT,0.0,platin,EFM192A_BREAST,333,0.007675242912334604,0.9894957884295925
X_scGPT,0.0,platin,SNU423_LIVER,212,0.0024768876965340155,0.9931302031256118
X_scGPT,0.0,platin,KPL1_BREAST,276,0.0070090470389049826,1.0077710775793463
X_scGPT,0.0,platin,NCIH358_LUNG,336,0.006190184318526127,1.0042097236783731
X_scGPT,0.0,platin,COLO792_SKIN,271,0.00637686908633103,1.0078255318627587
X_scGPT,0.0,platin,KYSE520_OESOPHAGUS,323,0.004560047618636196,0.9839289011231886
X_scGPT,0.0,platin,KMRC3_KIDNEY,245,0.006098146580888591,0.9993411679657138
X_scGPT,0.0,platin,MKN7_STOMACH,258,0.011963395071761288,0.9780754775039909
X_scGPT,0.0,platin,NCIH1944_LUNG,414,0.0025395965055775723,0.9966902417549188
X_scGPT,0.0,platin,TE6_OESOPHAGUS,551,0.003861107381577392,0.9876754288232045
X_scGPT,0.0,platin,ZR751_BREAST,309,0.00605713712421849,1.0096477339568648
X_scGPT,0.0,platin,PANC0203_PANCREAS,506,0.00723425807318482,0.9755150054990067
X_scGPT,0.0,platin,SW1990_PANCREAS,307,0.013165989214110937,0.9695331817341162
X_scGPT,0.0,platin,RD_SOFT_TISSUE,261,0.004751299193172717,1.0034674499683454
X_scGPT,0.0,platin,NCIH1792_LUNG,111,0.002592654080598941,0.9970461812105265
X_scGPT,0.0,platin,PK45H_PANCREAS,271,0.0028222713318820777,0.995218699708636
X_scGPT,0.0,platin,LS180_LARGE_INTESTINE,361,0.009167875224221862,0.9838859907808066
X_scGPT,0.0,platin,RERFLCAI_LUNG,763,0.011450636411219342,0.9813503272255314
X_scGPT,0.0,platin,CAMA1_BREAST,291,0.006430667188348264,1.0081726054555362
X_scGPT,0.0,platin,SNU449_LIVER,282,0.005165798490954267,0.9867546974767184
X_scGPT,0.0,platin,A204_SOFT_TISSUE,250,0.001635118072600739,1.0048833379745483
X_scGPT,0.0,platin,MKN45_STOMACH,118,0.006504845505347979,0.9954227850598804
X_scGPT,0.0,platin,HEP3B217_LIVER,118,0.0024886929687446538,0.9944906477200783
X_scGPT,0.0,platin,HOS_BONE,829,0.002785325521246572,0.993096799053818
X_scGPT,0.0,platin,EBC1_LUNG,186,0.008865673681025676,0.9843789951134754
X_scGPT,0.0,platin,NCIH292_LUNG,213,0.008620156867553776,0.9780244701345202
X_scGPT,0.0,platin,OUMS23_LARGE_INTESTINE,107,0.010343054590669483,0.9878725086417154
X_scGPT,0.0,platin,HEC151_ENDOMETRIUM,250,0.002667855597034751,0.9982941129207611
X_scGPT,0.0,platin,NCIH1373_LUNG,164,0.008541803526768085,0.9781367902348681
X_scGPT,0.0,platin,TE9_OESOPHAGUS,248,0.0034872496263523766,0.9854521710545786
X_scGPT,0.0,platin,HCC56_LARGE_INTESTINE,99,0.0063340593408143025,0.9917844738623108
X_scGPT,0.0,platin,HT55_LARGE_INTESTINE,211,0.005056955364061926,1.0104669230809145
X_scGPT,0.0,platin,RT4_URINARY_TRACT,106,0.010509401890544761,0.967009498825613
X_scGPT,0.0,platin,SKES1_BONE,91,0.0019008685347532601,1.004707048227499
X_scGPT,0.0,platin,NCIH1435_LUNG,267,0.006256088759817046,0.9802406910206941
X_scGPT,0.0,platin,8305C_THYROID,459,0.002009147583778868,0.9974272295280739
X_scGPT,0.0,platin,NCIH2228_LUNG,367,0.0075547948118605945,0.9891613114432353
X_scGPT,0.0,platin,TE10_OESOPHAGUS,219,0.0030110224321283434,0.9883916424289686
X_scGPT,0.0,platin,ASPC1_PANCREAS,290,0.002025996582203495,0.9971864932569964
X_scGPT,0.0,platin,HCC366_LUNG,202,0.010626393213394078,0.9740916183679411
X_scGPT,0.0,platin,BICR16_UPPER_AERODIGESTIVE_TRACT,212,0.008225024489619603,0.9609171076203292
X_scGPT,0.0,platin,HEC6_ENDOMETRIUM,161,0.005938221358845159,1.0022515310263782
X_scGPT,0.0,platin,KALS1_CENTRAL_NERVOUS_SYSTEM,288,0.002123769410195514,0.997637545896901
X_scGPT,0.0,platin,NCIH2444_LUNG,237,0.00545588816050874,0.9959017923612635
X_scGPT,0.0,platin,SNU46_UPPER_AERODIGESTIVE_TRACT,236,0.0044463900189838455,0.9919659806005026
X_scGPT,0.0,platin,OAW28_OVARY,161,0.012629641703151928,0.975949990453187
X_scGPT,0.0,platin,SNU1214_UPPER_AERODIGESTIVE_TRACT,188,0.006211553791685514,1.002058304053672
X_scGPT,0.0,platin,SKMEL5_SKIN,297,0.002410812450953012,1.0085147643330121
X_scGPT,0.0,platin,OVCAR4_OVARY,283,0.005402441727391483,0.9996614906897393
X_scGPT,0.0,platin,UACC257_SKIN,239,0.0024129663865263525,1.0187234125376745
X_scGPT,0.0,platin,ONCODG1_OVARY,270,0.0020859968264592597,0.9942771322197385
X_scGPT,0.0,platin,HUH28_BILIARY_TRACT,139,0.0019672251993409448,0.9991430069902818
X_scGPT,0.0,platin,IM95_STOMACH,185,0.003377709614509232,0.9984617275160712
X_scGPT,0.0,platin,TE14_OESOPHAGUS,474,0.004713351394810291,0.9907541082629675
X_scGPT,0.0,platin,CAKI2_KIDNEY,278,0.002120172953305072,0.9971677785297092
X_scGPT,0.0,platin,SU8686_PANCREAS,82,0.004322963174225574,0.9884814503716259
X_scGPT,0.0,platin,SCC25_UPPER_AERODIGESTIVE_TRACT,898,0.004624504042704469,0.982241448288771
X_scGPT,0.0,platin,SCC9_UPPER_AERODIGESTIVE_TRACT,475,0.002500159328029231,0.9985248235652321
X_scGPT,0.0,etoposide,NCIH2126_LUNG,264,0.004055326529794076,0.8751325275410305
X_scGPT,0.0,etoposide,SW579_THYROID,217,0.017776807394550585,0.8869325485646999
X_scGPT,0.0,etoposide,NCIH446_LUNG,196,0.029377838327147274,0.8094248905473825
X_scGPT,0.0,etoposide,HEC251_ENDOMETRIUM,107,0.016880161778112045,0.9254946669685506
X_scGPT,0.0,etoposide,MFE319_ENDOMETRIUM,191,0.013425138416507403,0.8880706860132866
X_scGPT,0.0,etoposide,SKNAS_AUTONOMIC_GANGLIA,226,0.011060873599525279,0.8475443681256961
X_scGPT,0.0,etoposide,NCIH2452_PLEURA,538,0.016137508702936294,0.8896702772844236
X_scGPT,0.0,etoposide,COLO741_SKIN,329,0.02024006144016714,0.9325040207445441
X_scGPT,0.0,etoposide,KNS42_CENTRAL_NERVOUS_SYSTEM,172,0.0040755070062677215,0.8848375199839126
X_scGPT,0.0,etoposide,MCF7_BREAST,143,0.02409614440503478,0.9548961449336338
X_scGPT,0.0,etoposide,HT1197_URINARY_TRACT,74,0.00411289255796934,0.8857184245779708
X_scGPT,0.0,etoposide,SNU899_UPPER_AERODIGESTIVE_TRACT,83,0.010542546403933872,0.8784012801675911
X_scGPT,0.0,etoposide,HCC38_BREAST,200,0.015062995323859263,0.8827566340565681
X_scGPT,0.0,etoposide,SNU308_BILIARY_TRACT,94,0.008263325883234845,0.9051984745137235
X_scGPT,0.0,etoposide,SW1271_LUNG,115,0.018276771182843023,0.9085435437119526
X_scGPT,0.0,etoposide,TM31_CENTRAL_NERVOUS_SYSTEM,116,0.0075965761735795,0.8616298956090006
X_scGPT,0.0,etoposide,NCIH747_LARGE_INTESTINE,80,0.007870817989571016,0.9005090534687042
X_scGPT,0.0,etoposide,KPNSI9S_AUTONOMIC_GANGLIA,129,0.010302888885628714,0.8414172423902408
X_scGPT,0.0,etoposide,SQ1_LUNG,238,0.01665394308073553,0.907227708261554
X_scGPT,0.0,etoposide,IALM_LUNG,322,0.0037113947662890047,0.8819851053427465
X_scGPT,0.0,etoposide,BT474_BREAST,125,0.0031885846104771683,0.8755909609794617
X_scGPT,0.0,etoposide,DKMG_CENTRAL_NERVOUS_SYSTEM,271,0.014859279274865633,0.8512092877138144
X_scGPT,0.0,etoposide,BT549_BREAST,266,0.024440796645786515,0.8422225971419112
X_scGPT,0.0,etoposide,BICR6_UPPER_AERODIGESTIVE_TRACT,286,0.013558423740732527,0.8787415615328542
X_scGPT,0.0,etoposide,SH10TC_STOMACH,351,0.009732413913023217,0.8913776463592834
X_scGPT,0.0,etoposide,UMUC1_URINARY_TRACT,197,0.009452766283633542,0.9159166803819879
X_scGPT,0.0,etoposide,LS1034_LARGE_INTESTINE,146,0.004522441173262656,0.885099713116476
X_scGPT,0.0,etoposide,CCFSTTG1_CENTRAL_NERVOUS_SYSTEM,246,0.017578403219277842,0.8456867807279758
X_scGPT,0.0,etoposide,NCIH226_LUNG,235,0.01896953641382465,0.8923283980247823
X_scGPT,0.0,etoposide,LNCAPCLONEFGC_PROSTATE,129,0.01784175241239046,0.9365612314653027
X_scGPT,0.0,etoposide,RCC10RGB_KIDNEY,233,0.009842952119539162,0.8989808101510797
X_scGPT,0.0,etoposide,RERFLCAD1_LUNG,243,0.009722756084232545,0.8888283573060369
X_scGPT,0.0,etoposide,SKMEL2_SKIN,276,0.02232658234175981,0.8807885303445484
X_scGPT,0.0,etoposide,BICR31_UPPER_AERODIGESTIVE_TRACT,248,0.01601551188285139,0.8762196011600956
X_scGPT,0.0,etoposide,RCM1_LARGE_INTESTINE,128,0.015409699675194205,0.8980349800549448
X_scGPT,0.0,etoposide,COV434_OVARY,88,0.0037263097805403226,0.8759690997275439
X_scGPT,0.0,etoposide,SNU1079_BILIARY_TRACT,73,0.023347761052573798,0.9280277506945884
X_scGPT,0.0,etoposide,YD38_UPPER_AERODIGESTIVE_TRACT,624,0.0038133829432517013,0.8818152911770039
X_scGPT,0.0,etoposide,NCIH1299_LUNG,534,0.010954123617353474,0.8771496266684728
X_scGPT,0.0,etoposide,IGR37_SKIN,347,0.010242216095190604,0.9315525027104689
X_scGPT,0.0,etoposide,BFTC909_KIDNEY,379,0.01147745406228886,0.8632556868417282
X_scGPT,0.0,etoposide,NCIH460_LUNG,837,0.02126864756595526,0.8281619642085641
X_scGPT,0.0,etoposide,IGR1_SKIN,725,0.016053811695496422,0.8901244357536578
X_scGPT,0.0,etoposide,VMCUB1_URINARY_TRACT,478,0.003391349172675132,0.8795289213936698
X_scGPT,0.0,etoposide,JHOC5_OVARY,145,0.010036355802269812,0.8997281900767622
X_scGPT,0.0,etoposide,42MGBA_CENTRAL_NERVOUS_SYSTEM,518,0.0032597411745808485,0.8764981029116509
X_scGPT,0.0,etoposide,HT1080_SOFT_TISSUE,516,0.013331819981344886,0.8790721492480862
X_scGPT,0.0,etoposide,LI7_LIVER,196,0.004866953213077883,0.8798980433113721
X_scGPT,0.0,etoposide,A375_SKIN,593,0.02784919370704548,0.8739127485587264
X_scGPT,0.0,etoposide,FTC133_THYROID,140,0.018971107229870613,0.901398251737867
X_scGPT,0.0,etoposide,OVK18_OVARY,178,0.011837365500083314,0.8677646651696623
X_scGPT,0.0,etoposide,ACCMESO1_PLEURA,162,0.009902196099172244,0.8744374222961473
X_scGPT,0.0,etoposide,HMC18_BREAST,293,0.011424291852720357,0.8884553569575625
X_scGPT,0.0,etoposide,TOV112D_OVARY,78,0.01223067965332948,0.8560690940954746
X_scGPT,0.0,etoposide,JHH6_LIVER,206,0.017491934375322482,0.8595554414883401
X_scGPT,0.0,etoposide,A2058_SKIN,294,0.01900913562843955,0.8806873926905547
X_scGPT,0.0,etoposide,NCIH2110_LUNG,1990,0.012671040241831032,0.907384705872991
X_scGPT,0.0,etoposide,NCIH650_LUNG,271,0.008568425200301927,0.8971942841346854
X_scGPT,0.0,etoposide,EFE184_ENDOMETRIUM,86,0.004410128378823372,0.8840392786403035
X_scGPT,0.0,etoposide,HUPT3_PANCREAS,136,0.010578757456403711,0.8980270909035907
X_scGPT,0.0,etoposide,MDAMB361_BREAST,135,0.022471264727048013,0.9510922851385893
X_scGPT,0.0,etoposide,BCPAP_THYROID,152,0.004402480107048911,0.882086100939073
X_scGPT,0.0,etoposide,PECAPJ49_UPPER_AERODIGESTIVE_TRACT,202,0.007270157477504178,0.9133413891390999
X_scGPT,0.0,etoposide,EKVX_LUNG,146,0.010391502718237824,0.8769383214107932
X_scGPT,0.0,etoposide,BICR56_UPPER_AERODIGESTIVE_TRACT,81,0.010670516592456063,0.8769072963867659
X_scGPT,0.0,etoposide,NCIH2170_LUNG,142,0.004439842723656029,0.8765117761114953
X_scGPT,0.0,etoposide,DETROIT562_UPPER_AERODIGESTIVE_TRACT,163,0.011015652814821295,0.8664851433660355
X_scGPT,0.0,etoposide,SW1088_CENTRAL_NERVOUS_SYSTEM,128,0.003736252235802146,0.8797990763559937
X_scGPT,0.0,etoposide,BHY_UPPER_AERODIGESTIVE_TRACT,145,0.015946440000513398,0.9073850701595175
X_scGPT,0.0,etoposide,CAS1_CENTRAL_NERVOUS_SYSTEM,133,0.02411147233062357,0.843616907757924
X_scGPT,0.0,etoposide,HCC1428_BREAST,127,0.014027709245770568,0.8977567149898199
X_scGPT,0.0,etoposide,HDQP1_BREAST,64,0.014030875154514942,0.909121198579669
X_scGPT,0.0,etoposide,OSRC2_KIDNEY,126,0.015035991072760465,0.9414799506702121
X_scGPT,0.0,etoposide,HUPT4_PANCREAS,56,0.01202448785784377,0.8783155062368938
X_scGPT,0.0,etoposide,TCCSUP_URINARY_TRACT,316,0.010885482343560854,0.8905732458150839
X_scGPT,0.0,etoposide,VMRCRCZ_KIDNEY,300,0.009990611437297845,0.8885694468021392
X_scGPT,0.0,etoposide,PK59_PANCREAS,174,0.01721582886213479,0.9009615025301089
X_scGPT,0.0,etoposide,HUH6_LIVER,338,0.005935360453337357,0.8840161782397321
X_scGPT,0.0,etoposide,MSTO211H_PLEURA,297,0.01539420054521839,0.8762659552924159
X_scGPT,0.0,etoposide,HS852T_SKIN,162,0.019396333444211558,0.9125872537677671
X_scGPT,0.0,etoposide,SKMEL30_SKIN,353,0.01828017824336531,0.9181700164805728
X_scGPT,0.0,etoposide,T47D_BREAST,221,0.02318104421263279,0.9566376810699566
X_scGPT,0.0,etoposide,CALU6_LUNG,258,0.01751942231357678,0.8673889863398648
X_scGPT,0.0,etoposide,NCIH522_LUNG,208,0.012173699213516619,0.8606718566555244
X_scGPT,0.0,etoposide,LMSU_STOMACH,255,0.008764870021183995,0.8510845329247269
X_scGPT,0.0,etoposide,SNUC4_LARGE_INTESTINE,467,0.007476594286180492,0.8783156996876065
X_scGPT,0.0,etoposide,RVH421_SKIN,239,0.005813413490648847,0.8857854008674622
X_scGPT,0.0,etoposide,OVSAHO_OVARY,227,0.010533739031100569,0.8910429388415971
X_scGPT,0.0,etoposide,GOS3_CENTRAL_NERVOUS_SYSTEM,191,0.009929372782469355,0.8611659675992597
X_scGPT,0.0,etoposide,SNU738_CENTRAL_NERVOUS_SYSTEM,379,0.018467412922947853,0.8977254938953471
X_scGPT,0.0,etoposide,PC3_PROSTATE,169,0.019313898038415735,0.8951404002996591
X_scGPT,0.0,etoposide,PATU8988S_PANCREAS,244,0.015321819513910373,0.9030803261233158
X_scGPT,0.0,etoposide,OVTOKO_OVARY,209,0.007574310218806873,0.8854013476075168
X_scGPT,0.0,etoposide,TE1_OESOPHAGUS,206,0.005617834241588405,0.8873407968039652
X_scGPT,0.0,etoposide,NCIH2087_LUNG,219,0.009708413565994375,0.8797681690895394
X_scGPT,0.0,etoposide,EFM192A_BREAST,333,0.01471260181155355,0.9089870422452062
X_scGPT,0.0,etoposide,SNU423_LIVER,212,0.00399520508372932,0.8951562665543467
X_scGPT,0.0,etoposide,KPL1_BREAST,276,0.012683108786648467,0.9114119974167451
X_scGPT,0.0,etoposide,NCIH358_LUNG,336,0.017352749230149338,0.9295220657118729
X_scGPT,0.0,etoposide,COLO792_SKIN,271,0.01534985460999247,0.9198614818583555
X_scGPT,0.0,etoposide,KYSE520_OESOPHAGUS,323,0.009775114318454372,0.8813871726532101
X_scGPT,0.0,etoposide,KMRC3_KIDNEY,245,0.01829686630283196,0.9334194762366158
X_scGPT,0.0,etoposide,MKN7_STOMACH,258,0.01271663052468247,0.9039755738520807
X_scGPT,0.0,etoposide,NCIH1944_LUNG,414,0.0090940650923132,0.8785623062923911
X_scGPT,0.0,etoposide,TE6_OESOPHAGUS,551,0.009788533396793595,0.8740353164569004
X_scGPT,0.0,etoposide,ZR751_BREAST,309,0.030695292012222965,0.8655098572518062
X_scGPT,0.0,etoposide,PANC0203_PANCREAS,506,0.012931603752323325,0.8712516834613363
X_scGPT,0.0,etoposide,SW1990_PANCREAS,307,0.01118282078977877,0.8967758285106199
X_scGPT,0.0,etoposide,RD_SOFT_TISSUE,261,0.0209375981793493,0.8558576993101858
X_scGPT,0.0,etoposide,NCIH1792_LUNG,111,0.0038035195876853197,0.8872815461846085
X_scGPT,0.0,etoposide,PK45H_PANCREAS,271,0.0036938926802361155,0.8939406735430784
X_scGPT,0.0,etoposide,LS180_LARGE_INTESTINE,361,0.03306294405819718,0.9441155269535625
X_scGPT,0.0,etoposide,RERFLCAI_LUNG,763,0.009677257052000123,0.893397093912877
X_scGPT,0.0,etoposide,CAMA1_BREAST,291,0.011888414388435502,0.9222212843468919
X_scGPT,0.0,etoposide,SNU449_LIVER,282,0.017790025557068035,0.8979654172633557
X_scGPT,0.0,etoposide,A204_SOFT_TISSUE,250,0.0036455392720855873,0.8822679603099823
X_scGPT,0.0,etoposide,MKN45_STOMACH,118,0.0208529908313274,0.9311398843587455
X_scGPT,0.0,etoposide,HEP3B217_LIVER,118,0.008210498540343327,0.8894696740780846
X_scGPT,0.0,etoposide,HOS_BONE,829,0.003667371901799272,0.888251758024402
X_scGPT,0.0,etoposide,EBC1_LUNG,186,0.02007371471643456,0.8957148114199279
X_scGPT,0.0,etoposide,NCIH292_LUNG,213,0.013249142213623095,0.8932839181501541
X_scGPT,0.0,etoposide,OUMS23_LARGE_INTESTINE,107,0.007948496282626559,0.8981632607005466
X_scGPT,0.0,etoposide,HEC151_ENDOMETRIUM,250,0.004026025410266796,0.890232809305191
X_scGPT,0.0,etoposide,NCIH1373_LUNG,164,0.02018677928391972,0.8908575169923829
X_scGPT,0.0,etoposide,TE9_OESOPHAGUS,248,0.011121018731880487,0.8733406232730034
X_scGPT,0.0,etoposide,HCC56_LARGE_INTESTINE,99,0.021026878151240314,0.9546850100912229
X_scGPT,0.0,etoposide,HT55_LARGE_INTESTINE,211,0.017745434836548987,0.9807345677891048
X_scGPT,0.0,etoposide,RT4_URINARY_TRACT,106,0.011970998829514133,0.8713111107079488
X_scGPT,0.0,etoposide,SKES1_BONE,91,0.012898405198380971,0.8575661477151808
X_scGPT,0.0,etoposide,NCIH1435_LUNG,267,0.014394646473287599,0.8772120734725553
X_scGPT,0.0,etoposide,8305C_THYROID,459,0.003457651185194144,0.8909883242027432
X_scGPT,0.0,etoposide,NCIH2228_LUNG,367,0.01845277749048937,0.9176209708650366
X_scGPT,0.0,etoposide,TE10_OESOPHAGUS,219,0.003915789629973831,0.8945763677222544
X_scGPT,0.0,etoposide,ASPC1_PANCREAS,290,0.0037196741694654834,0.895412030302245
X_scGPT,0.0,etoposide,HCC366_LUNG,202,0.006514146493971145,0.893288112217837
X_scGPT,0.0,etoposide,BICR16_UPPER_AERODIGESTIVE_TRACT,212,0.010115942059622974,0.9018164001545816
X_scGPT,0.0,etoposide,HEC6_ENDOMETRIUM,161,0.017895378142037455,0.9157427219870669
X_scGPT,0.0,etoposide,KALS1_CENTRAL_NERVOUS_SYSTEM,288,0.007125931971017474,0.8651482311801778
X_scGPT,0.0,etoposide,NCIH2444_LUNG,237,0.014240627876241588,0.93322070967799
X_scGPT,0.0,etoposide,SNU46_UPPER_AERODIGESTIVE_TRACT,236,0.004825410299291906,0.8913792962745085
X_scGPT,0.0,etoposide,OAW28_OVARY,161,0.00956817138340575,0.8969133940542707
X_scGPT,0.0,etoposide,SNU1214_UPPER_AERODIGESTIVE_TRACT,188,0.007953381967602176,0.9090260609667352
X_scGPT,0.0,etoposide,SKMEL5_SKIN,297,0.0034750537329255693,0.890579084354619
X_scGPT,0.0,etoposide,OVCAR4_OVARY,283,0.01350739818750659,0.9324659810470608
X_scGPT,0.0,etoposide,UACC257_SKIN,239,0.010051459826722588,0.924666298732598
X_scGPT,0.0,etoposide,ONCODG1_OVARY,270,0.006856315845142054,0.8877008009839941
X_scGPT,0.0,etoposide,HUH28_BILIARY_TRACT,139,0.007185052410702377,0.8657399596070214
X_scGPT,0.0,etoposide,IM95_STOMACH,185,0.004273514750704806,0.8847518418286298
X_scGPT,0.0,etoposide,TE14_OESOPHAGUS,474,0.005506338404998699,0.9165550754543095
X_scGPT,0.0,etoposide,CAKI2_KIDNEY,278,0.004008262096203499,0.893956421519355
X_scGPT,0.0,etoposide,SU8686_PANCREAS,82,0.011140275359055577,0.908100541771912
X_scGPT,0.0,etoposide,SCC25_UPPER_AERODIGESTIVE_TRACT,898,0.010040916680920069,0.872733322509413
X_scGPT,0.0,etoposide,SCC9_UPPER_AERODIGESTIVE_TRACT,475,0.007767762964075194,0.8521838599757144
X_scGPT,0.0,paclitaxel,NCIH2126_LUNG,264,0.019718177647679608,0.5114103789356622
X_scGPT,0.0,paclitaxel,SW579_THYROID,217,0.020506350917252197,0.572335076222222
X_scGPT,0.0,paclitaxel,NCIH446_LUNG,196,0.055171631628510534,0.3854417495277463
X_scGPT,0.0,paclitaxel,HEC251_ENDOMETRIUM,107,0.0745993288276505,0.6364554080450646
X_scGPT,0.0,paclitaxel,MFE319_ENDOMETRIUM,191,0.03820521310431994,0.5683066684226091
X_scGPT,0.0,paclitaxel,SKNAS_AUTONOMIC_GANGLIA,226,0.02549906429693859,0.47543666135948315
X_scGPT,0.0,paclitaxel,NCIH2452_PLEURA,538,0.040991036400168115,0.6124701237368317
X_scGPT,0.0,paclitaxel,COLO741_SKIN,329,0.06347901867294586,0.6201815469286724
X_scGPT,0.0,paclitaxel,KNS42_CENTRAL_NERVOUS_SYSTEM,172,0.018894299066495736,0.5716579488890116
X_scGPT,0.0,paclitaxel,MCF7_BREAST,143,0.08378784800488788,0.6485233896678978
X_scGPT,0.0,paclitaxel,HT1197_URINARY_TRACT,74,0.019109128069101936,0.5620743873957041
X_scGPT,0.0,paclitaxel,SNU899_UPPER_AERODIGESTIVE_TRACT,83,0.03597473135272112,0.4925434740192919
X_scGPT,0.0,paclitaxel,HCC38_BREAST,200,0.07231990704452766,0.5491283172369004
X_scGPT,0.0,paclitaxel,SNU308_BILIARY_TRACT,94,0.05234204754139189,0.5046758775381331
X_scGPT,0.0,paclitaxel,SW1271_LUNG,115,0.050040820712654616,0.6370933810006018
X_scGPT,0.0,paclitaxel,TM31_CENTRAL_NERVOUS_SYSTEM,116,0.019169368210005085,0.5029165084505903
X_scGPT,0.0,paclitaxel,NCIH747_LARGE_INTESTINE,80,0.04272592842445651,0.5817162360996008
X_scGPT,0.0,paclitaxel,KPNSI9S_AUTONOMIC_GANGLIA,129,0.04875673347796139,0.49294526609339456
X_scGPT,0.0,paclitaxel,SQ1_LUNG,238,0.06195101406113689,0.6172067888644563
X_scGPT,0.0,paclitaxel,IALM_LUNG,322,0.020008191720765865,0.5605730435677937
X_scGPT,0.0,paclitaxel,BT474_BREAST,125,0.022202478157766315,0.5680013666152954
X_scGPT,0.0,paclitaxel,DKMG_CENTRAL_NERVOUS_SYSTEM,271,0.030342244735533236,0.529439626474662
X_scGPT,0.0,paclitaxel,BT549_BREAST,266,0.042066603959326564,0.46285411681895866
X_scGPT,0.0,paclitaxel,BICR6_UPPER_AERODIGESTIVE_TRACT,286,0.06987498686746012,0.42275683467204755
X_scGPT,0.0,paclitaxel,SH10TC_STOMACH,351,0.038242489692999614,0.6200358477073518
X_scGPT,0.0,paclitaxel,UMUC1_URINARY_TRACT,197,0.062166468812556566,0.5002900868805532
X_scGPT,0.0,paclitaxel,LS1034_LARGE_INTESTINE,146,0.024545166610133392,0.5724863810082005
X_scGPT,0.0,paclitaxel,CCFSTTG1_CENTRAL_NERVOUS_SYSTEM,246,0.03309912206354616,0.5116228145070192
X_scGPT,0.0,paclitaxel,NCIH226_LUNG,235,0.05367430358934702,0.6197917112644683
X_scGPT,0.0,paclitaxel,LNCAPCLONEFGC_PROSTATE,129,0.05150332087062668,0.7264554773190225
X_scGPT,0.0,paclitaxel,RCC10RGB_KIDNEY,233,0.053736466428126725,0.6173784109911693
X_scGPT,0.0,paclitaxel,RERFLCAD1_LUNG,243,0.05474540551893042,0.5705152272932814
X_scGPT,0.0,paclitaxel,SKMEL2_SKIN,276,0.048984766561932014,0.55005217116812
X_scGPT,0.0,paclitaxel,BICR31_UPPER_AERODIGESTIVE_TRACT,248,0.05123283547338433,0.3647620991593407
X_scGPT,0.0,paclitaxel,RCM1_LARGE_INTESTINE,128,0.07474039884282543,0.5678175368811935
X_scGPT,0.0,paclitaxel,COV434_OVARY,88,0.017511608155361163,0.5703428353775631
X_scGPT,0.0,paclitaxel,SNU1079_BILIARY_TRACT,73,0.07922355772181534,0.6706860865632148
X_scGPT,0.0,paclitaxel,YD38_UPPER_AERODIGESTIVE_TRACT,624,0.02530084379643641,0.47852089857825864
X_scGPT,0.0,paclitaxel,NCIH1299_LUNG,534,0.030352981118065166,0.5498548828707206
X_scGPT,0.0,paclitaxel,IGR37_SKIN,347,0.02599377111753068,0.6825158403654951
X_scGPT,0.0,paclitaxel,BFTC909_KIDNEY,379,0.04663334445650419,0.56517614286619
X_scGPT,0.0,paclitaxel,NCIH460_LUNG,837,0.06429835109773627,0.5134373167296037
X_scGPT,0.0,paclitaxel,IGR1_SKIN,725,0.06363641204674793,0.6097996190087549
X_scGPT,0.0,paclitaxel,VMCUB1_URINARY_TRACT,478,0.022539969801667673,0.4856920568389374
X_scGPT,0.0,paclitaxel,JHOC5_OVARY,145,0.058076275143140635,0.5712652613376749
X_scGPT,0.0,paclitaxel,42MGBA_CENTRAL_NERVOUS_SYSTEM,518,0.019370132769939607,0.5651218771474241
X_scGPT,0.0,paclitaxel,HT1080_SOFT_TISSUE,516,0.06733412328603833,0.575395234564478
X_scGPT,0.0,paclitaxel,LI7_LIVER,196,0.026211005974960292,0.5492932589686647
X_scGPT,0.0,paclitaxel,A375_SKIN,593,0.08402691929649905,0.6563290364625683
X_scGPT,0.0,paclitaxel,FTC133_THYROID,140,0.054798745701060005,0.5993776870625359
X_scGPT,0.0,paclitaxel,OVK18_OVARY,178,0.07445500644236501,0.6360101540771763
X_scGPT,0.0,paclitaxel,ACCMESO1_PLEURA,162,0.02778249368918871,0.5452845135220775
X_scGPT,0.0,paclitaxel,HMC18_BREAST,293,0.031376171426654775,0.5734102404565128
X_scGPT,0.0,paclitaxel,TOV112D_OVARY,78,0.03026672072619024,0.4989308542930163
X_scGPT,0.0,paclitaxel,JHH6_LIVER,206,0.05170848726349741,0.5191374682975047
X_scGPT,0.0,paclitaxel,A2058_SKIN,294,0.05969210821303161,0.6310438266416796
X_scGPT,0.0,paclitaxel,NCIH2110_LUNG,1990,0.05065245264788793,0.5710534383004634
X_scGPT,0.0,paclitaxel,NCIH650_LUNG,271,0.03979608685453983,0.6216254067157028
X_scGPT,0.0,paclitaxel,EFE184_ENDOMETRIUM,86,0.023037204927346264,0.5709810485673505
X_scGPT,0.0,paclitaxel,HUPT3_PANCREAS,136,0.05632835964715023,0.5865906595307238
X_scGPT,0.0,paclitaxel,MDAMB361_BREAST,135,0.07501682623560374,0.6355119544046897
X_scGPT,0.0,paclitaxel,BCPAP_THYROID,152,0.021953659566820796,0.5511712367205244
X_scGPT,0.0,paclitaxel,PECAPJ49_UPPER_AERODIGESTIVE_TRACT,202,0.05134522976564021,0.4302622035588368
X_scGPT,0.0,paclitaxel,EKVX_LUNG,146,0.031006655883029633,0.5386626387703909
X_scGPT,0.0,paclitaxel,BICR56_UPPER_AERODIGESTIVE_TRACT,81,0.034981496724330666,0.3538543927816697
X_scGPT,0.0,paclitaxel,NCIH2170_LUNG,142,0.024907490254227234,0.5200758714910964
X_scGPT,0.0,paclitaxel,DETROIT562_UPPER_AERODIGESTIVE_TRACT,163,0.03415577273096713,0.4532837447213249
X_scGPT,0.0,paclitaxel,SW1088_CENTRAL_NERVOUS_SYSTEM,128,0.018364790975931494,0.5750013762153685
X_scGPT,0.0,paclitaxel,BHY_UPPER_AERODIGESTIVE_TRACT,145,0.07383545080968887,0.3907318421478929
X_scGPT,0.0,paclitaxel,CAS1_CENTRAL_NERVOUS_SYSTEM,133,0.04401813035382523,0.4653295348013254
X_scGPT,0.0,paclitaxel,HCC1428_BREAST,127,0.05917337958285012,0.6089854477428076
X_scGPT,0.0,paclitaxel,HDQP1_BREAST,64,0.06946678728433543,0.6607816400937736
X_scGPT,0.0,paclitaxel,OSRC2_KIDNEY,126,0.06147395257188106,0.7243039915485988
X_scGPT,0.0,paclitaxel,HUPT4_PANCREAS,56,0.05741789601953268,0.5672080287975925
X_scGPT,0.0,paclitaxel,TCCSUP_URINARY_TRACT,316,0.031177081697117796,0.5532049522558345
X_scGPT,0.0,paclitaxel,VMRCRCZ_KIDNEY,300,0.02602071314839959,0.5706468250354131
X_scGPT,0.0,paclitaxel,PK59_PANCREAS,174,0.06287952430189654,0.5983726385681108
X_scGPT,0.0,paclitaxel,HUH6_LIVER,338,0.02117249353932009,0.6108062111238051
X_scGPT,0.0,paclitaxel,MSTO211H_PLEURA,297,0.04752194085546256,0.5354591675278314
X_scGPT,0.0,paclitaxel,HS852T_SKIN,162,0.08193463274371424,0.6703247072888009
X_scGPT,0.0,paclitaxel,SKMEL30_SKIN,353,0.05225735924945344,0.5920967633595885
X_scGPT,0.0,paclitaxel,T47D_BREAST,221,0.07106581661778216,0.7064315203358146
X_scGPT,0.0,paclitaxel,CALU6_LUNG,258,0.07500075790106182,0.5622655960709549
X_scGPT,0.0,paclitaxel,NCIH522_LUNG,208,0.02771442424049532,0.5016452002410705
X_scGPT,0.0,paclitaxel,LMSU_STOMACH,255,0.018977223213334067,0.4683439247748431
X_scGPT,0.0,paclitaxel,SNUC4_LARGE_INTESTINE,467,0.033446084392809015,0.511780878397331
X_scGPT,0.0,paclitaxel,RVH421_SKIN,239,0.020171872690080847,0.6111121798658969
X_scGPT,0.0,paclitaxel,OVSAHO_OVARY,227,0.027269869407378012,0.5874930563739743
X_scGPT,0.0,paclitaxel,GOS3_CENTRAL_NERVOUS_SYSTEM,191,0.023249879698175012,0.4982442529725779
X_scGPT,0.0,paclitaxel,SNU738_CENTRAL_NERVOUS_SYSTEM,379,0.062473561244416935,0.5816865346362534
X_scGPT,0.0,paclitaxel,PC3_PROSTATE,169,0.05107751150298211,0.5750356341254782
X_scGPT,0.0,paclitaxel,PATU8988S_PANCREAS,244,0.04831355899211014,0.588892044591122
X_scGPT,0.0,paclitaxel,OVTOKO_OVARY,209,0.020788500069058507,0.5544083396498667
X_scGPT,0.0,paclitaxel,TE1_OESOPHAGUS,206,0.022188713384892794,0.5498894087029892
X_scGPT,0.0,paclitaxel,NCIH2087_LUNG,219,0.056670087293491676,0.4812069776123517
X_scGPT,0.0,paclitaxel,EFM192A_BREAST,333,0.07331165756605906,0.6385688198221339
X_scGPT,0.0,paclitaxel,SNU423_LIVER,212,0.020632864417604767,0.5789354215815382
X_scGPT,0.0,paclitaxel,KPL1_BREAST,276,0.07514895163352657,0.6804599121644876
X_scGPT,0.0,paclitaxel,NCIH358_LUNG,336,0.0660024598686737,0.669240134191655
X_scGPT,0.0,paclitaxel,COLO792_SKIN,271,0.039358352906662064,0.6461131165828212
X_scGPT,0.0,paclitaxel,KYSE520_OESOPHAGUS,323,0.02913178560969319,0.5033941048402166
X_scGPT,0.0,paclitaxel,KMRC3_KIDNEY,245,0.06672896351467017,0.6477333686789688
X_scGPT,0.0,paclitaxel,MKN7_STOMACH,258,0.07011194700017415,0.5745883197054382
X_scGPT,0.0,paclitaxel,NCIH1944_LUNG,414,0.026306088372575892,0.534872798672045
X_scGPT,0.0,paclitaxel,TE6_OESOPHAGUS,551,0.0272038554728957,0.483954949301081
X_scGPT,0.0,paclitaxel,ZR751_BREAST,309,0.07706715873538011,0.44541328749996173
X_scGPT,0.0,paclitaxel,PANC0203_PANCREAS,506,0.057816846601037954,0.42741289098743396
X_scGPT,0.0,paclitaxel,SW1990_PANCREAS,307,0.051524029143976066,0.5963011497589198
X_scGPT,0.0,paclitaxel,RD_SOFT_TISSUE,261,0.03914572158320232,0.4681777039478565
X_scGPT,0.0,paclitaxel,NCIH1792_LUNG,111,0.01758821589544023,0.5729059791779733
X_scGPT,0.0,paclitaxel,PK45H_PANCREAS,271,0.021995470211800615,0.5845783515609938
X_scGPT,0.0,paclitaxel,LS180_LARGE_INTESTINE,361,0.07146094969561473,0.5487271951836562
X_scGPT,0.0,paclitaxel,RERFLCAI_LUNG,763,0.038033313251232444,0.589697808378802
X_scGPT,0.0,paclitaxel,CAMA1_BREAST,291,0.07334690211838606,0.734008998395651
X_scGPT,0.0,paclitaxel,SNU449_LIVER,282,0.05587718411398497,0.4963981155173998
X_scGPT,0.0,paclitaxel,A204_SOFT_TISSUE,250,0.014423721452872917,0.6014249088764191
X_scGPT,0.0,paclitaxel,MKN45_STOMACH,118,0.06354658652795524,0.5842137740830243
X_scGPT,0.0,paclitaxel,HEP3B217_LIVER,118,0.02219028781813044,0.5692829853397304
X_scGPT,0.0,paclitaxel,HOS_BONE,829,0.01977525938030666,0.5424786362846453
X_scGPT,0.0,paclitaxel,EBC1_LUNG,186,0.07419592585328807,0.48960477113723755
X_scGPT,0.0,paclitaxel,NCIH292_LUNG,213,0.0744282180075456,0.44482534368273235
X_scGPT,0.0,paclitaxel,OUMS23_LARGE_INTESTINE,107,0.04132288588780832,0.6460219326420366
X_scGPT,0.0,paclitaxel,HEC151_ENDOMETRIUM,250,0.021289097521607805,0.573147741317749
X_scGPT,0.0,paclitaxel,NCIH1373_LUNG,164,0.07492231794696667,0.4599430964487355
X_scGPT,0.0,paclitaxel,TE9_OESOPHAGUS,248,0.03133061084031266,0.4687004826001583
X_scGPT,0.0,paclitaxel,HCC56_LARGE_INTESTINE,99,0.03976498187980303,0.5833155202745187
X_scGPT,0.0,paclitaxel,HT55_LARGE_INTESTINE,211,0.0467093982228625,0.6630735131801587
X_scGPT,0.0,paclitaxel,RT4_URINARY_TRACT,106,0.033419823494601306,0.5431684854457963
X_scGPT,0.0,paclitaxel,SKES1_BONE,91,0.029076485353540186,0.49776661985523096
X_scGPT,0.0,paclitaxel,NCIH1435_LUNG,267,0.05152976112088578,0.43421495809090715
X_scGPT,0.0,paclitaxel,8305C_THYROID,459,0.015418325469226139,0.5825305066856683
X_scGPT,0.0,paclitaxel,NCIH2228_LUNG,367,0.06478618116935911,0.5927609155710777
X_scGPT,0.0,paclitaxel,TE10_OESOPHAGUS,219,0.025836220921692257,0.5180976299662569
X_scGPT,0.0,paclitaxel,ASPC1_PANCREAS,290,0.016442306178286698,0.5804431748801264
X_scGPT,0.0,paclitaxel,HCC366_LUNG,202,0.03072722916774849,0.5702077628362296
X_scGPT,0.0,paclitaxel,BICR16_UPPER_AERODIGESTIVE_TRACT,212,0.06838437442146837,0.5223007615444795
X_scGPT,0.0,paclitaxel,HEC6_ENDOMETRIUM,161,0.07331355388309779,0.5654055542827393
X_scGPT,0.0,paclitaxel,KALS1_CENTRAL_NERVOUS_SYSTEM,288,0.017312946427197568,0.5004551159217954
X_scGPT,0.0,paclitaxel,NCIH2444_LUNG,237,0.05442539491216221,0.6167855725509708
X_scGPT,0.0,paclitaxel,SNU46_UPPER_AERODIGESTIVE_TRACT,236,0.026770472364890337,0.5479691300099179
X_scGPT,0.0,paclitaxel,OAW28_OVARY,161,0.05118854170568021,0.5867916841684662
X_scGPT,0.0,paclitaxel,SNU1214_UPPER_AERODIGESTIVE_TRACT,188,0.03984893340872453,0.392525352062063
X_scGPT,0.0,paclitaxel,SKMEL5_SKIN,297,0.01486616875237094,0.6105540806195552
X_scGPT,0.0,paclitaxel,OVCAR4_OVARY,283,0.06460381601112117,0.6040062955959105
X_scGPT,0.0,paclitaxel,UACC257_SKIN,239,0.03223860286733237,0.5079866461923431
X_scGPT,0.0,paclitaxel,ONCODG1_OVARY,270,0.019504710639914817,0.5531042757961485
X_scGPT,0.0,paclitaxel,HUH28_BILIARY_TRACT,139,0.018796945457756342,0.5088605213937142
X_scGPT,0.0,paclitaxel,IM95_STOMACH,185,0.02457325965067464,0.5473290459529774
X_scGPT,0.0,paclitaxel,TE14_OESOPHAGUS,474,0.04182075532194585,0.4008716016001842
X_scGPT,0.0,paclitaxel,CAKI2_KIDNEY,278,0.01938613174307288,0.5836089122638428
X_scGPT,0.0,paclitaxel,SU8686_PANCREAS,82,0.04102431353603595,0.573854106591969
X_scGPT,0.0,paclitaxel,SCC25_UPPER_AERODIGESTIVE_TRACT,898,0.026253299887505223,0.4651993616652117
X_scGPT,0.0,paclitaxel,SCC9_UPPER_AERODIGESTIVE_TRACT,475,0.017493608464100637,0.46909196834815176
X_scGPT,0.0,gemcitabine,NCIH2126_LUNG,264,0.008664358605982962,0.6742277962691856
X_scGPT,0.0,gemcitabine,SW579_THYROID,217,0.03273839501931016,0.6784330502083774
X_scGPT,0.0,gemcitabine,NCIH446_LUNG,196,0.04403884699580561,0.6207446247643355
X_scGPT,0.0,gemcitabine,HEC251_ENDOMETRIUM,107,0.03651574655161776,0.740953123458078
X_scGPT,0.0,gemcitabine,MFE319_ENDOMETRIUM,191,0.03475540356379081,0.7397728939955147
X_scGPT,0.0,gemcitabine,SKNAS_AUTONOMIC_GANGLIA,226,0.01751048519963962,0.6959917980485257
X_scGPT,0.0,gemcitabine,NCIH2452_PLEURA,538,0.028560390390600245,0.6980018398575624
X_scGPT,0.0,gemcitabine,COLO741_SKIN,329,0.07137225193776404,0.7771234738790518
X_scGPT,0.0,gemcitabine,KNS42_CENTRAL_NERVOUS_SYSTEM,172,0.009047390456569273,0.7128544065148331
X_scGPT,0.0,gemcitabine,MCF7_BREAST,143,0.060339827977132325,0.8205869056128122
X_scGPT,0.0,gemcitabine,HT1197_URINARY_TRACT,74,0.009637141011070553,0.7063424989983842
X_scGPT,0.0,gemcitabine,SNU899_UPPER_AERODIGESTIVE_TRACT,83,0.041978480353785964,0.6341916940298425
X_scGPT,0.0,gemcitabine,HCC38_BREAST,200,0.05028983451178315,0.7358844515681267
X_scGPT,0.0,gemcitabine,SNU308_BILIARY_TRACT,94,0.028727351016880877,0.6306139446319418
X_scGPT,0.0,gemcitabine,SW1271_LUNG,115,0.0347886633031357,0.7603068616079247
X_scGPT,0.0,gemcitabine,TM31_CENTRAL_NERVOUS_SYSTEM,116,0.016288725817414904,0.7053039860108803
X_scGPT,0.0,gemcitabine,NCIH747_LARGE_INTESTINE,80,0.0378662588333102,0.6831820167601108
X_scGPT,0.0,gemcitabine,KPNSI9S_AUTONOMIC_GANGLIA,129,0.033493705053703526,0.6418441201365271
X_scGPT,0.0,gemcitabine,SQ1_LUNG,238,0.038544906611045655,0.7186984825534981
X_scGPT,0.0,gemcitabine,IALM_LUNG,322,0.00918311104584505,0.7003391622016149
X_scGPT,0.0,gemcitabine,BT474_BREAST,125,0.009165449373170985,0.6935489468574524
X_scGPT,0.0,gemcitabine,DKMG_CENTRAL_NERVOUS_SYSTEM,271,0.04440424184153622,0.6755755198397759
X_scGPT,0.0,gemcitabine,BT549_BREAST,266,0.04245103330955057,0.6551617659572372
X_scGPT,0.0,gemcitabine,BICR6_UPPER_AERODIGESTIVE_TRACT,286,0.04223428628999514,0.6598111220173069
X_scGPT,0.0,gemcitabine,SH10TC_STOMACH,351,0.040713700125277905,0.7670950502411932
X_scGPT,0.0,gemcitabine,UMUC1_URINARY_TRACT,197,0.02956955087097174,0.7021151345393379
X_scGPT,0.0,gemcitabine,LS1034_LARGE_INTESTINE,146,0.011326782666735926,0.7051641679789922
X_scGPT,0.0,gemcitabine,CCFSTTG1_CENTRAL_NERVOUS_SYSTEM,246,0.052413650606788216,0.6511870494218377
X_scGPT,0.0,gemcitabine,NCIH226_LUNG,235,0.03278096031532534,0.7429504815568315
X_scGPT,0.0,gemcitabine,LNCAPCLONEFGC_PROSTATE,129,0.0410284910337197,0.8532474720200827
X_scGPT,0.0,gemcitabine,RCC10RGB_KIDNEY,233,0.03454966281504442,0.7685566240114203
X_scGPT,0.0,gemcitabine,RERFLCAD1_LUNG,243,0.03624125578702406,0.7255961222903718
X_scGPT,0.0,gemcitabine,SKMEL2_SKIN,276,0.03063765044298316,0.6939326101455136
X_scGPT,0.0,gemcitabine,BICR31_UPPER_AERODIGESTIVE_TRACT,248,0.024813310529655668,0.6390397375629794
X_scGPT,0.0,gemcitabine,RCM1_LARGE_INTESTINE,128,0.040812666004070096,0.708707052282989
X_scGPT,0.0,gemcitabine,COV434_OVARY,88,0.009385176350546628,0.7015430324456908
X_scGPT,0.0,gemcitabine,SNU1079_BILIARY_TRACT,73,0.05164701001846461,0.7906034956239674
X_scGPT,0.0,gemcitabine,YD38_UPPER_AERODIGESTIVE_TRACT,624,0.008411735161435608,0.6753568795437996
X_scGPT,0.0,gemcitabine,NCIH1299_LUNG,534,0.0254323391904328,0.7317036505272326
X_scGPT,0.0,gemcitabine,IGR37_SKIN,347,0.01841184226733283,0.8096681929459146
X_scGPT,0.0,gemcitabine,BFTC909_KIDNEY,379,0.055437108427427065,0.7038895112700702
X_scGPT,0.0,gemcitabine,NCIH460_LUNG,837,0.04048172765933152,0.637683996305386
X_scGPT,0.0,gemcitabine,IGR1_SKIN,725,0.07046612910914907,0.6661662152306786
X_scGPT,0.0,gemcitabine,VMCUB1_URINARY_TRACT,478,0.007958396504831327,0.6736165013273391
X_scGPT,0.0,gemcitabine,JHOC5_OVARY,145,0.032041998071812315,0.7056973107929887
X_scGPT,0.0,gemcitabine,42MGBA_CENTRAL_NERVOUS_SYSTEM,518,0.007890929818451112,0.7006534362161482
X_scGPT,0.0,gemcitabine,HT1080_SOFT_TISSUE,516,0.06511889222372345,0.6934011810163195
X_scGPT,0.0,gemcitabine,LI7_LIVER,196,0.013017682960209718,0.6932830482113118
X_scGPT,0.0,gemcitabine,A375_SKIN,593,0.15815831832830857,0.8379456938619758
X_scGPT,0.0,gemcitabine,FTC133_THYROID,140,0.07153685741564883,0.770245139513697
X_scGPT,0.0,gemcitabine,OVK18_OVARY,178,0.06939203864328787,0.5906939000895853
X_scGPT,0.0,gemcitabine,ACCMESO1_PLEURA,162,0.022349054060473883,0.7376978095666862
X_scGPT,0.0,gemcitabine,HMC18_BREAST,293,0.023407383915501883,0.7521908706365592
X_scGPT,0.0,gemcitabine,TOV112D_OVARY,78,0.01992487111118383,0.7109254461068374
X_scGPT,0.0,gemcitabine,JHH6_LIVER,206,0.03881580678196897,0.661929433785596
X_scGPT,0.0,gemcitabine,A2058_SKIN,294,0.08288876756697114,0.6492617217456402
X_scGPT,0.0,gemcitabine,NCIH2110_LUNG,1990,0.04088758565063411,0.6620858054664267
X_scGPT,0.0,gemcitabine,NCIH650_LUNG,271,0.038511851487314626,0.7434761796930179
X_scGPT,0.0,gemcitabine,EFE184_ENDOMETRIUM,86,0.011724734300020889,0.7049474140932394
X_scGPT,0.0,gemcitabine,HUPT3_PANCREAS,136,0.03931599768852996,0.710349897689679
X_scGPT,0.0,gemcitabine,MDAMB361_BREAST,135,0.05173070871903221,0.815702388463197
X_scGPT,0.0,gemcitabine,BCPAP_THYROID,152,0.011187242977566732,0.7014080866387016
X_scGPT,0.0,gemcitabine,PECAPJ49_UPPER_AERODIGESTIVE_TRACT,202,0.021029169102195586,0.687561555664138
X_scGPT,0.0,gemcitabine,EKVX_LUNG,146,0.032514628192731196,0.71365730893122
X_scGPT,0.0,gemcitabine,BICR56_UPPER_AERODIGESTIVE_TRACT,81,0.023157642921419634,0.6749308153435036
X_scGPT,0.0,gemcitabine,NCIH2170_LUNG,142,0.010649403477380578,0.6747866415641677
X_scGPT,0.0,gemcitabine,DETROIT562_UPPER_AERODIGESTIVE_TRACT,163,0.04342770089672086,0.5949651981058296
X_scGPT,0.0,gemcitabine,SW1088_CENTRAL_NERVOUS_SYSTEM,128,0.009592698008143467,0.7099922550842166
X_scGPT,0.0,gemcitabine,BHY_UPPER_AERODIGESTIVE_TRACT,145,0.033018567978450625,0.6759328924376389
X_scGPT,0.0,gemcitabine,CAS1_CENTRAL_NERVOUS_SYSTEM,133,0.042993421296786516,0.6533675287899218
X_scGPT,0.0,gemcitabine,HCC1428_BREAST,127,0.055627046406937004,0.765021556944359
X_scGPT,0.0,gemcitabine,HDQP1_BREAST,64,0.029922915165166875,0.7458819840103388
X_scGPT,0.0,gemcitabine,OSRC2_KIDNEY,126,0.04306601515531422,0.8122261369985248
X_scGPT,0.0,gemcitabine,HUPT4_PANCREAS,56,0.03701114741212639,0.6986580629433904
X_scGPT,0.0,gemcitabine,TCCSUP_URINARY_TRACT,316,0.02120543201824881,0.7248249763174902
X_scGPT,0.0,gemcitabine,VMRCRCZ_KIDNEY,300,0.023652153868676154,0.7495480787754059
X_scGPT,0.0,gemcitabine,PK59_PANCREAS,174,0.06042121824533242,0.7591387259549108
X_scGPT,0.0,gemcitabine,HUH6_LIVER,338,0.012537698600731713,0.7216603170485186
X_scGPT,0.0,gemcitabine,MSTO211H_PLEURA,297,0.0281764403922584,0.7096103630483351
X_scGPT,0.0,gemcitabine,HS852T_SKIN,162,0.09831193514666497,0.8685522767496697
X_scGPT,0.0,gemcitabine,SKMEL30_SKIN,353,0.03735639606742686,0.7356434282094831
X_scGPT,0.0,gemcitabine,T47D_BREAST,221,0.05037562325941071,0.8530235606081346
X_scGPT,0.0,gemcitabine,CALU6_LUNG,258,0.037075876967111676,0.7013386621955753
X_scGPT,0.0,gemcitabine,NCIH522_LUNG,208,0.01957629293701571,0.7076440493647869
X_scGPT,0.0,gemcitabine,LMSU_STOMACH,255,0.01497262387940938,0.6789577874482847
X_scGPT,0.0,gemcitabine,SNUC4_LARGE_INTESTINE,467,0.03419488279706416,0.5939997927279748
X_scGPT,0.0,gemcitabine,RVH421_SKIN,239,0.012500390165192188,0.7263744333797918
X_scGPT,0.0,gemcitabine,OVSAHO_OVARY,227,0.020045318726148707,0.7528784293435219
X_scGPT,0.0,gemcitabine,GOS3_CENTRAL_NERVOUS_SYSTEM,191,0.020138452899717066,0.705945175979774
X_scGPT,0.0,gemcitabine,SNU738_CENTRAL_NERVOUS_SYSTEM,379,0.037397090158420736,0.7412743422160991
X_scGPT,0.0,gemcitabine,PC3_PROSTATE,169,0.03596602481638502,0.7212385792704024
X_scGPT,0.0,gemcitabine,PATU8988S_PANCREAS,244,0.04913112665645364,0.7114868889578053
X_scGPT,0.0,gemcitabine,OVTOKO_OVARY,209,0.020510301619264596,0.7250249209016134
X_scGPT,0.0,gemcitabine,TE1_OESOPHAGUS,206,0.010462141449206,0.70189891075625
X_scGPT,0.0,gemcitabine,NCIH2087_LUNG,219,0.029490318141939403,0.6388256876435998
X_scGPT,0.0,gemcitabine,EFM192A_BREAST,333,0.05932974219462958,0.8007045891191866
X_scGPT,0.0,gemcitabine,SNU423_LIVER,212,0.009371829937069597,0.7250901573109176
X_scGPT,0.0,gemcitabine,KPL1_BREAST,276,0.04572923984725771,0.8331187244342722
X_scGPT,0.0,gemcitabine,NCIH358_LUNG,336,0.04466858475119289,0.7691176060054984
X_scGPT,0.0,gemcitabine,COLO792_SKIN,271,0.023506760201376268,0.796508070067726
X_scGPT,0.0,gemcitabine,KYSE520_OESOPHAGUS,323,0.03288774433443124,0.665080255583713
X_scGPT,0.0,gemcitabine,KMRC3_KIDNEY,245,0.03910820174399474,0.7791417255693552
X_scGPT,0.0,gemcitabine,MKN7_STOMACH,258,0.05344493000499078,0.7501004546187645
X_scGPT,0.0,gemcitabine,NCIH1944_LUNG,414,0.027583816127830448,0.7023662538920048
X_scGPT,0.0,gemcitabine,TE6_OESOPHAGUS,551,0.03139573484662901,0.63821071040176
X_scGPT,0.0,gemcitabine,ZR751_BREAST,309,0.06388175912591808,0.6218503669241872
X_scGPT,0.0,gemcitabine,PANC0203_PANCREAS,506,0.024710183012597836,0.6599157246440767
X_scGPT,0.0,gemcitabine,SW1990_PANCREAS,307,0.041431769444044725,0.7622998578152361
X_scGPT,0.0,gemcitabine,RD_SOFT_TISSUE,261,0.03640322946214506,0.6779080033302307
X_scGPT,0.0,gemcitabine,NCIH1792_LUNG,111,0.007860774924443106,0.7113286987081304
X_scGPT,0.0,gemcitabine,PK45H_PANCREAS,271,0.008767539602608865,0.7226989702544969
X_scGPT,0.0,gemcitabine,LS180_LARGE_INTESTINE,361,0.04791297346635594,0.7700837496410117
X_scGPT,0.0,gemcitabine,RERFLCAI_LUNG,763,0.03117998218237923,0.7515684391224212
X_scGPT,0.0,gemcitabine,CAMA1_BREAST,291,0.044910848593974796,0.883616078965033
X_scGPT,0.0,gemcitabine,SNU449_LIVER,282,0.027287834968233945,0.714611606394991
X_scGPT,0.0,gemcitabine,A204_SOFT_TISSUE,250,0.007290381459377673,0.7211941661834717
X_scGPT,0.0,gemcitabine,MKN45_STOMACH,118,0.05293673637269817,0.7065034579422514
X_scGPT,0.0,gemcitabine,HEP3B217_LIVER,118,0.01829967476048989,0.7456477021766921
X_scGPT,0.0,gemcitabine,HOS_BONE,829,0.008640597262308028,0.7024803026450126
X_scGPT,0.0,gemcitabine,EBC1_LUNG,186,0.040076807176815096,0.6836153390587018
X_scGPT,0.0,gemcitabine,NCIH292_LUNG,213,0.030499721260459262,0.6946387411283216
X_scGPT,0.0,gemcitabine,OUMS23_LARGE_INTESTINE,107,0.028110036439198485,0.742591837856257
X_scGPT,0.0,gemcitabine,HEC151_ENDOMETRIUM,250,0.008905965669613004,0.712330271244049
X_scGPT,0.0,gemcitabine,NCIH1373_LUNG,164,0.040645593867585456,0.6754210773037701
X_scGPT,0.0,gemcitabine,TE9_OESOPHAGUS,248,0.03835553519866132,0.6087346037309016
X_scGPT,0.0,gemcitabine,HCC56_LARGE_INTESTINE,99,0.026506238384914966,0.77288102621984
X_scGPT,0.0,gemcitabine,HT55_LARGE_INTESTINE,211,0.03510651150363407,0.8175989420493067
X_scGPT,0.0,gemcitabine,RT4_URINARY_TRACT,106,0.03183703173368706,0.6526435619255282
X_scGPT,0.0,gemcitabine,SKES1_BONE,91,0.01921495594609684,0.7033421691957411
X_scGPT,0.0,gemcitabine,NCIH1435_LUNG,267,0.03044478629159372,0.6625502111759971
X_scGPT,0.0,gemcitabine,8305C_THYROID,459,0.007333164669922385,0.7231554551321956
X_scGPT,0.0,gemcitabine,NCIH2228_LUNG,367,0.03837225850259033,0.7461578844353678
X_scGPT,0.0,gemcitabine,TE10_OESOPHAGUS,219,0.01048742592284138,0.7020287927427248
X_scGPT,0.0,gemcitabine,ASPC1_PANCREAS,290,0.007505050657379976,0.7188853925672071
X_scGPT,0.0,gemcitabine,HCC366_LUNG,202,0.019140105283631224,0.7162649861656794
X_scGPT,0.0,gemcitabine,BICR16_UPPER_AERODIGESTIVE_TRACT,212,0.042449752197301426,0.7284612647205029
X_scGPT,0.0,gemcitabine,HEC6_ENDOMETRIUM,161,0.038557088377302706,0.7423257161371456
X_scGPT,0.0,gemcitabine,KALS1_CENTRAL_NERVOUS_SYSTEM,288,0.013772077117028105,0.717334950549735
X_scGPT,0.0,gemcitabine,NCIH2444_LUNG,237,0.028791330252957846,0.7753289462644842
X_scGPT,0.0,gemcitabine,SNU46_UPPER_AERODIGESTIVE_TRACT,236,0.009044373837043946,0.7084594528048725
X_scGPT,0.0,gemcitabine,OAW28_OVARY,161,0.042504754225264355,0.7260621023474273
X_scGPT,0.0,gemcitabine,SNU1214_UPPER_AERODIGESTIVE_TRACT,188,0.013388759690895686,0.7151270118799615
X_scGPT,0.0,gemcitabine,SKMEL5_SKIN,297,0.00800681410230473,0.7217942349838488
X_scGPT,0.0,gemcitabine,OVCAR4_OVARY,283,0.036671660168453725,0.7563020930273373
X_scGPT,0.0,gemcitabine,UACC257_SKIN,239,0.025793260712504096,0.6821760709814447
X_scGPT,0.0,gemcitabine,ONCODG1_OVARY,270,0.017701767126162657,0.7305834487632469
X_scGPT,0.0,gemcitabine,HUH28_BILIARY_TRACT,139,0.015931357414646016,0.7275543058518883
X_scGPT,0.0,gemcitabine,IM95_STOMACH,185,0.010064615415113366,0.6919450511803498
X_scGPT,0.0,gemcitabine,TE14_OESOPHAGUS,474,0.016810448872202222,0.6817809059147091
X_scGPT,0.0,gemcitabine,CAKI2_KIDNEY,278,0.008811429780106201,0.721568905835529
X_scGPT,0.0,gemcitabine,SU8686_PANCREAS,82,0.02866584565933619,0.6941508171035022
X_scGPT,0.0,gemcitabine,SCC25_UPPER_AERODIGESTIVE_TRACT,898,0.03333561827880292,0.6121113024203974
X_scGPT,0.0,gemcitabine,SCC9_UPPER_AERODIGESTIVE_TRACT,475,0.0173088588539807,0.6773851331911589
X_scGPT,0.0,imatinib,NCIH2126_LUNG,264,0.0028083579128287224,0.9556127606016217
X_scGPT,0.0,imatinib,SW579_THYROID,217,0.019162164058131394,0.954527044076524
X_scGPT,0.0,imatinib,NCIH446_LUNG,196,0.020099450268224843,0.9234583849201397
X_scGPT,0.0,imatinib,HEC251_ENDOMETRIUM,107,0.011472604129837386,0.9801969166113952
X_scGPT,0.0,imatinib,MFE319_ENDOMETRIUM,191,0.006856921603774538,0.9588364284700124
X_scGPT,0.0,imatinib,SKNAS_AUTONOMIC_GANGLIA,226,0.0071671452159565744,0.9282222587977891
X_scGPT,0.0,imatinib,NCIH2452_PLEURA,538,0.014834672289034389,0.9552082344058721
X_scGPT,0.0,imatinib,COLO741_SKIN,329,0.013220014268671983,0.975943024216452
X_scGPT,0.0,imatinib,KNS42_CENTRAL_NERVOUS_SYSTEM,172,0.0032415280094850894,0.9641891184241272
X_scGPT,0.0,imatinib,MCF7_BREAST,143,0.009451073891762179,0.9814339571899467
X_scGPT,0.0,imatinib,HT1197_URINARY_TRACT,74,0.002450634427758793,0.9659701448840063
X_scGPT,0.0,imatinib,SNU899_UPPER_AERODIGESTIVE_TRACT,83,0.005069496491237334,0.9754747784281351
X_scGPT,0.0,imatinib,HCC38_BREAST,200,0.01188754462584503,0.9735662013292312
X_scGPT,0.0,imatinib,SNU308_BILIARY_TRACT,94,0.009044401645535537,0.9832597761712176
X_scGPT,0.0,imatinib,SW1271_LUNG,115,0.011987375427609203,0.9725304753884025
X_scGPT,0.0,imatinib,TM31_CENTRAL_NERVOUS_SYSTEM,116,0.005025077711299162,0.9458988082819971
X_scGPT,0.0,imatinib,NCIH747_LARGE_INTESTINE,80,0.0076323979665787285,0.9948027759790421
X_scGPT,0.0,imatinib,KPNSI9S_AUTONOMIC_GANGLIA,129,0.020417082533356314,0.9091237621713978
X_scGPT,0.0,imatinib,SQ1_LUNG,238,0.011976672736221829,0.9622769443427815
X_scGPT,0.0,imatinib,IALM_LUNG,322,0.002742678871958907,0.9625583261436557
X_scGPT,0.0,imatinib,BT474_BREAST,125,0.0036787473778518306,0.9611701083183288
X_scGPT,0.0,imatinib,DKMG_CENTRAL_NERVOUS_SYSTEM,271,0.029234513992942635,0.9158548378416533
X_scGPT,0.0,imatinib,BT549_BREAST,266,0.03026104870780963,0.9082287583584175
X_scGPT,0.0,imatinib,BICR6_UPPER_AERODIGESTIVE_TRACT,286,0.008150950258120569,0.9786250903889849
X_scGPT,0.0,imatinib,SH10TC_STOMACH,351,0.01382288982380826,0.98422258514964
X_scGPT,0.0,imatinib,UMUC1_URINARY_TRACT,197,0.00925286474086558,0.9869384363218008
X_scGPT,0.0,imatinib,LS1034_LARGE_INTESTINE,146,0.003964776930090929,0.9644944218740071
X_scGPT,0.0,imatinib,CCFSTTG1_CENTRAL_NERVOUS_SYSTEM,246,0.03916443456882476,0.9044184854360131
X_scGPT,0.0,imatinib,NCIH226_LUNG,235,0.016526794247645527,0.9605688693675589
X_scGPT,0.0,imatinib,LNCAPCLONEFGC_PROSTATE,129,0.00434994802994669,0.9657959004705267
X_scGPT,0.0,imatinib,RCC10RGB_KIDNEY,233,0.0121077900967903,0.9842858526839718
X_scGPT,0.0,imatinib,RERFLCAD1_LUNG,243,0.012513705098141566,0.9909587316061734
X_scGPT,0.0,imatinib,SKMEL2_SKIN,276,0.012688237399372476,0.9602867267701937
X_scGPT,0.0,imatinib,BICR31_UPPER_AERODIGESTIVE_TRACT,248,0.015532591805696957,0.9676860445930112
X_scGPT,0.0,imatinib,RCM1_LARGE_INTESTINE,128,0.009166862167017644,0.9527321495115757
X_scGPT,0.0,imatinib,COV434_OVARY,88,0.0037823657988607135,0.966698292304169
X_scGPT,0.0,imatinib,SNU1079_BILIARY_TRACT,73,0.012758280331403755,0.9822952641199713
X_scGPT,0.0,imatinib,YD38_UPPER_AERODIGESTIVE_TRACT,624,0.0025336319825645767,0.9564091669252286
X_scGPT,0.0,imatinib,NCIH1299_LUNG,534,0.0052242163200698225,0.9546553581841429
X_scGPT,0.0,imatinib,IGR37_SKIN,347,0.0034264032844918166,0.9724324537972552
X_scGPT,0.0,imatinib,BFTC909_KIDNEY,379,0.019663337036183635,0.9510069200105592
X_scGPT,0.0,imatinib,NCIH460_LUNG,837,0.012179025546177495,0.9211319758330907
X_scGPT,0.0,imatinib,IGR1_SKIN,725,0.010375115305121942,0.971692583396517
X_scGPT,0.0,imatinib,VMCUB1_URINARY_TRACT,478,0.002419042807271225,0.9554387626538217
X_scGPT,0.0,imatinib,JHOC5_OVARY,145,0.012803676757760606,0.9861378283336245
X_scGPT,0.0,imatinib,42MGBA_CENTRAL_NERVOUS_SYSTEM,518,0.0030041474737607025,0.9626880591900653
X_scGPT,0.0,imatinib,HT1080_SOFT_TISSUE,516,0.021235349137691643,0.9809122157189273
X_scGPT,0.0,imatinib,LI7_LIVER,196,0.00466370070855087,0.9604261246870975
X_scGPT,0.0,imatinib,A375_SKIN,593,0.012507389203393317,0.9421035375000052
X_scGPT,0.0,imatinib,FTC133_THYROID,140,0.015593331581151407,0.9582929862397057
X_scGPT,0.0,imatinib,OVK18_OVARY,178,0.01440470838326366,0.9959218023198374
X_scGPT,0.0,imatinib,ACCMESO1_PLEURA,162,0.005736013301769497,0.953075694449154
X_scGPT,0.0,imatinib,HMC18_BREAST,293,0.005880590990523855,0.9551693074939194
X_scGPT,0.0,imatinib,TOV112D_OVARY,78,0.007821590111367079,0.9337459397621644
X_scGPT,0.0,imatinib,JHH6_LIVER,206,0.012373892121601988,0.932332604544834
X_scGPT,0.0,imatinib,A2058_SKIN,294,0.02236007428609119,0.98286776072314
X_scGPT,0.0,imatinib,NCIH2110_LUNG,1990,0.009950864643024719,0.9738289680313226
X_scGPT,0.0,imatinib,NCIH650_LUNG,271,0.014905949767628338,0.9945478894613766
X_scGPT,0.0,imatinib,EFE184_ENDOMETRIUM,86,0.003521309952254914,0.9642303066198216
X_scGPT,0.0,imatinib,HUPT3_PANCREAS,136,0.010642524443303113,0.9941062037559116
X_scGPT,0.0,imatinib,MDAMB361_BREAST,135,0.008574426170070756,0.9789477405724702
X_scGPT,0.0,imatinib,BCPAP_THYROID,152,0.0030058308477002253,0.9620418446628671
X_scGPT,0.0,imatinib,PECAPJ49_UPPER_AERODIGESTIVE_TRACT,202,0.008625386750859937,0.9830149025610178
X_scGPT,0.0,imatinib,EKVX_LUNG,146,0.00578756890713587,0.9584997745409404
X_scGPT,0.0,imatinib,BICR56_UPPER_AERODIGESTIVE_TRACT,81,0.008153551025490077,0.9724433017365727
X_scGPT,0.0,imatinib,NCIH2170_LUNG,142,0.0031539572756446024,0.9549060636003253
X_scGPT,0.0,imatinib,DETROIT562_UPPER_AERODIGESTIVE_TRACT,163,0.006625027644857207,0.9707567168891065
X_scGPT,0.0,imatinib,SW1088_CENTRAL_NERVOUS_SYSTEM,128,0.0028555277857281896,0.9632857334800065
X_scGPT,0.0,imatinib,BHY_UPPER_AERODIGESTIVE_TRACT,145,0.012151714182608622,0.9805080512474323
X_scGPT,0.0,imatinib,CAS1_CENTRAL_NERVOUS_SYSTEM,133,0.03212992186372231,0.9038785091020111
X_scGPT,0.0,imatinib,HCC1428_BREAST,127,0.010259466383615138,0.9790215266971137
X_scGPT,0.0,imatinib,HDQP1_BREAST,64,0.010998943842600438,0.960827125236392
X_scGPT,0.0,imatinib,OSRC2_KIDNEY,126,0.009388684766930258,0.9842130655334109
X_scGPT,0.0,imatinib,HUPT4_PANCREAS,56,0.01229155361727807,0.97609786263534
X_scGPT,0.0,imatinib,TCCSUP_URINARY_TRACT,316,0.012178551103465112,0.9597046867578845
X_scGPT,0.0,imatinib,VMRCRCZ_KIDNEY,300,0.004744188783837804,0.9607912071545919
X_scGPT,0.0,imatinib,PK59_PANCREAS,174,0.012622174365232301,0.9803604134197893
X_scGPT,0.0,imatinib,HUH6_LIVER,338,0.0035033316791355054,0.9720397321782874
X_scGPT,0.0,imatinib,MSTO211H_PLEURA,297,0.011716118770633164,0.9511883638121865
X_scGPT,0.0,imatinib,HS852T_SKIN,162,0.012183244998688123,0.945786045289334
X_scGPT,0.0,imatinib,SKMEL30_SKIN,353,0.008779574196368505,0.975313537012754
X_scGPT,0.0,imatinib,T47D_BREAST,221,0.007815999346525278,0.9842453418274271
X_scGPT,0.0,imatinib,CALU6_LUNG,258,0.011685215307648633,0.9386646553527477
X_scGPT,0.0,imatinib,NCIH522_LUNG,208,0.0072059236770362555,0.9391673522499892
X_scGPT,0.0,imatinib,LMSU_STOMACH,255,0.0058032343609910044,0.9408853421024248
X_scGPT,0.0,imatinib,SNUC4_LARGE_INTESTINE,467,0.00852042797288377,0.9773508625571682
X_scGPT,0.0,imatinib,RVH421_SKIN,239,0.003644821047884547,0.9693365022228353
X_scGPT,0.0,imatinib,OVSAHO_OVARY,227,0.004795228815509274,0.9590484557697951
X_scGPT,0.0,imatinib,GOS3_CENTRAL_NERVOUS_SYSTEM,191,0.00576454832617458,0.9434158377622435
X_scGPT,0.0,imatinib,SNU738_CENTRAL_NERVOUS_SYSTEM,379,0.01226585408392874,0.9662794604465011
X_scGPT,0.0,imatinib,PC3_PROSTATE,169,0.012032556140222805,0.9620650336587218
X_scGPT,0.0,imatinib,PATU8988S_PANCREAS,244,0.005095877609734393,0.9750808455416413
X_scGPT,0.0,imatinib,OVTOKO_OVARY,209,0.004451076663910825,0.964920126650322
X_scGPT,0.0,imatinib,TE1_OESOPHAGUS,206,0.002695555621601911,0.9617554235805585
X_scGPT,0.0,imatinib,NCIH2087_LUNG,219,0.010248762528821112,0.9811130078960227
X_scGPT,0.0,imatinib,EFM192A_BREAST,333,0.006235382750554951,0.9852468457307901
X_scGPT,0.0,imatinib,SNU423_LIVER,212,0.0025973859359969586,0.9658518866547998
X_scGPT,0.0,imatinib,KPL1_BREAST,276,0.007597245386612162,0.9546064995769141
X_scGPT,0.0,imatinib,NCIH358_LUNG,336,0.011165670601456627,0.978546993540866
X_scGPT,0.0,imatinib,COLO792_SKIN,271,0.0055150062997987685,0.9696464551770819
X_scGPT,0.0,imatinib,KYSE520_OESOPHAGUS,323,0.006304329131188023,0.9728193356894856
X_scGPT,0.0,imatinib,KMRC3_KIDNEY,245,0.009506338682921014,0.9826562896066783
X_scGPT,0.0,imatinib,MKN7_STOMACH,258,0.010426989866176444,0.9924668373987656
X_scGPT,0.0,imatinib,NCIH1944_LUNG,414,0.004800319794637877,0.9584434035319637
X_scGPT,0.0,imatinib,TE6_OESOPHAGUS,551,0.006023587573202954,0.968210857922715
X_scGPT,0.0,imatinib,ZR751_BREAST,309,0.016602439887150423,0.9468163203653008
X_scGPT,0.0,imatinib,PANC0203_PANCREAS,506,0.011270412129309971,0.9439598422041052
X_scGPT,0.0,imatinib,SW1990_PANCREAS,307,0.008270805324603305,0.9778093759710703
X_scGPT,0.0,imatinib,RD_SOFT_TISSUE,261,0.01841307253323306,0.9259919113126295
X_scGPT,0.0,imatinib,NCIH1792_LUNG,111,0.0025680804242485555,0.9640994721704775
X_scGPT,0.0,imatinib,PK45H_PANCREAS,271,0.0027489634642056445,0.9673425788369125
X_scGPT,0.0,imatinib,LS180_LARGE_INTESTINE,361,0.0174776154089447,0.9505932078467182
X_scGPT,0.0,imatinib,RERFLCAI_LUNG,763,0.008881846557618847,0.969177202269103
X_scGPT,0.0,imatinib,CAMA1_BREAST,291,0.008226213331142769,0.9566156206671724
X_scGPT,0.0,imatinib,SNU449_LIVER,282,0.012683153957461654,0.9558471618814671
X_scGPT,0.0,imatinib,A204_SOFT_TISSUE,250,0.0029118008177165277,0.9713244807720184
X_scGPT,0.0,imatinib,MKN45_STOMACH,118,0.010316446880090896,0.9746749416246252
X_scGPT,0.0,imatinib,HEP3B217_LIVER,118,0.0034803621825291982,0.9630890276472447
X_scGPT,0.0,imatinib,HOS_BONE,829,0.0022214773985348053,0.9606856455705134
X_scGPT,0.0,imatinib,EBC1_LUNG,186,0.013984474404474957,0.9554196035349241
X_scGPT,0.0,imatinib,NCIH292_LUNG,213,0.010986962829258314,0.9668730528141971
X_scGPT,0.0,imatinib,OUMS23_LARGE_INTESTINE,107,0.013516382029051586,0.9842105524562229
X_scGPT,0.0,imatinib,HEC151_ENDOMETRIUM,250,0.002916313954864547,0.9648200893402099
X_scGPT,0.0,imatinib,NCIH1373_LUNG,164,0.011483216218087232,0.9576075411424404
X_scGPT,0.0,imatinib,TE9_OESOPHAGUS,248,0.005759943576983281,0.9720194207564476
X_scGPT,0.0,imatinib,HCC56_LARGE_INTESTINE,99,0.008215007983137367,0.9600587908667747
X_scGPT,0.0,imatinib,HT55_LARGE_INTESTINE,211,0.004834163602959142,0.9853461658785129
X_scGPT,0.0,imatinib,RT4_URINARY_TRACT,106,0.00806853435671109,0.9670950601685722
X_scGPT,0.0,imatinib,SKES1_BONE,91,0.007995123429598686,0.9350609838307559
X_scGPT,0.0,imatinib,NCIH1435_LUNG,267,0.010171125453941766,0.9477602830540375
X_scGPT,0.0,imatinib,8305C_THYROID,459,0.0022907030508613744,0.9657946626345316
X_scGPT,0.0,imatinib,NCIH2228_LUNG,367,0.014406854984212975,0.9657302156131339
X_scGPT,0.0,imatinib,TE10_OESOPHAGUS,219,0.002783462482210344,0.96031102061816
X_scGPT,0.0,imatinib,ASPC1_PANCREAS,290,0.0024051229417079855,0.966779880482575
X_scGPT,0.0,imatinib,HCC366_LUNG,202,0.00857077292794642,0.9840180513882401
X_scGPT,0.0,imatinib,BICR16_UPPER_AERODIGESTIVE_TRACT,212,0.0051961406994700836,0.9764004976681944
X_scGPT,0.0,imatinib,HEC6_ENDOMETRIUM,161,0.01221772313961346,0.9680687992469125
X_scGPT,0.0,imatinib,KALS1_CENTRAL_NERVOUS_SYSTEM,288,0.004284338535116427,0.9441173219432434
X_scGPT,0.0,imatinib,NCIH2444_LUNG,237,0.011104862848488887,0.9836840571733466
X_scGPT,0.0,imatinib,SNU46_UPPER_AERODIGESTIVE_TRACT,236,0.0023855136545754703,0.9625292523937711
X_scGPT,0.0,imatinib,OAW28_OVARY,161,0.009062480091092841,0.9837580297304236
X_scGPT,0.0,imatinib,SNU1214_UPPER_AERODIGESTIVE_TRACT,188,0.007200209636118457,0.9739707486426576
X_scGPT,0.0,imatinib,SKMEL5_SKIN,297,0.0028798476057823722,0.9679870906502309
X_scGPT,0.0,imatinib,OVCAR4_OVARY,283,0.010633848472995495,0.9846108555793762
X_scGPT,0.0,imatinib,UACC257_SKIN,239,0.0026339882587784872,0.9809619263126261
X_scGPT,0.0,imatinib,ONCODG1_OVARY,270,0.0035829705520178247,0.9640475749969483
X_scGPT,0.0,imatinib,HUH28_BILIARY_TRACT,139,0.0040278169507307554,0.9431848826168252
X_scGPT,0.0,imatinib,IM95_STOMACH,185,0.0031176405898857016,0.9589752087721953
X_scGPT,0.0,imatinib,TE14_OESOPHAGUS,474,0.0055606746808302965,0.9711204259204462
X_scGPT,0.0,imatinib,CAKI2_KIDNEY,278,0.0025421262174877596,0.9653950114901975
X_scGPT,0.0,imatinib,SU8686_PANCREAS,82,0.007841651576877023,0.9737041294574738
X_scGPT,0.0,imatinib,SCC25_UPPER_AERODIGESTIVE_TRACT,898,0.006754504939224255,0.978753706261947
X_scGPT,0.0,imatinib,SCC9_UPPER_AERODIGESTIVE_TRACT,475,0.006261535116979039,0.9453643257994401
X_scGPT,0.0,erlotinib,NCIH2126_LUNG,264,0.012316954245846775,0.8796387287703428
X_scGPT,0.0,erlotinib,SW579_THYROID,217,0.010581891308534638,0.9522758101538029
X_scGPT,0.0,erlotinib,NCIH446_LUNG,196,0.01739811393284152,0.9792336143401205
X_scGPT,0.0,erlotinib,HEC251_ENDOMETRIUM,107,0.0250660614851,0.8910234308688441
X_scGPT,0.0,erlotinib,MFE319_ENDOMETRIUM,191,0.012011194361833302,0.9265605698081212
X_scGPT,0.0,erlotinib,SKNAS_AUTONOMIC_GANGLIA,226,0.007113744159999205,0.9581984049451034
X_scGPT,0.0,erlotinib,NCIH2452_PLEURA,538,0.00846782566380551,0.9431904835771894
X_scGPT,0.0,erlotinib,COLO741_SKIN,329,0.0205902246532135,0.9690426675019655
X_scGPT,0.0,erlotinib,KNS42_CENTRAL_NERVOUS_SYSTEM,172,0.008797654927228534,0.911563539227774
X_scGPT,0.0,erlotinib,MCF7_BREAST,143,0.012747533135574933,0.9392816641113975
X_scGPT,0.0,erlotinib,HT1197_URINARY_TRACT,74,0.009603109628931855,0.8908910461374231
X_scGPT,0.0,erlotinib,SNU899_UPPER_AERODIGESTIVE_TRACT,83,0.019164482577639173,0.8370681555874376
X_scGPT,0.0,erlotinib,HCC38_BREAST,200,0.0287523341843547,0.8629328307509422
X_scGPT,0.0,erlotinib,SNU308_BILIARY_TRACT,94,0.05160772934276111,0.8084878464962574
X_scGPT,0.0,erlotinib,SW1271_LUNG,115,0.007157365714376157,0.9372989343560261
X_scGPT,0.0,erlotinib,TM31_CENTRAL_NERVOUS_SYSTEM,116,0.007871206178663999,0.9332300244734205
X_scGPT,0.0,erlotinib,NCIH747_LARGE_INTESTINE,80,0.02991794847851582,0.8674574211239815
X_scGPT,0.0,erlotinib,KPNSI9S_AUTONOMIC_GANGLIA,129,0.008224155170108181,0.946118549321049
X_scGPT,0.0,erlotinib,SQ1_LUNG,238,0.029628616134520246,0.8980089138035013
X_scGPT,0.0,erlotinib,IALM_LUNG,322,0.010817844828401377,0.9036410560148843
X_scGPT,0.0,erlotinib,BT474_BREAST,125,0.010276868381615834,0.9083844413757324
X_scGPT,0.0,erlotinib,DKMG_CENTRAL_NERVOUS_SYSTEM,271,0.009024026501871776,0.9432050178851589
X_scGPT,0.0,erlotinib,BT549_BREAST,266,0.009146785521805763,0.9453356418394505
X_scGPT,0.0,erlotinib,BICR6_UPPER_AERODIGESTIVE_TRACT,286,0.03551317140752737,0.7573506398634477
X_scGPT,0.0,erlotinib,SH10TC_STOMACH,351,0.010862554728477494,0.9291272626982795
X_scGPT,0.0,erlotinib,UMUC1_URINARY_TRACT,197,0.04660533643899641,0.8068858372983594
X_scGPT,0.0,erlotinib,LS1034_LARGE_INTESTINE,146,0.010459030562504176,0.8910587858663847
X_scGPT,0.0,erlotinib,CCFSTTG1_CENTRAL_NERVOUS_SYSTEM,246,0.010873431550763831,0.9528420393059893
X_scGPT,0.0,erlotinib,NCIH226_LUNG,235,0.006613078390987162,0.9401915377758919
X_scGPT,0.0,erlotinib,LNCAPCLONEFGC_PROSTATE,129,0.005194540533516205,0.9444570749305016
X_scGPT,0.0,erlotinib,RCC10RGB_KIDNEY,233,0.03172329684304701,0.8558534959355137
X_scGPT,0.0,erlotinib,RERFLCAD1_LUNG,243,0.03784821553731402,0.8770290860913909
X_scGPT,0.0,erlotinib,SKMEL2_SKIN,276,0.010091178838889237,0.9356628116490184
X_scGPT,0.0,erlotinib,BICR31_UPPER_AERODIGESTIVE_TRACT,248,0.036539071350554536,0.7810257086830754
X_scGPT,0.0,erlotinib,RCM1_LARGE_INTESTINE,128,0.02809823860321812,0.8892713054083288
X_scGPT,0.0,erlotinib,COV434_OVARY,88,0.0074372910162083215,0.9231835888190703
X_scGPT,0.0,erlotinib,SNU1079_BILIARY_TRACT,73,0.02038192780439418,0.9215167107647413
X_scGPT,0.0,erlotinib,YD38_UPPER_AERODIGESTIVE_TRACT,624,0.016375306276803014,0.8524942818360451
X_scGPT,0.0,erlotinib,NCIH1299_LUNG,534,0.006021313498866456,0.9307709289400765
X_scGPT,0.0,erlotinib,IGR37_SKIN,347,0.0037239018250851057,0.9513708679408093
X_scGPT,0.0,erlotinib,BFTC909_KIDNEY,379,0.015321985717051267,0.9425795524919254
X_scGPT,0.0,erlotinib,NCIH460_LUNG,837,0.032868079102270215,0.9064636050301783
X_scGPT,0.0,erlotinib,IGR1_SKIN,725,0.010094506969124834,0.950574887456565
X_scGPT,0.0,erlotinib,VMCUB1_URINARY_TRACT,478,0.01424845042147318,0.8599940104464606
X_scGPT,0.0,erlotinib,JHOC5_OVARY,145,0.0348654680993443,0.8453751827108449
X_scGPT,0.0,erlotinib,42MGBA_CENTRAL_NERVOUS_SYSTEM,518,0.011339287800294402,0.925039508397975
X_scGPT,0.0,erlotinib,HT1080_SOFT_TISSUE,516,0.03285742037676304,0.9154936424059461
X_scGPT,0.0,erlotinib,LI7_LIVER,196,0.012511341903961281,0.9045709523619437
X_scGPT,0.0,erlotinib,A375_SKIN,593,0.037182637004731865,0.9775514531296381
X_scGPT,0.0,erlotinib,FTC133_THYROID,140,0.024054095242533564,0.9355504023177283
X_scGPT,0.0,erlotinib,OVK18_OVARY,178,0.012421999188180616,0.9455283491799001
X_scGPT,0.0,erlotinib,ACCMESO1_PLEURA,162,0.006734593333881455,0.9331219027071823
X_scGPT,0.0,erlotinib,HMC18_BREAST,293,0.007056791958140067,0.9377922954819715
X_scGPT,0.0,erlotinib,TOV112D_OVARY,78,0.007597832246747964,0.9528909188050491
X_scGPT,0.0,erlotinib,JHH6_LIVER,206,0.024822033776300254,0.9141592172164361
X_scGPT,0.0,erlotinib,A2058_SKIN,294,0.011680146849911284,0.9539814082538189
X_scGPT,0.0,erlotinib,NCIH2110_LUNG,1990,0.027182214449586635,0.8815005845460461
X_scGPT,0.0,erlotinib,NCIH650_LUNG,271,0.02854955518907859,0.895334721051459
X_scGPT,0.0,erlotinib,EFE184_ENDOMETRIUM,86,0.009396867001216226,0.8995901366998983
X_scGPT,0.0,erlotinib,HUPT3_PANCREAS,136,0.03116760357172503,0.8738793954253197
X_scGPT,0.0,erlotinib,MDAMB361_BREAST,135,0.007970342550004256,0.9562565551863776
X_scGPT,0.0,erlotinib,BCPAP_THYROID,152,0.010628234513544235,0.9046583932481314
X_scGPT,0.0,erlotinib,PECAPJ49_UPPER_AERODIGESTIVE_TRACT,202,0.03824110167509766,0.7637684239019261
X_scGPT,0.0,erlotinib,EKVX_LUNG,146,0.01428869708474095,0.9163346625354192
X_scGPT,0.0,erlotinib,BICR56_UPPER_AERODIGESTIVE_TRACT,81,0.024409749653149956,0.7429717278774873
X_scGPT,0.0,erlotinib,NCIH2170_LUNG,142,0.012938278864202377,0.8889633979595882
X_scGPT,0.0,erlotinib,DETROIT562_UPPER_AERODIGESTIVE_TRACT,163,0.023651318335390817,0.8312638500716789
X_scGPT,0.0,erlotinib,SW1088_CENTRAL_NERVOUS_SYSTEM,128,0.007988596100174347,0.9243603250943124
X_scGPT,0.0,erlotinib,BHY_UPPER_AERODIGESTIVE_TRACT,145,0.048298159956507186,0.7632149675796772
X_scGPT,0.0,erlotinib,CAS1_CENTRAL_NERVOUS_SYSTEM,133,0.008253178438932425,0.947935704449962
X_scGPT,0.0,erlotinib,HCC1428_BREAST,127,0.03488606786369682,0.878276670542289
X_scGPT,0.0,erlotinib,HDQP1_BREAST,64,0.01785023578580744,0.9136036746203899
X_scGPT,0.0,erlotinib,OSRC2_KIDNEY,126,0.01977126488684873,0.9367050178467281
X_scGPT,0.0,erlotinib,HUPT4_PANCREAS,56,0.04053176813135445,0.8633117984448161
X_scGPT,0.0,erlotinib,TCCSUP_URINARY_TRACT,316,0.013564090700417298,0.93446766122987
X_scGPT,0.0,erlotinib,VMRCRCZ_KIDNEY,300,0.006567404205263358,0.9235591210921605
X_scGPT,0.0,erlotinib,PK59_PANCREAS,174,0.03567651280635824,0.9015644107056761
X_scGPT,0.0,erlotinib,HUH6_LIVER,338,0.008568004313514094,0.9184125497849029
X_scGPT,0.0,erlotinib,MSTO211H_PLEURA,297,0.006925382563503346,0.9404510066966818
X_scGPT,0.0,erlotinib,HS852T_SKIN,162,0.030036194292108194,0.9921552976708353
X_scGPT,0.0,erlotinib,SKMEL30_SKIN,353,0.006487492553996971,0.9410637556324599
X_scGPT,0.0,erlotinib,T47D_BREAST,221,0.009946591452829721,0.9488293466524841
X_scGPT,0.0,erlotinib,CALU6_LUNG,258,0.01806228790650235,0.9305501989153928
X_scGPT,0.0,erlotinib,NCIH522_LUNG,208,0.0071541919361308446,0.9397602726060611
X_scGPT,0.0,erlotinib,LMSU_STOMACH,255,0.008074202519157903,0.934080970287323
X_scGPT,0.0,erlotinib,SNUC4_LARGE_INTESTINE,467,0.021583539931487483,0.8206273188427633
X_scGPT,0.0,erlotinib,RVH421_SKIN,239,0.010160688031824992,0.9269692331677202
X_scGPT,0.0,erlotinib,OVSAHO_OVARY,227,0.005543133525564785,0.9309915561507977
X_scGPT,0.0,erlotinib,GOS3_CENTRAL_NERVOUS_SYSTEM,191,0.00849760346444806,0.935852734830367
X_scGPT,0.0,erlotinib,SNU738_CENTRAL_NERVOUS_SYSTEM,379,0.00702804843437555,0.9368715448241121
X_scGPT,0.0,erlotinib,PC3_PROSTATE,169,0.00675799865989742,0.933428720256986
X_scGPT,0.0,erlotinib,PATU8988S_PANCREAS,244,0.016294307163991145,0.8815553542531904
X_scGPT,0.0,erlotinib,OVTOKO_OVARY,209,0.009190561479832712,0.9064198624004017
X_scGPT,0.0,erlotinib,TE1_OESOPHAGUS,206,0.013071506741742858,0.8837501204129562
X_scGPT,0.0,erlotinib,NCIH2087_LUNG,219,0.0367947751184717,0.81643785788044
X_scGPT,0.0,erlotinib,EFM192A_BREAST,333,0.035748272097829735,0.8877953502150985
X_scGPT,0.0,erlotinib,SNU423_LIVER,212,0.010737391876762616,0.8933854924058015
X_scGPT,0.0,erlotinib,KPL1_BREAST,276,0.01685152300753921,0.9310267263132593
X_scGPT,0.0,erlotinib,NCIH358_LUNG,336,0.019514341284560633,0.9218944928475789
X_scGPT,0.0,erlotinib,COLO792_SKIN,271,0.0065586797134948955,0.934163152951596
X_scGPT,0.0,erlotinib,KYSE520_OESOPHAGUS,323,0.022147095026574314,0.8534454957988609
X_scGPT,0.0,erlotinib,KMRC3_KIDNEY,245,0.009247953693357739,0.918562684740339
X_scGPT,0.0,erlotinib,MKN7_STOMACH,258,0.0432332385322629,0.8705903062986773
X_scGPT,0.0,erlotinib,NCIH1944_LUNG,414,0.011137641687510462,0.9096597561225799
X_scGPT,0.0,erlotinib,TE6_OESOPHAGUS,551,0.01817054047212676,0.8517699195122762
X_scGPT,0.0,erlotinib,ZR751_BREAST,309,0.01549013387239959,0.9324682999197333
X_scGPT,0.0,erlotinib,PANC0203_PANCREAS,506,0.02902180266722222,0.8271936412620922
X_scGPT,0.0,erlotinib,SW1990_PANCREAS,307,0.03691532239373033,0.9262740798415889
X_scGPT,0.0,erlotinib,RD_SOFT_TISSUE,261,0.00900221560408005,0.9388028008727735
X_scGPT,0.0,erlotinib,NCIH1792_LUNG,111,0.011039607664380327,0.9053052760459281
X_scGPT,0.0,erlotinib,PK45H_PANCREAS,271,0.01178944302687551,0.8937031540923452
X_scGPT,0.0,erlotinib,LS180_LARGE_INTESTINE,361,0.022153869040677104,0.8406805727950754
X_scGPT,0.0,erlotinib,RERFLCAI_LUNG,763,0.020985384909710438,0.9311198065665259
X_scGPT,0.0,erlotinib,CAMA1_BREAST,291,0.017258327849982654,0.9289757750697971
X_scGPT,0.0,erlotinib,SNU449_LIVER,282,0.01803564506828618,0.8860716432967084
X_scGPT,0.0,erlotinib,A204_SOFT_TISSUE,250,0.007192676227193007,0.9232521502971649
X_scGPT,0.0,erlotinib,MKN45_STOMACH,118,0.01444871704242409,0.9036080746327416
X_scGPT,0.0,erlotinib,HEP3B217_LIVER,118,0.0052595346831336145,0.9141416489067724
X_scGPT,0.0,erlotinib,HOS_BONE,829,0.0115376264208192,0.8910286647275504
X_scGPT,0.0,erlotinib,EBC1_LUNG,186,0.03731994705248542,0.8582941652626119
X_scGPT,0.0,erlotinib,NCIH292_LUNG,213,0.036807719525932016,0.8335546235523313
X_scGPT,0.0,erlotinib,OUMS23_LARGE_INTESTINE,107,0.023317225766948505,0.9030736935472934
X_scGPT,0.0,erlotinib,HEC151_ENDOMETRIUM,250,0.010742524991806631,0.8926848986148834
X_scGPT,0.0,erlotinib,NCIH1373_LUNG,164,0.03389365562537992,0.8450945030625273
X_scGPT,0.0,erlotinib,TE9_OESOPHAGUS,248,0.016658021151219202,0.8329306985101392
X_scGPT,0.0,erlotinib,HCC56_LARGE_INTESTINE,99,0.02172004575993999,0.8615309523813652
X_scGPT,0.0,erlotinib,HT55_LARGE_INTESTINE,211,0.010953967224764733,0.9162299915512592
X_scGPT,0.0,erlotinib,RT4_URINARY_TRACT,106,0.02633201840623948,0.8896270827302393
X_scGPT,0.0,erlotinib,SKES1_BONE,91,0.008302275317991029,0.9473954170614809
X_scGPT,0.0,erlotinib,NCIH1435_LUNG,267,0.026280778265734522,0.834371790680546
X_scGPT,0.0,erlotinib,8305C_THYROID,459,0.008280076910810785,0.9037363826579258
X_scGPT,0.0,erlotinib,NCIH2228_LUNG,367,0.027067324102401983,0.8899557744774571
X_scGPT,0.0,erlotinib,TE10_OESOPHAGUS,219,0.012968835680408929,0.8542297512428946
X_scGPT,0.0,erlotinib,ASPC1_PANCREAS,290,0.009245211313843314,0.8845892873303643
X_scGPT,0.0,erlotinib,HCC366_LUNG,202,0.02476369223315831,0.8781743790253554
X_scGPT,0.0,erlotinib,BICR16_UPPER_AERODIGESTIVE_TRACT,212,0.03024364743719759,0.7937765028679146
X_scGPT,0.0,erlotinib,HEC6_ENDOMETRIUM,161,0.014537287595629458,0.9199942876093136
X_scGPT,0.0,erlotinib,KALS1_CENTRAL_NERVOUS_SYSTEM,288,0.005966513460818307,0.9362279747923216
X_scGPT,0.0,erlotinib,NCIH2444_LUNG,237,0.01707826590052257,0.898257922271133
X_scGPT,0.0,erlotinib,SNU46_UPPER_AERODIGESTIVE_TRACT,236,0.02028195084673694,0.87979735762386
X_scGPT,0.0,erlotinib,OAW28_OVARY,161,0.02784565779227746,0.8486431170694576
X_scGPT,0.0,erlotinib,SNU1214_UPPER_AERODIGESTIVE_TRACT,188,0.0349090704752668,0.7631707708252237
X_scGPT,0.0,erlotinib,SKMEL5_SKIN,297,0.008874360127331138,0.9306234574879861
X_scGPT,0.0,erlotinib,OVCAR4_OVARY,283,0.019769966172929188,0.894898615119314
X_scGPT,0.0,erlotinib,UACC257_SKIN,239,0.00655554494255466,0.9283838252143382
X_scGPT,0.0,erlotinib,ONCODG1_OVARY,270,0.008437242538443367,0.9107045072096366
X_scGPT,0.0,erlotinib,HUH28_BILIARY_TRACT,139,0.005282782661787974,0.9411774817988169
X_scGPT,0.0,erlotinib,IM95_STOMACH,185,0.012121477129351443,0.880393964213294
X_scGPT,0.0,erlotinib,TE14_OESOPHAGUS,474,0.03613880511264551,0.8017859370899603
X_scGPT,0.0,erlotinib,CAKI2_KIDNEY,278,0.009556362211530198,0.8936266980582862
X_scGPT,0.0,erlotinib,SU8686_PANCREAS,82,0.009899702263111093,0.9131756475785884
X_scGPT,0.0,erlotinib,SCC25_UPPER_AERODIGESTIVE_TRACT,898,0.019934733176359916,0.8174577752306625
X_scGPT,0.0,erlotinib,SCC9_UPPER_AERODIGESTIVE_TRACT,475,0.012563771161871703,0.9208460440133748
X_scGPT,0.0,sorafenib,NCIH2126_LUNG,264,0.003884741307852294,0.8936730666142522
X_scGPT,0.0,sorafenib,SW579_THYROID,217,0.017258961657384213,0.8707549220405966
X_scGPT,0.0,sorafenib,NCIH446_LUNG,196,0.022464292480571815,0.8223464774842165
X_scGPT,0.0,sorafenib,HEC251_ENDOMETRIUM,107,0.012011621076905163,0.9001320160437967
X_scGPT,0.0,sorafenib,MFE319_ENDOMETRIUM,191,0.006365856412859479,0.8733114281874053
X_scGPT,0.0,sorafenib,SKNAS_AUTONOMIC_GANGLIA,226,0.006508831123885347,0.8436742865406306
X_scGPT,0.0,sorafenib,NCIH2452_PLEURA,538,0.013805361684099807,0.8696435488289617
X_scGPT,0.0,sorafenib,COLO741_SKIN,329,0.011353535984710695,0.8803241107963864
X_scGPT,0.0,sorafenib,KNS42_CENTRAL_NERVOUS_SYSTEM,172,0.0037471688579524703,0.8889947887076888
X_scGPT,0.0,sorafenib,MCF7_BREAST,143,0.008656700504210949,0.8845555215448766
X_scGPT,0.0,sorafenib,HT1197_URINARY_TRACT,74,0.003936230018684768,0.8961668828049222
X_scGPT,0.0,sorafenib,SNU899_UPPER_AERODIGESTIVE_TRACT,83,0.005537685625664638,0.8994707091745123
X_scGPT,0.0,sorafenib,HCC38_BREAST,200,0.01650331790484647,0.8832511678338051
X_scGPT,0.0,sorafenib,SNU308_BILIARY_TRACT,94,0.011251591077949355,0.9141395573920392
X_scGPT,0.0,sorafenib,SW1271_LUNG,115,0.009500070751296516,0.8901790567066359
X_scGPT,0.0,sorafenib,TM31_CENTRAL_NERVOUS_SYSTEM,116,0.004503119190665891,0.8534532153400881
X_scGPT,0.0,sorafenib,NCIH747_LARGE_INTESTINE,80,0.008039384449563997,0.90157041400671
X_scGPT,0.0,sorafenib,KPNSI9S_AUTONOMIC_GANGLIA,129,0.021455752682045935,0.8128406336141187
X_scGPT,0.0,sorafenib,SQ1_LUNG,238,0.010043886189412142,0.8860177635645666
X_scGPT,0.0,sorafenib,IALM_LUNG,322,0.0039756157459894335,0.8881446350805507
X_scGPT,0.0,sorafenib,BT474_BREAST,125,0.003816693606782799,0.8844233613014221
X_scGPT,0.0,sorafenib,DKMG_CENTRAL_NERVOUS_SYSTEM,271,0.026157179654289816,0.8293744785319395
X_scGPT,0.0,sorafenib,BT549_BREAST,266,0.026315916833019804,0.8330144801534208
X_scGPT,0.0,sorafenib,BICR6_UPPER_AERODIGESTIVE_TRACT,286,0.010816753020588744,0.9052468511191282
X_scGPT,0.0,sorafenib,SH10TC_STOMACH,351,0.014023067183134789,0.8854688660711305
X_scGPT,0.0,sorafenib,UMUC1_URINARY_TRACT,197,0.008913522021351906,0.9227045946919978
X_scGPT,0.0,sorafenib,LS1034_LARGE_INTESTINE,146,0.003938094085909569,0.8930316412285583
X_scGPT,0.0,sorafenib,CCFSTTG1_CENTRAL_NERVOUS_SYSTEM,246,0.032213018106807045,0.8213216090590004
X_scGPT,0.0,sorafenib,NCIH226_LUNG,235,0.013320363831135043,0.8843227982521057
X_scGPT,0.0,sorafenib,LNCAPCLONEFGC_PROSTATE,129,0.005491237842017376,0.8855950425761615
X_scGPT,0.0,sorafenib,RCC10RGB_KIDNEY,233,0.012325967816436146,0.8998468554071091
X_scGPT,0.0,sorafenib,RERFLCAD1_LUNG,243,0.014442143207327634,0.8974909853542783
X_scGPT,0.0,sorafenib,SKMEL2_SKIN,276,0.0095217779243965,0.870765928125036
X_scGPT,0.0,sorafenib,BICR31_UPPER_AERODIGESTIVE_TRACT,248,0.014571714955207414,0.8871580554592994
X_scGPT,0.0,sorafenib,RCM1_LARGE_INTESTINE,128,0.008387775210295687,0.8712569051422179
X_scGPT,0.0,sorafenib,COV434_OVARY,88,0.0038206680968986225,0.8770843520760536
X_scGPT,0.0,sorafenib,SNU1079_BILIARY_TRACT,73,0.009887178429261774,0.8984397470134579
X_scGPT,0.0,sorafenib,YD38_UPPER_AERODIGESTIVE_TRACT,624,0.004762936299027341,0.9009132721485236
X_scGPT,0.0,sorafenib,NCIH1299_LUNG,534,0.004763711806831585,0.8617590737253539
X_scGPT,0.0,sorafenib,IGR37_SKIN,347,0.0036864619761235668,0.8798702067188295
X_scGPT,0.0,sorafenib,BFTC909_KIDNEY,379,0.021789017628103948,0.8622902848789749
X_scGPT,0.0,sorafenib,NCIH460_LUNG,837,0.012829749483449483,0.841217125615766
X_scGPT,0.0,sorafenib,IGR1_SKIN,725,0.013428422906527024,0.8625639922865506
X_scGPT,0.0,sorafenib,VMCUB1_URINARY_TRACT,478,0.004055215122854847,0.8987423362342882
X_scGPT,0.0,sorafenib,JHOC5_OVARY,145,0.015574624682887223,0.892330919463059
X_scGPT,0.0,sorafenib,42MGBA_CENTRAL_NERVOUS_SYSTEM,518,0.00416139804716857,0.8833041363701397
X_scGPT,0.0,sorafenib,HT1080_SOFT_TISSUE,516,0.02656279079298108,0.8831699533286945
X_scGPT,0.0,sorafenib,LI7_LIVER,196,0.004685613441964121,0.8884562430333118
X_scGPT,0.0,sorafenib,A375_SKIN,593,0.016173123817353228,0.8722776379593308
X_scGPT,0.0,sorafenib,FTC133_THYROID,140,0.014087523848920104,0.8811887362173625
X_scGPT,0.0,sorafenib,OVK18_OVARY,178,0.025925974287560178,0.9239008044928647
X_scGPT,0.0,sorafenib,ACCMESO1_PLEURA,162,0.005148238470876984,0.8597038870240435
X_scGPT,0.0,sorafenib,HMC18_BREAST,293,0.005627859404425122,0.8675655441886329
X_scGPT,0.0,sorafenib,TOV112D_OVARY,78,0.007318469133067834,0.8482644473895048
X_scGPT,0.0,sorafenib,JHH6_LIVER,206,0.01073894940563424,0.8572164258910614
X_scGPT,0.0,sorafenib,A2058_SKIN,294,0.032337787356409485,0.8892694549495671
X_scGPT,0.0,sorafenib,NCIH2110_LUNG,1990,0.010659227200466722,0.8967025703820751
X_scGPT,0.0,sorafenib,NCIH650_LUNG,271,0.0169726002118229,0.8958247794436353
X_scGPT,0.0,sorafenib,EFE184_ENDOMETRIUM,86,0.003719261387693179,0.8915917644667071
X_scGPT,0.0,sorafenib,HUPT3_PANCREAS,136,0.010597943949672511,0.9023590718998629
X_scGPT,0.0,sorafenib,MDAMB361_BREAST,135,0.012742550160765004,0.8772903852992587
X_scGPT,0.0,sorafenib,BCPAP_THYROID,152,0.0037400005942307473,0.889371931552887
X_scGPT,0.0,sorafenib,PECAPJ49_UPPER_AERODIGESTIVE_TRACT,202,0.00713273700977676,0.9240393429109366
X_scGPT,0.0,sorafenib,EKVX_LUNG,146,0.006868318761850428,0.8725959695365331
X_scGPT,0.0,sorafenib,BICR56_UPPER_AERODIGESTIVE_TRACT,81,0.009255948529137945,0.8956763957753594
X_scGPT,0.0,sorafenib,NCIH2170_LUNG,142,0.003915899751626964,0.8894307533620109
X_scGPT,0.0,sorafenib,DETROIT562_UPPER_AERODIGESTIVE_TRACT,163,0.007440165181582625,0.8961082119151859
X_scGPT,0.0,sorafenib,SW1088_CENTRAL_NERVOUS_SYSTEM,128,0.0031922844943043913,0.8842188674025238
X_scGPT,0.0,sorafenib,BHY_UPPER_AERODIGESTIVE_TRACT,145,0.012204738449117371,0.9061646642356084
X_scGPT,0.0,sorafenib,CAS1_CENTRAL_NERVOUS_SYSTEM,133,0.026677698976770862,0.8340289996082622
X_scGPT,0.0,sorafenib,HCC1428_BREAST,127,0.017948094969892556,0.887444433264845
X_scGPT,0.0,sorafenib,HDQP1_BREAST,64,0.009040876793487748,0.8848590226843953
X_scGPT,0.0,sorafenib,OSRC2_KIDNEY,126,0.010646452375456505,0.9095803187006996
X_scGPT,0.0,sorafenib,HUPT4_PANCREAS,56,0.017364259340119426,0.8796251852597509
X_scGPT,0.0,sorafenib,TCCSUP_URINARY_TRACT,316,0.010576233625863508,0.876847883379912
X_scGPT,0.0,sorafenib,VMRCRCZ_KIDNEY,300,0.004520835984605365,0.8673321825265884
X_scGPT,0.0,sorafenib,PK59_PANCREAS,174,0.01800058940172689,0.8881462343122767
X_scGPT,0.0,sorafenib,HUH6_LIVER,338,0.0040527605852492595,0.8856862839862439
X_scGPT,0.0,sorafenib,MSTO211H_PLEURA,297,0.010760545810192573,0.8643614804303205
X_scGPT,0.0,sorafenib,HS852T_SKIN,162,0.01442448737263376,0.8818017181790905
X_scGPT,0.0,sorafenib,SKMEL30_SKIN,353,0.006938672878592977,0.8811416205535867
X_scGPT,0.0,sorafenib,T47D_BREAST,221,0.010091943579905773,0.8879715557551492
X_scGPT,0.0,sorafenib,CALU6_LUNG,258,0.012346507562493407,0.8550604641899582
X_scGPT,0.0,sorafenib,NCIH522_LUNG,208,0.006915178989915635,0.8513912211817044
X_scGPT,0.0,sorafenib,LMSU_STOMACH,255,0.005430736852972464,0.85068386629516
X_scGPT,0.0,sorafenib,SNUC4_LARGE_INTESTINE,467,0.011971088970643343,0.8930540723004229
X_scGPT,0.0,sorafenib,RVH421_SKIN,239,0.004049622109085138,0.8847200182192495
X_scGPT,0.0,sorafenib,OVSAHO_OVARY,227,0.004716574443690599,0.8718640754401421
X_scGPT,0.0,sorafenib,GOS3_CENTRAL_NERVOUS_SYSTEM,191,0.005360674826651479,0.8532153577080572
X_scGPT,0.0,sorafenib,SNU738_CENTRAL_NERVOUS_SYSTEM,379,0.011694706600106287,0.8807399279209429
X_scGPT,0.0,sorafenib,PC3_PROSTATE,169,0.01101644017762908,0.875652244810522
X_scGPT,0.0,sorafenib,PATU8988S_PANCREAS,244,0.004642558933120025,0.8996904878342737
X_scGPT,0.0,sorafenib,OVTOKO_OVARY,209,0.00508475272835683,0.8745724804093393
X_scGPT,0.0,sorafenib,TE1_OESOPHAGUS,206,0.004874076320297878,0.8969367976906231
X_scGPT,0.0,sorafenib,NCIH2087_LUNG,219,0.01122668434786605,0.8979797529303319
X_scGPT,0.0,sorafenib,EFM192A_BREAST,333,0.012794891341092586,0.9113264828472882
X_scGPT,0.0,sorafenib,SNU423_LIVER,212,0.004303416080190304,0.8949197317069432
X_scGPT,0.0,sorafenib,KPL1_BREAST,276,0.011575405111403184,0.8922743611577628
X_scGPT,0.0,sorafenib,NCIH358_LUNG,336,0.010504982269650272,0.8993935368600345
X_scGPT,0.0,sorafenib,COLO792_SKIN,271,0.005232528481538114,0.8773292217307425
X_scGPT,0.0,sorafenib,KYSE520_OESOPHAGUS,323,0.009733511609385482,0.8938838313607609
X_scGPT,0.0,sorafenib,KMRC3_KIDNEY,245,0.008222905746489519,0.8951716578736597
X_scGPT,0.0,sorafenib,MKN7_STOMACH,258,0.014025168952995578,0.9057459038819453
X_scGPT,0.0,sorafenib,NCIH1944_LUNG,414,0.005818049265102145,0.8750558042007944
X_scGPT,0.0,sorafenib,TE6_OESOPHAGUS,551,0.0078783475286144,0.8909671052397921
X_scGPT,0.0,sorafenib,ZR751_BREAST,309,0.02017267166287777,0.8456751000148193
X_scGPT,0.0,sorafenib,PANC0203_PANCREAS,506,0.010159923664282224,0.8699177622559513
X_scGPT,0.0,sorafenib,SW1990_PANCREAS,307,0.011668804599345597,0.8822768417942407
X_scGPT,0.0,sorafenib,RD_SOFT_TISSUE,261,0.017536207758765913,0.8425040656122668
X_scGPT,0.0,sorafenib,NCIH1792_LUNG,111,0.004433794683655633,0.8894183823654244
X_scGPT,0.0,sorafenib,PK45H_PANCREAS,271,0.004318270768298257,0.8953127858823516
X_scGPT,0.0,sorafenib,LS180_LARGE_INTESTINE,361,0.022193037855023745,0.8806845412029785
X_scGPT,0.0,sorafenib,RERFLCAI_LUNG,763,0.01085554574982361,0.8724324761024466
X_scGPT,0.0,sorafenib,CAMA1_BREAST,291,0.010137964162006468,0.9077149250663024
X_scGPT,0.0,sorafenib,SNU449_LIVER,282,0.013962123158815211,0.8740459993375954
X_scGPT,0.0,sorafenib,A204_SOFT_TISSUE,250,0.0035928455350121157,0.8819154117107392
X_scGPT,0.0,sorafenib,MKN45_STOMACH,118,0.0076470171343680955,0.8914033321000762
X_scGPT,0.0,sorafenib,HEP3B217_LIVER,118,0.003875327946810088,0.8722882503170079
X_scGPT,0.0,sorafenib,HOS_BONE,829,0.003856709034332657,0.8932653828754356
X_scGPT,0.0,sorafenib,EBC1_LUNG,186,0.012168113821332335,0.8811208394265944
X_scGPT,0.0,sorafenib,NCIH292_LUNG,213,0.010498674197507944,0.8910820005645215
X_scGPT,0.0,sorafenib,OUMS23_LARGE_INTESTINE,107,0.012798612113803369,0.8902169694410307
X_scGPT,0.0,sorafenib,HEC151_ENDOMETRIUM,250,0.0040321746810684286,0.8949415118694305
X_scGPT,0.0,sorafenib,NCIH1373_LUNG,164,0.012028687688019212,0.8845851951982917
X_scGPT,0.0,sorafenib,TE9_OESOPHAGUS,248,0.0064337505949177785,0.8995568199503806
X_scGPT,0.0,sorafenib,HCC56_LARGE_INTESTINE,99,0.01113988119326015,0.8845727076434126
X_scGPT,0.0,sorafenib,HT55_LARGE_INTESTINE,211,0.006017007682001364,0.8864046177027914
X_scGPT,0.0,sorafenib,RT4_URINARY_TRACT,106,0.014737236813450084,0.8735899098639218
X_scGPT,0.0,sorafenib,SKES1_BONE,91,0.007116816376255606,0.8492317448605547
X_scGPT,0.0,sorafenib,NCIH1435_LUNG,267,0.009534265844425918,0.8710601001643064
X_scGPT,0.0,sorafenib,8305C_THYROID,459,0.003496512758025197,0.8931103048760907
X_scGPT,0.0,sorafenib,NCIH2228_LUNG,367,0.013430551677702084,0.8951555745478222
X_scGPT,0.0,sorafenib,TE10_OESOPHAGUS,219,0.0034341861148865093,0.9067583138539911
X_scGPT,0.0,sorafenib,ASPC1_PANCREAS,290,0.0035396951407487233,0.9008023373011885
X_scGPT,0.0,sorafenib,HCC366_LUNG,202,0.01025685265340801,0.8954543677887113
X_scGPT,0.0,sorafenib,BICR16_UPPER_AERODIGESTIVE_TRACT,212,0.009474138660518909,0.914605659415137
X_scGPT,0.0,sorafenib,HEC6_ENDOMETRIUM,161,0.011691527759029437,0.8841879900938235
X_scGPT,0.0,sorafenib,KALS1_CENTRAL_NERVOUS_SYSTEM,288,0.004157457048950597,0.8518994253956609
X_scGPT,0.0,sorafenib,NCIH2444_LUNG,237,0.011184154853749772,0.9070937648604188
X_scGPT,0.0,sorafenib,SNU46_UPPER_AERODIGESTIVE_TRACT,236,0.006502030871584706,0.8990401039689274
X_scGPT,0.0,sorafenib,OAW28_OVARY,161,0.010799429826316194,0.8995613748242396
X_scGPT,0.0,sorafenib,SNU1214_UPPER_AERODIGESTIVE_TRACT,188,0.006828960592846077,0.9171828760745677
X_scGPT,0.0,sorafenib,SKMEL5_SKIN,297,0.003248018206316777,0.8881613032183663
X_scGPT,0.0,sorafenib,OVCAR4_OVARY,283,0.00800800134946193,0.9052741683414042
X_scGPT,0.0,sorafenib,UACC257_SKIN,239,0.0030235825615064593,0.8776298534421243
X_scGPT,0.0,sorafenib,ONCODG1_OVARY,270,0.004271520561801693,0.8757685738581198
X_scGPT,0.0,sorafenib,HUH28_BILIARY_TRACT,139,0.003828439917064781,0.8508843556582499
X_scGPT,0.0,sorafenib,IM95_STOMACH,185,0.004044138146072318,0.8975308550370706
X_scGPT,0.0,sorafenib,TE14_OESOPHAGUS,474,0.007607928200437889,0.908702372372905
X_scGPT,0.0,sorafenib,CAKI2_KIDNEY,278,0.0037083695505404106,0.8961009563301965
X_scGPT,0.0,sorafenib,SU8686_PANCREAS,82,0.005627960731414507,0.892846570509236
X_scGPT,0.0,sorafenib,SCC25_UPPER_AERODIGESTIVE_TRACT,898,0.007530894853608434,0.902345180843349
X_scGPT,0.0,sorafenib,SCC9_UPPER_AERODIGESTIVE_TRACT,475,0.006662755268925373,0.8519052760224594
X_scGPT,0.0,dasatinib,NCIH2126_LUNG,264,0.0233036891057557,0.6821455680059664
X_scGPT,0.0,dasatinib,SW579_THYROID,217,0.031532866015434986,0.6688450701225738
X_scGPT,0.0,dasatinib,NCIH446_LUNG,196,0.0403771410644917,0.8230566631774513
X_scGPT,0.0,dasatinib,HEC251_ENDOMETRIUM,107,0.03425080669196,0.6814156837552507
X_scGPT,0.0,dasatinib,MFE319_ENDOMETRIUM,191,0.028609937394584502,0.7192342443615979
X_scGPT,0.0,dasatinib,SKNAS_AUTONOMIC_GANGLIA,226,0.02391651956148981,0.6713077671232477
X_scGPT,0.0,dasatinib,NCIH2452_PLEURA,538,0.03041310113264476,0.696547795294829
X_scGPT,0.0,dasatinib,COLO741_SKIN,329,0.04804231125281051,0.8851617578315155
X_scGPT,0.0,dasatinib,KNS42_CENTRAL_NERVOUS_SYSTEM,172,0.018977164501329222,0.6992385453262995
X_scGPT,0.0,dasatinib,MCF7_BREAST,143,0.04313180704785614,0.8239934923765543
X_scGPT,0.0,dasatinib,HT1197_URINARY_TRACT,74,0.0198472671707692,0.6711169207418287
X_scGPT,0.0,dasatinib,SNU899_UPPER_AERODIGESTIVE_TRACT,83,0.018286037354124537,0.612721473337656
X_scGPT,0.0,dasatinib,HCC38_BREAST,200,0.052969339674748976,0.7043796205520629
X_scGPT,0.0,dasatinib,SNU308_BILIARY_TRACT,94,0.04270026420436265,0.6026093515943973
X_scGPT,0.0,dasatinib,SW1271_LUNG,115,0.032205017178994814,0.6785929933838223
X_scGPT,0.0,dasatinib,TM31_CENTRAL_NERVOUS_SYSTEM,116,0.014374346892322904,0.6320895480698553
X_scGPT,0.0,dasatinib,NCIH747_LARGE_INTESTINE,80,0.04572643795756356,0.6851572312414647
X_scGPT,0.0,dasatinib,KPNSI9S_AUTONOMIC_GANGLIA,129,0.03153347208962151,0.6027505014293878
X_scGPT,0.0,dasatinib,SQ1_LUNG,238,0.032597596430994094,0.6920626336286048
X_scGPT,0.0,dasatinib,IALM_LUNG,322,0.020137127850936135,0.6952590279697631
X_scGPT,0.0,dasatinib,BT474_BREAST,125,0.021118843343881245,0.7556495928764343
X_scGPT,0.0,dasatinib,DKMG_CENTRAL_NERVOUS_SYSTEM,271,0.03607117543254761,0.5654355272155847
X_scGPT,0.0,dasatinib,BT549_BREAST,266,0.05273817919576645,0.5681408615712833
X_scGPT,0.0,dasatinib,BICR6_UPPER_AERODIGESTIVE_TRACT,286,0.033776138819060636,0.5309609902071786
X_scGPT,0.0,dasatinib,SH10TC_STOMACH,351,0.032587168061523265,0.6902491952958609
X_scGPT,0.0,dasatinib,UMUC1_URINARY_TRACT,197,0.04142482919959297,0.5560020235589314
X_scGPT,0.0,dasatinib,LS1034_LARGE_INTESTINE,146,0.022949009105227132,0.7170295931705056
X_scGPT,0.0,dasatinib,CCFSTTG1_CENTRAL_NERVOUS_SYSTEM,246,0.045170820297369116,0.551682344781674
X_scGPT,0.0,dasatinib,NCIH226_LUNG,235,0.040664423955441835,0.6059754265115617
X_scGPT,0.0,dasatinib,LNCAPCLONEFGC_PROSTATE,129,0.03836698764496385,0.8805160323778788
X_scGPT,0.0,dasatinib,RCC10RGB_KIDNEY,233,0.03927559170482806,0.6016908162653191
X_scGPT,0.0,dasatinib,RERFLCAD1_LUNG,243,0.037796505229608514,0.6169944991790709
X_scGPT,0.0,dasatinib,SKMEL2_SKIN,276,0.06246801323976549,0.7890765593535658
X_scGPT,0.0,dasatinib,BICR31_UPPER_AERODIGESTIVE_TRACT,248,0.05427765631866301,0.5965582961516995
X_scGPT,0.0,dasatinib,RCM1_LARGE_INTESTINE,128,0.039710228090063596,0.7440413539297879
X_scGPT,0.0,dasatinib,COV434_OVARY,88,0.015090823220690875,0.7442725415934216
X_scGPT,0.0,dasatinib,SNU1079_BILIARY_TRACT,73,0.03697835807223975,0.6875326470152973
X_scGPT,0.0,dasatinib,YD38_UPPER_AERODIGESTIVE_TRACT,624,0.029150677588079245,0.6183617768379358
X_scGPT,0.0,dasatinib,NCIH1299_LUNG,534,0.02357836635314773,0.6977084218786004
X_scGPT,0.0,dasatinib,IGR37_SKIN,347,0.02912552002982579,0.8832881701439189
X_scGPT,0.0,dasatinib,BFTC909_KIDNEY,379,0.045518176270632316,0.6211938129880498
X_scGPT,0.0,dasatinib,NCIH460_LUNG,837,0.03984524694294987,0.8039526063481539
X_scGPT,0.0,dasatinib,IGR1_SKIN,725,0.04604294419821316,0.8380244369342409
X_scGPT,0.0,dasatinib,VMCUB1_URINARY_TRACT,478,0.025091040464050484,0.6372686174374744
X_scGPT,0.0,dasatinib,JHOC5_OVARY,145,0.027889441823870594,0.5621253342464052
X_scGPT,0.0,dasatinib,42MGBA_CENTRAL_NERVOUS_SYSTEM,518,0.02092592804458321,0.7098418483402739
X_scGPT,0.0,dasatinib,HT1080_SOFT_TISSUE,516,0.047281900246026916,0.6627141581487286
X_scGPT,0.0,dasatinib,LI7_LIVER,196,0.026093576779112372,0.7056297599052896
X_scGPT,0.0,dasatinib,A375_SKIN,593,0.057621236811608696,0.8289342810090436
X_scGPT,0.0,dasatinib,FTC133_THYROID,140,0.04260236779045351,0.689289020214762
X_scGPT,0.0,dasatinib,OVK18_OVARY,178,0.03378389887933438,0.8206677125411087
X_scGPT,0.0,dasatinib,ACCMESO1_PLEURA,162,0.017851980249667127,0.656477701516799
X_scGPT,0.0,dasatinib,HMC18_BREAST,293,0.025940285083423383,0.732163514700359
X_scGPT,0.0,dasatinib,TOV112D_OVARY,78,0.0263388665349252,0.6816759170630039
X_scGPT,0.0,dasatinib,JHH6_LIVER,206,0.03628439713734977,0.739033129030061
X_scGPT,0.0,dasatinib,A2058_SKIN,294,0.06322149684707014,0.8372777337525167
X_scGPT,0.0,dasatinib,NCIH2110_LUNG,1990,0.035770130324905884,0.7200342568021324
X_scGPT,0.0,dasatinib,NCIH650_LUNG,271,0.03173244679667674,0.6403637103928851
X_scGPT,0.0,dasatinib,EFE184_ENDOMETRIUM,86,0.018852147125396665,0.6992580031239709
X_scGPT,0.0,dasatinib,HUPT3_PANCREAS,136,0.043451623269685595,0.6615704127094325
X_scGPT,0.0,dasatinib,MDAMB361_BREAST,135,0.026909124520080485,0.8781531815175657
X_scGPT,0.0,dasatinib,BCPAP_THYROID,152,0.019558122614728602,0.673552967607975
X_scGPT,0.0,dasatinib,PECAPJ49_UPPER_AERODIGESTIVE_TRACT,202,0.039368869593926006,0.5048239999773478
X_scGPT,0.0,dasatinib,EKVX_LUNG,146,0.02154625168127706,0.6721846126530269
X_scGPT,0.0,dasatinib,BICR56_UPPER_AERODIGESTIVE_TRACT,81,0.05038382839482967,0.5032557175483232
X_scGPT,0.0,dasatinib,NCIH2170_LUNG,142,0.02471690829471149,0.706047341857158
X_scGPT,0.0,dasatinib,DETROIT562_UPPER_AERODIGESTIVE_TRACT,163,0.02022128024490065,0.6092676534974502
X_scGPT,0.0,dasatinib,SW1088_CENTRAL_NERVOUS_SYSTEM,128,0.017963823908808223,0.6992403729818761
X_scGPT,0.0,dasatinib,BHY_UPPER_AERODIGESTIVE_TRACT,145,0.05152109887243588,0.5530779859115338
X_scGPT,0.0,dasatinib,CAS1_CENTRAL_NERVOUS_SYSTEM,133,0.058045711685188524,0.5456152603142244
X_scGPT,0.0,dasatinib,HCC1428_BREAST,127,0.07112902729143718,0.8142737933969874
X_scGPT,0.0,dasatinib,HDQP1_BREAST,64,0.037187436661758395,0.701960408128798
X_scGPT,0.0,dasatinib,OSRC2_KIDNEY,126,0.03912558130238767,0.7333120088728647
X_scGPT,0.0,dasatinib,HUPT4_PANCREAS,56,0.058379370270488035,0.6919434602771487
X_scGPT,0.0,dasatinib,TCCSUP_URINARY_TRACT,316,0.03453316021551587,0.6959500959779643
X_scGPT,0.0,dasatinib,VMRCRCZ_KIDNEY,300,0.018015222614913097,0.6783052744468053
X_scGPT,0.0,dasatinib,PK59_PANCREAS,174,0.05186737452000538,0.7237869994393711
X_scGPT,0.0,dasatinib,HUH6_LIVER,338,0.020587341599421955,0.7315637377592233
X_scGPT,0.0,dasatinib,MSTO211H_PLEURA,297,0.03769753291833502,0.6671710275239013
X_scGPT,0.0,dasatinib,HS852T_SKIN,162,0.050776164127816,0.7861976108433287
X_scGPT,0.0,dasatinib,SKMEL30_SKIN,353,0.07047967403349713,0.8365390315947384
X_scGPT,0.0,dasatinib,T47D_BREAST,221,0.027386880073809808,0.8567477329823766
X_scGPT,0.0,dasatinib,CALU6_LUNG,258,0.031934113875361325,0.7293313233427299
X_scGPT,0.0,dasatinib,NCIH522_LUNG,208,0.02430169759837842,0.6713572359428956
X_scGPT,0.0,dasatinib,LMSU_STOMACH,255,0.014577748658982094,0.6192420971159841
X_scGPT,0.0,dasatinib,SNUC4_LARGE_INTESTINE,467,0.03178748151453003,0.7055952071633023
X_scGPT,0.0,dasatinib,RVH421_SKIN,239,0.026338990123283747,0.7195605735399733
X_scGPT,0.0,dasatinib,OVSAHO_OVARY,227,0.027518758245027253,0.7325559594557673
X_scGPT,0.0,dasatinib,GOS3_CENTRAL_NERVOUS_SYSTEM,191,0.017057972389056722,0.6312239382279481
X_scGPT,0.0,dasatinib,SNU738_CENTRAL_NERVOUS_SYSTEM,379,0.02381465581785504,0.6557579540640195
X_scGPT,0.0,dasatinib,PC3_PROSTATE,169,0.027699282578155005,0.6773652448456668
X_scGPT,0.0,dasatinib,PATU8988S_PANCREAS,244,0.04043674808064828,0.7361988144331291
X_scGPT,0.0,dasatinib,OVTOKO_OVARY,209,0.016277803863536704,0.6634691294870878
X_scGPT,0.0,dasatinib,TE1_OESOPHAGUS,206,0.025513757935707617,0.6662507988874194
X_scGPT,0.0,dasatinib,NCIH2087_LUNG,219,0.03375796445900461,0.5964879850818686
X_scGPT,0.0,dasatinib,EFM192A_BREAST,333,0.06881021401910899,0.7958304167867781
X_scGPT,0.0,dasatinib,SNU423_LIVER,212,0.019915895650740124,0.6449246774866896
X_scGPT,0.0,dasatinib,KPL1_BREAST,276,0.03766576888210616,0.8409242547940516
X_scGPT,0.0,dasatinib,NCIH358_LUNG,336,0.030630051954888316,0.659376747906208
X_scGPT,0.0,dasatinib,COLO792_SKIN,271,0.05606380139373006,0.7897450985503812
X_scGPT,0.0,dasatinib,KYSE520_OESOPHAGUS,323,0.02075156064200823,0.6091740882433605
X_scGPT,0.0,dasatinib,KMRC3_KIDNEY,245,0.02049847873948035,0.6390734154350903
X_scGPT,0.0,dasatinib,MKN7_STOMACH,258,0.04180533390851426,0.630154815986175
X_scGPT,0.0,dasatinib,NCIH1944_LUNG,414,0.0191526960459079,0.6888125314228777
X_scGPT,0.0,dasatinib,TE6_OESOPHAGUS,551,0.021730456029262237,0.6278974804384955
X_scGPT,0.0,dasatinib,ZR751_BREAST,309,0.027613645123878906,0.866286201384461
X_scGPT,0.0,dasatinib,PANC0203_PANCREAS,506,0.04255882006696866,0.6409803445749132
X_scGPT,0.0,dasatinib,SW1990_PANCREAS,307,0.037942264582620025,0.6448970036126115
X_scGPT,0.0,dasatinib,RD_SOFT_TISSUE,261,0.045080298921613984,0.601865665437618
X_scGPT,0.0,dasatinib,NCIH1792_LUNG,111,0.02137872988780123,0.6870932686436284
X_scGPT,0.0,dasatinib,PK45H_PANCREAS,271,0.022841054227671968,0.6651523528943643
X_scGPT,0.0,dasatinib,LS180_LARGE_INTESTINE,361,0.04600514867864187,0.7788719376368536
X_scGPT,0.0,dasatinib,RERFLCAI_LUNG,763,0.026701174023071275,0.622872155506364
X_scGPT,0.0,dasatinib,CAMA1_BREAST,291,0.04408571571114015,0.8457445965190113
X_scGPT,0.0,dasatinib,SNU449_LIVER,282,0.027256773897909835,0.6227573412107238
X_scGPT,0.0,dasatinib,A204_SOFT_TISSUE,250,0.015647117363721232,0.737622894525528
X_scGPT,0.0,dasatinib,MKN45_STOMACH,118,0.028261362467525038,0.7217073561781544
X_scGPT,0.0,dasatinib,HEP3B217_LIVER,118,0.021947508267343666,0.6716362541004762
X_scGPT,0.0,dasatinib,HOS_BONE,829,0.020961434511726322,0.6553494393178436
X_scGPT,0.0,dasatinib,EBC1_LUNG,186,0.033573502663310266,0.6564377591174136
X_scGPT,0.0,dasatinib,NCIH292_LUNG,213,0.041109569198411154,0.6124670530708742
X_scGPT,0.0,dasatinib,OUMS23_LARGE_INTESTINE,107,0.04053449206831784,0.7266377528137136
X_scGPT,0.0,dasatinib,HEC151_ENDOMETRIUM,250,0.022034830964713585,0.68596653008461
X_scGPT,0.0,dasatinib,NCIH1373_LUNG,164,0.0349845187545404,0.6489003206171641
X_scGPT,0.0,dasatinib,TE9_OESOPHAGUS,248,0.01637785949211607,0.6240496178788524
X_scGPT,0.0,dasatinib,HCC56_LARGE_INTESTINE,99,0.036238364491085445,0.7501519990689827
X_scGPT,0.0,dasatinib,HT55_LARGE_INTESTINE,211,0.025680173052149754,0.8259667934964618
X_scGPT,0.0,dasatinib,RT4_URINARY_TRACT,106,0.04722958806421535,0.7726614469627164
X_scGPT,0.0,dasatinib,SKES1_BONE,91,0.024326247360409243,0.6894319732110579
X_scGPT,0.0,dasatinib,NCIH1435_LUNG,267,0.03572110845006395,0.6733326646272609
X_scGPT,0.0,dasatinib,8305C_THYROID,459,0.017609428999302602,0.6663575064642497
X_scGPT,0.0,dasatinib,NCIH2228_LUNG,367,0.03522331595990274,0.6265586244312878
X_scGPT,0.0,dasatinib,TE10_OESOPHAGUS,219,0.020743242987277796,0.6100254113271356
X_scGPT,0.0,dasatinib,ASPC1_PANCREAS,290,0.01704368622683729,0.6692280670692181
X_scGPT,0.0,dasatinib,HCC366_LUNG,202,0.02088485631752635,0.5760283266553784
X_scGPT,0.0,dasatinib,BICR16_UPPER_AERODIGESTIVE_TRACT,212,0.026537348345429895,0.5214255713629272
X_scGPT,0.0,dasatinib,HEC6_ENDOMETRIUM,161,0.029783329653719073,0.6568809440417319
X_scGPT,0.0,dasatinib,KALS1_CENTRAL_NERVOUS_SYSTEM,288,0.010993785215444439,0.6033959823350111
X_scGPT,0.0,dasatinib,NCIH2444_LUNG,237,0.03557198962270521,0.6467066283970443
X_scGPT,0.0,dasatinib,SNU46_UPPER_AERODIGESTIVE_TRACT,236,0.03247439811554742,0.6421617409687931
X_scGPT,0.0,dasatinib,OAW28_OVARY,161,0.045799193290716106,0.6552670568412875
X_scGPT,0.0,dasatinib,SNU1214_UPPER_AERODIGESTIVE_TRACT,188,0.03803262507495071,0.4637977179694683
X_scGPT,0.0,dasatinib,SKMEL5_SKIN,297,0.0224452034471084,0.7659354936394226
X_scGPT,0.0,dasatinib,OVCAR4_OVARY,283,0.024796816730342452,0.6107683006950486
X_scGPT,0.0,dasatinib,UACC257_SKIN,239,0.014592280222132397,0.8930223838554765
X_scGPT,0.0,dasatinib,ONCODG1_OVARY,270,0.015769383619492382,0.6597225074414854
X_scGPT,0.0,dasatinib,HUH28_BILIARY_TRACT,139,0.011038561622177324,0.6035241986350189
X_scGPT,0.0,dasatinib,IM95_STOMACH,185,0.024515282731214574,0.7038560767431516
X_scGPT,0.0,dasatinib,TE14_OESOPHAGUS,474,0.04030565154065328,0.5606042997998024
X_scGPT,0.0,dasatinib,CAKI2_KIDNEY,278,0.01964546122316901,0.670311071246648
X_scGPT,0.0,dasatinib,SU8686_PANCREAS,82,0.019486939758536125,0.6481327349092902
X_scGPT,0.0,dasatinib,SCC25_UPPER_AERODIGESTIVE_TRACT,898,0.01755521387552466,0.5751914394592124
X_scGPT,0.0,dasatinib,SCC9_UPPER_AERODIGESTIVE_TRACT,475,0.013736246548097221,0.5959171139566521
X_scGPT,0.0,crizotinib,NCIH2126_LUNG,264,0.0031080064383205014,0.7908828053059
X_scGPT,0.0,crizotinib,SW579_THYROID,217,0.009217372701683779,0.7930198144253497
X_scGPT,0.0,crizotinib,NCIH446_LUNG,196,0.008828482521216499,0.7786425315603918
X_scGPT,0.0,crizotinib,HEC251_ENDOMETRIUM,107,0.012755006130728674,0.7936550506921572
X_scGPT,0.0,crizotinib,MFE319_ENDOMETRIUM,191,0.0049687039669093136,0.8021790834621609
X_scGPT,0.0,crizotinib,SKNAS_AUTONOMIC_GANGLIA,226,0.003690544179745354,0.8129889735605864
X_scGPT,0.0,crizotinib,NCIH2452_PLEURA,538,0.008900176466379856,0.7981063025591542
X_scGPT,0.0,crizotinib,COLO741_SKIN,329,0.022652029274038078,0.7846844709028227
X_scGPT,0.0,crizotinib,KNS42_CENTRAL_NERVOUS_SYSTEM,172,0.0019263516826868018,0.800418920295183
X_scGPT,0.0,crizotinib,MCF7_BREAST,143,0.015132141379022626,0.8248847856388225
X_scGPT,0.0,crizotinib,HT1197_URINARY_TRACT,74,0.0023311003910902934,0.7936850407639066
X_scGPT,0.0,crizotinib,SNU899_UPPER_AERODIGESTIVE_TRACT,83,0.0036131907039507576,0.7788145262074758
X_scGPT,0.0,crizotinib,HCC38_BREAST,200,0.01024113306722553,0.7774839800596237
X_scGPT,0.0,crizotinib,SNU308_BILIARY_TRACT,94,0.009487366282331312,0.7746670277828865
X_scGPT,0.0,crizotinib,SW1271_LUNG,115,0.009645299180986526,0.814654306743456
X_scGPT,0.0,crizotinib,TM31_CENTRAL_NERVOUS_SYSTEM,116,0.00345607753369499,0.7959673276235317
X_scGPT,0.0,crizotinib,NCIH747_LARGE_INTESTINE,80,0.011859964644112713,0.7649904824793339
X_scGPT,0.0,crizotinib,KPNSI9S_AUTONOMIC_GANGLIA,129,0.006045240869803161,0.7818280426106712
X_scGPT,0.0,crizotinib,SQ1_LUNG,238,0.01397441172030922,0.7940885780238304
X_scGPT,0.0,crizotinib,IALM_LUNG,322,0.002321465677900649,0.7965941247732743
X_scGPT,0.0,crizotinib,BT474_BREAST,125,0.0030434583210531786,0.8002765393257141
X_scGPT,0.0,crizotinib,DKMG_CENTRAL_NERVOUS_SYSTEM,271,0.009002471473835788,0.773045333329162
X_scGPT,0.0,crizotinib,BT549_BREAST,266,0.00528868201554843,0.7993300465264714
X_scGPT,0.0,crizotinib,BICR6_UPPER_AERODIGESTIVE_TRACT,286,0.008465941446758723,0.7484093268851301
X_scGPT,0.0,crizotinib,SH10TC_STOMACH,351,0.011129757232929954,0.77777201735396
X_scGPT,0.0,crizotinib,UMUC1_URINARY_TRACT,197,0.011168225984333636,0.796176753370895
X_scGPT,0.0,crizotinib,LS1034_LARGE_INTESTINE,146,0.002327948128244879,0.7999027195858629
X_scGPT,0.0,crizotinib,CCFSTTG1_CENTRAL_NERVOUS_SYSTEM,246,0.011464328810328656,0.7802138619306611
X_scGPT,0.0,crizotinib,NCIH226_LUNG,235,0.00952215531628745,0.8111588637879554
X_scGPT,0.0,crizotinib,LNCAPCLONEFGC_PROSTATE,129,0.002938457393029129,0.8108451486557953
X_scGPT,0.0,crizotinib,RCC10RGB_KIDNEY,233,0.011205653995358337,0.7746264520121234
X_scGPT,0.0,crizotinib,RERFLCAD1_LUNG,243,0.021758095544964877,0.7480848902537499
X_scGPT,0.0,crizotinib,SKMEL2_SKIN,276,0.011748528841180557,0.8056445856025254
X_scGPT,0.0,crizotinib,BICR31_UPPER_AERODIGESTIVE_TRACT,248,0.006683784592969271,0.7474314680983943
X_scGPT,0.0,crizotinib,RCM1_LARGE_INTESTINE,128,0.013335801339549046,0.7802421129308641
X_scGPT,0.0,crizotinib,COV434_OVARY,88,0.0018622093245303877,0.8037645173343745
X_scGPT,0.0,crizotinib,SNU1079_BILIARY_TRACT,73,0.01324261011650765,0.827440182640128
X_scGPT,0.0,crizotinib,YD38_UPPER_AERODIGESTIVE_TRACT,624,0.004276017742098501,0.7853126293764665
X_scGPT,0.0,crizotinib,NCIH1299_LUNG,534,0.003150786170830815,0.8002334489358052
X_scGPT,0.0,crizotinib,IGR37_SKIN,347,0.0017909848543335022,0.8051068631647643
X_scGPT,0.0,crizotinib,BFTC909_KIDNEY,379,0.01632307772673083,0.7801242628009464
X_scGPT,0.0,crizotinib,NCIH460_LUNG,837,0.015275993438322382,0.768875495080025
X_scGPT,0.0,crizotinib,IGR1_SKIN,725,0.008467725390604749,0.7936796667658049
X_scGPT,0.0,crizotinib,VMCUB1_URINARY_TRACT,478,0.0038097780698729098,0.7869806959289886
X_scGPT,0.0,crizotinib,JHOC5_OVARY,145,0.01665132955916662,0.7877452077536747
X_scGPT,0.0,crizotinib,42MGBA_CENTRAL_NERVOUS_SYSTEM,518,0.002088267511298836,0.7982029943622677
X_scGPT,0.0,crizotinib,HT1080_SOFT_TISSUE,516,0.015591069843162272,0.7830618100110874
X_scGPT,0.0,crizotinib,LI7_LIVER,196,0.003205435127944877,0.7973679225055539
X_scGPT,0.0,crizotinib,A375_SKIN,593,0.029820010105674886,0.8113937266359442
X_scGPT,0.0,crizotinib,FTC133_THYROID,140,0.018355477563994367,0.8096602827310562
X_scGPT,0.0,crizotinib,OVK18_OVARY,178,0.0055378318273708125,0.786727667189716
X_scGPT,0.0,crizotinib,ACCMESO1_PLEURA,162,0.0032296004708698817,0.7954124050375856
X_scGPT,0.0,crizotinib,HMC18_BREAST,293,0.0030283354072229477,0.8037377990553404
X_scGPT,0.0,crizotinib,TOV112D_OVARY,78,0.0031340047108917913,0.8103776688759143
X_scGPT,0.0,crizotinib,JHH6_LIVER,206,0.013382769505311918,0.7919652774495985
X_scGPT,0.0,crizotinib,A2058_SKIN,294,0.010082418269059042,0.7894433454996874
X_scGPT,0.0,crizotinib,NCIH2110_LUNG,1990,0.013971608669395771,0.7841514652098842
X_scGPT,0.0,crizotinib,NCIH650_LUNG,271,0.01442975721472128,0.7931768260758741
X_scGPT,0.0,crizotinib,EFE184_ENDOMETRIUM,86,0.0021726697298481866,0.7965332935022753
X_scGPT,0.0,crizotinib,HUPT3_PANCREAS,136,0.014545626893419832,0.7695866906467606
X_scGPT,0.0,crizotinib,MDAMB361_BREAST,135,0.011039516017921054,0.8202323291036818
X_scGPT,0.0,crizotinib,BCPAP_THYROID,152,0.002479276206946937,0.7948641557442514
X_scGPT,0.0,crizotinib,PECAPJ49_UPPER_AERODIGESTIVE_TRACT,202,0.009015732520952205,0.7861926136630597
X_scGPT,0.0,crizotinib,EKVX_LUNG,146,0.00433755628975948,0.795188844203949
X_scGPT,0.0,crizotinib,BICR56_UPPER_AERODIGESTIVE_TRACT,81,0.002764671429890531,0.7401865551501144
X_scGPT,0.0,crizotinib,NCIH2170_LUNG,142,0.004095604392721281,0.7933167353482313
X_scGPT,0.0,crizotinib,DETROIT562_UPPER_AERODIGESTIVE_TRACT,163,0.0042115099898603695,0.7818364036595163
X_scGPT,0.0,crizotinib,SW1088_CENTRAL_NERVOUS_SYSTEM,128,0.0017426512907511755,0.7979841716587543
X_scGPT,0.0,crizotinib,BHY_UPPER_AERODIGESTIVE_TRACT,145,0.014218302778546417,0.7562512089466227
X_scGPT,0.0,crizotinib,CAS1_CENTRAL_NERVOUS_SYSTEM,133,0.004891017297853978,0.794351603751792
X_scGPT,0.0,crizotinib,HCC1428_BREAST,127,0.013383646604044678,0.7848850915751119
X_scGPT,0.0,crizotinib,HDQP1_BREAST,64,0.01024491828128237,0.8018781617283821
X_scGPT,0.0,crizotinib,OSRC2_KIDNEY,126,0.012493622496044063,0.8089189993010627
X_scGPT,0.0,crizotinib,HUPT4_PANCREAS,56,0.015403803847884753,0.7364773611937251
X_scGPT,0.0,crizotinib,TCCSUP_URINARY_TRACT,316,0.008424217849071767,0.7981814134724533
X_scGPT,0.0,crizotinib,VMRCRCZ_KIDNEY,300,0.0032650860413618167,0.7929221973816554
X_scGPT,0.0,crizotinib,PK59_PANCREAS,174,0.015195723320838864,0.7665203926207005
X_scGPT,0.0,crizotinib,HUH6_LIVER,338,0.002029090929386745,0.7998402510168989
X_scGPT,0.0,crizotinib,MSTO211H_PLEURA,297,0.009325560527732892,0.8079466920107703
X_scGPT,0.0,crizotinib,HS852T_SKIN,162,0.019566179940732554,0.834724881030895
X_scGPT,0.0,crizotinib,SKMEL30_SKIN,353,0.012145841255882063,0.7981394905881909
X_scGPT,0.0,crizotinib,T47D_BREAST,221,0.011656817431995236,0.8394372403891378
X_scGPT,0.0,crizotinib,CALU6_LUNG,258,0.011385240867574557,0.7974527607592501
X_scGPT,0.0,crizotinib,NCIH522_LUNG,208,0.0034378459978893572,0.805361233651638
X_scGPT,0.0,crizotinib,LMSU_STOMACH,255,0.003806608072936983,0.798893198779985
X_scGPT,0.0,crizotinib,SNUC4_LARGE_INTESTINE,467,0.008072245901550743,0.7463104024178466
X_scGPT,0.0,crizotinib,RVH421_SKIN,239,0.0017945181916949882,0.799772731679254
X_scGPT,0.0,crizotinib,OVSAHO_OVARY,227,0.0030213396043960133,0.8009614805292978
X_scGPT,0.0,crizotinib,GOS3_CENTRAL_NERVOUS_SYSTEM,191,0.0038615190216690094,0.7985575199127197
X_scGPT,0.0,crizotinib,SNU738_CENTRAL_NERVOUS_SYSTEM,379,0.012314740204810038,0.8090555389512497
X_scGPT,0.0,crizotinib,PC3_PROSTATE,169,0.01117469884253741,0.8009094363133583
X_scGPT,0.0,crizotinib,PATU8988S_PANCREAS,244,0.005265334430630093,0.7905109458770908
X_scGPT,0.0,crizotinib,OVTOKO_OVARY,209,0.0039714872246927055,0.7895253389075613
X_scGPT,0.0,crizotinib,TE1_OESOPHAGUS,206,0.0029932574700999776,0.7934326781231222
X_scGPT,0.0,crizotinib,NCIH2087_LUNG,219,0.014808543558731365,0.7371079333840984
X_scGPT,0.0,crizotinib,EFM192A_BREAST,333,0.013836682969822793,0.7761670624887621
X_scGPT,0.0,crizotinib,SNU423_LIVER,212,0.0020888444686451885,0.7961587037117976
X_scGPT,0.0,crizotinib,KPL1_BREAST,276,0.009350623184806301,0.8041375858196314
X_scGPT,0.0,crizotinib,NCIH358_LUNG,336,0.015200485909098355,0.8122084696023237
X_scGPT,0.0,crizotinib,COLO792_SKIN,271,0.00272184636909559,0.7978952362088699
X_scGPT,0.0,crizotinib,KYSE520_OESOPHAGUS,323,0.004273060612589368,0.7807198962190941
X_scGPT,0.0,crizotinib,KMRC3_KIDNEY,245,0.011804302479815515,0.8148633210026488
X_scGPT,0.0,crizotinib,MKN7_STOMACH,258,0.01717364637322703,0.7668575799280359
X_scGPT,0.0,crizotinib,NCIH1944_LUNG,414,0.003280313638527627,0.7943684814344858
X_scGPT,0.0,crizotinib,TE6_OESOPHAGUS,551,0.0037768166397234154,0.7842291115416373
X_scGPT,0.0,crizotinib,ZR751_BREAST,309,0.015556572650738381,0.7818326884488843
X_scGPT,0.0,crizotinib,PANC0203_PANCREAS,506,0.013161628181645943,0.7631180271094025
X_scGPT,0.0,crizotinib,SW1990_PANCREAS,307,0.02268953655578827,0.7707768655366929
X_scGPT,0.0,crizotinib,RD_SOFT_TISSUE,261,0.006917022982995105,0.8026990751197055
X_scGPT,0.0,crizotinib,NCIH1792_LUNG,111,0.002269608673609848,0.7972765892475575
X_scGPT,0.0,crizotinib,PK45H_PANCREAS,271,0.0027050209290582676,0.7975830886636713
X_scGPT,0.0,crizotinib,LS180_LARGE_INTESTINE,361,0.014178805125728498,0.7950532345560449
X_scGPT,0.0,crizotinib,RERFLCAI_LUNG,763,0.019088510552227086,0.7903245954651039
X_scGPT,0.0,crizotinib,CAMA1_BREAST,291,0.009789693122498245,0.8032157191705868
X_scGPT,0.0,crizotinib,SNU449_LIVER,282,0.010366048781541204,0.7935790554851505
X_scGPT,0.0,crizotinib,A204_SOFT_TISSUE,250,0.0016917331825076136,0.804305162191391
X_scGPT,0.0,crizotinib,MKN45_STOMACH,118,0.018464016979048474,0.7843333947456489
X_scGPT,0.0,crizotinib,HEP3B217_LIVER,118,0.0032539070103712914,0.7927113619901366
X_scGPT,0.0,crizotinib,HOS_BONE,829,0.002617384175273675,0.794195949312286
X_scGPT,0.0,crizotinib,EBC1_LUNG,186,0.01652178669058929,0.7798156055711931
X_scGPT,0.0,crizotinib,NCIH292_LUNG,213,0.013085734428672264,0.7638010267920338
X_scGPT,0.0,crizotinib,OUMS23_LARGE_INTESTINE,107,0.01163182335559939,0.7628103606054716
X_scGPT,0.0,crizotinib,HEC151_ENDOMETRIUM,250,0.0023764358013485176,0.7974064507484436
X_scGPT,0.0,crizotinib,NCIH1373_LUNG,164,0.01600158014531822,0.7744633202872625
X_scGPT,0.0,crizotinib,TE9_OESOPHAGUS,248,0.0034445902681947854,0.7817038163062064
X_scGPT,0.0,crizotinib,HCC56_LARGE_INTESTINE,99,0.00855158454119484,0.7997528368776495
X_scGPT,0.0,crizotinib,HT55_LARGE_INTESTINE,211,0.011975914176657982,0.8283131320329639
X_scGPT,0.0,crizotinib,RT4_URINARY_TRACT,106,0.013556071092500174,0.730517511660198
X_scGPT,0.0,crizotinib,SKES1_BONE,91,0.003639482203264924,0.8090094275526948
X_scGPT,0.0,crizotinib,NCIH1435_LUNG,267,0.00912405299364895,0.7635784477330325
X_scGPT,0.0,crizotinib,8305C_THYROID,459,0.0017512505018987996,0.7976128548578499
X_scGPT,0.0,crizotinib,NCIH2228_LUNG,367,0.012204587918448076,0.796271091261092
X_scGPT,0.0,crizotinib,TE10_OESOPHAGUS,219,0.003257702947389674,0.789394020489906
X_scGPT,0.0,crizotinib,ASPC1_PANCREAS,290,0.0019261751674236162,0.7963944634486889
X_scGPT,0.0,crizotinib,HCC366_LUNG,202,0.01531029474512677,0.7693413678962405
X_scGPT,0.0,crizotinib,BICR16_UPPER_AERODIGESTIVE_TRACT,212,0.009407447137121348,0.7616326047002144
X_scGPT,0.0,crizotinib,HEC6_ENDOMETRIUM,161,0.010570979348920248,0.810755219148553
X_scGPT,0.0,crizotinib,KALS1_CENTRAL_NERVOUS_SYSTEM,288,0.0029599359866624843,0.7951779659423563
X_scGPT,0.0,crizotinib,NCIH2444_LUNG,237,0.0088148050087974,0.7947522851988233
X_scGPT,0.0,crizotinib,SNU46_UPPER_AERODIGESTIVE_TRACT,236,0.0037344834533609363,0.7927339928129972
X_scGPT,0.0,crizotinib,OAW28_OVARY,161,0.015807029031195012,0.7548193161532005
X_scGPT,0.0,crizotinib,SNU1214_UPPER_AERODIGESTIVE_TRACT,188,0.007179154994538695,0.7886105629991977
X_scGPT,0.0,crizotinib,SKMEL5_SKIN,297,0.0013413280364177637,0.8017516122121201
X_scGPT,0.0,crizotinib,OVCAR4_OVARY,283,0.011570001007288184,0.8043805645127179
X_scGPT,0.0,crizotinib,UACC257_SKIN,239,0.0065574946438111585,0.7767376697711865
X_scGPT,0.0,crizotinib,ONCODG1_OVARY,270,0.0029458998137139574,0.792469592668392
X_scGPT,0.0,crizotinib,HUH28_BILIARY_TRACT,139,0.003022229030115783,0.7944434495280972
X_scGPT,0.0,crizotinib,IM95_STOMACH,185,0.0031500539254802297,0.7957453966140747
X_scGPT,0.0,crizotinib,TE14_OESOPHAGUS,474,0.008324402878438534,0.778755882998559
X_scGPT,0.0,crizotinib,CAKI2_KIDNEY,278,0.0020464471706155784,0.7964823170960378
X_scGPT,0.0,crizotinib,SU8686_PANCREAS,82,0.011128716718733129,0.7740450305182759
X_scGPT,0.0,crizotinib,SCC25_UPPER_AERODIGESTIVE_TRACT,898,0.004580568843852819,0.7753666032661574
X_scGPT,0.0,crizotinib,SCC9_UPPER_AERODIGESTIVE_TRACT,475,0.0039953797558263384,0.7922901986774645
X_scGPT,0.0,afatinib,NCIH2126_LUNG,264,0.023336406224425454,0.6735429515441259
X_scGPT,0.0,afatinib,SW579_THYROID,217,0.009519538288780258,0.7731412695849547
X_scGPT,0.0,afatinib,NCIH446_LUNG,196,0.021317484156569654,0.7822293307708235
X_scGPT,0.0,afatinib,HEC251_ENDOMETRIUM,107,0.029769371211390987,0.6860528092518031
X_scGPT,0.0,afatinib,MFE319_ENDOMETRIUM,191,0.012434418131657108,0.735411624633829
X_scGPT,0.0,afatinib,SKNAS_AUTONOMIC_GANGLIA,226,0.006993277264650958,0.7728870453032772
X_scGPT,0.0,afatinib,NCIH2452_PLEURA,538,0.009858051569428605,0.7594262043561191
X_scGPT,0.0,afatinib,COLO741_SKIN,329,0.017066275283890178,0.7529959780104617
X_scGPT,0.0,afatinib,KNS42_CENTRAL_NERVOUS_SYSTEM,172,0.018181411342247263,0.7318692404863446
X_scGPT,0.0,afatinib,MCF7_BREAST,143,0.022599574383003335,0.7455138476578506
X_scGPT,0.0,afatinib,HT1197_URINARY_TRACT,74,0.019061191262920805,0.6971754117591961
X_scGPT,0.0,afatinib,SNU899_UPPER_AERODIGESTIVE_TRACT,83,0.020214051548023037,0.64140430128718
X_scGPT,0.0,afatinib,HCC38_BREAST,200,0.04402792851808315,0.6823541367053986
X_scGPT,0.0,afatinib,SNU308_BILIARY_TRACT,94,0.07780197306919809,0.552555521751972
X_scGPT,0.0,afatinib,SW1271_LUNG,115,0.01801590595857318,0.7434301505918088
X_scGPT,0.0,afatinib,TM31_CENTRAL_NERVOUS_SYSTEM,116,0.007674748568765193,0.7472583368934435
X_scGPT,0.0,afatinib,NCIH747_LARGE_INTESTINE,80,0.03787798633258842,0.6738833852112294
X_scGPT,0.0,afatinib,KPNSI9S_AUTONOMIC_GANGLIA,129,0.018119894567514554,0.7662774624750596
X_scGPT,0.0,afatinib,SQ1_LUNG,238,0.030947893802167732,0.7050956244729146
X_scGPT,0.0,afatinib,IALM_LUNG,322,0.02082916302196785,0.7219801576611418
X_scGPT,0.0,afatinib,BT474_BREAST,125,0.021594244197529384,0.7325303816795349
X_scGPT,0.0,afatinib,DKMG_CENTRAL_NERVOUS_SYSTEM,271,0.011506839451883959,0.7467198484058309
X_scGPT,0.0,afatinib,BT549_BREAST,266,0.016962348698639988,0.7372176678557145
X_scGPT,0.0,afatinib,BICR6_UPPER_AERODIGESTIVE_TRACT,286,0.05090332600598155,0.5167347618958333
X_scGPT,0.0,afatinib,SH10TC_STOMACH,351,0.014190037657928586,0.7468228598265906
X_scGPT,0.0,afatinib,UMUC1_URINARY_TRACT,197,0.06933486036835403,0.534467616813437
X_scGPT,0.0,afatinib,LS1034_LARGE_INTESTINE,146,0.021411959389606633,0.707276410844228
X_scGPT,0.0,afatinib,CCFSTTG1_CENTRAL_NERVOUS_SYSTEM,246,0.01765180505827533,0.7588400695382095
X_scGPT,0.0,afatinib,NCIH226_LUNG,235,0.017669658942219432,0.729089210642145
X_scGPT,0.0,afatinib,LNCAPCLONEFGC_PROSTATE,129,0.006121336677993621,0.7562234748241513
X_scGPT,0.0,afatinib,RCC10RGB_KIDNEY,233,0.04223213045278252,0.6524609675223224
X_scGPT,0.0,afatinib,RERFLCAD1_LUNG,243,0.04757474945480618,0.6736825400419196
X_scGPT,0.0,afatinib,SKMEL2_SKIN,276,0.02153436893153053,0.7686921438013298
X_scGPT,0.0,afatinib,BICR31_UPPER_AERODIGESTIVE_TRACT,248,0.06146829706721848,0.5316491453878341
X_scGPT,0.0,afatinib,RCM1_LARGE_INTESTINE,128,0.030746911060334718,0.6827897564508021
X_scGPT,0.0,afatinib,COV434_OVARY,88,0.015291206816912222,0.7624910941178148
X_scGPT,0.0,afatinib,SNU1079_BILIARY_TRACT,73,0.03392937599317873,0.7173971958356361
X_scGPT,0.0,afatinib,YD38_UPPER_AERODIGESTIVE_TRACT,624,0.03181716613435782,0.6226990784590061
X_scGPT,0.0,afatinib,NCIH1299_LUNG,534,0.006413662624130695,0.7493801439522804
X_scGPT,0.0,afatinib,IGR37_SKIN,347,0.003703771677643826,0.7523537870786375
X_scGPT,0.0,afatinib,BFTC909_KIDNEY,379,0.03074069757760079,0.7674992647523301
X_scGPT,0.0,afatinib,NCIH460_LUNG,837,0.04016551243485737,0.7156569707066069
X_scGPT,0.0,afatinib,IGR1_SKIN,725,0.014675261908950868,0.7812380975690382
X_scGPT,0.0,afatinib,VMCUB1_URINARY_TRACT,478,0.027557553102064227,0.6374496443501078
X_scGPT,0.0,afatinib,JHOC5_OVARY,145,0.04413262844088571,0.6400599048055452
X_scGPT,0.0,afatinib,42MGBA_CENTRAL_NERVOUS_SYSTEM,518,0.022109328399206804,0.7489789551749653
X_scGPT,0.0,afatinib,HT1080_SOFT_TISSUE,516,0.04838502462476883,0.7458157567090766
X_scGPT,0.0,afatinib,LI7_LIVER,196,0.025258579455079252,0.7171647600373443
X_scGPT,0.0,afatinib,A375_SKIN,593,0.0246785823979525,0.7564280422099726
X_scGPT,0.0,afatinib,FTC133_THYROID,140,0.021117233709395593,0.7454714362110411
X_scGPT,0.0,afatinib,OVK18_OVARY,178,0.0334997889585687,0.8402481296758973
X_scGPT,0.0,afatinib,ACCMESO1_PLEURA,162,0.007709454993502663,0.7480379788228023
X_scGPT,0.0,afatinib,HMC18_BREAST,293,0.007086533950340871,0.7558818225567658
X_scGPT,0.0,afatinib,TOV112D_OVARY,78,0.007260408595811528,0.7712423572173486
X_scGPT,0.0,afatinib,JHH6_LIVER,206,0.02792939791575797,0.7376383314433607
X_scGPT,0.0,afatinib,A2058_SKIN,294,0.029178202065139214,0.813482672787037
X_scGPT,0.0,afatinib,NCIH2110_LUNG,1990,0.041771957576629465,0.6724760171905834
X_scGPT,0.0,afatinib,NCIH650_LUNG,271,0.03815574638075259,0.71167088962569
X_scGPT,0.0,afatinib,EFE184_ENDOMETRIUM,86,0.018867891889881926,0.7131958957328353
X_scGPT,0.0,afatinib,HUPT3_PANCREAS,136,0.04062512195842809,0.678264377748265
X_scGPT,0.0,afatinib,MDAMB361_BREAST,135,0.014811096283729574,0.7679994803887826
X_scGPT,0.0,afatinib,BCPAP_THYROID,152,0.020408917638210834,0.7157655221066976
X_scGPT,0.0,afatinib,PECAPJ49_UPPER_AERODIGESTIVE_TRACT,202,0.06215334461388069,0.4584710078664345
X_scGPT,0.0,afatinib,EKVX_LUNG,146,0.01548512198638282,0.7255200200701413
X_scGPT,0.0,afatinib,BICR56_UPPER_AERODIGESTIVE_TRACT,81,0.04894203443672196,0.44163401001765407
X_scGPT,0.0,afatinib,NCIH2170_LUNG,142,0.02596078821482603,0.6919126703705586
X_scGPT,0.0,afatinib,DETROIT562_UPPER_AERODIGESTIVE_TRACT,163,0.025008906427144824,0.6363326062454037
X_scGPT,0.0,afatinib,SW1088_CENTRAL_NERVOUS_SYSTEM,128,0.0158299550403507,0.7480337899178267
X_scGPT,0.0,afatinib,BHY_UPPER_AERODIGESTIVE_TRACT,145,0.07374069769978744,0.5248813220139208
X_scGPT,0.0,afatinib,CAS1_CENTRAL_NERVOUS_SYSTEM,133,0.01479873793853062,0.7312661561750828
X_scGPT,0.0,afatinib,HCC1428_BREAST,127,0.05852938863516572,0.7257537785477526
X_scGPT,0.0,afatinib,HDQP1_BREAST,64,0.022672421595289868,0.7134880758821964
X_scGPT,0.0,afatinib,OSRC2_KIDNEY,126,0.018638356218403998,0.7421675456894768
X_scGPT,0.0,afatinib,HUPT4_PANCREAS,56,0.05525010363033141,0.678841558950288
X_scGPT,0.0,afatinib,TCCSUP_URINARY_TRACT,316,0.013515176152952751,0.7521579799395574
X_scGPT,0.0,afatinib,VMRCRCZ_KIDNEY,300,0.006701711845927994,0.7353778227170309
X_scGPT,0.0,afatinib,PK59_PANCREAS,174,0.0417059978796894,0.7096591783666063
X_scGPT,0.0,afatinib,HUH6_LIVER,338,0.01629574704525095,0.7522494202182137
X_scGPT,0.0,afatinib,MSTO211H_PLEURA,297,0.016243606858529363,0.7613767867136483
X_scGPT,0.0,afatinib,HS852T_SKIN,162,0.02534149069436191,0.7750122366864004
X_scGPT,0.0,afatinib,SKMEL30_SKIN,353,0.01347501662503834,0.7643672633103541
X_scGPT,0.0,afatinib,T47D_BREAST,221,0.018625270384959144,0.7696468751894403
X_scGPT,0.0,afatinib,CALU6_LUNG,258,0.020337440028232588,0.7433612288892731
X_scGPT,0.0,afatinib,NCIH522_LUNG,208,0.006904193806986979,0.7586378647157779
X_scGPT,0.0,afatinib,LMSU_STOMACH,255,0.008176704383198601,0.7552197877098532
X_scGPT,0.0,afatinib,SNUC4_LARGE_INTESTINE,467,0.03257975849670143,0.6385988404204554
X_scGPT,0.0,afatinib,RVH421_SKIN,239,0.017361991063825577,0.7605778599882724
X_scGPT,0.0,afatinib,OVSAHO_OVARY,227,0.005942812704041922,0.7427432497692529
X_scGPT,0.0,afatinib,GOS3_CENTRAL_NERVOUS_SYSTEM,191,0.008777793978797693,0.7541722539831831
X_scGPT,0.0,afatinib,SNU738_CENTRAL_NERVOUS_SYSTEM,379,0.013077140591959309,0.740325731149135
X_scGPT,0.0,afatinib,PC3_PROSTATE,169,0.011361328614296517,0.7428321200009633
X_scGPT,0.0,afatinib,PATU8988S_PANCREAS,244,0.018693700809348318,0.6885753679470937
X_scGPT,0.0,afatinib,OVTOKO_OVARY,209,0.01055462038136224,0.7178612177451832
X_scGPT,0.0,afatinib,TE1_OESOPHAGUS,206,0.024741111846502475,0.6848610873939922
X_scGPT,0.0,afatinib,NCIH2087_LUNG,219,0.047489183328402906,0.6001222841271526
X_scGPT,0.0,afatinib,EFM192A_BREAST,333,0.054917928674837926,0.7184063018979253
X_scGPT,0.0,afatinib,SNU423_LIVER,212,0.020592537806775262,0.7033139444747061
X_scGPT,0.0,afatinib,KPL1_BREAST,276,0.017171152085123785,0.7253804904395256
X_scGPT,0.0,afatinib,NCIH358_LUNG,336,0.030266279636203545,0.7085877250702608
X_scGPT,0.0,afatinib,COLO792_SKIN,271,0.0043066582610589805,0.742883863704231
X_scGPT,0.0,afatinib,KYSE520_OESOPHAGUS,323,0.023774650555140713,0.6666248846718401
X_scGPT,0.0,afatinib,KMRC3_KIDNEY,245,0.013507787008611402,0.707278805362935
X_scGPT,0.0,afatinib,MKN7_STOMACH,258,0.05231561668791059,0.6587939931209698
X_scGPT,0.0,afatinib,NCIH1944_LUNG,414,0.012436767442689055,0.7245018846458859
X_scGPT,0.0,afatinib,TE6_OESOPHAGUS,551,0.01966712053372853,0.667624611819937
X_scGPT,0.0,afatinib,ZR751_BREAST,309,0.02272258356312834,0.7718890922740825
X_scGPT,0.0,afatinib,PANC0203_PANCREAS,506,0.043400342101366694,0.6134350693272979
X_scGPT,0.0,afatinib,SW1990_PANCREAS,307,0.043554173751093724,0.7319394331607446
X_scGPT,0.0,afatinib,RD_SOFT_TISSUE,261,0.01910771970554836,0.7427529870778665
X_scGPT,0.0,afatinib,NCIH1792_LUNG,111,0.021153303999042396,0.7237784459784224
X_scGPT,0.0,afatinib,PK45H_PANCREAS,271,0.022788881731400944,0.7062774252187722
X_scGPT,0.0,afatinib,LS180_LARGE_INTESTINE,361,0.027949216663371048,0.6138370038729956
X_scGPT,0.0,afatinib,RERFLCAI_LUNG,763,0.023424469556451392,0.7439858365808839
X_scGPT,0.0,afatinib,CAMA1_BREAST,291,0.02041495683224073,0.7139763100860045
X_scGPT,0.0,afatinib,SNU449_LIVER,282,0.024878719658663707,0.6936567930887777
X_scGPT,0.0,afatinib,A204_SOFT_TISSUE,250,0.014295146732923788,0.7664660148620606
X_scGPT,0.0,afatinib,MKN45_STOMACH,118,0.02112600644761616,0.6878922581672668
X_scGPT,0.0,afatinib,HEP3B217_LIVER,118,0.005892284442360992,0.7310223700636524
X_scGPT,0.0,afatinib,HOS_BONE,829,0.02154800534902485,0.694189614568027
X_scGPT,0.0,afatinib,EBC1_LUNG,186,0.04341202588793394,0.6572736049852064
X_scGPT,0.0,afatinib,NCIH292_LUNG,213,0.05270160357094786,0.6166516170255455
X_scGPT,0.0,afatinib,OUMS23_LARGE_INTESTINE,107,0.027387309955600875,0.719205006817791
X_scGPT,0.0,afatinib,HEC151_ENDOMETRIUM,250,0.021329068213466047,0.7047572629451752
X_scGPT,0.0,afatinib,NCIH1373_LUNG,164,0.04283057835859527,0.6498082022114497
X_scGPT,0.0,afatinib,TE9_OESOPHAGUS,248,0.01803204366837034,0.6423792879908315
X_scGPT,0.0,afatinib,HCC56_LARGE_INTESTINE,99,0.029467256111596722,0.6364901679934878
X_scGPT,0.0,afatinib,HT55_LARGE_INTESTINE,211,0.017571796372409212,0.7184417518959226
X_scGPT,0.0,afatinib,RT4_URINARY_TRACT,106,0.04153814573990812,0.7111276596222283
X_scGPT,0.0,afatinib,SKES1_BONE,91,0.007865688724052885,0.7675959644736824
X_scGPT,0.0,afatinib,NCIH1435_LUNG,267,0.035142188506488994,0.6289437272575464
X_scGPT,0.0,afatinib,8305C_THYROID,459,0.016100587429525998,0.7198221078365716
X_scGPT,0.0,afatinib,NCIH2228_LUNG,367,0.035615593990963264,0.6949047139295116
X_scGPT,0.0,afatinib,TE10_OESOPHAGUS,219,0.024975491410793627,0.6309213681852437
X_scGPT,0.0,afatinib,ASPC1_PANCREAS,290,0.01692296960464253,0.6904988210776757
X_scGPT,0.0,afatinib,HCC366_LUNG,202,0.02939118614377494,0.680348152866458
X_scGPT,0.0,afatinib,BICR16_UPPER_AERODIGESTIVE_TRACT,212,0.05005467816496694,0.5525409486496223
X_scGPT,0.0,afatinib,HEC6_ENDOMETRIUM,161,0.023507576641461553,0.7102608851024083
X_scGPT,0.0,afatinib,KALS1_CENTRAL_NERVOUS_SYSTEM,288,0.006159845254388174,0.7529364062680138
X_scGPT,0.0,afatinib,NCIH2444_LUNG,237,0.022020576106233966,0.7023745239535465
X_scGPT,0.0,afatinib,SNU46_UPPER_AERODIGESTIVE_TRACT,236,0.036661630256960336,0.6767979216272548
X_scGPT,0.0,afatinib,OAW28_OVARY,161,0.034107521316297594,0.6562786602085422
X_scGPT,0.0,afatinib,SNU1214_UPPER_AERODIGESTIVE_TRACT,188,0.05814254029361872,0.4381384811502822
X_scGPT,0.0,afatinib,SKMEL5_SKIN,297,0.013845075873385383,0.7591900602735654
X_scGPT,0.0,afatinib,OVCAR4_OVARY,283,0.030879557005741288,0.65818207171275
X_scGPT,0.0,afatinib,UACC257_SKIN,239,0.012822650420521688,0.7421648168164816
X_scGPT,0.0,afatinib,ONCODG1_OVARY,270,0.008671625748530283,0.7211042708820767
X_scGPT,0.0,afatinib,HUH28_BILIARY_TRACT,139,0.005315661980140761,0.7546729441169354
X_scGPT,0.0,afatinib,IM95_STOMACH,185,0.024319998557716185,0.6834687568045951
X_scGPT,0.0,afatinib,TE14_OESOPHAGUS,474,0.060511166482926364,0.5070844407700286
X_scGPT,0.0,afatinib,CAKI2_KIDNEY,278,0.019298934971679383,0.7029257843391501
X_scGPT,0.0,afatinib,SU8686_PANCREAS,82,0.017449665755071515,0.6975864324627853
X_scGPT,0.0,afatinib,SCC25_UPPER_AERODIGESTIVE_TRACT,898,0.021826149376895594,0.6207141398321547
X_scGPT,0.0,afatinib,SCC9_UPPER_AERODIGESTIVE_TRACT,475,0.013587163873391964,0.7364800850968611
X_scGPT,0.5,doxorubicin,NCIH2126_LUNG,264,0.03649673946738497,0.5189914005723867
X_scGPT,0.5,doxorubicin,SW579_THYROID,217,0.040531852507962034,0.5669617152983143
X_scGPT,0.5,doxorubicin,NCIH446_LUNG,196,0.048523886293937356,0.3759753643249979
X_scGPT,0.5,doxorubicin,HEC251_ENDOMETRIUM,107,0.03854031902715872,0.6200698469286767
X_scGPT,0.5,doxorubicin,MFE319_ENDOMETRIUM,191,0.009869818039490552,0.570597637074156
X_scGPT,0.5,doxorubicin,SKNAS_AUTONOMIC_GANGLIA,226,0.006649919603591587,0.5670920423174326
X_scGPT,0.5,doxorubicin,NCIH2452_PLEURA,538,0.04436730593145351,0.6110293982086572
X_scGPT,0.5,doxorubicin,COLO741_SKIN,329,0.04189304141031202,0.592076360092337
X_scGPT,0.5,doxorubicin,KNS42_CENTRAL_NERVOUS_SYSTEM,172,0.022551402045825366,0.5795820525219274
X_scGPT,0.5,doxorubicin,MCF7_BREAST,143,0.036274902814437855,0.6710918166420676
X_scGPT,0.5,doxorubicin,HT1197_URINARY_TRACT,74,0.0242009344296122,0.6525731980800629
X_scGPT,0.5,doxorubicin,SNU899_UPPER_AERODIGESTIVE_TRACT,83,0.01025675321393626,0.5529608791133007
X_scGPT,0.5,doxorubicin,HCC38_BREAST,200,0.04070870070739749,0.5741207407414913
X_scGPT,0.5,doxorubicin,SNU308_BILIARY_TRACT,94,0.0340728025260613,0.5894339129011682
X_scGPT,0.5,doxorubicin,SW1271_LUNG,115,0.03100763104697052,0.6390935244767563
X_scGPT,0.5,doxorubicin,TM31_CENTRAL_NERVOUS_SYSTEM,116,0.008359760381249018,0.5702505913274042
X_scGPT,0.5,doxorubicin,NCIH747_LARGE_INTESTINE,80,0.026398717263427605,0.6186489544808864
X_scGPT,0.5,doxorubicin,KPNSI9S_AUTONOMIC_GANGLIA,129,0.020110445511592485,0.4933118422826131
X_scGPT,0.5,doxorubicin,SQ1_LUNG,238,0.041392657520236575,0.6215554150212713
X_scGPT,0.5,doxorubicin,IALM_LUNG,322,0.03299828495740186,0.5741135737170344
X_scGPT,0.5,doxorubicin,BT474_BREAST,125,0.03260120689389277,0.6335420718193054
X_scGPT,0.5,doxorubicin,DKMG_CENTRAL_NERVOUS_SYSTEM,271,0.026077218353241952,0.5145563055448427
X_scGPT,0.5,doxorubicin,BT549_BREAST,266,0.02691914308448424,0.5402843747147941
X_scGPT,0.5,doxorubicin,BICR6_UPPER_AERODIGESTIVE_TRACT,286,0.025018311494524062,0.5489497300419774
X_scGPT,0.5,doxorubicin,SH10TC_STOMACH,351,0.03114384700526912,0.5944391164684567
X_scGPT,0.5,doxorubicin,UMUC1_URINARY_TRACT,197,0.039404936511665274,0.6032757934579994
X_scGPT,0.5,doxorubicin,LS1034_LARGE_INTESTINE,146,0.029215358002747983,0.6682903031780295
X_scGPT,0.5,doxorubicin,CCFSTTG1_CENTRAL_NERVOUS_SYSTEM,246,0.04228659764223971,0.5177739288021879
X_scGPT,0.5,doxorubicin,NCIH226_LUNG,235,0.03532299950264286,0.6214194404317978
X_scGPT,0.5,doxorubicin,LNCAPCLONEFGC_PROSTATE,129,0.00917644157792283,0.5910314945287483
X_scGPT,0.5,doxorubicin,RCC10RGB_KIDNEY,233,0.03563560244461972,0.600033748814988
X_scGPT,0.5,doxorubicin,RERFLCAD1_LUNG,243,0.039526120470458545,0.5751310036260895
X_scGPT,0.5,doxorubicin,SKMEL2_SKIN,276,0.024907272733996715,0.5758356808320336
X_scGPT,0.5,doxorubicin,BICR31_UPPER_AERODIGESTIVE_TRACT,248,0.021741917577963434,0.5163211493242171
X_scGPT,0.5,doxorubicin,RCM1_LARGE_INTESTINE,128,0.03429156599152487,0.5814181086607277
X_scGPT,0.5,doxorubicin,COV434_OVARY,88,0.03575453199250641,0.5591196441514925
X_scGPT,0.5,doxorubicin,SNU1079_BILIARY_TRACT,73,0.04899394178930247,0.6633193835820237
X_scGPT,0.5,doxorubicin,YD38_UPPER_AERODIGESTIVE_TRACT,624,0.018617399945255547,0.544212962858952
X_scGPT,0.5,doxorubicin,NCIH1299_LUNG,534,0.009140653209046097,0.5691326261682903
X_scGPT,0.5,doxorubicin,IGR37_SKIN,347,0.006038757688204916,0.5938970687066444
X_scGPT,0.5,doxorubicin,BFTC909_KIDNEY,379,0.042924825371511696,0.5560945866919444
X_scGPT,0.5,doxorubicin,NCIH460_LUNG,837,0.050093195451816494,0.5348941277147337
X_scGPT,0.5,doxorubicin,IGR1_SKIN,725,0.033505100560925434,0.6325881491858384
X_scGPT,0.5,doxorubicin,VMCUB1_URINARY_TRACT,478,0.01967606799173401,0.5322620820674936
X_scGPT,0.5,doxorubicin,JHOC5_OVARY,145,0.03996921609760064,0.6371941196507421
X_scGPT,0.5,doxorubicin,42MGBA_CENTRAL_NERVOUS_SYSTEM,518,0.018650677717016576,0.5623605346817768
X_scGPT,0.5,doxorubicin,HT1080_SOFT_TISSUE,516,0.03589482828789102,0.5769365294150604
X_scGPT,0.5,doxorubicin,LI7_LIVER,196,0.02839977098472469,0.612891250727128
X_scGPT,0.5,doxorubicin,A375_SKIN,593,0.07292742739203323,0.6451954726022975
X_scGPT,0.5,doxorubicin,FTC133_THYROID,140,0.06741811223128566,0.6874421404940741
X_scGPT,0.5,doxorubicin,OVK18_OVARY,178,0.021089720188542927,0.5353496764483077
X_scGPT,0.5,doxorubicin,ACCMESO1_PLEURA,162,0.008805769080742872,0.574144666209633
X_scGPT,0.5,doxorubicin,HMC18_BREAST,293,0.006558546751843,0.5782371905883424
X_scGPT,0.5,doxorubicin,TOV112D_OVARY,78,0.00640408222007606,0.5713606186402149
X_scGPT,0.5,doxorubicin,JHH6_LIVER,206,0.03929320056690497,0.5880252260316923
X_scGPT,0.5,doxorubicin,A2058_SKIN,294,0.04226189804388646,0.5786317023290258
X_scGPT,0.5,doxorubicin,NCIH2110_LUNG,1990,0.02766952042745165,0.6381622046082464
X_scGPT,0.5,doxorubicin,NCIH650_LUNG,271,0.03715566388669476,0.6244020532418001
X_scGPT,0.5,doxorubicin,EFE184_ENDOMETRIUM,86,0.033838464302974436,0.6653976488945096
X_scGPT,0.5,doxorubicin,HUPT3_PANCREAS,136,0.035298107093819156,0.6137358712799409
X_scGPT,0.5,doxorubicin,MDAMB361_BREAST,135,0.02985203552405105,0.6741032913879111
X_scGPT,0.5,doxorubicin,BCPAP_THYROID,152,0.02613438647217955,0.576197768512525
X_scGPT,0.5,doxorubicin,PECAPJ49_UPPER_AERODIGESTIVE_TRACT,202,0.037956144753630766,0.5615279063729957
X_scGPT,0.5,doxorubicin,EKVX_LUNG,146,0.009032590928478851,0.5636668127693542
X_scGPT,0.5,doxorubicin,BICR56_UPPER_AERODIGESTIVE_TRACT,81,0.0183521677212816,0.4781353304415573
X_scGPT,0.5,doxorubicin,NCIH2170_LUNG,142,0.039248277072120294,0.48727018270694034
X_scGPT,0.5,doxorubicin,DETROIT562_UPPER_AERODIGESTIVE_TRACT,163,0.01329565568241056,0.5443235679638166
X_scGPT,0.5,doxorubicin,SW1088_CENTRAL_NERVOUS_SYSTEM,128,0.02355853456565727,0.5759882223792374
X_scGPT,0.5,doxorubicin,BHY_UPPER_AERODIGESTIVE_TRACT,145,0.043595881608799125,0.5572339508040198
X_scGPT,0.5,doxorubicin,CAS1_CENTRAL_NERVOUS_SYSTEM,133,0.029831541875171428,0.5604940596827888
X_scGPT,0.5,doxorubicin,HCC1428_BREAST,127,0.02025133846577232,0.6058840915912719
X_scGPT,0.5,doxorubicin,HDQP1_BREAST,64,0.035871714546186186,0.633102186024189
X_scGPT,0.5,doxorubicin,OSRC2_KIDNEY,126,0.05294741280952894,0.722739317114391
X_scGPT,0.5,doxorubicin,HUPT4_PANCREAS,56,0.02971878030465968,0.5753102345126015
X_scGPT,0.5,doxorubicin,TCCSUP_URINARY_TRACT,316,0.02626289316368587,0.5976763309179982
X_scGPT,0.5,doxorubicin,VMRCRCZ_KIDNEY,300,0.010335596291893744,0.5785996216535568
X_scGPT,0.5,doxorubicin,PK59_PANCREAS,174,0.03265818683717975,0.6414370334696495
X_scGPT,0.5,doxorubicin,HUH6_LIVER,338,0.02849638283957244,0.6809343462865028
X_scGPT,0.5,doxorubicin,MSTO211H_PLEURA,297,0.023392099845629583,0.5696110197590658
X_scGPT,0.5,doxorubicin,HS852T_SKIN,162,0.05493423621855551,0.701809948977129
X_scGPT,0.5,doxorubicin,SKMEL30_SKIN,353,0.02002857938378255,0.615666041124306
X_scGPT,0.5,doxorubicin,T47D_BREAST,221,0.047474004947052784,0.6806419928688808
X_scGPT,0.5,doxorubicin,CALU6_LUNG,258,0.05027787636785895,0.630451251601064
X_scGPT,0.5,doxorubicin,NCIH522_LUNG,208,0.008930515895627272,0.5722062573409997
X_scGPT,0.5,doxorubicin,LMSU_STOMACH,255,0.009260271321516399,0.5631309721984116
X_scGPT,0.5,doxorubicin,SNUC4_LARGE_INTESTINE,467,0.01292260290988706,0.599047158463864
X_scGPT,0.5,doxorubicin,RVH421_SKIN,239,0.026408957956073304,0.6443874307257361
X_scGPT,0.5,doxorubicin,OVSAHO_OVARY,227,0.009312855996463757,0.5683733587223002
X_scGPT,0.5,doxorubicin,GOS3_CENTRAL_NERVOUS_SYSTEM,191,0.011153393672789969,0.5719297781040531
X_scGPT,0.5,doxorubicin,SNU738_CENTRAL_NERVOUS_SYSTEM,379,0.028089406683082335,0.6184308535190874
X_scGPT,0.5,doxorubicin,PC3_PROSTATE,169,0.027241279576836624,0.6104937372122996
X_scGPT,0.5,doxorubicin,PATU8988S_PANCREAS,244,0.012784481625134384,0.562320028416446
X_scGPT,0.5,doxorubicin,OVTOKO_OVARY,209,0.00844696704358417,0.5710684309165444
X_scGPT,0.5,doxorubicin,TE1_OESOPHAGUS,206,0.030946025386565434,0.6165109725253096
X_scGPT,0.5,doxorubicin,NCIH2087_LUNG,219,0.028494851742861406,0.5774551110180546
X_scGPT,0.5,doxorubicin,EFM192A_BREAST,333,0.02325085818664219,0.6231748304209551
X_scGPT,0.5,doxorubicin,SNU423_LIVER,212,0.018853955923532537,0.6265682884544697
X_scGPT,0.5,doxorubicin,KPL1_BREAST,276,0.027226893769445606,0.6488529929648275
X_scGPT,0.5,doxorubicin,NCIH358_LUNG,336,0.030695335525000273,0.6391176678949878
X_scGPT,0.5,doxorubicin,COLO792_SKIN,271,0.007327863673908736,0.5949820009544766
X_scGPT,0.5,doxorubicin,KYSE520_OESOPHAGUS,323,0.009420748016977325,0.5632249054155851
X_scGPT,0.5,doxorubicin,KMRC3_KIDNEY,245,0.025356391949331748,0.6449631644754994
X_scGPT,0.5,doxorubicin,MKN7_STOMACH,258,0.03471516699292545,0.6254463935083197
X_scGPT,0.5,doxorubicin,NCIH1944_LUNG,414,0.0069521031727200625,0.5676776097304579
X_scGPT,0.5,doxorubicin,TE6_OESOPHAGUS,551,0.009379783249857774,0.5517498730747756
X_scGPT,0.5,doxorubicin,ZR751_BREAST,309,0.0318774055243605,0.576457158068623
X_scGPT,0.5,doxorubicin,PANC0203_PANCREAS,506,0.03052263076101592,0.5334273538452835
X_scGPT,0.5,doxorubicin,SW1990_PANCREAS,307,0.03607799544682978,0.6213955863679271
X_scGPT,0.5,doxorubicin,RD_SOFT_TISSUE,261,0.021753365823047398,0.5210712176401496
X_scGPT,0.5,doxorubicin,NCIH1792_LUNG,111,0.028004320303296457,0.5956161736368059
X_scGPT,0.5,doxorubicin,PK45H_PANCREAS,271,0.022986307589518137,0.6522582637427917
X_scGPT,0.5,doxorubicin,LS180_LARGE_INTESTINE,361,0.05844754065165689,0.6861988539675926
X_scGPT,0.5,doxorubicin,RERFLCAI_LUNG,763,0.03045860313373478,0.6482388565455945
X_scGPT,0.5,doxorubicin,CAMA1_BREAST,291,0.024931682582543906,0.6492018703742535
X_scGPT,0.5,doxorubicin,SNU449_LIVER,282,0.037473450557087014,0.6012724606280632
X_scGPT,0.5,doxorubicin,A204_SOFT_TISSUE,250,0.020822308452440607,0.5943595612049103
X_scGPT,0.5,doxorubicin,MKN45_STOMACH,118,0.03899908969810142,0.6572061064889876
X_scGPT,0.5,doxorubicin,HEP3B217_LIVER,118,0.006867311596828843,0.5769788244013059
X_scGPT,0.5,doxorubicin,HOS_BONE,829,0.02280811634008929,0.5665463798368222
X_scGPT,0.5,doxorubicin,EBC1_LUNG,186,0.050793587885520165,0.5796506696490831
X_scGPT,0.5,doxorubicin,NCIH292_LUNG,213,0.03449769551226328,0.5396982620299702
X_scGPT,0.5,doxorubicin,OUMS23_LARGE_INTESTINE,107,0.021403689608589734,0.6230700979722994
X_scGPT,0.5,doxorubicin,HEC151_ENDOMETRIUM,250,0.023807181487217374,0.6556293082237243
X_scGPT,0.5,doxorubicin,NCIH1373_LUNG,164,0.05122690340408343,0.5858164589579512
X_scGPT,0.5,doxorubicin,TE9_OESOPHAGUS,248,0.010604231198248978,0.5516086826401372
X_scGPT,0.5,doxorubicin,HCC56_LARGE_INTESTINE,99,0.03330686212043723,0.6786232699047435
X_scGPT,0.5,doxorubicin,HT55_LARGE_INTESTINE,211,0.030382806557122086,0.6718166301035768
X_scGPT,0.5,doxorubicin,RT4_URINARY_TRACT,106,0.013549532172331307,0.5576714845198505
X_scGPT,0.5,doxorubicin,SKES1_BONE,91,0.006601464940929672,0.5673609834450942
X_scGPT,0.5,doxorubicin,NCIH1435_LUNG,267,0.0256779687061631,0.5433170735166314
X_scGPT,0.5,doxorubicin,8305C_THYROID,459,0.0186010161236572,0.6093326805723519
X_scGPT,0.5,doxorubicin,NCIH2228_LUNG,367,0.03926871552367698,0.6404380454029635
X_scGPT,0.5,doxorubicin,TE10_OESOPHAGUS,219,0.0256052909759619,0.5884255347730907
X_scGPT,0.5,doxorubicin,ASPC1_PANCREAS,290,0.022497235931569465,0.6738924334789145
X_scGPT,0.5,doxorubicin,HCC366_LUNG,202,0.029183572306077103,0.6054204224359871
X_scGPT,0.5,doxorubicin,BICR16_UPPER_AERODIGESTIVE_TRACT,212,0.017957235180479925,0.554329255560659
X_scGPT,0.5,doxorubicin,HEC6_ENDOMETRIUM,161,0.025077891889866154,0.6293930237337669
X_scGPT,0.5,doxorubicin,KALS1_CENTRAL_NERVOUS_SYSTEM,288,0.0053982638817153955,0.5830587260425091
X_scGPT,0.5,doxorubicin,NCIH2444_LUNG,237,0.039107154094934794,0.6521020544229178
X_scGPT,0.5,doxorubicin,SNU46_UPPER_AERODIGESTIVE_TRACT,236,0.023590188066420093,0.5987121730537738
X_scGPT,0.5,doxorubicin,OAW28_OVARY,161,0.027062940986876213,0.5985510915702914
X_scGPT,0.5,doxorubicin,SNU1214_UPPER_AERODIGESTIVE_TRACT,188,0.02273974280343874,0.5201403912394604
X_scGPT,0.5,doxorubicin,SKMEL5_SKIN,297,0.013196320210824912,0.6436111756446787
X_scGPT,0.5,doxorubicin,OVCAR4_OVARY,283,0.029954733635101736,0.6688956237092035
X_scGPT,0.5,doxorubicin,UACC257_SKIN,239,0.011624689230230892,0.5917087321999681
X_scGPT,0.5,doxorubicin,ONCODG1_OVARY,270,0.0071432819221527106,0.5752398376111632
X_scGPT,0.5,doxorubicin,HUH28_BILIARY_TRACT,139,0.005305907720489366,0.5850754045754027
X_scGPT,0.5,doxorubicin,IM95_STOMACH,185,0.03444789466505282,0.646202154739483
X_scGPT,0.5,doxorubicin,TE14_OESOPHAGUS,474,0.023252235147920998,0.5336109285993416
X_scGPT,0.5,doxorubicin,CAKI2_KIDNEY,278,0.01762569001701852,0.667823868475372
X_scGPT,0.5,doxorubicin,SU8686_PANCREAS,82,0.023695057613942833,0.6520818319262528
X_scGPT,0.5,doxorubicin,SCC25_UPPER_AERODIGESTIVE_TRACT,898,0.01344121824880777,0.5245586607464172
X_scGPT,0.5,doxorubicin,SCC9_UPPER_AERODIGESTIVE_TRACT,475,0.0088474723984231,0.5654596104119953
X_scGPT,0.5,platin,NCIH2126_LUNG,264,0.011021947738792557,0.9692470754186312
X_scGPT,0.5,platin,SW579_THYROID,217,0.010756792255026883,0.9915178313782688
X_scGPT,0.5,platin,NCIH446_LUNG,196,0.009038837004408955,1.0222054139083745
X_scGPT,0.5,platin,HEC251_ENDOMETRIUM,107,0.018979686832884268,0.9962303532618229
X_scGPT,0.5,platin,MFE319_ENDOMETRIUM,191,0.010879184932846401,0.992343631090294
X_scGPT,0.5,platin,SKNAS_AUTONOMIC_GANGLIA,226,0.007529895294415137,0.9971268588462762
X_scGPT,0.5,platin,NCIH2452_PLEURA,538,0.012088018326930369,0.9924593050462163
X_scGPT,0.5,platin,COLO741_SKIN,329,0.01073108829087884,1.0327058624713978
X_scGPT,0.5,platin,KNS42_CENTRAL_NERVOUS_SYSTEM,172,0.007081450583468381,1.0119157471629077
X_scGPT,0.5,platin,MCF7_BREAST,143,0.01361140880601384,1.0053433688370499
X_scGPT,0.5,platin,HT1197_URINARY_TRACT,74,0.00905189011708265,0.9876490613898715
X_scGPT,0.5,platin,SNU899_UPPER_AERODIGESTIVE_TRACT,83,0.0075245196690659575,0.9524466661085565
X_scGPT,0.5,platin,HCC38_BREAST,200,0.024194163936863675,0.9709092518687248
X_scGPT,0.5,platin,SNU308_BILIARY_TRACT,94,0.006953815003098573,0.9587188819621472
X_scGPT,0.5,platin,SW1271_LUNG,115,0.010777474644022943,0.9888540470081827
X_scGPT,0.5,platin,TM31_CENTRAL_NERVOUS_SYSTEM,116,0.008512117505115485,0.9736704389596808
X_scGPT,0.5,platin,NCIH747_LARGE_INTESTINE,80,0.01993642286322921,0.9711893253028393
X_scGPT,0.5,platin,KPNSI9S_AUTONOMIC_GANGLIA,129,0.01007282155241838,0.9817488193511963
X_scGPT,0.5,platin,SQ1_LUNG,238,0.012096558947419407,0.9812140514870652
X_scGPT,0.5,platin,IALM_LUNG,322,0.012575713509516018,0.9813609134336436
X_scGPT,0.5,platin,BT474_BREAST,125,0.010818904031345956,1.0111374945640563
X_scGPT,0.5,platin,DKMG_CENTRAL_NERVOUS_SYSTEM,271,0.014365062483875226,0.9497941008793032
X_scGPT,0.5,platin,BT549_BREAST,266,0.010912629786880358,0.9737888845734131
X_scGPT,0.5,platin,BICR6_UPPER_AERODIGESTIVE_TRACT,286,0.018343325019788675,0.9310104471820217
X_scGPT,0.5,platin,SH10TC_STOMACH,351,0.023881648529147717,0.954989760689586
X_scGPT,0.5,platin,UMUC1_URINARY_TRACT,197,0.007484558605726988,0.9589053704048777
X_scGPT,0.5,platin,LS1034_LARGE_INTESTINE,146,0.009273726758158152,0.9999216247911322
X_scGPT,0.5,platin,CCFSTTG1_CENTRAL_NERVOUS_SYSTEM,246,0.019262975885552393,0.9585777511441611
X_scGPT,0.5,platin,NCIH226_LUNG,235,0.011755813987297544,0.9798536120577062
X_scGPT,0.5,platin,LNCAPCLONEFGC_PROSTATE,129,0.007919116008325532,1.0293391069700553
X_scGPT,0.5,platin,RCC10RGB_KIDNEY,233,0.026855006166180945,0.960150105758798
X_scGPT,0.5,platin,RERFLCAD1_LUNG,243,0.03597412393685743,0.9151995015242462
X_scGPT,0.5,platin,SKMEL2_SKIN,276,0.006938431258488696,0.9992568352516147
X_scGPT,0.5,platin,BICR31_UPPER_AERODIGESTIVE_TRACT,248,0.013763442390466687,0.9661928343196069
X_scGPT,0.5,platin,RCM1_LARGE_INTESTINE,128,0.016167827827534405,0.9933251608163118
X_scGPT,0.5,platin,COV434_OVARY,88,0.007858549395937798,1.0054401470856233
X_scGPT,0.5,platin,SNU1079_BILIARY_TRACT,73,0.010440802489412856,0.9894781471931771
X_scGPT,0.5,platin,YD38_UPPER_AERODIGESTIVE_TRACT,624,0.009026797356685157,0.9545213151245545
X_scGPT,0.5,platin,NCIH1299_LUNG,534,0.0077199076231083096,0.9861244187596139
X_scGPT,0.5,platin,IGR37_SKIN,347,0.006338943085518254,1.0385034319646764
X_scGPT,0.5,platin,BFTC909_KIDNEY,379,0.01898042486617313,0.9427643971896109
X_scGPT,0.5,platin,NCIH460_LUNG,837,0.009960500945646334,0.9980361425321161
X_scGPT,0.5,platin,IGR1_SKIN,725,0.021434971562406632,1.0495491327910589
X_scGPT,0.5,platin,VMCUB1_URINARY_TRACT,478,0.008552706409514261,0.9603493683757144
X_scGPT,0.5,platin,JHOC5_OVARY,145,0.02731732395525155,0.970195707370495
X_scGPT,0.5,platin,42MGBA_CENTRAL_NERVOUS_SYSTEM,518,0.005851835560168512,0.9992976553421683
X_scGPT,0.5,platin,HT1080_SOFT_TISSUE,516,0.018459758525238543,0.9591610855603403
X_scGPT,0.5,platin,LI7_LIVER,196,0.010761412770330873,1.0137503527256908
X_scGPT,0.5,platin,A375_SKIN,593,0.016172594460700577,0.9989100948956121
X_scGPT,0.5,platin,FTC133_THYROID,140,0.016619283398736365,1.0038890655551638
X_scGPT,0.5,platin,OVK18_OVARY,178,0.01399775027481388,0.9705728878465931
X_scGPT,0.5,platin,ACCMESO1_PLEURA,162,0.006464997595741222,0.9768126297880102
X_scGPT,0.5,platin,HMC18_BREAST,293,0.007122321607017687,0.999058429088202
X_scGPT,0.5,platin,TOV112D_OVARY,78,0.005604693186308017,0.9967944706097628
X_scGPT,0.5,platin,JHH6_LIVER,206,0.011128156274594656,1.0101986510082357
X_scGPT,0.5,platin,A2058_SKIN,294,0.027811767108497996,0.9927400906069749
X_scGPT,0.5,platin,NCIH2110_LUNG,1990,0.0093174763350171,0.9790040993510778
X_scGPT,0.5,platin,NCIH650_LUNG,271,0.022410583005499116,0.9462290777931354
X_scGPT,0.5,platin,EFE184_ENDOMETRIUM,86,0.01048811681487907,0.9999376861161964
X_scGPT,0.5,platin,HUPT3_PANCREAS,136,0.027047705051369306,0.9528232010848382
X_scGPT,0.5,platin,MDAMB361_BREAST,135,0.012403559984812225,1.0283571808426468
X_scGPT,0.5,platin,BCPAP_THYROID,152,0.00857663734131097,0.9859216809272766
X_scGPT,0.5,platin,PECAPJ49_UPPER_AERODIGESTIVE_TRACT,202,0.006061928327366483,0.9627379474073353
X_scGPT,0.5,platin,EKVX_LUNG,146,0.009204599123781628,0.9753008248054817
X_scGPT,0.5,platin,BICR56_UPPER_AERODIGESTIVE_TRACT,81,0.015026684222048026,0.9784484660183942
X_scGPT,0.5,platin,NCIH2170_LUNG,142,0.011016267315104671,0.9644961239586414
X_scGPT,0.5,platin,DETROIT562_UPPER_AERODIGESTIVE_TRACT,163,0.00860589669171689,0.9504146089583086
X_scGPT,0.5,platin,SW1088_CENTRAL_NERVOUS_SYSTEM,128,0.008421520422335717,0.9999603666365147
X_scGPT,0.5,platin,BHY_UPPER_AERODIGESTIVE_TRACT,145,0.018440544998488417,0.9591427161775786
X_scGPT,0.5,platin,CAS1_CENTRAL_NERVOUS_SYSTEM,133,0.009549284957660848,0.972646669337624
X_scGPT,0.5,platin,HCC1428_BREAST,127,0.015361445999469283,1.0019696007563372
X_scGPT,0.5,platin,HDQP1_BREAST,64,0.015901775959541554,0.99801414180547
X_scGPT,0.5,platin,OSRC2_KIDNEY,126,0.011592476931934676,0.9942458177369738
X_scGPT,0.5,platin,HUPT4_PANCREAS,56,0.02889589622810485,0.9392009451985359
X_scGPT,0.5,platin,TCCSUP_URINARY_TRACT,316,0.011468384813023357,0.99579979158655
X_scGPT,0.5,platin,VMRCRCZ_KIDNEY,300,0.007497121845968253,0.9834984749555588
X_scGPT,0.5,platin,PK59_PANCREAS,174,0.027938129645149697,0.9446856143145725
X_scGPT,0.5,platin,HUH6_LIVER,338,0.011369677688976518,0.9949802052692549
X_scGPT,0.5,platin,MSTO211H_PLEURA,297,0.010542210540101156,0.9774526664704988
X_scGPT,0.5,platin,HS852T_SKIN,162,0.013652909249130877,1.0113043288389842
X_scGPT,0.5,platin,SKMEL30_SKIN,353,0.01083380442257493,0.9932692467997499
X_scGPT,0.5,platin,T47D_BREAST,221,0.021251652406012518,1.0234503972584306
X_scGPT,0.5,platin,CALU6_LUNG,258,0.015926483146647383,0.9861226324425187
X_scGPT,0.5,platin,NCIH522_LUNG,208,0.007304741226009909,0.9912407899705263
X_scGPT,0.5,platin,LMSU_STOMACH,255,0.006014362931092585,0.9670192959261875
X_scGPT,0.5,platin,SNUC4_LARGE_INTESTINE,467,0.018438959577913513,0.9694772042350034
X_scGPT,0.5,platin,RVH421_SKIN,239,0.01624220157934661,1.007461726416105
X_scGPT,0.5,platin,OVSAHO_OVARY,227,0.006954290517961937,0.9937077217165069
X_scGPT,0.5,platin,GOS3_CENTRAL_NERVOUS_SYSTEM,191,0.008950760318341716,0.9741308664152135
X_scGPT,0.5,platin,SNU738_CENTRAL_NERVOUS_SYSTEM,379,0.009543807401902487,0.9786821937183592
X_scGPT,0.5,platin,PC3_PROSTATE,169,0.010200497787644033,0.9750489730101365
X_scGPT,0.5,platin,PATU8988S_PANCREAS,244,0.010520013759784846,0.9651102733905198
X_scGPT,0.5,platin,OVTOKO_OVARY,209,0.0059245845353889225,0.9725994179693705
X_scGPT,0.5,platin,TE1_OESOPHAGUS,206,0.014308369863595868,0.9712966504027543
X_scGPT,0.5,platin,NCIH2087_LUNG,219,0.02241245295509488,0.9064826039963116
X_scGPT,0.5,platin,EFM192A_BREAST,333,0.016969301714950216,0.9750933894166002
X_scGPT,0.5,platin,SNU423_LIVER,212,0.009113031650781866,0.9673366195188379
X_scGPT,0.5,platin,KPL1_BREAST,276,0.011850132640052748,0.9902913939693699
X_scGPT,0.5,platin,NCIH358_LUNG,336,0.008924837075118954,0.9702748448721
X_scGPT,0.5,platin,COLO792_SKIN,271,0.014469723225792845,1.0155581589994396
X_scGPT,0.5,platin,KYSE520_OESOPHAGUS,323,0.006842825952277883,0.9564516005501289
X_scGPT,0.5,platin,KMRC3_KIDNEY,245,0.006316976075474032,0.9704986131921106
X_scGPT,0.5,platin,MKN7_STOMACH,258,0.025761684916982993,0.919930026050686
X_scGPT,0.5,platin,NCIH1944_LUNG,414,0.006805855321790641,0.9768395556343926
X_scGPT,0.5,platin,TE6_OESOPHAGUS,551,0.0065514497493457695,0.954227157166995
X_scGPT,0.5,platin,ZR751_BREAST,309,0.012483613288819355,0.9997159425880531
X_scGPT,0.5,platin,PANC0203_PANCREAS,506,0.01333586157348537,0.944508272550794
X_scGPT,0.5,platin,SW1990_PANCREAS,307,0.02447916092832049,0.9102962768427324
X_scGPT,0.5,platin,RD_SOFT_TISSUE,261,0.007237132587690405,0.969622963004642
X_scGPT,0.5,platin,NCIH1792_LUNG,111,0.011190403463477333,0.9765579050725645
X_scGPT,0.5,platin,PK45H_PANCREAS,271,0.012425013083313416,0.9690381906569224
X_scGPT,0.5,platin,LS180_LARGE_INTESTINE,361,0.016928273198005345,0.9734662094274716
X_scGPT,0.5,platin,RERFLCAI_LUNG,763,0.019939392089673758,0.936083551940568
X_scGPT,0.5,platin,CAMA1_BREAST,291,0.010683937241747996,0.9944026976106912
X_scGPT,0.5,platin,SNU449_LIVER,282,0.013196424032142757,0.9715698111987283
X_scGPT,0.5,platin,A204_SOFT_TISSUE,250,0.008090793938938832,1.00495525598526
X_scGPT,0.5,platin,MKN45_STOMACH,118,0.008553898666975666,0.9582662430860228
X_scGPT,0.5,platin,HEP3B217_LIVER,118,0.007586553145162477,0.980461326696105
X_scGPT,0.5,platin,HOS_BONE,829,0.009089688919218207,0.9685435203792678
X_scGPT,0.5,platin,EBC1_LUNG,186,0.015400890150070597,0.9519390034419234
X_scGPT,0.5,platin,NCIH292_LUNG,213,0.017280699519077757,0.9478714261816141
X_scGPT,0.5,platin,OUMS23_LARGE_INTESTINE,107,0.022662800388055206,0.9831542946467889
X_scGPT,0.5,platin,HEC151_ENDOMETRIUM,250,0.012736817928496616,0.9826741809844971
X_scGPT,0.5,platin,NCIH1373_LUNG,164,0.01395106085534918,0.9439356548757087
X_scGPT,0.5,platin,TE9_OESOPHAGUS,248,0.0070700402728516906,0.954969608254971
X_scGPT,0.5,platin,HCC56_LARGE_INTESTINE,99,0.011973989801287515,0.9800116275296067
X_scGPT,0.5,platin,HT55_LARGE_INTESTINE,211,0.008757789231883159,0.9715886579305639
X_scGPT,0.5,platin,RT4_URINARY_TRACT,106,0.01250895301316834,0.9205037366669133
X_scGPT,0.5,platin,SKES1_BONE,91,0.007343439303370538,0.9932831552002456
X_scGPT,0.5,platin,NCIH1435_LUNG,267,0.011342723572366228,0.9510763182622216
X_scGPT,0.5,platin,8305C_THYROID,459,0.007792624913787354,0.9832240202847649
X_scGPT,0.5,platin,NCIH2228_LUNG,367,0.013595572819726552,0.9615269558306286
X_scGPT,0.5,platin,TE10_OESOPHAGUS,219,0.009304531430203447,0.9499738670919584
X_scGPT,0.5,platin,ASPC1_PANCREAS,290,0.009745469453712165,0.97435163876106
X_scGPT,0.5,platin,HCC366_LUNG,202,0.021984397338684732,0.9086074333379764
X_scGPT,0.5,platin,BICR16_UPPER_AERODIGESTIVE_TRACT,212,0.016698185535716534,0.8991362742095623
X_scGPT,0.5,platin,HEC6_ENDOMETRIUM,161,0.006745952868846771,0.9843668256487165
X_scGPT,0.5,platin,KALS1_CENTRAL_NERVOUS_SYSTEM,288,0.005946069578794461,0.9754973002192047
X_scGPT,0.5,platin,NCIH2444_LUNG,237,0.011074570319930657,0.9664596844826067
X_scGPT,0.5,platin,SNU46_UPPER_AERODIGESTIVE_TRACT,236,0.016899564798835476,0.95829265552052
X_scGPT,0.5,platin,OAW28_OVARY,161,0.030143447586987806,0.9307955895891841
X_scGPT,0.5,platin,SNU1214_UPPER_AERODIGESTIVE_TRACT,188,0.006307374402258078,0.9540087666283262
X_scGPT,0.5,platin,SKMEL5_SKIN,297,0.010957796147368044,1.0296366670316317
X_scGPT,0.5,platin,OVCAR4_OVARY,283,0.006426424814455237,0.9682415624810613
X_scGPT,0.5,platin,UACC257_SKIN,239,0.004943385009530802,0.9966876486854075
X_scGPT,0.5,platin,ONCODG1_OVARY,270,0.00728794206680979,0.9766604478712435
X_scGPT,0.5,platin,HUH28_BILIARY_TRACT,139,0.005680398297596177,0.9806837358063073
X_scGPT,0.5,platin,IM95_STOMACH,185,0.013863285250504724,0.9808185770704939
X_scGPT,0.5,platin,TE14_OESOPHAGUS,474,0.005524791317323302,0.9514272957411496
X_scGPT,0.5,platin,CAKI2_KIDNEY,278,0.012186215198711563,0.9824819230347228
X_scGPT,0.5,platin,SU8686_PANCREAS,82,0.006132635727000533,0.9539269085337476
X_scGPT,0.5,platin,SCC25_UPPER_AERODIGESTIVE_TRACT,898,0.007193965385777611,0.9409499836791066
X_scGPT,0.5,platin,SCC9_UPPER_AERODIGESTIVE_TRACT,475,0.00776980094991259,0.9640356382570768
X_scGPT,0.5,etoposide,NCIH2126_LUNG,264,0.02360176703361586,0.8279660590218775
X_scGPT,0.5,etoposide,SW579_THYROID,217,0.022098145650011638,0.8821480779603879
X_scGPT,0.5,etoposide,NCIH446_LUNG,196,0.03532776940870929,0.7661629355683619
X_scGPT,0.5,etoposide,HEC251_ENDOMETRIUM,107,0.02200303489627533,0.9087267373209802
X_scGPT,0.5,etoposide,MFE319_ENDOMETRIUM,191,0.005074062301936214,0.8733683028770367
X_scGPT,0.5,etoposide,SKNAS_AUTONOMIC_GANGLIA,226,0.004847178462935337,0.8600101080615964
X_scGPT,0.5,etoposide,NCIH2452_PLEURA,538,0.02582642783947694,0.8788585632928685
X_scGPT,0.5,etoposide,COLO741_SKIN,329,0.025221107935670412,0.9387363981693349
X_scGPT,0.5,etoposide,KNS42_CENTRAL_NERVOUS_SYSTEM,172,0.013861924276024238,0.8658107394395873
X_scGPT,0.5,etoposide,MCF7_BREAST,143,0.012557934780685018,0.9155480624078871
X_scGPT,0.5,etoposide,HT1197_URINARY_TRACT,74,0.014073897875746548,0.9104890847528303
X_scGPT,0.5,etoposide,SNU899_UPPER_AERODIGESTIVE_TRACT,83,0.004688204729654837,0.868424783270043
X_scGPT,0.5,etoposide,HCC38_BREAST,200,0.02132613332142964,0.8801989352703095
X_scGPT,0.5,etoposide,SNU308_BILIARY_TRACT,94,0.010363930022062953,0.9118534700667604
X_scGPT,0.5,etoposide,SW1271_LUNG,115,0.01577802380147811,0.8722718083340188
X_scGPT,0.5,etoposide,TM31_CENTRAL_NERVOUS_SYSTEM,116,0.004538058870592547,0.8539528430535875
X_scGPT,0.5,etoposide,NCIH747_LARGE_INTESTINE,80,0.013523729491200648,0.8887048035860061
X_scGPT,0.5,etoposide,KPNSI9S_AUTONOMIC_GANGLIA,129,0.013942518794618922,0.8108532045238702
X_scGPT,0.5,etoposide,SQ1_LUNG,238,0.024003577744198694,0.8858627466594472
X_scGPT,0.5,etoposide,IALM_LUNG,322,0.0221430744086073,0.8546377751768005
X_scGPT,0.5,etoposide,BT474_BREAST,125,0.019695700043502046,0.9085782952308655
X_scGPT,0.5,etoposide,DKMG_CENTRAL_NERVOUS_SYSTEM,271,0.01989800400930032,0.812157183995546
X_scGPT,0.5,etoposide,BT549_BREAST,266,0.01712237802483673,0.8125099181232596
X_scGPT,0.5,etoposide,BICR6_UPPER_AERODIGESTIVE_TRACT,286,0.013728083940583792,0.8617019413651287
X_scGPT,0.5,etoposide,SH10TC_STOMACH,351,0.016531169824691064,0.8705582347011295
X_scGPT,0.5,etoposide,UMUC1_URINARY_TRACT,197,0.010820966809880149,0.9171530864565506
X_scGPT,0.5,etoposide,LS1034_LARGE_INTESTINE,146,0.016988915116904393,0.9248178638007543
X_scGPT,0.5,etoposide,CCFSTTG1_CENTRAL_NERVOUS_SYSTEM,246,0.027180311493203425,0.8095976657014552
X_scGPT,0.5,etoposide,NCIH226_LUNG,235,0.018550847365642456,0.8502158159905292
X_scGPT,0.5,etoposide,LNCAPCLONEFGC_PROSTATE,129,0.003878060052162794,0.8688031638315482
X_scGPT,0.5,etoposide,RCC10RGB_KIDNEY,233,0.017110365112691227,0.8816202556626479
X_scGPT,0.5,etoposide,RERFLCAD1_LUNG,243,0.021800730103039057,0.8618338745807914
X_scGPT,0.5,etoposide,SKMEL2_SKIN,276,0.027315190166668085,0.8581339706113373
X_scGPT,0.5,etoposide,BICR31_UPPER_AERODIGESTIVE_TRACT,248,0.020360134999415927,0.876197538308559
X_scGPT,0.5,etoposide,RCM1_LARGE_INTESTINE,128,0.021938459889282603,0.8698196411132812
X_scGPT,0.5,etoposide,COV434_OVARY,88,0.02388248143997616,0.8520833883773197
X_scGPT,0.5,etoposide,SNU1079_BILIARY_TRACT,73,0.018403585857371223,0.8957757410937792
X_scGPT,0.5,etoposide,YD38_UPPER_AERODIGESTIVE_TRACT,624,0.011254635564913129,0.8623470558952062
X_scGPT,0.5,etoposide,NCIH1299_LUNG,534,0.004435034481380439,0.8604041416100349
X_scGPT,0.5,etoposide,IGR37_SKIN,347,0.0048307999066636315,0.8891293485501314
X_scGPT,0.5,etoposide,BFTC909_KIDNEY,379,0.02288965037194075,0.8352861516079362
X_scGPT,0.5,etoposide,NCIH460_LUNG,837,0.03272767311662064,0.7952825854328798
X_scGPT,0.5,etoposide,IGR1_SKIN,725,0.019049438927408045,0.8992327318520381
X_scGPT,0.5,etoposide,VMCUB1_URINARY_TRACT,478,0.013391360222856741,0.8475354529574326
X_scGPT,0.5,etoposide,JHOC5_OVARY,145,0.016821766650352142,0.8917396919480686
X_scGPT,0.5,etoposide,42MGBA_CENTRAL_NERVOUS_SYSTEM,518,0.011871578348557133,0.8471242573730734
X_scGPT,0.5,etoposide,HT1080_SOFT_TISSUE,516,0.018742558047383482,0.8517919381459554
X_scGPT,0.5,etoposide,LI7_LIVER,196,0.017504826886798528,0.8871738849853983
X_scGPT,0.5,etoposide,A375_SKIN,593,0.03220205481135831,0.8858126896428821
X_scGPT,0.5,etoposide,FTC133_THYROID,140,0.02880792578005604,0.9097317465714045
X_scGPT,0.5,etoposide,OVK18_OVARY,178,0.013136197199579112,0.8730803168891521
X_scGPT,0.5,etoposide,ACCMESO1_PLEURA,162,0.00461744175966398,0.8546008401446872
X_scGPT,0.5,etoposide,HMC18_BREAST,293,0.004574872098006561,0.8700062982458303
X_scGPT,0.5,etoposide,TOV112D_OVARY,78,0.005122953243640728,0.859141278725404
X_scGPT,0.5,etoposide,JHH6_LIVER,206,0.03324890620231461,0.8302903441549505
X_scGPT,0.5,etoposide,A2058_SKIN,294,0.030831867021303118,0.8705294118041084
X_scGPT,0.5,etoposide,NCIH2110_LUNG,1990,0.01174300903366888,0.9097211826386763
X_scGPT,0.5,etoposide,NCIH650_LUNG,271,0.019561086262298823,0.8672291029423366
X_scGPT,0.5,etoposide,EFE184_ENDOMETRIUM,86,0.02019186711823026,0.9211911732374236
X_scGPT,0.5,etoposide,HUPT3_PANCREAS,136,0.01858413448692602,0.8890548729721237
X_scGPT,0.5,etoposide,MDAMB361_BREAST,135,0.012818149023103392,0.9082515252961053
X_scGPT,0.5,etoposide,BCPAP_THYROID,152,0.01695756131444613,0.856390545634847
X_scGPT,0.5,etoposide,PECAPJ49_UPPER_AERODIGESTIVE_TRACT,202,0.011679783356753012,0.9104154080447584
X_scGPT,0.5,etoposide,EKVX_LUNG,146,0.005109411408115327,0.8639107644557953
X_scGPT,0.5,etoposide,BICR56_UPPER_AERODIGESTIVE_TRACT,81,0.013913068806361261,0.8696661893232369
X_scGPT,0.5,etoposide,NCIH2170_LUNG,142,0.026600314713278735,0.8050865094426652
X_scGPT,0.5,etoposide,DETROIT562_UPPER_AERODIGESTIVE_TRACT,163,0.00601653379924652,0.8710969079491551
X_scGPT,0.5,etoposide,SW1088_CENTRAL_NERVOUS_SYSTEM,128,0.01417733273175294,0.8563459785655141
X_scGPT,0.5,etoposide,BHY_UPPER_AERODIGESTIVE_TRACT,145,0.01879782388470161,0.9084412315796162
X_scGPT,0.5,etoposide,CAS1_CENTRAL_NERVOUS_SYSTEM,133,0.0163687301984363,0.8236113710510999
X_scGPT,0.5,etoposide,HCC1428_BREAST,127,0.01621250439563468,0.9047916705214133
X_scGPT,0.5,etoposide,HDQP1_BREAST,64,0.01691559395367118,0.8886040532961488
X_scGPT,0.5,etoposide,OSRC2_KIDNEY,126,0.021514337235594014,0.9456158020193615
X_scGPT,0.5,etoposide,HUPT4_PANCREAS,56,0.017043751653351116,0.8630966554794993
X_scGPT,0.5,etoposide,TCCSUP_URINARY_TRACT,316,0.016750888381994244,0.8823627784282346
X_scGPT,0.5,etoposide,VMRCRCZ_KIDNEY,300,0.005143508546016284,0.8625929643710454
X_scGPT,0.5,etoposide,PK59_PANCREAS,174,0.016308548856062352,0.8989801838480193
X_scGPT,0.5,etoposide,HUH6_LIVER,338,0.018478865782558997,0.9264075376931027
X_scGPT,0.5,etoposide,MSTO211H_PLEURA,297,0.013465007547495647,0.8313960798260339
X_scGPT,0.5,etoposide,HS852T_SKIN,162,0.024013806874331675,0.929000777962767
X_scGPT,0.5,etoposide,SKMEL30_SKIN,353,0.020862954184917123,0.8939258469738298
X_scGPT,0.5,etoposide,T47D_BREAST,221,0.015704486560843955,0.9044012578364411
X_scGPT,0.5,etoposide,CALU6_LUNG,258,0.02742308873890076,0.872156004110972
X_scGPT,0.5,etoposide,NCIH522_LUNG,208,0.005721913340512198,0.8622888111724303
X_scGPT,0.5,etoposide,LMSU_STOMACH,255,0.005201210502438014,0.8568926098299962
X_scGPT,0.5,etoposide,SNUC4_LARGE_INTESTINE,467,0.008184391142916558,0.8706604567789163
X_scGPT,0.5,etoposide,RVH421_SKIN,239,0.02034909082445127,0.9050364586598704
X_scGPT,0.5,etoposide,OVSAHO_OVARY,227,0.00567136209164788,0.8686207112761846
X_scGPT,0.5,etoposide,GOS3_CENTRAL_NERVOUS_SYSTEM,191,0.0057638821794442205,0.8559434573063676
X_scGPT,0.5,etoposide,SNU738_CENTRAL_NERVOUS_SYSTEM,379,0.013972336781603579,0.864227973062319
X_scGPT,0.5,etoposide,PC3_PROSTATE,169,0.015065566802967134,0.8661582268906768
X_scGPT,0.5,etoposide,PATU8988S_PANCREAS,244,0.005559634617253657,0.8825714446482111
X_scGPT,0.5,etoposide,OVTOKO_OVARY,209,0.00481682363984153,0.8680236567720843
X_scGPT,0.5,etoposide,TE1_OESOPHAGUS,206,0.01993254036274317,0.8928532736394011
X_scGPT,0.5,etoposide,NCIH2087_LUNG,219,0.015050045758848125,0.8640207934052977
X_scGPT,0.5,etoposide,EFM192A_BREAST,333,0.017682780706209482,0.9123846288915869
X_scGPT,0.5,etoposide,SNU423_LIVER,212,0.011696794367665847,0.8922888161438816
X_scGPT,0.5,etoposide,KPL1_BREAST,276,0.01586187429192915,0.917249355411184
X_scGPT,0.5,etoposide,NCIH358_LUNG,336,0.01236173133253176,0.9020994250618276
X_scGPT,0.5,etoposide,COLO792_SKIN,271,0.00848451476290659,0.8798587038508201
X_scGPT,0.5,etoposide,KYSE520_OESOPHAGUS,323,0.004893094487215334,0.8726890421135137
X_scGPT,0.5,etoposide,KMRC3_KIDNEY,245,0.01042450409265732,0.8989077207993488
X_scGPT,0.5,etoposide,MKN7_STOMACH,258,0.014309180084758188,0.8947676769060682
X_scGPT,0.5,etoposide,NCIH1944_LUNG,414,0.0043890100080145366,0.8687938211332773
X_scGPT,0.5,etoposide,TE6_OESOPHAGUS,551,0.004954458857317904,0.8759385760596357
X_scGPT,0.5,etoposide,ZR751_BREAST,309,0.016871626884093823,0.8652427408687505
X_scGPT,0.5,etoposide,PANC0203_PANCREAS,506,0.0204801216475033,0.8527154308769542
X_scGPT,0.5,etoposide,SW1990_PANCREAS,307,0.014717172407927474,0.8813820733697872
X_scGPT,0.5,etoposide,RD_SOFT_TISSUE,261,0.014189389222537934,0.8153783384410814
X_scGPT,0.5,etoposide,NCIH1792_LUNG,111,0.0196774820247359,0.8700083467337463
X_scGPT,0.5,etoposide,PK45H_PANCREAS,271,0.013302315105219184,0.9101102919596148
X_scGPT,0.5,etoposide,LS180_LARGE_INTESTINE,361,0.04095905427527283,0.9600593683792283
X_scGPT,0.5,etoposide,RERFLCAI_LUNG,763,0.013139940666295782,0.8837779259619206
X_scGPT,0.5,etoposide,CAMA1_BREAST,291,0.014209710846333,0.9254663398175714
X_scGPT,0.5,etoposide,SNU449_LIVER,282,0.021337739912627395,0.898773192725283
X_scGPT,0.5,etoposide,A204_SOFT_TISSUE,250,0.014373580688682356,0.8756919975280761
X_scGPT,0.5,etoposide,MKN45_STOMACH,118,0.013909862288486372,0.9282201755855043
X_scGPT,0.5,etoposide,HEP3B217_LIVER,118,0.004731310160769027,0.8688643200922821
X_scGPT,0.5,etoposide,HOS_BONE,829,0.016044869642947823,0.8533144420680149
X_scGPT,0.5,etoposide,EBC1_LUNG,186,0.02939296149051479,0.8746991519645978
X_scGPT,0.5,etoposide,NCIH292_LUNG,213,0.02201602325577242,0.8791272032988463
X_scGPT,0.5,etoposide,OUMS23_LARGE_INTESTINE,107,0.010119737538995796,0.8978181442367696
X_scGPT,0.5,etoposide,HEC151_ENDOMETRIUM,250,0.015036906411904966,0.9152535786628723
X_scGPT,0.5,etoposide,NCIH1373_LUNG,164,0.031161889997781998,0.8742589674344877
X_scGPT,0.5,etoposide,TE9_OESOPHAGUS,248,0.004764731953219679,0.8775482970860696
X_scGPT,0.5,etoposide,HCC56_LARGE_INTESTINE,99,0.024758382415408738,0.9621774367611817
X_scGPT,0.5,etoposide,HT55_LARGE_INTESTINE,211,0.01123730430067884,0.9403194084551663
X_scGPT,0.5,etoposide,RT4_URINARY_TRACT,106,0.015669878262805394,0.8267086480023726
X_scGPT,0.5,etoposide,SKES1_BONE,91,0.0054049459401541025,0.861411969085316
X_scGPT,0.5,etoposide,NCIH1435_LUNG,267,0.021274015467864362,0.8606653805082657
X_scGPT,0.5,etoposide,8305C_THYROID,459,0.012240313870512552,0.8788964123767445
X_scGPT,0.5,etoposide,NCIH2228_LUNG,367,0.028718967294243985,0.9079432766833813
X_scGPT,0.5,etoposide,TE10_OESOPHAGUS,219,0.012037506927882812,0.888900751392591
X_scGPT,0.5,etoposide,ASPC1_PANCREAS,290,0.013554852351236584,0.9255787845315604
X_scGPT,0.5,etoposide,HCC366_LUNG,202,0.011873692888497475,0.8809710808909765
X_scGPT,0.5,etoposide,BICR16_UPPER_AERODIGESTIVE_TRACT,212,0.00645394449649024,0.8705099365621243
X_scGPT,0.5,etoposide,HEC6_ENDOMETRIUM,161,0.009927228147653858,0.8930820622799559
X_scGPT,0.5,etoposide,KALS1_CENTRAL_NERVOUS_SYSTEM,288,0.0038712150997964254,0.8563643695993556
X_scGPT,0.5,etoposide,NCIH2444_LUNG,237,0.019436473799890622,0.9333619995962216
X_scGPT,0.5,etoposide,SNU46_UPPER_AERODIGESTIVE_TRACT,236,0.01669477058844669,0.8832782474109682
X_scGPT,0.5,etoposide,OAW28_OVARY,161,0.016453171457392946,0.8931461320900769
X_scGPT,0.5,etoposide,SNU1214_UPPER_AERODIGESTIVE_TRACT,188,0.008473316700270205,0.8886516363696849
X_scGPT,0.5,etoposide,SKMEL5_SKIN,297,0.009756950535680058,0.9235820820435932
X_scGPT,0.5,etoposide,OVCAR4_OVARY,283,0.010376260761371936,0.9216919623499624
X_scGPT,0.5,etoposide,UACC257_SKIN,239,0.007640854022208217,0.9132881114672418
X_scGPT,0.5,etoposide,ONCODG1_OVARY,270,0.004514181578518069,0.8715350691918974
X_scGPT,0.5,etoposide,HUH28_BILIARY_TRACT,139,0.0036515260880603854,0.8507166226133168
X_scGPT,0.5,etoposide,IM95_STOMACH,185,0.02140264271892909,0.9133260768813056
X_scGPT,0.5,etoposide,TE14_OESOPHAGUS,474,0.008969111921813726,0.8960771971865545
X_scGPT,0.5,etoposide,CAKI2_KIDNEY,278,0.010003228553855013,0.9246358970086351
X_scGPT,0.5,etoposide,SU8686_PANCREAS,82,0.009002378587775861,0.9159614363821541
X_scGPT,0.5,etoposide,SCC25_UPPER_AERODIGESTIVE_TRACT,898,0.006163907338993215,0.8707197688204674
X_scGPT,0.5,etoposide,SCC9_UPPER_AERODIGESTIVE_TRACT,475,0.005157787785365712,0.8534312661070572
X_scGPT,0.5,paclitaxel,NCIH2126_LUNG,264,0.051266322162490614,0.4479223129649957
X_scGPT,0.5,paclitaxel,SW579_THYROID,217,0.03786327896955797,0.5707073099052851
X_scGPT,0.5,paclitaxel,NCIH446_LUNG,196,0.07126982684885258,0.29817791838122876
X_scGPT,0.5,paclitaxel,HEC251_ENDOMETRIUM,107,0.06984811925286888,0.5977624888732055
X_scGPT,0.5,paclitaxel,MFE319_ENDOMETRIUM,191,0.028081232013056838,0.5832582014705499
X_scGPT,0.5,paclitaxel,SKNAS_AUTONOMIC_GANGLIA,226,0.022985321435766867,0.5763952315381143
X_scGPT,0.5,paclitaxel,NCIH2452_PLEURA,538,0.04750886340649133,0.6511709861817413
X_scGPT,0.5,paclitaxel,COLO741_SKIN,329,0.07303928215285944,0.609427530533637
X_scGPT,0.5,paclitaxel,KNS42_CENTRAL_NERVOUS_SYSTEM,172,0.03394932865920841,0.5205688434977864
X_scGPT,0.5,paclitaxel,MCF7_BREAST,143,0.061002082047709544,0.6236239719640958
X_scGPT,0.5,paclitaxel,HT1197_URINARY_TRACT,74,0.0414559836262233,0.6377316230052227
X_scGPT,0.5,paclitaxel,SNU899_UPPER_AERODIGESTIVE_TRACT,83,0.024411794260168155,0.49725649083953305
X_scGPT,0.5,paclitaxel,HCC38_BREAST,200,0.08914429017550292,0.5299634476006031
X_scGPT,0.5,paclitaxel,SNU308_BILIARY_TRACT,94,0.05051133447367981,0.5295356987638676
X_scGPT,0.5,paclitaxel,SW1271_LUNG,115,0.04322073576320332,0.6289489797923876
X_scGPT,0.5,paclitaxel,TM31_CENTRAL_NERVOUS_SYSTEM,116,0.0203698246928302,0.5363401408339369
X_scGPT,0.5,paclitaxel,NCIH747_LARGE_INTESTINE,80,0.05513092275198908,0.5727320119738579
X_scGPT,0.5,paclitaxel,KPNSI9S_AUTONOMIC_GANGLIA,129,0.0425624067513675,0.4168139150900434
X_scGPT,0.5,paclitaxel,SQ1_LUNG,238,0.06651279592421559,0.6207730657413226
X_scGPT,0.5,paclitaxel,IALM_LUNG,322,0.048121467241411475,0.525543926017625
X_scGPT,0.5,paclitaxel,BT474_BREAST,125,0.06252792103188322,0.6422780468463898
X_scGPT,0.5,paclitaxel,DKMG_CENTRAL_NERVOUS_SYSTEM,271,0.04007306008650005,0.49896760125441747
X_scGPT,0.5,paclitaxel,BT549_BREAST,266,0.03574547709538922,0.503356084227562
X_scGPT,0.5,paclitaxel,BICR6_UPPER_AERODIGESTIVE_TRACT,286,0.058542721791213614,0.4106001393361525
X_scGPT,0.5,paclitaxel,SH10TC_STOMACH,351,0.04595018292740246,0.6460234240079538
X_scGPT,0.5,paclitaxel,UMUC1_URINARY_TRACT,197,0.05879607365932363,0.5504682590513665
X_scGPT,0.5,paclitaxel,LS1034_LARGE_INTESTINE,146,0.0473779152416391,0.6440260536866645
X_scGPT,0.5,paclitaxel,CCFSTTG1_CENTRAL_NERVOUS_SYSTEM,246,0.05264792906497567,0.480079861554673
X_scGPT,0.5,paclitaxel,NCIH226_LUNG,235,0.05134779016306984,0.6143881191598608
X_scGPT,0.5,paclitaxel,LNCAPCLONEFGC_PROSTATE,129,0.026663062494910118,0.704764070436936
X_scGPT,0.5,paclitaxel,RCC10RGB_KIDNEY,233,0.053407996902274026,0.6400042137874554
X_scGPT,0.5,paclitaxel,RERFLCAD1_LUNG,243,0.04396587971301761,0.622074946454523
X_scGPT,0.5,paclitaxel,SKMEL2_SKIN,276,0.03851765393132461,0.5449403907725776
X_scGPT,0.5,paclitaxel,BICR31_UPPER_AERODIGESTIVE_TRACT,248,0.06447928554386814,0.34248438405413784
X_scGPT,0.5,paclitaxel,RCM1_LARGE_INTESTINE,128,0.0775569459454441,0.5324052541982383
X_scGPT,0.5,paclitaxel,COV434_OVARY,88,0.048144507571870755,0.5105829831551422
X_scGPT,0.5,paclitaxel,SNU1079_BILIARY_TRACT,73,0.07304771654291327,0.6557118676296653
X_scGPT,0.5,paclitaxel,YD38_UPPER_AERODIGESTIVE_TRACT,624,0.029212483018521668,0.43052798628998107
X_scGPT,0.5,paclitaxel,NCIH1299_LUNG,534,0.021770866312206587,0.5585057397236984
X_scGPT,0.5,paclitaxel,IGR37_SKIN,347,0.017280452354205614,0.6675000460415821
X_scGPT,0.5,paclitaxel,BFTC909_KIDNEY,379,0.06481023269440289,0.5689691798196305
X_scGPT,0.5,paclitaxel,NCIH460_LUNG,837,0.07651979478369275,0.5523829991743414
X_scGPT,0.5,paclitaxel,IGR1_SKIN,725,0.05857269185098291,0.6229214644843134
X_scGPT,0.5,paclitaxel,VMCUB1_URINARY_TRACT,478,0.028119071213351866,0.42717220057503447
X_scGPT,0.5,paclitaxel,JHOC5_OVARY,145,0.06384604448535888,0.5894316946638042
X_scGPT,0.5,paclitaxel,42MGBA_CENTRAL_NERVOUS_SYSTEM,518,0.025662826948305746,0.5247342801692403
X_scGPT,0.5,paclitaxel,HT1080_SOFT_TISSUE,516,0.05781501396040077,0.5942312918545664
X_scGPT,0.5,paclitaxel,LI7_LIVER,196,0.042948714188534166,0.5808588450356406
X_scGPT,0.5,paclitaxel,A375_SKIN,593,0.09557226604544095,0.7197167716581142
X_scGPT,0.5,paclitaxel,FTC133_THYROID,140,0.08911172302952236,0.6758373141288757
X_scGPT,0.5,paclitaxel,OVK18_OVARY,178,0.08556847671918257,0.5650583956013905
X_scGPT,0.5,paclitaxel,ACCMESO1_PLEURA,162,0.019610872383045812,0.5495259885066821
X_scGPT,0.5,paclitaxel,HMC18_BREAST,293,0.01904959483467385,0.5945484243562197
X_scGPT,0.5,paclitaxel,TOV112D_OVARY,78,0.017907260411220902,0.5862106512754391
X_scGPT,0.5,paclitaxel,JHH6_LIVER,206,0.06507964020075827,0.5443770969376981
X_scGPT,0.5,paclitaxel,A2058_SKIN,294,0.06752741037827024,0.6085481449049346
X_scGPT,0.5,paclitaxel,NCIH2110_LUNG,1990,0.042020267817627216,0.5970383419313623
X_scGPT,0.5,paclitaxel,NCIH650_LUNG,271,0.06565456083530681,0.6376682175701395
X_scGPT,0.5,paclitaxel,EFE184_ENDOMETRIUM,86,0.053176350786944264,0.6585330720557723
X_scGPT,0.5,paclitaxel,HUPT3_PANCREAS,136,0.07499654732809598,0.6078765668413219
X_scGPT,0.5,paclitaxel,MDAMB361_BREAST,135,0.0474971166208969,0.6442768229378595
X_scGPT,0.5,paclitaxel,BCPAP_THYROID,152,0.03723542580079133,0.5312277421747383
X_scGPT,0.5,paclitaxel,PECAPJ49_UPPER_AERODIGESTIVE_TRACT,202,0.056684337961040304,0.4853401476203805
X_scGPT,0.5,paclitaxel,EKVX_LUNG,146,0.022331163642608502,0.5377042440518941
X_scGPT,0.5,paclitaxel,BICR56_UPPER_AERODIGESTIVE_TRACT,81,0.040139450398154405,0.3253165236961694
X_scGPT,0.5,paclitaxel,NCIH2170_LUNG,142,0.05150705651098111,0.412372242396986
X_scGPT,0.5,paclitaxel,DETROIT562_UPPER_AERODIGESTIVE_TRACT,163,0.0265930481632263,0.4812860666242845
X_scGPT,0.5,paclitaxel,SW1088_CENTRAL_NERVOUS_SYSTEM,128,0.03472753412767939,0.5364248442929238
X_scGPT,0.5,paclitaxel,BHY_UPPER_AERODIGESTIVE_TRACT,145,0.07573010672265865,0.39584315768603623
X_scGPT,0.5,paclitaxel,CAS1_CENTRAL_NERVOUS_SYSTEM,133,0.037899810303915975,0.5259525383773603
X_scGPT,0.5,paclitaxel,HCC1428_BREAST,127,0.07340215011858507,0.6101098896011593
X_scGPT,0.5,paclitaxel,HDQP1_BREAST,64,0.0766861506913163,0.6179641527123749
X_scGPT,0.5,paclitaxel,OSRC2_KIDNEY,126,0.06487622673810717,0.7641915101853628
X_scGPT,0.5,paclitaxel,HUPT4_PANCREAS,56,0.05419908742436957,0.5672367976180145
X_scGPT,0.5,paclitaxel,TCCSUP_URINARY_TRACT,316,0.04094803929732901,0.5683634288703339
X_scGPT,0.5,paclitaxel,VMRCRCZ_KIDNEY,300,0.02129067146689987,0.5633388020594915
X_scGPT,0.5,paclitaxel,PK59_PANCREAS,174,0.052782432906202915,0.6584457866419321
X_scGPT,0.5,paclitaxel,HUH6_LIVER,338,0.0443063913196352,0.695277375053372
X_scGPT,0.5,paclitaxel,MSTO211H_PLEURA,297,0.039000591304955964,0.5310881436874569
X_scGPT,0.5,paclitaxel,HS852T_SKIN,162,0.08114155569903628,0.6874982628189488
X_scGPT,0.5,paclitaxel,SKMEL30_SKIN,353,0.04656425458799359,0.5661039922291429
X_scGPT,0.5,paclitaxel,T47D_BREAST,221,0.08610501021101297,0.6629837541019216
X_scGPT,0.5,paclitaxel,CALU6_LUNG,258,0.08486767439190483,0.6322502476531405
X_scGPT,0.5,paclitaxel,NCIH522_LUNG,208,0.021376784509206624,0.5741662777100618
X_scGPT,0.5,paclitaxel,LMSU_STOMACH,255,0.017484234351345336,0.5124833071933074
X_scGPT,0.5,paclitaxel,SNUC4_LARGE_INTESTINE,467,0.042012853125653414,0.5150073831801241
X_scGPT,0.5,paclitaxel,RVH421_SKIN,239,0.039965823218345145,0.6345984858449034
X_scGPT,0.5,paclitaxel,OVSAHO_OVARY,227,0.01924931446005522,0.5816680040653581
X_scGPT,0.5,paclitaxel,GOS3_CENTRAL_NERVOUS_SYSTEM,191,0.02448472449865828,0.5350595901461797
X_scGPT,0.5,paclitaxel,SNU738_CENTRAL_NERVOUS_SYSTEM,379,0.04785486492292375,0.5854939307260639
X_scGPT,0.5,paclitaxel,PC3_PROSTATE,169,0.04276344518230186,0.566997427206773
X_scGPT,0.5,paclitaxel,PATU8988S_PANCREAS,244,0.030840235781413268,0.5513845421984548
X_scGPT,0.5,paclitaxel,OVTOKO_OVARY,209,0.016245323624214582,0.541186834208703
X_scGPT,0.5,paclitaxel,TE1_OESOPHAGUS,206,0.04733866997146158,0.5631179547714955
X_scGPT,0.5,paclitaxel,NCIH2087_LUNG,219,0.05531947376751871,0.4830984934552075
X_scGPT,0.5,paclitaxel,EFM192A_BREAST,333,0.07994719733783567,0.6594974242889129
X_scGPT,0.5,paclitaxel,SNU423_LIVER,212,0.03118612419693662,0.5919486284255981
X_scGPT,0.5,paclitaxel,KPL1_BREAST,276,0.07784553877396168,0.7140710331175638
X_scGPT,0.5,paclitaxel,NCIH358_LUNG,336,0.05044409534180344,0.5869344255576531
X_scGPT,0.5,paclitaxel,COLO792_SKIN,271,0.03140773606592184,0.6315072319604373
X_scGPT,0.5,paclitaxel,KYSE520_OESOPHAGUS,323,0.021072433635512592,0.5118295041953816
X_scGPT,0.5,paclitaxel,KMRC3_KIDNEY,245,0.042332385817436244,0.5957107646124703
X_scGPT,0.5,paclitaxel,MKN7_STOMACH,258,0.06254122456897518,0.6153925859419874
X_scGPT,0.5,paclitaxel,NCIH1944_LUNG,414,0.016838548471821018,0.5494083150285454
X_scGPT,0.5,paclitaxel,TE6_OESOPHAGUS,551,0.01949562077993846,0.49949112112638955
X_scGPT,0.5,paclitaxel,ZR751_BREAST,309,0.04168544190346461,0.5126107147982205
X_scGPT,0.5,paclitaxel,PANC0203_PANCREAS,506,0.06366478601807214,0.4175208428278271
X_scGPT,0.5,paclitaxel,SW1990_PANCREAS,307,0.040784141121663946,0.6075037082942378
X_scGPT,0.5,paclitaxel,RD_SOFT_TISSUE,261,0.02645444598803502,0.45146974430230385
X_scGPT,0.5,paclitaxel,NCIH1792_LUNG,111,0.039614366428878944,0.5506828932074813
X_scGPT,0.5,paclitaxel,PK45H_PANCREAS,271,0.040987402028136534,0.6225401005841709
X_scGPT,0.5,paclitaxel,LS180_LARGE_INTESTINE,361,0.08814886838391299,0.5987424782768841
X_scGPT,0.5,paclitaxel,RERFLCAI_LUNG,763,0.03647778196621939,0.5924800841398976
X_scGPT,0.5,paclitaxel,CAMA1_BREAST,291,0.08119877648227589,0.7310654262906497
X_scGPT,0.5,paclitaxel,SNU449_LIVER,282,0.06860422999128889,0.5160916772083188
X_scGPT,0.5,paclitaxel,A204_SOFT_TISSUE,250,0.0322443274966128,0.5675988725423813
X_scGPT,0.5,paclitaxel,MKN45_STOMACH,118,0.05819291240058947,0.5749266655263254
X_scGPT,0.5,paclitaxel,HEP3B217_LIVER,118,0.01993286053942879,0.5718129403510336
X_scGPT,0.5,paclitaxel,HOS_BONE,829,0.03112122604994883,0.5051403474894018
X_scGPT,0.5,paclitaxel,EBC1_LUNG,186,0.08416638561194494,0.47371356221296457
X_scGPT,0.5,paclitaxel,NCIH292_LUNG,213,0.07754088843475013,0.4148783930030787
X_scGPT,0.5,paclitaxel,OUMS23_LARGE_INTESTINE,107,0.034988807069356115,0.6530068505590207
X_scGPT,0.5,paclitaxel,HEC151_ENDOMETRIUM,250,0.0418655710734206,0.6330475029945374
X_scGPT,0.5,paclitaxel,NCIH1373_LUNG,164,0.08576577920707289,0.463382317707306
X_scGPT,0.5,paclitaxel,TE9_OESOPHAGUS,248,0.01959791882231399,0.49895610624263365
X_scGPT,0.5,paclitaxel,HCC56_LARGE_INTESTINE,99,0.04709087364093663,0.6121061049928569
X_scGPT,0.5,paclitaxel,HT55_LARGE_INTESTINE,211,0.051970211107076676,0.5703019841587375
X_scGPT,0.5,paclitaxel,RT4_URINARY_TRACT,106,0.03457400265477595,0.47380404089981654
X_scGPT,0.5,paclitaxel,SKES1_BONE,91,0.020149925733642927,0.5757642427643577
X_scGPT,0.5,paclitaxel,NCIH1435_LUNG,267,0.05666486764034745,0.42232228274202527
X_scGPT,0.5,paclitaxel,8305C_THYROID,459,0.028130700898146666,0.5708388117403765
X_scGPT,0.5,paclitaxel,NCIH2228_LUNG,367,0.08133909070643797,0.622477918700886
X_scGPT,0.5,paclitaxel,TE10_OESOPHAGUS,219,0.0425844501110771,0.4842749691172822
X_scGPT,0.5,paclitaxel,ASPC1_PANCREAS,290,0.0387257931237804,0.654233077887831
X_scGPT,0.5,paclitaxel,HCC366_LUNG,202,0.0366542319438513,0.5590830933634597
X_scGPT,0.5,paclitaxel,BICR16_UPPER_AERODIGESTIVE_TRACT,212,0.039234318373969415,0.40900374541305146
X_scGPT,0.5,paclitaxel,HEC6_ENDOMETRIUM,161,0.040316079736822365,0.5691248465398824
X_scGPT,0.5,paclitaxel,KALS1_CENTRAL_NERVOUS_SYSTEM,288,0.01466403497999829,0.5468543861061335
X_scGPT,0.5,paclitaxel,NCIH2444_LUNG,237,0.0712329721638364,0.6367547871694283
X_scGPT,0.5,paclitaxel,SNU46_UPPER_AERODIGESTIVE_TRACT,236,0.04156168533832488,0.5352531298995018
X_scGPT,0.5,paclitaxel,OAW28_OVARY,161,0.055526906511998396,0.5836536628859383
X_scGPT,0.5,paclitaxel,SNU1214_UPPER_AERODIGESTIVE_TRACT,188,0.035355442672477734,0.4162847396541149
X_scGPT,0.5,paclitaxel,SKMEL5_SKIN,297,0.02274198257959362,0.6155752800530456
X_scGPT,0.5,paclitaxel,OVCAR4_OVARY,283,0.048403629544501156,0.625575760859904
X_scGPT,0.5,paclitaxel,UACC257_SKIN,239,0.021272730103580124,0.4869179213146784
X_scGPT,0.5,paclitaxel,ONCODG1_OVARY,270,0.018162837463755764,0.5539104553284468
X_scGPT,0.5,paclitaxel,HUH28_BILIARY_TRACT,139,0.015169896887270452,0.5561402182784869
X_scGPT,0.5,paclitaxel,IM95_STOMACH,185,0.05795852968893219,0.625906795907665
X_scGPT,0.5,paclitaxel,TE14_OESOPHAGUS,474,0.03643317938797779,0.4222752720997806
X_scGPT,0.5,paclitaxel,CAKI2_KIDNEY,278,0.032374735958064504,0.6378825315468603
X_scGPT,0.5,paclitaxel,SU8686_PANCREAS,82,0.03688008142502796,0.5955805356909589
X_scGPT,0.5,paclitaxel,SCC25_UPPER_AERODIGESTIVE_TRACT,898,0.02205001485998002,0.4469538078807245
X_scGPT,0.5,paclitaxel,SCC9_UPPER_AERODIGESTIVE_TRACT,475,0.02216875257570904,0.5067016976758053
X_scGPT,0.5,gemcitabine,NCIH2126_LUNG,264,0.0635881505854288,0.5298753375131072
X_scGPT,0.5,gemcitabine,SW579_THYROID,217,0.04884779798816556,0.6992315584064079
X_scGPT,0.5,gemcitabine,NCIH446_LUNG,196,0.07099678340153343,0.5057570365618687
X_scGPT,0.5,gemcitabine,HEC251_ENDOMETRIUM,107,0.053060410613544814,0.7350460056946656
X_scGPT,0.5,gemcitabine,MFE319_ENDOMETRIUM,191,0.03957555783316204,0.7764504736006572
X_scGPT,0.5,gemcitabine,SKNAS_AUTONOMIC_GANGLIA,226,0.02362626031009368,0.8186054039845424
X_scGPT,0.5,gemcitabine,NCIH2452_PLEURA,538,0.046026499567647844,0.6991925462249486
X_scGPT,0.5,gemcitabine,COLO741_SKIN,329,0.13992208106211998,0.8317181225243311
X_scGPT,0.5,gemcitabine,KNS42_CENTRAL_NERVOUS_SYSTEM,172,0.03306985718909119,0.7656316649775172
X_scGPT,0.5,gemcitabine,MCF7_BREAST,143,0.04115355595015291,0.7930584533231242
X_scGPT,0.5,gemcitabine,HT1197_URINARY_TRACT,74,0.03836215491774326,0.7930724781912726
X_scGPT,0.5,gemcitabine,SNU899_UPPER_AERODIGESTIVE_TRACT,83,0.04003410285022877,0.6421085093394819
X_scGPT,0.5,gemcitabine,HCC38_BREAST,200,0.0675199005495268,0.719115161895752
X_scGPT,0.5,gemcitabine,SNU308_BILIARY_TRACT,94,0.02155372905003381,0.7203590527493903
X_scGPT,0.5,gemcitabine,SW1271_LUNG,115,0.028935206208149076,0.7552870071452596
X_scGPT,0.5,gemcitabine,TM31_CENTRAL_NERVOUS_SYSTEM,116,0.03211255588178499,0.770548655555166
X_scGPT,0.5,gemcitabine,NCIH747_LARGE_INTESTINE,80,0.03959690902453588,0.5971617691218853
X_scGPT,0.5,gemcitabine,KPNSI9S_AUTONOMIC_GANGLIA,129,0.03362100223708233,0.5775951641474584
X_scGPT,0.5,gemcitabine,SQ1_LUNG,238,0.05683493950057686,0.7155879743459845
X_scGPT,0.5,gemcitabine,IALM_LUNG,322,0.06466195900829058,0.6706438945687335
X_scGPT,0.5,gemcitabine,BT474_BREAST,125,0.0589621202213374,0.7697259602546692
X_scGPT,0.5,gemcitabine,DKMG_CENTRAL_NERVOUS_SYSTEM,271,0.05074520414166554,0.6118976541990724
X_scGPT,0.5,gemcitabine,BT549_BREAST,266,0.025681645189536337,0.6604886003454825
X_scGPT,0.5,gemcitabine,BICR6_UPPER_AERODIGESTIVE_TRACT,286,0.04084045524198148,0.6329584563528741
X_scGPT,0.5,gemcitabine,SH10TC_STOMACH,351,0.04664253708910546,0.7474982235846017
X_scGPT,0.5,gemcitabine,UMUC1_URINARY_TRACT,197,0.028970383586014243,0.7413686919333365
X_scGPT,0.5,gemcitabine,LS1034_LARGE_INTESTINE,146,0.037257779485704724,0.7645179074104518
X_scGPT,0.5,gemcitabine,CCFSTTG1_CENTRAL_NERVOUS_SYSTEM,246,0.07262235119285065,0.6259389115058309
X_scGPT,0.5,gemcitabine,NCIH226_LUNG,235,0.03641751404239249,0.7400184659247703
X_scGPT,0.5,gemcitabine,LNCAPCLONEFGC_PROSTATE,129,0.025732285490732736,0.8818680533142977
X_scGPT,0.5,gemcitabine,RCC10RGB_KIDNEY,233,0.035588605247418956,0.7616948221886107
X_scGPT,0.5,gemcitabine,RERFLCAD1_LUNG,243,0.057866664690985836,0.6982683235235175
X_scGPT,0.5,gemcitabine,SKMEL2_SKIN,276,0.022215246959158812,0.7000016265589258
X_scGPT,0.5,gemcitabine,BICR31_UPPER_AERODIGESTIVE_TRACT,248,0.03505552689237727,0.6285684942718475
X_scGPT,0.5,gemcitabine,RCM1_LARGE_INTESTINE,128,0.0695510332348968,0.695772600825876
X_scGPT,0.5,gemcitabine,COV434_OVARY,88,0.05344430119581207,0.7354321391745047
X_scGPT,0.5,gemcitabine,SNU1079_BILIARY_TRACT,73,0.047141153002151166,0.7927341885762672
X_scGPT,0.5,gemcitabine,YD38_UPPER_AERODIGESTIVE_TRACT,624,0.03031727470848062,0.6391103506470338
X_scGPT,0.5,gemcitabine,NCIH1299_LUNG,534,0.028505782915073097,0.7799838795867305
X_scGPT,0.5,gemcitabine,IGR37_SKIN,347,0.012074674389157315,0.862213313923102
X_scGPT,0.5,gemcitabine,BFTC909_KIDNEY,379,0.10315668966591182,0.6955806375493475
X_scGPT,0.5,gemcitabine,NCIH460_LUNG,837,0.07420401746612233,0.6453881629763824
X_scGPT,0.5,gemcitabine,IGR1_SKIN,725,0.08367259974520053,0.6655507607295595
X_scGPT,0.5,gemcitabine,VMCUB1_URINARY_TRACT,478,0.03410423272719323,0.6025063201598043
X_scGPT,0.5,gemcitabine,JHOC5_OVARY,145,0.045221648913539185,0.7249079963256573
X_scGPT,0.5,gemcitabine,42MGBA_CENTRAL_NERVOUS_SYSTEM,518,0.031411597568741303,0.7264759430093655
X_scGPT,0.5,gemcitabine,HT1080_SOFT_TISSUE,516,0.0734195055409195,0.654771026368289
X_scGPT,0.5,gemcitabine,LI7_LIVER,196,0.05194983566251478,0.7459939338114797
X_scGPT,0.5,gemcitabine,A375_SKIN,593,0.2559111163788606,1.0623265023376247
X_scGPT,0.5,gemcitabine,FTC133_THYROID,140,0.16221655768888332,0.869749499644552
X_scGPT,0.5,gemcitabine,OVK18_OVARY,178,0.0624367517008691,0.5682651862669527
X_scGPT,0.5,gemcitabine,ACCMESO1_PLEURA,162,0.0293741095481793,0.7806062694684959
X_scGPT,0.5,gemcitabine,HMC18_BREAST,293,0.022718193975936243,0.8124773801390222
X_scGPT,0.5,gemcitabine,TOV112D_OVARY,78,0.018538015632976794,0.8257920100138738
X_scGPT,0.5,gemcitabine,JHH6_LIVER,206,0.0652073602503985,0.6640391448169078
X_scGPT,0.5,gemcitabine,A2058_SKIN,294,0.08455886596510839,0.6312631381814983
X_scGPT,0.5,gemcitabine,NCIH2110_LUNG,1990,0.02515198006441348,0.7481299790006187
X_scGPT,0.5,gemcitabine,NCIH650_LUNG,271,0.07396042222766964,0.6864786203057124
X_scGPT,0.5,gemcitabine,EFE184_ENDOMETRIUM,86,0.05651388909430543,0.7889324939528177
X_scGPT,0.5,gemcitabine,HUPT3_PANCREAS,136,0.06477589966580367,0.6487921526765122
X_scGPT,0.5,gemcitabine,MDAMB361_BREAST,135,0.03589943064824088,0.8048406265400074
X_scGPT,0.5,gemcitabine,BCPAP_THYROID,152,0.049756618542926484,0.7133838059870821
X_scGPT,0.5,gemcitabine,PECAPJ49_UPPER_AERODIGESTIVE_TRACT,202,0.022644842164653445,0.7207265832636616
X_scGPT,0.5,gemcitabine,EKVX_LUNG,146,0.03562709482200846,0.7319556005197029
X_scGPT,0.5,gemcitabine,BICR56_UPPER_AERODIGESTIVE_TRACT,81,0.027070672660253862,0.6572729540459904
X_scGPT,0.5,gemcitabine,NCIH2170_LUNG,142,0.06377394112294336,0.47150017468022626
X_scGPT,0.5,gemcitabine,DETROIT562_UPPER_AERODIGESTIVE_TRACT,163,0.04303737834066829,0.6149007449486504
X_scGPT,0.5,gemcitabine,SW1088_CENTRAL_NERVOUS_SYSTEM,128,0.03549605462685901,0.7637256574817002
X_scGPT,0.5,gemcitabine,BHY_UPPER_AERODIGESTIVE_TRACT,145,0.04449495102916661,0.6773589516508168
X_scGPT,0.5,gemcitabine,CAS1_CENTRAL_NERVOUS_SYSTEM,133,0.027007892619138274,0.6775837200028556
X_scGPT,0.5,gemcitabine,HCC1428_BREAST,127,0.07406614385994957,0.7164675039569224
X_scGPT,0.5,gemcitabine,HDQP1_BREAST,64,0.04554745804872081,0.7204570388421416
X_scGPT,0.5,gemcitabine,OSRC2_KIDNEY,126,0.058261832063072436,0.8536472074569218
X_scGPT,0.5,gemcitabine,HUPT4_PANCREAS,56,0.06118849921581449,0.6346469776971
X_scGPT,0.5,gemcitabine,TCCSUP_URINARY_TRACT,316,0.03508696320174362,0.7506184892941125
X_scGPT,0.5,gemcitabine,VMRCRCZ_KIDNEY,300,0.028821171252535648,0.7892551010847092
X_scGPT,0.5,gemcitabine,PK59_PANCREAS,174,0.06932362778612515,0.7478067511799692
X_scGPT,0.5,gemcitabine,HUH6_LIVER,338,0.045371611390412764,0.8360835904553092
X_scGPT,0.5,gemcitabine,MSTO211H_PLEURA,297,0.025963019983148358,0.6834943717979021
X_scGPT,0.5,gemcitabine,HS852T_SKIN,162,0.15589667050080042,0.9809006816811032
X_scGPT,0.5,gemcitabine,SKMEL30_SKIN,353,0.022225274489401464,0.718156518915895
X_scGPT,0.5,gemcitabine,T47D_BREAST,221,0.06463437186435289,0.8230154883807601
X_scGPT,0.5,gemcitabine,CALU6_LUNG,258,0.07628803967489771,0.7506620814633924
X_scGPT,0.5,gemcitabine,NCIH522_LUNG,208,0.02366960815081166,0.8085431651427195
X_scGPT,0.5,gemcitabine,LMSU_STOMACH,255,0.027205834652357708,0.734052080967847
X_scGPT,0.5,gemcitabine,SNUC4_LARGE_INTESTINE,467,0.03144447703915367,0.5572408047809846
X_scGPT,0.5,gemcitabine,RVH421_SKIN,239,0.04218055304798895,0.8251400293166667
X_scGPT,0.5,gemcitabine,OVSAHO_OVARY,227,0.023552394608122626,0.784375130342492
X_scGPT,0.5,gemcitabine,GOS3_CENTRAL_NERVOUS_SYSTEM,191,0.03439295218861433,0.7699838932896159
X_scGPT,0.5,gemcitabine,SNU738_CENTRAL_NERVOUS_SYSTEM,379,0.03145977125373747,0.7327230560119045
X_scGPT,0.5,gemcitabine,PC3_PROSTATE,169,0.029062367400895375,0.7201743690219856
X_scGPT,0.5,gemcitabine,PATU8988S_PANCREAS,244,0.04473399320368666,0.6601142626805384
X_scGPT,0.5,gemcitabine,OVTOKO_OVARY,209,0.02615915853813808,0.7379525377989956
X_scGPT,0.5,gemcitabine,TE1_OESOPHAGUS,206,0.04871652601559541,0.7137486130288504
X_scGPT,0.5,gemcitabine,NCIH2087_LUNG,219,0.040624539906516835,0.6028800662521903
X_scGPT,0.5,gemcitabine,EFM192A_BREAST,333,0.0760660505174566,0.7757668523817091
X_scGPT,0.5,gemcitabine,SNU423_LIVER,212,0.03387582638781536,0.7712422834252411
X_scGPT,0.5,gemcitabine,KPL1_BREAST,276,0.04932157125884541,0.8683810048345206
X_scGPT,0.5,gemcitabine,NCIH358_LUNG,336,0.02929459511004485,0.7497514580332098
X_scGPT,0.5,gemcitabine,COLO792_SKIN,271,0.022206084950792754,0.844702751874044
X_scGPT,0.5,gemcitabine,KYSE520_OESOPHAGUS,323,0.03489904020115563,0.6770524827319402
X_scGPT,0.5,gemcitabine,KMRC3_KIDNEY,245,0.025961069955847595,0.758240400285137
X_scGPT,0.5,gemcitabine,MKN7_STOMACH,258,0.05405225215638601,0.7394991590995197
X_scGPT,0.5,gemcitabine,NCIH1944_LUNG,414,0.027295348257541985,0.7373474473538606
X_scGPT,0.5,gemcitabine,TE6_OESOPHAGUS,551,0.032833152572930284,0.6497864910349006
X_scGPT,0.5,gemcitabine,ZR751_BREAST,309,0.0326328214894194,0.6863853449188776
X_scGPT,0.5,gemcitabine,PANC0203_PANCREAS,506,0.037502917675128825,0.6501085718158677
X_scGPT,0.5,gemcitabine,SW1990_PANCREAS,307,0.044398891813120504,0.7344679218938374
X_scGPT,0.5,gemcitabine,RD_SOFT_TISSUE,261,0.019842625679632495,0.6390456678310117
X_scGPT,0.5,gemcitabine,NCIH1792_LUNG,111,0.05384830089165762,0.6999889467213605
X_scGPT,0.5,gemcitabine,PK45H_PANCREAS,271,0.036059793137364994,0.7743714099880514
X_scGPT,0.5,gemcitabine,LS180_LARGE_INTESTINE,361,0.05865185963192677,0.81482500638658
X_scGPT,0.5,gemcitabine,RERFLCAI_LUNG,763,0.039042771120000555,0.7406399442202767
X_scGPT,0.5,gemcitabine,CAMA1_BREAST,291,0.050986696043275964,0.8873779986732194
X_scGPT,0.5,gemcitabine,SNU449_LIVER,282,0.03729376663686747,0.7399254950648504
X_scGPT,0.5,gemcitabine,A204_SOFT_TISSUE,250,0.032080076090877895,0.797527592420578
X_scGPT,0.5,gemcitabine,MKN45_STOMACH,118,0.036524740053604794,0.7450709257085445
X_scGPT,0.5,gemcitabine,HEP3B217_LIVER,118,0.02433961941054504,0.7800884898436271
X_scGPT,0.5,gemcitabine,HOS_BONE,829,0.04303893742337783,0.6652799591655755
X_scGPT,0.5,gemcitabine,EBC1_LUNG,186,0.05991327259025883,0.6732401950384981
X_scGPT,0.5,gemcitabine,NCIH292_LUNG,213,0.04371802568384506,0.6911238703369534
X_scGPT,0.5,gemcitabine,OUMS23_LARGE_INTESTINE,107,0.03298960826239607,0.728540733038822
X_scGPT,0.5,gemcitabine,HEC151_ENDOMETRIUM,250,0.04053176009379329,0.7735024964809418
X_scGPT,0.5,gemcitabine,NCIH1373_LUNG,164,0.060143682121515434,0.6767574861282255
X_scGPT,0.5,gemcitabine,TE9_OESOPHAGUS,248,0.03436302061879807,0.6334235523977587
X_scGPT,0.5,gemcitabine,HCC56_LARGE_INTESTINE,99,0.02652512553587837,0.7982385688357883
X_scGPT,0.5,gemcitabine,HT55_LARGE_INTESTINE,211,0.031933713355768716,0.7553023724194387
X_scGPT,0.5,gemcitabine,RT4_URINARY_TRACT,106,0.03608343088841437,0.5400234680130797
X_scGPT,0.5,gemcitabine,SKES1_BONE,91,0.020564238858784115,0.8133240957836528
X_scGPT,0.5,gemcitabine,NCIH1435_LUNG,267,0.045716553606652506,0.661525179384353
X_scGPT,0.5,gemcitabine,8305C_THYROID,459,0.0305764515517367,0.7739424399041402
X_scGPT,0.5,gemcitabine,NCIH2228_LUNG,367,0.05368128941893355,0.7665847637348019
X_scGPT,0.5,gemcitabine,TE10_OESOPHAGUS,219,0.03478781048475166,0.705111466858485
X_scGPT,0.5,gemcitabine,ASPC1_PANCREAS,290,0.03440227678060416,0.7670052277630773
X_scGPT,0.5,gemcitabine,HCC366_LUNG,202,0.03130238286064857,0.6989681874171342
X_scGPT,0.5,gemcitabine,BICR16_UPPER_AERODIGESTIVE_TRACT,212,0.021846087296032258,0.6526942745132266
X_scGPT,0.5,gemcitabine,HEC6_ENDOMETRIUM,161,0.024030529162144484,0.7467928421423302
X_scGPT,0.5,gemcitabine,KALS1_CENTRAL_NERVOUS_SYSTEM,288,0.019785733376731222,0.7953360753340853
X_scGPT,0.5,gemcitabine,NCIH2444_LUNG,237,0.04130772924956224,0.7943275824880801
X_scGPT,0.5,gemcitabine,SNU46_UPPER_AERODIGESTIVE_TRACT,236,0.03758572135109081,0.7151025791289443
X_scGPT,0.5,gemcitabine,OAW28_OVARY,161,0.052059731888620106,0.7044810130729439
X_scGPT,0.5,gemcitabine,SNU1214_UPPER_AERODIGESTIVE_TRACT,188,0.012110097510178384,0.6933929305127327
X_scGPT,0.5,gemcitabine,SKMEL5_SKIN,297,0.026112163106405295,0.7854186314525027
X_scGPT,0.5,gemcitabine,OVCAR4_OVARY,283,0.028353257331223267,0.7857450379499699
X_scGPT,0.5,gemcitabine,UACC257_SKIN,239,0.012510292311162779,0.6868381572567768
X_scGPT,0.5,gemcitabine,ONCODG1_OVARY,270,0.02751018953944114,0.75339952883897
X_scGPT,0.5,gemcitabine,HUH28_BILIARY_TRACT,139,0.018655037752256236,0.8174575104130258
X_scGPT,0.5,gemcitabine,IM95_STOMACH,185,0.05345871293312469,0.696808145175109
X_scGPT,0.5,gemcitabine,TE14_OESOPHAGUS,474,0.01460453010304579,0.6849835745141476
X_scGPT,0.5,gemcitabine,CAKI2_KIDNEY,278,0.029149574120705526,0.8058928802287836
X_scGPT,0.5,gemcitabine,SU8686_PANCREAS,82,0.020781850861612616,0.7490677397425581
X_scGPT,0.5,gemcitabine,SCC25_UPPER_AERODIGESTIVE_TRACT,898,0.04198080310277156,0.5730888333445402
X_scGPT,0.5,gemcitabine,SCC9_UPPER_AERODIGESTIVE_TRACT,475,0.037630439752670074,0.7341365766525269
X_scGPT,0.5,imatinib,NCIH2126_LUNG,264,0.018012911966160252,0.9202743728052486
X_scGPT,0.5,imatinib,SW579_THYROID,217,0.02873975775110567,0.9220484456708354
X_scGPT,0.5,imatinib,NCIH446_LUNG,196,0.026591280781866643,0.9135032357001791
X_scGPT,0.5,imatinib,HEC251_ENDOMETRIUM,107,0.01995713195867712,0.9484315314025522
X_scGPT,0.5,imatinib,MFE319_ENDOMETRIUM,191,0.006261436778250794,0.9678073528549433
X_scGPT,0.5,imatinib,SKNAS_AUTONOMIC_GANGLIA,226,0.003942016750011817,0.947886599903613
X_scGPT,0.5,imatinib,NCIH2452_PLEURA,538,0.03442733653813504,0.9155074706972753
X_scGPT,0.5,imatinib,COLO741_SKIN,329,0.015516192815760903,0.9545557065937657
X_scGPT,0.5,imatinib,KNS42_CENTRAL_NERVOUS_SYSTEM,172,0.010860527834014803,0.9367612621118856
X_scGPT,0.5,imatinib,MCF7_BREAST,143,0.016877100274364155,0.9880189199547668
X_scGPT,0.5,imatinib,HT1197_URINARY_TRACT,74,0.01192227171902485,0.9917868045536248
X_scGPT,0.5,imatinib,SNU899_UPPER_AERODIGESTIVE_TRACT,83,0.005281059439332827,0.9888337987015047
X_scGPT,0.5,imatinib,HCC38_BREAST,200,0.031647750295084924,0.9657141146063805
X_scGPT,0.5,imatinib,SNU308_BILIARY_TRACT,94,0.01577905987788378,0.9750800145433304
X_scGPT,0.5,imatinib,SW1271_LUNG,115,0.022479789238436663,0.9530373091283052
X_scGPT,0.5,imatinib,TM31_CENTRAL_NERVOUS_SYSTEM,116,0.005389281120363046,0.9544177219785493
X_scGPT,0.5,imatinib,NCIH747_LARGE_INTESTINE,80,0.024296708289088507,1.0250049643218517
X_scGPT,0.5,imatinib,KPNSI9S_AUTONOMIC_GANGLIA,129,0.032405635043325,0.8586732740550078
X_scGPT,0.5,imatinib,SQ1_LUNG,238,0.01908312447841209,0.910979948123964
X_scGPT,0.5,imatinib,IALM_LUNG,322,0.01275636836826791,0.9522379751531234
X_scGPT,0.5,imatinib,BT474_BREAST,125,0.015313474551693625,0.9646113104820252
X_scGPT,0.5,imatinib,DKMG_CENTRAL_NERVOUS_SYSTEM,271,0.04977993382022849,0.8635660409927368
X_scGPT,0.5,imatinib,BT549_BREAST,266,0.021855307703167855,0.8738977046389329
X_scGPT,0.5,imatinib,BICR6_UPPER_AERODIGESTIVE_TRACT,286,0.02016694712875916,0.9546975049522374
X_scGPT,0.5,imatinib,SH10TC_STOMACH,351,0.028749605247739545,0.9871131011903116
X_scGPT,0.5,imatinib,UMUC1_URINARY_TRACT,197,0.01715303706028027,0.9907389510101473
X_scGPT,0.5,imatinib,LS1034_LARGE_INTESTINE,146,0.014624694652637967,0.9873452901023708
X_scGPT,0.5,imatinib,CCFSTTG1_CENTRAL_NERVOUS_SYSTEM,246,0.05864576342540326,0.8456392419047472
X_scGPT,0.5,imatinib,NCIH226_LUNG,235,0.027094522489274943,0.9350779551140805
X_scGPT,0.5,imatinib,LNCAPCLONEFGC_PROSTATE,129,0.0037479586669587643,0.9484292088552962
X_scGPT,0.5,imatinib,RCC10RGB_KIDNEY,233,0.027781065793774182,0.9744364499022521
X_scGPT,0.5,imatinib,RERFLCAD1_LUNG,243,0.0335921040555081,0.9827802043883398
X_scGPT,0.5,imatinib,SKMEL2_SKIN,276,0.023476625336061006,0.9241525079461111
X_scGPT,0.5,imatinib,BICR31_UPPER_AERODIGESTIVE_TRACT,248,0.02215907046204055,0.9588826740941694
X_scGPT,0.5,imatinib,RCM1_LARGE_INTESTINE,128,0.014990591195157787,0.9080408778972924
X_scGPT,0.5,imatinib,COV434_OVARY,88,0.013629979588139713,0.9407148591496728
X_scGPT,0.5,imatinib,SNU1079_BILIARY_TRACT,73,0.029991900796819078,0.9811307575604687
X_scGPT,0.5,imatinib,YD38_UPPER_AERODIGESTIVE_TRACT,624,0.009383703958436409,0.9297501903313857
X_scGPT,0.5,imatinib,NCIH1299_LUNG,534,0.0037956444343536628,0.9597045577197486
X_scGPT,0.5,imatinib,IGR37_SKIN,347,0.0023397825951829527,0.9662263900127466
X_scGPT,0.5,imatinib,BFTC909_KIDNEY,379,0.032053279274092385,0.9213818728451993
X_scGPT,0.5,imatinib,NCIH460_LUNG,837,0.021602333677293556,0.8972906816390253
X_scGPT,0.5,imatinib,IGR1_SKIN,725,0.014100269382547844,0.9620707113989468
X_scGPT,0.5,imatinib,VMCUB1_URINARY_TRACT,478,0.009653997163285969,0.9252063441226672
X_scGPT,0.5,imatinib,JHOC5_OVARY,145,0.026514031181339354,0.9731711815143453
X_scGPT,0.5,imatinib,42MGBA_CENTRAL_NERVOUS_SYSTEM,518,0.008603263866134551,0.9301695074584033
X_scGPT,0.5,imatinib,HT1080_SOFT_TISSUE,516,0.028608539690360958,0.9600684306649274
X_scGPT,0.5,imatinib,LI7_LIVER,196,0.013141404998382513,0.9586230552926356
X_scGPT,0.5,imatinib,A375_SKIN,593,0.021022152255007732,0.9309669681785481
X_scGPT,0.5,imatinib,FTC133_THYROID,140,0.031372788843949256,0.9355734786817006
X_scGPT,0.5,imatinib,OVK18_OVARY,178,0.019866845714733884,0.9877094840735532
X_scGPT,0.5,imatinib,ACCMESO1_PLEURA,162,0.005278154850081328,0.9559822472525231
X_scGPT,0.5,imatinib,HMC18_BREAST,293,0.00416042780260912,0.9601050586830634
X_scGPT,0.5,imatinib,TOV112D_OVARY,78,0.0041382104691307904,0.9491225588016021
X_scGPT,0.5,imatinib,JHH6_LIVER,206,0.029287023506783885,0.8742207824026497
X_scGPT,0.5,imatinib,A2058_SKIN,294,0.03178343605300392,0.9636218361303109
X_scGPT,0.5,imatinib,NCIH2110_LUNG,1990,0.015171668926051336,0.9713053713491814
X_scGPT,0.5,imatinib,NCIH650_LUNG,271,0.03148678589608417,1.0072238071378308
X_scGPT,0.5,imatinib,EFE184_ENDOMETRIUM,86,0.016755478996132105,0.9872934076675149
X_scGPT,0.5,imatinib,HUPT3_PANCREAS,136,0.03402598961339098,1.0336114444276865
X_scGPT,0.5,imatinib,MDAMB361_BREAST,135,0.012154268087179409,0.9864277742527149
X_scGPT,0.5,imatinib,BCPAP_THYROID,152,0.011877059706131064,0.9435582572692319
X_scGPT,0.5,imatinib,PECAPJ49_UPPER_AERODIGESTIVE_TRACT,202,0.01485536016855182,0.9760764061224343
X_scGPT,0.5,imatinib,EKVX_LUNG,146,0.006323391316878714,0.9691334677069154
X_scGPT,0.5,imatinib,BICR56_UPPER_AERODIGESTIVE_TRACT,81,0.011535216387420225,0.9590382200700266
X_scGPT,0.5,imatinib,NCIH2170_LUNG,142,0.017935810079009087,0.9037523513108912
X_scGPT,0.5,imatinib,DETROIT562_UPPER_AERODIGESTIVE_TRACT,163,0.004876161558486548,0.9927224045150851
X_scGPT,0.5,imatinib,SW1088_CENTRAL_NERVOUS_SYSTEM,128,0.011366333515845536,0.9343732730485499
X_scGPT,0.5,imatinib,BHY_UPPER_AERODIGESTIVE_TRACT,145,0.021365413755258023,0.9806892518339486
X_scGPT,0.5,imatinib,CAS1_CENTRAL_NERVOUS_SYSTEM,133,0.02343449763764564,0.8917995973637229
X_scGPT,0.5,imatinib,HCC1428_BREAST,127,0.02299723150557355,0.9960057880934767
X_scGPT,0.5,imatinib,HDQP1_BREAST,64,0.019643902588346508,0.9280061116442084
X_scGPT,0.5,imatinib,OSRC2_KIDNEY,126,0.020005070745049383,0.9569969664490412
X_scGPT,0.5,imatinib,HUPT4_PANCREAS,56,0.024539994268961036,0.9846621347325188
X_scGPT,0.5,imatinib,TCCSUP_URINARY_TRACT,316,0.021943389948629825,0.9378714510534383
X_scGPT,0.5,imatinib,VMRCRCZ_KIDNEY,300,0.004345511372881178,0.960367724498113
X_scGPT,0.5,imatinib,PK59_PANCREAS,174,0.022476072827688,0.9944965935301506
X_scGPT,0.5,imatinib,HUH6_LIVER,338,0.01266246849822756,0.996124764518625
X_scGPT,0.5,imatinib,MSTO211H_PLEURA,297,0.016317378488360096,0.9071730810785134
X_scGPT,0.5,imatinib,HS852T_SKIN,162,0.01825779833964194,0.9342491023334456
X_scGPT,0.5,imatinib,SKMEL30_SKIN,353,0.015730770605804033,0.9576269791754379
X_scGPT,0.5,imatinib,T47D_BREAST,221,0.02171123535409845,0.9947868202606477
X_scGPT,0.5,imatinib,CALU6_LUNG,258,0.024754465627876004,0.9192993899648504
X_scGPT,0.5,imatinib,NCIH522_LUNG,208,0.004222827498647244,0.9540397009024253
X_scGPT,0.5,imatinib,LMSU_STOMACH,255,0.00451896146496482,0.960751339267282
X_scGPT,0.5,imatinib,SNUC4_LARGE_INTESTINE,467,0.012759675778056813,0.9820932046504296
X_scGPT,0.5,imatinib,RVH421_SKIN,239,0.011368322334157435,0.9661275352893015
X_scGPT,0.5,imatinib,OVSAHO_OVARY,227,0.0035340506577337793,0.9624897890153961
X_scGPT,0.5,imatinib,GOS3_CENTRAL_NERVOUS_SYSTEM,191,0.00544780914406496,0.9560576633633119
X_scGPT,0.5,imatinib,SNU738_CENTRAL_NERVOUS_SYSTEM,379,0.018943851300728395,0.9435145905275772
X_scGPT,0.5,imatinib,PC3_PROSTATE,169,0.019043725513450262,0.9444544019078361
X_scGPT,0.5,imatinib,PATU8988S_PANCREAS,244,0.005713414622688566,0.9933772126182181
X_scGPT,0.5,imatinib,OVTOKO_OVARY,209,0.004817815199093637,0.9721050567604138
X_scGPT,0.5,imatinib,TE1_OESOPHAGUS,206,0.01448639631211977,0.9687892797502499
X_scGPT,0.5,imatinib,NCIH2087_LUNG,219,0.024913190788454793,0.9835220153473284
X_scGPT,0.5,imatinib,EFM192A_BREAST,333,0.013391967096799195,0.9985441531504955
X_scGPT,0.5,imatinib,SNU423_LIVER,212,0.009332364844432667,0.9697263541648973
X_scGPT,0.5,imatinib,KPL1_BREAST,276,0.008787534513015102,0.9469199683787166
X_scGPT,0.5,imatinib,NCIH358_LUNG,336,0.017518386944281532,0.9765693692579156
X_scGPT,0.5,imatinib,COLO792_SKIN,271,0.003634493929354006,0.9668615708931786
X_scGPT,0.5,imatinib,KYSE520_OESOPHAGUS,323,0.005902150881554028,0.9848983852486861
X_scGPT,0.5,imatinib,KMRC3_KIDNEY,245,0.017550403027397885,0.98367473276294
X_scGPT,0.5,imatinib,MKN7_STOMACH,258,0.023158501286105155,0.9968885492908862
X_scGPT,0.5,imatinib,NCIH1944_LUNG,414,0.004814513359684226,0.9733529720041487
X_scGPT,0.5,imatinib,TE6_OESOPHAGUS,551,0.005327932032814316,0.9890907255361387
X_scGPT,0.5,imatinib,ZR751_BREAST,309,0.015889729215475882,0.9459839480594524
X_scGPT,0.5,imatinib,PANC0203_PANCREAS,506,0.017439517066474786,0.9324749440779327
X_scGPT,0.5,imatinib,SW1990_PANCREAS,307,0.018350156635784574,0.983028940152656
X_scGPT,0.5,imatinib,RD_SOFT_TISSUE,261,0.01619313223473764,0.8803832962595183
X_scGPT,0.5,imatinib,NCIH1792_LUNG,111,0.012401376952538094,0.9513828716836534
X_scGPT,0.5,imatinib,PK45H_PANCREAS,271,0.011371489463244594,0.9811318679489333
X_scGPT,0.5,imatinib,LS180_LARGE_INTESTINE,361,0.016077799786935215,0.9425679060560844
X_scGPT,0.5,imatinib,RERFLCAI_LUNG,763,0.018332743512415105,0.9768074871203222
X_scGPT,0.5,imatinib,CAMA1_BREAST,291,0.00726260722094039,0.9461447957045434
X_scGPT,0.5,imatinib,SNU449_LIVER,282,0.020348686816638303,0.9491591527529643
X_scGPT,0.5,imatinib,A204_SOFT_TISSUE,250,0.008879712709097954,0.9515112459659576
X_scGPT,0.5,imatinib,MKN45_STOMACH,118,0.02159930491510546,0.993428895028971
X_scGPT,0.5,imatinib,HEP3B217_LIVER,118,0.0038470522772157574,0.9657896368180291
X_scGPT,0.5,imatinib,HOS_BONE,829,0.009978849331122879,0.9405933289965042
X_scGPT,0.5,imatinib,EBC1_LUNG,186,0.023067547774497307,0.9279642588989709
X_scGPT,0.5,imatinib,NCIH292_LUNG,213,0.01962790462380856,0.9563399469348747
X_scGPT,0.5,imatinib,OUMS23_LARGE_INTESTINE,107,0.02402779410471981,1.0027327643376645
X_scGPT,0.5,imatinib,HEC151_ENDOMETRIUM,250,0.011239175878965635,0.9811061160564423
X_scGPT,0.5,imatinib,NCIH1373_LUNG,164,0.023515764060213138,0.938977598417096
X_scGPT,0.5,imatinib,TE9_OESOPHAGUS,248,0.004408126361737135,0.9953313042079249
X_scGPT,0.5,imatinib,HCC56_LARGE_INTESTINE,99,0.00934000418639683,0.9433461289213161
X_scGPT,0.5,imatinib,HT55_LARGE_INTESTINE,211,0.016954836995066173,0.9935333273987069
X_scGPT,0.5,imatinib,RT4_URINARY_TRACT,106,0.014166211820072471,0.9514551387642914
X_scGPT,0.5,imatinib,SKES1_BONE,91,0.004096823675067745,0.9512973218173771
X_scGPT,0.5,imatinib,NCIH1435_LUNG,267,0.015849301692424458,0.9337100944715493
X_scGPT,0.5,imatinib,8305C_THYROID,459,0.009381637806352053,0.9555834135718335
X_scGPT,0.5,imatinib,NCIH2228_LUNG,367,0.024038431773659295,0.9411069882338313
X_scGPT,0.5,imatinib,TE10_OESOPHAGUS,219,0.01378061684788492,0.9484397951326414
X_scGPT,0.5,imatinib,ASPC1_PANCREAS,290,0.010948139338004308,0.993423972458675
X_scGPT,0.5,imatinib,HCC366_LUNG,202,0.017039429115758068,0.9881872224925768
X_scGPT,0.5,imatinib,BICR16_UPPER_AERODIGESTIVE_TRACT,212,0.010456299217953949,0.9449365012488276
X_scGPT,0.5,imatinib,HEC6_ENDOMETRIUM,161,0.014592988181786355,0.968904303467792
X_scGPT,0.5,imatinib,KALS1_CENTRAL_NERVOUS_SYSTEM,288,0.00368682478645479,0.9527386989858415
X_scGPT,0.5,imatinib,NCIH2444_LUNG,237,0.019261927033718918,0.9714590197877039
X_scGPT,0.5,imatinib,SNU46_UPPER_AERODIGESTIVE_TRACT,236,0.01166083355977381,0.9576781041036218
X_scGPT,0.5,imatinib,OAW28_OVARY,161,0.017862774584794374,0.9967489812685095
X_scGPT,0.5,imatinib,SNU1214_UPPER_AERODIGESTIVE_TRACT,188,0.01115193749025336,0.9500153318364569
X_scGPT,0.5,imatinib,SKMEL5_SKIN,297,0.0068498295632167545,0.9590012258552141
X_scGPT,0.5,imatinib,OVCAR4_OVARY,283,0.02037259277474087,1.007852949649622
X_scGPT,0.5,imatinib,UACC257_SKIN,239,0.004866379642589007,0.9663493259182535
X_scGPT,0.5,imatinib,ONCODG1_OVARY,270,0.004559192251151497,0.9717625834323742
X_scGPT,0.5,imatinib,HUH28_BILIARY_TRACT,139,0.0034897119389485295,0.9471550592415624
X_scGPT,0.5,imatinib,IM95_STOMACH,185,0.01618612003811879,0.9654605227547723
X_scGPT,0.5,imatinib,TE14_OESOPHAGUS,474,0.011776866175172068,0.9464428343098877
X_scGPT,0.5,imatinib,CAKI2_KIDNEY,278,0.009234549688553435,0.9840416899687953
X_scGPT,0.5,imatinib,SU8686_PANCREAS,82,0.01521465382825911,0.9981966403926291
X_scGPT,0.5,imatinib,SCC25_UPPER_AERODIGESTIVE_TRACT,898,0.005805406291691415,0.9949093421875501
X_scGPT,0.5,imatinib,SCC9_UPPER_AERODIGESTIVE_TRACT,475,0.007154244958226091,0.9583869043149447
X_scGPT,0.5,erlotinib,NCIH2126_LUNG,264,0.028298508279587326,0.8382590045080041
X_scGPT,0.5,erlotinib,SW579_THYROID,217,0.02972758272861566,0.9950917151666456
X_scGPT,0.5,erlotinib,NCIH446_LUNG,196,0.04095720410894459,1.037314051268052
X_scGPT,0.5,erlotinib,HEC251_ENDOMETRIUM,107,0.047614371277737495,0.8279944775260497
X_scGPT,0.5,erlotinib,MFE319_ENDOMETRIUM,191,0.022048538890304423,0.9024414732194072
X_scGPT,0.5,erlotinib,SKNAS_AUTONOMIC_GANGLIA,226,0.011435939066722014,0.9433605396642094
X_scGPT,0.5,erlotinib,NCIH2452_PLEURA,538,0.03310411147535097,0.9553262788566959
X_scGPT,0.5,erlotinib,COLO741_SKIN,329,0.0471970280882263,0.9824378475954467
X_scGPT,0.5,erlotinib,KNS42_CENTRAL_NERVOUS_SYSTEM,172,0.015906214736166827,0.9869894319495489
X_scGPT,0.5,erlotinib,MCF7_BREAST,143,0.02656470853939474,0.9683257541456423
X_scGPT,0.5,erlotinib,HT1197_URINARY_TRACT,74,0.020943914245235097,0.8544260754778579
X_scGPT,0.5,erlotinib,SNU899_UPPER_AERODIGESTIVE_TRACT,83,0.02243171353542747,0.8184090263872261
X_scGPT,0.5,erlotinib,HCC38_BREAST,200,0.032650885979141675,0.8608345425128937
X_scGPT,0.5,erlotinib,SNU308_BILIARY_TRACT,94,0.04147425408013364,0.8058528354827393
X_scGPT,0.5,erlotinib,SW1271_LUNG,115,0.01949460523254287,0.9478099382441977
X_scGPT,0.5,erlotinib,TM31_CENTRAL_NERVOUS_SYSTEM,116,0.017848111447083675,0.9170905356777126
X_scGPT,0.5,erlotinib,NCIH747_LARGE_INTESTINE,80,0.038072730911528095,0.8632814884185791
X_scGPT,0.5,erlotinib,KPNSI9S_AUTONOMIC_GANGLIA,129,0.009889037053070418,0.9470604080562444
X_scGPT,0.5,erlotinib,SQ1_LUNG,238,0.04420584448293769,0.8491745956805574
X_scGPT,0.5,erlotinib,IALM_LUNG,322,0.026109799149718827,0.9143515208863323
X_scGPT,0.5,erlotinib,BT474_BREAST,125,0.019792896122264342,0.8966310238838195
X_scGPT,0.5,erlotinib,DKMG_CENTRAL_NERVOUS_SYSTEM,271,0.012406931522790068,0.9441541303567781
X_scGPT,0.5,erlotinib,BT549_BREAST,266,0.01800730674284878,0.9665572797893581
X_scGPT,0.5,erlotinib,BICR6_UPPER_AERODIGESTIVE_TRACT,286,0.04518831622509671,0.7498799585379087
X_scGPT,0.5,erlotinib,SH10TC_STOMACH,351,0.012580637147404443,0.9291261364931395
X_scGPT,0.5,erlotinib,UMUC1_URINARY_TRACT,197,0.04489836735286944,0.8013021722057749
X_scGPT,0.5,erlotinib,LS1034_LARGE_INTESTINE,146,0.022063045621231063,0.8452045411279757
X_scGPT,0.5,erlotinib,CCFSTTG1_CENTRAL_NERVOUS_SYSTEM,246,0.01626862882127652,0.9495909681649712
X_scGPT,0.5,erlotinib,NCIH226_LUNG,235,0.022222298749471278,0.9620459802607273
X_scGPT,0.5,erlotinib,LNCAPCLONEFGC_PROSTATE,129,0.009821665889394655,0.9504879348037779
X_scGPT,0.5,erlotinib,RCC10RGB_KIDNEY,233,0.03103543037581229,0.8664601721477099
X_scGPT,0.5,erlotinib,RERFLCAD1_LUNG,243,0.03177957422532761,0.9117572180037636
X_scGPT,0.5,erlotinib,SKMEL2_SKIN,276,0.014707555540184538,0.9510242541631063
X_scGPT,0.5,erlotinib,BICR31_UPPER_AERODIGESTIVE_TRACT,248,0.05698119070841509,0.7609447519625386
X_scGPT,0.5,erlotinib,RCM1_LARGE_INTESTINE,128,0.04034603160879038,0.8384663658216596
X_scGPT,0.5,erlotinib,COV434_OVARY,88,0.02187962496555486,0.9925777038389986
X_scGPT,0.5,erlotinib,SNU1079_BILIARY_TRACT,73,0.027127797728148186,0.937908699251201
X_scGPT,0.5,erlotinib,YD38_UPPER_AERODIGESTIVE_TRACT,624,0.024607889006550306,0.8063803386802857
X_scGPT,0.5,erlotinib,NCIH1299_LUNG,534,0.013558092758116176,0.9143727335813787
X_scGPT,0.5,erlotinib,IGR37_SKIN,347,0.0047383104840713055,0.9466024678447404
X_scGPT,0.5,erlotinib,BFTC909_KIDNEY,379,0.01838102052624247,0.9367347056129677
X_scGPT,0.5,erlotinib,NCIH460_LUNG,837,0.044716969537867336,0.8636317211809694
X_scGPT,0.5,erlotinib,IGR1_SKIN,725,0.01648993978357198,0.9744826622666983
X_scGPT,0.5,erlotinib,VMCUB1_URINARY_TRACT,478,0.025605922547195865,0.8260408740911523
X_scGPT,0.5,erlotinib,JHOC5_OVARY,145,0.04288828782911676,0.8523826977302288
X_scGPT,0.5,erlotinib,42MGBA_CENTRAL_NERVOUS_SYSTEM,518,0.015008366532072055,1.0051835391051982
X_scGPT,0.5,erlotinib,HT1080_SOFT_TISSUE,516,0.020867488608685536,0.9185430923866671
X_scGPT,0.5,erlotinib,LI7_LIVER,196,0.02502336567576657,0.9311209330145194
X_scGPT,0.5,erlotinib,A375_SKIN,593,0.06873747736487996,1.0213871227348033
X_scGPT,0.5,erlotinib,FTC133_THYROID,140,0.06563196933926328,0.9671145268848964
X_scGPT,0.5,erlotinib,OVK18_OVARY,178,0.014562339699058135,0.9521264932798535
X_scGPT,0.5,erlotinib,ACCMESO1_PLEURA,162,0.01577182984702047,0.9152843632079937
X_scGPT,0.5,erlotinib,HMC18_BREAST,293,0.01248928528227565,0.9253839809739955
X_scGPT,0.5,erlotinib,TOV112D_OVARY,78,0.010016347350745775,0.9440909180885706
X_scGPT,0.5,erlotinib,JHH6_LIVER,206,0.05123815918195113,0.8874336110735402
X_scGPT,0.5,erlotinib,A2058_SKIN,294,0.022532121823406564,0.9545141930888299
X_scGPT,0.5,erlotinib,NCIH2110_LUNG,1990,0.02962265317891925,0.8902739112101608
X_scGPT,0.5,erlotinib,NCIH650_LUNG,271,0.03315829573510326,0.8935784332426712
X_scGPT,0.5,erlotinib,EFE184_ENDOMETRIUM,86,0.02056719825850249,0.8799223650333493
X_scGPT,0.5,erlotinib,HUPT3_PANCREAS,136,0.04302543739437254,0.8710976891657886
X_scGPT,0.5,erlotinib,MDAMB361_BREAST,135,0.018476682775257023,0.996499756971995
X_scGPT,0.5,erlotinib,BCPAP_THYROID,152,0.023712250712954245,0.9501594512870437
X_scGPT,0.5,erlotinib,PECAPJ49_UPPER_AERODIGESTIVE_TRACT,202,0.04653878893589777,0.7549923882626071
X_scGPT,0.5,erlotinib,EKVX_LUNG,146,0.02052974505133727,0.8825397687415554
X_scGPT,0.5,erlotinib,BICR56_UPPER_AERODIGESTIVE_TRACT,81,0.02671534858333171,0.7118085549201494
X_scGPT,0.5,erlotinib,NCIH2170_LUNG,142,0.02379750245385593,0.854635799434823
X_scGPT,0.5,erlotinib,DETROIT562_UPPER_AERODIGESTIVE_TRACT,163,0.02326287714454979,0.8036685735901441
X_scGPT,0.5,erlotinib,SW1088_CENTRAL_NERVOUS_SYSTEM,128,0.018105611486605798,0.9987915605306625
X_scGPT,0.5,erlotinib,BHY_UPPER_AERODIGESTIVE_TRACT,145,0.05830890700278299,0.7094278598653859
X_scGPT,0.5,erlotinib,CAS1_CENTRAL_NERVOUS_SYSTEM,133,0.014090994593717246,0.9729951292948615
X_scGPT,0.5,erlotinib,HCC1428_BREAST,127,0.039515044071247826,0.8936346806879119
X_scGPT,0.5,erlotinib,HDQP1_BREAST,64,0.05322517966447992,0.8938549226149917
X_scGPT,0.5,erlotinib,OSRC2_KIDNEY,126,0.03961720772318836,0.9394324450265794
X_scGPT,0.5,erlotinib,HUPT4_PANCREAS,56,0.045191337061165106,0.8658886030316353
X_scGPT,0.5,erlotinib,TCCSUP_URINARY_TRACT,316,0.031497689339324605,0.9418079121203362
X_scGPT,0.5,erlotinib,VMRCRCZ_KIDNEY,300,0.013575526516691501,0.9149803229173025
X_scGPT,0.5,erlotinib,PK59_PANCREAS,174,0.03583037282519649,0.934794345121274
X_scGPT,0.5,erlotinib,HUH6_LIVER,338,0.02333198493948277,0.8971322194711696
X_scGPT,0.5,erlotinib,MSTO211H_PLEURA,297,0.01213107498137274,0.9651763104027771
X_scGPT,0.5,erlotinib,HS852T_SKIN,162,0.051721126958235476,1.056895238749775
X_scGPT,0.5,erlotinib,SKMEL30_SKIN,353,0.011325750441306712,0.9531835594528457
X_scGPT,0.5,erlotinib,T47D_BREAST,221,0.02557947810862133,0.9982750483228071
X_scGPT,0.5,erlotinib,CALU6_LUNG,258,0.032986051331622385,0.9218529719252919
X_scGPT,0.5,erlotinib,NCIH522_LUNG,208,0.010545655797627332,0.933816654750934
X_scGPT,0.5,erlotinib,LMSU_STOMACH,255,0.013993902579820795,0.8950285121506336
X_scGPT,0.5,erlotinib,SNUC4_LARGE_INTESTINE,467,0.025528273987577912,0.8163537967639
X_scGPT,0.5,erlotinib,RVH421_SKIN,239,0.020369417878619463,0.9657574672579267
X_scGPT,0.5,erlotinib,OVSAHO_OVARY,227,0.01088511136185701,0.9099237152133219
X_scGPT,0.5,erlotinib,GOS3_CENTRAL_NERVOUS_SYSTEM,191,0.016396623108796676,0.9142539220330603
X_scGPT,0.5,erlotinib,SNU738_CENTRAL_NERVOUS_SYSTEM,379,0.01349456083209829,0.9459559434636602
X_scGPT,0.5,erlotinib,PC3_PROSTATE,169,0.015128695797175002,0.9546157855253953
X_scGPT,0.5,erlotinib,PATU8988S_PANCREAS,244,0.023621329109049783,0.8217729979851207
X_scGPT,0.5,erlotinib,OVTOKO_OVARY,209,0.01490413830603775,0.8795103045741907
X_scGPT,0.5,erlotinib,TE1_OESOPHAGUS,206,0.027117087937674717,0.8568765526836358
X_scGPT,0.5,erlotinib,NCIH2087_LUNG,219,0.04581312586867795,0.8138127811423176
X_scGPT,0.5,erlotinib,EFM192A_BREAST,333,0.038331131310774674,0.9061900094464734
X_scGPT,0.5,erlotinib,SNU423_LIVER,212,0.019747804175896035,0.9128859701021662
X_scGPT,0.5,erlotinib,KPL1_BREAST,276,0.024491036735972128,0.9183617698541586
X_scGPT,0.5,erlotinib,NCIH358_LUNG,336,0.025822993025048722,0.9019599092148599
X_scGPT,0.5,erlotinib,COLO792_SKIN,271,0.009563278779532253,0.9362278987560765
X_scGPT,0.5,erlotinib,KYSE520_OESOPHAGUS,323,0.02081423913623933,0.8384724951380915
X_scGPT,0.5,erlotinib,KMRC3_KIDNEY,245,0.01327828835944994,0.9246516896753895
X_scGPT,0.5,erlotinib,MKN7_STOMACH,258,0.047161950962312606,0.910130782644878
X_scGPT,0.5,erlotinib,NCIH1944_LUNG,414,0.01614955516375177,0.884075037955086
X_scGPT,0.5,erlotinib,TE6_OESOPHAGUS,551,0.019688582621100844,0.8233039048103152
X_scGPT,0.5,erlotinib,ZR751_BREAST,309,0.01447172826259119,0.9836995080836768
X_scGPT,0.5,erlotinib,PANC0203_PANCREAS,506,0.032991603080455144,0.7762515683890331
X_scGPT,0.5,erlotinib,SW1990_PANCREAS,307,0.032908706907331164,0.940710617975614
X_scGPT,0.5,erlotinib,RD_SOFT_TISSUE,261,0.012618291048733072,0.955798612472198
X_scGPT,0.5,erlotinib,NCIH1792_LUNG,111,0.026064268949964317,0.9196038203196483
X_scGPT,0.5,erlotinib,PK45H_PANCREAS,271,0.022495295714139822,0.8816774698641028
X_scGPT,0.5,erlotinib,LS180_LARGE_INTESTINE,361,0.022775560884513008,0.821434167943833
X_scGPT,0.5,erlotinib,RERFLCAI_LUNG,763,0.02504296960613737,0.9488690262697003
X_scGPT,0.5,erlotinib,CAMA1_BREAST,291,0.02669727835875339,0.9294151317622653
X_scGPT,0.5,erlotinib,SNU449_LIVER,282,0.026132376487637103,0.8619603795785431
X_scGPT,0.5,erlotinib,A204_SOFT_TISSUE,250,0.014397575622730243,0.9943603339195252
X_scGPT,0.5,erlotinib,MKN45_STOMACH,118,0.027011334373129112,0.9014154495829243
X_scGPT,0.5,erlotinib,HEP3B217_LIVER,118,0.012037056651402943,0.9020693362769434
X_scGPT,0.5,erlotinib,HOS_BONE,829,0.024238387074459723,0.926356160309979
X_scGPT,0.5,erlotinib,EBC1_LUNG,186,0.052116745484156866,0.8078913451522909
X_scGPT,0.5,erlotinib,NCIH292_LUNG,213,0.04329512605514333,0.79406712480554
X_scGPT,0.5,erlotinib,OUMS23_LARGE_INTESTINE,107,0.020921583173876702,0.9383246469720502
X_scGPT,0.5,erlotinib,HEC151_ENDOMETRIUM,250,0.020987731061206046,0.8886161415576935
X_scGPT,0.5,erlotinib,NCIH1373_LUNG,164,0.04718028619165268,0.8091277200274352
X_scGPT,0.5,erlotinib,TE9_OESOPHAGUS,248,0.01952953049167296,0.8098102723879199
X_scGPT,0.5,erlotinib,HCC56_LARGE_INTESTINE,99,0.023386523553060284,0.8288658050575641
X_scGPT,0.5,erlotinib,HT55_LARGE_INTESTINE,211,0.015467178619974011,0.9276499005290569
X_scGPT,0.5,erlotinib,RT4_URINARY_TRACT,106,0.028477286528945447,0.8066916319559205
X_scGPT,0.5,erlotinib,SKES1_BONE,91,0.011323007497594954,0.9413750152011494
X_scGPT,0.5,erlotinib,NCIH1435_LUNG,267,0.03175366805133918,0.7682314595479643
X_scGPT,0.5,erlotinib,8305C_THYROID,459,0.01723558998136125,0.9481793662821285
X_scGPT,0.5,erlotinib,NCIH2228_LUNG,367,0.05102051029953782,0.893373911647121
X_scGPT,0.5,erlotinib,TE10_OESOPHAGUS,219,0.022170511243311902,0.8160295001992351
X_scGPT,0.5,erlotinib,ASPC1_PANCREAS,290,0.01842704030965709,0.8413545875713743
X_scGPT,0.5,erlotinib,HCC366_LUNG,202,0.026626956212516494,0.890512590656186
X_scGPT,0.5,erlotinib,BICR16_UPPER_AERODIGESTIVE_TRACT,212,0.033072311833662445,0.7680196323484745
X_scGPT,0.5,erlotinib,HEC6_ENDOMETRIUM,161,0.015254447575260361,0.9348317181101496
X_scGPT,0.5,erlotinib,KALS1_CENTRAL_NERVOUS_SYSTEM,288,0.010534980459947552,0.9244652055203915
X_scGPT,0.5,erlotinib,NCIH2444_LUNG,237,0.03663105124128847,0.9059574292178898
X_scGPT,0.5,erlotinib,SNU46_UPPER_AERODIGESTIVE_TRACT,236,0.05354058830671078,0.8741176605729734
X_scGPT,0.5,erlotinib,OAW28_OVARY,161,0.03056355543442573,0.8650818966930698
X_scGPT,0.5,erlotinib,SNU1214_UPPER_AERODIGESTIVE_TRACT,188,0.03374937568726362,0.7584206870895751
X_scGPT,0.5,erlotinib,SKMEL5_SKIN,297,0.010150468194652118,0.9656225693747652
X_scGPT,0.5,erlotinib,OVCAR4_OVARY,283,0.01771030652404814,0.9085367665273983
X_scGPT,0.5,erlotinib,UACC257_SKIN,239,0.006690816791951341,0.942555101596162
X_scGPT,0.5,erlotinib,ONCODG1_OVARY,270,0.015918949617719707,0.8884458667702145
X_scGPT,0.5,erlotinib,HUH28_BILIARY_TRACT,139,0.009879870985402857,0.9398370050697875
X_scGPT,0.5,erlotinib,IM95_STOMACH,185,0.022047904760428373,0.8359514629518664
X_scGPT,0.5,erlotinib,TE14_OESOPHAGUS,474,0.028506062350231523,0.7924520053944004
X_scGPT,0.5,erlotinib,CAKI2_KIDNEY,278,0.018433159965595962,0.859321782271639
X_scGPT,0.5,erlotinib,SU8686_PANCREAS,82,0.01663824780695755,0.9035239982895735
X_scGPT,0.5,erlotinib,SCC25_UPPER_AERODIGESTIVE_TRACT,898,0.024502543248624827,0.7790084462654352
X_scGPT,0.5,erlotinib,SCC9_UPPER_AERODIGESTIVE_TRACT,475,0.02237712900284291,0.8893592360145167
X_scGPT,0.5,sorafenib,NCIH2126_LUNG,264,0.0064913243379543465,0.8816682256080888
X_scGPT,0.5,sorafenib,SW579_THYROID,217,0.01810565478402534,0.8557431686858428
X_scGPT,0.5,sorafenib,NCIH446_LUNG,196,0.023576731931655753,0.8173086542864235
X_scGPT,0.5,sorafenib,HEC251_ENDOMETRIUM,107,0.018006961562583856,0.8840081597042975
X_scGPT,0.5,sorafenib,MFE319_ENDOMETRIUM,191,0.012112050815267592,0.8642855867041344
X_scGPT,0.5,sorafenib,SKNAS_AUTONOMIC_GANGLIA,226,0.008984553015497115,0.8264329958278521
X_scGPT,0.5,sorafenib,NCIH2452_PLEURA,538,0.02281646127347966,0.8497984977681398
X_scGPT,0.5,sorafenib,COLO741_SKIN,329,0.009799231571680611,0.857557026086245
X_scGPT,0.5,sorafenib,KNS42_CENTRAL_NERVOUS_SYSTEM,172,0.006310798928808687,0.8627746909163719
X_scGPT,0.5,sorafenib,MCF7_BREAST,143,0.01662711440880846,0.8935033483105106
X_scGPT,0.5,sorafenib,HT1197_URINARY_TRACT,74,0.006675614200691431,0.9001108802653648
X_scGPT,0.5,sorafenib,SNU899_UPPER_AERODIGESTIVE_TRACT,83,0.00991370137876279,0.8937479343759008
X_scGPT,0.5,sorafenib,HCC38_BREAST,200,0.033658193068005667,0.8730697238445282
X_scGPT,0.5,sorafenib,SNU308_BILIARY_TRACT,94,0.013290821611646892,0.9183116409372776
X_scGPT,0.5,sorafenib,SW1271_LUNG,115,0.014994229465975714,0.8697527926901113
X_scGPT,0.5,sorafenib,TM31_CENTRAL_NERVOUS_SYSTEM,116,0.009895455695471433,0.8351774272219888
X_scGPT,0.5,sorafenib,NCIH747_LARGE_INTESTINE,80,0.02073763210196348,0.9242241770029068
X_scGPT,0.5,sorafenib,KPNSI9S_AUTONOMIC_GANGLIA,129,0.03206434335205909,0.7596857529277949
X_scGPT,0.5,sorafenib,SQ1_LUNG,238,0.016231886217322473,0.8586530194563025
X_scGPT,0.5,sorafenib,IALM_LUNG,322,0.007089242303926869,0.8679690631280034
X_scGPT,0.5,sorafenib,BT474_BREAST,125,0.007551518853262138,0.909613124370575
X_scGPT,0.5,sorafenib,DKMG_CENTRAL_NERVOUS_SYSTEM,271,0.045540435649309735,0.772460223783866
X_scGPT,0.5,sorafenib,BT549_BREAST,266,0.01879709805867435,0.7983285172989494
X_scGPT,0.5,sorafenib,BICR6_UPPER_AERODIGESTIVE_TRACT,286,0.01995845425630872,0.8913325886209528
X_scGPT,0.5,sorafenib,SH10TC_STOMACH,351,0.02349426906218177,0.8741005777973055
X_scGPT,0.5,sorafenib,UMUC1_URINARY_TRACT,197,0.013451769134836148,0.9322164315862704
X_scGPT,0.5,sorafenib,LS1034_LARGE_INTESTINE,146,0.006339974783422164,0.9076574285552926
X_scGPT,0.5,sorafenib,CCFSTTG1_CENTRAL_NERVOUS_SYSTEM,246,0.051883777118949204,0.7589955300819583
X_scGPT,0.5,sorafenib,NCIH226_LUNG,235,0.02193657599392365,0.851357960447352
X_scGPT,0.5,sorafenib,LNCAPCLONEFGC_PROSTATE,129,0.0090299605593821,0.8503674231758414
X_scGPT,0.5,sorafenib,RCC10RGB_KIDNEY,233,0.02479925186683429,0.8740230622209705
X_scGPT,0.5,sorafenib,RERFLCAD1_LUNG,243,0.03264796036515998,0.8694460804079785
X_scGPT,0.5,sorafenib,SKMEL2_SKIN,276,0.018163488772393644,0.8489605723947719
X_scGPT,0.5,sorafenib,BICR31_UPPER_AERODIGESTIVE_TRACT,248,0.017303608963677435,0.8874329946214153
X_scGPT,0.5,sorafenib,RCM1_LARGE_INTESTINE,128,0.012735884497355495,0.8410675269551575
X_scGPT,0.5,sorafenib,COV434_OVARY,88,0.009133652647643882,0.8644280122085051
X_scGPT,0.5,sorafenib,SNU1079_BILIARY_TRACT,73,0.016834199099271144,0.8943207745682703
X_scGPT,0.5,sorafenib,YD38_UPPER_AERODIGESTIVE_TRACT,624,0.005994745483199744,0.8924880932347897
X_scGPT,0.5,sorafenib,NCIH1299_LUNG,534,0.008293786823909735,0.8424243657999717
X_scGPT,0.5,sorafenib,IGR37_SKIN,347,0.007365371813806283,0.8727609860450459
X_scGPT,0.5,sorafenib,BFTC909_KIDNEY,379,0.031661334965112475,0.826665670701885
X_scGPT,0.5,sorafenib,NCIH460_LUNG,837,0.019676712415477263,0.8327257531375726
X_scGPT,0.5,sorafenib,IGR1_SKIN,725,0.018502009251987115,0.8388676732161949
X_scGPT,0.5,sorafenib,VMCUB1_URINARY_TRACT,478,0.006222087299747011,0.8854277253649724
X_scGPT,0.5,sorafenib,JHOC5_OVARY,145,0.024807508077502222,0.8732133639269861
X_scGPT,0.5,sorafenib,42MGBA_CENTRAL_NERVOUS_SYSTEM,518,0.005958692669071731,0.8453288898734973
X_scGPT,0.5,sorafenib,HT1080_SOFT_TISSUE,516,0.02977027719698917,0.8588838324297307
X_scGPT,0.5,sorafenib,LI7_LIVER,196,0.007235026304623458,0.8869501832796602
X_scGPT,0.5,sorafenib,A375_SKIN,593,0.020912598061038266,0.881785524836278
X_scGPT,0.5,sorafenib,FTC133_THYROID,140,0.022977412988687187,0.8638521688325065
X_scGPT,0.5,sorafenib,OVK18_OVARY,178,0.032581138837370294,0.9087626197364893
X_scGPT,0.5,sorafenib,ACCMESO1_PLEURA,162,0.01119381421549714,0.8358286354276869
X_scGPT,0.5,sorafenib,HMC18_BREAST,293,0.00938812191391151,0.8479084325731818
X_scGPT,0.5,sorafenib,TOV112D_OVARY,78,0.00966949189942983,0.8251947477841989
X_scGPT,0.5,sorafenib,JHH6_LIVER,206,0.021314186335721873,0.8181281986745815
X_scGPT,0.5,sorafenib,A2058_SKIN,294,0.03766555646175171,0.8664602333185624
X_scGPT,0.5,sorafenib,NCIH2110_LUNG,1990,0.014583136828838585,0.907803872332501
X_scGPT,0.5,sorafenib,NCIH650_LUNG,271,0.027544447033500234,0.9025831961543798
X_scGPT,0.5,sorafenib,EFE184_ENDOMETRIUM,86,0.008145002028493125,0.8980454961920894
X_scGPT,0.5,sorafenib,HUPT3_PANCREAS,136,0.02478849999435338,0.9336572815390194
X_scGPT,0.5,sorafenib,MDAMB361_BREAST,135,0.016558771619413087,0.8937495483292474
X_scGPT,0.5,sorafenib,BCPAP_THYROID,152,0.008571435611544494,0.8585677946868696
X_scGPT,0.5,sorafenib,PECAPJ49_UPPER_AERODIGESTIVE_TRACT,202,0.013271311682219938,0.9334357729052553
X_scGPT,0.5,sorafenib,EKVX_LUNG,146,0.01174348952215247,0.8667633255867109
X_scGPT,0.5,sorafenib,BICR56_UPPER_AERODIGESTIVE_TRACT,81,0.012299630068253952,0.8873994600625685
X_scGPT,0.5,sorafenib,NCIH2170_LUNG,142,0.007013990142614269,0.8761838015536187
X_scGPT,0.5,sorafenib,DETROIT562_UPPER_AERODIGESTIVE_TRACT,163,0.009631555196109934,0.9029261901334751
X_scGPT,0.5,sorafenib,SW1088_CENTRAL_NERVOUS_SYSTEM,128,0.006316777604095532,0.8457730743102729
X_scGPT,0.5,sorafenib,BHY_UPPER_AERODIGESTIVE_TRACT,145,0.016302340916167318,0.9040658576735134
X_scGPT,0.5,sorafenib,CAS1_CENTRAL_NERVOUS_SYSTEM,133,0.016318719246170448,0.805389224138475
X_scGPT,0.5,sorafenib,HCC1428_BREAST,127,0.02664678560749995,0.9098413793120798
X_scGPT,0.5,sorafenib,HDQP1_BREAST,64,0.012954134088847316,0.8737757932394743
X_scGPT,0.5,sorafenib,OSRC2_KIDNEY,126,0.016255006262604062,0.8945506612459818
X_scGPT,0.5,sorafenib,HUPT4_PANCREAS,56,0.029523529594920567,0.8739012458494732
X_scGPT,0.5,sorafenib,TCCSUP_URINARY_TRACT,316,0.014435351148508463,0.8501992352023909
X_scGPT,0.5,sorafenib,VMRCRCZ_KIDNEY,300,0.008783731647951648,0.8440739798545838
X_scGPT,0.5,sorafenib,PK59_PANCREAS,174,0.021208439181116673,0.8889430175567495
X_scGPT,0.5,sorafenib,HUH6_LIVER,338,0.0051756731761292175,0.886772061769779
X_scGPT,0.5,sorafenib,MSTO211H_PLEURA,297,0.014439941776508257,0.8150872616254119
X_scGPT,0.5,sorafenib,HS852T_SKIN,162,0.017282905539266404,0.874403597764027
X_scGPT,0.5,sorafenib,SKMEL30_SKIN,353,0.015770896798654038,0.8682826056696538
X_scGPT,0.5,sorafenib,T47D_BREAST,221,0.02338863709486892,0.8886079542777118
X_scGPT,0.5,sorafenib,CALU6_LUNG,258,0.018075628717395077,0.8475453613340392
X_scGPT,0.5,sorafenib,NCIH522_LUNG,208,0.009181777218623796,0.8300475180149078
X_scGPT,0.5,sorafenib,LMSU_STOMACH,255,0.00817687323030055,0.8444601206218495
X_scGPT,0.5,sorafenib,SNUC4_LARGE_INTESTINE,467,0.01216435412782391,0.8909247078527985
X_scGPT,0.5,sorafenib,RVH421_SKIN,239,0.01213094589246564,0.8708637503899291
X_scGPT,0.5,sorafenib,OVSAHO_OVARY,227,0.008409778372755824,0.8580317615412405
X_scGPT,0.5,sorafenib,GOS3_CENTRAL_NERVOUS_SYSTEM,191,0.009615277247433112,0.835419008557085
X_scGPT,0.5,sorafenib,SNU738_CENTRAL_NERVOUS_SYSTEM,379,0.015989434157414294,0.8530690677876838
X_scGPT,0.5,sorafenib,PC3_PROSTATE,169,0.017856291102189933,0.8445683188692352
X_scGPT,0.5,sorafenib,PATU8988S_PANCREAS,244,0.009578127707212012,0.9113461035685461
X_scGPT,0.5,sorafenib,OVTOKO_OVARY,209,0.00861566684954467,0.8654025279734123
X_scGPT,0.5,sorafenib,TE1_OESOPHAGUS,206,0.007007015942131154,0.8875990978722433
X_scGPT,0.5,sorafenib,NCIH2087_LUNG,219,0.021010722307660094,0.903262779320756
X_scGPT,0.5,sorafenib,EFM192A_BREAST,333,0.016584083844657364,0.9214632831536256
X_scGPT,0.5,sorafenib,SNU423_LIVER,212,0.006391566079106133,0.8657223765017852
X_scGPT,0.5,sorafenib,KPL1_BREAST,276,0.013413130688058331,0.8839532091565754
X_scGPT,0.5,sorafenib,NCIH358_LUNG,336,0.015931796588548403,0.8972213158295268
X_scGPT,0.5,sorafenib,COLO792_SKIN,271,0.011228848333950072,0.8556814787572601
X_scGPT,0.5,sorafenib,KYSE520_OESOPHAGUS,323,0.011463160416826226,0.8841663587942212
X_scGPT,0.5,sorafenib,KMRC3_KIDNEY,245,0.012384670970057061,0.8791218212672642
X_scGPT,0.5,sorafenib,MKN7_STOMACH,258,0.02205770360060532,0.8974861128385677
X_scGPT,0.5,sorafenib,NCIH1944_LUNG,414,0.009878694178750575,0.8696663287526744
X_scGPT,0.5,sorafenib,TE6_OESOPHAGUS,551,0.010494274468152116,0.8893727484934992
X_scGPT,0.5,sorafenib,ZR751_BREAST,309,0.01645923164325841,0.8363462113639684
X_scGPT,0.5,sorafenib,PANC0203_PANCREAS,506,0.016743177568672857,0.8542947579513896
X_scGPT,0.5,sorafenib,SW1990_PANCREAS,307,0.016119657798158642,0.8752921266353868
X_scGPT,0.5,sorafenib,RD_SOFT_TISSUE,261,0.013245643326055977,0.7951839997850615
X_scGPT,0.5,sorafenib,NCIH1792_LUNG,111,0.007318213207031816,0.8657330118858062
X_scGPT,0.5,sorafenib,PK45H_PANCREAS,271,0.005378322572059151,0.8791713314302733
X_scGPT,0.5,sorafenib,LS180_LARGE_INTESTINE,361,0.023638772951013035,0.8761470096593418
X_scGPT,0.5,sorafenib,RERFLCAI_LUNG,763,0.014490979098328315,0.8663562486243591
X_scGPT,0.5,sorafenib,CAMA1_BREAST,291,0.01341755449352716,0.8928471092915616
X_scGPT,0.5,sorafenib,SNU449_LIVER,282,0.019876271981935787,0.8636335145074425
X_scGPT,0.5,sorafenib,A204_SOFT_TISSUE,250,0.007346870651539667,0.8588971133232117
X_scGPT,0.5,sorafenib,MKN45_STOMACH,118,0.014760255640350944,0.9059546251418227
X_scGPT,0.5,sorafenib,HEP3B217_LIVER,118,0.007400064242188637,0.8484171977487661
X_scGPT,0.5,sorafenib,HOS_BONE,829,0.00678376390224074,0.8620120289098512
X_scGPT,0.5,sorafenib,EBC1_LUNG,186,0.022418230342100675,0.8579265206090866
X_scGPT,0.5,sorafenib,NCIH292_LUNG,213,0.019544663807680145,0.8699023049202323
X_scGPT,0.5,sorafenib,OUMS23_LARGE_INTESTINE,107,0.021909713106783073,0.8815702238929606
X_scGPT,0.5,sorafenib,HEC151_ENDOMETRIUM,250,0.005801415100829944,0.888041887998581
X_scGPT,0.5,sorafenib,NCIH1373_LUNG,164,0.02395030600150836,0.8626027376186557
X_scGPT,0.5,sorafenib,TE9_OESOPHAGUS,248,0.008203992550130497,0.9050056242173717
X_scGPT,0.5,sorafenib,HCC56_LARGE_INTESTINE,99,0.011641009449175366,0.8763182500396112
X_scGPT,0.5,sorafenib,HT55_LARGE_INTESTINE,211,0.013698454650535291,0.9033507475920763
X_scGPT,0.5,sorafenib,RT4_URINARY_TRACT,106,0.014769630067852112,0.8648433640318097
X_scGPT,0.5,sorafenib,SKES1_BONE,91,0.008301566000119031,0.822902126626654
X_scGPT,0.5,sorafenib,NCIH1435_LUNG,267,0.0157634568520629,0.8568004396524322
X_scGPT,0.5,sorafenib,8305C_THYROID,459,0.00610100256055905,0.8601524846745991
X_scGPT,0.5,sorafenib,NCIH2228_LUNG,367,0.020459719116767958,0.874361412726566
X_scGPT,0.5,sorafenib,TE10_OESOPHAGUS,219,0.0049439859050663965,0.8926137478928587
X_scGPT,0.5,sorafenib,ASPC1_PANCREAS,290,0.005420372732846621,0.8968227396751273
X_scGPT,0.5,sorafenib,HCC366_LUNG,202,0.014905099695385844,0.8910186674335215
X_scGPT,0.5,sorafenib,BICR16_UPPER_AERODIGESTIVE_TRACT,212,0.014879318872671125,0.885601466837919
X_scGPT,0.5,sorafenib,HEC6_ENDOMETRIUM,161,0.011672730667635974,0.8764440154436952
X_scGPT,0.5,sorafenib,KALS1_CENTRAL_NERVOUS_SYSTEM,288,0.006938598233856095,0.8297313377261162
X_scGPT,0.5,sorafenib,NCIH2444_LUNG,237,0.015428368438297556,0.8973411210981602
X_scGPT,0.5,sorafenib,SNU46_UPPER_AERODIGESTIVE_TRACT,236,0.013046581055624729,0.8753408958851281
X_scGPT,0.5,sorafenib,OAW28_OVARY,161,0.015785741673180406,0.8985231648320737
X_scGPT,0.5,sorafenib,SNU1214_UPPER_AERODIGESTIVE_TRACT,188,0.011442024135885775,0.9103094250597852
X_scGPT,0.5,sorafenib,SKMEL5_SKIN,297,0.00787608452657221,0.8951996051101171
X_scGPT,0.5,sorafenib,OVCAR4_OVARY,283,0.011506327244532174,0.9117612122646911
X_scGPT,0.5,sorafenib,UACC257_SKIN,239,0.007577631982679434,0.8720104809086692
X_scGPT,0.5,sorafenib,ONCODG1_OVARY,270,0.008760380351356973,0.8657250940799713
X_scGPT,0.5,sorafenib,HUH28_BILIARY_TRACT,139,0.006913897735139911,0.8197348143556993
X_scGPT,0.5,sorafenib,IM95_STOMACH,185,0.0053797488016322104,0.90791191055968
X_scGPT,0.5,sorafenib,TE14_OESOPHAGUS,474,0.010846970900955596,0.901193708055633
X_scGPT,0.5,sorafenib,CAKI2_KIDNEY,278,0.005281759661854797,0.8969372961160947
X_scGPT,0.5,sorafenib,SU8686_PANCREAS,82,0.009250051726782664,0.8983900372574969
X_scGPT,0.5,sorafenib,SCC25_UPPER_AERODIGESTIVE_TRACT,898,0.011839222104845913,0.9101514663621949
X_scGPT,0.5,sorafenib,SCC9_UPPER_AERODIGESTIVE_TRACT,475,0.012871288580503435,0.8432543176098873
X_scGPT,0.5,dasatinib,NCIH2126_LUNG,264,0.04134702363430111,0.6817976584037145
X_scGPT,0.5,dasatinib,SW579_THYROID,217,0.03147554987563442,0.6512365552686876
X_scGPT,0.5,dasatinib,NCIH446_LUNG,196,0.043592028021977126,0.8194635428336202
X_scGPT,0.5,dasatinib,HEC251_ENDOMETRIUM,107,0.05451907969717994,0.6232871265611916
X_scGPT,0.5,dasatinib,MFE319_ENDOMETRIUM,191,0.029873438567389214,0.7278299500180788
X_scGPT,0.5,dasatinib,SKNAS_AUTONOMIC_GANGLIA,226,0.027075016600860258,0.7210854576752249
X_scGPT,0.5,dasatinib,NCIH2452_PLEURA,538,0.035176973676836344,0.6566618335291355
X_scGPT,0.5,dasatinib,COLO741_SKIN,329,0.04708687304263462,0.8868580607295399
X_scGPT,0.5,dasatinib,KNS42_CENTRAL_NERVOUS_SYSTEM,172,0.022477840231595162,0.6924865353246068
X_scGPT,0.5,dasatinib,MCF7_BREAST,143,0.043664749667686194,0.8575274998491461
X_scGPT,0.5,dasatinib,HT1197_URINARY_TRACT,74,0.026746073192248993,0.6203269201356012
X_scGPT,0.5,dasatinib,SNU899_UPPER_AERODIGESTIVE_TRACT,83,0.020616164979566098,0.6161344941840114
X_scGPT,0.5,dasatinib,HCC38_BREAST,200,0.07800875532265265,0.7598420479893684
X_scGPT,0.5,dasatinib,SNU308_BILIARY_TRACT,94,0.04333963300788649,0.6036132203137621
X_scGPT,0.5,dasatinib,SW1271_LUNG,115,0.036856188372423805,0.6963353587233502
X_scGPT,0.5,dasatinib,TM31_CENTRAL_NERVOUS_SYSTEM,116,0.019009995321837427,0.6369594279034384
X_scGPT,0.5,dasatinib,NCIH747_LARGE_INTESTINE,80,0.05608634174892105,0.7596487127244472
X_scGPT,0.5,dasatinib,KPNSI9S_AUTONOMIC_GANGLIA,129,0.04350987494386222,0.5830708287020986
X_scGPT,0.5,dasatinib,SQ1_LUNG,238,0.04282385046231541,0.6455134711846584
X_scGPT,0.5,dasatinib,IALM_LUNG,322,0.029939135664926966,0.6942152817797217
X_scGPT,0.5,dasatinib,BT474_BREAST,125,0.036652038872056654,0.7827000660896302
X_scGPT,0.5,dasatinib,DKMG_CENTRAL_NERVOUS_SYSTEM,271,0.04162810260259362,0.537210890177871
X_scGPT,0.5,dasatinib,BT549_BREAST,266,0.03235784708854159,0.6390193084576973
X_scGPT,0.5,dasatinib,BICR6_UPPER_AERODIGESTIVE_TRACT,286,0.06307706390529093,0.5816949759121541
X_scGPT,0.5,dasatinib,SH10TC_STOMACH,351,0.042047422794161196,0.7087737145247283
X_scGPT,0.5,dasatinib,UMUC1_URINARY_TRACT,197,0.04028259161448948,0.5569111667006149
X_scGPT,0.5,dasatinib,LS1034_LARGE_INTESTINE,146,0.035740456103417514,0.6986565577657255
X_scGPT,0.5,dasatinib,CCFSTTG1_CENTRAL_NERVOUS_SYSTEM,246,0.059067656823248486,0.5409763370587574
X_scGPT,0.5,dasatinib,NCIH226_LUNG,235,0.04256226545148828,0.6346227158891394
X_scGPT,0.5,dasatinib,LNCAPCLONEFGC_PROSTATE,129,0.021551824306890587,0.8612810719844907
X_scGPT,0.5,dasatinib,RCC10RGB_KIDNEY,233,0.06822680713717948,0.6096930916984705
X_scGPT,0.5,dasatinib,RERFLCAD1_LUNG,243,0.04549717113123088,0.6813399428693355
X_scGPT,0.5,dasatinib,SKMEL2_SKIN,276,0.057414168873050404,0.7980806119200112
X_scGPT,0.5,dasatinib,BICR31_UPPER_AERODIGESTIVE_TRACT,248,0.06039870571387809,0.5755366922145889
X_scGPT,0.5,dasatinib,RCM1_LARGE_INTESTINE,128,0.05892490002670696,0.6967410449869931
X_scGPT,0.5,dasatinib,COV434_OVARY,88,0.026939267458185878,0.7595780762759122
X_scGPT,0.5,dasatinib,SNU1079_BILIARY_TRACT,73,0.037260655213743867,0.7026171553624819
X_scGPT,0.5,dasatinib,YD38_UPPER_AERODIGESTIVE_TRACT,624,0.03721849936916484,0.5723014623881915
X_scGPT,0.5,dasatinib,NCIH1299_LUNG,534,0.02117675047958264,0.6883099473147803
X_scGPT,0.5,dasatinib,IGR37_SKIN,347,0.021691768845236253,0.8490770732291494
X_scGPT,0.5,dasatinib,BFTC909_KIDNEY,379,0.06661844862304105,0.6467916621067279
X_scGPT,0.5,dasatinib,NCIH460_LUNG,837,0.04877873141186523,0.814392426179159
X_scGPT,0.5,dasatinib,IGR1_SKIN,725,0.038713394145002,0.8862929536556375
X_scGPT,0.5,dasatinib,VMCUB1_URINARY_TRACT,478,0.03801103442080252,0.6100118294919386
X_scGPT,0.5,dasatinib,JHOC5_OVARY,145,0.06590522235711563,0.5877277610630824
X_scGPT,0.5,dasatinib,42MGBA_CENTRAL_NERVOUS_SYSTEM,518,0.022939617082163168,0.7113450488298556
X_scGPT,0.5,dasatinib,HT1080_SOFT_TISSUE,516,0.06453974028591145,0.7232069700032242
X_scGPT,0.5,dasatinib,LI7_LIVER,196,0.04229533688045652,0.7385347096287475
X_scGPT,0.5,dasatinib,A375_SKIN,593,0.05487080513481819,0.8257946096624532
X_scGPT,0.5,dasatinib,FTC133_THYROID,140,0.06425608061106122,0.7133873790502548
X_scGPT,0.5,dasatinib,OVK18_OVARY,178,0.04390857981971924,0.8794923799761226
X_scGPT,0.5,dasatinib,ACCMESO1_PLEURA,162,0.016907732595345604,0.6514330590948646
X_scGPT,0.5,dasatinib,HMC18_BREAST,293,0.020492704487297606,0.7338787829916632
X_scGPT,0.5,dasatinib,TOV112D_OVARY,78,0.020131130985179324,0.7242092069907066
X_scGPT,0.5,dasatinib,JHH6_LIVER,206,0.059424072184509014,0.7119349504558785
X_scGPT,0.5,dasatinib,A2058_SKIN,294,0.06423317014118014,0.8770162000948069
X_scGPT,0.5,dasatinib,NCIH2110_LUNG,1990,0.04418069253872444,0.7428546270533423
X_scGPT,0.5,dasatinib,NCIH650_LUNG,271,0.052335164239152535,0.6991126807853305
X_scGPT,0.5,dasatinib,EFE184_ENDOMETRIUM,86,0.03491366577251293,0.6908757048983907
X_scGPT,0.5,dasatinib,HUPT3_PANCREAS,136,0.0735204236700618,0.7302375830271665
X_scGPT,0.5,dasatinib,MDAMB361_BREAST,135,0.029724337397478626,0.9263934797710842
X_scGPT,0.5,dasatinib,BCPAP_THYROID,152,0.02795596693577174,0.669485967802374
X_scGPT,0.5,dasatinib,PECAPJ49_UPPER_AERODIGESTIVE_TRACT,202,0.05518292962688318,0.5079568974157371
X_scGPT,0.5,dasatinib,EKVX_LUNG,146,0.02355488514807989,0.6654955524287812
X_scGPT,0.5,dasatinib,BICR56_UPPER_AERODIGESTIVE_TRACT,81,0.058320773715116965,0.4347164314470173
X_scGPT,0.5,dasatinib,NCIH2170_LUNG,142,0.04373264112491056,0.7509702868025068
X_scGPT,0.5,dasatinib,DETROIT562_UPPER_AERODIGESTIVE_TRACT,163,0.021153895761151627,0.6185646733623341
X_scGPT,0.5,dasatinib,SW1088_CENTRAL_NERVOUS_SYSTEM,128,0.02128413431109968,0.6735879997722805
X_scGPT,0.5,dasatinib,BHY_UPPER_AERODIGESTIVE_TRACT,145,0.06503201376740526,0.5212538464316007
X_scGPT,0.5,dasatinib,CAS1_CENTRAL_NERVOUS_SYSTEM,133,0.03410493758589279,0.6232803571493106
X_scGPT,0.5,dasatinib,HCC1428_BREAST,127,0.06986477261582974,0.8906874149803101
X_scGPT,0.5,dasatinib,HDQP1_BREAST,64,0.057409470792163804,0.643625705037266
X_scGPT,0.5,dasatinib,OSRC2_KIDNEY,126,0.058864505754566525,0.7202235933334108
X_scGPT,0.5,dasatinib,HUPT4_PANCREAS,56,0.05900379160341978,0.7340269280331475
X_scGPT,0.5,dasatinib,TCCSUP_URINARY_TRACT,316,0.037416251068492015,0.7048275887588912
X_scGPT,0.5,dasatinib,VMRCRCZ_KIDNEY,300,0.01803377396128038,0.6681069473425547
X_scGPT,0.5,dasatinib,PK59_PANCREAS,174,0.05253915778919588,0.8091133538333849
X_scGPT,0.5,dasatinib,HUH6_LIVER,338,0.031706460153057225,0.7228475183072175
X_scGPT,0.5,dasatinib,MSTO211H_PLEURA,297,0.036091741521689334,0.7172312883014229
X_scGPT,0.5,dasatinib,HS852T_SKIN,162,0.051020146421244736,0.7910537050094133
X_scGPT,0.5,dasatinib,SKMEL30_SKIN,353,0.06830780094698358,0.831194627217463
X_scGPT,0.5,dasatinib,T47D_BREAST,221,0.03546646235384268,0.8990664921734668
X_scGPT,0.5,dasatinib,CALU6_LUNG,258,0.038851115832474165,0.7342980626479599
X_scGPT,0.5,dasatinib,NCIH522_LUNG,208,0.020547169903325835,0.7070021723898557
X_scGPT,0.5,dasatinib,LMSU_STOMACH,255,0.014498677965728705,0.6235213730849472
X_scGPT,0.5,dasatinib,SNUC4_LARGE_INTESTINE,467,0.039282130236113606,0.7611823912861516
X_scGPT,0.5,dasatinib,RVH421_SKIN,239,0.03755866563110466,0.7163147432534764
X_scGPT,0.5,dasatinib,OVSAHO_OVARY,227,0.020700034873596236,0.7280725098916613
X_scGPT,0.5,dasatinib,GOS3_CENTRAL_NERVOUS_SYSTEM,191,0.020288610377359625,0.6424322789876249
X_scGPT,0.5,dasatinib,SNU738_CENTRAL_NERVOUS_SYSTEM,379,0.02650441869579087,0.6718258862445097
X_scGPT,0.5,dasatinib,PC3_PROSTATE,169,0.029700342025299732,0.6984542759917897
X_scGPT,0.5,dasatinib,PATU8988S_PANCREAS,244,0.031417363436473,0.7062977217748517
X_scGPT,0.5,dasatinib,OVTOKO_OVARY,209,0.01586817530204993,0.6527914655836005
X_scGPT,0.5,dasatinib,TE1_OESOPHAGUS,206,0.035006256435077154,0.6419926997527335
X_scGPT,0.5,dasatinib,NCIH2087_LUNG,219,0.05156616617184261,0.6440507924720033
X_scGPT,0.5,dasatinib,EFM192A_BREAST,333,0.06456025528914902,0.875407665520459
X_scGPT,0.5,dasatinib,SNU423_LIVER,212,0.018927947819349252,0.6451658977652496
X_scGPT,0.5,dasatinib,KPL1_BREAST,276,0.0360937393834735,0.8269312414138213
X_scGPT,0.5,dasatinib,NCIH358_LUNG,336,0.03604383024907191,0.6781567835382053
X_scGPT,0.5,dasatinib,COLO792_SKIN,271,0.04719410826307637,0.7697175428876137
X_scGPT,0.5,dasatinib,KYSE520_OESOPHAGUS,323,0.017940152721579204,0.6208585843951341
X_scGPT,0.5,dasatinib,KMRC3_KIDNEY,245,0.01997826565343738,0.6647363567838863
X_scGPT,0.5,dasatinib,MKN7_STOMACH,258,0.057658633217052606,0.7224293173283569
X_scGPT,0.5,dasatinib,NCIH1944_LUNG,414,0.018056666483317284,0.6809761118197787
X_scGPT,0.5,dasatinib,TE6_OESOPHAGUS,551,0.019470195732754565,0.6335495735253267
X_scGPT,0.5,dasatinib,ZR751_BREAST,309,0.024931470370475644,0.9281104714353493
X_scGPT,0.5,dasatinib,PANC0203_PANCREAS,506,0.04736256491070416,0.6123863829690006
X_scGPT,0.5,dasatinib,SW1990_PANCREAS,307,0.03653909283115501,0.6920824048961801
X_scGPT,0.5,dasatinib,RD_SOFT_TISSUE,261,0.0400811661317312,0.6742134735958786
X_scGPT,0.5,dasatinib,NCIH1792_LUNG,111,0.027918741254378272,0.6998446605227016
X_scGPT,0.5,dasatinib,PK45H_PANCREAS,271,0.025041973619641125,0.6654667284655835
X_scGPT,0.5,dasatinib,LS180_LARGE_INTESTINE,361,0.04062941035802204,0.7892853442651744
X_scGPT,0.5,dasatinib,RERFLCAI_LUNG,763,0.028885546795205663,0.6697801277334381
X_scGPT,0.5,dasatinib,CAMA1_BREAST,291,0.04448870471550894,0.8225975358199418
X_scGPT,0.5,dasatinib,SNU449_LIVER,282,0.0387293599173709,0.6181523463827499
X_scGPT,0.5,dasatinib,A204_SOFT_TISSUE,250,0.020444635966801596,0.7331358473300934
X_scGPT,0.5,dasatinib,MKN45_STOMACH,118,0.035749611348292507,0.7425030575970472
X_scGPT,0.5,dasatinib,HEP3B217_LIVER,118,0.024417323170142436,0.6764415896545022
X_scGPT,0.5,dasatinib,HOS_BONE,829,0.02788559420200238,0.6837282050648127
X_scGPT,0.5,dasatinib,EBC1_LUNG,186,0.04002845552524287,0.6247963889311718
X_scGPT,0.5,dasatinib,NCIH292_LUNG,213,0.04769215965435445,0.5950811964245469
X_scGPT,0.5,dasatinib,OUMS23_LARGE_INTESTINE,107,0.04466329392114209,0.7829564241605385
X_scGPT,0.5,dasatinib,HEC151_ENDOMETRIUM,250,0.028776604408973432,0.7047097282409668
X_scGPT,0.5,dasatinib,NCIH1373_LUNG,164,0.04188761393686891,0.6484669337912303
X_scGPT,0.5,dasatinib,TE9_OESOPHAGUS,248,0.01626107782728161,0.636029802983807
X_scGPT,0.5,dasatinib,HCC56_LARGE_INTESTINE,99,0.04167399426581819,0.7646792356414024
X_scGPT,0.5,dasatinib,HT55_LARGE_INTESTINE,211,0.03385116194756183,0.8172670012401744
X_scGPT,0.5,dasatinib,RT4_URINARY_TRACT,106,0.04290303865625979,0.7768833215506572
X_scGPT,0.5,dasatinib,SKES1_BONE,91,0.02252399614859429,0.7239522383763239
X_scGPT,0.5,dasatinib,NCIH1435_LUNG,267,0.041045626340496785,0.6276450210742737
X_scGPT,0.5,dasatinib,8305C_THYROID,459,0.01855689787016289,0.6555717373205945
X_scGPT,0.5,dasatinib,NCIH2228_LUNG,367,0.0393546721340149,0.6194302507902036
X_scGPT,0.5,dasatinib,TE10_OESOPHAGUS,219,0.023737090047701352,0.5699237624532012
X_scGPT,0.5,dasatinib,ASPC1_PANCREAS,290,0.020888697038627755,0.6699530761817406
X_scGPT,0.5,dasatinib,HCC366_LUNG,202,0.02937782873123556,0.6096900683818477
X_scGPT,0.5,dasatinib,BICR16_UPPER_AERODIGESTIVE_TRACT,212,0.03221217346079571,0.5418297766514544
X_scGPT,0.5,dasatinib,HEC6_ENDOMETRIUM,161,0.034551892581175886,0.7198831787020523
X_scGPT,0.5,dasatinib,KALS1_CENTRAL_NERVOUS_SYSTEM,288,0.016524235680329905,0.6272803555346198
X_scGPT,0.5,dasatinib,NCIH2444_LUNG,237,0.04637257994008959,0.6336466398420213
X_scGPT,0.5,dasatinib,SNU46_UPPER_AERODIGESTIVE_TRACT,236,0.04728416944157383,0.621756976691343
X_scGPT,0.5,dasatinib,OAW28_OVARY,161,0.05073572837150516,0.693660621317277
X_scGPT,0.5,dasatinib,SNU1214_UPPER_AERODIGESTIVE_TRACT,188,0.04217353295615102,0.47332695189942703
X_scGPT,0.5,dasatinib,SKMEL5_SKIN,297,0.037009108633229794,0.8227885026321669
X_scGPT,0.5,dasatinib,OVCAR4_OVARY,283,0.0280476878105937,0.6540612026575177
X_scGPT,0.5,dasatinib,UACC257_SKIN,239,0.024514854616616868,0.894757374559985
X_scGPT,0.5,dasatinib,ONCODG1_OVARY,270,0.018419602403352518,0.6653837705100024
X_scGPT,0.5,dasatinib,HUH28_BILIARY_TRACT,139,0.01595324558587675,0.6317775643986764
X_scGPT,0.5,dasatinib,IM95_STOMACH,185,0.033927047210774865,0.7377722218229964
X_scGPT,0.5,dasatinib,TE14_OESOPHAGUS,474,0.037046796099881575,0.5618462233729503
X_scGPT,0.5,dasatinib,CAKI2_KIDNEY,278,0.023415605293662274,0.6484474046624822
X_scGPT,0.5,dasatinib,SU8686_PANCREAS,82,0.026387586881047174,0.6500823541385371
X_scGPT,0.5,dasatinib,SCC25_UPPER_AERODIGESTIVE_TRACT,898,0.017565050997933724,0.5929008730270284
X_scGPT,0.5,dasatinib,SCC9_UPPER_AERODIGESTIVE_TRACT,475,0.0203350422679914,0.5983937629900481
X_scGPT,0.5,crizotinib,NCIH2126_LUNG,264,0.0063231425528079786,0.7880710711081823
X_scGPT,0.5,crizotinib,SW579_THYROID,217,0.020869683873819045,0.818853024238815
X_scGPT,0.5,crizotinib,NCIH446_LUNG,196,0.026416676463532823,0.782751917534945
X_scGPT,0.5,crizotinib,HEC251_ENDOMETRIUM,107,0.018151375574933053,0.8036871257229387
X_scGPT,0.5,crizotinib,MFE319_ENDOMETRIUM,191,0.007878052857488046,0.7998600408668918
X_scGPT,0.5,crizotinib,SKNAS_AUTONOMIC_GANGLIA,226,0.004719738812728408,0.8089124257058169
X_scGPT,0.5,crizotinib,NCIH2452_PLEURA,538,0.023149394192812377,0.8161781454618092
X_scGPT,0.5,crizotinib,COLO741_SKIN,329,0.038061229234882026,0.7956963206859345
X_scGPT,0.5,crizotinib,KNS42_CENTRAL_NERVOUS_SYSTEM,172,0.0032082134167826133,0.8139778022156205
X_scGPT,0.5,crizotinib,MCF7_BREAST,143,0.012969486818063784,0.804760200993998
X_scGPT,0.5,crizotinib,HT1197_URINARY_TRACT,74,0.003349905282923343,0.7957418061591484
X_scGPT,0.5,crizotinib,SNU899_UPPER_AERODIGESTIVE_TRACT,83,0.0061202560968053685,0.7655960637402822
X_scGPT,0.5,crizotinib,HCC38_BREAST,200,0.019923783356997984,0.7696846088767052
X_scGPT,0.5,crizotinib,SNU308_BILIARY_TRACT,94,0.00717796334363191,0.7741367747174933
X_scGPT,0.5,crizotinib,SW1271_LUNG,115,0.01127457127037346,0.8054932547652203
X_scGPT,0.5,crizotinib,TM31_CENTRAL_NERVOUS_SYSTEM,116,0.005329158209073219,0.78839286493844
X_scGPT,0.5,crizotinib,NCIH747_LARGE_INTESTINE,80,0.020436983524993325,0.7329890534281731
X_scGPT,0.5,crizotinib,KPNSI9S_AUTONOMIC_GANGLIA,129,0.007778846959605786,0.7647820498592169
X_scGPT,0.5,crizotinib,SQ1_LUNG,238,0.02292874856841296,0.7889371832378772
X_scGPT,0.5,crizotinib,IALM_LUNG,322,0.004196010663196485,0.8034290428857626
X_scGPT,0.5,crizotinib,BT474_BREAST,125,0.0038008667627015885,0.8029125089645386
X_scGPT,0.5,crizotinib,DKMG_CENTRAL_NERVOUS_SYSTEM,271,0.016446830223066724,0.7448919963132852
X_scGPT,0.5,crizotinib,BT549_BREAST,266,0.010418480162938962,0.7994723416360697
X_scGPT,0.5,crizotinib,BICR6_UPPER_AERODIGESTIVE_TRACT,286,0.019076808442698115,0.7317634014399735
X_scGPT,0.5,crizotinib,SH10TC_STOMACH,351,0.02179420633427974,0.7498945977613117
X_scGPT,0.5,crizotinib,UMUC1_URINARY_TRACT,197,0.009154872369619763,0.7762817921977357
X_scGPT,0.5,crizotinib,LS1034_LARGE_INTESTINE,146,0.002992139513595068,0.7913293838500977
X_scGPT,0.5,crizotinib,CCFSTTG1_CENTRAL_NERVOUS_SYSTEM,246,0.021852215268953864,0.7533243756468703
X_scGPT,0.5,crizotinib,NCIH226_LUNG,235,0.011790184921306091,0.7976026720189033
X_scGPT,0.5,crizotinib,LNCAPCLONEFGC_PROSTATE,129,0.002568506267633562,0.8212559237036594
X_scGPT,0.5,crizotinib,RCC10RGB_KIDNEY,233,0.02773057720655173,0.7687028968794664
X_scGPT,0.5,crizotinib,RERFLCAD1_LUNG,243,0.051776527079450234,0.6715134988105836
X_scGPT,0.5,crizotinib,SKMEL2_SKIN,276,0.011023014725871224,0.8089110384816709
X_scGPT,0.5,crizotinib,BICR31_UPPER_AERODIGESTIVE_TRACT,248,0.020760966743947805,0.7449300503057819
X_scGPT,0.5,crizotinib,RCM1_LARGE_INTESTINE,128,0.028681314572322557,0.7664837804622948
X_scGPT,0.5,crizotinib,COV434_OVARY,88,0.004423256700642628,0.8070328235626221
X_scGPT,0.5,crizotinib,SNU1079_BILIARY_TRACT,73,0.010648735799522626,0.8124695142654523
X_scGPT,0.5,crizotinib,YD38_UPPER_AERODIGESTIVE_TRACT,624,0.00513421245550769,0.7823306973545979
X_scGPT,0.5,crizotinib,NCIH1299_LUNG,534,0.004682648943502292,0.7986516511618867
X_scGPT,0.5,crizotinib,IGR37_SKIN,347,0.0025848889855900723,0.8171176379627041
X_scGPT,0.5,crizotinib,BFTC909_KIDNEY,379,0.0316678269522742,0.7634754015776601
X_scGPT,0.5,crizotinib,NCIH460_LUNG,837,0.0281311576551781,0.7444208475851244
X_scGPT,0.5,crizotinib,IGR1_SKIN,725,0.01792877933504737,0.8033664576760654
X_scGPT,0.5,crizotinib,VMCUB1_URINARY_TRACT,478,0.0051677117829698575,0.7860449286933723
X_scGPT,0.5,crizotinib,JHOC5_OVARY,145,0.03092494567164951,0.8000399486771945
X_scGPT,0.5,crizotinib,42MGBA_CENTRAL_NERVOUS_SYSTEM,518,0.0035872152136890902,0.8162270490957503
X_scGPT,0.5,crizotinib,HT1080_SOFT_TISSUE,516,0.0228109190835262,0.7669792499884155
X_scGPT,0.5,crizotinib,LI7_LIVER,196,0.003578133106304337,0.8053228630095112
X_scGPT,0.5,crizotinib,A375_SKIN,593,0.04687587904032603,0.8418345938846594
X_scGPT,0.5,crizotinib,FTC133_THYROID,140,0.03823248241363426,0.843956029840878
X_scGPT,0.5,crizotinib,OVK18_OVARY,178,0.007587829056613721,0.7747300394465414
X_scGPT,0.5,crizotinib,ACCMESO1_PLEURA,162,0.004069242043458948,0.7903094946602245
X_scGPT,0.5,crizotinib,HMC18_BREAST,293,0.0040500848501992944,0.8040746364984089
X_scGPT,0.5,crizotinib,TOV112D_OVARY,78,0.003244272920630405,0.8090976981016306
X_scGPT,0.5,crizotinib,JHH6_LIVER,206,0.02618911330121583,0.7985513951014547
X_scGPT,0.5,crizotinib,A2058_SKIN,294,0.016734478259568752,0.7777551319323429
X_scGPT,0.5,crizotinib,NCIH2110_LUNG,1990,0.010472676460179589,0.7898834115296752
X_scGPT,0.5,crizotinib,NCIH650_LUNG,271,0.030117408374791942,0.7615036445350225
X_scGPT,0.5,crizotinib,EFE184_ENDOMETRIUM,86,0.002677923309815284,0.8007390228814857
X_scGPT,0.5,crizotinib,HUPT3_PANCREAS,136,0.036411125126632825,0.7252107797300115
X_scGPT,0.5,crizotinib,MDAMB361_BREAST,135,0.012459689192465893,0.8118528542695223
X_scGPT,0.5,crizotinib,BCPAP_THYROID,152,0.004293834539727683,0.8104016043637928
X_scGPT,0.5,crizotinib,PECAPJ49_UPPER_AERODIGESTIVE_TRACT,202,0.008839407445451662,0.7777513097418417
X_scGPT,0.5,crizotinib,EKVX_LUNG,146,0.006480595745087214,0.7875415503162227
X_scGPT,0.5,crizotinib,BICR56_UPPER_AERODIGESTIVE_TRACT,81,0.010052900553178803,0.7414978779392478
X_scGPT,0.5,crizotinib,NCIH2170_LUNG,142,0.005079398283344751,0.7929120622050594
X_scGPT,0.5,crizotinib,DETROIT562_UPPER_AERODIGESTIVE_TRACT,163,0.005592787158946528,0.7665932851335022
X_scGPT,0.5,crizotinib,SW1088_CENTRAL_NERVOUS_SYSTEM,128,0.003944093904275447,0.8173806490376592
X_scGPT,0.5,crizotinib,BHY_UPPER_AERODIGESTIVE_TRACT,145,0.022478456232350234,0.7532902820356961
X_scGPT,0.5,crizotinib,CAS1_CENTRAL_NERVOUS_SYSTEM,133,0.009797330475969007,0.7907116350374723
X_scGPT,0.5,crizotinib,HCC1428_BREAST,127,0.014658739075826228,0.7725762039657653
X_scGPT,0.5,crizotinib,HDQP1_BREAST,64,0.0259809726813627,0.8247567024081945
X_scGPT,0.5,crizotinib,OSRC2_KIDNEY,126,0.022000003692022038,0.8357189061149718
X_scGPT,0.5,crizotinib,HUPT4_PANCREAS,56,0.04123648220452931,0.6700230517557689
X_scGPT,0.5,crizotinib,TCCSUP_URINARY_TRACT,316,0.01922141310231717,0.8135128541837765
X_scGPT,0.5,crizotinib,VMRCRCZ_KIDNEY,300,0.004848665269079142,0.7925840107599894
X_scGPT,0.5,crizotinib,PK59_PANCREAS,174,0.024636448704612828,0.7405945059211775
X_scGPT,0.5,crizotinib,HUH6_LIVER,338,0.0033650874790993037,0.800010971240038
X_scGPT,0.5,crizotinib,MSTO211H_PLEURA,297,0.012291207701675189,0.7996261621565128
X_scGPT,0.5,crizotinib,HS852T_SKIN,162,0.03067896254548286,0.8773262092360744
X_scGPT,0.5,crizotinib,SKMEL30_SKIN,353,0.011848515347287042,0.7927393928465695
X_scGPT,0.5,crizotinib,T47D_BREAST,221,0.021867804653787837,0.8248081606437717
X_scGPT,0.5,crizotinib,CALU6_LUNG,258,0.025227944133749448,0.8066274708555651
X_scGPT,0.5,crizotinib,NCIH522_LUNG,208,0.004559767884980402,0.803869101863641
X_scGPT,0.5,crizotinib,LMSU_STOMACH,255,0.0038986985556420076,0.7859655737876892
X_scGPT,0.5,crizotinib,SNUC4_LARGE_INTESTINE,467,0.010423724773252487,0.7444973141274054
X_scGPT,0.5,crizotinib,RVH421_SKIN,239,0.0037459899143676358,0.8085897460143436
X_scGPT,0.5,crizotinib,OVSAHO_OVARY,227,0.004500851221736688,0.805738014271606
X_scGPT,0.5,crizotinib,GOS3_CENTRAL_NERVOUS_SYSTEM,191,0.005325720075704854,0.7898824480191575
X_scGPT,0.5,crizotinib,SNU738_CENTRAL_NERVOUS_SYSTEM,379,0.013121483561864156,0.7952054149242693
X_scGPT,0.5,crizotinib,PC3_PROSTATE,169,0.0118592122111832,0.7880478945709545
X_scGPT,0.5,crizotinib,PATU8988S_PANCREAS,244,0.009493128526947722,0.7765050398521736
X_scGPT,0.5,crizotinib,OVTOKO_OVARY,209,0.0053866138179160875,0.7849185184428566
X_scGPT,0.5,crizotinib,TE1_OESOPHAGUS,206,0.005593972992517357,0.7948650963676785
X_scGPT,0.5,crizotinib,NCIH2087_LUNG,219,0.03404426893084957,0.6916250156485326
X_scGPT,0.5,crizotinib,EFM192A_BREAST,333,0.0199089024525699,0.7633378809994763
X_scGPT,0.5,crizotinib,SNU423_LIVER,212,0.0030847973607762975,0.8024286000796084
X_scGPT,0.5,crizotinib,KPL1_BREAST,276,0.016360481801458666,0.8062036927195563
X_scGPT,0.5,crizotinib,NCIH358_LUNG,336,0.01041235953010745,0.7816051654517651
X_scGPT,0.5,crizotinib,COLO792_SKIN,271,0.006202067762955407,0.80433285918183
X_scGPT,0.5,crizotinib,KYSE520_OESOPHAGUS,323,0.0058284209896780955,0.7707201954750085
X_scGPT,0.5,crizotinib,KMRC3_KIDNEY,245,0.006876886034211996,0.7856576301613633
X_scGPT,0.5,crizotinib,MKN7_STOMACH,258,0.028208648046127795,0.7312168827814649
X_scGPT,0.5,crizotinib,NCIH1944_LUNG,414,0.005065660685526645,0.7878682311030402
X_scGPT,0.5,crizotinib,TE6_OESOPHAGUS,551,0.005833756417011901,0.7745021482128414
X_scGPT,0.5,crizotinib,ZR751_BREAST,309,0.008478835146436514,0.7891291758003358
X_scGPT,0.5,crizotinib,PANC0203_PANCREAS,506,0.020023117952703243,0.7317493852419344
X_scGPT,0.5,crizotinib,SW1990_PANCREAS,307,0.03884727888284669,0.7179051216339832
X_scGPT,0.5,crizotinib,RD_SOFT_TISSUE,261,0.008589343682895025,0.7880228515785773
X_scGPT,0.5,crizotinib,NCIH1792_LUNG,111,0.003859163249254875,0.8041593792202236
X_scGPT,0.5,crizotinib,PK45H_PANCREAS,271,0.0036980919096840756,0.7980161027714775
X_scGPT,0.5,crizotinib,LS180_LARGE_INTESTINE,361,0.03751033832417733,0.789361225931268
X_scGPT,0.5,crizotinib,RERFLCAI_LUNG,763,0.03088457574832476,0.7663920542047034
X_scGPT,0.5,crizotinib,CAMA1_BREAST,291,0.01393006570659271,0.8173082477038669
X_scGPT,0.5,crizotinib,SNU449_LIVER,282,0.015006898932230742,0.7994429925654797
X_scGPT,0.5,crizotinib,A204_SOFT_TISSUE,250,0.0027265986140983965,0.8070635809898377
X_scGPT,0.5,crizotinib,MKN45_STOMACH,118,0.01039696476114585,0.7663836928747468
X_scGPT,0.5,crizotinib,HEP3B217_LIVER,118,0.0064179073469787535,0.7900484967029701
X_scGPT,0.5,crizotinib,HOS_BONE,829,0.004497933400773462,0.8051923137378347
X_scGPT,0.5,crizotinib,EBC1_LUNG,186,0.028930855210227625,0.7582586058365401
X_scGPT,0.5,crizotinib,NCIH292_LUNG,213,0.02029930900460824,0.7442935232265454
X_scGPT,0.5,crizotinib,OUMS23_LARGE_INTESTINE,107,0.020637925377773748,0.7571354096180924
X_scGPT,0.5,crizotinib,HEC151_ENDOMETRIUM,250,0.003412281578586608,0.7988246755599976
X_scGPT,0.5,crizotinib,NCIH1373_LUNG,164,0.02797035628967179,0.7496702725567469
X_scGPT,0.5,crizotinib,TE9_OESOPHAGUS,248,0.005308539689612357,0.7693488030664383
X_scGPT,0.5,crizotinib,HCC56_LARGE_INTESTINE,99,0.01961198929147264,0.8010980842089412
X_scGPT,0.5,crizotinib,HT55_LARGE_INTESTINE,211,0.009303617349667868,0.7778728208835656
X_scGPT,0.5,crizotinib,RT4_URINARY_TRACT,106,0.03003469871445345,0.6654352039661048
X_scGPT,0.5,crizotinib,SKES1_BONE,91,0.004345462835975751,0.8097709397693257
X_scGPT,0.5,crizotinib,NCIH1435_LUNG,267,0.017488304867926015,0.7342015040501226
X_scGPT,0.5,crizotinib,8305C_THYROID,459,0.002747867508164085,0.8085097634194983
X_scGPT,0.5,crizotinib,NCIH2228_LUNG,367,0.024228040669155217,0.8076912335219111
X_scGPT,0.5,crizotinib,TE10_OESOPHAGUS,219,0.0048899671158463475,0.7840277187900456
X_scGPT,0.5,crizotinib,ASPC1_PANCREAS,290,0.003127683311884137,0.792778376464186
X_scGPT,0.5,crizotinib,HCC366_LUNG,202,0.03519913963417565,0.7259676515465916
X_scGPT,0.5,crizotinib,BICR16_UPPER_AERODIGESTIVE_TRACT,212,0.014925577291425162,0.7290162511591641
X_scGPT,0.5,crizotinib,HEC6_ENDOMETRIUM,161,0.006569422101378417,0.7919191458950872
X_scGPT,0.5,crizotinib,KALS1_CENTRAL_NERVOUS_SYSTEM,288,0.004189112817478675,0.7864265189402633
X_scGPT,0.5,crizotinib,NCIH2444_LUNG,237,0.015208451480467712,0.8085914357302058
X_scGPT,0.5,crizotinib,SNU46_UPPER_AERODIGESTIVE_TRACT,236,0.010293317842710776,0.7966678513813827
X_scGPT,0.5,crizotinib,OAW28_OVARY,161,0.04018416541801843,0.7145522266441251
X_scGPT,0.5,crizotinib,SNU1214_UPPER_AERODIGESTIVE_TRACT,188,0.0055513545925905345,0.771104226087002
X_scGPT,0.5,crizotinib,SKMEL5_SKIN,297,0.0032919907643579305,0.8019883881514321
X_scGPT,0.5,crizotinib,OVCAR4_OVARY,283,0.007180457618163509,0.7837687867690312
X_scGPT,0.5,crizotinib,UACC257_SKIN,239,0.003939909718103384,0.7776304705372415
X_scGPT,0.5,crizotinib,ONCODG1_OVARY,270,0.0050740598837532335,0.7862065132017488
X_scGPT,0.5,crizotinib,HUH28_BILIARY_TRACT,139,0.0038632502672824687,0.7889230602936779
X_scGPT,0.5,crizotinib,IM95_STOMACH,185,0.004959069819356659,0.7945699530678827
X_scGPT,0.5,crizotinib,TE14_OESOPHAGUS,474,0.006888339616031502,0.7754476925491783
X_scGPT,0.5,crizotinib,CAKI2_KIDNEY,278,0.0035731875277344393,0.7981027360442731
X_scGPT,0.5,crizotinib,SU8686_PANCREAS,82,0.008942583276118672,0.7623295951180342
X_scGPT,0.5,crizotinib,SCC25_UPPER_AERODIGESTIVE_TRACT,898,0.006320404523238814,0.7654117303330011
X_scGPT,0.5,crizotinib,SCC9_UPPER_AERODIGESTIVE_TRACT,475,0.005869711971402154,0.7843538480055959
X_scGPT,0.5,afatinib,NCIH2126_LUNG,264,0.04176195868902462,0.6392711051034204
X_scGPT,0.5,afatinib,SW579_THYROID,217,0.01904645102125388,0.7877242408589833
X_scGPT,0.5,afatinib,NCIH446_LUNG,196,0.025716885005252453,0.7816188329336594
X_scGPT,0.5,afatinib,HEC251_ENDOMETRIUM,107,0.045361802698832596,0.620765950078162
X_scGPT,0.5,afatinib,MFE319_ENDOMETRIUM,191,0.027532173715067394,0.7364632271971377
X_scGPT,0.5,afatinib,SKNAS_AUTONOMIC_GANGLIA,226,0.015054875853542841,0.7806027478876367
X_scGPT,0.5,afatinib,NCIH2452_PLEURA,538,0.020126112635944257,0.7713914992197739
X_scGPT,0.5,afatinib,COLO741_SKIN,329,0.022983244693536964,0.7494017048809666
X_scGPT,0.5,afatinib,KNS42_CENTRAL_NERVOUS_SYSTEM,172,0.019112668285156162,0.7446936465973077
X_scGPT,0.5,afatinib,MCF7_BREAST,143,0.03584419827085532,0.7501351324828355
X_scGPT,0.5,afatinib,HT1197_URINARY_TRACT,74,0.027615280859199617,0.6285996638439797
X_scGPT,0.5,afatinib,SNU899_UPPER_AERODIGESTIVE_TRACT,83,0.026907376455729007,0.6279833532241453
X_scGPT,0.5,afatinib,HCC38_BREAST,200,0.057906644868935125,0.6907750555872917
X_scGPT,0.5,afatinib,SNU308_BILIARY_TRACT,94,0.06088782391787898,0.5465314936764697
X_scGPT,0.5,afatinib,SW1271_LUNG,115,0.03109752554095853,0.7652087843936423
X_scGPT,0.5,afatinib,TM31_CENTRAL_NERVOUS_SYSTEM,116,0.02182473347124309,0.7395891208073189
X_scGPT,0.5,afatinib,NCIH747_LARGE_INTESTINE,80,0.043331294414373736,0.6799941107630729
X_scGPT,0.5,afatinib,KPNSI9S_AUTONOMIC_GANGLIA,129,0.027089720706966552,0.725374393222868
X_scGPT,0.5,afatinib,SQ1_LUNG,238,0.03716666001124953,0.6723331127847944
X_scGPT,0.5,afatinib,IALM_LUNG,322,0.03311905734274725,0.7312831765746478
X_scGPT,0.5,afatinib,BT474_BREAST,125,0.027097204726817828,0.6872508001327514
X_scGPT,0.5,afatinib,DKMG_CENTRAL_NERVOUS_SYSTEM,271,0.020148967747964597,0.7224649355860214
X_scGPT,0.5,afatinib,BT549_BREAST,266,0.028143807266986336,0.7811749611133919
X_scGPT,0.5,afatinib,BICR6_UPPER_AERODIGESTIVE_TRACT,286,0.06491291276186846,0.5202714641402651
X_scGPT,0.5,afatinib,SH10TC_STOMACH,351,0.02176159561216183,0.7541360780384466
X_scGPT,0.5,afatinib,UMUC1_URINARY_TRACT,197,0.059070239548769866,0.5236621073962469
X_scGPT,0.5,afatinib,LS1034_LARGE_INTESTINE,146,0.02825496014482884,0.6510244803885891
X_scGPT,0.5,afatinib,CCFSTTG1_CENTRAL_NERVOUS_SYSTEM,246,0.033614770227276825,0.7223770456100868
X_scGPT,0.5,afatinib,NCIH226_LUNG,235,0.03484305978717661,0.7625431989101653
X_scGPT,0.5,afatinib,LNCAPCLONEFGC_PROSTATE,129,0.013653726706505546,0.8093915290610735
X_scGPT,0.5,afatinib,RCC10RGB_KIDNEY,233,0.05236162271651575,0.6627967286007599
X_scGPT,0.5,afatinib,RERFLCAD1_LUNG,243,0.03684618780976494,0.7126792379858072
X_scGPT,0.5,afatinib,SKMEL2_SKIN,276,0.03115419883622858,0.789676468225493
X_scGPT,0.5,afatinib,BICR31_UPPER_AERODIGESTIVE_TRACT,248,0.06501171990884763,0.5061864140293291
X_scGPT,0.5,afatinib,RCM1_LARGE_INTESTINE,128,0.04002438692908462,0.6441932320594788
X_scGPT,0.5,afatinib,COV434_OVARY,88,0.024743877024325414,0.7826484306292101
X_scGPT,0.5,afatinib,SNU1079_BILIARY_TRACT,73,0.03662002695518148,0.7249808139996986
X_scGPT,0.5,afatinib,YD38_UPPER_AERODIGESTIVE_TRACT,624,0.04563371225967584,0.5521476068653357
X_scGPT,0.5,afatinib,NCIH1299_LUNG,534,0.017305523931147544,0.7501215538505311
X_scGPT,0.5,afatinib,IGR37_SKIN,347,0.0071417042021219975,0.7824495245812606
X_scGPT,0.5,afatinib,BFTC909_KIDNEY,379,0.048475207653581674,0.7690397854845253
X_scGPT,0.5,afatinib,NCIH460_LUNG,837,0.03578889913978153,0.7125099245080526
X_scGPT,0.5,afatinib,IGR1_SKIN,725,0.024131227995602265,0.8077773871915094
X_scGPT,0.5,afatinib,VMCUB1_URINARY_TRACT,478,0.04596916719766111,0.5954403212005623
X_scGPT,0.5,afatinib,JHOC5_OVARY,145,0.06761072872883693,0.6469697609029967
X_scGPT,0.5,afatinib,42MGBA_CENTRAL_NERVOUS_SYSTEM,518,0.01955920437304462,0.7905156194703459
X_scGPT,0.5,afatinib,HT1080_SOFT_TISSUE,516,0.04715591942364451,0.7766993498617365
X_scGPT,0.5,afatinib,LI7_LIVER,196,0.033369016033171994,0.7283764837347732
X_scGPT,0.5,afatinib,A375_SKIN,593,0.029600843167114862,0.7364535897618402
X_scGPT,0.5,afatinib,FTC133_THYROID,140,0.03832070913596488,0.7502715387514659
X_scGPT,0.5,afatinib,OVK18_OVARY,178,0.045058311249988436,0.8491019633378876
X_scGPT,0.5,afatinib,ACCMESO1_PLEURA,162,0.01942440238022921,0.7434857156541612
X_scGPT,0.5,afatinib,HMC18_BREAST,293,0.01550741544972103,0.7661071962870836
X_scGPT,0.5,afatinib,TOV112D_OVARY,78,0.011870654273527544,0.7861354847749075
X_scGPT,0.5,afatinib,JHH6_LIVER,206,0.04214109087197458,0.7272024472940315
X_scGPT,0.5,afatinib,A2058_SKIN,294,0.03208607477611465,0.8434435189986715
X_scGPT,0.5,afatinib,NCIH2110_LUNG,1990,0.04553547013348638,0.6835121746638313
X_scGPT,0.5,afatinib,NCIH650_LUNG,271,0.05549464412036634,0.7471463873817472
X_scGPT,0.5,afatinib,EFE184_ENDOMETRIUM,86,0.031206732852431775,0.6751347703989162
X_scGPT,0.5,afatinib,HUPT3_PANCREAS,136,0.06150940769289803,0.6862095769713906
X_scGPT,0.5,afatinib,MDAMB361_BREAST,135,0.028276167406432552,0.7900406532817417
X_scGPT,0.5,afatinib,BCPAP_THYROID,152,0.024222442268273404,0.73659524517624
X_scGPT,0.5,afatinib,PECAPJ49_UPPER_AERODIGESTIVE_TRACT,202,0.06817599760817096,0.45720758901374176
X_scGPT,0.5,afatinib,EKVX_LUNG,146,0.02428824179733872,0.7046793364498714
X_scGPT,0.5,afatinib,BICR56_UPPER_AERODIGESTIVE_TRACT,81,0.05135965123842064,0.39835209831779383
X_scGPT,0.5,afatinib,NCIH2170_LUNG,142,0.042795062678845794,0.6959877761316972
X_scGPT,0.5,afatinib,DETROIT562_UPPER_AERODIGESTIVE_TRACT,163,0.02662488505355611,0.6122425469152767
X_scGPT,0.5,afatinib,SW1088_CENTRAL_NERVOUS_SYSTEM,128,0.016525016389783345,0.762265317607671
X_scGPT,0.5,afatinib,BHY_UPPER_AERODIGESTIVE_TRACT,145,0.07247964081887338,0.4813773718373529
X_scGPT,0.5,afatinib,CAS1_CENTRAL_NERVOUS_SYSTEM,133,0.022208323443353627,0.7762906506545562
X_scGPT,0.5,afatinib,HCC1428_BREAST,127,0.06653463507597436,0.7461137100467532
X_scGPT,0.5,afatinib,HDQP1_BREAST,64,0.04394112539560628,0.6673759557306767
X_scGPT,0.5,afatinib,OSRC2_KIDNEY,126,0.03610774475118628,0.7273448601601615
X_scGPT,0.5,afatinib,HUPT4_PANCREAS,56,0.050752102592325876,0.6792322737830025
X_scGPT,0.5,afatinib,TCCSUP_URINARY_TRACT,316,0.022850556312708655,0.7622742724569538
X_scGPT,0.5,afatinib,VMRCRCZ_KIDNEY,300,0.016158604928631984,0.7424429633220037
X_scGPT,0.5,afatinib,PK59_PANCREAS,174,0.03438818819348206,0.7648573147839514
X_scGPT,0.5,afatinib,HUH6_LIVER,338,0.02215165169213686,0.7225995113158367
X_scGPT,0.5,afatinib,MSTO211H_PLEURA,297,0.025471463975362436,0.8032058818573101
X_scGPT,0.5,afatinib,HS852T_SKIN,162,0.036300973280072014,0.797116724797237
X_scGPT,0.5,afatinib,SKMEL30_SKIN,353,0.01993641095946648,0.7764375245267203
X_scGPT,0.5,afatinib,T47D_BREAST,221,0.03326912663741277,0.7771525361419264
X_scGPT,0.5,afatinib,CALU6_LUNG,258,0.023918648945204513,0.7321554775847945
X_scGPT,0.5,afatinib,NCIH522_LUNG,208,0.013500641145605969,0.7723674341463126
X_scGPT,0.5,afatinib,LMSU_STOMACH,255,0.01583538168091898,0.7187460735732434
X_scGPT,0.5,afatinib,SNUC4_LARGE_INTESTINE,467,0.03565237178988996,0.6450357410330844
X_scGPT,0.5,afatinib,RVH421_SKIN,239,0.01957954057225415,0.7457668624163671
X_scGPT,0.5,afatinib,OVSAHO_OVARY,227,0.014395259657989696,0.7459056876304391
X_scGPT,0.5,afatinib,GOS3_CENTRAL_NERVOUS_SYSTEM,191,0.01991901077066767,0.7415409412683617
X_scGPT,0.5,afatinib,SNU738_CENTRAL_NERVOUS_SYSTEM,379,0.024237839981554248,0.7557077695637705
X_scGPT,0.5,afatinib,PC3_PROSTATE,169,0.023736207911917887,0.7560825622998751
X_scGPT,0.5,afatinib,PATU8988S_PANCREAS,244,0.028894514607269075,0.6529220376835495
X_scGPT,0.5,afatinib,OVTOKO_OVARY,209,0.017654977034630474,0.7013801016876001
X_scGPT,0.5,afatinib,TE1_OESOPHAGUS,206,0.04078560665847781,0.6442295657199564
X_scGPT,0.5,afatinib,NCIH2087_LUNG,219,0.05443062850154729,0.6094639852438888
X_scGPT,0.5,afatinib,EFM192A_BREAST,333,0.055137406798371855,0.7486413597344637
X_scGPT,0.5,afatinib,SNU423_LIVER,212,0.023253141359682903,0.7037163269969652
X_scGPT,0.5,afatinib,KPL1_BREAST,276,0.023158556972220704,0.7069010099639064
X_scGPT,0.5,afatinib,NCIH358_LUNG,336,0.037849744306467745,0.6761909080225796
X_scGPT,0.5,afatinib,COLO792_SKIN,271,0.012418057349564613,0.7731833429354144
X_scGPT,0.5,afatinib,KYSE520_OESOPHAGUS,323,0.025471298137761212,0.6520935383743546
X_scGPT,0.5,afatinib,KMRC3_KIDNEY,245,0.016955640501895273,0.7030588811757613
X_scGPT,0.5,afatinib,MKN7_STOMACH,258,0.05813392167980327,0.7212322268837182
X_scGPT,0.5,afatinib,NCIH1944_LUNG,414,0.019081691585874135,0.7120338545905219
X_scGPT,0.5,afatinib,TE6_OESOPHAGUS,551,0.023319296760384262,0.6420921694129003
X_scGPT,0.5,afatinib,ZR751_BREAST,309,0.02420190236200178,0.8193345035164101
X_scGPT,0.5,afatinib,PANC0203_PANCREAS,506,0.04210605359290313,0.5806493757388337
X_scGPT,0.5,afatinib,SW1990_PANCREAS,307,0.037891514061715974,0.7502987862409909
X_scGPT,0.5,afatinib,RD_SOFT_TISSUE,261,0.026165224132642353,0.7727132291172656
X_scGPT,0.5,afatinib,NCIH1792_LUNG,111,0.03141970282990157,0.7360819186176266
X_scGPT,0.5,afatinib,PK45H_PANCREAS,271,0.028829561021008285,0.6901850168115539
X_scGPT,0.5,afatinib,LS180_LARGE_INTESTINE,361,0.02754316242066929,0.6183534796218132
X_scGPT,0.5,afatinib,RERFLCAI_LUNG,763,0.02721955230453754,0.7621450409351764
X_scGPT,0.5,afatinib,CAMA1_BREAST,291,0.026297025184889952,0.6992518961224768
X_scGPT,0.5,afatinib,SNU449_LIVER,282,0.038029931363555966,0.6667818207267329
X_scGPT,0.5,afatinib,A204_SOFT_TISSUE,250,0.017266865770261236,0.7692448072433472
X_scGPT,0.5,afatinib,MKN45_STOMACH,118,0.032469342326511275,0.670095588696205
X_scGPT,0.5,afatinib,HEP3B217_LIVER,118,0.015385509449720303,0.7325800081430855
X_scGPT,0.5,afatinib,HOS_BONE,829,0.031328723193094196,0.733421840483662
X_scGPT,0.5,afatinib,EBC1_LUNG,186,0.05037916772447216,0.6202036757622996
X_scGPT,0.5,afatinib,NCIH292_LUNG,213,0.05398779925759334,0.5845928754605038
X_scGPT,0.5,afatinib,OUMS23_LARGE_INTESTINE,107,0.02175940491257928,0.7554864281805876
X_scGPT,0.5,afatinib,HEC151_ENDOMETRIUM,250,0.02706498106766253,0.6966017124652862
X_scGPT,0.5,afatinib,NCIH1373_LUNG,164,0.04598420772563758,0.6347309365505125
X_scGPT,0.5,afatinib,TE9_OESOPHAGUS,248,0.021930254295510113,0.6240101209090602
X_scGPT,0.5,afatinib,HCC56_LARGE_INTESTINE,99,0.028473132699641416,0.6251875559488932
X_scGPT,0.5,afatinib,HT55_LARGE_INTESTINE,211,0.019966410453549827,0.6943647525321816
X_scGPT,0.5,afatinib,RT4_URINARY_TRACT,106,0.03735662690491604,0.6639758590257393
X_scGPT,0.5,afatinib,SKES1_BONE,91,0.013572710203550494,0.7857237549928519
X_scGPT,0.5,afatinib,NCIH1435_LUNG,267,0.03446259255699914,0.5837898588135895
X_scGPT,0.5,afatinib,8305C_THYROID,459,0.01996231766604039,0.7275303525602635
X_scGPT,0.5,afatinib,NCIH2228_LUNG,367,0.04928617415646945,0.6933936986676353
X_scGPT,0.5,afatinib,TE10_OESOPHAGUS,219,0.03448091702341156,0.5608197290059094
X_scGPT,0.5,afatinib,ASPC1_PANCREAS,290,0.023258036281103962,0.6559370014174232
X_scGPT,0.5,afatinib,HCC366_LUNG,202,0.033877617401253925,0.6804608386932033
X_scGPT,0.5,afatinib,BICR16_UPPER_AERODIGESTIVE_TRACT,212,0.048838794720903536,0.5202816280553926
X_scGPT,0.5,afatinib,HEC6_ENDOMETRIUM,161,0.025113606058443757,0.7292674020950839
X_scGPT,0.5,afatinib,KALS1_CENTRAL_NERVOUS_SYSTEM,288,0.012950502930189034,0.746678550210264
X_scGPT,0.5,afatinib,NCIH2444_LUNG,237,0.03664204617401131,0.6975219287449801
X_scGPT,0.5,afatinib,SNU46_UPPER_AERODIGESTIVE_TRACT,236,0.0709608501256044,0.6484079749907478
X_scGPT,0.5,afatinib,OAW28_OVARY,161,0.03687084083883548,0.6646520265881319
X_scGPT,0.5,afatinib,SNU1214_UPPER_AERODIGESTIVE_TRACT,188,0.05162945389737197,0.44160914373524646
X_scGPT,0.5,afatinib,SKMEL5_SKIN,297,0.01162621451829551,0.7481324795119288
X_scGPT,0.5,afatinib,OVCAR4_OVARY,283,0.021690493598210358,0.661100784375895
X_scGPT,0.5,afatinib,UACC257_SKIN,239,0.013617541362741663,0.7524133317141354
X_scGPT,0.5,afatinib,ONCODG1_OVARY,270,0.019575728035202435,0.7107102060759509
X_scGPT,0.5,afatinib,HUH28_BILIARY_TRACT,139,0.013352276716592979,0.7654547151044119
X_scGPT,0.5,afatinib,IM95_STOMACH,185,0.03086753912148115,0.6532229226988715
X_scGPT,0.5,afatinib,TE14_OESOPHAGUS,474,0.04338512444652231,0.4981752741563169
X_scGPT,0.5,afatinib,CAKI2_KIDNEY,278,0.023935463037021005,0.6442400289954041
X_scGPT,0.5,afatinib,SU8686_PANCREAS,82,0.023072163700314435,0.6641763223380577
X_scGPT,0.5,afatinib,SCC25_UPPER_AERODIGESTIVE_TRACT,898,0.028728380986024243,0.5711996916075858
X_scGPT,0.5,afatinib,SCC9_UPPER_AERODIGESTIVE_TRACT,475,0.028668071188137148,0.7061705854064539
X_scGPT,1.0,doxorubicin,NCIH2126_LUNG,264,0.05032938022924209,0.4325110924740632
X_scGPT,1.0,doxorubicin,SW579_THYROID,217,0.04590557057115373,0.5581222021360002
X_scGPT,1.0,doxorubicin,NCIH446_LUNG,196,0.03536846194756784,0.33797748995070553
X_scGPT,1.0,doxorubicin,HEC251_ENDOMETRIUM,107,0.04987084334785288,0.6685634962866239
X_scGPT,1.0,doxorubicin,MFE319_ENDOMETRIUM,191,0.020902399407365865,0.5896857162420662
X_scGPT,1.0,doxorubicin,SKNAS_AUTONOMIC_GANGLIA,226,0.012002419836355915,0.5725998912764861
X_scGPT,1.0,doxorubicin,NCIH2452_PLEURA,538,0.04366858572092689,0.626340557485265
X_scGPT,1.0,doxorubicin,COLO741_SKIN,329,0.040696339127233846,0.6352278346529847
X_scGPT,1.0,doxorubicin,KNS42_CENTRAL_NERVOUS_SYSTEM,172,0.038095656850250605,0.6327412194290827
X_scGPT,1.0,doxorubicin,MCF7_BREAST,143,0.05423323414019068,0.7742961782675523
X_scGPT,1.0,doxorubicin,HT1197_URINARY_TRACT,74,0.0315852723140644,0.6413808263636924
X_scGPT,1.0,doxorubicin,SNU899_UPPER_AERODIGESTIVE_TRACT,83,0.023021653524815416,0.5619723179254187
X_scGPT,1.0,doxorubicin,HCC38_BREAST,200,0.0475402708989097,0.6126194612681866
X_scGPT,1.0,doxorubicin,SNU308_BILIARY_TRACT,94,0.024682325899270385,0.5149756226133793
X_scGPT,1.0,doxorubicin,SW1271_LUNG,115,0.05546775801973991,0.69416729522788
X_scGPT,1.0,doxorubicin,TM31_CENTRAL_NERVOUS_SYSTEM,116,0.01233212522744589,0.5833933620617308
X_scGPT,1.0,doxorubicin,NCIH747_LARGE_INTESTINE,80,0.03339343104501892,0.6541910856962204
X_scGPT,1.0,doxorubicin,KPNSI9S_AUTONOMIC_GANGLIA,129,0.027524331757534402,0.49565077059028684
X_scGPT,1.0,doxorubicin,SQ1_LUNG,238,0.04853382241841076,0.6569761861773098
X_scGPT,1.0,doxorubicin,IALM_LUNG,322,0.06070762281789274,0.5767451620064907
X_scGPT,1.0,doxorubicin,BT474_BREAST,125,0.03564335847171666,0.7310507526397705
X_scGPT,1.0,doxorubicin,DKMG_CENTRAL_NERVOUS_SYSTEM,271,0.035050028289548715,0.5301304248426233
X_scGPT,1.0,doxorubicin,BT549_BREAST,266,0.04709177830936191,0.5311532012726131
X_scGPT,1.0,doxorubicin,BICR6_UPPER_AERODIGESTIVE_TRACT,286,0.03391866900726215,0.5470311442663619
X_scGPT,1.0,doxorubicin,SH10TC_STOMACH,351,0.03981561516450748,0.6490782714976884
X_scGPT,1.0,doxorubicin,UMUC1_URINARY_TRACT,197,0.040976673388920394,0.540974419431638
X_scGPT,1.0,doxorubicin,LS1034_LARGE_INTESTINE,146,0.02019851268443846,0.7104573772378164
X_scGPT,1.0,doxorubicin,CCFSTTG1_CENTRAL_NERVOUS_SYSTEM,246,0.05314393814004509,0.5435194812896775
X_scGPT,1.0,doxorubicin,NCIH226_LUNG,235,0.05550962981020953,0.66385499467241
X_scGPT,1.0,doxorubicin,LNCAPCLONEFGC_PROSTATE,129,0.015631764969758204,0.6276414727055749
X_scGPT,1.0,doxorubicin,RCC10RGB_KIDNEY,233,0.046862736005013145,0.6236920310703982
X_scGPT,1.0,doxorubicin,RERFLCAD1_LUNG,243,0.05588721171209938,0.585558685132996
X_scGPT,1.0,doxorubicin,SKMEL2_SKIN,276,0.06207332559955473,0.5832410925540371
X_scGPT,1.0,doxorubicin,BICR31_UPPER_AERODIGESTIVE_TRACT,248,0.027985418836518672,0.5321994016487752
X_scGPT,1.0,doxorubicin,RCM1_LARGE_INTESTINE,128,0.042674001192158466,0.6115318131633103
X_scGPT,1.0,doxorubicin,COV434_OVARY,88,0.08247525584748432,0.4134288779036565
X_scGPT,1.0,doxorubicin,SNU1079_BILIARY_TRACT,73,0.07154827930364988,0.7604489718398003
X_scGPT,1.0,doxorubicin,YD38_UPPER_AERODIGESTIVE_TRACT,624,0.025458846894724354,0.5267011464024202
X_scGPT,1.0,doxorubicin,NCIH1299_LUNG,534,0.01621826454319121,0.5869518888465474
X_scGPT,1.0,doxorubicin,IGR37_SKIN,347,0.006414101279142429,0.6157325490750909
X_scGPT,1.0,doxorubicin,BFTC909_KIDNEY,379,0.05953252722666132,0.5941889555756209
X_scGPT,1.0,doxorubicin,NCIH460_LUNG,837,0.058281778161512574,0.5048083172690484
X_scGPT,1.0,doxorubicin,IGR1_SKIN,725,0.043689436050600765,0.6713825285023657
X_scGPT,1.0,doxorubicin,VMCUB1_URINARY_TRACT,478,0.028339537184044878,0.5331197351716054
X_scGPT,1.0,doxorubicin,JHOC5_OVARY,145,0.060406168482102854,0.6696081132724367
X_scGPT,1.0,doxorubicin,42MGBA_CENTRAL_NERVOUS_SYSTEM,518,0.036469402810336324,0.5478865471470771
X_scGPT,1.0,doxorubicin,HT1080_SOFT_TISSUE,516,0.061428315327569136,0.6160770852205365
X_scGPT,1.0,doxorubicin,LI7_LIVER,196,0.06134920442326932,0.6501287468233887
X_scGPT,1.0,doxorubicin,A375_SKIN,593,0.08960997833006418,0.6193561968574235
X_scGPT,1.0,doxorubicin,FTC133_THYROID,140,0.06226858568705065,0.6955564281770161
X_scGPT,1.0,doxorubicin,OVK18_OVARY,178,0.02934735438714958,0.5218745684355832
X_scGPT,1.0,doxorubicin,ACCMESO1_PLEURA,162,0.013201947347081654,0.5954576951486094
X_scGPT,1.0,doxorubicin,HMC18_BREAST,293,0.010939846167911688,0.5989853621749748
X_scGPT,1.0,doxorubicin,TOV112D_OVARY,78,0.011222197187107817,0.5816990580314245
X_scGPT,1.0,doxorubicin,JHH6_LIVER,206,0.04281285210575409,0.5992016909481253
X_scGPT,1.0,doxorubicin,A2058_SKIN,294,0.05714536788755457,0.6146567205385286
X_scGPT,1.0,doxorubicin,NCIH2110_LUNG,1990,0.05647901522987062,0.623717608074447
X_scGPT,1.0,doxorubicin,NCIH650_LUNG,271,0.05505301882302883,0.6954270753033487
X_scGPT,1.0,doxorubicin,EFE184_ENDOMETRIUM,86,0.02508797192034588,0.7172349961691125
X_scGPT,1.0,doxorubicin,HUPT3_PANCREAS,136,0.05115886349619488,0.6566044118474511
X_scGPT,1.0,doxorubicin,MDAMB361_BREAST,135,0.047173594239558414,0.7414869555720577
X_scGPT,1.0,doxorubicin,BCPAP_THYROID,152,0.03684350478684393,0.5883448118049848
X_scGPT,1.0,doxorubicin,PECAPJ49_UPPER_AERODIGESTIVE_TRACT,202,0.03184134240793601,0.5158111187491087
X_scGPT,1.0,doxorubicin,EKVX_LUNG,146,0.019253560511098274,0.5781425180500501
X_scGPT,1.0,doxorubicin,BICR56_UPPER_AERODIGESTIVE_TRACT,81,0.020663776308678664,0.4959970565489781
X_scGPT,1.0,doxorubicin,NCIH2170_LUNG,142,0.05060712161934538,0.482287638414074
X_scGPT,1.0,doxorubicin,DETROIT562_UPPER_AERODIGESTIVE_TRACT,163,0.02649702865674037,0.5352988894000376
X_scGPT,1.0,doxorubicin,SW1088_CENTRAL_NERVOUS_SYSTEM,128,0.03467802282640505,0.5910477805882692
X_scGPT,1.0,doxorubicin,BHY_UPPER_AERODIGESTIVE_TRACT,145,0.056798478676556394,0.61910894122617
X_scGPT,1.0,doxorubicin,CAS1_CENTRAL_NERVOUS_SYSTEM,133,0.044656187138092315,0.5370791428967526
X_scGPT,1.0,doxorubicin,HCC1428_BREAST,127,0.025766242813376226,0.6340937351617287
X_scGPT,1.0,doxorubicin,HDQP1_BREAST,64,0.042413756178590424,0.683865400031209
X_scGPT,1.0,doxorubicin,OSRC2_KIDNEY,126,0.037920537722548664,0.7453157291525886
X_scGPT,1.0,doxorubicin,HUPT4_PANCREAS,56,0.03573325327504327,0.6001009408916745
X_scGPT,1.0,doxorubicin,TCCSUP_URINARY_TRACT,316,0.037145243233021784,0.6140874774207042
X_scGPT,1.0,doxorubicin,VMRCRCZ_KIDNEY,300,0.014644931973650386,0.6033171792825063
X_scGPT,1.0,doxorubicin,PK59_PANCREAS,174,0.03848032071925646,0.6708428215706486
X_scGPT,1.0,doxorubicin,HUH6_LIVER,338,0.025028510579582105,0.7290230924208488
X_scGPT,1.0,doxorubicin,MSTO211H_PLEURA,297,0.0419623965171626,0.5998627406980855
X_scGPT,1.0,doxorubicin,HS852T_SKIN,162,0.054698479492954685,0.6978988452458087
X_scGPT,1.0,doxorubicin,SKMEL30_SKIN,353,0.03883360471349698,0.6466162328004161
X_scGPT,1.0,doxorubicin,T47D_BREAST,221,0.049031049842718485,0.7562934373298921
X_scGPT,1.0,doxorubicin,CALU6_LUNG,258,0.05793587161816176,0.5912057155555532
X_scGPT,1.0,doxorubicin,NCIH522_LUNG,208,0.014707563247036152,0.5825263339166458
X_scGPT,1.0,doxorubicin,LMSU_STOMACH,255,0.015086590417941574,0.5694490070436515
X_scGPT,1.0,doxorubicin,SNUC4_LARGE_INTESTINE,467,0.01830297689674625,0.6210574566424532
X_scGPT,1.0,doxorubicin,RVH421_SKIN,239,0.05322706819796219,0.6885708513120228
X_scGPT,1.0,doxorubicin,OVSAHO_OVARY,227,0.015412613465575589,0.5840389353063138
X_scGPT,1.0,doxorubicin,GOS3_CENTRAL_NERVOUS_SYSTEM,191,0.016149904375038132,0.5838275086817317
X_scGPT,1.0,doxorubicin,SNU738_CENTRAL_NERVOUS_SYSTEM,379,0.053090111080344705,0.6523448062131776
X_scGPT,1.0,doxorubicin,PC3_PROSTATE,169,0.05029889596637413,0.681244580350684
X_scGPT,1.0,doxorubicin,PATU8988S_PANCREAS,244,0.02840238208159941,0.5847116109044825
X_scGPT,1.0,doxorubicin,OVTOKO_OVARY,209,0.014272472903422423,0.5911259411624744
X_scGPT,1.0,doxorubicin,TE1_OESOPHAGUS,206,0.051368170928651556,0.629394643804402
X_scGPT,1.0,doxorubicin,NCIH2087_LUNG,219,0.03735551184542159,0.5706111136908945
X_scGPT,1.0,doxorubicin,EFM192A_BREAST,333,0.031121359352586107,0.6254426607856521
X_scGPT,1.0,doxorubicin,SNU423_LIVER,212,0.02545813431712164,0.6542601219888003
X_scGPT,1.0,doxorubicin,KPL1_BREAST,276,0.036902711591948495,0.65967633013708
X_scGPT,1.0,doxorubicin,NCIH358_LUNG,336,0.0652052257008497,0.7257716981250615
X_scGPT,1.0,doxorubicin,COLO792_SKIN,271,0.00748948957092579,0.620644335157317
X_scGPT,1.0,doxorubicin,KYSE520_OESOPHAGUS,323,0.020316339239627373,0.5769512735468685
X_scGPT,1.0,doxorubicin,KMRC3_KIDNEY,245,0.04943326973473078,0.7344007808334974
X_scGPT,1.0,doxorubicin,MKN7_STOMACH,258,0.05115987933404196,0.6430127142473708
X_scGPT,1.0,doxorubicin,NCIH1944_LUNG,414,0.014284270036014549,0.5828537229754499
X_scGPT,1.0,doxorubicin,TE6_OESOPHAGUS,551,0.01991984179747795,0.5551131085886497
X_scGPT,1.0,doxorubicin,ZR751_BREAST,309,0.06140183493432069,0.5637134604855263
X_scGPT,1.0,doxorubicin,PANC0203_PANCREAS,506,0.0379381580751928,0.5506496246270982
X_scGPT,1.0,doxorubicin,SW1990_PANCREAS,307,0.05477336419180196,0.6702779642145487
X_scGPT,1.0,doxorubicin,RD_SOFT_TISSUE,261,0.05045972472184698,0.5334076570825101
X_scGPT,1.0,doxorubicin,NCIH1792_LUNG,111,0.03494177945346126,0.62661519029119
X_scGPT,1.0,doxorubicin,PK45H_PANCREAS,271,0.019420079596396966,0.6811261390408027
X_scGPT,1.0,doxorubicin,LS180_LARGE_INTESTINE,361,0.06461528859216994,0.7022602751314475
X_scGPT,1.0,doxorubicin,RERFLCAI_LUNG,763,0.04822427794882068,0.6960243181194891
X_scGPT,1.0,doxorubicin,CAMA1_BREAST,291,0.03837706975585901,0.6525929533329207
X_scGPT,1.0,doxorubicin,SNU449_LIVER,282,0.038170125521526606,0.6451234109435521
X_scGPT,1.0,doxorubicin,A204_SOFT_TISSUE,250,0.09353253348978194,0.45524355745315553
X_scGPT,1.0,doxorubicin,MKN45_STOMACH,118,0.06629529744492357,0.6652452301675991
X_scGPT,1.0,doxorubicin,HEP3B217_LIVER,118,0.010383747576619817,0.6096708314903712
X_scGPT,1.0,doxorubicin,HOS_BONE,829,0.03372042576390427,0.5950623670159261
X_scGPT,1.0,doxorubicin,EBC1_LUNG,186,0.05103402350678957,0.6198360216553493
X_scGPT,1.0,doxorubicin,NCIH292_LUNG,213,0.04833062310194104,0.5919096397122307
X_scGPT,1.0,doxorubicin,OUMS23_LARGE_INTESTINE,107,0.02586489382985763,0.6346655315327867
X_scGPT,1.0,doxorubicin,HEC151_ENDOMETRIUM,250,0.027006448348147534,0.7025260753631591
X_scGPT,1.0,doxorubicin,NCIH1373_LUNG,164,0.05566553859146216,0.6187346290524413
X_scGPT,1.0,doxorubicin,TE9_OESOPHAGUS,248,0.02401778993079865,0.5476875732983312
X_scGPT,1.0,doxorubicin,HCC56_LARGE_INTESTINE,99,0.04755759886626094,0.7100077716991154
X_scGPT,1.0,doxorubicin,HT55_LARGE_INTESTINE,211,0.024906496519706906,0.7630688920970211
X_scGPT,1.0,doxorubicin,RT4_URINARY_TRACT,106,0.017000994745445662,0.5677776094877495
X_scGPT,1.0,doxorubicin,SKES1_BONE,91,0.01242847208937881,0.5797723295924427
X_scGPT,1.0,doxorubicin,NCIH1435_LUNG,267,0.030915298471989802,0.5530163617839527
X_scGPT,1.0,doxorubicin,8305C_THYROID,459,0.0300906991795134,0.630797849826044
X_scGPT,1.0,doxorubicin,NCIH2228_LUNG,367,0.049564096683342086,0.6799613805817648
X_scGPT,1.0,doxorubicin,TE10_OESOPHAGUS,219,0.0338193737055697,0.5981491316943408
X_scGPT,1.0,doxorubicin,ASPC1_PANCREAS,290,0.02136433364390907,0.6877881798250922
X_scGPT,1.0,doxorubicin,HCC366_LUNG,202,0.04787601225751516,0.6277166003047829
X_scGPT,1.0,doxorubicin,BICR16_UPPER_AERODIGESTIVE_TRACT,212,0.028810191249157253,0.5543808461922519
X_scGPT,1.0,doxorubicin,HEC6_ENDOMETRIUM,161,0.05309790406929352,0.650703271353467
X_scGPT,1.0,doxorubicin,KALS1_CENTRAL_NERVOUS_SYSTEM,288,0.008475206120833061,0.5983102665179305
X_scGPT,1.0,doxorubicin,NCIH2444_LUNG,237,0.03644098835453153,0.7244188596930685
X_scGPT,1.0,doxorubicin,SNU46_UPPER_AERODIGESTIVE_TRACT,236,0.036293671591052595,0.6193145761045359
X_scGPT,1.0,doxorubicin,OAW28_OVARY,161,0.0395351840546872,0.6153427451293662
X_scGPT,1.0,doxorubicin,SNU1214_UPPER_AERODIGESTIVE_TRACT,188,0.034889108325955015,0.5244960123871235
X_scGPT,1.0,doxorubicin,SKMEL5_SKIN,297,0.0268776824361646,0.7399582238711091
X_scGPT,1.0,doxorubicin,OVCAR4_OVARY,283,0.0486315090680884,0.6548710191628958
X_scGPT,1.0,doxorubicin,UACC257_SKIN,239,0.03212930837784234,0.6057709480429294
X_scGPT,1.0,doxorubicin,ONCODG1_OVARY,270,0.011048125058328256,0.5969698360672704
X_scGPT,1.0,doxorubicin,HUH28_BILIARY_TRACT,139,0.008369409395744947,0.602949752224435
X_scGPT,1.0,doxorubicin,IM95_STOMACH,185,0.05387561182575705,0.6234802468402966
X_scGPT,1.0,doxorubicin,TE14_OESOPHAGUS,474,0.032721922475156595,0.5435429050701077
X_scGPT,1.0,doxorubicin,CAKI2_KIDNEY,278,0.030140351347497246,0.701811273964189
X_scGPT,1.0,doxorubicin,SU8686_PANCREAS,82,0.061509966814153993,0.6072178086856517
X_scGPT,1.0,doxorubicin,SCC25_UPPER_AERODIGESTIVE_TRACT,898,0.028030280382715173,0.5168262630501941
X_scGPT,1.0,doxorubicin,SCC9_UPPER_AERODIGESTIVE_TRACT,475,0.01333183539276458,0.5767180800437928
X_scGPT,1.0,platin,NCIH2126_LUNG,264,0.01077585152138547,0.9751347863312924
X_scGPT,1.0,platin,SW579_THYROID,217,0.009326452764732963,1.0074224952728517
X_scGPT,1.0,platin,NCIH446_LUNG,196,0.006689332736230943,1.0276765452355754
X_scGPT,1.0,platin,HEC251_ENDOMETRIUM,107,0.01681172795120725,0.9910421048369363
X_scGPT,1.0,platin,MFE319_ENDOMETRIUM,191,0.008307411464186624,0.9716171609793658
X_scGPT,1.0,platin,SKNAS_AUTONOMIC_GANGLIA,226,0.00499695262287693,0.9705828549587621
X_scGPT,1.0,platin,NCIH2452_PLEURA,538,0.009823227456152522,1.0120672172551706
X_scGPT,1.0,platin,COLO741_SKIN,329,0.009320019452103758,1.0253310377474614
X_scGPT,1.0,platin,KNS42_CENTRAL_NERVOUS_SYSTEM,172,0.017245204986729847,1.0000854973183122
X_scGPT,1.0,platin,MCF7_BREAST,143,0.012291678824984385,1.0228347007211271
X_scGPT,1.0,platin,HT1197_URINARY_TRACT,74,0.01546553776333133,0.9614185070669329
X_scGPT,1.0,platin,SNU899_UPPER_AERODIGESTIVE_TRACT,83,0.004069454642796521,0.9512137928640986
X_scGPT,1.0,platin,HCC38_BREAST,200,0.02880577405196401,0.9991098400950432
X_scGPT,1.0,platin,SNU308_BILIARY_TRACT,94,0.01665144434730364,0.9700241019117072
X_scGPT,1.0,platin,SW1271_LUNG,115,0.014237761546143306,0.9807075484939244
X_scGPT,1.0,platin,TM31_CENTRAL_NERVOUS_SYSTEM,116,0.005341112158051167,0.9613139526597385
X_scGPT,1.0,platin,NCIH747_LARGE_INTESTINE,80,0.026665037771401005,0.991926821321249
X_scGPT,1.0,platin,KPNSI9S_AUTONOMIC_GANGLIA,129,0.009840087986920779,0.9806627589602803
X_scGPT,1.0,platin,SQ1_LUNG,238,0.010365661430583296,0.9913206651431172
X_scGPT,1.0,platin,IALM_LUNG,322,0.025848297253502763,0.9441570867292629
X_scGPT,1.0,platin,BT474_BREAST,125,0.01008164835317581,0.9918893480300903
X_scGPT,1.0,platin,DKMG_CENTRAL_NERVOUS_SYSTEM,271,0.01401784135526254,0.9761045691711876
X_scGPT,1.0,platin,BT549_BREAST,266,0.015726224284076405,1.0031575280472749
X_scGPT,1.0,platin,BICR6_UPPER_AERODIGESTIVE_TRACT,286,0.01936849189406748,0.9474829574981769
X_scGPT,1.0,platin,SH10TC_STOMACH,351,0.02586172037735238,0.9786251290910943
X_scGPT,1.0,platin,UMUC1_URINARY_TRACT,197,0.018443650299731353,0.9925978023388664
X_scGPT,1.0,platin,LS1034_LARGE_INTESTINE,146,0.009155572239470172,0.9898411145765488
X_scGPT,1.0,platin,CCFSTTG1_CENTRAL_NERVOUS_SYSTEM,246,0.016652933407803192,0.9769621951793267
X_scGPT,1.0,platin,NCIH226_LUNG,235,0.010856037852971677,0.9775812324057234
X_scGPT,1.0,platin,LNCAPCLONEFGC_PROSTATE,129,0.011317207256956664,1.0206969773122507
X_scGPT,1.0,platin,RCC10RGB_KIDNEY,233,0.03251537474737057,0.9958307952839929
X_scGPT,1.0,platin,RERFLCAD1_LUNG,243,0.04552668293213974,0.9568870222126996
X_scGPT,1.0,platin,SKMEL2_SKIN,276,0.01792666514185705,1.0159000667972842
X_scGPT,1.0,platin,BICR31_UPPER_AERODIGESTIVE_TRACT,248,0.012991053324080511,0.9457998090694028
X_scGPT,1.0,platin,RCM1_LARGE_INTESTINE,128,0.017564314572717107,0.9939899737946689
X_scGPT,1.0,platin,COV434_OVARY,88,0.017439558935352213,1.006072192706845
X_scGPT,1.0,platin,SNU1079_BILIARY_TRACT,73,0.013342446960786812,0.9981926704106265
X_scGPT,1.0,platin,YD38_UPPER_AERODIGESTIVE_TRACT,624,0.011985738108440442,0.9241175099443166
X_scGPT,1.0,platin,NCIH1299_LUNG,534,0.005386413648622988,0.9706715394495132
X_scGPT,1.0,platin,IGR37_SKIN,347,0.006060279993016265,1.016322171825497
X_scGPT,1.0,platin,BFTC909_KIDNEY,379,0.01697391813843419,0.9584932457803107
X_scGPT,1.0,platin,NCIH460_LUNG,837,0.013566268782024953,1.013304344143634
X_scGPT,1.0,platin,IGR1_SKIN,725,0.02168904187588004,1.0648372329514602
X_scGPT,1.0,platin,VMCUB1_URINARY_TRACT,478,0.01105359707956554,0.9242183790546082
X_scGPT,1.0,platin,JHOC5_OVARY,145,0.02770851380797038,1.0074298209157484
X_scGPT,1.0,platin,42MGBA_CENTRAL_NERVOUS_SYSTEM,518,0.013497725120978583,0.9907157079363421
X_scGPT,1.0,platin,HT1080_SOFT_TISSUE,516,0.026634856527501024,0.9700190325578054
X_scGPT,1.0,platin,LI7_LIVER,196,0.020197843360382984,0.9904628341295281
X_scGPT,1.0,platin,A375_SKIN,593,0.010861057861549306,1.0120432542709235
X_scGPT,1.0,platin,FTC133_THYROID,140,0.009953284503770202,0.9992574725832258
X_scGPT,1.0,platin,OVK18_OVARY,178,0.014157750912721291,0.9831190259938829
X_scGPT,1.0,platin,ACCMESO1_PLEURA,162,0.004524989303150846,0.9691344760818246
X_scGPT,1.0,platin,HMC18_BREAST,293,0.005593494464435393,0.9787430102100958
X_scGPT,1.0,platin,TOV112D_OVARY,78,0.005256897962910852,0.9725017287792304
X_scGPT,1.0,platin,JHH6_LIVER,206,0.012278523608581553,1.0052376461839212
X_scGPT,1.0,platin,A2058_SKIN,294,0.032756679042103415,1.0072733786235861
X_scGPT,1.0,platin,NCIH2110_LUNG,1990,0.014478331308242538,0.9795342251284038
X_scGPT,1.0,platin,NCIH650_LUNG,271,0.02802256886432811,0.9739918031375786
X_scGPT,1.0,platin,EFE184_ENDOMETRIUM,86,0.015006467760900428,0.9658184876275617
X_scGPT,1.0,platin,HUPT3_PANCREAS,136,0.03413925651043265,0.9872696951908224
X_scGPT,1.0,platin,MDAMB361_BREAST,135,0.011131059787039039,1.0273709800508288
X_scGPT,1.0,platin,BCPAP_THYROID,152,0.01563961386585804,0.9734840765595436
X_scGPT,1.0,platin,PECAPJ49_UPPER_AERODIGESTIVE_TRACT,202,0.01613500499395732,0.9925143574133958
X_scGPT,1.0,platin,EKVX_LUNG,146,0.005996992198612492,0.9655668090467584
X_scGPT,1.0,platin,BICR56_UPPER_AERODIGESTIVE_TRACT,81,0.011313944594238068,0.9478877436967543
X_scGPT,1.0,platin,NCIH2170_LUNG,142,0.01779305863294742,0.9629742058230119
X_scGPT,1.0,platin,DETROIT562_UPPER_AERODIGESTIVE_TRACT,163,0.003550661038548125,0.9471546817410943
X_scGPT,1.0,platin,SW1088_CENTRAL_NERVOUS_SYSTEM,128,0.018553513130413733,0.9849375751800835
X_scGPT,1.0,platin,BHY_UPPER_AERODIGESTIVE_TRACT,145,0.017203066878126082,0.9367046031458625
X_scGPT,1.0,platin,CAS1_CENTRAL_NERVOUS_SYSTEM,133,0.018607572607417706,0.9950133665163714
X_scGPT,1.0,platin,HCC1428_BREAST,127,0.02373922487767735,1.018983962498312
X_scGPT,1.0,platin,HDQP1_BREAST,64,0.014102844701210858,0.9951136987656355
X_scGPT,1.0,platin,OSRC2_KIDNEY,126,0.007335188665715727,1.000848349597719
X_scGPT,1.0,platin,HUPT4_PANCREAS,56,0.03315816632320967,0.9776999184063503
X_scGPT,1.0,platin,TCCSUP_URINARY_TRACT,316,0.011251413448930284,1.0010892171648484
X_scGPT,1.0,platin,VMRCRCZ_KIDNEY,300,0.00534073805199753,0.9723077213764191
X_scGPT,1.0,platin,PK59_PANCREAS,174,0.03125489236862521,0.9446049682025252
X_scGPT,1.0,platin,HUH6_LIVER,338,0.012713583996572143,0.9592177132530325
X_scGPT,1.0,platin,MSTO211H_PLEURA,297,0.011438080916835599,0.9741196572178542
X_scGPT,1.0,platin,HS852T_SKIN,162,0.011196724608313488,0.9995601732789734
X_scGPT,1.0,platin,SKMEL30_SKIN,353,0.012386430011614687,1.0064368050429369
X_scGPT,1.0,platin,T47D_BREAST,221,0.013704116843808484,1.0168035728899063
X_scGPT,1.0,platin,CALU6_LUNG,258,0.014413931649295528,1.004070901362471
X_scGPT,1.0,platin,NCIH522_LUNG,208,0.00545792451464564,0.9660239746937385
X_scGPT,1.0,platin,LMSU_STOMACH,255,0.003556034948354018,0.9573597452219795
X_scGPT,1.0,platin,SNUC4_LARGE_INTESTINE,467,0.020190076615260677,0.9765222973690809
X_scGPT,1.0,platin,RVH421_SKIN,239,0.03303837937759554,0.9689999773911352
X_scGPT,1.0,platin,OVSAHO_OVARY,227,0.005699095513924062,0.9759600671902627
X_scGPT,1.0,platin,GOS3_CENTRAL_NERVOUS_SYSTEM,191,0.005491173897008963,0.9635247744190756
X_scGPT,1.0,platin,SNU738_CENTRAL_NERVOUS_SYSTEM,379,0.010506393433155754,0.9807424620776818
X_scGPT,1.0,platin,PC3_PROSTATE,169,0.017988153290754146,0.9793718076316562
X_scGPT,1.0,platin,PATU8988S_PANCREAS,244,0.008282143064212748,0.9640910053839449
X_scGPT,1.0,platin,OVTOKO_OVARY,209,0.003835503306377654,0.9636021915235018
X_scGPT,1.0,platin,TE1_OESOPHAGUS,206,0.022886682656828774,0.9536636567231521
X_scGPT,1.0,platin,NCIH2087_LUNG,219,0.028020405083595084,0.9110549663844174
X_scGPT,1.0,platin,EFM192A_BREAST,333,0.021164794562259007,0.9626915694715025
X_scGPT,1.0,platin,SNU423_LIVER,212,0.015238990263180456,0.931504395491672
X_scGPT,1.0,platin,KPL1_BREAST,276,0.01215656343571017,1.0007431006086045
X_scGPT,1.0,platin,NCIH358_LUNG,336,0.012510048338341198,0.9835753932240463
X_scGPT,1.0,platin,COLO792_SKIN,271,0.011727764138912512,0.9945199601764608
X_scGPT,1.0,platin,KYSE520_OESOPHAGUS,323,0.004942476359335766,0.9478364887621381
X_scGPT,1.0,platin,KMRC3_KIDNEY,245,0.010192968778963692,0.981950764266812
X_scGPT,1.0,platin,MKN7_STOMACH,258,0.02580229508660478,0.9269219486750373
X_scGPT,1.0,platin,NCIH1944_LUNG,414,0.004577397713336304,0.962495218872448
X_scGPT,1.0,platin,TE6_OESOPHAGUS,551,0.00398849063402082,0.9481068366019566
X_scGPT,1.0,platin,ZR751_BREAST,309,0.00999398159605972,0.9838992430554239
X_scGPT,1.0,platin,PANC0203_PANCREAS,506,0.014426012525200786,0.9414138653768381
X_scGPT,1.0,platin,SW1990_PANCREAS,307,0.027555791044367502,0.9281576640831143
X_scGPT,1.0,platin,RD_SOFT_TISSUE,261,0.013548368343556737,0.9908830726740461
X_scGPT,1.0,platin,NCIH1792_LUNG,111,0.016169252751408063,0.9434826551256953
X_scGPT,1.0,platin,PK45H_PANCREAS,271,0.015582783994766317,0.9333897738879017
X_scGPT,1.0,platin,LS180_LARGE_INTESTINE,361,0.01670362726324942,0.9750660403613569
X_scGPT,1.0,platin,RERFLCAI_LUNG,763,0.022481190074436226,0.9665730911188638
X_scGPT,1.0,platin,CAMA1_BREAST,291,0.012394477505733862,0.9921622950186844
X_scGPT,1.0,platin,SNU449_LIVER,282,0.011737700216336208,0.9655239000810799
X_scGPT,1.0,platin,A204_SOFT_TISSUE,250,0.022610760562230017,0.9931516439914704
X_scGPT,1.0,platin,MKN45_STOMACH,118,0.012829977307409991,0.9836326736514851
X_scGPT,1.0,platin,HEP3B217_LIVER,118,0.005249366586407549,0.9636252921516613
X_scGPT,1.0,platin,HOS_BONE,829,0.014953942724144997,0.9613921139726305
X_scGPT,1.0,platin,EBC1_LUNG,186,0.019346322865637897,0.9545578943785801
X_scGPT,1.0,platin,NCIH292_LUNG,213,0.019343171998244004,0.9379797272838897
X_scGPT,1.0,platin,OUMS23_LARGE_INTESTINE,107,0.02863658468777914,0.9948439943456204
X_scGPT,1.0,platin,HEC151_ENDOMETRIUM,250,0.015344894472119678,0.962975991487503
X_scGPT,1.0,platin,NCIH1373_LUNG,164,0.018795479185856986,0.9444513727978963
X_scGPT,1.0,platin,TE9_OESOPHAGUS,248,0.0032562765246047236,0.9485205262899399
X_scGPT,1.0,platin,HCC56_LARGE_INTESTINE,99,0.011721009857274903,0.9788551216173653
X_scGPT,1.0,platin,HT55_LARGE_INTESTINE,211,0.007122498765366644,1.0076285411396297
X_scGPT,1.0,platin,RT4_URINARY_TRACT,106,0.017954167416163427,0.9201867670383094
X_scGPT,1.0,platin,SKES1_BONE,91,0.005440085048985353,0.9695991919590876
X_scGPT,1.0,platin,NCIH1435_LUNG,267,0.012166135221399407,0.9520146587814731
X_scGPT,1.0,platin,8305C_THYROID,459,0.015525740341092956,0.9398835636431875
X_scGPT,1.0,platin,NCIH2228_LUNG,367,0.015013834018006206,0.9718547481282206
X_scGPT,1.0,platin,TE10_OESOPHAGUS,219,0.01237812899698569,0.9131801732598919
X_scGPT,1.0,platin,ASPC1_PANCREAS,290,0.009335924215089912,0.9596993238761508
X_scGPT,1.0,platin,HCC366_LUNG,202,0.026708904041596836,0.925524227394916
X_scGPT,1.0,platin,BICR16_UPPER_AERODIGESTIVE_TRACT,212,0.014471951227288506,0.9210002610705933
X_scGPT,1.0,platin,HEC6_ENDOMETRIUM,161,0.009673685946171507,0.9850532242230007
X_scGPT,1.0,platin,KALS1_CENTRAL_NERVOUS_SYSTEM,288,0.00415487613067184,0.9640377449492613
X_scGPT,1.0,platin,NCIH2444_LUNG,237,0.010856915658782062,0.9771602518447844
X_scGPT,1.0,platin,SNU46_UPPER_AERODIGESTIVE_TRACT,236,0.023134844151854145,0.9192631494695858
X_scGPT,1.0,platin,OAW28_OVARY,161,0.03503992283453283,0.9459744077291548
X_scGPT,1.0,platin,SNU1214_UPPER_AERODIGESTIVE_TRACT,188,0.019915344640158452,0.963304856990246
X_scGPT,1.0,platin,SKMEL5_SKIN,297,0.021701147512929238,1.0251029346527074
X_scGPT,1.0,platin,OVCAR4_OVARY,283,0.017699333679226003,0.9632466018410538
X_scGPT,1.0,platin,UACC257_SKIN,239,0.005655094558035173,1.0107359841278907
X_scGPT,1.0,platin,ONCODG1_OVARY,270,0.004892854972423451,0.9616803663748282
X_scGPT,1.0,platin,HUH28_BILIARY_TRACT,139,0.004052749055749591,0.9681187482188931
X_scGPT,1.0,platin,IM95_STOMACH,185,0.00977881786671321,0.9784652523092321
X_scGPT,1.0,platin,TE14_OESOPHAGUS,474,0.012822751521404318,0.9281865677753078
X_scGPT,1.0,platin,CAKI2_KIDNEY,278,0.013178122320799731,0.9411290770383189
X_scGPT,1.0,platin,SU8686_PANCREAS,82,0.02473054106877053,0.9180745824081141
X_scGPT,1.0,platin,SCC25_UPPER_AERODIGESTIVE_TRACT,898,0.0035606703880392923,0.9480906184638264
X_scGPT,1.0,platin,SCC9_UPPER_AERODIGESTIVE_TRACT,475,0.004230864880701697,0.9555441837561758
X_scGPT,1.0,etoposide,NCIH2126_LUNG,264,0.03253064015880396,0.7675582561077494
X_scGPT,1.0,etoposide,SW579_THYROID,217,0.026861245780621452,0.8716889029274338
X_scGPT,1.0,etoposide,NCIH446_LUNG,196,0.029265116230885523,0.7290253432429566
X_scGPT,1.0,etoposide,HEC251_ENDOMETRIUM,107,0.027247840690963313,0.9353921602819567
X_scGPT,1.0,etoposide,MFE319_ENDOMETRIUM,191,0.0065089617821693525,0.8751055654430888
X_scGPT,1.0,etoposide,SKNAS_AUTONOMIC_GANGLIA,226,0.006355704709877427,0.8632180202851253
X_scGPT,1.0,etoposide,NCIH2452_PLEURA,538,0.026498325380052114,0.8934861835937075
X_scGPT,1.0,etoposide,COLO741_SKIN,329,0.02579711946906016,0.9553264740027918
X_scGPT,1.0,etoposide,KNS42_CENTRAL_NERVOUS_SYSTEM,172,0.023905176896471272,0.8922476245220318
X_scGPT,1.0,etoposide,MCF7_BREAST,143,0.02285028870502446,0.9859793327905081
X_scGPT,1.0,etoposide,HT1197_URINARY_TRACT,74,0.020805207434628967,0.9169914448583448
X_scGPT,1.0,etoposide,SNU899_UPPER_AERODIGESTIVE_TRACT,83,0.007028858469583077,0.8619244170476155
X_scGPT,1.0,etoposide,HCC38_BREAST,200,0.022486204641896115,0.8825406295061111
X_scGPT,1.0,etoposide,SNU308_BILIARY_TRACT,94,0.021492488511825898,0.870911864524192
X_scGPT,1.0,etoposide,SW1271_LUNG,115,0.030970847456422507,0.8863635156465614
X_scGPT,1.0,etoposide,TM31_CENTRAL_NERVOUS_SYSTEM,116,0.004388209613899993,0.8571491863193184
X_scGPT,1.0,etoposide,NCIH747_LARGE_INTESTINE,80,0.013667652630987561,0.9074236549437046
X_scGPT,1.0,etoposide,KPNSI9S_AUTONOMIC_GANGLIA,129,0.011994486644860981,0.8049311771873355
X_scGPT,1.0,etoposide,SQ1_LUNG,238,0.028472249479771266,0.9119287701714941
X_scGPT,1.0,etoposide,IALM_LUNG,322,0.042989771240518684,0.8437496490360047
X_scGPT,1.0,etoposide,BT474_BREAST,125,0.01658932403274208,0.9498612780570984
X_scGPT,1.0,etoposide,DKMG_CENTRAL_NERVOUS_SYSTEM,271,0.017882182633726842,0.8062088438945503
X_scGPT,1.0,etoposide,BT549_BREAST,266,0.02885153912754043,0.79308273290333
X_scGPT,1.0,etoposide,BICR6_UPPER_AERODIGESTIVE_TRACT,286,0.02311149187904913,0.8578355499914476
X_scGPT,1.0,etoposide,SH10TC_STOMACH,351,0.01873301028032141,0.872023199358557
X_scGPT,1.0,etoposide,UMUC1_URINARY_TRACT,197,0.016896019009721923,0.895938666338848
X_scGPT,1.0,etoposide,LS1034_LARGE_INTESTINE,146,0.01463292962701321,0.9628157052275252
X_scGPT,1.0,etoposide,CCFSTTG1_CENTRAL_NERVOUS_SYSTEM,246,0.026297227702125336,0.8133079380523868
X_scGPT,1.0,etoposide,NCIH226_LUNG,235,0.030600166162993492,0.8693999057120465
X_scGPT,1.0,etoposide,LNCAPCLONEFGC_PROSTATE,129,0.0054761253361386274,0.880347679751788
X_scGPT,1.0,etoposide,RCC10RGB_KIDNEY,233,0.023140839083008687,0.8810265501681316
X_scGPT,1.0,etoposide,RERFLCAD1_LUNG,243,0.02966907084850377,0.848293218593048
X_scGPT,1.0,etoposide,SKMEL2_SKIN,276,0.05090139354967267,0.839715918984966
X_scGPT,1.0,etoposide,BICR31_UPPER_AERODIGESTIVE_TRACT,248,0.022229935916865118,0.8682200574586468
X_scGPT,1.0,etoposide,RCM1_LARGE_INTESTINE,128,0.026292965829977984,0.9000024553388357
X_scGPT,1.0,etoposide,COV434_OVARY,88,0.05419818802546653,0.7757850343530829
X_scGPT,1.0,etoposide,SNU1079_BILIARY_TRACT,73,0.035631152362854204,0.9259765466598615
X_scGPT,1.0,etoposide,YD38_UPPER_AERODIGESTIVE_TRACT,624,0.019992077546399856,0.8586465478516542
X_scGPT,1.0,etoposide,NCIH1299_LUNG,534,0.005461655133848514,0.862430393472593
X_scGPT,1.0,etoposide,IGR37_SKIN,347,0.00694056919153048,0.909185737800873
X_scGPT,1.0,etoposide,BFTC909_KIDNEY,379,0.02721869808352853,0.8302289249085499
X_scGPT,1.0,etoposide,NCIH460_LUNG,837,0.03352646641001224,0.8096492740558182
X_scGPT,1.0,etoposide,IGR1_SKIN,725,0.021863024525392634,0.9024854137979704
X_scGPT,1.0,etoposide,VMCUB1_URINARY_TRACT,478,0.02089417291322133,0.8494207180693558
X_scGPT,1.0,etoposide,JHOC5_OVARY,145,0.024202277791565727,0.8925418249491988
X_scGPT,1.0,etoposide,42MGBA_CENTRAL_NERVOUS_SYSTEM,518,0.0232880931174332,0.8231893092048674
X_scGPT,1.0,etoposide,HT1080_SOFT_TISSUE,516,0.02798029336205408,0.8418955911499585
X_scGPT,1.0,etoposide,LI7_LIVER,196,0.04368545968115305,0.8900900449679823
X_scGPT,1.0,etoposide,A375_SKIN,593,0.04517777601604429,0.9011067583227238
X_scGPT,1.0,etoposide,FTC133_THYROID,140,0.032890144457138594,0.929488656776292
X_scGPT,1.0,etoposide,OVK18_OVARY,178,0.015654860165428986,0.8570174728886465
X_scGPT,1.0,etoposide,ACCMESO1_PLEURA,162,0.004701672893503448,0.8548652838777613
X_scGPT,1.0,etoposide,HMC18_BREAST,293,0.005355400672737961,0.8741435056660363
X_scGPT,1.0,etoposide,TOV112D_OVARY,78,0.005891755388805458,0.863827265225924
X_scGPT,1.0,etoposide,JHH6_LIVER,206,0.030411754474271364,0.8621063313437897
X_scGPT,1.0,etoposide,A2058_SKIN,294,0.03400675913377414,0.8753943899456336
X_scGPT,1.0,etoposide,NCIH2110_LUNG,1990,0.03139281219460808,0.9045019176138106
X_scGPT,1.0,etoposide,NCIH650_LUNG,271,0.026676945630565142,0.8725755447831101
X_scGPT,1.0,etoposide,EFE184_ENDOMETRIUM,86,0.014668582606134895,0.9402049779891968
X_scGPT,1.0,etoposide,HUPT3_PANCREAS,136,0.019542328160653318,0.8994221367380199
X_scGPT,1.0,etoposide,MDAMB361_BREAST,135,0.02431850124151064,0.9811374289018137
X_scGPT,1.0,etoposide,BCPAP_THYROID,152,0.025626219883557382,0.8508260897115657
X_scGPT,1.0,etoposide,PECAPJ49_UPPER_AERODIGESTIVE_TRACT,202,0.01222984768337913,0.8920722465113838
X_scGPT,1.0,etoposide,EKVX_LUNG,146,0.006552013021137279,0.8609231334843047
X_scGPT,1.0,etoposide,BICR56_UPPER_AERODIGESTIVE_TRACT,81,0.013609720939775234,0.8649239208963182
X_scGPT,1.0,etoposide,NCIH2170_LUNG,142,0.030847196982398264,0.8014159932942457
X_scGPT,1.0,etoposide,DETROIT562_UPPER_AERODIGESTIVE_TRACT,163,0.008999867289764324,0.8599383037514482
X_scGPT,1.0,etoposide,SW1088_CENTRAL_NERVOUS_SYSTEM,128,0.022856244052791443,0.8581118201836944
X_scGPT,1.0,etoposide,BHY_UPPER_AERODIGESTIVE_TRACT,145,0.027399554522465383,0.9252509717283578
X_scGPT,1.0,etoposide,CAS1_CENTRAL_NERVOUS_SYSTEM,133,0.028989783740289515,0.8082642644867861
X_scGPT,1.0,etoposide,HCC1428_BREAST,127,0.02139638780300692,0.907743667523692
X_scGPT,1.0,etoposide,HDQP1_BREAST,64,0.021476423598010382,0.9257288537919521
X_scGPT,1.0,etoposide,OSRC2_KIDNEY,126,0.019632120017414434,0.9714291067350478
X_scGPT,1.0,etoposide,HUPT4_PANCREAS,56,0.024484731183703756,0.8647723719477654
X_scGPT,1.0,etoposide,TCCSUP_URINARY_TRACT,316,0.02217700246292042,0.8956863272793686
X_scGPT,1.0,etoposide,VMRCRCZ_KIDNEY,300,0.005325128649826041,0.8658852684497833
X_scGPT,1.0,etoposide,PK59_PANCREAS,174,0.022304032708811587,0.9032166535141825
X_scGPT,1.0,etoposide,HUH6_LIVER,338,0.014902152003019382,0.9576031232373954
X_scGPT,1.0,etoposide,MSTO211H_PLEURA,297,0.025051445356962868,0.8394695586628385
X_scGPT,1.0,etoposide,HS852T_SKIN,162,0.03178395984476376,0.9384307743590555
X_scGPT,1.0,etoposide,SKMEL30_SKIN,353,0.031054255441137886,0.9209043584531833
X_scGPT,1.0,etoposide,T47D_BREAST,221,0.0279756710767922,0.9632280207327588
X_scGPT,1.0,etoposide,CALU6_LUNG,258,0.03266666981772217,0.8707196125688479
X_scGPT,1.0,etoposide,NCIH522_LUNG,208,0.006565340653405148,0.8655950925671138
X_scGPT,1.0,etoposide,LMSU_STOMACH,255,0.00618382126380389,0.8561118822471768
X_scGPT,1.0,etoposide,SNUC4_LARGE_INTESTINE,467,0.00981917519691619,0.8808003833768709
X_scGPT,1.0,etoposide,RVH421_SKIN,239,0.03112270317420295,0.9086752107452648
X_scGPT,1.0,etoposide,OVSAHO_OVARY,227,0.007032878402656353,0.8708840584965004
X_scGPT,1.0,etoposide,GOS3_CENTRAL_NERVOUS_SYSTEM,191,0.006255608193968158,0.8559809451952031
X_scGPT,1.0,etoposide,SNU738_CENTRAL_NERVOUS_SYSTEM,379,0.029019259670415222,0.8760521822365733
X_scGPT,1.0,etoposide,PC3_PROSTATE,169,0.034838316303145954,0.8915333289366502
X_scGPT,1.0,etoposide,PATU8988S_PANCREAS,244,0.009526289389389424,0.8777926278407456
X_scGPT,1.0,etoposide,OVTOKO_OVARY,209,0.005104769276590133,0.8683421697342795
X_scGPT,1.0,etoposide,TE1_OESOPHAGUS,206,0.031223061148657263,0.900259909988607
X_scGPT,1.0,etoposide,NCIH2087_LUNG,219,0.019389722794147215,0.871588506927229
X_scGPT,1.0,etoposide,EFM192A_BREAST,333,0.017962011034694667,0.9065172262377925
X_scGPT,1.0,etoposide,SNU423_LIVER,212,0.014967259040470474,0.8922090131156849
X_scGPT,1.0,etoposide,KPL1_BREAST,276,0.021514148681201,0.9352023197688918
X_scGPT,1.0,etoposide,NCIH358_LUNG,336,0.02858997793454445,0.9191720287005106
X_scGPT,1.0,etoposide,COLO792_SKIN,271,0.011706949630535108,0.8892974451019315
X_scGPT,1.0,etoposide,KYSE520_OESOPHAGUS,323,0.005585152805795775,0.8711297646764631
X_scGPT,1.0,etoposide,KMRC3_KIDNEY,245,0.024556084838942987,0.9276835499977579
X_scGPT,1.0,etoposide,MKN7_STOMACH,258,0.02125845431957664,0.9052824572075245
X_scGPT,1.0,etoposide,NCIH1944_LUNG,414,0.004865822158282125,0.8702428129272185
X_scGPT,1.0,etoposide,TE6_OESOPHAGUS,551,0.006400747769362785,0.8699287580708194
X_scGPT,1.0,etoposide,ZR751_BREAST,309,0.044203149516321816,0.8377763248955934
X_scGPT,1.0,etoposide,PANC0203_PANCREAS,506,0.02025676704108667,0.8585844919851175
X_scGPT,1.0,etoposide,SW1990_PANCREAS,307,0.024421668805337984,0.8858714882247999
X_scGPT,1.0,etoposide,RD_SOFT_TISSUE,261,0.038848401044217475,0.8001085506088432
X_scGPT,1.0,etoposide,NCIH1792_LUNG,111,0.02614270370116943,0.8630184837289758
X_scGPT,1.0,etoposide,PK45H_PANCREAS,271,0.011985473444940668,0.9153299927711487
X_scGPT,1.0,etoposide,LS180_LARGE_INTESTINE,361,0.04538075555650425,0.9740369590695875
X_scGPT,1.0,etoposide,RERFLCAI_LUNG,763,0.019307684804189092,0.8861440346719084
X_scGPT,1.0,etoposide,CAMA1_BREAST,291,0.021446036101899123,0.9355493992874303
X_scGPT,1.0,etoposide,SNU449_LIVER,282,0.023224397923056486,0.9172608698090763
X_scGPT,1.0,etoposide,A204_SOFT_TISSUE,250,0.05276611744734844,0.7705074052810669
X_scGPT,1.0,etoposide,MKN45_STOMACH,118,0.03394153167031131,0.9517434946561264
X_scGPT,1.0,etoposide,HEP3B217_LIVER,118,0.004591426014406439,0.8715373808044499
X_scGPT,1.0,etoposide,HOS_BONE,829,0.022383954995746008,0.867534647517095
X_scGPT,1.0,etoposide,EBC1_LUNG,186,0.030640509665141,0.8988217974221835
X_scGPT,1.0,etoposide,NCIH292_LUNG,213,0.026693232317091975,0.8979432677998789
X_scGPT,1.0,etoposide,OUMS23_LARGE_INTESTINE,107,0.012968218829387979,0.9010374935987954
X_scGPT,1.0,etoposide,HEC151_ENDOMETRIUM,250,0.017221538465047183,0.9290827708244324
X_scGPT,1.0,etoposide,NCIH1373_LUNG,164,0.03276316912591888,0.8951817227572929
X_scGPT,1.0,etoposide,TE9_OESOPHAGUS,248,0.008296412970722221,0.8685710562332984
X_scGPT,1.0,etoposide,HCC56_LARGE_INTESTINE,99,0.03141121187150086,0.9776489674442946
X_scGPT,1.0,etoposide,HT55_LARGE_INTESTINE,211,0.015248550202466843,1.0053190122848439
X_scGPT,1.0,etoposide,RT4_URINARY_TRACT,106,0.01514149152147624,0.843997876036842
X_scGPT,1.0,etoposide,SKES1_BONE,91,0.005624827178798081,0.8631848103397495
X_scGPT,1.0,etoposide,NCIH1435_LUNG,267,0.022643391784637985,0.8580595353122954
X_scGPT,1.0,etoposide,8305C_THYROID,459,0.020411383211694223,0.8729144324404482
X_scGPT,1.0,etoposide,NCIH2228_LUNG,367,0.029054257258192565,0.9297062278768348
X_scGPT,1.0,etoposide,TE10_OESOPHAGUS,219,0.014095162801874856,0.8980151300560938
X_scGPT,1.0,etoposide,ASPC1_PANCREAS,290,0.01550963539745621,0.9336248029922617
X_scGPT,1.0,etoposide,HCC366_LUNG,202,0.019258793946981344,0.8793623438566038
X_scGPT,1.0,etoposide,BICR16_UPPER_AERODIGESTIVE_TRACT,212,0.01071208950410877,0.8875968796464632
X_scGPT,1.0,etoposide,HEC6_ENDOMETRIUM,161,0.026529795351204505,0.9028133875835016
X_scGPT,1.0,etoposide,KALS1_CENTRAL_NERVOUS_SYSTEM,288,0.003638204815157927,0.858534825551841
X_scGPT,1.0,etoposide,NCIH2444_LUNG,237,0.02027869770942426,0.9647680523526316
X_scGPT,1.0,etoposide,SNU46_UPPER_AERODIGESTIVE_TRACT,236,0.021404172629310388,0.8872192989466554
X_scGPT,1.0,etoposide,OAW28_OVARY,161,0.020174025514359196,0.9162822924785733
X_scGPT,1.0,etoposide,SNU1214_UPPER_AERODIGESTIVE_TRACT,188,0.010680081185847968,0.892298882629009
X_scGPT,1.0,etoposide,SKMEL5_SKIN,297,0.0202802128337865,0.9593226205218922
X_scGPT,1.0,etoposide,OVCAR4_OVARY,283,0.017200419969827057,0.9213460287862447
X_scGPT,1.0,etoposide,UACC257_SKIN,239,0.014058489626420229,0.9400078766515564
X_scGPT,1.0,etoposide,ONCODG1_OVARY,270,0.004097856820129585,0.8737211728537524
X_scGPT,1.0,etoposide,HUH28_BILIARY_TRACT,139,0.0032641250874911763,0.854173025638937
X_scGPT,1.0,etoposide,IM95_STOMACH,185,0.036587989093763436,0.8965242546957892
X_scGPT,1.0,etoposide,TE14_OESOPHAGUS,474,0.010343223613186264,0.9032479708204793
X_scGPT,1.0,etoposide,CAKI2_KIDNEY,278,0.017194853725761784,0.9144162368431366
X_scGPT,1.0,etoposide,SU8686_PANCREAS,82,0.025958784832827392,0.8978358499887513
X_scGPT,1.0,etoposide,SCC25_UPPER_AERODIGESTIVE_TRACT,898,0.009409550383062078,0.8590022516011661
X_scGPT,1.0,etoposide,SCC9_UPPER_AERODIGESTIVE_TRACT,475,0.004527965834858859,0.8547359886922334
X_scGPT,1.0,paclitaxel,NCIH2126_LUNG,264,0.07367737583189879,0.36333212516073027
X_scGPT,1.0,paclitaxel,SW579_THYROID,217,0.04051923404517454,0.5031765941101285
X_scGPT,1.0,paclitaxel,NCIH446_LUNG,196,0.04775117397768477,0.21586870470521402
X_scGPT,1.0,paclitaxel,HEC251_ENDOMETRIUM,107,0.08208601464426879,0.5928212398680571
X_scGPT,1.0,paclitaxel,MFE319_ENDOMETRIUM,191,0.041792186601250864,0.5819146787620963
X_scGPT,1.0,paclitaxel,SKNAS_AUTONOMIC_GANGLIA,226,0.026113048801509615,0.5489713449393754
X_scGPT,1.0,paclitaxel,NCIH2452_PLEURA,538,0.044834710809281586,0.5879886138173284
X_scGPT,1.0,paclitaxel,COLO741_SKIN,329,0.06612118086295005,0.6237707747695657
X_scGPT,1.0,paclitaxel,KNS42_CENTRAL_NERVOUS_SYSTEM,172,0.07396916194242334,0.5287686491081881
X_scGPT,1.0,paclitaxel,MCF7_BREAST,143,0.08613184241879393,0.7061995578395737
X_scGPT,1.0,paclitaxel,HT1197_URINARY_TRACT,74,0.04903918904990389,0.6406678118415781
X_scGPT,1.0,paclitaxel,SNU899_UPPER_AERODIGESTIVE_TRACT,83,0.03872810672670636,0.4953965684735631
X_scGPT,1.0,paclitaxel,HCC38_BREAST,200,0.10337856008901533,0.5318954981863498
X_scGPT,1.0,paclitaxel,SNU308_BILIARY_TRACT,94,0.044092776433170715,0.47172938414076543
X_scGPT,1.0,paclitaxel,SW1271_LUNG,115,0.07842868409539874,0.6807780102543209
X_scGPT,1.0,paclitaxel,TM31_CENTRAL_NERVOUS_SYSTEM,116,0.02320293696846099,0.536950700755777
X_scGPT,1.0,paclitaxel,NCIH747_LARGE_INTESTINE,80,0.060235669362093784,0.5891762986779213
X_scGPT,1.0,paclitaxel,KPNSI9S_AUTONOMIC_GANGLIA,129,0.04890686770944961,0.40863380298133967
X_scGPT,1.0,paclitaxel,SQ1_LUNG,238,0.0723151781907583,0.5719581238862848
X_scGPT,1.0,paclitaxel,IALM_LUNG,322,0.09036785781577472,0.523754110710221
X_scGPT,1.0,paclitaxel,BT474_BREAST,125,0.08202434587346626,0.7308666045665742
X_scGPT,1.0,paclitaxel,DKMG_CENTRAL_NERVOUS_SYSTEM,271,0.048450221129957054,0.49617270723920026
X_scGPT,1.0,paclitaxel,BT549_BREAST,266,0.06052187640712733,0.4451486495204438
X_scGPT,1.0,paclitaxel,BICR6_UPPER_AERODIGESTIVE_TRACT,286,0.0646602132801331,0.35400120325230217
X_scGPT,1.0,paclitaxel,SH10TC_STOMACH,351,0.05824670194612191,0.6520360521441512
X_scGPT,1.0,paclitaxel,UMUC1_URINARY_TRACT,197,0.06495033828371842,0.46719357719276156
X_scGPT,1.0,paclitaxel,LS1034_LARGE_INTESTINE,146,0.04528255406245495,0.6842243128443417
X_scGPT,1.0,paclitaxel,CCFSTTG1_CENTRAL_NERVOUS_SYSTEM,246,0.05801757408351953,0.49920398069591054
X_scGPT,1.0,paclitaxel,NCIH226_LUNG,235,0.08076705919435569,0.6688000427915695
X_scGPT,1.0,paclitaxel,LNCAPCLONEFGC_PROSTATE,129,0.04821221167691006,0.7938533023346303
X_scGPT,1.0,paclitaxel,RCC10RGB_KIDNEY,233,0.07235042166649229,0.6358099245973923
X_scGPT,1.0,paclitaxel,RERFLCAD1_LUNG,243,0.07666422061694525,0.5963267823796213
X_scGPT,1.0,paclitaxel,SKMEL2_SKIN,276,0.08390492282945534,0.5352983333278394
X_scGPT,1.0,paclitaxel,BICR31_UPPER_AERODIGESTIVE_TRACT,248,0.04845236354331168,0.3208083164908232
X_scGPT,1.0,paclitaxel,RCM1_LARGE_INTESTINE,128,0.09021193127712102,0.5216956108342856
X_scGPT,1.0,paclitaxel,COV434_OVARY,88,0.10094351929754779,0.2730664639649066
X_scGPT,1.0,paclitaxel,SNU1079_BILIARY_TRACT,73,0.09515355171004478,0.76201443598695
X_scGPT,1.0,paclitaxel,YD38_UPPER_AERODIGESTIVE_TRACT,624,0.03601173949155856,0.37526973356039095
X_scGPT,1.0,paclitaxel,NCIH1299_LUNG,534,0.028786344898065978,0.5606169760896919
X_scGPT,1.0,paclitaxel,IGR37_SKIN,347,0.02179342598057089,0.6731443551156981
X_scGPT,1.0,paclitaxel,BFTC909_KIDNEY,379,0.0811877932278454,0.5811840762091816
X_scGPT,1.0,paclitaxel,NCIH460_LUNG,837,0.07521233012726465,0.46793685456473055
X_scGPT,1.0,paclitaxel,IGR1_SKIN,725,0.07392084077271226,0.615028869324717
X_scGPT,1.0,paclitaxel,VMCUB1_URINARY_TRACT,478,0.04651501912875156,0.40275453317863674
X_scGPT,1.0,paclitaxel,JHOC5_OVARY,145,0.09401789730903497,0.5950346145136604
X_scGPT,1.0,paclitaxel,42MGBA_CENTRAL_NERVOUS_SYSTEM,518,0.05041129626573218,0.5120187868367752
X_scGPT,1.0,paclitaxel,HT1080_SOFT_TISSUE,516,0.08931442285540342,0.6098421815522882
X_scGPT,1.0,paclitaxel,LI7_LIVER,196,0.09168336240342612,0.6633263143653773
X_scGPT,1.0,paclitaxel,A375_SKIN,593,0.12153630345860761,0.6485349309283606
X_scGPT,1.0,paclitaxel,FTC133_THYROID,140,0.07705588726220629,0.6380105176142283
X_scGPT,1.0,paclitaxel,OVK18_OVARY,178,0.08603562570895568,0.5086904330534882
X_scGPT,1.0,paclitaxel,ACCMESO1_PLEURA,162,0.022060283320463312,0.5613443829395153
X_scGPT,1.0,paclitaxel,HMC18_BREAST,293,0.025232152235661002,0.5975216086000306
X_scGPT,1.0,paclitaxel,TOV112D_OVARY,78,0.024467439658795147,0.5677037835121155
X_scGPT,1.0,paclitaxel,JHH6_LIVER,206,0.06602851021571762,0.503259073038703
X_scGPT,1.0,paclitaxel,A2058_SKIN,294,0.07716390815667834,0.6204905048722312
X_scGPT,1.0,paclitaxel,NCIH2110_LUNG,1990,0.07689433878292588,0.578917397131872
X_scGPT,1.0,paclitaxel,NCIH650_LUNG,271,0.08838523408648641,0.7043391981907876
X_scGPT,1.0,paclitaxel,EFE184_ENDOMETRIUM,86,0.055978391709608104,0.824005933001984
X_scGPT,1.0,paclitaxel,HUPT3_PANCREAS,136,0.09614581800159036,0.6285166847793495
X_scGPT,1.0,paclitaxel,MDAMB361_BREAST,135,0.071328833164463,0.6516055623690288
X_scGPT,1.0,paclitaxel,BCPAP_THYROID,152,0.05074206277230956,0.546595430883922
X_scGPT,1.0,paclitaxel,PECAPJ49_UPPER_AERODIGESTIVE_TRACT,202,0.04676313648961345,0.4036356266772393
X_scGPT,1.0,paclitaxel,EKVX_LUNG,146,0.033176150789403475,0.5426776692883609
X_scGPT,1.0,paclitaxel,BICR56_UPPER_AERODIGESTIVE_TRACT,81,0.03146335513066149,0.31008927836830236
X_scGPT,1.0,paclitaxel,NCIH2170_LUNG,142,0.08027544252399381,0.385943580471294
X_scGPT,1.0,paclitaxel,DETROIT562_UPPER_AERODIGESTIVE_TRACT,163,0.03981261287229602,0.447768867198675
X_scGPT,1.0,paclitaxel,SW1088_CENTRAL_NERVOUS_SYSTEM,128,0.0553350656970036,0.5425721425563097
X_scGPT,1.0,paclitaxel,BHY_UPPER_AERODIGESTIVE_TRACT,145,0.09103033544663769,0.41684428391785455
X_scGPT,1.0,paclitaxel,CAS1_CENTRAL_NERVOUS_SYSTEM,133,0.06365976838607851,0.45868236431501863
X_scGPT,1.0,paclitaxel,HCC1428_BREAST,127,0.08144442681031576,0.6019866492335252
X_scGPT,1.0,paclitaxel,HDQP1_BREAST,64,0.07622962574913206,0.6178970504552126
X_scGPT,1.0,paclitaxel,OSRC2_KIDNEY,126,0.05905462344611784,0.7227663497130076
X_scGPT,1.0,paclitaxel,HUPT4_PANCREAS,56,0.07436143936291136,0.5754047962171691
X_scGPT,1.0,paclitaxel,TCCSUP_URINARY_TRACT,316,0.04440259493738641,0.5343777203484427
X_scGPT,1.0,paclitaxel,VMRCRCZ_KIDNEY,300,0.025086520219914307,0.5741062454382578
X_scGPT,1.0,paclitaxel,PK59_PANCREAS,174,0.06884850616026766,0.6320430706629808
X_scGPT,1.0,paclitaxel,HUH6_LIVER,338,0.055268755455124156,0.7819639213339111
X_scGPT,1.0,paclitaxel,MSTO211H_PLEURA,297,0.0635114735126548,0.5389504250051197
X_scGPT,1.0,paclitaxel,HS852T_SKIN,162,0.07816703957435163,0.6394552796343227
X_scGPT,1.0,paclitaxel,SKMEL30_SKIN,353,0.0515899431335682,0.5848660191294154
X_scGPT,1.0,paclitaxel,T47D_BREAST,221,0.061007652419866415,0.7356987137060899
X_scGPT,1.0,paclitaxel,CALU6_LUNG,258,0.08228839964718546,0.5256298524002696
X_scGPT,1.0,paclitaxel,NCIH522_LUNG,208,0.026910243594605577,0.5547795436130121
X_scGPT,1.0,paclitaxel,LMSU_STOMACH,255,0.020749066630594885,0.5055180000323876
X_scGPT,1.0,paclitaxel,SNUC4_LARGE_INTESTINE,467,0.042854009090895956,0.5026940048634367
X_scGPT,1.0,paclitaxel,RVH421_SKIN,239,0.08068532285887647,0.7117679872273401
X_scGPT,1.0,paclitaxel,OVSAHO_OVARY,227,0.026586702671570026,0.5804890138199676
X_scGPT,1.0,paclitaxel,GOS3_CENTRAL_NERVOUS_SYSTEM,191,0.027253444375547498,0.5371228570401356
X_scGPT,1.0,paclitaxel,SNU738_CENTRAL_NERVOUS_SYSTEM,379,0.08989305319928631,0.605092553475916
X_scGPT,1.0,paclitaxel,PC3_PROSTATE,169,0.06978338826385835,0.6478454885045453
X_scGPT,1.0,paclitaxel,PATU8988S_PANCREAS,244,0.05220447994459284,0.5665676254229467
X_scGPT,1.0,paclitaxel,OVTOKO_OVARY,209,0.021214482657004412,0.5494607541549719
X_scGPT,1.0,paclitaxel,TE1_OESOPHAGUS,206,0.08366735365746665,0.5853175108583228
X_scGPT,1.0,paclitaxel,NCIH2087_LUNG,219,0.06405016046114764,0.4387361614127137
X_scGPT,1.0,paclitaxel,EFM192A_BREAST,333,0.09049801907982251,0.6478856755448533
X_scGPT,1.0,paclitaxel,SNU423_LIVER,212,0.05007493900540024,0.6750692688631561
X_scGPT,1.0,paclitaxel,KPL1_BREAST,276,0.07403683048670298,0.6878288814771003
X_scGPT,1.0,paclitaxel,NCIH358_LUNG,336,0.08141983973297985,0.734128620564228
X_scGPT,1.0,paclitaxel,COLO792_SKIN,271,0.03047838434687549,0.6411991766018181
X_scGPT,1.0,paclitaxel,KYSE520_OESOPHAGUS,323,0.0352133172449539,0.5088003215036894
X_scGPT,1.0,paclitaxel,KMRC3_KIDNEY,245,0.07461854481255739,0.6953875220551783
X_scGPT,1.0,paclitaxel,MKN7_STOMACH,258,0.07986584527765833,0.5715130188668421
X_scGPT,1.0,paclitaxel,NCIH1944_LUNG,414,0.02371648572547376,0.5505263145995025
X_scGPT,1.0,paclitaxel,TE6_OESOPHAGUS,551,0.03137064398073853,0.47758616991138286
X_scGPT,1.0,paclitaxel,ZR751_BREAST,309,0.08144039338253105,0.5286600756606623
X_scGPT,1.0,paclitaxel,PANC0203_PANCREAS,506,0.06047410267272417,0.37013628731367615
X_scGPT,1.0,paclitaxel,SW1990_PANCREAS,307,0.06475266948734525,0.6399099161842359
X_scGPT,1.0,paclitaxel,RD_SOFT_TISSUE,261,0.06342221139070434,0.4368029526823782
X_scGPT,1.0,paclitaxel,NCIH1792_LUNG,111,0.05605389041455328,0.5891728360910673
X_scGPT,1.0,paclitaxel,PK45H_PANCREAS,271,0.04690443032047111,0.6832606538415396
X_scGPT,1.0,paclitaxel,LS180_LARGE_INTESTINE,361,0.08728101333299254,0.5734825239534853
X_scGPT,1.0,paclitaxel,RERFLCAI_LUNG,763,0.059473506363744585,0.6074154112551503
X_scGPT,1.0,paclitaxel,CAMA1_BREAST,291,0.07557752871182508,0.6750645659019038
X_scGPT,1.0,paclitaxel,SNU449_LIVER,282,0.061083684258476004,0.5072358808618911
X_scGPT,1.0,paclitaxel,A204_SOFT_TISSUE,250,0.12322603496896363,0.38011148035526277
X_scGPT,1.0,paclitaxel,MKN45_STOMACH,118,0.08363979466421496,0.5978967448917486
X_scGPT,1.0,paclitaxel,HEP3B217_LIVER,118,0.023216131061147498,0.5779354238914232
X_scGPT,1.0,paclitaxel,HOS_BONE,829,0.05260918886071104,0.5156173042063259
X_scGPT,1.0,paclitaxel,EBC1_LUNG,186,0.08118387495025353,0.4455132484436035
X_scGPT,1.0,paclitaxel,NCIH292_LUNG,213,0.0864470715016377,0.4171780009224941
X_scGPT,1.0,paclitaxel,OUMS23_LARGE_INTESTINE,107,0.06875122362308765,0.6585666010869997
X_scGPT,1.0,paclitaxel,HEC151_ENDOMETRIUM,250,0.06591712487794443,0.7068371648788452
X_scGPT,1.0,paclitaxel,NCIH1373_LUNG,164,0.08928269374890853,0.4255146713155072
X_scGPT,1.0,paclitaxel,TE9_OESOPHAGUS,248,0.03566923066295092,0.4713278418827441
X_scGPT,1.0,paclitaxel,HCC56_LARGE_INTESTINE,99,0.06699298243016381,0.6010174007728847
X_scGPT,1.0,paclitaxel,HT55_LARGE_INTESTINE,211,0.045897721922928104,0.690342061327532
X_scGPT,1.0,paclitaxel,RT4_URINARY_TRACT,106,0.03408021492696728,0.45246035507265125
X_scGPT,1.0,paclitaxel,SKES1_BONE,91,0.023965148462574623,0.5572195092400352
X_scGPT,1.0,paclitaxel,NCIH1435_LUNG,267,0.05604450694465061,0.3715154631307509
X_scGPT,1.0,paclitaxel,8305C_THYROID,459,0.04833697459666397,0.6285234000168595
X_scGPT,1.0,paclitaxel,NCIH2228_LUNG,367,0.08202123975732145,0.580081369961315
X_scGPT,1.0,paclitaxel,TE10_OESOPHAGUS,219,0.07680427648682947,0.4903815856807308
X_scGPT,1.0,paclitaxel,ASPC1_PANCREAS,290,0.03543983784871108,0.6857433189605845
X_scGPT,1.0,paclitaxel,HCC366_LUNG,202,0.0580917944611592,0.5655806898185523
X_scGPT,1.0,paclitaxel,BICR16_UPPER_AERODIGESTIVE_TRACT,212,0.04909068519305687,0.4003836949760059
X_scGPT,1.0,paclitaxel,HEC6_ENDOMETRIUM,161,0.08652748955824602,0.5527431531722501
X_scGPT,1.0,paclitaxel,KALS1_CENTRAL_NERVOUS_SYSTEM,288,0.016342196943689637,0.5500837641043795
X_scGPT,1.0,paclitaxel,NCIH2444_LUNG,237,0.05900200646936458,0.643961365841612
X_scGPT,1.0,paclitaxel,SNU46_UPPER_AERODIGESTIVE_TRACT,236,0.07921214495403937,0.5686473095063436
X_scGPT,1.0,paclitaxel,OAW28_OVARY,161,0.07349508565308814,0.5729305166635454
X_scGPT,1.0,paclitaxel,SNU1214_UPPER_AERODIGESTIVE_TRACT,188,0.05266663950231631,0.40183185040950775
X_scGPT,1.0,paclitaxel,SKMEL5_SKIN,297,0.05080521998316576,0.6838616921444132
X_scGPT,1.0,paclitaxel,OVCAR4_OVARY,283,0.08903752700071083,0.606032736731081
X_scGPT,1.0,paclitaxel,UACC257_SKIN,239,0.044327197035827416,0.5201153608046815
X_scGPT,1.0,paclitaxel,ONCODG1_OVARY,270,0.02297970615913197,0.5530580676264233
X_scGPT,1.0,paclitaxel,HUH28_BILIARY_TRACT,139,0.01710259774180252,0.5616982131124401
X_scGPT,1.0,paclitaxel,IM95_STOMACH,185,0.07688218621248703,0.5573357884948318
X_scGPT,1.0,paclitaxel,TE14_OESOPHAGUS,474,0.049043997210470855,0.40626432139913743
X_scGPT,1.0,paclitaxel,CAKI2_KIDNEY,278,0.054550815871611244,0.7085691229473773
X_scGPT,1.0,paclitaxel,SU8686_PANCREAS,82,0.08009720377119867,0.6756776342304741
X_scGPT,1.0,paclitaxel,SCC25_UPPER_AERODIGESTIVE_TRACT,898,0.03873045165707202,0.4107303479665637
X_scGPT,1.0,paclitaxel,SCC9_UPPER_AERODIGESTIVE_TRACT,475,0.02230984187001485,0.503450888269826
X_scGPT,1.0,gemcitabine,NCIH2126_LUNG,264,0.08184103765152015,0.4258030408033819
X_scGPT,1.0,gemcitabine,SW579_THYROID,217,0.047749271422600305,0.6493451121490672
X_scGPT,1.0,gemcitabine,NCIH446_LUNG,196,0.04612901023277507,0.43297394684382845
X_scGPT,1.0,gemcitabine,HEC251_ENDOMETRIUM,107,0.052249477319310796,0.7515999769496027
X_scGPT,1.0,gemcitabine,MFE319_ENDOMETRIUM,191,0.05341108044855252,0.8001674785039812
X_scGPT,1.0,gemcitabine,SKNAS_AUTONOMIC_GANGLIA,226,0.03008597516699531,0.8192832208840193
X_scGPT,1.0,gemcitabine,NCIH2452_PLEURA,538,0.04667569130139287,0.6982456538756984
X_scGPT,1.0,gemcitabine,COLO741_SKIN,329,0.09586272619261245,0.8341320858175632
X_scGPT,1.0,gemcitabine,KNS42_CENTRAL_NERVOUS_SYSTEM,172,0.04253569763438074,0.7627689471078474
X_scGPT,1.0,gemcitabine,MCF7_BREAST,143,0.07699737821618796,0.9993234547701749
X_scGPT,1.0,gemcitabine,HT1197_URINARY_TRACT,74,0.062056791190317116,0.8259402690707026
X_scGPT,1.0,gemcitabine,SNU899_UPPER_AERODIGESTIVE_TRACT,83,0.05751935473073644,0.6645891996751349
X_scGPT,1.0,gemcitabine,HCC38_BREAST,200,0.07229950862243927,0.754472738802433
X_scGPT,1.0,gemcitabine,SNU308_BILIARY_TRACT,94,0.05188426015731851,0.5960608612983784
X_scGPT,1.0,gemcitabine,SW1271_LUNG,115,0.07329508145696621,0.8374524551889171
X_scGPT,1.0,gemcitabine,TM31_CENTRAL_NERVOUS_SYSTEM,116,0.030952940831407268,0.7857323622909086
X_scGPT,1.0,gemcitabine,NCIH747_LARGE_INTESTINE,80,0.051329254188069905,0.6190703019499779
X_scGPT,1.0,gemcitabine,KPNSI9S_AUTONOMIC_GANGLIA,129,0.04144860532169322,0.5675728408865226
X_scGPT,1.0,gemcitabine,SQ1_LUNG,238,0.05603566900636943,0.7198132439320829
X_scGPT,1.0,gemcitabine,IALM_LUNG,322,0.10676838132409608,0.6818846437316504
X_scGPT,1.0,gemcitabine,BT474_BREAST,125,0.0667591376203463,0.8859430589675903
X_scGPT,1.0,gemcitabine,DKMG_CENTRAL_NERVOUS_SYSTEM,271,0.06199204304262847,0.613993475907843
X_scGPT,1.0,gemcitabine,BT549_BREAST,266,0.07551762451337465,0.6121261226279395
X_scGPT,1.0,gemcitabine,BICR6_UPPER_AERODIGESTIVE_TRACT,286,0.0432013934601183,0.6330527017166564
X_scGPT,1.0,gemcitabine,SH10TC_STOMACH,351,0.06005163652146515,0.768980003999509
X_scGPT,1.0,gemcitabine,UMUC1_URINARY_TRACT,197,0.04886507757238673,0.7419905465871549
X_scGPT,1.0,gemcitabine,LS1034_LARGE_INTESTINE,146,0.03550041091378814,0.7398954940168825
X_scGPT,1.0,gemcitabine,CCFSTTG1_CENTRAL_NERVOUS_SYSTEM,246,0.09314489660735119,0.6463060582556376
X_scGPT,1.0,gemcitabine,NCIH226_LUNG,235,0.07391870871347014,0.796840701458302
X_scGPT,1.0,gemcitabine,LNCAPCLONEFGC_PROSTATE,129,0.04821919301435194,0.9912560642227646
X_scGPT,1.0,gemcitabine,RCC10RGB_KIDNEY,233,0.0527647172753612,0.7597213584466042
X_scGPT,1.0,gemcitabine,RERFLCAD1_LUNG,243,0.08976775994254442,0.6783568520604828
X_scGPT,1.0,gemcitabine,SKMEL2_SKIN,276,0.08642748980004596,0.7398343673650769
X_scGPT,1.0,gemcitabine,BICR31_UPPER_AERODIGESTIVE_TRACT,248,0.030629787985381872,0.6118514045111595
X_scGPT,1.0,gemcitabine,RCM1_LARGE_INTESTINE,128,0.06372706481737017,0.7016246696002781
X_scGPT,1.0,gemcitabine,COV434_OVARY,88,0.16785832322573427,0.6109140220690857
X_scGPT,1.0,gemcitabine,SNU1079_BILIARY_TRACT,73,0.08480078253519362,0.9071100648135355
X_scGPT,1.0,gemcitabine,YD38_UPPER_AERODIGESTIVE_TRACT,624,0.05345800913942322,0.6686204905406787
X_scGPT,1.0,gemcitabine,NCIH1299_LUNG,534,0.03644046737134735,0.799435904075144
X_scGPT,1.0,gemcitabine,IGR37_SKIN,347,0.019767889403937044,0.9153195245121672
X_scGPT,1.0,gemcitabine,BFTC909_KIDNEY,379,0.12836221931417216,0.7217019334002975
X_scGPT,1.0,gemcitabine,NCIH460_LUNG,837,0.06114810305679258,0.6212689331426701
X_scGPT,1.0,gemcitabine,IGR1_SKIN,725,0.10216188679560435,0.640098132634985
X_scGPT,1.0,gemcitabine,VMCUB1_URINARY_TRACT,478,0.06030486758578075,0.6712237385152274
X_scGPT,1.0,gemcitabine,JHOC5_OVARY,145,0.0733649187150739,0.7367755606256682
X_scGPT,1.0,gemcitabine,42MGBA_CENTRAL_NERVOUS_SYSTEM,518,0.052038876794912016,0.7139796320075694
X_scGPT,1.0,gemcitabine,HT1080_SOFT_TISSUE,516,0.1253481026169312,0.6840921401284462
X_scGPT,1.0,gemcitabine,LI7_LIVER,196,0.09570369435821169,0.7208052536054533
X_scGPT,1.0,gemcitabine,A375_SKIN,593,0.21551726749726352,0.9348751964898777
X_scGPT,1.0,gemcitabine,FTC133_THYROID,140,0.10667933960157913,0.8170351730925697
X_scGPT,1.0,gemcitabine,OVK18_OVARY,178,0.07047489346438744,0.49839760530530736
X_scGPT,1.0,gemcitabine,ACCMESO1_PLEURA,162,0.02768762453429015,0.8132885440632149
X_scGPT,1.0,gemcitabine,HMC18_BREAST,293,0.02913340634484977,0.8440533424807083
X_scGPT,1.0,gemcitabine,TOV112D_OVARY,78,0.0279149241566209,0.8356056671876174
X_scGPT,1.0,gemcitabine,JHH6_LIVER,206,0.057728352880072484,0.6657172340212516
X_scGPT,1.0,gemcitabine,A2058_SKIN,294,0.11286728013545191,0.620603716799191
X_scGPT,1.0,gemcitabine,NCIH2110_LUNG,1990,0.09102133746509387,0.6759864348862039
X_scGPT,1.0,gemcitabine,NCIH650_LUNG,271,0.10699575676195883,0.8103112826928002
X_scGPT,1.0,gemcitabine,EFE184_ENDOMETRIUM,86,0.0474050954688391,0.8011182234730831
X_scGPT,1.0,gemcitabine,HUPT3_PANCREAS,136,0.07236104561905829,0.6797463880742297
X_scGPT,1.0,gemcitabine,MDAMB361_BREAST,135,0.06677607224427926,0.9669407690012897
X_scGPT,1.0,gemcitabine,BCPAP_THYROID,152,0.05990351829372143,0.7331328988075256
X_scGPT,1.0,gemcitabine,PECAPJ49_UPPER_AERODIGESTIVE_TRACT,202,0.03604355588438749,0.7200014517448916
X_scGPT,1.0,gemcitabine,EKVX_LUNG,146,0.04723820038947782,0.7639713789502235
X_scGPT,1.0,gemcitabine,BICR56_UPPER_AERODIGESTIVE_TRACT,81,0.022157879754692175,0.6421036977826813
X_scGPT,1.0,gemcitabine,NCIH2170_LUNG,142,0.0702846470856932,0.4774285655626109
X_scGPT,1.0,gemcitabine,DETROIT562_UPPER_AERODIGESTIVE_TRACT,163,0.06142363365062163,0.5979842329683479
X_scGPT,1.0,gemcitabine,SW1088_CENTRAL_NERVOUS_SYSTEM,128,0.045768650997060914,0.7741911616176367
X_scGPT,1.0,gemcitabine,BHY_UPPER_AERODIGESTIVE_TRACT,145,0.04984200019659808,0.709739391968168
X_scGPT,1.0,gemcitabine,CAS1_CENTRAL_NERVOUS_SYSTEM,133,0.07251345921023697,0.6294357353135159
X_scGPT,1.0,gemcitabine,HCC1428_BREAST,127,0.07051593726953533,0.7560143480150718
X_scGPT,1.0,gemcitabine,HDQP1_BREAST,64,0.04274534404807987,0.7466267552226782
X_scGPT,1.0,gemcitabine,OSRC2_KIDNEY,126,0.05161263575125142,0.8498757680257162
X_scGPT,1.0,gemcitabine,HUPT4_PANCREAS,56,0.06433213704302689,0.6558046489953995
X_scGPT,1.0,gemcitabine,TCCSUP_URINARY_TRACT,316,0.0389227782828276,0.7185744592283345
X_scGPT,1.0,gemcitabine,VMRCRCZ_KIDNEY,300,0.030525826982051252,0.8171771742900212
X_scGPT,1.0,gemcitabine,PK59_PANCREAS,174,0.061803615864421874,0.7318966488043467
X_scGPT,1.0,gemcitabine,HUH6_LIVER,338,0.049711989344453214,0.9463909102614815
X_scGPT,1.0,gemcitabine,MSTO211H_PLEURA,297,0.05083043299003132,0.7168656904689391
X_scGPT,1.0,gemcitabine,HS852T_SKIN,162,0.13529343911382233,0.9133302054287474
X_scGPT,1.0,gemcitabine,SKMEL30_SKIN,353,0.05392373341374089,0.7445846429627611
X_scGPT,1.0,gemcitabine,T47D_BREAST,221,0.07062282551346948,0.9920922463835634
X_scGPT,1.0,gemcitabine,CALU6_LUNG,258,0.06750617268387596,0.6917432729125947
X_scGPT,1.0,gemcitabine,NCIH522_LUNG,208,0.030338060512357993,0.8100781285992036
X_scGPT,1.0,gemcitabine,LMSU_STOMACH,255,0.028031079776892356,0.7469579928061542
X_scGPT,1.0,gemcitabine,SNUC4_LARGE_INTESTINE,467,0.037953950195831754,0.5334938904330357
X_scGPT,1.0,gemcitabine,RVH421_SKIN,239,0.08259045463183413,0.8113575929378366
X_scGPT,1.0,gemcitabine,OVSAHO_OVARY,227,0.029404951806341357,0.8107547505311504
X_scGPT,1.0,gemcitabine,GOS3_CENTRAL_NERVOUS_SYSTEM,191,0.034845942046144315,0.790906293229907
X_scGPT,1.0,gemcitabine,SNU738_CENTRAL_NERVOUS_SYSTEM,379,0.07262417817041653,0.7954908692742401
X_scGPT,1.0,gemcitabine,PC3_PROSTATE,169,0.07136816509084602,0.7941462563339775
X_scGPT,1.0,gemcitabine,PATU8988S_PANCREAS,244,0.07103396768401439,0.70027600326499
X_scGPT,1.0,gemcitabine,OVTOKO_OVARY,209,0.02892653497444031,0.7677625466191598
X_scGPT,1.0,gemcitabine,TE1_OESOPHAGUS,206,0.08680972252860727,0.7146318716910279
X_scGPT,1.0,gemcitabine,NCIH2087_LUNG,219,0.04901213533945539,0.6004110196409704
X_scGPT,1.0,gemcitabine,EFM192A_BREAST,333,0.08058729421122023,0.7976059757911407
X_scGPT,1.0,gemcitabine,SNU423_LIVER,212,0.03774553862679847,0.7952607434313252
X_scGPT,1.0,gemcitabine,KPL1_BREAST,276,0.05419758544852974,0.8521748107412587
X_scGPT,1.0,gemcitabine,NCIH358_LUNG,336,0.10077765090636917,0.8156847338236514
X_scGPT,1.0,gemcitabine,COLO792_SKIN,271,0.027811377462146264,0.883686405266343
X_scGPT,1.0,gemcitabine,KYSE520_OESOPHAGUS,323,0.04937709296764545,0.7042418360341075
X_scGPT,1.0,gemcitabine,KMRC3_KIDNEY,245,0.04860545359380475,0.8249042129030033
X_scGPT,1.0,gemcitabine,MKN7_STOMACH,258,0.062202656916398306,0.7318167626395706
X_scGPT,1.0,gemcitabine,NCIH1944_LUNG,414,0.034094697399838614,0.7578370460277595
X_scGPT,1.0,gemcitabine,TE6_OESOPHAGUS,551,0.046967048478474466,0.6509776403164041
X_scGPT,1.0,gemcitabine,ZR751_BREAST,309,0.08261091433106627,0.6743651741338008
X_scGPT,1.0,gemcitabine,PANC0203_PANCREAS,506,0.03370015719290459,0.6333140172506039
X_scGPT,1.0,gemcitabine,SW1990_PANCREAS,307,0.06414577017189853,0.7664439414145504
X_scGPT,1.0,gemcitabine,RD_SOFT_TISSUE,261,0.06866949178445333,0.63895464777033
X_scGPT,1.0,gemcitabine,NCIH1792_LUNG,111,0.054307750194447585,0.7082828143695453
X_scGPT,1.0,gemcitabine,PK45H_PANCREAS,271,0.038691376221716485,0.7908255174151206
X_scGPT,1.0,gemcitabine,LS180_LARGE_INTESTINE,361,0.06663248416909978,0.7816665175053552
X_scGPT,1.0,gemcitabine,RERFLCAI_LUNG,763,0.05334089840862648,0.76902201455355
X_scGPT,1.0,gemcitabine,CAMA1_BREAST,291,0.0472543822217606,0.8526221048790974
X_scGPT,1.0,gemcitabine,SNU449_LIVER,282,0.03502423545869835,0.7319068824145811
X_scGPT,1.0,gemcitabine,A204_SOFT_TISSUE,250,0.21277617032838647,0.7202248408794403
X_scGPT,1.0,gemcitabine,MKN45_STOMACH,118,0.10089037607474953,0.6755411003605795
X_scGPT,1.0,gemcitabine,HEP3B217_LIVER,118,0.02634909648819172,0.8023928196753486
X_scGPT,1.0,gemcitabine,HOS_BONE,829,0.04114145849317117,0.7070498696569942
X_scGPT,1.0,gemcitabine,EBC1_LUNG,186,0.056399326739493445,0.6846076890986453
X_scGPT,1.0,gemcitabine,NCIH292_LUNG,213,0.04489333533643278,0.6977250830668239
X_scGPT,1.0,gemcitabine,OUMS23_LARGE_INTESTINE,107,0.046703084938776056,0.7281947219483206
X_scGPT,1.0,gemcitabine,HEC151_ENDOMETRIUM,250,0.04596200064271657,0.7683202021121979
X_scGPT,1.0,gemcitabine,NCIH1373_LUNG,164,0.054182791721608184,0.6838025785074001
X_scGPT,1.0,gemcitabine,TE9_OESOPHAGUS,248,0.05618293544139923,0.6213493442102787
X_scGPT,1.0,gemcitabine,HCC56_LARGE_INTESTINE,99,0.04763687906045978,0.7913724262304981
X_scGPT,1.0,gemcitabine,HT55_LARGE_INTESTINE,211,0.03603178961600411,0.8060294245656633
X_scGPT,1.0,gemcitabine,RT4_URINARY_TRACT,106,0.03648000153965282,0.5565178113163642
X_scGPT,1.0,gemcitabine,SKES1_BONE,91,0.027384279469190302,0.8112622545315669
X_scGPT,1.0,gemcitabine,NCIH1435_LUNG,267,0.04155655447540264,0.6279426132248582
X_scGPT,1.0,gemcitabine,8305C_THYROID,459,0.04115736136710899,0.7780869190209831
X_scGPT,1.0,gemcitabine,NCIH2228_LUNG,367,0.049275050914841745,0.7590556147962565
X_scGPT,1.0,gemcitabine,TE10_OESOPHAGUS,219,0.044265030188368394,0.7456057920847854
X_scGPT,1.0,gemcitabine,ASPC1_PANCREAS,290,0.03526778380170534,0.7491331552637035
X_scGPT,1.0,gemcitabine,HCC366_LUNG,202,0.05100702904721012,0.7115731740942096
X_scGPT,1.0,gemcitabine,BICR16_UPPER_AERODIGESTIVE_TRACT,212,0.03186176095590119,0.7059266710618757
X_scGPT,1.0,gemcitabine,HEC6_ENDOMETRIUM,161,0.06409184616023494,0.764175902612461
X_scGPT,1.0,gemcitabine,KALS1_CENTRAL_NERVOUS_SYSTEM,288,0.01981250836730284,0.8112625413470798
X_scGPT,1.0,gemcitabine,NCIH2444_LUNG,237,0.03492468640759597,0.8101435768956373
X_scGPT,1.0,gemcitabine,SNU46_UPPER_AERODIGESTIVE_TRACT,236,0.047636250160914224,0.7367301757557917
X_scGPT,1.0,gemcitabine,OAW28_OVARY,161,0.0640998948135293,0.7116255530659457
X_scGPT,1.0,gemcitabine,SNU1214_UPPER_AERODIGESTIVE_TRACT,188,0.04337908376218025,0.7834265060881351
X_scGPT,1.0,gemcitabine,SKMEL5_SKIN,297,0.0804971401528922,0.8326077599718114
X_scGPT,1.0,gemcitabine,OVCAR4_OVARY,283,0.06722715736240688,0.8025856009641722
X_scGPT,1.0,gemcitabine,UACC257_SKIN,239,0.04685191708757235,0.6863138069667577
X_scGPT,1.0,gemcitabine,ONCODG1_OVARY,270,0.027746916606367057,0.7768582474302362
X_scGPT,1.0,gemcitabine,HUH28_BILIARY_TRACT,139,0.018877026311376867,0.8328824832285051
X_scGPT,1.0,gemcitabine,IM95_STOMACH,185,0.07374764336125927,0.6323194495729498
X_scGPT,1.0,gemcitabine,TE14_OESOPHAGUS,474,0.04587261350791569,0.7007010840665439
X_scGPT,1.0,gemcitabine,CAKI2_KIDNEY,278,0.03625842765373598,0.7122516012449058
X_scGPT,1.0,gemcitabine,SU8686_PANCREAS,82,0.10034650719654921,0.707926489957949
X_scGPT,1.0,gemcitabine,SCC25_UPPER_AERODIGESTIVE_TRACT,898,0.06270097905634618,0.5783632902764531
X_scGPT,1.0,gemcitabine,SCC9_UPPER_AERODIGESTIVE_TRACT,475,0.031845744772099456,0.7566807802099931
X_scGPT,1.0,imatinib,NCIH2126_LUNG,264,0.030728964422130623,0.9028080148678838
X_scGPT,1.0,imatinib,SW579_THYROID,217,0.0301885496230923,0.925216882459579
X_scGPT,1.0,imatinib,NCIH446_LUNG,196,0.023818783654268184,0.8560548363899698
X_scGPT,1.0,imatinib,HEC251_ENDOMETRIUM,107,0.021511650126803672,0.9543381494896435
X_scGPT,1.0,imatinib,MFE319_ENDOMETRIUM,191,0.006690247881187471,0.9765641723627819
X_scGPT,1.0,imatinib,SKNAS_AUTONOMIC_GANGLIA,226,0.004362667836014815,0.9573588371276855
X_scGPT,1.0,imatinib,NCIH2452_PLEURA,538,0.03157871871781637,0.9287657292358937
X_scGPT,1.0,imatinib,COLO741_SKIN,329,0.012417051164367615,0.9495286631729103
X_scGPT,1.0,imatinib,KNS42_CENTRAL_NERVOUS_SYSTEM,172,0.021129799079545413,0.9607155472040176
X_scGPT,1.0,imatinib,MCF7_BREAST,143,0.023518050634419987,1.0043350270578077
X_scGPT,1.0,imatinib,HT1197_URINARY_TRACT,74,0.02246092889604491,1.0565529570386216
X_scGPT,1.0,imatinib,SNU899_UPPER_AERODIGESTIVE_TRACT,83,0.004887885429276937,0.996214543480471
X_scGPT,1.0,imatinib,HCC38_BREAST,200,0.03861565853023131,0.9721734848618507
X_scGPT,1.0,imatinib,SNU308_BILIARY_TRACT,94,0.027897943041097426,0.9930344788317985
X_scGPT,1.0,imatinib,SW1271_LUNG,115,0.03072750860496456,0.9625008204708929
X_scGPT,1.0,imatinib,TM31_CENTRAL_NERVOUS_SYSTEM,116,0.005591825665037386,0.9673901662744325
X_scGPT,1.0,imatinib,NCIH747_LARGE_INTESTINE,80,0.02515208432956595,1.0169056072831153
X_scGPT,1.0,imatinib,KPNSI9S_AUTONOMIC_GANGLIA,129,0.027112834388004978,0.8474264948867088
X_scGPT,1.0,imatinib,SQ1_LUNG,238,0.019241634940124545,0.9508871969555607
X_scGPT,1.0,imatinib,IALM_LUNG,322,0.042991947530538796,0.9801068824270497
X_scGPT,1.0,imatinib,BT474_BREAST,125,0.011909084497657603,0.9816748666763305
X_scGPT,1.0,imatinib,DKMG_CENTRAL_NERVOUS_SYSTEM,271,0.04384319811988329,0.8547530213845173
X_scGPT,1.0,imatinib,BT549_BREAST,266,0.04867634215580729,0.8482246154681184
X_scGPT,1.0,imatinib,BICR6_UPPER_AERODIGESTIVE_TRACT,286,0.026870781195169675,0.9852528142762351
X_scGPT,1.0,imatinib,SH10TC_STOMACH,351,0.03241108664030579,1.0222737356128855
X_scGPT,1.0,imatinib,UMUC1_URINARY_TRACT,197,0.028337706234834472,1.0347239069527177
X_scGPT,1.0,imatinib,LS1034_LARGE_INTESTINE,146,0.018442054966534994,1.0439662059692487
X_scGPT,1.0,imatinib,CCFSTTG1_CENTRAL_NERVOUS_SYSTEM,246,0.05188248636383269,0.8599891829781416
X_scGPT,1.0,imatinib,NCIH226_LUNG,235,0.034869643593791556,0.9659136833028591
X_scGPT,1.0,imatinib,LNCAPCLONEFGC_PROSTATE,129,0.004354974055364288,0.9691126175629076
X_scGPT,1.0,imatinib,RCC10RGB_KIDNEY,233,0.038598804829002076,1.0180993591767011
X_scGPT,1.0,imatinib,RERFLCAD1_LUNG,243,0.049744687067599755,1.0287053234292647
X_scGPT,1.0,imatinib,SKMEL2_SKIN,276,0.02896103982149332,0.9248481030049531
X_scGPT,1.0,imatinib,BICR31_UPPER_AERODIGESTIVE_TRACT,248,0.02126552312640075,0.9551582103294711
X_scGPT,1.0,imatinib,RCM1_LARGE_INTESTINE,128,0.011670260183478904,0.9235624526627362
X_scGPT,1.0,imatinib,COV434_OVARY,88,0.02833279810903349,0.9658710766922344
X_scGPT,1.0,imatinib,SNU1079_BILIARY_TRACT,73,0.03153801783567188,0.9791995540057143
X_scGPT,1.0,imatinib,YD38_UPPER_AERODIGESTIVE_TRACT,624,0.017043161941744316,0.9465224852737708
X_scGPT,1.0,imatinib,NCIH1299_LUNG,534,0.0038499970039825387,0.9720278879006704
X_scGPT,1.0,imatinib,IGR37_SKIN,347,0.002808978739939138,0.9601241436059605
X_scGPT,1.0,imatinib,BFTC909_KIDNEY,379,0.035540084264697076,0.9106568131094558
X_scGPT,1.0,imatinib,NCIH460_LUNG,837,0.019059766090112257,0.8971556371685424
X_scGPT,1.0,imatinib,IGR1_SKIN,725,0.014881438454577584,0.9780729226408333
X_scGPT,1.0,imatinib,VMCUB1_URINARY_TRACT,478,0.015885126816483738,0.9392831520056625
X_scGPT,1.0,imatinib,JHOC5_OVARY,145,0.036376618894355756,0.9887213748076866
X_scGPT,1.0,imatinib,42MGBA_CENTRAL_NERVOUS_SYSTEM,518,0.030463755574670466,0.9375784555917541
X_scGPT,1.0,imatinib,HT1080_SOFT_TISSUE,516,0.03974783303885546,0.9772793950960618
X_scGPT,1.0,imatinib,LI7_LIVER,196,0.03685165534402599,0.9992387106223982
X_scGPT,1.0,imatinib,A375_SKIN,593,0.02216879230042437,0.9295802963724827
X_scGPT,1.0,imatinib,FTC133_THYROID,140,0.028309155455356783,0.9570455104112625
X_scGPT,1.0,imatinib,OVK18_OVARY,178,0.025210358695436003,0.9868311362989833
X_scGPT,1.0,imatinib,ACCMESO1_PLEURA,162,0.004929961889374532,0.9680189446166709
X_scGPT,1.0,imatinib,HMC18_BREAST,293,0.004666387907957171,0.9653796258639964
X_scGPT,1.0,imatinib,TOV112D_OVARY,78,0.004340655988604284,0.9581538629837525
X_scGPT,1.0,imatinib,JHH6_LIVER,206,0.022361615729149704,0.908774728913909
X_scGPT,1.0,imatinib,A2058_SKIN,294,0.029871253642818795,0.985634679494261
X_scGPT,1.0,imatinib,NCIH2110_LUNG,1990,0.032761593249157575,0.966967290520069
X_scGPT,1.0,imatinib,NCIH650_LUNG,271,0.034128546254038696,1.022200705820344
X_scGPT,1.0,imatinib,EFE184_ENDOMETRIUM,86,0.01639834350473368,1.0509016957393913
X_scGPT,1.0,imatinib,HUPT3_PANCREAS,136,0.03375187743711481,1.0229024540852099
X_scGPT,1.0,imatinib,MDAMB361_BREAST,135,0.01743060456050403,0.9689469425766556
X_scGPT,1.0,imatinib,BCPAP_THYROID,152,0.023505472536863747,0.962739838973472
X_scGPT,1.0,imatinib,PECAPJ49_UPPER_AERODIGESTIVE_TRACT,202,0.015996132823671915,0.9962489622654301
X_scGPT,1.0,imatinib,EKVX_LUNG,146,0.006144834668627705,0.9753648471342374
X_scGPT,1.0,imatinib,BICR56_UPPER_AERODIGESTIVE_TRACT,81,0.0119439742535717,0.9609967779230189
X_scGPT,1.0,imatinib,NCIH2170_LUNG,142,0.020937899196375113,0.9086346353443575
X_scGPT,1.0,imatinib,DETROIT562_UPPER_AERODIGESTIVE_TRACT,163,0.00448286345875914,0.9983639442847551
X_scGPT,1.0,imatinib,SW1088_CENTRAL_NERVOUS_SYSTEM,128,0.02808931817248157,0.9529838487505913
X_scGPT,1.0,imatinib,BHY_UPPER_AERODIGESTIVE_TRACT,145,0.017727555531865526,0.9898746650794457
X_scGPT,1.0,imatinib,CAS1_CENTRAL_NERVOUS_SYSTEM,133,0.05712848414307479,0.8677391737027276
X_scGPT,1.0,imatinib,HCC1428_BREAST,127,0.021138103703945,0.9825739822988435
X_scGPT,1.0,imatinib,HDQP1_BREAST,64,0.017810772841937654,0.9348000194877386
X_scGPT,1.0,imatinib,OSRC2_KIDNEY,126,0.01844807911499316,0.9850319784785074
X_scGPT,1.0,imatinib,HUPT4_PANCREAS,56,0.0341753666899864,0.9751272020595414
X_scGPT,1.0,imatinib,TCCSUP_URINARY_TRACT,316,0.023013532816333282,0.9456293818694127
X_scGPT,1.0,imatinib,VMRCRCZ_KIDNEY,300,0.004800121310961342,0.9719940616687139
X_scGPT,1.0,imatinib,PK59_PANCREAS,174,0.027977023292795847,1.0046033561229706
X_scGPT,1.0,imatinib,HUH6_LIVER,338,0.016947737409044237,1.0240026583685677
X_scGPT,1.0,imatinib,MSTO211H_PLEURA,297,0.020051191346413092,0.9269166382073554
X_scGPT,1.0,imatinib,HS852T_SKIN,162,0.02288420524929833,0.9513782487239366
X_scGPT,1.0,imatinib,SKMEL30_SKIN,353,0.018566845754770512,0.9501700536387501
X_scGPT,1.0,imatinib,T47D_BREAST,221,0.020850184667160574,0.9877769952446087
X_scGPT,1.0,imatinib,CALU6_LUNG,258,0.02007881515520647,0.9174916827401449
X_scGPT,1.0,imatinib,NCIH522_LUNG,208,0.004236946911136477,0.9644791483879089
X_scGPT,1.0,imatinib,LMSU_STOMACH,255,0.004256836362102678,0.9702731464423385
X_scGPT,1.0,imatinib,SNUC4_LARGE_INTESTINE,467,0.01098981484845363,0.9836199812000773
X_scGPT,1.0,imatinib,RVH421_SKIN,239,0.0334731883915269,0.9851695176946568
X_scGPT,1.0,imatinib,OVSAHO_OVARY,227,0.004588582392236288,0.970407552130947
X_scGPT,1.0,imatinib,GOS3_CENTRAL_NERVOUS_SYSTEM,191,0.005220571840012369,0.965033531501031
X_scGPT,1.0,imatinib,SNU738_CENTRAL_NERVOUS_SYSTEM,379,0.029522803344151038,0.9687570234401874
X_scGPT,1.0,imatinib,PC3_PROSTATE,169,0.030835227632679728,0.9613265391637588
X_scGPT,1.0,imatinib,PATU8988S_PANCREAS,244,0.0050729380900737565,0.9993575496263192
X_scGPT,1.0,imatinib,OVTOKO_OVARY,209,0.005134013937857742,0.9820779311029535
X_scGPT,1.0,imatinib,TE1_OESOPHAGUS,206,0.03463525203979564,1.0170606753779847
X_scGPT,1.0,imatinib,NCIH2087_LUNG,219,0.031180118493233003,1.0049141043941725
X_scGPT,1.0,imatinib,EFM192A_BREAST,333,0.016076822574344774,0.9890137552857041
X_scGPT,1.0,imatinib,SNU423_LIVER,212,0.015681708318919286,0.9929864769274334
X_scGPT,1.0,imatinib,KPL1_BREAST,276,0.009951252372767633,0.9396161087181257
X_scGPT,1.0,imatinib,NCIH358_LUNG,336,0.029879219550044425,0.9818632166300502
X_scGPT,1.0,imatinib,COLO792_SKIN,271,0.003957427632202637,0.9668713370372448
X_scGPT,1.0,imatinib,KYSE520_OESOPHAGUS,323,0.005275292542855415,0.9921435654716965
X_scGPT,1.0,imatinib,KMRC3_KIDNEY,245,0.02196246788965981,0.9813043029940858
X_scGPT,1.0,imatinib,MKN7_STOMACH,258,0.031996793183442195,1.0400924978330153
X_scGPT,1.0,imatinib,NCIH1944_LUNG,414,0.00458876920240057,0.978523125683052
X_scGPT,1.0,imatinib,TE6_OESOPHAGUS,551,0.004870928819303657,0.9952251814887225
X_scGPT,1.0,imatinib,ZR751_BREAST,309,0.019206052851871627,0.9218634347699607
X_scGPT,1.0,imatinib,PANC0203_PANCREAS,506,0.014617737658298647,0.9489770397367213
X_scGPT,1.0,imatinib,SW1990_PANCREAS,307,0.021800443990534994,1.0084466798297747
X_scGPT,1.0,imatinib,RD_SOFT_TISSUE,261,0.04697026896858125,0.8955942410618866
X_scGPT,1.0,imatinib,NCIH1792_LUNG,111,0.028398624046386496,0.9391544659932455
X_scGPT,1.0,imatinib,PK45H_PANCREAS,271,0.0194818763044363,1.0111357510309817
X_scGPT,1.0,imatinib,LS180_LARGE_INTESTINE,361,0.021501930321274947,0.9423616119038696
X_scGPT,1.0,imatinib,RERFLCAI_LUNG,763,0.028991181413045755,0.9791103338976519
X_scGPT,1.0,imatinib,CAMA1_BREAST,291,0.013041607448773468,0.9374156444752749
X_scGPT,1.0,imatinib,SNU449_LIVER,282,0.021821736619326473,0.9702748876091436
X_scGPT,1.0,imatinib,A204_SOFT_TISSUE,250,0.030798513200600366,0.9291288366317749
X_scGPT,1.0,imatinib,MKN45_STOMACH,118,0.020106755743938883,0.9823197353694398
X_scGPT,1.0,imatinib,HEP3B217_LIVER,118,0.004248068897916615,0.9822383896779205
X_scGPT,1.0,imatinib,HOS_BONE,829,0.015296578233427645,0.9787652807442788
X_scGPT,1.0,imatinib,EBC1_LUNG,186,0.02049263503553964,0.9635150945314797
X_scGPT,1.0,imatinib,NCIH292_LUNG,213,0.01770806620638761,0.9738983092173724
X_scGPT,1.0,imatinib,OUMS23_LARGE_INTESTINE,107,0.037189141763133704,0.9979585849236106
X_scGPT,1.0,imatinib,HEC151_ENDOMETRIUM,250,0.023838408941069054,1.0071243727207184
X_scGPT,1.0,imatinib,NCIH1373_LUNG,164,0.01946677670394195,0.9804457618695933
X_scGPT,1.0,imatinib,TE9_OESOPHAGUS,248,0.003902526076782906,0.9983132769984584
X_scGPT,1.0,imatinib,HCC56_LARGE_INTESTINE,99,0.016046123018595895,0.9529048547600255
X_scGPT,1.0,imatinib,HT55_LARGE_INTESTINE,211,0.011513858977520868,0.9968814564542183
X_scGPT,1.0,imatinib,RT4_URINARY_TRACT,106,0.013924850111811325,0.9425593102877995
X_scGPT,1.0,imatinib,SKES1_BONE,91,0.0046714713157135586,0.9609006472996303
X_scGPT,1.0,imatinib,NCIH1435_LUNG,267,0.011824284268952188,0.9494318285684907
X_scGPT,1.0,imatinib,8305C_THYROID,459,0.020476555112301544,0.9718093117597576
X_scGPT,1.0,imatinib,NCIH2228_LUNG,367,0.023258714345373434,0.9759137521647627
X_scGPT,1.0,imatinib,TE10_OESOPHAGUS,219,0.019687471524856583,0.973678953027072
X_scGPT,1.0,imatinib,ASPC1_PANCREAS,290,0.019785693740720835,1.039925572378882
X_scGPT,1.0,imatinib,HCC366_LUNG,202,0.028220963829001782,1.0148415344186348
X_scGPT,1.0,imatinib,BICR16_UPPER_AERODIGESTIVE_TRACT,212,0.013144639480473355,0.9608452230129602
X_scGPT,1.0,imatinib,HEC6_ENDOMETRIUM,161,0.022237720834071387,0.9613519903295529
X_scGPT,1.0,imatinib,KALS1_CENTRAL_NERVOUS_SYSTEM,288,0.003990082265485119,0.9658665429386828
X_scGPT,1.0,imatinib,NCIH2444_LUNG,237,0.01960882333436237,1.0045832584175882
X_scGPT,1.0,imatinib,SNU46_UPPER_AERODIGESTIVE_TRACT,236,0.022745206077278108,0.9782650195441004
X_scGPT,1.0,imatinib,OAW28_OVARY,161,0.02577264615469985,1.014013487729967
X_scGPT,1.0,imatinib,SNU1214_UPPER_AERODIGESTIVE_TRACT,188,0.015059171342559297,0.9752504711455487
X_scGPT,1.0,imatinib,SKMEL5_SKIN,297,0.012816942057679748,0.9453079287050549
X_scGPT,1.0,imatinib,OVCAR4_OVARY,283,0.02690000563726437,1.024182101863012
X_scGPT,1.0,imatinib,UACC257_SKIN,239,0.003602179060781268,0.9707413622524947
X_scGPT,1.0,imatinib,ONCODG1_OVARY,270,0.004556983706221714,0.981049316017716
X_scGPT,1.0,imatinib,HUH28_BILIARY_TRACT,139,0.004494324358757254,0.962139547728806
X_scGPT,1.0,imatinib,IM95_STOMACH,185,0.025134321786745337,0.9763056355553704
X_scGPT,1.0,imatinib,TE14_OESOPHAGUS,474,0.012367782486733552,0.9540579159300036
X_scGPT,1.0,imatinib,CAKI2_KIDNEY,278,0.019339782816831578,0.9482177326576315
X_scGPT,1.0,imatinib,SU8686_PANCREAS,82,0.027866659925925644,1.021820867933878
X_scGPT,1.0,imatinib,SCC25_UPPER_AERODIGESTIVE_TRACT,898,0.006273480045304626,0.9948146659175643
X_scGPT,1.0,imatinib,SCC9_UPPER_AERODIGESTIVE_TRACT,475,0.0074343391498462915,0.9738118528064929
X_scGPT,1.0,erlotinib,NCIH2126_LUNG,264,0.031882948296274596,0.867667159122048
X_scGPT,1.0,erlotinib,SW579_THYROID,217,0.02038224715524297,0.9714615111526805
X_scGPT,1.0,erlotinib,NCIH446_LUNG,196,0.02668186739717119,1.001354110788326
X_scGPT,1.0,erlotinib,HEC251_ENDOMETRIUM,107,0.03970320073439894,0.8720222733845221
X_scGPT,1.0,erlotinib,MFE319_ENDOMETRIUM,191,0.026112856991465497,0.9113301644150499
X_scGPT,1.0,erlotinib,SKNAS_AUTONOMIC_GANGLIA,226,0.014549809144270889,0.9576503518408379
X_scGPT,1.0,erlotinib,NCIH2452_PLEURA,538,0.0188834631866146,0.9575920172561944
X_scGPT,1.0,erlotinib,COLO741_SKIN,329,0.044105681214293126,0.9998634885147349
X_scGPT,1.0,erlotinib,KNS42_CENTRAL_NERVOUS_SYSTEM,172,0.035209247329642195,0.9918422543032225
X_scGPT,1.0,erlotinib,MCF7_BREAST,143,0.02670324155098721,0.9676653863666774
X_scGPT,1.0,erlotinib,HT1197_URINARY_TRACT,74,0.024346904401859142,0.7956146114581341
X_scGPT,1.0,erlotinib,SNU899_UPPER_AERODIGESTIVE_TRACT,83,0.029881997718510807,0.818679021783622
X_scGPT,1.0,erlotinib,HCC38_BREAST,200,0.036827581074262206,0.8456027162075043
X_scGPT,1.0,erlotinib,SNU308_BILIARY_TRACT,94,0.04520923590203403,0.7153859855012691
X_scGPT,1.0,erlotinib,SW1271_LUNG,115,0.026283034645435497,0.9447087355281996
X_scGPT,1.0,erlotinib,TM31_CENTRAL_NERVOUS_SYSTEM,116,0.018577193899083935,0.9257218853153032
X_scGPT,1.0,erlotinib,NCIH747_LARGE_INTESTINE,80,0.0449272742872238,0.848623127490282
X_scGPT,1.0,erlotinib,KPNSI9S_AUTONOMIC_GANGLIA,129,0.011123516691279004,0.9565431378608527
X_scGPT,1.0,erlotinib,SQ1_LUNG,238,0.04843796653997196,0.8579547249970316
X_scGPT,1.0,erlotinib,IALM_LUNG,322,0.06560106162075312,0.8416131384994673
X_scGPT,1.0,erlotinib,BT474_BREAST,125,0.022774038113397517,0.919554003238678
X_scGPT,1.0,erlotinib,DKMG_CENTRAL_NERVOUS_SYSTEM,271,0.013326932370797379,0.9564185654985069
X_scGPT,1.0,erlotinib,BT549_BREAST,266,0.03220685504159399,0.9919143908454063
X_scGPT,1.0,erlotinib,BICR6_UPPER_AERODIGESTIVE_TRACT,286,0.04291092323548275,0.6860686375961437
X_scGPT,1.0,erlotinib,SH10TC_STOMACH,351,0.02159699127709808,0.9407799069018785
X_scGPT,1.0,erlotinib,UMUC1_URINARY_TRACT,197,0.0471206853352746,0.6911668928746645
X_scGPT,1.0,erlotinib,LS1034_LARGE_INTESTINE,146,0.0156914228963646,0.7820705767363718
X_scGPT,1.0,erlotinib,CCFSTTG1_CENTRAL_NERVOUS_SYSTEM,246,0.018182605521926555,0.965509019731506
X_scGPT,1.0,erlotinib,NCIH226_LUNG,235,0.02385965132896682,0.9688717367801261
X_scGPT,1.0,erlotinib,LNCAPCLONEFGC_PROSTATE,129,0.01781242548147035,0.9837797464326371
X_scGPT,1.0,erlotinib,RCC10RGB_KIDNEY,233,0.05367309347385943,0.8039614691243151
X_scGPT,1.0,erlotinib,RERFLCAD1_LUNG,243,0.06667140614113735,0.8588408864574668
X_scGPT,1.0,erlotinib,SKMEL2_SKIN,276,0.03668419242883569,0.947056732315948
X_scGPT,1.0,erlotinib,BICR31_UPPER_AERODIGESTIVE_TRACT,248,0.040416951404904956,0.7213678035524583
X_scGPT,1.0,erlotinib,RCM1_LARGE_INTESTINE,128,0.05271998850816337,0.8469924950040877
X_scGPT,1.0,erlotinib,COV434_OVARY,88,0.04067590517520803,0.9680673134597865
X_scGPT,1.0,erlotinib,SNU1079_BILIARY_TRACT,73,0.04377167390330136,0.9693290182988937
X_scGPT,1.0,erlotinib,YD38_UPPER_AERODIGESTIVE_TRACT,624,0.027484878492992706,0.7631329472821492
X_scGPT,1.0,erlotinib,NCIH1299_LUNG,534,0.016183105706572828,0.9227916263462452
X_scGPT,1.0,erlotinib,IGR37_SKIN,347,0.006938382565446208,0.9611413961528701
X_scGPT,1.0,erlotinib,BFTC909_KIDNEY,379,0.02222709914747569,0.9560870449587034
X_scGPT,1.0,erlotinib,NCIH460_LUNG,837,0.05299069096061747,0.8889675697972698
X_scGPT,1.0,erlotinib,IGR1_SKIN,725,0.017148487572148322,0.9553158764181466
X_scGPT,1.0,erlotinib,VMCUB1_URINARY_TRACT,478,0.03482086340922011,0.7877491082855848
X_scGPT,1.0,erlotinib,JHOC5_OVARY,145,0.06505501398013548,0.8122574300601565
X_scGPT,1.0,erlotinib,42MGBA_CENTRAL_NERVOUS_SYSTEM,518,0.028125099616292157,1.0531300514591246
X_scGPT,1.0,erlotinib,HT1080_SOFT_TISSUE,516,0.03937073028763104,0.9135619865138401
X_scGPT,1.0,erlotinib,LI7_LIVER,196,0.043731096225596566,0.8670902960762685
X_scGPT,1.0,erlotinib,A375_SKIN,593,0.06575012859105128,1.0393139184224867
X_scGPT,1.0,erlotinib,FTC133_THYROID,140,0.03990259403308686,0.968926345876285
X_scGPT,1.0,erlotinib,OVK18_OVARY,178,0.016224827257833526,0.9315839516982604
X_scGPT,1.0,erlotinib,ACCMESO1_PLEURA,162,0.015398309386249259,0.9339975825062504
X_scGPT,1.0,erlotinib,HMC18_BREAST,293,0.015592864542885939,0.9409779403803699
X_scGPT,1.0,erlotinib,TOV112D_OVARY,78,0.014743480107100576,0.9592788708515656
X_scGPT,1.0,erlotinib,JHH6_LIVER,206,0.05401986744333096,0.8983731078870089
X_scGPT,1.0,erlotinib,A2058_SKIN,294,0.024317439209412612,0.9494138601280394
X_scGPT,1.0,erlotinib,NCIH2110_LUNG,1990,0.049517260913530065,0.8223636861422553
X_scGPT,1.0,erlotinib,NCIH650_LUNG,271,0.05532406238925177,0.91138122200526
X_scGPT,1.0,erlotinib,EFE184_ENDOMETRIUM,86,0.03486042717554532,0.830586010633513
X_scGPT,1.0,erlotinib,HUPT3_PANCREAS,136,0.0571377718998832,0.8691059973310021
X_scGPT,1.0,erlotinib,MDAMB361_BREAST,135,0.024140283926643896,0.9784395451898928
X_scGPT,1.0,erlotinib,BCPAP_THYROID,152,0.0417575224498017,0.9944185802811071
X_scGPT,1.0,erlotinib,PECAPJ49_UPPER_AERODIGESTIVE_TRACT,202,0.036623238618874406,0.6818387006769085
X_scGPT,1.0,erlotinib,EKVX_LUNG,146,0.025260127469480056,0.9013585938166265
X_scGPT,1.0,erlotinib,BICR56_UPPER_AERODIGESTIVE_TRACT,81,0.019157724624733315,0.6995463952606107
X_scGPT,1.0,erlotinib,NCIH2170_LUNG,142,0.03505158177454877,0.8675713388013168
X_scGPT,1.0,erlotinib,DETROIT562_UPPER_AERODIGESTIVE_TRACT,163,0.031423940717601115,0.7834112647852284
X_scGPT,1.0,erlotinib,SW1088_CENTRAL_NERVOUS_SYSTEM,128,0.03954941610512501,1.0379092870280147
X_scGPT,1.0,erlotinib,BHY_UPPER_AERODIGESTIVE_TRACT,145,0.06448610675147289,0.7376748220673923
X_scGPT,1.0,erlotinib,CAS1_CENTRAL_NERVOUS_SYSTEM,133,0.026885089257082693,0.9909297868721467
X_scGPT,1.0,erlotinib,HCC1428_BREAST,127,0.043040280717619527,0.8633642788008442
X_scGPT,1.0,erlotinib,HDQP1_BREAST,64,0.03888437920555815,0.9060148987919092
X_scGPT,1.0,erlotinib,OSRC2_KIDNEY,126,0.0276619218847118,0.9554455086352334
X_scGPT,1.0,erlotinib,HUPT4_PANCREAS,56,0.054407061214957426,0.8314827787024635
X_scGPT,1.0,erlotinib,TCCSUP_URINARY_TRACT,316,0.020867035325924953,0.9596153803264038
X_scGPT,1.0,erlotinib,VMRCRCZ_KIDNEY,300,0.015267716166958756,0.9234988482793173
X_scGPT,1.0,erlotinib,PK59_PANCREAS,174,0.05377101814891132,0.8896850231050075
X_scGPT,1.0,erlotinib,HUH6_LIVER,338,0.018807555659152864,0.8544638236246166
X_scGPT,1.0,erlotinib,MSTO211H_PLEURA,297,0.02053765813695491,0.9351977148039975
X_scGPT,1.0,erlotinib,HS852T_SKIN,162,0.04879893314998875,1.0499522660249545
X_scGPT,1.0,erlotinib,SKMEL30_SKIN,353,0.018656072335134055,0.9398852806253406
X_scGPT,1.0,erlotinib,T47D_BREAST,221,0.022394983319174628,0.9765817506820368
X_scGPT,1.0,erlotinib,CALU6_LUNG,258,0.027656990279078336,0.9376575951428376
X_scGPT,1.0,erlotinib,NCIH522_LUNG,208,0.014098466583848819,0.937460869550705
X_scGPT,1.0,erlotinib,LMSU_STOMACH,255,0.013528044467597703,0.9056718590212803
X_scGPT,1.0,erlotinib,SNUC4_LARGE_INTESTINE,467,0.02659280036704374,0.792888112190704
X_scGPT,1.0,erlotinib,RVH421_SKIN,239,0.04871272761664564,0.9689726562679563
X_scGPT,1.0,erlotinib,OVSAHO_OVARY,227,0.012883322150090448,0.924911665496322
X_scGPT,1.0,erlotinib,GOS3_CENTRAL_NERVOUS_SYSTEM,191,0.018721650855555674,0.9292026115337592
X_scGPT,1.0,erlotinib,SNU738_CENTRAL_NERVOUS_SYSTEM,379,0.018484736920422136,0.9345249237989058
X_scGPT,1.0,erlotinib,PC3_PROSTATE,169,0.02665102855138626,0.9463168858776431
X_scGPT,1.0,erlotinib,PATU8988S_PANCREAS,244,0.029843922334558966,0.8185751687307827
X_scGPT,1.0,erlotinib,OVTOKO_OVARY,209,0.015478813228521453,0.8872535143172342
X_scGPT,1.0,erlotinib,TE1_OESOPHAGUS,206,0.04054458242416057,0.8313872342549481
X_scGPT,1.0,erlotinib,NCIH2087_LUNG,219,0.05889562843563996,0.7551677602611176
X_scGPT,1.0,erlotinib,EFM192A_BREAST,333,0.049424638357037906,0.8623548837395402
X_scGPT,1.0,erlotinib,SNU423_LIVER,212,0.027220689827430724,0.9229064932409322
X_scGPT,1.0,erlotinib,KPL1_BREAST,276,0.03092364701490359,0.9336565171462902
X_scGPT,1.0,erlotinib,NCIH358_LUNG,336,0.04959869564123964,0.9522276414292199
X_scGPT,1.0,erlotinib,COLO792_SKIN,271,0.011310359775777821,0.945149355049063
X_scGPT,1.0,erlotinib,KYSE520_OESOPHAGUS,323,0.028045190593726156,0.8351550349510122
X_scGPT,1.0,erlotinib,KMRC3_KIDNEY,245,0.021019953220763568,0.9424693564979397
X_scGPT,1.0,erlotinib,MKN7_STOMACH,258,0.07325078893915457,0.8494385268337042
X_scGPT,1.0,erlotinib,NCIH1944_LUNG,414,0.018244847028427637,0.8878635874980889
X_scGPT,1.0,erlotinib,TE6_OESOPHAGUS,551,0.025453204122901526,0.8090424093057802
X_scGPT,1.0,erlotinib,ZR751_BREAST,309,0.03464669692754241,0.8768721406128028
X_scGPT,1.0,erlotinib,PANC0203_PANCREAS,506,0.03362669712255696,0.7453155343240428
X_scGPT,1.0,erlotinib,SW1990_PANCREAS,307,0.06085905372671728,0.9460618934724541
X_scGPT,1.0,erlotinib,RD_SOFT_TISSUE,261,0.020445244286826588,0.9255552456296724
X_scGPT,1.0,erlotinib,NCIH1792_LUNG,111,0.042179879737074835,0.8943174588787663
X_scGPT,1.0,erlotinib,PK45H_PANCREAS,271,0.021382928644542193,0.8781731658756073
X_scGPT,1.0,erlotinib,LS180_LARGE_INTESTINE,361,0.033830107564166954,0.8267792398909782
X_scGPT,1.0,erlotinib,RERFLCAI_LUNG,763,0.038190488201902045,0.9746749961985517
X_scGPT,1.0,erlotinib,CAMA1_BREAST,291,0.033258253983472055,0.9291002053985071
X_scGPT,1.0,erlotinib,SNU449_LIVER,282,0.02441782910998619,0.8915403172479454
X_scGPT,1.0,erlotinib,A204_SOFT_TISSUE,250,0.04376116360118139,0.9853301601409912
X_scGPT,1.0,erlotinib,MKN45_STOMACH,118,0.0290288156667084,0.8957553859484397
X_scGPT,1.0,erlotinib,HEP3B217_LIVER,118,0.013006330003233155,0.898537409002498
X_scGPT,1.0,erlotinib,HOS_BONE,829,0.03776981525280448,0.9405237226348159
X_scGPT,1.0,erlotinib,EBC1_LUNG,186,0.0531527717162712,0.8090848560615252
X_scGPT,1.0,erlotinib,NCIH292_LUNG,213,0.05391863647899204,0.7860761293223206
X_scGPT,1.0,erlotinib,OUMS23_LARGE_INTESTINE,107,0.033598822710700076,0.9079243540763855
X_scGPT,1.0,erlotinib,HEC151_ENDOMETRIUM,250,0.029002324331208914,0.8588093006610871
X_scGPT,1.0,erlotinib,NCIH1373_LUNG,164,0.054876661632167575,0.8030413672691439
X_scGPT,1.0,erlotinib,TE9_OESOPHAGUS,248,0.02696508412901068,0.7856864809028564
X_scGPT,1.0,erlotinib,HCC56_LARGE_INTESTINE,99,0.029673120452271464,0.833238397583817
X_scGPT,1.0,erlotinib,HT55_LARGE_INTESTINE,211,0.014602096907283082,0.9030655571634736
X_scGPT,1.0,erlotinib,RT4_URINARY_TRACT,106,0.02975533371147507,0.8008906318331664
X_scGPT,1.0,erlotinib,SKES1_BONE,91,0.015287981984143518,0.9478891858687768
X_scGPT,1.0,erlotinib,NCIH1435_LUNG,267,0.03385245307293873,0.7426663853702474
X_scGPT,1.0,erlotinib,8305C_THYROID,459,0.029559593319789912,0.9463210344834005
X_scGPT,1.0,erlotinib,NCIH2228_LUNG,367,0.05308169293538461,0.8929548109259853
X_scGPT,1.0,erlotinib,TE10_OESOPHAGUS,219,0.03174221388725343,0.7906929300800306
X_scGPT,1.0,erlotinib,ASPC1_PANCREAS,290,0.013150632110566083,0.8194561471199168
X_scGPT,1.0,erlotinib,HCC366_LUNG,202,0.0512013998152613,0.8769744749706571
X_scGPT,1.0,erlotinib,BICR16_UPPER_AERODIGESTIVE_TRACT,212,0.029629247457562097,0.7409364387111844
X_scGPT,1.0,erlotinib,HEC6_ENDOMETRIUM,161,0.022952267105153468,0.9284635593432077
X_scGPT,1.0,erlotinib,KALS1_CENTRAL_NERVOUS_SYSTEM,288,0.012085387905863736,0.9330743443634775
X_scGPT,1.0,erlotinib,NCIH2444_LUNG,237,0.031786077561069735,0.9206374247365863
X_scGPT,1.0,erlotinib,SNU46_UPPER_AERODIGESTIVE_TRACT,236,0.05595311358972879,0.8448887154207392
X_scGPT,1.0,erlotinib,OAW28_OVARY,161,0.043361791116708466,0.8348413161609484
X_scGPT,1.0,erlotinib,SNU1214_UPPER_AERODIGESTIVE_TRACT,188,0.03925120150070293,0.7384951729723748
X_scGPT,1.0,erlotinib,SKMEL5_SKIN,297,0.02395313119705436,0.9389133029915266
X_scGPT,1.0,erlotinib,OVCAR4_OVARY,283,0.037826273238888826,0.8792695457859511
X_scGPT,1.0,erlotinib,UACC257_SKIN,239,0.011451024640243158,0.9311344526302865
X_scGPT,1.0,erlotinib,ONCODG1_OVARY,270,0.01628756444622964,0.8895285972842464
X_scGPT,1.0,erlotinib,HUH28_BILIARY_TRACT,139,0.011992962223070074,0.949934389093797
X_scGPT,1.0,erlotinib,IM95_STOMACH,185,0.016973597846145556,0.8218198618373356
X_scGPT,1.0,erlotinib,TE14_OESOPHAGUS,474,0.03533402015353479,0.771911114831514
X_scGPT,1.0,erlotinib,CAKI2_KIDNEY,278,0.019927624720403728,0.800360558916339
X_scGPT,1.0,erlotinib,SU8686_PANCREAS,82,0.029084045095115786,0.9245319613596288
X_scGPT,1.0,erlotinib,SCC25_UPPER_AERODIGESTIVE_TRACT,898,0.0331531370782995,0.7785943523547166
X_scGPT,1.0,erlotinib,SCC9_UPPER_AERODIGESTIVE_TRACT,475,0.021029308709574337,0.9004169910832456
X_scGPT,1.0,sorafenib,NCIH2126_LUNG,264,0.01938383284291776,0.8648759930422811
X_scGPT,1.0,sorafenib,SW579_THYROID,217,0.023274463830304803,0.8416896322355841
X_scGPT,1.0,sorafenib,NCIH446_LUNG,196,0.020508009894015012,0.7618017826153307
X_scGPT,1.0,sorafenib,HEC251_ENDOMETRIUM,107,0.016833943249972623,0.8758314530426097
X_scGPT,1.0,sorafenib,MFE319_ENDOMETRIUM,191,0.008698759185661027,0.8690704662762387
X_scGPT,1.0,sorafenib,SKNAS_AUTONOMIC_GANGLIA,226,0.007360884516898691,0.8311227660263534
X_scGPT,1.0,sorafenib,NCIH2452_PLEURA,538,0.023503959506451018,0.8481862662450088
X_scGPT,1.0,sorafenib,COLO741_SKIN,329,0.009610093669653081,0.8557815828946586
X_scGPT,1.0,sorafenib,KNS42_CENTRAL_NERVOUS_SYSTEM,172,0.015690116261805363,0.8718374253705491
X_scGPT,1.0,sorafenib,MCF7_BREAST,143,0.012987378360678906,0.8815186899025124
X_scGPT,1.0,sorafenib,HT1197_URINARY_TRACT,74,0.006603978745423654,0.9334073018383335
X_scGPT,1.0,sorafenib,SNU899_UPPER_AERODIGESTIVE_TRACT,83,0.00646262353571586,0.8775620999106442
X_scGPT,1.0,sorafenib,HCC38_BREAST,200,0.041771301894371386,0.8770824322104454
X_scGPT,1.0,sorafenib,SNU308_BILIARY_TRACT,94,0.023342371183666173,0.9377738922200305
X_scGPT,1.0,sorafenib,SW1271_LUNG,115,0.01944363515513962,0.875720957569454
X_scGPT,1.0,sorafenib,TM31_CENTRAL_NERVOUS_SYSTEM,116,0.006470714131321063,0.8435126219330162
X_scGPT,1.0,sorafenib,NCIH747_LARGE_INTESTINE,80,0.02650138556819947,0.9366573631763458
X_scGPT,1.0,sorafenib,KPNSI9S_AUTONOMIC_GANGLIA,129,0.025311953332408578,0.7627338605333668
X_scGPT,1.0,sorafenib,SQ1_LUNG,238,0.01467851963230201,0.8699472802025932
X_scGPT,1.0,sorafenib,IALM_LUNG,322,0.020963865448320424,0.8926499726609414
X_scGPT,1.0,sorafenib,BT474_BREAST,125,0.011679858244488377,0.911035261631012
X_scGPT,1.0,sorafenib,DKMG_CENTRAL_NERVOUS_SYSTEM,271,0.03752298044823359,0.7912265040337819
X_scGPT,1.0,sorafenib,BT549_BREAST,266,0.04333105950769294,0.7666778833346259
X_scGPT,1.0,sorafenib,BICR6_UPPER_AERODIGESTIVE_TRACT,286,0.02774206360329785,0.9214882598473475
X_scGPT,1.0,sorafenib,SH10TC_STOMACH,351,0.025701350333721566,0.9020072272700123
X_scGPT,1.0,sorafenib,UMUC1_URINARY_TRACT,197,0.015872500937635994,0.9633520699394535
X_scGPT,1.0,sorafenib,LS1034_LARGE_INTESTINE,146,0.0068690473565099245,0.930888294357143
X_scGPT,1.0,sorafenib,CCFSTTG1_CENTRAL_NERVOUS_SYSTEM,246,0.04153098755447785,0.7967160096982631
X_scGPT,1.0,sorafenib,NCIH226_LUNG,235,0.02792996495579987,0.8769688585971264
X_scGPT,1.0,sorafenib,LNCAPCLONEFGC_PROSTATE,129,0.013973975829457929,0.9203956815623497
X_scGPT,1.0,sorafenib,RCC10RGB_KIDNEY,233,0.03313940119681665,0.9164036016095861
X_scGPT,1.0,sorafenib,RERFLCAD1_LUNG,243,0.05793266529674568,0.9145677163277144
X_scGPT,1.0,sorafenib,SKMEL2_SKIN,276,0.024870301707083813,0.8590812747893126
X_scGPT,1.0,sorafenib,BICR31_UPPER_AERODIGESTIVE_TRACT,248,0.016678492752541706,0.8840090106091192
X_scGPT,1.0,sorafenib,RCM1_LARGE_INTESTINE,128,0.010005004284415135,0.853012868668884
X_scGPT,1.0,sorafenib,COV434_OVARY,88,0.028143064807988692,0.8868008696220138
X_scGPT,1.0,sorafenib,SNU1079_BILIARY_TRACT,73,0.016017203282389276,0.8794403386442629
X_scGPT,1.0,sorafenib,YD38_UPPER_AERODIGESTIVE_TRACT,624,0.01052803912488795,0.8955698687678728
X_scGPT,1.0,sorafenib,NCIH1299_LUNG,534,0.006239030834886129,0.846064639448673
X_scGPT,1.0,sorafenib,IGR37_SKIN,347,0.006999824138519262,0.8748465426030008
X_scGPT,1.0,sorafenib,BFTC909_KIDNEY,379,0.028912452461454897,0.8348833473502488
X_scGPT,1.0,sorafenib,NCIH460_LUNG,837,0.016816247750212617,0.8207519802853482
X_scGPT,1.0,sorafenib,IGR1_SKIN,725,0.016831267679467955,0.8552208898807394
X_scGPT,1.0,sorafenib,VMCUB1_URINARY_TRACT,478,0.011029396163180213,0.8906893726422697
X_scGPT,1.0,sorafenib,JHOC5_OVARY,145,0.0335311351374876,0.8981719428095324
X_scGPT,1.0,sorafenib,42MGBA_CENTRAL_NERVOUS_SYSTEM,518,0.02520712056265323,0.8557248766818102
X_scGPT,1.0,sorafenib,HT1080_SOFT_TISSUE,516,0.04076960941976943,0.8734518016955649
X_scGPT,1.0,sorafenib,LI7_LIVER,196,0.020957991207784934,0.9114967767073183
X_scGPT,1.0,sorafenib,A375_SKIN,593,0.024382657157047183,0.8608743542362426
X_scGPT,1.0,sorafenib,FTC133_THYROID,140,0.022667686194852595,0.873727251802172
X_scGPT,1.0,sorafenib,OVK18_OVARY,178,0.03704442472530284,0.8948794881279549
X_scGPT,1.0,sorafenib,ACCMESO1_PLEURA,162,0.006648617356204732,0.8435853061116771
X_scGPT,1.0,sorafenib,HMC18_BREAST,293,0.008299616813667123,0.8568341424847625
X_scGPT,1.0,sorafenib,TOV112D_OVARY,78,0.008074019721377697,0.834487123367114
X_scGPT,1.0,sorafenib,JHH6_LIVER,206,0.01621982249290682,0.835902759172384
X_scGPT,1.0,sorafenib,A2058_SKIN,294,0.037276958219306836,0.8800728067654331
X_scGPT,1.0,sorafenib,NCIH2110_LUNG,1990,0.023396573542890972,0.9146511428619749
X_scGPT,1.0,sorafenib,NCIH650_LUNG,271,0.03223567206068809,0.9065893958855379
X_scGPT,1.0,sorafenib,EFE184_ENDOMETRIUM,86,0.01166438154400095,0.9412263624889906
X_scGPT,1.0,sorafenib,HUPT3_PANCREAS,136,0.027000006843850365,0.9409458299770075
X_scGPT,1.0,sorafenib,MDAMB361_BREAST,135,0.00938050671941468,0.8796519045476561
X_scGPT,1.0,sorafenib,BCPAP_THYROID,152,0.017090988497484867,0.8742342693241019
X_scGPT,1.0,sorafenib,PECAPJ49_UPPER_AERODIGESTIVE_TRACT,202,0.013229819316773367,0.94401418661127
X_scGPT,1.0,sorafenib,EKVX_LUNG,146,0.009444251106042722,0.8588445647938611
X_scGPT,1.0,sorafenib,BICR56_UPPER_AERODIGESTIVE_TRACT,81,0.009871700332225529,0.8877240161836883
X_scGPT,1.0,sorafenib,NCIH2170_LUNG,142,0.01617629587321088,0.8760981736048846
X_scGPT,1.0,sorafenib,DETROIT562_UPPER_AERODIGESTIVE_TRACT,163,0.006619816537124932,0.8829895579741777
X_scGPT,1.0,sorafenib,SW1088_CENTRAL_NERVOUS_SYSTEM,128,0.021248065752558807,0.860467242076993
X_scGPT,1.0,sorafenib,BHY_UPPER_AERODIGESTIVE_TRACT,145,0.014006091647482894,0.9065607991711847
X_scGPT,1.0,sorafenib,CAS1_CENTRAL_NERVOUS_SYSTEM,133,0.04813099618535769,0.7813641536504703
X_scGPT,1.0,sorafenib,HCC1428_BREAST,127,0.03882470379777862,0.8927051190316208
X_scGPT,1.0,sorafenib,HDQP1_BREAST,64,0.012036450641262868,0.8678551381453872
X_scGPT,1.0,sorafenib,OSRC2_KIDNEY,126,0.012755097671293736,0.8959744468567863
X_scGPT,1.0,sorafenib,HUPT4_PANCREAS,56,0.048418012472892485,0.8628792592457363
X_scGPT,1.0,sorafenib,TCCSUP_URINARY_TRACT,316,0.017015487318399438,0.8550172874444648
X_scGPT,1.0,sorafenib,VMRCRCZ_KIDNEY,300,0.007139243920863165,0.8532364390293757
X_scGPT,1.0,sorafenib,PK59_PANCREAS,174,0.034324659095928356,0.9202690816473686
X_scGPT,1.0,sorafenib,HUH6_LIVER,338,0.010441937612309368,0.9314023459098748
X_scGPT,1.0,sorafenib,MSTO211H_PLEURA,297,0.016832349001149428,0.8304757120633366
X_scGPT,1.0,sorafenib,HS852T_SKIN,162,0.018166256968211572,0.8760469070187321
X_scGPT,1.0,sorafenib,SKMEL30_SKIN,353,0.011595213408293661,0.8776981980874924
X_scGPT,1.0,sorafenib,T47D_BREAST,221,0.010111073897129211,0.8724606676339024
X_scGPT,1.0,sorafenib,CALU6_LUNG,258,0.01844034173466496,0.8323966731396757
X_scGPT,1.0,sorafenib,NCIH522_LUNG,208,0.008201442212281744,0.8411969098334129
X_scGPT,1.0,sorafenib,LMSU_STOMACH,255,0.006528682317293807,0.8431572385862762
X_scGPT,1.0,sorafenib,SNUC4_LARGE_INTESTINE,467,0.01280992668943024,0.9113536671091198
X_scGPT,1.0,sorafenib,RVH421_SKIN,239,0.028652818558684904,0.9070478440827405
X_scGPT,1.0,sorafenib,OVSAHO_OVARY,227,0.008186497299944261,0.8588833934935179
X_scGPT,1.0,sorafenib,GOS3_CENTRAL_NERVOUS_SYSTEM,191,0.008035781440586469,0.8395163410621164
X_scGPT,1.0,sorafenib,SNU738_CENTRAL_NERVOUS_SYSTEM,379,0.023777349222372117,0.8707374677179985
X_scGPT,1.0,sorafenib,PC3_PROSTATE,169,0.02082571644883217,0.8660627677595827
X_scGPT,1.0,sorafenib,PATU8988S_PANCREAS,244,0.008064463088301457,0.9086618645757926
X_scGPT,1.0,sorafenib,OVTOKO_OVARY,209,0.006937932296290761,0.8635842395171024
X_scGPT,1.0,sorafenib,TE1_OESOPHAGUS,206,0.013016256824651583,0.9194029294750066
X_scGPT,1.0,sorafenib,NCIH2087_LUNG,219,0.029100083658845293,0.9493576976806606
X_scGPT,1.0,sorafenib,EFM192A_BREAST,333,0.030770335857186863,0.9630123468132706
X_scGPT,1.0,sorafenib,SNU423_LIVER,212,0.009604810065856529,0.8953051775131585
X_scGPT,1.0,sorafenib,KPL1_BREAST,276,0.013410634658573218,0.8844756458116614
X_scGPT,1.0,sorafenib,NCIH358_LUNG,336,0.02093887010932232,0.8972383480341661
X_scGPT,1.0,sorafenib,COLO792_SKIN,271,0.008138118265947505,0.8640189665709914
X_scGPT,1.0,sorafenib,KYSE520_OESOPHAGUS,323,0.008180765394876983,0.8760020850981721
X_scGPT,1.0,sorafenib,KMRC3_KIDNEY,245,0.015388586756562558,0.8850170410409266
X_scGPT,1.0,sorafenib,MKN7_STOMACH,258,0.03313918060340497,0.9597275917844255
X_scGPT,1.0,sorafenib,NCIH1944_LUNG,414,0.007024176447866306,0.8668428067711816
X_scGPT,1.0,sorafenib,TE6_OESOPHAGUS,551,0.007007179323383545,0.8766279430441328
X_scGPT,1.0,sorafenib,ZR751_BREAST,309,0.018301973293696382,0.8496918745797043
X_scGPT,1.0,sorafenib,PANC0203_PANCREAS,506,0.012208313034116087,0.865447808631324
X_scGPT,1.0,sorafenib,SW1990_PANCREAS,307,0.023530959306761585,0.9029907151231549
X_scGPT,1.0,sorafenib,RD_SOFT_TISSUE,261,0.039768926009475625,0.799428786811244
X_scGPT,1.0,sorafenib,NCIH1792_LUNG,111,0.01866861001255155,0.8729456802746197
X_scGPT,1.0,sorafenib,PK45H_PANCREAS,271,0.007946217673508279,0.9083596406387667
X_scGPT,1.0,sorafenib,LS180_LARGE_INTESTINE,361,0.02638449389154282,0.8836219465963728
X_scGPT,1.0,sorafenib,RERFLCAI_LUNG,763,0.02287825614692846,0.8696483943128024
X_scGPT,1.0,sorafenib,CAMA1_BREAST,291,0.015416738644008332,0.8899466325736947
X_scGPT,1.0,sorafenib,SNU449_LIVER,282,0.017734088025247154,0.8771382971858301
X_scGPT,1.0,sorafenib,A204_SOFT_TISSUE,250,0.03445560954257039,0.8865520122051239
X_scGPT,1.0,sorafenib,MKN45_STOMACH,118,0.011300833663378536,0.8981730528807236
X_scGPT,1.0,sorafenib,HEP3B217_LIVER,118,0.006054370217136962,0.8689995125188665
X_scGPT,1.0,sorafenib,HOS_BONE,829,0.011290150958068781,0.8952575106672556
X_scGPT,1.0,sorafenib,EBC1_LUNG,186,0.0175831472075057,0.8762715087142042
X_scGPT,1.0,sorafenib,NCIH292_LUNG,213,0.015067049597139464,0.8844464877401719
X_scGPT,1.0,sorafenib,OUMS23_LARGE_INTESTINE,107,0.04269796146117377,0.886888866112611
X_scGPT,1.0,sorafenib,HEC151_ENDOMETRIUM,250,0.01301288969698643,0.9127365634441376
X_scGPT,1.0,sorafenib,NCIH1373_LUNG,164,0.01726099143678463,0.8856556702677797
X_scGPT,1.0,sorafenib,TE9_OESOPHAGUS,248,0.006406968112595444,0.8875418423164275
X_scGPT,1.0,sorafenib,HCC56_LARGE_INTESTINE,99,0.017516450832625912,0.884365849422686
X_scGPT,1.0,sorafenib,HT55_LARGE_INTESTINE,211,0.006780974051398668,0.8907908672970053
X_scGPT,1.0,sorafenib,RT4_URINARY_TRACT,106,0.03275164643213323,0.8746047942143567
X_scGPT,1.0,sorafenib,SKES1_BONE,91,0.007707831416975136,0.8350763104774139
X_scGPT,1.0,sorafenib,NCIH1435_LUNG,267,0.01154432498677024,0.8636750831139668
X_scGPT,1.0,sorafenib,8305C_THYROID,459,0.014002662213332115,0.8867643789787958
X_scGPT,1.0,sorafenib,NCIH2228_LUNG,367,0.016776095383472956,0.8898035624046742
X_scGPT,1.0,sorafenib,TE10_OESOPHAGUS,219,0.005552927308295965,0.9087740710881202
X_scGPT,1.0,sorafenib,ASPC1_PANCREAS,290,0.006637875689637278,0.9255320828536461
X_scGPT,1.0,sorafenib,HCC366_LUNG,202,0.026430199220222536,0.9153473430340833
X_scGPT,1.0,sorafenib,BICR16_UPPER_AERODIGESTIVE_TRACT,212,0.01706687867916664,0.91278760078943
X_scGPT,1.0,sorafenib,HEC6_ENDOMETRIUM,161,0.01743874717610656,0.8722967453624891
X_scGPT,1.0,sorafenib,KALS1_CENTRAL_NERVOUS_SYSTEM,288,0.0051212488880472634,0.8450188051081367
X_scGPT,1.0,sorafenib,NCIH2444_LUNG,237,0.012997306458221995,0.9101894326853853
X_scGPT,1.0,sorafenib,SNU46_UPPER_AERODIGESTIVE_TRACT,236,0.010878172758028125,0.906287058935327
X_scGPT,1.0,sorafenib,OAW28_OVARY,161,0.028329246703430122,0.9337331493448767
X_scGPT,1.0,sorafenib,SNU1214_UPPER_AERODIGESTIVE_TRACT,188,0.014033654548658405,0.92156808712381
X_scGPT,1.0,sorafenib,SKMEL5_SKIN,297,0.007352992135903858,0.8818359800460764
X_scGPT,1.0,sorafenib,OVCAR4_OVARY,283,0.01860795482236118,0.9266161194117246
X_scGPT,1.0,sorafenib,UACC257_SKIN,239,0.004120223878259878,0.8864190334056711
X_scGPT,1.0,sorafenib,ONCODG1_OVARY,270,0.005564610653018923,0.8694889061980777
X_scGPT,1.0,sorafenib,HUH28_BILIARY_TRACT,139,0.005158049499634735,0.8403302306751553
X_scGPT,1.0,sorafenib,IM95_STOMACH,185,0.011687252069812377,0.9082175164609342
X_scGPT,1.0,sorafenib,TE14_OESOPHAGUS,474,0.013534856221457493,0.9032137204071641
X_scGPT,1.0,sorafenib,CAKI2_KIDNEY,278,0.007896667955522803,0.8900996060680142
X_scGPT,1.0,sorafenib,SU8686_PANCREAS,82,0.016467662943030734,0.9038145171432961
X_scGPT,1.0,sorafenib,SCC25_UPPER_AERODIGESTIVE_TRACT,898,0.008193684579309012,0.8810988399791293
X_scGPT,1.0,sorafenib,SCC9_UPPER_AERODIGESTIVE_TRACT,475,0.008352332505054927,0.8447612126250016
X_scGPT,1.0,dasatinib,NCIH2126_LUNG,264,0.03863331702547276,0.7208403972062197
X_scGPT,1.0,dasatinib,SW579_THYROID,217,0.02730679848107215,0.6817040597238848
X_scGPT,1.0,dasatinib,NCIH446_LUNG,196,0.0437875820282064,0.7917315345637652
X_scGPT,1.0,dasatinib,HEC251_ENDOMETRIUM,107,0.04904342994025426,0.6984728897843405
X_scGPT,1.0,dasatinib,MFE319_ENDOMETRIUM,191,0.02897149731086403,0.7226221864136102
X_scGPT,1.0,dasatinib,SKNAS_AUTONOMIC_GANGLIA,226,0.023810088324932654,0.705525951575389
X_scGPT,1.0,dasatinib,NCIH2452_PLEURA,538,0.036907988320313015,0.6877063497291621
X_scGPT,1.0,dasatinib,COLO741_SKIN,329,0.0476378669678719,0.8881394968206759
X_scGPT,1.0,dasatinib,KNS42_CENTRAL_NERVOUS_SYSTEM,172,0.037556992083816756,0.7223983386228251
X_scGPT,1.0,dasatinib,MCF7_BREAST,143,0.04871536267160876,0.8544843396940431
X_scGPT,1.0,dasatinib,HT1197_URINARY_TRACT,74,0.054714280576676995,0.6075413432475683
X_scGPT,1.0,dasatinib,SNU899_UPPER_AERODIGESTIVE_TRACT,83,0.017188889461677487,0.6192137785704739
X_scGPT,1.0,dasatinib,HCC38_BREAST,200,0.07707988638729475,0.7504801741242408
X_scGPT,1.0,dasatinib,SNU308_BILIARY_TRACT,94,0.051518940379296864,0.5869648973358438
X_scGPT,1.0,dasatinib,SW1271_LUNG,115,0.05270074816762146,0.6960321130959884
X_scGPT,1.0,dasatinib,TM31_CENTRAL_NERVOUS_SYSTEM,116,0.0141583671427454,0.6432235153584644
X_scGPT,1.0,dasatinib,NCIH747_LARGE_INTESTINE,80,0.06190480750655417,0.7497867427766323
X_scGPT,1.0,dasatinib,KPNSI9S_AUTONOMIC_GANGLIA,129,0.04163311003126054,0.5707064215527025
X_scGPT,1.0,dasatinib,SQ1_LUNG,238,0.03620246406597258,0.7035319592271533
X_scGPT,1.0,dasatinib,IALM_LUNG,322,0.09247867481421797,0.6365466342764612
X_scGPT,1.0,dasatinib,BT474_BREAST,125,0.039113777922822134,0.858700068473816
X_scGPT,1.0,dasatinib,DKMG_CENTRAL_NERVOUS_SYSTEM,271,0.04793868138982057,0.5301815930107863
X_scGPT,1.0,dasatinib,BT549_BREAST,266,0.0589449073389192,0.5524692293396569
X_scGPT,1.0,dasatinib,BICR6_UPPER_AERODIGESTIVE_TRACT,286,0.07430671721082296,0.5393866743449565
X_scGPT,1.0,dasatinib,SH10TC_STOMACH,351,0.04689905226174889,0.771508058591446
X_scGPT,1.0,dasatinib,UMUC1_URINARY_TRACT,197,0.042090354826369275,0.4835613248917052
X_scGPT,1.0,dasatinib,LS1034_LARGE_INTESTINE,146,0.04299529925795084,0.6975470381240322
X_scGPT,1.0,dasatinib,CCFSTTG1_CENTRAL_NERVOUS_SYSTEM,246,0.06970423768059991,0.5440257907640643
X_scGPT,1.0,dasatinib,NCIH226_LUNG,235,0.0464063545525144,0.6048999328562554
X_scGPT,1.0,dasatinib,LNCAPCLONEFGC_PROSTATE,129,0.027698514111405174,0.8938410416129947
X_scGPT,1.0,dasatinib,RCC10RGB_KIDNEY,233,0.0860230081861953,0.6030391587719897
X_scGPT,1.0,dasatinib,RERFLCAD1_LUNG,243,0.07936240357669956,0.6803358170230693
X_scGPT,1.0,dasatinib,SKMEL2_SKIN,276,0.07036496337817154,0.8313853196475817
X_scGPT,1.0,dasatinib,BICR31_UPPER_AERODIGESTIVE_TRACT,248,0.05048992908502759,0.5936470939026725
X_scGPT,1.0,dasatinib,RCM1_LARGE_INTESTINE,128,0.05122957552142416,0.7453844430856407
X_scGPT,1.0,dasatinib,COV434_OVARY,88,0.0494886304076646,0.7921026484532789
X_scGPT,1.0,dasatinib,SNU1079_BILIARY_TRACT,73,0.05224903895490954,0.7457222914042538
X_scGPT,1.0,dasatinib,YD38_UPPER_AERODIGESTIVE_TRACT,624,0.0425869479427437,0.5183903005165167
X_scGPT,1.0,dasatinib,NCIH1299_LUNG,534,0.018562152731492247,0.6837723394681452
X_scGPT,1.0,dasatinib,IGR37_SKIN,347,0.023514205099177874,0.8474228942085068
X_scGPT,1.0,dasatinib,BFTC909_KIDNEY,379,0.07945014750657496,0.6562220371650203
X_scGPT,1.0,dasatinib,NCIH460_LUNG,837,0.05077144928341716,0.8418230245617555
X_scGPT,1.0,dasatinib,IGR1_SKIN,725,0.04094994983718229,0.8601936740710817
X_scGPT,1.0,dasatinib,VMCUB1_URINARY_TRACT,478,0.05645300836885641,0.5726333525515002
X_scGPT,1.0,dasatinib,JHOC5_OVARY,145,0.07583334006430362,0.5753758405816967
X_scGPT,1.0,dasatinib,42MGBA_CENTRAL_NERVOUS_SYSTEM,518,0.03963730901466718,0.6612283619674476
X_scGPT,1.0,dasatinib,HT1080_SOFT_TISSUE,516,0.07121730194796451,0.7627964571926945
X_scGPT,1.0,dasatinib,LI7_LIVER,196,0.07731388429491375,0.7277022791760308
X_scGPT,1.0,dasatinib,A375_SKIN,593,0.06337031254282496,0.8575014409689236
X_scGPT,1.0,dasatinib,FTC133_THYROID,140,0.044126798663313684,0.6874604719025749
X_scGPT,1.0,dasatinib,OVK18_OVARY,178,0.04578471011029975,0.8273998592676741
X_scGPT,1.0,dasatinib,ACCMESO1_PLEURA,162,0.012495119839469857,0.6514277480266712
X_scGPT,1.0,dasatinib,HMC18_BREAST,293,0.01917291369910946,0.7265586525506941
X_scGPT,1.0,dasatinib,TOV112D_OVARY,78,0.019055019903841258,0.7093327045440674
X_scGPT,1.0,dasatinib,JHH6_LIVER,206,0.05409506755217293,0.7205330075569523
X_scGPT,1.0,dasatinib,A2058_SKIN,294,0.05438664028185742,0.8746161602792286
X_scGPT,1.0,dasatinib,NCIH2110_LUNG,1990,0.047713568592833086,0.7544423091651207
X_scGPT,1.0,dasatinib,NCIH650_LUNG,271,0.05712492848914593,0.7461282626289283
X_scGPT,1.0,dasatinib,EFE184_ENDOMETRIUM,86,0.05782274384486293,0.67964928302654
X_scGPT,1.0,dasatinib,HUPT3_PANCREAS,136,0.080235618953905,0.7181995969046565
X_scGPT,1.0,dasatinib,MDAMB361_BREAST,135,0.038894141580184165,0.9144518384227046
X_scGPT,1.0,dasatinib,BCPAP_THYROID,152,0.03381113253244045,0.6634528240875194
X_scGPT,1.0,dasatinib,PECAPJ49_UPPER_AERODIGESTIVE_TRACT,202,0.04414855503463834,0.44860213065501486
X_scGPT,1.0,dasatinib,EKVX_LUNG,146,0.02075503309193915,0.6622718172530605
X_scGPT,1.0,dasatinib,BICR56_UPPER_AERODIGESTIVE_TRACT,81,0.05233629551724448,0.48563873436715865
X_scGPT,1.0,dasatinib,NCIH2170_LUNG,142,0.05145024193868836,0.7954216591069396
X_scGPT,1.0,dasatinib,DETROIT562_UPPER_AERODIGESTIVE_TRACT,163,0.017394726002429285,0.6185131259491107
X_scGPT,1.0,dasatinib,SW1088_CENTRAL_NERVOUS_SYSTEM,128,0.037482034058384,0.6439508849289268
X_scGPT,1.0,dasatinib,BHY_UPPER_AERODIGESTIVE_TRACT,145,0.06047594290516549,0.5802834814992445
X_scGPT,1.0,dasatinib,CAS1_CENTRAL_NERVOUS_SYSTEM,133,0.06174898188579253,0.5382933267077109
X_scGPT,1.0,dasatinib,HCC1428_BREAST,127,0.08679347051494157,0.8738129603581166
X_scGPT,1.0,dasatinib,HDQP1_BREAST,64,0.042710745985270505,0.7059179795905948
X_scGPT,1.0,dasatinib,OSRC2_KIDNEY,126,0.04005974053662597,0.7125781093324933
X_scGPT,1.0,dasatinib,HUPT4_PANCREAS,56,0.0826554972797628,0.7862113033022199
X_scGPT,1.0,dasatinib,TCCSUP_URINARY_TRACT,316,0.0377275743506023,0.7055702848902231
X_scGPT,1.0,dasatinib,VMRCRCZ_KIDNEY,300,0.013249062973580656,0.6686779562632242
X_scGPT,1.0,dasatinib,PK59_PANCREAS,174,0.06079211227208247,0.7832683129557247
X_scGPT,1.0,dasatinib,HUH6_LIVER,338,0.03975138963937895,0.8078098205419687
X_scGPT,1.0,dasatinib,MSTO211H_PLEURA,297,0.06057154503988837,0.6844988234516748
X_scGPT,1.0,dasatinib,HS852T_SKIN,162,0.05068831357114799,0.7516321466292863
X_scGPT,1.0,dasatinib,SKMEL30_SKIN,353,0.06780644120706708,0.8756099995067369
X_scGPT,1.0,dasatinib,T47D_BREAST,221,0.04649429015310378,0.8896993725008555
X_scGPT,1.0,dasatinib,CALU6_LUNG,258,0.03906585788558396,0.7559891740481058
X_scGPT,1.0,dasatinib,NCIH522_LUNG,208,0.018336457614300958,0.6963242435684571
X_scGPT,1.0,dasatinib,LMSU_STOMACH,255,0.01108890266498358,0.6292278135524076
X_scGPT,1.0,dasatinib,SNUC4_LARGE_INTESTINE,467,0.043865519657831656,0.7367340065937736
X_scGPT,1.0,dasatinib,RVH421_SKIN,239,0.07864585298208582,0.7469690943362822
X_scGPT,1.0,dasatinib,OVSAHO_OVARY,227,0.02078000053630767,0.7173957567383015
X_scGPT,1.0,dasatinib,GOS3_CENTRAL_NERVOUS_SYSTEM,191,0.01471646912931552,0.6459696461392946
X_scGPT,1.0,dasatinib,SNU738_CENTRAL_NERVOUS_SYSTEM,379,0.03150591986745465,0.6475435986053346
X_scGPT,1.0,dasatinib,PC3_PROSTATE,169,0.04232611118229092,0.7081084646416839
X_scGPT,1.0,dasatinib,PATU8988S_PANCREAS,244,0.033339568888985836,0.7084066298652868
X_scGPT,1.0,dasatinib,OVTOKO_OVARY,209,0.012667655630852892,0.6570835124932978
X_scGPT,1.0,dasatinib,TE1_OESOPHAGUS,206,0.05295935952375191,0.61830811390599
X_scGPT,1.0,dasatinib,NCIH2087_LUNG,219,0.050011358864382856,0.6104505644541353
X_scGPT,1.0,dasatinib,EFM192A_BREAST,333,0.07446920653099139,0.8299019291952208
X_scGPT,1.0,dasatinib,SNU423_LIVER,212,0.022513692619208235,0.618548591463071
X_scGPT,1.0,dasatinib,KPL1_BREAST,276,0.04228640535565644,0.8592853813931562
X_scGPT,1.0,dasatinib,NCIH358_LUNG,336,0.04748197605000517,0.6791695430874825
X_scGPT,1.0,dasatinib,COLO792_SKIN,271,0.04232417382197272,0.7571665028804343
X_scGPT,1.0,dasatinib,KYSE520_OESOPHAGUS,323,0.0164264861739399,0.6250981435687181
X_scGPT,1.0,dasatinib,KMRC3_KIDNEY,245,0.029262645708514657,0.6674238939674533
X_scGPT,1.0,dasatinib,MKN7_STOMACH,258,0.06408359531113687,0.665287609479224
X_scGPT,1.0,dasatinib,NCIH1944_LUNG,414,0.016042683359137198,0.6782392754358946
X_scGPT,1.0,dasatinib,TE6_OESOPHAGUS,551,0.017327285530286896,0.6344363536895296
X_scGPT,1.0,dasatinib,ZR751_BREAST,309,0.04581345199419228,0.927867400800526
X_scGPT,1.0,dasatinib,PANC0203_PANCREAS,506,0.05087746261150253,0.6317279871273418
X_scGPT,1.0,dasatinib,SW1990_PANCREAS,307,0.050350811304473206,0.7200005198146311
X_scGPT,1.0,dasatinib,RD_SOFT_TISSUE,261,0.0615996741531698,0.5974912624021143
X_scGPT,1.0,dasatinib,NCIH1792_LUNG,111,0.03965741321083878,0.6973724950541247
X_scGPT,1.0,dasatinib,PK45H_PANCREAS,271,0.027520448173481028,0.645198376856167
X_scGPT,1.0,dasatinib,LS180_LARGE_INTESTINE,361,0.03915961243544177,0.7877760968710247
X_scGPT,1.0,dasatinib,RERFLCAI_LUNG,763,0.03611480707964027,0.6917270826637198
X_scGPT,1.0,dasatinib,CAMA1_BREAST,291,0.04646544689183698,0.8203708640078908
X_scGPT,1.0,dasatinib,SNU449_LIVER,282,0.0292998615773516,0.6291215952406538
X_scGPT,1.0,dasatinib,A204_SOFT_TISSUE,250,0.05004677468523136,0.8094259994029999
X_scGPT,1.0,dasatinib,MKN45_STOMACH,118,0.03473033845547554,0.7744630267054348
X_scGPT,1.0,dasatinib,HEP3B217_LIVER,118,0.019225958895080796,0.6654947006096275
X_scGPT,1.0,dasatinib,HOS_BONE,829,0.037838817720632544,0.699769115850635
X_scGPT,1.0,dasatinib,EBC1_LUNG,186,0.04438664629848248,0.6575565645771642
X_scGPT,1.0,dasatinib,NCIH292_LUNG,213,0.048779453582170625,0.6165027082526068
X_scGPT,1.0,dasatinib,OUMS23_LARGE_INTESTINE,107,0.05470938581419013,0.8122970879634964
X_scGPT,1.0,dasatinib,HEC151_ENDOMETRIUM,250,0.05278374140907228,0.6852664076089859
X_scGPT,1.0,dasatinib,NCIH1373_LUNG,164,0.04115162803233126,0.6446185715314818
X_scGPT,1.0,dasatinib,TE9_OESOPHAGUS,248,0.014303391024052108,0.6340493857860565
X_scGPT,1.0,dasatinib,HCC56_LARGE_INTESTINE,99,0.034417305615908673,0.7558192111024953
X_scGPT,1.0,dasatinib,HT55_LARGE_INTESTINE,211,0.01666894199377698,0.8476075253215446
X_scGPT,1.0,dasatinib,RT4_URINARY_TRACT,106,0.0515504966199453,0.7985498354120074
X_scGPT,1.0,dasatinib,SKES1_BONE,91,0.01908216643529,0.7091161733145243
X_scGPT,1.0,dasatinib,NCIH1435_LUNG,267,0.04221793737938548,0.6672985026898902
X_scGPT,1.0,dasatinib,8305C_THYROID,459,0.022598272144866337,0.645578082740177
X_scGPT,1.0,dasatinib,NCIH2228_LUNG,367,0.04449632631101886,0.6365571183632115
X_scGPT,1.0,dasatinib,TE10_OESOPHAGUS,219,0.028068891401704522,0.5413175999573921
X_scGPT,1.0,dasatinib,ASPC1_PANCREAS,290,0.02137079831917601,0.6647224222791606
X_scGPT,1.0,dasatinib,HCC366_LUNG,202,0.042012573696305344,0.6108842238341228
X_scGPT,1.0,dasatinib,BICR16_UPPER_AERODIGESTIVE_TRACT,212,0.04124867625032911,0.49347108166735126
X_scGPT,1.0,dasatinib,HEC6_ENDOMETRIUM,161,0.03821865449712218,0.6784875959343051
X_scGPT,1.0,dasatinib,KALS1_CENTRAL_NERVOUS_SYSTEM,288,0.0114083299587642,0.6329235927098327
X_scGPT,1.0,dasatinib,NCIH2444_LUNG,237,0.03494933385958199,0.6831955104940551
X_scGPT,1.0,dasatinib,SNU46_UPPER_AERODIGESTIVE_TRACT,236,0.0610824671439364,0.599121191996639
X_scGPT,1.0,dasatinib,OAW28_OVARY,161,0.07057892366261917,0.7124626810506264
X_scGPT,1.0,dasatinib,SNU1214_UPPER_AERODIGESTIVE_TRACT,188,0.04795300276093539,0.43896161764860153
X_scGPT,1.0,dasatinib,SKMEL5_SKIN,297,0.04353663429211263,0.8949413189181575
X_scGPT,1.0,dasatinib,OVCAR4_OVARY,283,0.03507078500294919,0.5969509783566209
X_scGPT,1.0,dasatinib,UACC257_SKIN,239,0.012464663220005426,0.921360197426385
X_scGPT,1.0,dasatinib,ONCODG1_OVARY,270,0.014600653847372526,0.6586108192249581
X_scGPT,1.0,dasatinib,HUH28_BILIARY_TRACT,139,0.011621106458862869,0.6357848305496381
X_scGPT,1.0,dasatinib,IM95_STOMACH,185,0.03798021030358289,0.7698646622735101
X_scGPT,1.0,dasatinib,TE14_OESOPHAGUS,474,0.04612175557234167,0.5366948211746376
X_scGPT,1.0,dasatinib,CAKI2_KIDNEY,278,0.027095954506676168,0.5965538687414402
X_scGPT,1.0,dasatinib,SU8686_PANCREAS,82,0.04732887103511917,0.6405580901518101
X_scGPT,1.0,dasatinib,SCC25_UPPER_AERODIGESTIVE_TRACT,898,0.015219713171469503,0.5981794631560821
X_scGPT,1.0,dasatinib,SCC9_UPPER_AERODIGESTIVE_TRACT,475,0.01603887595385084,0.6098082548693606
X_scGPT,1.0,crizotinib,NCIH2126_LUNG,264,0.012207986811674974,0.7632032944397493
X_scGPT,1.0,crizotinib,SW579_THYROID,217,0.015599368003733825,0.8120316802631325
X_scGPT,1.0,crizotinib,NCIH446_LUNG,196,0.022751069741283297,0.7584965606125034
X_scGPT,1.0,crizotinib,HEC251_ENDOMETRIUM,107,0.0241620861399192,0.8256569644001043
X_scGPT,1.0,crizotinib,MFE319_ENDOMETRIUM,191,0.00921824880373695,0.7887225949951492
X_scGPT,1.0,crizotinib,SKNAS_AUTONOMIC_GANGLIA,226,0.006394112078023009,0.801467830364683
X_scGPT,1.0,crizotinib,NCIH2452_PLEURA,538,0.019222784415789194,0.8401349091618477
X_scGPT,1.0,crizotinib,COLO741_SKIN,329,0.027226836192102036,0.8156957088270448
X_scGPT,1.0,crizotinib,KNS42_CENTRAL_NERVOUS_SYSTEM,172,0.009490316356231175,0.8423017436681792
X_scGPT,1.0,crizotinib,MCF7_BREAST,143,0.024187491100812235,0.8645547870155814
X_scGPT,1.0,crizotinib,HT1197_URINARY_TRACT,74,0.008376068316586013,0.7657357752323151
X_scGPT,1.0,crizotinib,SNU899_UPPER_AERODIGESTIVE_TRACT,83,0.0054529010380776925,0.7562351736677698
X_scGPT,1.0,crizotinib,HCC38_BREAST,200,0.023074668963816245,0.8114892739057541
X_scGPT,1.0,crizotinib,SNU308_BILIARY_TRACT,94,0.03863538151463824,0.723115641385951
X_scGPT,1.0,crizotinib,SW1271_LUNG,115,0.02914632296556666,0.8409950080125228
X_scGPT,1.0,crizotinib,TM31_CENTRAL_NERVOUS_SYSTEM,116,0.005086878882927973,0.7753023628530831
X_scGPT,1.0,crizotinib,NCIH747_LARGE_INTESTINE,80,0.025910534132749373,0.7543152034282684
X_scGPT,1.0,crizotinib,KPNSI9S_AUTONOMIC_GANGLIA,129,0.01193550621612307,0.783420396405597
X_scGPT,1.0,crizotinib,SQ1_LUNG,238,0.024631431034670474,0.8000454188895827
X_scGPT,1.0,crizotinib,IALM_LUNG,322,0.02466592141317729,0.7905053103932683
X_scGPT,1.0,crizotinib,BT474_BREAST,125,0.008291984031527816,0.8184025177955627
X_scGPT,1.0,crizotinib,DKMG_CENTRAL_NERVOUS_SYSTEM,271,0.01734106736483943,0.7983734240391158
X_scGPT,1.0,crizotinib,BT549_BREAST,266,0.025183656752992174,0.8247007024019284
X_scGPT,1.0,crizotinib,BICR6_UPPER_AERODIGESTIVE_TRACT,286,0.020005818989591213,0.7643106583948736
X_scGPT,1.0,crizotinib,SH10TC_STOMACH,351,0.026283227787466334,0.7861811216400559
X_scGPT,1.0,crizotinib,UMUC1_URINARY_TRACT,197,0.026971039558836646,0.7968523384350811
X_scGPT,1.0,crizotinib,LS1034_LARGE_INTESTINE,146,0.00827552594123742,0.7818702981896597
X_scGPT,1.0,crizotinib,CCFSTTG1_CENTRAL_NERVOUS_SYSTEM,246,0.022761843353211825,0.8119095592963986
X_scGPT,1.0,crizotinib,NCIH226_LUNG,235,0.02360355026379041,0.8162521128958844
X_scGPT,1.0,crizotinib,LNCAPCLONEFGC_PROSTATE,129,0.006905986575036349,0.8237570524215698
X_scGPT,1.0,crizotinib,RCC10RGB_KIDNEY,233,0.034480841870405815,0.7967321591315863
X_scGPT,1.0,crizotinib,RERFLCAD1_LUNG,243,0.06043127923468009,0.6964377483713283
X_scGPT,1.0,crizotinib,SKMEL2_SKIN,276,0.04492044871534378,0.8343574529972629
X_scGPT,1.0,crizotinib,BICR31_UPPER_AERODIGESTIVE_TRACT,248,0.021529124464866566,0.7352952015015387
X_scGPT,1.0,crizotinib,RCM1_LARGE_INTESTINE,128,0.035652129725534484,0.7899888479150832
X_scGPT,1.0,crizotinib,COV434_OVARY,88,0.02262822443107369,0.796386413953521
X_scGPT,1.0,crizotinib,SNU1079_BILIARY_TRACT,73,0.028005374429782036,0.8804342175183231
X_scGPT,1.0,crizotinib,YD38_UPPER_AERODIGESTIVE_TRACT,624,0.011134065804328496,0.750854514634762
X_scGPT,1.0,crizotinib,NCIH1299_LUNG,534,0.005798280665787847,0.7853355022628655
X_scGPT,1.0,crizotinib,IGR37_SKIN,347,0.004961720234153512,0.8161515957683926
X_scGPT,1.0,crizotinib,BFTC909_KIDNEY,379,0.03821999238798664,0.8145003109619926
X_scGPT,1.0,crizotinib,NCIH460_LUNG,837,0.03337040420593006,0.755862044177175
X_scGPT,1.0,crizotinib,IGR1_SKIN,725,0.02356177090228666,0.8107019188486296
X_scGPT,1.0,crizotinib,VMCUB1_URINARY_TRACT,478,0.01318512330918265,0.7601407361080457
X_scGPT,1.0,crizotinib,JHOC5_OVARY,145,0.038170904658234264,0.8434837744153779
X_scGPT,1.0,crizotinib,42MGBA_CENTRAL_NERVOUS_SYSTEM,518,0.012530734130136875,0.8569885071180041
X_scGPT,1.0,crizotinib,HT1080_SOFT_TISSUE,516,0.03883340430796741,0.7910774846871694
X_scGPT,1.0,crizotinib,LI7_LIVER,196,0.017078656100039072,0.8022245211260659
X_scGPT,1.0,crizotinib,A375_SKIN,593,0.048442012645912025,0.8379609060126654
X_scGPT,1.0,crizotinib,FTC133_THYROID,140,0.028624133927470295,0.8590844239507403
X_scGPT,1.0,crizotinib,OVK18_OVARY,178,0.012705155231547713,0.7743530594900753
X_scGPT,1.0,crizotinib,ACCMESO1_PLEURA,162,0.004686863589379447,0.779448108172711
X_scGPT,1.0,crizotinib,HMC18_BREAST,293,0.005800886142791531,0.7915151062272108
X_scGPT,1.0,crizotinib,TOV112D_OVARY,78,0.004775688680622228,0.799436785471745
X_scGPT,1.0,crizotinib,JHH6_LIVER,206,0.02716381766746308,0.8184223363121736
X_scGPT,1.0,crizotinib,A2058_SKIN,294,0.02324657329597226,0.7947662799131303
X_scGPT,1.0,crizotinib,NCIH2110_LUNG,1990,0.04240017623815868,0.765221263625514
X_scGPT,1.0,crizotinib,NCIH650_LUNG,271,0.04160360709136612,0.8287291045118522
X_scGPT,1.0,crizotinib,EFE184_ENDOMETRIUM,86,0.01298597886924472,0.8031242170999217
X_scGPT,1.0,crizotinib,HUPT3_PANCREAS,136,0.03849705468047308,0.7717674663838219
X_scGPT,1.0,crizotinib,MDAMB361_BREAST,135,0.024930726660157145,0.8445075167549981
X_scGPT,1.0,crizotinib,BCPAP_THYROID,152,0.017729337693556096,0.8362743717275167
X_scGPT,1.0,crizotinib,PECAPJ49_UPPER_AERODIGESTIVE_TRACT,202,0.02424997926839419,0.7931696049647756
X_scGPT,1.0,crizotinib,EKVX_LUNG,146,0.006936759253824804,0.7784669962647843
X_scGPT,1.0,crizotinib,BICR56_UPPER_AERODIGESTIVE_TRACT,81,0.013518946373357798,0.7333453356483837
X_scGPT,1.0,crizotinib,NCIH2170_LUNG,142,0.01489367205581463,0.7767788595716718
X_scGPT,1.0,crizotinib,DETROIT562_UPPER_AERODIGESTIVE_TRACT,163,0.005252647590715987,0.7558779054624172
X_scGPT,1.0,crizotinib,SW1088_CENTRAL_NERVOUS_SYSTEM,128,0.01698263295103945,0.853366375900805
X_scGPT,1.0,crizotinib,BHY_UPPER_AERODIGESTIVE_TRACT,145,0.03044337156650898,0.7718916794349407
X_scGPT,1.0,crizotinib,CAS1_CENTRAL_NERVOUS_SYSTEM,133,0.029006866921010257,0.7995504965459493
X_scGPT,1.0,crizotinib,HCC1428_BREAST,127,0.021772732918617862,0.8036849475282384
X_scGPT,1.0,crizotinib,HDQP1_BREAST,64,0.02714206356680031,0.8493766831234097
X_scGPT,1.0,crizotinib,OSRC2_KIDNEY,126,0.01735011845361329,0.8537218277416532
X_scGPT,1.0,crizotinib,HUPT4_PANCREAS,56,0.04109161089019818,0.7110122506107602
X_scGPT,1.0,crizotinib,TCCSUP_URINARY_TRACT,316,0.016283069573557477,0.8295643842673
X_scGPT,1.0,crizotinib,VMRCRCZ_KIDNEY,300,0.00604822174933021,0.7782399835189183
X_scGPT,1.0,crizotinib,PK59_PANCREAS,174,0.03128695674148262,0.7538279212754349
X_scGPT,1.0,crizotinib,HUH6_LIVER,338,0.0065113449820225315,0.7893084952464471
X_scGPT,1.0,crizotinib,MSTO211H_PLEURA,297,0.02278245072720605,0.8058051966657542
X_scGPT,1.0,crizotinib,HS852T_SKIN,162,0.02500357235789159,0.8780755864249336
X_scGPT,1.0,crizotinib,SKMEL30_SKIN,353,0.029233988730494907,0.7919907605344108
X_scGPT,1.0,crizotinib,T47D_BREAST,221,0.02732428236685857,0.8675280251114617
X_scGPT,1.0,crizotinib,CALU6_LUNG,258,0.0265753273134215,0.8144024109193521
X_scGPT,1.0,crizotinib,NCIH522_LUNG,208,0.007168453531152858,0.7906677106825205
X_scGPT,1.0,crizotinib,LMSU_STOMACH,255,0.00576778668590459,0.7730866175071865
X_scGPT,1.0,crizotinib,SNUC4_LARGE_INTESTINE,467,0.016837797760440587,0.7569263879951624
X_scGPT,1.0,crizotinib,RVH421_SKIN,239,0.017819171053039044,0.8344659820261361
X_scGPT,1.0,crizotinib,OVSAHO_OVARY,227,0.007382715276019422,0.793642711009223
X_scGPT,1.0,crizotinib,GOS3_CENTRAL_NERVOUS_SYSTEM,191,0.006776206419531677,0.7775621017860492
X_scGPT,1.0,crizotinib,SNU738_CENTRAL_NERVOUS_SYSTEM,379,0.027998355408305486,0.8235556489559466
X_scGPT,1.0,crizotinib,PC3_PROSTATE,169,0.0341597734300484,0.8118956946056975
X_scGPT,1.0,crizotinib,PATU8988S_PANCREAS,244,0.012136620987995972,0.7584973141306737
X_scGPT,1.0,crizotinib,OVTOKO_OVARY,209,0.007238711167142725,0.7711066455361946
X_scGPT,1.0,crizotinib,TE1_OESOPHAGUS,206,0.019151967544622832,0.7831283671763337
X_scGPT,1.0,crizotinib,NCIH2087_LUNG,219,0.041809958531291255,0.6963562902794581
X_scGPT,1.0,crizotinib,EFM192A_BREAST,333,0.02912010850740635,0.7642800473236107
X_scGPT,1.0,crizotinib,SNU423_LIVER,212,0.009516197781692513,0.8157901471515872
X_scGPT,1.0,crizotinib,KPL1_BREAST,276,0.017954752392429208,0.8209106993416081
X_scGPT,1.0,crizotinib,NCIH358_LUNG,336,0.05014138944500573,0.8134478089355287
X_scGPT,1.0,crizotinib,COLO792_SKIN,271,0.009384053454643222,0.7906846353488655
X_scGPT,1.0,crizotinib,KYSE520_OESOPHAGUS,323,0.0056467047141972974,0.7553023884170934
X_scGPT,1.0,crizotinib,KMRC3_KIDNEY,245,0.025504354983279288,0.8423775772659146
X_scGPT,1.0,crizotinib,MKN7_STOMACH,258,0.03750058250584908,0.7464964680893477
X_scGPT,1.0,crizotinib,NCIH1944_LUNG,414,0.005646811894576021,0.7694927147333173
X_scGPT,1.0,crizotinib,TE6_OESOPHAGUS,551,0.005759363316327422,0.7583789862219089
X_scGPT,1.0,crizotinib,ZR751_BREAST,309,0.02951351761672766,0.7527912328544172
X_scGPT,1.0,crizotinib,PANC0203_PANCREAS,506,0.024580204986950176,0.7376117065489999
X_scGPT,1.0,crizotinib,SW1990_PANCREAS,307,0.050694868842741554,0.7532465224933935
X_scGPT,1.0,crizotinib,RD_SOFT_TISSUE,261,0.019393223164407298,0.7990984265831695
X_scGPT,1.0,crizotinib,NCIH1792_LUNG,111,0.017043287602550982,0.8108704224363104
X_scGPT,1.0,crizotinib,PK45H_PANCREAS,271,0.00854566853346587,0.8040577241415467
X_scGPT,1.0,crizotinib,LS180_LARGE_INTESTINE,361,0.031199628613653916,0.8126271144174803
X_scGPT,1.0,crizotinib,RERFLCAI_LUNG,763,0.04028497186562782,0.8180996535021231
X_scGPT,1.0,crizotinib,CAMA1_BREAST,291,0.018473997661328092,0.8275985254864513
X_scGPT,1.0,crizotinib,SNU449_LIVER,282,0.014266216545970165,0.8249068594147974
X_scGPT,1.0,crizotinib,A204_SOFT_TISSUE,250,0.029391767994317215,0.8129603273868561
X_scGPT,1.0,crizotinib,MKN45_STOMACH,118,0.053830210570301636,0.7411695127770052
X_scGPT,1.0,crizotinib,HEP3B217_LIVER,118,0.007236010982646184,0.7747034915422989
X_scGPT,1.0,crizotinib,HOS_BONE,829,0.014535872467707515,0.814343920447139
X_scGPT,1.0,crizotinib,EBC1_LUNG,186,0.02922591311136556,0.7746238859109981
X_scGPT,1.0,crizotinib,NCIH292_LUNG,213,0.028020073621463543,0.7635665605885322
X_scGPT,1.0,crizotinib,OUMS23_LARGE_INTESTINE,107,0.020540694077561605,0.757033357553393
X_scGPT,1.0,crizotinib,HEC151_ENDOMETRIUM,250,0.011676449169935925,0.8078327162265777
X_scGPT,1.0,crizotinib,NCIH1373_LUNG,164,0.03171682985043315,0.7614629806541815
X_scGPT,1.0,crizotinib,TE9_OESOPHAGUS,248,0.005245558402470102,0.7529363572116821
X_scGPT,1.0,crizotinib,HCC56_LARGE_INTESTINE,99,0.02317276249769333,0.8204479392128762
X_scGPT,1.0,crizotinib,HT55_LARGE_INTESTINE,211,0.016378472836215546,0.8195097833448112
X_scGPT,1.0,crizotinib,RT4_URINARY_TRACT,106,0.025840389992378383,0.6710082849241653
X_scGPT,1.0,crizotinib,SKES1_BONE,91,0.006190485981002773,0.7967900109815074
X_scGPT,1.0,crizotinib,NCIH1435_LUNG,267,0.0202630023103765,0.7280144836572225
X_scGPT,1.0,crizotinib,8305C_THYROID,459,0.010355123872271796,0.8225875524134417
X_scGPT,1.0,crizotinib,NCIH2228_LUNG,367,0.023880555349291257,0.8286966977067475
X_scGPT,1.0,crizotinib,TE10_OESOPHAGUS,219,0.014472085773542287,0.764208925096956
X_scGPT,1.0,crizotinib,ASPC1_PANCREAS,290,0.006178307362660207,0.7815931815525581
X_scGPT,1.0,crizotinib,HCC366_LUNG,202,0.0506881779294423,0.744511199174541
X_scGPT,1.0,crizotinib,BICR16_UPPER_AERODIGESTIVE_TRACT,212,0.01821461440616556,0.7716171345058477
X_scGPT,1.0,crizotinib,HEC6_ENDOMETRIUM,161,0.02347976278799386,0.8126522169350097
X_scGPT,1.0,crizotinib,KALS1_CENTRAL_NERVOUS_SYSTEM,288,0.004489552716892243,0.7732141160716614
X_scGPT,1.0,crizotinib,NCIH2444_LUNG,237,0.013609357289230132,0.8312329383339057
X_scGPT,1.0,crizotinib,SNU46_UPPER_AERODIGESTIVE_TRACT,236,0.019575827514892244,0.7868977194115266
X_scGPT,1.0,crizotinib,OAW28_OVARY,161,0.04607429583068352,0.7330571413040161
X_scGPT,1.0,crizotinib,SNU1214_UPPER_AERODIGESTIVE_TRACT,188,0.02175982764765605,0.7907449247989249
X_scGPT,1.0,crizotinib,SKMEL5_SKIN,297,0.009006699686951026,0.8190585527355824
X_scGPT,1.0,crizotinib,OVCAR4_OVARY,283,0.02870988720527425,0.7894678162180493
X_scGPT,1.0,crizotinib,UACC257_SKIN,239,0.014002927744085463,0.7506702415115165
X_scGPT,1.0,crizotinib,ONCODG1_OVARY,270,0.004208822994391632,0.770287024974823
X_scGPT,1.0,crizotinib,HUH28_BILIARY_TRACT,139,0.0038823916259120607,0.7767171203661308
X_scGPT,1.0,crizotinib,IM95_STOMACH,185,0.011220343860491557,0.7773328333287626
X_scGPT,1.0,crizotinib,TE14_OESOPHAGUS,474,0.029428869525796174,0.7505715621423118
X_scGPT,1.0,crizotinib,CAKI2_KIDNEY,278,0.013754728117168664,0.802867927568422
X_scGPT,1.0,crizotinib,SU8686_PANCREAS,82,0.05754961984887611,0.6634024258066968
X_scGPT,1.0,crizotinib,SCC25_UPPER_AERODIGESTIVE_TRACT,898,0.005314102625060312,0.7634418307407396
X_scGPT,1.0,crizotinib,SCC9_UPPER_AERODIGESTIVE_TRACT,475,0.005475613889569597,0.770097014025638
X_scGPT,1.0,afatinib,NCIH2126_LUNG,264,0.03513969150874238,0.6936340799385851
X_scGPT,1.0,afatinib,SW579_THYROID,217,0.015567953958773804,0.7582009517102747
X_scGPT,1.0,afatinib,NCIH446_LUNG,196,0.028231302159486785,0.7354781448232884
X_scGPT,1.0,afatinib,HEC251_ENDOMETRIUM,107,0.03948441952789622,0.6363943542275473
X_scGPT,1.0,afatinib,MFE319_ENDOMETRIUM,191,0.027039472196028154,0.7312971930853359
X_scGPT,1.0,afatinib,SKNAS_AUTONOMIC_GANGLIA,226,0.015363018685529795,0.7680055135119278
X_scGPT,1.0,afatinib,NCIH2452_PLEURA,538,0.018914535343364697,0.742739860453127
X_scGPT,1.0,afatinib,COLO741_SKIN,329,0.02560601004045383,0.7461355026007424
X_scGPT,1.0,afatinib,KNS42_CENTRAL_NERVOUS_SYSTEM,172,0.027627709612091777,0.7562963688789412
X_scGPT,1.0,afatinib,MCF7_BREAST,143,0.04232717516053366,0.7471044738809546
X_scGPT,1.0,afatinib,HT1197_URINARY_TRACT,74,0.03610072432084943,0.5863691858343176
X_scGPT,1.0,afatinib,SNU899_UPPER_AERODIGESTIVE_TRACT,83,0.029255681771116916,0.6256127407751888
X_scGPT,1.0,afatinib,HCC38_BREAST,200,0.06441224581894815,0.6744457022845745
X_scGPT,1.0,afatinib,SNU308_BILIARY_TRACT,94,0.062172704778757394,0.5014711501116448
X_scGPT,1.0,afatinib,SW1271_LUNG,115,0.038807140827265545,0.7910733953766201
X_scGPT,1.0,afatinib,TM31_CENTRAL_NERVOUS_SYSTEM,116,0.01829572853089742,0.723029613494873
X_scGPT,1.0,afatinib,NCIH747_LARGE_INTESTINE,80,0.0541699608531419,0.641968198120594
X_scGPT,1.0,afatinib,KPNSI9S_AUTONOMIC_GANGLIA,129,0.025879391225644383,0.7454995619234188
X_scGPT,1.0,afatinib,SQ1_LUNG,238,0.03932303038516184,0.655726955718353
X_scGPT,1.0,afatinib,IALM_LUNG,322,0.09061753997640434,0.6832076398112019
X_scGPT,1.0,afatinib,BT474_BREAST,125,0.03343925513755407,0.7516644740104675
X_scGPT,1.0,afatinib,DKMG_CENTRAL_NERVOUS_SYSTEM,271,0.025760140574848777,0.747319718348584
X_scGPT,1.0,afatinib,BT549_BREAST,266,0.028683555957574696,0.7593203646347935
X_scGPT,1.0,afatinib,BICR6_UPPER_AERODIGESTIVE_TRACT,286,0.059232085746511065,0.46351860609504725
X_scGPT,1.0,afatinib,SH10TC_STOMACH,351,0.028569393332724378,0.7964998089689814
X_scGPT,1.0,afatinib,UMUC1_URINARY_TRACT,197,0.05520256225853774,0.44180334794339793
X_scGPT,1.0,afatinib,LS1034_LARGE_INTESTINE,146,0.020962841325863405,0.6064310237152936
X_scGPT,1.0,afatinib,CCFSTTG1_CENTRAL_NERVOUS_SYSTEM,246,0.03831242639406306,0.7575991110103887
X_scGPT,1.0,afatinib,NCIH226_LUNG,235,0.03138055613440502,0.7591148668147149
X_scGPT,1.0,afatinib,LNCAPCLONEFGC_PROSTATE,129,0.014842521011158679,0.820228864518247
X_scGPT,1.0,afatinib,RCC10RGB_KIDNEY,233,0.07565333266326728,0.6068351059000892
X_scGPT,1.0,afatinib,RERFLCAD1_LUNG,243,0.07769174340855474,0.6899217900670604
X_scGPT,1.0,afatinib,SKMEL2_SKIN,276,0.05236704102916232,0.8240248973386876
X_scGPT,1.0,afatinib,BICR31_UPPER_AERODIGESTIVE_TRACT,248,0.05070374511681188,0.4852746405428456
X_scGPT,1.0,afatinib,RCM1_LARGE_INTESTINE,128,0.043746913484061324,0.6245000436902046
X_scGPT,1.0,afatinib,COV434_OVARY,88,0.05261517706634858,0.7316073287617076
X_scGPT,1.0,afatinib,SNU1079_BILIARY_TRACT,73,0.05232385300368861,0.7751187167755546
X_scGPT,1.0,afatinib,YD38_UPPER_AERODIGESTIVE_TRACT,624,0.04493660718649644,0.49604545180232096
X_scGPT,1.0,afatinib,NCIH1299_LUNG,534,0.016175463260268145,0.7388416519772247
X_scGPT,1.0,afatinib,IGR37_SKIN,347,0.008555308359909206,0.8108892413312488
X_scGPT,1.0,afatinib,BFTC909_KIDNEY,379,0.05600774465084197,0.814983902002702
X_scGPT,1.0,afatinib,NCIH460_LUNG,837,0.041025343114079384,0.7026271934720065
X_scGPT,1.0,afatinib,IGR1_SKIN,725,0.028998515580236497,0.7990437708229854
X_scGPT,1.0,afatinib,VMCUB1_URINARY_TRACT,478,0.061243559533214975,0.5567433026046433
X_scGPT,1.0,afatinib,JHOC5_OVARY,145,0.08463594067278057,0.6118861412179881
X_scGPT,1.0,afatinib,42MGBA_CENTRAL_NERVOUS_SYSTEM,518,0.02302240131729104,0.81709371961682
X_scGPT,1.0,afatinib,HT1080_SOFT_TISSUE,516,0.06066117533817534,0.8077289954174397
X_scGPT,1.0,afatinib,LI7_LIVER,196,0.060732283953909554,0.7186879372718383
X_scGPT,1.0,afatinib,A375_SKIN,593,0.029788546831891055,0.7533952597823955
X_scGPT,1.0,afatinib,FTC133_THYROID,140,0.030807357451025058,0.7293049267360142
X_scGPT,1.0,afatinib,OVK18_OVARY,178,0.03825360456817918,0.8324305167358913
X_scGPT,1.0,afatinib,ACCMESO1_PLEURA,162,0.01481789799809569,0.7331743450076492
X_scGPT,1.0,afatinib,HMC18_BREAST,293,0.015186782404856694,0.7638617402050683
X_scGPT,1.0,afatinib,TOV112D_OVARY,78,0.012853783215311667,0.7729164545352643
X_scGPT,1.0,afatinib,JHH6_LIVER,206,0.04586110583575064,0.6957098908216051
X_scGPT,1.0,afatinib,A2058_SKIN,294,0.040727808764939054,0.8645107839383236
X_scGPT,1.0,afatinib,NCIH2110_LUNG,1990,0.0622592869621357,0.6534776523035375
X_scGPT,1.0,afatinib,NCIH650_LUNG,271,0.0784225779607869,0.786179811862122
X_scGPT,1.0,afatinib,EFE184_ENDOMETRIUM,86,0.05333031326772645,0.6895209204318912
X_scGPT,1.0,afatinib,HUPT3_PANCREAS,136,0.07666700212571356,0.656856444390381
X_scGPT,1.0,afatinib,MDAMB361_BREAST,135,0.03892385832296682,0.7638024586218375
X_scGPT,1.0,afatinib,BCPAP_THYROID,152,0.029155907605930405,0.7758685013181285
X_scGPT,1.0,afatinib,PECAPJ49_UPPER_AERODIGESTIVE_TRACT,202,0.04921380385980582,0.40223126659298886
X_scGPT,1.0,afatinib,EKVX_LUNG,146,0.0235043382967633,0.707341100255104
X_scGPT,1.0,afatinib,BICR56_UPPER_AERODIGESTIVE_TRACT,81,0.03831505452844352,0.416388953541532
X_scGPT,1.0,afatinib,NCIH2170_LUNG,142,0.05723983443920174,0.7212932399460967
X_scGPT,1.0,afatinib,DETROIT562_UPPER_AERODIGESTIVE_TRACT,163,0.029918681804927506,0.59217845954778
X_scGPT,1.0,afatinib,SW1088_CENTRAL_NERVOUS_SYSTEM,128,0.028639064727486604,0.7841948978602886
X_scGPT,1.0,afatinib,BHY_UPPER_AERODIGESTIVE_TRACT,145,0.06958468242480333,0.4978138960641006
X_scGPT,1.0,afatinib,CAS1_CENTRAL_NERVOUS_SYSTEM,133,0.028145137685047,0.7513649907327236
X_scGPT,1.0,afatinib,HCC1428_BREAST,127,0.07998495044463623,0.7292942681650477
X_scGPT,1.0,afatinib,HDQP1_BREAST,64,0.03270149367350258,0.660820659250021
X_scGPT,1.0,afatinib,OSRC2_KIDNEY,126,0.029000657602093135,0.7143650220500098
X_scGPT,1.0,afatinib,HUPT4_PANCREAS,56,0.06774888205412567,0.6800195904714721
X_scGPT,1.0,afatinib,TCCSUP_URINARY_TRACT,316,0.01758064163717769,0.7444828944870189
X_scGPT,1.0,afatinib,VMRCRCZ_KIDNEY,300,0.01432879031779206,0.7332026400168736
X_scGPT,1.0,afatinib,PK59_PANCREAS,174,0.05233660456032328,0.7056052283994083
X_scGPT,1.0,afatinib,HUH6_LIVER,338,0.022238528326036733,0.7086227172930565
X_scGPT,1.0,afatinib,MSTO211H_PLEURA,297,0.030717482779165972,0.7883514804069442
X_scGPT,1.0,afatinib,HS852T_SKIN,162,0.036415261912890164,0.762951989232758
X_scGPT,1.0,afatinib,SKMEL30_SKIN,353,0.020359395710236018,0.7822156847367543
X_scGPT,1.0,afatinib,T47D_BREAST,221,0.046690172409212326,0.7868015202461864
X_scGPT,1.0,afatinib,CALU6_LUNG,258,0.024420975049424583,0.7215729117855545
X_scGPT,1.0,afatinib,NCIH522_LUNG,208,0.014141571754103507,0.7510339680772561
X_scGPT,1.0,afatinib,LMSU_STOMACH,255,0.013085436686878463,0.7056738633735508
X_scGPT,1.0,afatinib,SNUC4_LARGE_INTESTINE,467,0.040457896922091625,0.615308855789887
X_scGPT,1.0,afatinib,RVH421_SKIN,239,0.02970381973344227,0.7914560581849709
X_scGPT,1.0,afatinib,OVSAHO_OVARY,227,0.013733356569269755,0.7466563461635607
X_scGPT,1.0,afatinib,GOS3_CENTRAL_NERVOUS_SYSTEM,191,0.017896510018994442,0.7279085785306562
X_scGPT,1.0,afatinib,SNU738_CENTRAL_NERVOUS_SYSTEM,379,0.021414640434347505,0.7523910146904494
X_scGPT,1.0,afatinib,PC3_PROSTATE,169,0.024231495335145715,0.7849478510004528
X_scGPT,1.0,afatinib,PATU8988S_PANCREAS,244,0.03376938446011092,0.6549767133642416
X_scGPT,1.0,afatinib,OVTOKO_OVARY,209,0.015436098880013755,0.697906181572727
X_scGPT,1.0,afatinib,TE1_OESOPHAGUS,206,0.053818863536542035,0.6288249602595579
X_scGPT,1.0,afatinib,NCIH2087_LUNG,219,0.05796774469018807,0.5303800345555832
X_scGPT,1.0,afatinib,EFM192A_BREAST,333,0.07241306989226783,0.69631652180497
X_scGPT,1.0,afatinib,SNU423_LIVER,212,0.0288488124385467,0.7352073757715945
X_scGPT,1.0,afatinib,KPL1_BREAST,276,0.027852480098183738,0.701078281454418
X_scGPT,1.0,afatinib,NCIH358_LUNG,336,0.05584279388850927,0.734777338448025
X_scGPT,1.0,afatinib,COLO792_SKIN,271,0.019915354088070363,0.7767328279044795
X_scGPT,1.0,afatinib,KYSE520_OESOPHAGUS,323,0.02980385588666234,0.6420885211912102
X_scGPT,1.0,afatinib,KMRC3_KIDNEY,245,0.016461988022901646,0.7375867378954984
X_scGPT,1.0,afatinib,MKN7_STOMACH,258,0.0784201300189153,0.6297683073568714
X_scGPT,1.0,afatinib,NCIH1944_LUNG,414,0.01803448937887002,0.7080733656595295
X_scGPT,1.0,afatinib,TE6_OESOPHAGUS,551,0.026631387907082027,0.6286453618760983
X_scGPT,1.0,afatinib,ZR751_BREAST,309,0.036807463105931075,0.8401308912289567
X_scGPT,1.0,afatinib,PANC0203_PANCREAS,506,0.04065352969451619,0.5402156707090823
X_scGPT,1.0,afatinib,SW1990_PANCREAS,307,0.06318611316491372,0.7641589830869184
X_scGPT,1.0,afatinib,RD_SOFT_TISSUE,261,0.02963246987857588,0.74629321226215
X_scGPT,1.0,afatinib,NCIH1792_LUNG,111,0.04690112688000942,0.7456397521603215
X_scGPT,1.0,afatinib,PK45H_PANCREAS,271,0.028615596057187526,0.7088941258697932
X_scGPT,1.0,afatinib,LS180_LARGE_INTESTINE,361,0.02873259577357904,0.5853806618508209
X_scGPT,1.0,afatinib,RERFLCAI_LUNG,763,0.0374491264763149,0.7915914563332754
X_scGPT,1.0,afatinib,CAMA1_BREAST,291,0.03286566072956105,0.6809391664065856
X_scGPT,1.0,afatinib,SNU449_LIVER,282,0.03103846810768189,0.6653122119869747
X_scGPT,1.0,afatinib,A204_SOFT_TISSUE,250,0.05215062594719322,0.7701126563549042
X_scGPT,1.0,afatinib,MKN45_STOMACH,118,0.0331131373658106,0.6714066514524363
X_scGPT,1.0,afatinib,HEP3B217_LIVER,118,0.015123655532984146,0.7109464326147306
X_scGPT,1.0,afatinib,HOS_BONE,829,0.046508107605104924,0.7306102778137953
X_scGPT,1.0,afatinib,EBC1_LUNG,186,0.0484440697080883,0.5981951846230414
X_scGPT,1.0,afatinib,NCIH292_LUNG,213,0.057176644710511,0.5588162699495682
X_scGPT,1.0,afatinib,OUMS23_LARGE_INTESTINE,107,0.04155075286114586,0.7337661836748925
X_scGPT,1.0,afatinib,HEC151_ENDOMETRIUM,250,0.04082003938586831,0.6972633051872253
X_scGPT,1.0,afatinib,NCIH1373_LUNG,164,0.05085748030162578,0.6016349848814126
X_scGPT,1.0,afatinib,TE9_OESOPHAGUS,248,0.026233792250621023,0.6052728100649772
X_scGPT,1.0,afatinib,HCC56_LARGE_INTESTINE,99,0.028491456482786427,0.5926525683114023
X_scGPT,1.0,afatinib,HT55_LARGE_INTESTINE,211,0.012697577194505559,0.7022342729907465
X_scGPT,1.0,afatinib,RT4_URINARY_TRACT,106,0.04898610010113346,0.6465870698667923
X_scGPT,1.0,afatinib,SKES1_BONE,91,0.014584084165684996,0.7677635177151187
X_scGPT,1.0,afatinib,NCIH1435_LUNG,267,0.03457345784755821,0.5551578192675158
X_scGPT,1.0,afatinib,8305C_THYROID,459,0.027150296301351528,0.7581088684483032
X_scGPT,1.0,afatinib,NCIH2228_LUNG,367,0.053332025791787044,0.6631113026869719
X_scGPT,1.0,afatinib,TE10_OESOPHAGUS,219,0.04840102445777262,0.5440553943860477
X_scGPT,1.0,afatinib,ASPC1_PANCREAS,290,0.015630439298331775,0.6513607405383012
X_scGPT,1.0,afatinib,HCC366_LUNG,202,0.05664269460288665,0.6744578874642306
X_scGPT,1.0,afatinib,BICR16_UPPER_AERODIGESTIVE_TRACT,212,0.04613822253149186,0.46477588772211437
X_scGPT,1.0,afatinib,HEC6_ENDOMETRIUM,161,0.030021273065028865,0.7186350056103298
X_scGPT,1.0,afatinib,KALS1_CENTRAL_NERVOUS_SYSTEM,288,0.012081966789528954,0.7240874400983254
X_scGPT,1.0,afatinib,NCIH2444_LUNG,237,0.03196920612789714,0.691087019091417
X_scGPT,1.0,afatinib,SNU46_UPPER_AERODIGESTIVE_TRACT,236,0.08209710913484566,0.6403083717924053
X_scGPT,1.0,afatinib,OAW28_OVARY,161,0.05200692137111383,0.6286883798445234
X_scGPT,1.0,afatinib,SNU1214_UPPER_AERODIGESTIVE_TRACT,188,0.05955265170681055,0.4362617995827756
X_scGPT,1.0,afatinib,SKMEL5_SKIN,297,0.01842299912632306,0.7660618137430262
X_scGPT,1.0,afatinib,OVCAR4_OVARY,283,0.04655109165079489,0.6374306522915304
X_scGPT,1.0,afatinib,UACC257_SKIN,239,0.01693799967972349,0.7490160759522825
X_scGPT,1.0,afatinib,ONCODG1_OVARY,270,0.01659996735540288,0.7005107365272664
X_scGPT,1.0,afatinib,HUH28_BILIARY_TRACT,139,0.012449024275340673,0.7389182658504239
X_scGPT,1.0,afatinib,IM95_STOMACH,185,0.032952197647955574,0.660385994653444
X_scGPT,1.0,afatinib,TE14_OESOPHAGUS,474,0.05600495373943831,0.4886033717338546
X_scGPT,1.0,afatinib,CAKI2_KIDNEY,278,0.027697220466586493,0.6505610008033917
X_scGPT,1.0,afatinib,SU8686_PANCREAS,82,0.04204678631285937,0.6982542777933726
X_scGPT,1.0,afatinib,SCC25_UPPER_AERODIGESTIVE_TRACT,898,0.03232848524300087,0.5774752792377514
X_scGPT,1.0,afatinib,SCC9_UPPER_AERODIGESTIVE_TRACT,475,0.02237242107845287,0.6907357549667359
