fold,rep,n_train_lines,n_fit_lines,n_label_lines,n_stop_lines,n_val_lines,val_lines,best_epoch,best_val_obj,model,alpha,loss,seed
1,X_pca,124,105,105,19,29,"['BT549_BREAST', 'CAS1_CENTRAL_NERVOUS_SYSTEM', 'HEC6_ENDOMETRIUM', 'HT55_LARGE_INTESTINE', 'KMRC3_KIDNEY', 'MCF7_BREAST', 'MDAMB361_BREAST', 'MKN45_STOMACH', 'MSTO211H_PLEURA', 'NCIH2110_LUNG', 'NCIH226_LUNG', 'NCIH358_LUNG', 'OVCAR4_OVARY', 'PC3_PROSTATE', 'PECAPJ49_UPPER_AERODIGESTIVE_TRACT', 'RD_SOFT_TISSUE', 'SKMEL2_SKIN', 'SKMEL30_SKIN', 'SNU1079_BILIARY_TRACT', 'SNU1214_UPPER_AERODIGESTIVE_TRACT', 'SNU308_BILIARY_TRACT', 'SNU738_CENTRAL_NERVOUS_SYSTEM', 'SU8686_PANCREAS', 'SW1271_LUNG', 'T47D_BREAST', 'TE14_OESOPHAGUS', 'UACC257_SKIN', 'UMUC1_URINARY_TRACT', 'ZR751_BREAST']",1,0.014540080662170825,mlp,0.0,mse,42
2,X_pca,122,103,103,19,31,"['ACCMESO1_PLEURA', 'COLO792_SKIN', 'DETROIT562_UPPER_AERODIGESTIVE_TRACT', 'EKVX_LUNG', 'GOS3_CENTRAL_NERVOUS_SYSTEM', 'HEP3B217_LIVER', 'HMC18_BREAST', 'HUH28_BILIARY_TRACT', 'IGR37_SKIN', 'KALS1_CENTRAL_NERVOUS_SYSTEM', 'KYSE520_OESOPHAGUS', 'LMSU_STOMACH', 'LNCAPCLONEFGC_PROSTATE', 'MFE319_ENDOMETRIUM', 'NCIH1299_LUNG', 'NCIH1944_LUNG', 'NCIH522_LUNG', 'ONCODG1_OVARY', 'OVSAHO_OVARY', 'OVTOKO_OVARY', 'PATU8988S_PANCREAS', 'SCC25_UPPER_AERODIGESTIVE_TRACT', 'SCC9_UPPER_AERODIGESTIVE_TRACT', 'SKES1_BONE', 'SKNAS_AUTONOMIC_GANGLIA', 'SNU899_UPPER_AERODIGESTIVE_TRACT', 'TE6_OESOPHAGUS', 'TE9_OESOPHAGUS', 'TM31_CENTRAL_NERVOUS_SYSTEM', 'TOV112D_OVARY', 'VMRCRCZ_KIDNEY']",1,0.01678555166603143,mlp,0.0,mse,42
3,X_pca,122,103,103,19,31,"['A375_SKIN', 'BHY_UPPER_AERODIGESTIVE_TRACT', 'BICR31_UPPER_AERODIGESTIVE_TRACT', 'BICR56_UPPER_AERODIGESTIVE_TRACT', 'CALU6_LUNG', 'CAMA1_BREAST', 'COLO741_SKIN', 'EBC1_LUNG', 'FTC133_THYROID', 'HCC56_LARGE_INTESTINE', 'HDQP1_BREAST', 'HEC251_ENDOMETRIUM', 'HS852T_SKIN', 'JHH6_LIVER', 'KPL1_BREAST', 'LS180_LARGE_INTESTINE', 'NCIH1373_LUNG', 'NCIH1435_LUNG', 'NCIH2228_LUNG', 'NCIH2444_LUNG', 'NCIH2452_PLEURA', 'NCIH292_LUNG', 'NCIH446_LUNG', 'NCIH460_LUNG', 'OSRC2_KIDNEY', 'PANC0203_PANCREAS', 'RCM1_LARGE_INTESTINE', 'SNU449_LIVER', 'SQ1_LUNG', 'SW579_THYROID', 'TCCSUP_URINARY_TRACT']",3,0.014653393738991919,mlp,0.0,mse,42
4,X_pca,122,103,103,19,31,"['42MGBA_CENTRAL_NERVOUS_SYSTEM', '8305C_THYROID', 'A204_SOFT_TISSUE', 'ASPC1_PANCREAS', 'BCPAP_THYROID', 'BT474_BREAST', 'CAKI2_KIDNEY', 'COV434_OVARY', 'EFE184_ENDOMETRIUM', 'HEC151_ENDOMETRIUM', 'HOS_BONE', 'HT1197_URINARY_TRACT', 'HUH6_LIVER', 'IALM_LUNG', 'IM95_STOMACH', 'KNS42_CENTRAL_NERVOUS_SYSTEM', 'LI7_LIVER', 'LS1034_LARGE_INTESTINE', 'NCIH1792_LUNG', 'NCIH2126_LUNG', 'NCIH2170_LUNG', 'PK45H_PANCREAS', 'RVH421_SKIN', 'SKMEL5_SKIN', 'SNU423_LIVER', 'SNU46_UPPER_AERODIGESTIVE_TRACT', 'SW1088_CENTRAL_NERVOUS_SYSTEM', 'TE10_OESOPHAGUS', 'TE1_OESOPHAGUS', 'VMCUB1_URINARY_TRACT', 'YD38_UPPER_AERODIGESTIVE_TRACT']",1,0.020439820778135942,mlp,0.0,mse,42
5,X_pca,122,103,103,19,31,"['A2058_SKIN', 'BFTC909_KIDNEY', 'BICR16_UPPER_AERODIGESTIVE_TRACT', 'BICR6_UPPER_AERODIGESTIVE_TRACT', 'CCFSTTG1_CENTRAL_NERVOUS_SYSTEM', 'DKMG_CENTRAL_NERVOUS_SYSTEM', 'EFM192A_BREAST', 'HCC1428_BREAST', 'HCC366_LUNG', 'HCC38_BREAST', 'HT1080_SOFT_TISSUE', 'HUPT3_PANCREAS', 'HUPT4_PANCREAS', 'IGR1_SKIN', 'JHOC5_OVARY', 'KPNSI9S_AUTONOMIC_GANGLIA', 'MKN7_STOMACH', 'NCIH2087_LUNG', 'NCIH650_LUNG', 'NCIH747_LARGE_INTESTINE', 'OAW28_OVARY', 'OUMS23_LARGE_INTESTINE', 'OVK18_OVARY', 'PK59_PANCREAS', 'RCC10RGB_KIDNEY', 'RERFLCAD1_LUNG', 'RERFLCAI_LUNG', 'RT4_URINARY_TRACT', 'SH10TC_STOMACH', 'SNUC4_LARGE_INTESTINE', 'SW1990_PANCREAS']",4,0.022952994566734577,mlp,0.0,mse,42
1,X_pca,124,105,105,19,29,"['BT549_BREAST', 'CAS1_CENTRAL_NERVOUS_SYSTEM', 'HEC6_ENDOMETRIUM', 'HT55_LARGE_INTESTINE', 'KMRC3_KIDNEY', 'MCF7_BREAST', 'MDAMB361_BREAST', 'MKN45_STOMACH', 'MSTO211H_PLEURA', 'NCIH2110_LUNG', 'NCIH226_LUNG', 'NCIH358_LUNG', 'OVCAR4_OVARY', 'PC3_PROSTATE', 'PECAPJ49_UPPER_AERODIGESTIVE_TRACT', 'RD_SOFT_TISSUE', 'SKMEL2_SKIN', 'SKMEL30_SKIN', 'SNU1079_BILIARY_TRACT', 'SNU1214_UPPER_AERODIGESTIVE_TRACT', 'SNU308_BILIARY_TRACT', 'SNU738_CENTRAL_NERVOUS_SYSTEM', 'SU8686_PANCREAS', 'SW1271_LUNG', 'T47D_BREAST', 'TE14_OESOPHAGUS', 'UACC257_SKIN', 'UMUC1_URINARY_TRACT', 'ZR751_BREAST']",1,0.014589081035478351,mlp,0.0,mse,43
2,X_pca,122,103,103,19,31,"['ACCMESO1_PLEURA', 'COLO792_SKIN', 'DETROIT562_UPPER_AERODIGESTIVE_TRACT', 'EKVX_LUNG', 'GOS3_CENTRAL_NERVOUS_SYSTEM', 'HEP3B217_LIVER', 'HMC18_BREAST', 'HUH28_BILIARY_TRACT', 'IGR37_SKIN', 'KALS1_CENTRAL_NERVOUS_SYSTEM', 'KYSE520_OESOPHAGUS', 'LMSU_STOMACH', 'LNCAPCLONEFGC_PROSTATE', 'MFE319_ENDOMETRIUM', 'NCIH1299_LUNG', 'NCIH1944_LUNG', 'NCIH522_LUNG', 'ONCODG1_OVARY', 'OVSAHO_OVARY', 'OVTOKO_OVARY', 'PATU8988S_PANCREAS', 'SCC25_UPPER_AERODIGESTIVE_TRACT', 'SCC9_UPPER_AERODIGESTIVE_TRACT', 'SKES1_BONE', 'SKNAS_AUTONOMIC_GANGLIA', 'SNU899_UPPER_AERODIGESTIVE_TRACT', 'TE6_OESOPHAGUS', 'TE9_OESOPHAGUS', 'TM31_CENTRAL_NERVOUS_SYSTEM', 'TOV112D_OVARY', 'VMRCRCZ_KIDNEY']",1,0.0177564991406441,mlp,0.0,mse,43
3,X_pca,122,103,103,19,31,"['A375_SKIN', 'BHY_UPPER_AERODIGESTIVE_TRACT', 'BICR31_UPPER_AERODIGESTIVE_TRACT', 'BICR56_UPPER_AERODIGESTIVE_TRACT', 'CALU6_LUNG', 'CAMA1_BREAST', 'COLO741_SKIN', 'EBC1_LUNG', 'FTC133_THYROID', 'HCC56_LARGE_INTESTINE', 'HDQP1_BREAST', 'HEC251_ENDOMETRIUM', 'HS852T_SKIN', 'JHH6_LIVER', 'KPL1_BREAST', 'LS180_LARGE_INTESTINE', 'NCIH1373_LUNG', 'NCIH1435_LUNG', 'NCIH2228_LUNG', 'NCIH2444_LUNG', 'NCIH2452_PLEURA', 'NCIH292_LUNG', 'NCIH446_LUNG', 'NCIH460_LUNG', 'OSRC2_KIDNEY', 'PANC0203_PANCREAS', 'RCM1_LARGE_INTESTINE', 'SNU449_LIVER', 'SQ1_LUNG', 'SW579_THYROID', 'TCCSUP_URINARY_TRACT']",2,0.01451555824647239,mlp,0.0,mse,43
4,X_pca,122,103,103,19,31,"['42MGBA_CENTRAL_NERVOUS_SYSTEM', '8305C_THYROID', 'A204_SOFT_TISSUE', 'ASPC1_PANCREAS', 'BCPAP_THYROID', 'BT474_BREAST', 'CAKI2_KIDNEY', 'COV434_OVARY', 'EFE184_ENDOMETRIUM', 'HEC151_ENDOMETRIUM', 'HOS_BONE', 'HT1197_URINARY_TRACT', 'HUH6_LIVER', 'IALM_LUNG', 'IM95_STOMACH', 'KNS42_CENTRAL_NERVOUS_SYSTEM', 'LI7_LIVER', 'LS1034_LARGE_INTESTINE', 'NCIH1792_LUNG', 'NCIH2126_LUNG', 'NCIH2170_LUNG', 'PK45H_PANCREAS', 'RVH421_SKIN', 'SKMEL5_SKIN', 'SNU423_LIVER', 'SNU46_UPPER_AERODIGESTIVE_TRACT', 'SW1088_CENTRAL_NERVOUS_SYSTEM', 'TE10_OESOPHAGUS', 'TE1_OESOPHAGUS', 'VMCUB1_URINARY_TRACT', 'YD38_UPPER_AERODIGESTIVE_TRACT']",1,0.020927623793915166,mlp,0.0,mse,43
5,X_pca,122,103,103,19,31,"['A2058_SKIN', 'BFTC909_KIDNEY', 'BICR16_UPPER_AERODIGESTIVE_TRACT', 'BICR6_UPPER_AERODIGESTIVE_TRACT', 'CCFSTTG1_CENTRAL_NERVOUS_SYSTEM', 'DKMG_CENTRAL_NERVOUS_SYSTEM', 'EFM192A_BREAST', 'HCC1428_BREAST', 'HCC366_LUNG', 'HCC38_BREAST', 'HT1080_SOFT_TISSUE', 'HUPT3_PANCREAS', 'HUPT4_PANCREAS', 'IGR1_SKIN', 'JHOC5_OVARY', 'KPNSI9S_AUTONOMIC_GANGLIA', 'MKN7_STOMACH', 'NCIH2087_LUNG', 'NCIH650_LUNG', 'NCIH747_LARGE_INTESTINE', 'OAW28_OVARY', 'OUMS23_LARGE_INTESTINE', 'OVK18_OVARY', 'PK59_PANCREAS', 'RCC10RGB_KIDNEY', 'RERFLCAD1_LUNG', 'RERFLCAI_LUNG', 'RT4_URINARY_TRACT', 'SH10TC_STOMACH', 'SNUC4_LARGE_INTESTINE', 'SW1990_PANCREAS']",8,0.022899560542201915,mlp,0.0,mse,43
1,X_pca,124,105,105,19,29,"['BT549_BREAST', 'CAS1_CENTRAL_NERVOUS_SYSTEM', 'HEC6_ENDOMETRIUM', 'HT55_LARGE_INTESTINE', 'KMRC3_KIDNEY', 'MCF7_BREAST', 'MDAMB361_BREAST', 'MKN45_STOMACH', 'MSTO211H_PLEURA', 'NCIH2110_LUNG', 'NCIH226_LUNG', 'NCIH358_LUNG', 'OVCAR4_OVARY', 'PC3_PROSTATE', 'PECAPJ49_UPPER_AERODIGESTIVE_TRACT', 'RD_SOFT_TISSUE', 'SKMEL2_SKIN', 'SKMEL30_SKIN', 'SNU1079_BILIARY_TRACT', 'SNU1214_UPPER_AERODIGESTIVE_TRACT', 'SNU308_BILIARY_TRACT', 'SNU738_CENTRAL_NERVOUS_SYSTEM', 'SU8686_PANCREAS', 'SW1271_LUNG', 'T47D_BREAST', 'TE14_OESOPHAGUS', 'UACC257_SKIN', 'UMUC1_URINARY_TRACT', 'ZR751_BREAST']",1,0.014466259653932464,mlp,0.0,mse,44
2,X_pca,122,103,103,19,31,"['ACCMESO1_PLEURA', 'COLO792_SKIN', 'DETROIT562_UPPER_AERODIGESTIVE_TRACT', 'EKVX_LUNG', 'GOS3_CENTRAL_NERVOUS_SYSTEM', 'HEP3B217_LIVER', 'HMC18_BREAST', 'HUH28_BILIARY_TRACT', 'IGR37_SKIN', 'KALS1_CENTRAL_NERVOUS_SYSTEM', 'KYSE520_OESOPHAGUS', 'LMSU_STOMACH', 'LNCAPCLONEFGC_PROSTATE', 'MFE319_ENDOMETRIUM', 'NCIH1299_LUNG', 'NCIH1944_LUNG', 'NCIH522_LUNG', 'ONCODG1_OVARY', 'OVSAHO_OVARY', 'OVTOKO_OVARY', 'PATU8988S_PANCREAS', 'SCC25_UPPER_AERODIGESTIVE_TRACT', 'SCC9_UPPER_AERODIGESTIVE_TRACT', 'SKES1_BONE', 'SKNAS_AUTONOMIC_GANGLIA', 'SNU899_UPPER_AERODIGESTIVE_TRACT', 'TE6_OESOPHAGUS', 'TE9_OESOPHAGUS', 'TM31_CENTRAL_NERVOUS_SYSTEM', 'TOV112D_OVARY', 'VMRCRCZ_KIDNEY']",1,0.01776480435088845,mlp,0.0,mse,44
3,X_pca,122,103,103,19,31,"['A375_SKIN', 'BHY_UPPER_AERODIGESTIVE_TRACT', 'BICR31_UPPER_AERODIGESTIVE_TRACT', 'BICR56_UPPER_AERODIGESTIVE_TRACT', 'CALU6_LUNG', 'CAMA1_BREAST', 'COLO741_SKIN', 'EBC1_LUNG', 'FTC133_THYROID', 'HCC56_LARGE_INTESTINE', 'HDQP1_BREAST', 'HEC251_ENDOMETRIUM', 'HS852T_SKIN', 'JHH6_LIVER', 'KPL1_BREAST', 'LS180_LARGE_INTESTINE', 'NCIH1373_LUNG', 'NCIH1435_LUNG', 'NCIH2228_LUNG', 'NCIH2444_LUNG', 'NCIH2452_PLEURA', 'NCIH292_LUNG', 'NCIH446_LUNG', 'NCIH460_LUNG', 'OSRC2_KIDNEY', 'PANC0203_PANCREAS', 'RCM1_LARGE_INTESTINE', 'SNU449_LIVER', 'SQ1_LUNG', 'SW579_THYROID', 'TCCSUP_URINARY_TRACT']",10,0.014574029236658742,mlp,0.0,mse,44
4,X_pca,122,103,103,19,31,"['42MGBA_CENTRAL_NERVOUS_SYSTEM', '8305C_THYROID', 'A204_SOFT_TISSUE', 'ASPC1_PANCREAS', 'BCPAP_THYROID', 'BT474_BREAST', 'CAKI2_KIDNEY', 'COV434_OVARY', 'EFE184_ENDOMETRIUM', 'HEC151_ENDOMETRIUM', 'HOS_BONE', 'HT1197_URINARY_TRACT', 'HUH6_LIVER', 'IALM_LUNG', 'IM95_STOMACH', 'KNS42_CENTRAL_NERVOUS_SYSTEM', 'LI7_LIVER', 'LS1034_LARGE_INTESTINE', 'NCIH1792_LUNG', 'NCIH2126_LUNG', 'NCIH2170_LUNG', 'PK45H_PANCREAS', 'RVH421_SKIN', 'SKMEL5_SKIN', 'SNU423_LIVER', 'SNU46_UPPER_AERODIGESTIVE_TRACT', 'SW1088_CENTRAL_NERVOUS_SYSTEM', 'TE10_OESOPHAGUS', 'TE1_OESOPHAGUS', 'VMCUB1_URINARY_TRACT', 'YD38_UPPER_AERODIGESTIVE_TRACT']",4,0.02088559525305592,mlp,0.0,mse,44
5,X_pca,122,103,103,19,31,"['A2058_SKIN', 'BFTC909_KIDNEY', 'BICR16_UPPER_AERODIGESTIVE_TRACT', 'BICR6_UPPER_AERODIGESTIVE_TRACT', 'CCFSTTG1_CENTRAL_NERVOUS_SYSTEM', 'DKMG_CENTRAL_NERVOUS_SYSTEM', 'EFM192A_BREAST', 'HCC1428_BREAST', 'HCC366_LUNG', 'HCC38_BREAST', 'HT1080_SOFT_TISSUE', 'HUPT3_PANCREAS', 'HUPT4_PANCREAS', 'IGR1_SKIN', 'JHOC5_OVARY', 'KPNSI9S_AUTONOMIC_GANGLIA', 'MKN7_STOMACH', 'NCIH2087_LUNG', 'NCIH650_LUNG', 'NCIH747_LARGE_INTESTINE', 'OAW28_OVARY', 'OUMS23_LARGE_INTESTINE', 'OVK18_OVARY', 'PK59_PANCREAS', 'RCC10RGB_KIDNEY', 'RERFLCAD1_LUNG', 'RERFLCAI_LUNG', 'RT4_URINARY_TRACT', 'SH10TC_STOMACH', 'SNUC4_LARGE_INTESTINE', 'SW1990_PANCREAS']",5,0.022239858750246037,mlp,0.0,mse,44
1,X_pca,124,105,105,19,29,"['BT549_BREAST', 'CAS1_CENTRAL_NERVOUS_SYSTEM', 'HEC6_ENDOMETRIUM', 'HT55_LARGE_INTESTINE', 'KMRC3_KIDNEY', 'MCF7_BREAST', 'MDAMB361_BREAST', 'MKN45_STOMACH', 'MSTO211H_PLEURA', 'NCIH2110_LUNG', 'NCIH226_LUNG', 'NCIH358_LUNG', 'OVCAR4_OVARY', 'PC3_PROSTATE', 'PECAPJ49_UPPER_AERODIGESTIVE_TRACT', 'RD_SOFT_TISSUE', 'SKMEL2_SKIN', 'SKMEL30_SKIN', 'SNU1079_BILIARY_TRACT', 'SNU1214_UPPER_AERODIGESTIVE_TRACT', 'SNU308_BILIARY_TRACT', 'SNU738_CENTRAL_NERVOUS_SYSTEM', 'SU8686_PANCREAS', 'SW1271_LUNG', 'T47D_BREAST', 'TE14_OESOPHAGUS', 'UACC257_SKIN', 'UMUC1_URINARY_TRACT', 'ZR751_BREAST']",1,0.08703718753025329,mlp,0.0,mae,42
2,X_pca,122,103,103,19,31,"['ACCMESO1_PLEURA', 'COLO792_SKIN', 'DETROIT562_UPPER_AERODIGESTIVE_TRACT', 'EKVX_LUNG', 'GOS3_CENTRAL_NERVOUS_SYSTEM', 'HEP3B217_LIVER', 'HMC18_BREAST', 'HUH28_BILIARY_TRACT', 'IGR37_SKIN', 'KALS1_CENTRAL_NERVOUS_SYSTEM', 'KYSE520_OESOPHAGUS', 'LMSU_STOMACH', 'LNCAPCLONEFGC_PROSTATE', 'MFE319_ENDOMETRIUM', 'NCIH1299_LUNG', 'NCIH1944_LUNG', 'NCIH522_LUNG', 'ONCODG1_OVARY', 'OVSAHO_OVARY', 'OVTOKO_OVARY', 'PATU8988S_PANCREAS', 'SCC25_UPPER_AERODIGESTIVE_TRACT', 'SCC9_UPPER_AERODIGESTIVE_TRACT', 'SKES1_BONE', 'SKNAS_AUTONOMIC_GANGLIA', 'SNU899_UPPER_AERODIGESTIVE_TRACT', 'TE6_OESOPHAGUS', 'TE9_OESOPHAGUS', 'TM31_CENTRAL_NERVOUS_SYSTEM', 'TOV112D_OVARY', 'VMRCRCZ_KIDNEY']",1,0.09483923903806817,mlp,0.0,mae,42
3,X_pca,122,103,103,19,31,"['A375_SKIN', 'BHY_UPPER_AERODIGESTIVE_TRACT', 'BICR31_UPPER_AERODIGESTIVE_TRACT', 'BICR56_UPPER_AERODIGESTIVE_TRACT', 'CALU6_LUNG', 'CAMA1_BREAST', 'COLO741_SKIN', 'EBC1_LUNG', 'FTC133_THYROID', 'HCC56_LARGE_INTESTINE', 'HDQP1_BREAST', 'HEC251_ENDOMETRIUM', 'HS852T_SKIN', 'JHH6_LIVER', 'KPL1_BREAST', 'LS180_LARGE_INTESTINE', 'NCIH1373_LUNG', 'NCIH1435_LUNG', 'NCIH2228_LUNG', 'NCIH2444_LUNG', 'NCIH2452_PLEURA', 'NCIH292_LUNG', 'NCIH446_LUNG', 'NCIH460_LUNG', 'OSRC2_KIDNEY', 'PANC0203_PANCREAS', 'RCM1_LARGE_INTESTINE', 'SNU449_LIVER', 'SQ1_LUNG', 'SW579_THYROID', 'TCCSUP_URINARY_TRACT']",3,0.08691767011070015,mlp,0.0,mae,42
4,X_pca,122,103,103,19,31,"['42MGBA_CENTRAL_NERVOUS_SYSTEM', '8305C_THYROID', 'A204_SOFT_TISSUE', 'ASPC1_PANCREAS', 'BCPAP_THYROID', 'BT474_BREAST', 'CAKI2_KIDNEY', 'COV434_OVARY', 'EFE184_ENDOMETRIUM', 'HEC151_ENDOMETRIUM', 'HOS_BONE', 'HT1197_URINARY_TRACT', 'HUH6_LIVER', 'IALM_LUNG', 'IM95_STOMACH', 'KNS42_CENTRAL_NERVOUS_SYSTEM', 'LI7_LIVER', 'LS1034_LARGE_INTESTINE', 'NCIH1792_LUNG', 'NCIH2126_LUNG', 'NCIH2170_LUNG', 'PK45H_PANCREAS', 'RVH421_SKIN', 'SKMEL5_SKIN', 'SNU423_LIVER', 'SNU46_UPPER_AERODIGESTIVE_TRACT', 'SW1088_CENTRAL_NERVOUS_SYSTEM', 'TE10_OESOPHAGUS', 'TE1_OESOPHAGUS', 'VMCUB1_URINARY_TRACT', 'YD38_UPPER_AERODIGESTIVE_TRACT']",1,0.10102996346155504,mlp,0.0,mae,42
5,X_pca,122,103,103,19,31,"['A2058_SKIN', 'BFTC909_KIDNEY', 'BICR16_UPPER_AERODIGESTIVE_TRACT', 'BICR6_UPPER_AERODIGESTIVE_TRACT', 'CCFSTTG1_CENTRAL_NERVOUS_SYSTEM', 'DKMG_CENTRAL_NERVOUS_SYSTEM', 'EFM192A_BREAST', 'HCC1428_BREAST', 'HCC366_LUNG', 'HCC38_BREAST', 'HT1080_SOFT_TISSUE', 'HUPT3_PANCREAS', 'HUPT4_PANCREAS', 'IGR1_SKIN', 'JHOC5_OVARY', 'KPNSI9S_AUTONOMIC_GANGLIA', 'MKN7_STOMACH', 'NCIH2087_LUNG', 'NCIH650_LUNG', 'NCIH747_LARGE_INTESTINE', 'OAW28_OVARY', 'OUMS23_LARGE_INTESTINE', 'OVK18_OVARY', 'PK59_PANCREAS', 'RCC10RGB_KIDNEY', 'RERFLCAD1_LUNG', 'RERFLCAI_LUNG', 'RT4_URINARY_TRACT', 'SH10TC_STOMACH', 'SNUC4_LARGE_INTESTINE', 'SW1990_PANCREAS']",5,0.10512335185353053,mlp,0.0,mae,42
1,X_pca,124,105,105,19,29,"['BT549_BREAST', 'CAS1_CENTRAL_NERVOUS_SYSTEM', 'HEC6_ENDOMETRIUM', 'HT55_LARGE_INTESTINE', 'KMRC3_KIDNEY', 'MCF7_BREAST', 'MDAMB361_BREAST', 'MKN45_STOMACH', 'MSTO211H_PLEURA', 'NCIH2110_LUNG', 'NCIH226_LUNG', 'NCIH358_LUNG', 'OVCAR4_OVARY', 'PC3_PROSTATE', 'PECAPJ49_UPPER_AERODIGESTIVE_TRACT', 'RD_SOFT_TISSUE', 'SKMEL2_SKIN', 'SKMEL30_SKIN', 'SNU1079_BILIARY_TRACT', 'SNU1214_UPPER_AERODIGESTIVE_TRACT', 'SNU308_BILIARY_TRACT', 'SNU738_CENTRAL_NERVOUS_SYSTEM', 'SU8686_PANCREAS', 'SW1271_LUNG', 'T47D_BREAST', 'TE14_OESOPHAGUS', 'UACC257_SKIN', 'UMUC1_URINARY_TRACT', 'ZR751_BREAST']",2,0.08894352544753266,mlp,0.0,mae,43
2,X_pca,122,103,103,19,31,"['ACCMESO1_PLEURA', 'COLO792_SKIN', 'DETROIT562_UPPER_AERODIGESTIVE_TRACT', 'EKVX_LUNG', 'GOS3_CENTRAL_NERVOUS_SYSTEM', 'HEP3B217_LIVER', 'HMC18_BREAST', 'HUH28_BILIARY_TRACT', 'IGR37_SKIN', 'KALS1_CENTRAL_NERVOUS_SYSTEM', 'KYSE520_OESOPHAGUS', 'LMSU_STOMACH', 'LNCAPCLONEFGC_PROSTATE', 'MFE319_ENDOMETRIUM', 'NCIH1299_LUNG', 'NCIH1944_LUNG', 'NCIH522_LUNG', 'ONCODG1_OVARY', 'OVSAHO_OVARY', 'OVTOKO_OVARY', 'PATU8988S_PANCREAS', 'SCC25_UPPER_AERODIGESTIVE_TRACT', 'SCC9_UPPER_AERODIGESTIVE_TRACT', 'SKES1_BONE', 'SKNAS_AUTONOMIC_GANGLIA', 'SNU899_UPPER_AERODIGESTIVE_TRACT', 'TE6_OESOPHAGUS', 'TE9_OESOPHAGUS', 'TM31_CENTRAL_NERVOUS_SYSTEM', 'TOV112D_OVARY', 'VMRCRCZ_KIDNEY']",2,0.09540784668035376,mlp,0.0,mae,43
3,X_pca,122,103,103,19,31,"['A375_SKIN', 'BHY_UPPER_AERODIGESTIVE_TRACT', 'BICR31_UPPER_AERODIGESTIVE_TRACT', 'BICR56_UPPER_AERODIGESTIVE_TRACT', 'CALU6_LUNG', 'CAMA1_BREAST', 'COLO741_SKIN', 'EBC1_LUNG', 'FTC133_THYROID', 'HCC56_LARGE_INTESTINE', 'HDQP1_BREAST', 'HEC251_ENDOMETRIUM', 'HS852T_SKIN', 'JHH6_LIVER', 'KPL1_BREAST', 'LS180_LARGE_INTESTINE', 'NCIH1373_LUNG', 'NCIH1435_LUNG', 'NCIH2228_LUNG', 'NCIH2444_LUNG', 'NCIH2452_PLEURA', 'NCIH292_LUNG', 'NCIH446_LUNG', 'NCIH460_LUNG', 'OSRC2_KIDNEY', 'PANC0203_PANCREAS', 'RCM1_LARGE_INTESTINE', 'SNU449_LIVER', 'SQ1_LUNG', 'SW579_THYROID', 'TCCSUP_URINARY_TRACT']",2,0.08592752047478784,mlp,0.0,mae,43
4,X_pca,122,103,103,19,31,"['42MGBA_CENTRAL_NERVOUS_SYSTEM', '8305C_THYROID', 'A204_SOFT_TISSUE', 'ASPC1_PANCREAS', 'BCPAP_THYROID', 'BT474_BREAST', 'CAKI2_KIDNEY', 'COV434_OVARY', 'EFE184_ENDOMETRIUM', 'HEC151_ENDOMETRIUM', 'HOS_BONE', 'HT1197_URINARY_TRACT', 'HUH6_LIVER', 'IALM_LUNG', 'IM95_STOMACH', 'KNS42_CENTRAL_NERVOUS_SYSTEM', 'LI7_LIVER', 'LS1034_LARGE_INTESTINE', 'NCIH1792_LUNG', 'NCIH2126_LUNG', 'NCIH2170_LUNG', 'PK45H_PANCREAS', 'RVH421_SKIN', 'SKMEL5_SKIN', 'SNU423_LIVER', 'SNU46_UPPER_AERODIGESTIVE_TRACT', 'SW1088_CENTRAL_NERVOUS_SYSTEM', 'TE10_OESOPHAGUS', 'TE1_OESOPHAGUS', 'VMCUB1_URINARY_TRACT', 'YD38_UPPER_AERODIGESTIVE_TRACT']",3,0.10212490344363229,mlp,0.0,mae,43
5,X_pca,122,103,103,19,31,"['A2058_SKIN', 'BFTC909_KIDNEY', 'BICR16_UPPER_AERODIGESTIVE_TRACT', 'BICR6_UPPER_AERODIGESTIVE_TRACT', 'CCFSTTG1_CENTRAL_NERVOUS_SYSTEM', 'DKMG_CENTRAL_NERVOUS_SYSTEM', 'EFM192A_BREAST', 'HCC1428_BREAST', 'HCC366_LUNG', 'HCC38_BREAST', 'HT1080_SOFT_TISSUE', 'HUPT3_PANCREAS', 'HUPT4_PANCREAS', 'IGR1_SKIN', 'JHOC5_OVARY', 'KPNSI9S_AUTONOMIC_GANGLIA', 'MKN7_STOMACH', 'NCIH2087_LUNG', 'NCIH650_LUNG', 'NCIH747_LARGE_INTESTINE', 'OAW28_OVARY', 'OUMS23_LARGE_INTESTINE', 'OVK18_OVARY', 'PK59_PANCREAS', 'RCC10RGB_KIDNEY', 'RERFLCAD1_LUNG', 'RERFLCAI_LUNG', 'RT4_URINARY_TRACT', 'SH10TC_STOMACH', 'SNUC4_LARGE_INTESTINE', 'SW1990_PANCREAS']",2,0.10468612355658738,mlp,0.0,mae,43
1,X_pca,124,105,105,19,29,"['BT549_BREAST', 'CAS1_CENTRAL_NERVOUS_SYSTEM', 'HEC6_ENDOMETRIUM', 'HT55_LARGE_INTESTINE', 'KMRC3_KIDNEY', 'MCF7_BREAST', 'MDAMB361_BREAST', 'MKN45_STOMACH', 'MSTO211H_PLEURA', 'NCIH2110_LUNG', 'NCIH226_LUNG', 'NCIH358_LUNG', 'OVCAR4_OVARY', 'PC3_PROSTATE', 'PECAPJ49_UPPER_AERODIGESTIVE_TRACT', 'RD_SOFT_TISSUE', 'SKMEL2_SKIN', 'SKMEL30_SKIN', 'SNU1079_BILIARY_TRACT', 'SNU1214_UPPER_AERODIGESTIVE_TRACT', 'SNU308_BILIARY_TRACT', 'SNU738_CENTRAL_NERVOUS_SYSTEM', 'SU8686_PANCREAS', 'SW1271_LUNG', 'T47D_BREAST', 'TE14_OESOPHAGUS', 'UACC257_SKIN', 'UMUC1_URINARY_TRACT', 'ZR751_BREAST']",1,0.08715303342645947,mlp,0.0,mae,44
2,X_pca,122,103,103,19,31,"['ACCMESO1_PLEURA', 'COLO792_SKIN', 'DETROIT562_UPPER_AERODIGESTIVE_TRACT', 'EKVX_LUNG', 'GOS3_CENTRAL_NERVOUS_SYSTEM', 'HEP3B217_LIVER', 'HMC18_BREAST', 'HUH28_BILIARY_TRACT', 'IGR37_SKIN', 'KALS1_CENTRAL_NERVOUS_SYSTEM', 'KYSE520_OESOPHAGUS', 'LMSU_STOMACH', 'LNCAPCLONEFGC_PROSTATE', 'MFE319_ENDOMETRIUM', 'NCIH1299_LUNG', 'NCIH1944_LUNG', 'NCIH522_LUNG', 'ONCODG1_OVARY', 'OVSAHO_OVARY', 'OVTOKO_OVARY', 'PATU8988S_PANCREAS', 'SCC25_UPPER_AERODIGESTIVE_TRACT', 'SCC9_UPPER_AERODIGESTIVE_TRACT', 'SKES1_BONE', 'SKNAS_AUTONOMIC_GANGLIA', 'SNU899_UPPER_AERODIGESTIVE_TRACT', 'TE6_OESOPHAGUS', 'TE9_OESOPHAGUS', 'TM31_CENTRAL_NERVOUS_SYSTEM', 'TOV112D_OVARY', 'VMRCRCZ_KIDNEY']",2,0.09802677029963892,mlp,0.0,mae,44
3,X_pca,122,103,103,19,31,"['A375_SKIN', 'BHY_UPPER_AERODIGESTIVE_TRACT', 'BICR31_UPPER_AERODIGESTIVE_TRACT', 'BICR56_UPPER_AERODIGESTIVE_TRACT', 'CALU6_LUNG', 'CAMA1_BREAST', 'COLO741_SKIN', 'EBC1_LUNG', 'FTC133_THYROID', 'HCC56_LARGE_INTESTINE', 'HDQP1_BREAST', 'HEC251_ENDOMETRIUM', 'HS852T_SKIN', 'JHH6_LIVER', 'KPL1_BREAST', 'LS180_LARGE_INTESTINE', 'NCIH1373_LUNG', 'NCIH1435_LUNG', 'NCIH2228_LUNG', 'NCIH2444_LUNG', 'NCIH2452_PLEURA', 'NCIH292_LUNG', 'NCIH446_LUNG', 'NCIH460_LUNG', 'OSRC2_KIDNEY', 'PANC0203_PANCREAS', 'RCM1_LARGE_INTESTINE', 'SNU449_LIVER', 'SQ1_LUNG', 'SW579_THYROID', 'TCCSUP_URINARY_TRACT']",2,0.08692158685518588,mlp,0.0,mae,44
4,X_pca,122,103,103,19,31,"['42MGBA_CENTRAL_NERVOUS_SYSTEM', '8305C_THYROID', 'A204_SOFT_TISSUE', 'ASPC1_PANCREAS', 'BCPAP_THYROID', 'BT474_BREAST', 'CAKI2_KIDNEY', 'COV434_OVARY', 'EFE184_ENDOMETRIUM', 'HEC151_ENDOMETRIUM', 'HOS_BONE', 'HT1197_URINARY_TRACT', 'HUH6_LIVER', 'IALM_LUNG', 'IM95_STOMACH', 'KNS42_CENTRAL_NERVOUS_SYSTEM', 'LI7_LIVER', 'LS1034_LARGE_INTESTINE', 'NCIH1792_LUNG', 'NCIH2126_LUNG', 'NCIH2170_LUNG', 'PK45H_PANCREAS', 'RVH421_SKIN', 'SKMEL5_SKIN', 'SNU423_LIVER', 'SNU46_UPPER_AERODIGESTIVE_TRACT', 'SW1088_CENTRAL_NERVOUS_SYSTEM', 'TE10_OESOPHAGUS', 'TE1_OESOPHAGUS', 'VMCUB1_URINARY_TRACT', 'YD38_UPPER_AERODIGESTIVE_TRACT']",1,0.1004231817879714,mlp,0.0,mae,44
5,X_pca,122,103,103,19,31,"['A2058_SKIN', 'BFTC909_KIDNEY', 'BICR16_UPPER_AERODIGESTIVE_TRACT', 'BICR6_UPPER_AERODIGESTIVE_TRACT', 'CCFSTTG1_CENTRAL_NERVOUS_SYSTEM', 'DKMG_CENTRAL_NERVOUS_SYSTEM', 'EFM192A_BREAST', 'HCC1428_BREAST', 'HCC366_LUNG', 'HCC38_BREAST', 'HT1080_SOFT_TISSUE', 'HUPT3_PANCREAS', 'HUPT4_PANCREAS', 'IGR1_SKIN', 'JHOC5_OVARY', 'KPNSI9S_AUTONOMIC_GANGLIA', 'MKN7_STOMACH', 'NCIH2087_LUNG', 'NCIH650_LUNG', 'NCIH747_LARGE_INTESTINE', 'OAW28_OVARY', 'OUMS23_LARGE_INTESTINE', 'OVK18_OVARY', 'PK59_PANCREAS', 'RCC10RGB_KIDNEY', 'RERFLCAD1_LUNG', 'RERFLCAI_LUNG', 'RT4_URINARY_TRACT', 'SH10TC_STOMACH', 'SNUC4_LARGE_INTESTINE', 'SW1990_PANCREAS']",3,0.10655823969941453,mlp,0.0,mae,44
1,X_pca,124,105,105,19,29,"['BT549_BREAST', 'CAS1_CENTRAL_NERVOUS_SYSTEM', 'HEC6_ENDOMETRIUM', 'HT55_LARGE_INTESTINE', 'KMRC3_KIDNEY', 'MCF7_BREAST', 'MDAMB361_BREAST', 'MKN45_STOMACH', 'MSTO211H_PLEURA', 'NCIH2110_LUNG', 'NCIH226_LUNG', 'NCIH358_LUNG', 'OVCAR4_OVARY', 'PC3_PROSTATE', 'PECAPJ49_UPPER_AERODIGESTIVE_TRACT', 'RD_SOFT_TISSUE', 'SKMEL2_SKIN', 'SKMEL30_SKIN', 'SNU1079_BILIARY_TRACT', 'SNU1214_UPPER_AERODIGESTIVE_TRACT', 'SNU308_BILIARY_TRACT', 'SNU738_CENTRAL_NERVOUS_SYSTEM', 'SU8686_PANCREAS', 'SW1271_LUNG', 'T47D_BREAST', 'TE14_OESOPHAGUS', 'UACC257_SKIN', 'UMUC1_URINARY_TRACT', 'ZR751_BREAST']",2,0.019587215618822866,mlp,0.5,mse,42
2,X_pca,122,103,103,19,31,"['ACCMESO1_PLEURA', 'COLO792_SKIN', 'DETROIT562_UPPER_AERODIGESTIVE_TRACT', 'EKVX_LUNG', 'GOS3_CENTRAL_NERVOUS_SYSTEM', 'HEP3B217_LIVER', 'HMC18_BREAST', 'HUH28_BILIARY_TRACT', 'IGR37_SKIN', 'KALS1_CENTRAL_NERVOUS_SYSTEM', 'KYSE520_OESOPHAGUS', 'LMSU_STOMACH', 'LNCAPCLONEFGC_PROSTATE', 'MFE319_ENDOMETRIUM', 'NCIH1299_LUNG', 'NCIH1944_LUNG', 'NCIH522_LUNG', 'ONCODG1_OVARY', 'OVSAHO_OVARY', 'OVTOKO_OVARY', 'PATU8988S_PANCREAS', 'SCC25_UPPER_AERODIGESTIVE_TRACT', 'SCC9_UPPER_AERODIGESTIVE_TRACT', 'SKES1_BONE', 'SKNAS_AUTONOMIC_GANGLIA', 'SNU899_UPPER_AERODIGESTIVE_TRACT', 'TE6_OESOPHAGUS', 'TE9_OESOPHAGUS', 'TM31_CENTRAL_NERVOUS_SYSTEM', 'TOV112D_OVARY', 'VMRCRCZ_KIDNEY']",1,0.026448658699091566,mlp,0.5,mse,42
3,X_pca,122,103,103,19,31,"['A375_SKIN', 'BHY_UPPER_AERODIGESTIVE_TRACT', 'BICR31_UPPER_AERODIGESTIVE_TRACT', 'BICR56_UPPER_AERODIGESTIVE_TRACT', 'CALU6_LUNG', 'CAMA1_BREAST', 'COLO741_SKIN', 'EBC1_LUNG', 'FTC133_THYROID', 'HCC56_LARGE_INTESTINE', 'HDQP1_BREAST', 'HEC251_ENDOMETRIUM', 'HS852T_SKIN', 'JHH6_LIVER', 'KPL1_BREAST', 'LS180_LARGE_INTESTINE', 'NCIH1373_LUNG', 'NCIH1435_LUNG', 'NCIH2228_LUNG', 'NCIH2444_LUNG', 'NCIH2452_PLEURA', 'NCIH292_LUNG', 'NCIH446_LUNG', 'NCIH460_LUNG', 'OSRC2_KIDNEY', 'PANC0203_PANCREAS', 'RCM1_LARGE_INTESTINE', 'SNU449_LIVER', 'SQ1_LUNG', 'SW579_THYROID', 'TCCSUP_URINARY_TRACT']",3,0.021469468380474154,mlp,0.5,mse,42
4,X_pca,122,103,103,19,31,"['42MGBA_CENTRAL_NERVOUS_SYSTEM', '8305C_THYROID', 'A204_SOFT_TISSUE', 'ASPC1_PANCREAS', 'BCPAP_THYROID', 'BT474_BREAST', 'CAKI2_KIDNEY', 'COV434_OVARY', 'EFE184_ENDOMETRIUM', 'HEC151_ENDOMETRIUM', 'HOS_BONE', 'HT1197_URINARY_TRACT', 'HUH6_LIVER', 'IALM_LUNG', 'IM95_STOMACH', 'KNS42_CENTRAL_NERVOUS_SYSTEM', 'LI7_LIVER', 'LS1034_LARGE_INTESTINE', 'NCIH1792_LUNG', 'NCIH2126_LUNG', 'NCIH2170_LUNG', 'PK45H_PANCREAS', 'RVH421_SKIN', 'SKMEL5_SKIN', 'SNU423_LIVER', 'SNU46_UPPER_AERODIGESTIVE_TRACT', 'SW1088_CENTRAL_NERVOUS_SYSTEM', 'TE10_OESOPHAGUS', 'TE1_OESOPHAGUS', 'VMCUB1_URINARY_TRACT', 'YD38_UPPER_AERODIGESTIVE_TRACT']",2,0.03350451626182154,mlp,0.5,mse,42
5,X_pca,122,103,103,19,31,"['A2058_SKIN', 'BFTC909_KIDNEY', 'BICR16_UPPER_AERODIGESTIVE_TRACT', 'BICR6_UPPER_AERODIGESTIVE_TRACT', 'CCFSTTG1_CENTRAL_NERVOUS_SYSTEM', 'DKMG_CENTRAL_NERVOUS_SYSTEM', 'EFM192A_BREAST', 'HCC1428_BREAST', 'HCC366_LUNG', 'HCC38_BREAST', 'HT1080_SOFT_TISSUE', 'HUPT3_PANCREAS', 'HUPT4_PANCREAS', 'IGR1_SKIN', 'JHOC5_OVARY', 'KPNSI9S_AUTONOMIC_GANGLIA', 'MKN7_STOMACH', 'NCIH2087_LUNG', 'NCIH650_LUNG', 'NCIH747_LARGE_INTESTINE', 'OAW28_OVARY', 'OUMS23_LARGE_INTESTINE', 'OVK18_OVARY', 'PK59_PANCREAS', 'RCC10RGB_KIDNEY', 'RERFLCAD1_LUNG', 'RERFLCAI_LUNG', 'RT4_URINARY_TRACT', 'SH10TC_STOMACH', 'SNUC4_LARGE_INTESTINE', 'SW1990_PANCREAS']",4,0.04153146906826186,mlp,0.5,mse,42
1,X_pca,124,105,105,19,29,"['BT549_BREAST', 'CAS1_CENTRAL_NERVOUS_SYSTEM', 'HEC6_ENDOMETRIUM', 'HT55_LARGE_INTESTINE', 'KMRC3_KIDNEY', 'MCF7_BREAST', 'MDAMB361_BREAST', 'MKN45_STOMACH', 'MSTO211H_PLEURA', 'NCIH2110_LUNG', 'NCIH226_LUNG', 'NCIH358_LUNG', 'OVCAR4_OVARY', 'PC3_PROSTATE', 'PECAPJ49_UPPER_AERODIGESTIVE_TRACT', 'RD_SOFT_TISSUE', 'SKMEL2_SKIN', 'SKMEL30_SKIN', 'SNU1079_BILIARY_TRACT', 'SNU1214_UPPER_AERODIGESTIVE_TRACT', 'SNU308_BILIARY_TRACT', 'SNU738_CENTRAL_NERVOUS_SYSTEM', 'SU8686_PANCREAS', 'SW1271_LUNG', 'T47D_BREAST', 'TE14_OESOPHAGUS', 'UACC257_SKIN', 'UMUC1_URINARY_TRACT', 'ZR751_BREAST']",1,0.019568446094643956,mlp,0.5,mse,43
2,X_pca,122,103,103,19,31,"['ACCMESO1_PLEURA', 'COLO792_SKIN', 'DETROIT562_UPPER_AERODIGESTIVE_TRACT', 'EKVX_LUNG', 'GOS3_CENTRAL_NERVOUS_SYSTEM', 'HEP3B217_LIVER', 'HMC18_BREAST', 'HUH28_BILIARY_TRACT', 'IGR37_SKIN', 'KALS1_CENTRAL_NERVOUS_SYSTEM', 'KYSE520_OESOPHAGUS', 'LMSU_STOMACH', 'LNCAPCLONEFGC_PROSTATE', 'MFE319_ENDOMETRIUM', 'NCIH1299_LUNG', 'NCIH1944_LUNG', 'NCIH522_LUNG', 'ONCODG1_OVARY', 'OVSAHO_OVARY', 'OVTOKO_OVARY', 'PATU8988S_PANCREAS', 'SCC25_UPPER_AERODIGESTIVE_TRACT', 'SCC9_UPPER_AERODIGESTIVE_TRACT', 'SKES1_BONE', 'SKNAS_AUTONOMIC_GANGLIA', 'SNU899_UPPER_AERODIGESTIVE_TRACT', 'TE6_OESOPHAGUS', 'TE9_OESOPHAGUS', 'TM31_CENTRAL_NERVOUS_SYSTEM', 'TOV112D_OVARY', 'VMRCRCZ_KIDNEY']",2,0.02584879790130775,mlp,0.5,mse,43
3,X_pca,122,103,103,19,31,"['A375_SKIN', 'BHY_UPPER_AERODIGESTIVE_TRACT', 'BICR31_UPPER_AERODIGESTIVE_TRACT', 'BICR56_UPPER_AERODIGESTIVE_TRACT', 'CALU6_LUNG', 'CAMA1_BREAST', 'COLO741_SKIN', 'EBC1_LUNG', 'FTC133_THYROID', 'HCC56_LARGE_INTESTINE', 'HDQP1_BREAST', 'HEC251_ENDOMETRIUM', 'HS852T_SKIN', 'JHH6_LIVER', 'KPL1_BREAST', 'LS180_LARGE_INTESTINE', 'NCIH1373_LUNG', 'NCIH1435_LUNG', 'NCIH2228_LUNG', 'NCIH2444_LUNG', 'NCIH2452_PLEURA', 'NCIH292_LUNG', 'NCIH446_LUNG', 'NCIH460_LUNG', 'OSRC2_KIDNEY', 'PANC0203_PANCREAS', 'RCM1_LARGE_INTESTINE', 'SNU449_LIVER', 'SQ1_LUNG', 'SW579_THYROID', 'TCCSUP_URINARY_TRACT']",4,0.021910303681334585,mlp,0.5,mse,43
4,X_pca,122,103,103,19,31,"['42MGBA_CENTRAL_NERVOUS_SYSTEM', '8305C_THYROID', 'A204_SOFT_TISSUE', 'ASPC1_PANCREAS', 'BCPAP_THYROID', 'BT474_BREAST', 'CAKI2_KIDNEY', 'COV434_OVARY', 'EFE184_ENDOMETRIUM', 'HEC151_ENDOMETRIUM', 'HOS_BONE', 'HT1197_URINARY_TRACT', 'HUH6_LIVER', 'IALM_LUNG', 'IM95_STOMACH', 'KNS42_CENTRAL_NERVOUS_SYSTEM', 'LI7_LIVER', 'LS1034_LARGE_INTESTINE', 'NCIH1792_LUNG', 'NCIH2126_LUNG', 'NCIH2170_LUNG', 'PK45H_PANCREAS', 'RVH421_SKIN', 'SKMEL5_SKIN', 'SNU423_LIVER', 'SNU46_UPPER_AERODIGESTIVE_TRACT', 'SW1088_CENTRAL_NERVOUS_SYSTEM', 'TE10_OESOPHAGUS', 'TE1_OESOPHAGUS', 'VMCUB1_URINARY_TRACT', 'YD38_UPPER_AERODIGESTIVE_TRACT']",6,0.03468804709965453,mlp,0.5,mse,43
5,X_pca,122,103,103,19,31,"['A2058_SKIN', 'BFTC909_KIDNEY', 'BICR16_UPPER_AERODIGESTIVE_TRACT', 'BICR6_UPPER_AERODIGESTIVE_TRACT', 'CCFSTTG1_CENTRAL_NERVOUS_SYSTEM', 'DKMG_CENTRAL_NERVOUS_SYSTEM', 'EFM192A_BREAST', 'HCC1428_BREAST', 'HCC366_LUNG', 'HCC38_BREAST', 'HT1080_SOFT_TISSUE', 'HUPT3_PANCREAS', 'HUPT4_PANCREAS', 'IGR1_SKIN', 'JHOC5_OVARY', 'KPNSI9S_AUTONOMIC_GANGLIA', 'MKN7_STOMACH', 'NCIH2087_LUNG', 'NCIH650_LUNG', 'NCIH747_LARGE_INTESTINE', 'OAW28_OVARY', 'OUMS23_LARGE_INTESTINE', 'OVK18_OVARY', 'PK59_PANCREAS', 'RCC10RGB_KIDNEY', 'RERFLCAD1_LUNG', 'RERFLCAI_LUNG', 'RT4_URINARY_TRACT', 'SH10TC_STOMACH', 'SNUC4_LARGE_INTESTINE', 'SW1990_PANCREAS']",2,0.04180067794132656,mlp,0.5,mse,43
1,X_pca,124,105,105,19,29,"['BT549_BREAST', 'CAS1_CENTRAL_NERVOUS_SYSTEM', 'HEC6_ENDOMETRIUM', 'HT55_LARGE_INTESTINE', 'KMRC3_KIDNEY', 'MCF7_BREAST', 'MDAMB361_BREAST', 'MKN45_STOMACH', 'MSTO211H_PLEURA', 'NCIH2110_LUNG', 'NCIH226_LUNG', 'NCIH358_LUNG', 'OVCAR4_OVARY', 'PC3_PROSTATE', 'PECAPJ49_UPPER_AERODIGESTIVE_TRACT', 'RD_SOFT_TISSUE', 'SKMEL2_SKIN', 'SKMEL30_SKIN', 'SNU1079_BILIARY_TRACT', 'SNU1214_UPPER_AERODIGESTIVE_TRACT', 'SNU308_BILIARY_TRACT', 'SNU738_CENTRAL_NERVOUS_SYSTEM', 'SU8686_PANCREAS', 'SW1271_LUNG', 'T47D_BREAST', 'TE14_OESOPHAGUS', 'UACC257_SKIN', 'UMUC1_URINARY_TRACT', 'ZR751_BREAST']",1,0.01977939517665392,mlp,0.5,mse,44
2,X_pca,122,103,103,19,31,"['ACCMESO1_PLEURA', 'COLO792_SKIN', 'DETROIT562_UPPER_AERODIGESTIVE_TRACT', 'EKVX_LUNG', 'GOS3_CENTRAL_NERVOUS_SYSTEM', 'HEP3B217_LIVER', 'HMC18_BREAST', 'HUH28_BILIARY_TRACT', 'IGR37_SKIN', 'KALS1_CENTRAL_NERVOUS_SYSTEM', 'KYSE520_OESOPHAGUS', 'LMSU_STOMACH', 'LNCAPCLONEFGC_PROSTATE', 'MFE319_ENDOMETRIUM', 'NCIH1299_LUNG', 'NCIH1944_LUNG', 'NCIH522_LUNG', 'ONCODG1_OVARY', 'OVSAHO_OVARY', 'OVTOKO_OVARY', 'PATU8988S_PANCREAS', 'SCC25_UPPER_AERODIGESTIVE_TRACT', 'SCC9_UPPER_AERODIGESTIVE_TRACT', 'SKES1_BONE', 'SKNAS_AUTONOMIC_GANGLIA', 'SNU899_UPPER_AERODIGESTIVE_TRACT', 'TE6_OESOPHAGUS', 'TE9_OESOPHAGUS', 'TM31_CENTRAL_NERVOUS_SYSTEM', 'TOV112D_OVARY', 'VMRCRCZ_KIDNEY']",2,0.026627144072549642,mlp,0.5,mse,44
3,X_pca,122,103,103,19,31,"['A375_SKIN', 'BHY_UPPER_AERODIGESTIVE_TRACT', 'BICR31_UPPER_AERODIGESTIVE_TRACT', 'BICR56_UPPER_AERODIGESTIVE_TRACT', 'CALU6_LUNG', 'CAMA1_BREAST', 'COLO741_SKIN', 'EBC1_LUNG', 'FTC133_THYROID', 'HCC56_LARGE_INTESTINE', 'HDQP1_BREAST', 'HEC251_ENDOMETRIUM', 'HS852T_SKIN', 'JHH6_LIVER', 'KPL1_BREAST', 'LS180_LARGE_INTESTINE', 'NCIH1373_LUNG', 'NCIH1435_LUNG', 'NCIH2228_LUNG', 'NCIH2444_LUNG', 'NCIH2452_PLEURA', 'NCIH292_LUNG', 'NCIH446_LUNG', 'NCIH460_LUNG', 'OSRC2_KIDNEY', 'PANC0203_PANCREAS', 'RCM1_LARGE_INTESTINE', 'SNU449_LIVER', 'SQ1_LUNG', 'SW579_THYROID', 'TCCSUP_URINARY_TRACT']",8,0.023100730186730763,mlp,0.5,mse,44
4,X_pca,122,103,103,19,31,"['42MGBA_CENTRAL_NERVOUS_SYSTEM', '8305C_THYROID', 'A204_SOFT_TISSUE', 'ASPC1_PANCREAS', 'BCPAP_THYROID', 'BT474_BREAST', 'CAKI2_KIDNEY', 'COV434_OVARY', 'EFE184_ENDOMETRIUM', 'HEC151_ENDOMETRIUM', 'HOS_BONE', 'HT1197_URINARY_TRACT', 'HUH6_LIVER', 'IALM_LUNG', 'IM95_STOMACH', 'KNS42_CENTRAL_NERVOUS_SYSTEM', 'LI7_LIVER', 'LS1034_LARGE_INTESTINE', 'NCIH1792_LUNG', 'NCIH2126_LUNG', 'NCIH2170_LUNG', 'PK45H_PANCREAS', 'RVH421_SKIN', 'SKMEL5_SKIN', 'SNU423_LIVER', 'SNU46_UPPER_AERODIGESTIVE_TRACT', 'SW1088_CENTRAL_NERVOUS_SYSTEM', 'TE10_OESOPHAGUS', 'TE1_OESOPHAGUS', 'VMCUB1_URINARY_TRACT', 'YD38_UPPER_AERODIGESTIVE_TRACT']",2,0.03453175789479096,mlp,0.5,mse,44
5,X_pca,122,103,103,19,31,"['A2058_SKIN', 'BFTC909_KIDNEY', 'BICR16_UPPER_AERODIGESTIVE_TRACT', 'BICR6_UPPER_AERODIGESTIVE_TRACT', 'CCFSTTG1_CENTRAL_NERVOUS_SYSTEM', 'DKMG_CENTRAL_NERVOUS_SYSTEM', 'EFM192A_BREAST', 'HCC1428_BREAST', 'HCC366_LUNG', 'HCC38_BREAST', 'HT1080_SOFT_TISSUE', 'HUPT3_PANCREAS', 'HUPT4_PANCREAS', 'IGR1_SKIN', 'JHOC5_OVARY', 'KPNSI9S_AUTONOMIC_GANGLIA', 'MKN7_STOMACH', 'NCIH2087_LUNG', 'NCIH650_LUNG', 'NCIH747_LARGE_INTESTINE', 'OAW28_OVARY', 'OUMS23_LARGE_INTESTINE', 'OVK18_OVARY', 'PK59_PANCREAS', 'RCC10RGB_KIDNEY', 'RERFLCAD1_LUNG', 'RERFLCAI_LUNG', 'RT4_URINARY_TRACT', 'SH10TC_STOMACH', 'SNUC4_LARGE_INTESTINE', 'SW1990_PANCREAS']",2,0.040840972854347485,mlp,0.5,mse,44
1,X_pca,124,105,105,19,29,"['BT549_BREAST', 'CAS1_CENTRAL_NERVOUS_SYSTEM', 'HEC6_ENDOMETRIUM', 'HT55_LARGE_INTESTINE', 'KMRC3_KIDNEY', 'MCF7_BREAST', 'MDAMB361_BREAST', 'MKN45_STOMACH', 'MSTO211H_PLEURA', 'NCIH2110_LUNG', 'NCIH226_LUNG', 'NCIH358_LUNG', 'OVCAR4_OVARY', 'PC3_PROSTATE', 'PECAPJ49_UPPER_AERODIGESTIVE_TRACT', 'RD_SOFT_TISSUE', 'SKMEL2_SKIN', 'SKMEL30_SKIN', 'SNU1079_BILIARY_TRACT', 'SNU1214_UPPER_AERODIGESTIVE_TRACT', 'SNU308_BILIARY_TRACT', 'SNU738_CENTRAL_NERVOUS_SYSTEM', 'SU8686_PANCREAS', 'SW1271_LUNG', 'T47D_BREAST', 'TE14_OESOPHAGUS', 'UACC257_SKIN', 'UMUC1_URINARY_TRACT', 'ZR751_BREAST']",1,0.10549996907122568,mlp,0.5,mae,42
2,X_pca,122,103,103,19,31,"['ACCMESO1_PLEURA', 'COLO792_SKIN', 'DETROIT562_UPPER_AERODIGESTIVE_TRACT', 'EKVX_LUNG', 'GOS3_CENTRAL_NERVOUS_SYSTEM', 'HEP3B217_LIVER', 'HMC18_BREAST', 'HUH28_BILIARY_TRACT', 'IGR37_SKIN', 'KALS1_CENTRAL_NERVOUS_SYSTEM', 'KYSE520_OESOPHAGUS', 'LMSU_STOMACH', 'LNCAPCLONEFGC_PROSTATE', 'MFE319_ENDOMETRIUM', 'NCIH1299_LUNG', 'NCIH1944_LUNG', 'NCIH522_LUNG', 'ONCODG1_OVARY', 'OVSAHO_OVARY', 'OVTOKO_OVARY', 'PATU8988S_PANCREAS', 'SCC25_UPPER_AERODIGESTIVE_TRACT', 'SCC9_UPPER_AERODIGESTIVE_TRACT', 'SKES1_BONE', 'SKNAS_AUTONOMIC_GANGLIA', 'SNU899_UPPER_AERODIGESTIVE_TRACT', 'TE6_OESOPHAGUS', 'TE9_OESOPHAGUS', 'TM31_CENTRAL_NERVOUS_SYSTEM', 'TOV112D_OVARY', 'VMRCRCZ_KIDNEY']",1,0.1167948673053785,mlp,0.5,mae,42
3,X_pca,122,103,103,19,31,"['A375_SKIN', 'BHY_UPPER_AERODIGESTIVE_TRACT', 'BICR31_UPPER_AERODIGESTIVE_TRACT', 'BICR56_UPPER_AERODIGESTIVE_TRACT', 'CALU6_LUNG', 'CAMA1_BREAST', 'COLO741_SKIN', 'EBC1_LUNG', 'FTC133_THYROID', 'HCC56_LARGE_INTESTINE', 'HDQP1_BREAST', 'HEC251_ENDOMETRIUM', 'HS852T_SKIN', 'JHH6_LIVER', 'KPL1_BREAST', 'LS180_LARGE_INTESTINE', 'NCIH1373_LUNG', 'NCIH1435_LUNG', 'NCIH2228_LUNG', 'NCIH2444_LUNG', 'NCIH2452_PLEURA', 'NCIH292_LUNG', 'NCIH446_LUNG', 'NCIH460_LUNG', 'OSRC2_KIDNEY', 'PANC0203_PANCREAS', 'RCM1_LARGE_INTESTINE', 'SNU449_LIVER', 'SQ1_LUNG', 'SW579_THYROID', 'TCCSUP_URINARY_TRACT']",3,0.11091066539074501,mlp,0.5,mae,42
4,X_pca,122,103,103,19,31,"['42MGBA_CENTRAL_NERVOUS_SYSTEM', '8305C_THYROID', 'A204_SOFT_TISSUE', 'ASPC1_PANCREAS', 'BCPAP_THYROID', 'BT474_BREAST', 'CAKI2_KIDNEY', 'COV434_OVARY', 'EFE184_ENDOMETRIUM', 'HEC151_ENDOMETRIUM', 'HOS_BONE', 'HT1197_URINARY_TRACT', 'HUH6_LIVER', 'IALM_LUNG', 'IM95_STOMACH', 'KNS42_CENTRAL_NERVOUS_SYSTEM', 'LI7_LIVER', 'LS1034_LARGE_INTESTINE', 'NCIH1792_LUNG', 'NCIH2126_LUNG', 'NCIH2170_LUNG', 'PK45H_PANCREAS', 'RVH421_SKIN', 'SKMEL5_SKIN', 'SNU423_LIVER', 'SNU46_UPPER_AERODIGESTIVE_TRACT', 'SW1088_CENTRAL_NERVOUS_SYSTEM', 'TE10_OESOPHAGUS', 'TE1_OESOPHAGUS', 'VMCUB1_URINARY_TRACT', 'YD38_UPPER_AERODIGESTIVE_TRACT']",9,0.13283529967645502,mlp,0.5,mae,42
5,X_pca,122,103,103,19,31,"['A2058_SKIN', 'BFTC909_KIDNEY', 'BICR16_UPPER_AERODIGESTIVE_TRACT', 'BICR6_UPPER_AERODIGESTIVE_TRACT', 'CCFSTTG1_CENTRAL_NERVOUS_SYSTEM', 'DKMG_CENTRAL_NERVOUS_SYSTEM', 'EFM192A_BREAST', 'HCC1428_BREAST', 'HCC366_LUNG', 'HCC38_BREAST', 'HT1080_SOFT_TISSUE', 'HUPT3_PANCREAS', 'HUPT4_PANCREAS', 'IGR1_SKIN', 'JHOC5_OVARY', 'KPNSI9S_AUTONOMIC_GANGLIA', 'MKN7_STOMACH', 'NCIH2087_LUNG', 'NCIH650_LUNG', 'NCIH747_LARGE_INTESTINE', 'OAW28_OVARY', 'OUMS23_LARGE_INTESTINE', 'OVK18_OVARY', 'PK59_PANCREAS', 'RCC10RGB_KIDNEY', 'RERFLCAD1_LUNG', 'RERFLCAI_LUNG', 'RT4_URINARY_TRACT', 'SH10TC_STOMACH', 'SNUC4_LARGE_INTESTINE', 'SW1990_PANCREAS']",5,0.1479817038666526,mlp,0.5,mae,42
1,X_pca,124,105,105,19,29,"['BT549_BREAST', 'CAS1_CENTRAL_NERVOUS_SYSTEM', 'HEC6_ENDOMETRIUM', 'HT55_LARGE_INTESTINE', 'KMRC3_KIDNEY', 'MCF7_BREAST', 'MDAMB361_BREAST', 'MKN45_STOMACH', 'MSTO211H_PLEURA', 'NCIH2110_LUNG', 'NCIH226_LUNG', 'NCIH358_LUNG', 'OVCAR4_OVARY', 'PC3_PROSTATE', 'PECAPJ49_UPPER_AERODIGESTIVE_TRACT', 'RD_SOFT_TISSUE', 'SKMEL2_SKIN', 'SKMEL30_SKIN', 'SNU1079_BILIARY_TRACT', 'SNU1214_UPPER_AERODIGESTIVE_TRACT', 'SNU308_BILIARY_TRACT', 'SNU738_CENTRAL_NERVOUS_SYSTEM', 'SU8686_PANCREAS', 'SW1271_LUNG', 'T47D_BREAST', 'TE14_OESOPHAGUS', 'UACC257_SKIN', 'UMUC1_URINARY_TRACT', 'ZR751_BREAST']",6,0.10680519908776147,mlp,0.5,mae,43
2,X_pca,122,103,103,19,31,"['ACCMESO1_PLEURA', 'COLO792_SKIN', 'DETROIT562_UPPER_AERODIGESTIVE_TRACT', 'EKVX_LUNG', 'GOS3_CENTRAL_NERVOUS_SYSTEM', 'HEP3B217_LIVER', 'HMC18_BREAST', 'HUH28_BILIARY_TRACT', 'IGR37_SKIN', 'KALS1_CENTRAL_NERVOUS_SYSTEM', 'KYSE520_OESOPHAGUS', 'LMSU_STOMACH', 'LNCAPCLONEFGC_PROSTATE', 'MFE319_ENDOMETRIUM', 'NCIH1299_LUNG', 'NCIH1944_LUNG', 'NCIH522_LUNG', 'ONCODG1_OVARY', 'OVSAHO_OVARY', 'OVTOKO_OVARY', 'PATU8988S_PANCREAS', 'SCC25_UPPER_AERODIGESTIVE_TRACT', 'SCC9_UPPER_AERODIGESTIVE_TRACT', 'SKES1_BONE', 'SKNAS_AUTONOMIC_GANGLIA', 'SNU899_UPPER_AERODIGESTIVE_TRACT', 'TE6_OESOPHAGUS', 'TE9_OESOPHAGUS', 'TM31_CENTRAL_NERVOUS_SYSTEM', 'TOV112D_OVARY', 'VMRCRCZ_KIDNEY']",2,0.11503455778627768,mlp,0.5,mae,43
3,X_pca,122,103,103,19,31,"['A375_SKIN', 'BHY_UPPER_AERODIGESTIVE_TRACT', 'BICR31_UPPER_AERODIGESTIVE_TRACT', 'BICR56_UPPER_AERODIGESTIVE_TRACT', 'CALU6_LUNG', 'CAMA1_BREAST', 'COLO741_SKIN', 'EBC1_LUNG', 'FTC133_THYROID', 'HCC56_LARGE_INTESTINE', 'HDQP1_BREAST', 'HEC251_ENDOMETRIUM', 'HS852T_SKIN', 'JHH6_LIVER', 'KPL1_BREAST', 'LS180_LARGE_INTESTINE', 'NCIH1373_LUNG', 'NCIH1435_LUNG', 'NCIH2228_LUNG', 'NCIH2444_LUNG', 'NCIH2452_PLEURA', 'NCIH292_LUNG', 'NCIH446_LUNG', 'NCIH460_LUNG', 'OSRC2_KIDNEY', 'PANC0203_PANCREAS', 'RCM1_LARGE_INTESTINE', 'SNU449_LIVER', 'SQ1_LUNG', 'SW579_THYROID', 'TCCSUP_URINARY_TRACT']",2,0.1101296156856964,mlp,0.5,mae,43
4,X_pca,122,103,103,19,31,"['42MGBA_CENTRAL_NERVOUS_SYSTEM', '8305C_THYROID', 'A204_SOFT_TISSUE', 'ASPC1_PANCREAS', 'BCPAP_THYROID', 'BT474_BREAST', 'CAKI2_KIDNEY', 'COV434_OVARY', 'EFE184_ENDOMETRIUM', 'HEC151_ENDOMETRIUM', 'HOS_BONE', 'HT1197_URINARY_TRACT', 'HUH6_LIVER', 'IALM_LUNG', 'IM95_STOMACH', 'KNS42_CENTRAL_NERVOUS_SYSTEM', 'LI7_LIVER', 'LS1034_LARGE_INTESTINE', 'NCIH1792_LUNG', 'NCIH2126_LUNG', 'NCIH2170_LUNG', 'PK45H_PANCREAS', 'RVH421_SKIN', 'SKMEL5_SKIN', 'SNU423_LIVER', 'SNU46_UPPER_AERODIGESTIVE_TRACT', 'SW1088_CENTRAL_NERVOUS_SYSTEM', 'TE10_OESOPHAGUS', 'TE1_OESOPHAGUS', 'VMCUB1_URINARY_TRACT', 'YD38_UPPER_AERODIGESTIVE_TRACT']",5,0.1328159217078028,mlp,0.5,mae,43
5,X_pca,122,103,103,19,31,"['A2058_SKIN', 'BFTC909_KIDNEY', 'BICR16_UPPER_AERODIGESTIVE_TRACT', 'BICR6_UPPER_AERODIGESTIVE_TRACT', 'CCFSTTG1_CENTRAL_NERVOUS_SYSTEM', 'DKMG_CENTRAL_NERVOUS_SYSTEM', 'EFM192A_BREAST', 'HCC1428_BREAST', 'HCC366_LUNG', 'HCC38_BREAST', 'HT1080_SOFT_TISSUE', 'HUPT3_PANCREAS', 'HUPT4_PANCREAS', 'IGR1_SKIN', 'JHOC5_OVARY', 'KPNSI9S_AUTONOMIC_GANGLIA', 'MKN7_STOMACH', 'NCIH2087_LUNG', 'NCIH650_LUNG', 'NCIH747_LARGE_INTESTINE', 'OAW28_OVARY', 'OUMS23_LARGE_INTESTINE', 'OVK18_OVARY', 'PK59_PANCREAS', 'RCC10RGB_KIDNEY', 'RERFLCAD1_LUNG', 'RERFLCAI_LUNG', 'RT4_URINARY_TRACT', 'SH10TC_STOMACH', 'SNUC4_LARGE_INTESTINE', 'SW1990_PANCREAS']",1,0.14528871796882828,mlp,0.5,mae,43
1,X_pca,124,105,105,19,29,"['BT549_BREAST', 'CAS1_CENTRAL_NERVOUS_SYSTEM', 'HEC6_ENDOMETRIUM', 'HT55_LARGE_INTESTINE', 'KMRC3_KIDNEY', 'MCF7_BREAST', 'MDAMB361_BREAST', 'MKN45_STOMACH', 'MSTO211H_PLEURA', 'NCIH2110_LUNG', 'NCIH226_LUNG', 'NCIH358_LUNG', 'OVCAR4_OVARY', 'PC3_PROSTATE', 'PECAPJ49_UPPER_AERODIGESTIVE_TRACT', 'RD_SOFT_TISSUE', 'SKMEL2_SKIN', 'SKMEL30_SKIN', 'SNU1079_BILIARY_TRACT', 'SNU1214_UPPER_AERODIGESTIVE_TRACT', 'SNU308_BILIARY_TRACT', 'SNU738_CENTRAL_NERVOUS_SYSTEM', 'SU8686_PANCREAS', 'SW1271_LUNG', 'T47D_BREAST', 'TE14_OESOPHAGUS', 'UACC257_SKIN', 'UMUC1_URINARY_TRACT', 'ZR751_BREAST']",4,0.1059322361707629,mlp,0.5,mae,44
2,X_pca,122,103,103,19,31,"['ACCMESO1_PLEURA', 'COLO792_SKIN', 'DETROIT562_UPPER_AERODIGESTIVE_TRACT', 'EKVX_LUNG', 'GOS3_CENTRAL_NERVOUS_SYSTEM', 'HEP3B217_LIVER', 'HMC18_BREAST', 'HUH28_BILIARY_TRACT', 'IGR37_SKIN', 'KALS1_CENTRAL_NERVOUS_SYSTEM', 'KYSE520_OESOPHAGUS', 'LMSU_STOMACH', 'LNCAPCLONEFGC_PROSTATE', 'MFE319_ENDOMETRIUM', 'NCIH1299_LUNG', 'NCIH1944_LUNG', 'NCIH522_LUNG', 'ONCODG1_OVARY', 'OVSAHO_OVARY', 'OVTOKO_OVARY', 'PATU8988S_PANCREAS', 'SCC25_UPPER_AERODIGESTIVE_TRACT', 'SCC9_UPPER_AERODIGESTIVE_TRACT', 'SKES1_BONE', 'SKNAS_AUTONOMIC_GANGLIA', 'SNU899_UPPER_AERODIGESTIVE_TRACT', 'TE6_OESOPHAGUS', 'TE9_OESOPHAGUS', 'TM31_CENTRAL_NERVOUS_SYSTEM', 'TOV112D_OVARY', 'VMRCRCZ_KIDNEY']",2,0.11729323113336927,mlp,0.5,mae,44
3,X_pca,122,103,103,19,31,"['A375_SKIN', 'BHY_UPPER_AERODIGESTIVE_TRACT', 'BICR31_UPPER_AERODIGESTIVE_TRACT', 'BICR56_UPPER_AERODIGESTIVE_TRACT', 'CALU6_LUNG', 'CAMA1_BREAST', 'COLO741_SKIN', 'EBC1_LUNG', 'FTC133_THYROID', 'HCC56_LARGE_INTESTINE', 'HDQP1_BREAST', 'HEC251_ENDOMETRIUM', 'HS852T_SKIN', 'JHH6_LIVER', 'KPL1_BREAST', 'LS180_LARGE_INTESTINE', 'NCIH1373_LUNG', 'NCIH1435_LUNG', 'NCIH2228_LUNG', 'NCIH2444_LUNG', 'NCIH2452_PLEURA', 'NCIH292_LUNG', 'NCIH446_LUNG', 'NCIH460_LUNG', 'OSRC2_KIDNEY', 'PANC0203_PANCREAS', 'RCM1_LARGE_INTESTINE', 'SNU449_LIVER', 'SQ1_LUNG', 'SW579_THYROID', 'TCCSUP_URINARY_TRACT']",9,0.11292221365719048,mlp,0.5,mae,44
4,X_pca,122,103,103,19,31,"['42MGBA_CENTRAL_NERVOUS_SYSTEM', '8305C_THYROID', 'A204_SOFT_TISSUE', 'ASPC1_PANCREAS', 'BCPAP_THYROID', 'BT474_BREAST', 'CAKI2_KIDNEY', 'COV434_OVARY', 'EFE184_ENDOMETRIUM', 'HEC151_ENDOMETRIUM', 'HOS_BONE', 'HT1197_URINARY_TRACT', 'HUH6_LIVER', 'IALM_LUNG', 'IM95_STOMACH', 'KNS42_CENTRAL_NERVOUS_SYSTEM', 'LI7_LIVER', 'LS1034_LARGE_INTESTINE', 'NCIH1792_LUNG', 'NCIH2126_LUNG', 'NCIH2170_LUNG', 'PK45H_PANCREAS', 'RVH421_SKIN', 'SKMEL5_SKIN', 'SNU423_LIVER', 'SNU46_UPPER_AERODIGESTIVE_TRACT', 'SW1088_CENTRAL_NERVOUS_SYSTEM', 'TE10_OESOPHAGUS', 'TE1_OESOPHAGUS', 'VMCUB1_URINARY_TRACT', 'YD38_UPPER_AERODIGESTIVE_TRACT']",12,0.13464500969769083,mlp,0.5,mae,44
5,X_pca,122,103,103,19,31,"['A2058_SKIN', 'BFTC909_KIDNEY', 'BICR16_UPPER_AERODIGESTIVE_TRACT', 'BICR6_UPPER_AERODIGESTIVE_TRACT', 'CCFSTTG1_CENTRAL_NERVOUS_SYSTEM', 'DKMG_CENTRAL_NERVOUS_SYSTEM', 'EFM192A_BREAST', 'HCC1428_BREAST', 'HCC366_LUNG', 'HCC38_BREAST', 'HT1080_SOFT_TISSUE', 'HUPT3_PANCREAS', 'HUPT4_PANCREAS', 'IGR1_SKIN', 'JHOC5_OVARY', 'KPNSI9S_AUTONOMIC_GANGLIA', 'MKN7_STOMACH', 'NCIH2087_LUNG', 'NCIH650_LUNG', 'NCIH747_LARGE_INTESTINE', 'OAW28_OVARY', 'OUMS23_LARGE_INTESTINE', 'OVK18_OVARY', 'PK59_PANCREAS', 'RCC10RGB_KIDNEY', 'RERFLCAD1_LUNG', 'RERFLCAI_LUNG', 'RT4_URINARY_TRACT', 'SH10TC_STOMACH', 'SNUC4_LARGE_INTESTINE', 'SW1990_PANCREAS']",5,0.14592299795890112,mlp,0.5,mae,44
1,X_pca,124,105,105,19,29,"['BT549_BREAST', 'CAS1_CENTRAL_NERVOUS_SYSTEM', 'HEC6_ENDOMETRIUM', 'HT55_LARGE_INTESTINE', 'KMRC3_KIDNEY', 'MCF7_BREAST', 'MDAMB361_BREAST', 'MKN45_STOMACH', 'MSTO211H_PLEURA', 'NCIH2110_LUNG', 'NCIH226_LUNG', 'NCIH358_LUNG', 'OVCAR4_OVARY', 'PC3_PROSTATE', 'PECAPJ49_UPPER_AERODIGESTIVE_TRACT', 'RD_SOFT_TISSUE', 'SKMEL2_SKIN', 'SKMEL30_SKIN', 'SNU1079_BILIARY_TRACT', 'SNU1214_UPPER_AERODIGESTIVE_TRACT', 'SNU308_BILIARY_TRACT', 'SNU738_CENTRAL_NERVOUS_SYSTEM', 'SU8686_PANCREAS', 'SW1271_LUNG', 'T47D_BREAST', 'TE14_OESOPHAGUS', 'UACC257_SKIN', 'UMUC1_URINARY_TRACT', 'ZR751_BREAST']",2,0.02416159791956734,mlp,1.0,mse,42
2,X_pca,122,103,103,19,31,"['ACCMESO1_PLEURA', 'COLO792_SKIN', 'DETROIT562_UPPER_AERODIGESTIVE_TRACT', 'EKVX_LUNG', 'GOS3_CENTRAL_NERVOUS_SYSTEM', 'HEP3B217_LIVER', 'HMC18_BREAST', 'HUH28_BILIARY_TRACT', 'IGR37_SKIN', 'KALS1_CENTRAL_NERVOUS_SYSTEM', 'KYSE520_OESOPHAGUS', 'LMSU_STOMACH', 'LNCAPCLONEFGC_PROSTATE', 'MFE319_ENDOMETRIUM', 'NCIH1299_LUNG', 'NCIH1944_LUNG', 'NCIH522_LUNG', 'ONCODG1_OVARY', 'OVSAHO_OVARY', 'OVTOKO_OVARY', 'PATU8988S_PANCREAS', 'SCC25_UPPER_AERODIGESTIVE_TRACT', 'SCC9_UPPER_AERODIGESTIVE_TRACT', 'SKES1_BONE', 'SKNAS_AUTONOMIC_GANGLIA', 'SNU899_UPPER_AERODIGESTIVE_TRACT', 'TE6_OESOPHAGUS', 'TE9_OESOPHAGUS', 'TM31_CENTRAL_NERVOUS_SYSTEM', 'TOV112D_OVARY', 'VMRCRCZ_KIDNEY']",1,0.03285105347197797,mlp,1.0,mse,42
3,X_pca,122,103,103,19,31,"['A375_SKIN', 'BHY_UPPER_AERODIGESTIVE_TRACT', 'BICR31_UPPER_AERODIGESTIVE_TRACT', 'BICR56_UPPER_AERODIGESTIVE_TRACT', 'CALU6_LUNG', 'CAMA1_BREAST', 'COLO741_SKIN', 'EBC1_LUNG', 'FTC133_THYROID', 'HCC56_LARGE_INTESTINE', 'HDQP1_BREAST', 'HEC251_ENDOMETRIUM', 'HS852T_SKIN', 'JHH6_LIVER', 'KPL1_BREAST', 'LS180_LARGE_INTESTINE', 'NCIH1373_LUNG', 'NCIH1435_LUNG', 'NCIH2228_LUNG', 'NCIH2444_LUNG', 'NCIH2452_PLEURA', 'NCIH292_LUNG', 'NCIH446_LUNG', 'NCIH460_LUNG', 'OSRC2_KIDNEY', 'PANC0203_PANCREAS', 'RCM1_LARGE_INTESTINE', 'SNU449_LIVER', 'SQ1_LUNG', 'SW579_THYROID', 'TCCSUP_URINARY_TRACT']",4,0.024377663748448592,mlp,1.0,mse,42
4,X_pca,122,103,103,19,31,"['42MGBA_CENTRAL_NERVOUS_SYSTEM', '8305C_THYROID', 'A204_SOFT_TISSUE', 'ASPC1_PANCREAS', 'BCPAP_THYROID', 'BT474_BREAST', 'CAKI2_KIDNEY', 'COV434_OVARY', 'EFE184_ENDOMETRIUM', 'HEC151_ENDOMETRIUM', 'HOS_BONE', 'HT1197_URINARY_TRACT', 'HUH6_LIVER', 'IALM_LUNG', 'IM95_STOMACH', 'KNS42_CENTRAL_NERVOUS_SYSTEM', 'LI7_LIVER', 'LS1034_LARGE_INTESTINE', 'NCIH1792_LUNG', 'NCIH2126_LUNG', 'NCIH2170_LUNG', 'PK45H_PANCREAS', 'RVH421_SKIN', 'SKMEL5_SKIN', 'SNU423_LIVER', 'SNU46_UPPER_AERODIGESTIVE_TRACT', 'SW1088_CENTRAL_NERVOUS_SYSTEM', 'TE10_OESOPHAGUS', 'TE1_OESOPHAGUS', 'VMCUB1_URINARY_TRACT', 'YD38_UPPER_AERODIGESTIVE_TRACT']",1,0.03903056384240875,mlp,1.0,mse,42
5,X_pca,122,103,103,19,31,"['A2058_SKIN', 'BFTC909_KIDNEY', 'BICR16_UPPER_AERODIGESTIVE_TRACT', 'BICR6_UPPER_AERODIGESTIVE_TRACT', 'CCFSTTG1_CENTRAL_NERVOUS_SYSTEM', 'DKMG_CENTRAL_NERVOUS_SYSTEM', 'EFM192A_BREAST', 'HCC1428_BREAST', 'HCC366_LUNG', 'HCC38_BREAST', 'HT1080_SOFT_TISSUE', 'HUPT3_PANCREAS', 'HUPT4_PANCREAS', 'IGR1_SKIN', 'JHOC5_OVARY', 'KPNSI9S_AUTONOMIC_GANGLIA', 'MKN7_STOMACH', 'NCIH2087_LUNG', 'NCIH650_LUNG', 'NCIH747_LARGE_INTESTINE', 'OAW28_OVARY', 'OUMS23_LARGE_INTESTINE', 'OVK18_OVARY', 'PK59_PANCREAS', 'RCC10RGB_KIDNEY', 'RERFLCAD1_LUNG', 'RERFLCAI_LUNG', 'RT4_URINARY_TRACT', 'SH10TC_STOMACH', 'SNUC4_LARGE_INTESTINE', 'SW1990_PANCREAS']",4,0.046428469942775795,mlp,1.0,mse,42
1,X_pca,124,105,105,19,29,"['BT549_BREAST', 'CAS1_CENTRAL_NERVOUS_SYSTEM', 'HEC6_ENDOMETRIUM', 'HT55_LARGE_INTESTINE', 'KMRC3_KIDNEY', 'MCF7_BREAST', 'MDAMB361_BREAST', 'MKN45_STOMACH', 'MSTO211H_PLEURA', 'NCIH2110_LUNG', 'NCIH226_LUNG', 'NCIH358_LUNG', 'OVCAR4_OVARY', 'PC3_PROSTATE', 'PECAPJ49_UPPER_AERODIGESTIVE_TRACT', 'RD_SOFT_TISSUE', 'SKMEL2_SKIN', 'SKMEL30_SKIN', 'SNU1079_BILIARY_TRACT', 'SNU1214_UPPER_AERODIGESTIVE_TRACT', 'SNU308_BILIARY_TRACT', 'SNU738_CENTRAL_NERVOUS_SYSTEM', 'SU8686_PANCREAS', 'SW1271_LUNG', 'T47D_BREAST', 'TE14_OESOPHAGUS', 'UACC257_SKIN', 'UMUC1_URINARY_TRACT', 'ZR751_BREAST']",1,0.02355984849044508,mlp,1.0,mse,43
2,X_pca,122,103,103,19,31,"['ACCMESO1_PLEURA', 'COLO792_SKIN', 'DETROIT562_UPPER_AERODIGESTIVE_TRACT', 'EKVX_LUNG', 'GOS3_CENTRAL_NERVOUS_SYSTEM', 'HEP3B217_LIVER', 'HMC18_BREAST', 'HUH28_BILIARY_TRACT', 'IGR37_SKIN', 'KALS1_CENTRAL_NERVOUS_SYSTEM', 'KYSE520_OESOPHAGUS', 'LMSU_STOMACH', 'LNCAPCLONEFGC_PROSTATE', 'MFE319_ENDOMETRIUM', 'NCIH1299_LUNG', 'NCIH1944_LUNG', 'NCIH522_LUNG', 'ONCODG1_OVARY', 'OVSAHO_OVARY', 'OVTOKO_OVARY', 'PATU8988S_PANCREAS', 'SCC25_UPPER_AERODIGESTIVE_TRACT', 'SCC9_UPPER_AERODIGESTIVE_TRACT', 'SKES1_BONE', 'SKNAS_AUTONOMIC_GANGLIA', 'SNU899_UPPER_AERODIGESTIVE_TRACT', 'TE6_OESOPHAGUS', 'TE9_OESOPHAGUS', 'TM31_CENTRAL_NERVOUS_SYSTEM', 'TOV112D_OVARY', 'VMRCRCZ_KIDNEY']",2,0.03175208057281906,mlp,1.0,mse,43
3,X_pca,122,103,103,19,31,"['A375_SKIN', 'BHY_UPPER_AERODIGESTIVE_TRACT', 'BICR31_UPPER_AERODIGESTIVE_TRACT', 'BICR56_UPPER_AERODIGESTIVE_TRACT', 'CALU6_LUNG', 'CAMA1_BREAST', 'COLO741_SKIN', 'EBC1_LUNG', 'FTC133_THYROID', 'HCC56_LARGE_INTESTINE', 'HDQP1_BREAST', 'HEC251_ENDOMETRIUM', 'HS852T_SKIN', 'JHH6_LIVER', 'KPL1_BREAST', 'LS180_LARGE_INTESTINE', 'NCIH1373_LUNG', 'NCIH1435_LUNG', 'NCIH2228_LUNG', 'NCIH2444_LUNG', 'NCIH2452_PLEURA', 'NCIH292_LUNG', 'NCIH446_LUNG', 'NCIH460_LUNG', 'OSRC2_KIDNEY', 'PANC0203_PANCREAS', 'RCM1_LARGE_INTESTINE', 'SNU449_LIVER', 'SQ1_LUNG', 'SW579_THYROID', 'TCCSUP_URINARY_TRACT']",6,0.02585276851836524,mlp,1.0,mse,43
4,X_pca,122,103,103,19,31,"['42MGBA_CENTRAL_NERVOUS_SYSTEM', '8305C_THYROID', 'A204_SOFT_TISSUE', 'ASPC1_PANCREAS', 'BCPAP_THYROID', 'BT474_BREAST', 'CAKI2_KIDNEY', 'COV434_OVARY', 'EFE184_ENDOMETRIUM', 'HEC151_ENDOMETRIUM', 'HOS_BONE', 'HT1197_URINARY_TRACT', 'HUH6_LIVER', 'IALM_LUNG', 'IM95_STOMACH', 'KNS42_CENTRAL_NERVOUS_SYSTEM', 'LI7_LIVER', 'LS1034_LARGE_INTESTINE', 'NCIH1792_LUNG', 'NCIH2126_LUNG', 'NCIH2170_LUNG', 'PK45H_PANCREAS', 'RVH421_SKIN', 'SKMEL5_SKIN', 'SNU423_LIVER', 'SNU46_UPPER_AERODIGESTIVE_TRACT', 'SW1088_CENTRAL_NERVOUS_SYSTEM', 'TE10_OESOPHAGUS', 'TE1_OESOPHAGUS', 'VMCUB1_URINARY_TRACT', 'YD38_UPPER_AERODIGESTIVE_TRACT']",11,0.038590954438043786,mlp,1.0,mse,43
5,X_pca,122,103,103,19,31,"['A2058_SKIN', 'BFTC909_KIDNEY', 'BICR16_UPPER_AERODIGESTIVE_TRACT', 'BICR6_UPPER_AERODIGESTIVE_TRACT', 'CCFSTTG1_CENTRAL_NERVOUS_SYSTEM', 'DKMG_CENTRAL_NERVOUS_SYSTEM', 'EFM192A_BREAST', 'HCC1428_BREAST', 'HCC366_LUNG', 'HCC38_BREAST', 'HT1080_SOFT_TISSUE', 'HUPT3_PANCREAS', 'HUPT4_PANCREAS', 'IGR1_SKIN', 'JHOC5_OVARY', 'KPNSI9S_AUTONOMIC_GANGLIA', 'MKN7_STOMACH', 'NCIH2087_LUNG', 'NCIH650_LUNG', 'NCIH747_LARGE_INTESTINE', 'OAW28_OVARY', 'OUMS23_LARGE_INTESTINE', 'OVK18_OVARY', 'PK59_PANCREAS', 'RCC10RGB_KIDNEY', 'RERFLCAD1_LUNG', 'RERFLCAI_LUNG', 'RT4_URINARY_TRACT', 'SH10TC_STOMACH', 'SNUC4_LARGE_INTESTINE', 'SW1990_PANCREAS']",8,0.04632277471950307,mlp,1.0,mse,43
1,X_pca,124,105,105,19,29,"['BT549_BREAST', 'CAS1_CENTRAL_NERVOUS_SYSTEM', 'HEC6_ENDOMETRIUM', 'HT55_LARGE_INTESTINE', 'KMRC3_KIDNEY', 'MCF7_BREAST', 'MDAMB361_BREAST', 'MKN45_STOMACH', 'MSTO211H_PLEURA', 'NCIH2110_LUNG', 'NCIH226_LUNG', 'NCIH358_LUNG', 'OVCAR4_OVARY', 'PC3_PROSTATE', 'PECAPJ49_UPPER_AERODIGESTIVE_TRACT', 'RD_SOFT_TISSUE', 'SKMEL2_SKIN', 'SKMEL30_SKIN', 'SNU1079_BILIARY_TRACT', 'SNU1214_UPPER_AERODIGESTIVE_TRACT', 'SNU308_BILIARY_TRACT', 'SNU738_CENTRAL_NERVOUS_SYSTEM', 'SU8686_PANCREAS', 'SW1271_LUNG', 'T47D_BREAST', 'TE14_OESOPHAGUS', 'UACC257_SKIN', 'UMUC1_URINARY_TRACT', 'ZR751_BREAST']",1,0.024436875138906407,mlp,1.0,mse,44
2,X_pca,122,103,103,19,31,"['ACCMESO1_PLEURA', 'COLO792_SKIN', 'DETROIT562_UPPER_AERODIGESTIVE_TRACT', 'EKVX_LUNG', 'GOS3_CENTRAL_NERVOUS_SYSTEM', 'HEP3B217_LIVER', 'HMC18_BREAST', 'HUH28_BILIARY_TRACT', 'IGR37_SKIN', 'KALS1_CENTRAL_NERVOUS_SYSTEM', 'KYSE520_OESOPHAGUS', 'LMSU_STOMACH', 'LNCAPCLONEFGC_PROSTATE', 'MFE319_ENDOMETRIUM', 'NCIH1299_LUNG', 'NCIH1944_LUNG', 'NCIH522_LUNG', 'ONCODG1_OVARY', 'OVSAHO_OVARY', 'OVTOKO_OVARY', 'PATU8988S_PANCREAS', 'SCC25_UPPER_AERODIGESTIVE_TRACT', 'SCC9_UPPER_AERODIGESTIVE_TRACT', 'SKES1_BONE', 'SKNAS_AUTONOMIC_GANGLIA', 'SNU899_UPPER_AERODIGESTIVE_TRACT', 'TE6_OESOPHAGUS', 'TE9_OESOPHAGUS', 'TM31_CENTRAL_NERVOUS_SYSTEM', 'TOV112D_OVARY', 'VMRCRCZ_KIDNEY']",1,0.031887042781254135,mlp,1.0,mse,44
3,X_pca,122,103,103,19,31,"['A375_SKIN', 'BHY_UPPER_AERODIGESTIVE_TRACT', 'BICR31_UPPER_AERODIGESTIVE_TRACT', 'BICR56_UPPER_AERODIGESTIVE_TRACT', 'CALU6_LUNG', 'CAMA1_BREAST', 'COLO741_SKIN', 'EBC1_LUNG', 'FTC133_THYROID', 'HCC56_LARGE_INTESTINE', 'HDQP1_BREAST', 'HEC251_ENDOMETRIUM', 'HS852T_SKIN', 'JHH6_LIVER', 'KPL1_BREAST', 'LS180_LARGE_INTESTINE', 'NCIH1373_LUNG', 'NCIH1435_LUNG', 'NCIH2228_LUNG', 'NCIH2444_LUNG', 'NCIH2452_PLEURA', 'NCIH292_LUNG', 'NCIH446_LUNG', 'NCIH460_LUNG', 'OSRC2_KIDNEY', 'PANC0203_PANCREAS', 'RCM1_LARGE_INTESTINE', 'SNU449_LIVER', 'SQ1_LUNG', 'SW579_THYROID', 'TCCSUP_URINARY_TRACT']",8,0.025602333249945895,mlp,1.0,mse,44
4,X_pca,122,103,103,19,31,"['42MGBA_CENTRAL_NERVOUS_SYSTEM', '8305C_THYROID', 'A204_SOFT_TISSUE', 'ASPC1_PANCREAS', 'BCPAP_THYROID', 'BT474_BREAST', 'CAKI2_KIDNEY', 'COV434_OVARY', 'EFE184_ENDOMETRIUM', 'HEC151_ENDOMETRIUM', 'HOS_BONE', 'HT1197_URINARY_TRACT', 'HUH6_LIVER', 'IALM_LUNG', 'IM95_STOMACH', 'KNS42_CENTRAL_NERVOUS_SYSTEM', 'LI7_LIVER', 'LS1034_LARGE_INTESTINE', 'NCIH1792_LUNG', 'NCIH2126_LUNG', 'NCIH2170_LUNG', 'PK45H_PANCREAS', 'RVH421_SKIN', 'SKMEL5_SKIN', 'SNU423_LIVER', 'SNU46_UPPER_AERODIGESTIVE_TRACT', 'SW1088_CENTRAL_NERVOUS_SYSTEM', 'TE10_OESOPHAGUS', 'TE1_OESOPHAGUS', 'VMCUB1_URINARY_TRACT', 'YD38_UPPER_AERODIGESTIVE_TRACT']",2,0.03874631472660991,mlp,1.0,mse,44
5,X_pca,122,103,103,19,31,"['A2058_SKIN', 'BFTC909_KIDNEY', 'BICR16_UPPER_AERODIGESTIVE_TRACT', 'BICR6_UPPER_AERODIGESTIVE_TRACT', 'CCFSTTG1_CENTRAL_NERVOUS_SYSTEM', 'DKMG_CENTRAL_NERVOUS_SYSTEM', 'EFM192A_BREAST', 'HCC1428_BREAST', 'HCC366_LUNG', 'HCC38_BREAST', 'HT1080_SOFT_TISSUE', 'HUPT3_PANCREAS', 'HUPT4_PANCREAS', 'IGR1_SKIN', 'JHOC5_OVARY', 'KPNSI9S_AUTONOMIC_GANGLIA', 'MKN7_STOMACH', 'NCIH2087_LUNG', 'NCIH650_LUNG', 'NCIH747_LARGE_INTESTINE', 'OAW28_OVARY', 'OUMS23_LARGE_INTESTINE', 'OVK18_OVARY', 'PK59_PANCREAS', 'RCC10RGB_KIDNEY', 'RERFLCAD1_LUNG', 'RERFLCAI_LUNG', 'RT4_URINARY_TRACT', 'SH10TC_STOMACH', 'SNUC4_LARGE_INTESTINE', 'SW1990_PANCREAS']",2,0.044651042443638184,mlp,1.0,mse,44
1,X_pca,124,105,105,19,29,"['BT549_BREAST', 'CAS1_CENTRAL_NERVOUS_SYSTEM', 'HEC6_ENDOMETRIUM', 'HT55_LARGE_INTESTINE', 'KMRC3_KIDNEY', 'MCF7_BREAST', 'MDAMB361_BREAST', 'MKN45_STOMACH', 'MSTO211H_PLEURA', 'NCIH2110_LUNG', 'NCIH226_LUNG', 'NCIH358_LUNG', 'OVCAR4_OVARY', 'PC3_PROSTATE', 'PECAPJ49_UPPER_AERODIGESTIVE_TRACT', 'RD_SOFT_TISSUE', 'SKMEL2_SKIN', 'SKMEL30_SKIN', 'SNU1079_BILIARY_TRACT', 'SNU1214_UPPER_AERODIGESTIVE_TRACT', 'SNU308_BILIARY_TRACT', 'SNU738_CENTRAL_NERVOUS_SYSTEM', 'SU8686_PANCREAS', 'SW1271_LUNG', 'T47D_BREAST', 'TE14_OESOPHAGUS', 'UACC257_SKIN', 'UMUC1_URINARY_TRACT', 'ZR751_BREAST']",2,0.11774297913167098,mlp,1.0,mae,42
2,X_pca,122,103,103,19,31,"['ACCMESO1_PLEURA', 'COLO792_SKIN', 'DETROIT562_UPPER_AERODIGESTIVE_TRACT', 'EKVX_LUNG', 'GOS3_CENTRAL_NERVOUS_SYSTEM', 'HEP3B217_LIVER', 'HMC18_BREAST', 'HUH28_BILIARY_TRACT', 'IGR37_SKIN', 'KALS1_CENTRAL_NERVOUS_SYSTEM', 'KYSE520_OESOPHAGUS', 'LMSU_STOMACH', 'LNCAPCLONEFGC_PROSTATE', 'MFE319_ENDOMETRIUM', 'NCIH1299_LUNG', 'NCIH1944_LUNG', 'NCIH522_LUNG', 'ONCODG1_OVARY', 'OVSAHO_OVARY', 'OVTOKO_OVARY', 'PATU8988S_PANCREAS', 'SCC25_UPPER_AERODIGESTIVE_TRACT', 'SCC9_UPPER_AERODIGESTIVE_TRACT', 'SKES1_BONE', 'SKNAS_AUTONOMIC_GANGLIA', 'SNU899_UPPER_AERODIGESTIVE_TRACT', 'TE6_OESOPHAGUS', 'TE9_OESOPHAGUS', 'TM31_CENTRAL_NERVOUS_SYSTEM', 'TOV112D_OVARY', 'VMRCRCZ_KIDNEY']",2,0.1316827391451574,mlp,1.0,mae,42
3,X_pca,122,103,103,19,31,"['A375_SKIN', 'BHY_UPPER_AERODIGESTIVE_TRACT', 'BICR31_UPPER_AERODIGESTIVE_TRACT', 'BICR56_UPPER_AERODIGESTIVE_TRACT', 'CALU6_LUNG', 'CAMA1_BREAST', 'COLO741_SKIN', 'EBC1_LUNG', 'FTC133_THYROID', 'HCC56_LARGE_INTESTINE', 'HDQP1_BREAST', 'HEC251_ENDOMETRIUM', 'HS852T_SKIN', 'JHH6_LIVER', 'KPL1_BREAST', 'LS180_LARGE_INTESTINE', 'NCIH1373_LUNG', 'NCIH1435_LUNG', 'NCIH2228_LUNG', 'NCIH2444_LUNG', 'NCIH2452_PLEURA', 'NCIH292_LUNG', 'NCIH446_LUNG', 'NCIH460_LUNG', 'OSRC2_KIDNEY', 'PANC0203_PANCREAS', 'RCM1_LARGE_INTESTINE', 'SNU449_LIVER', 'SQ1_LUNG', 'SW579_THYROID', 'TCCSUP_URINARY_TRACT']",3,0.12169733426761821,mlp,1.0,mae,42
4,X_pca,122,103,103,19,31,"['42MGBA_CENTRAL_NERVOUS_SYSTEM', '8305C_THYROID', 'A204_SOFT_TISSUE', 'ASPC1_PANCREAS', 'BCPAP_THYROID', 'BT474_BREAST', 'CAKI2_KIDNEY', 'COV434_OVARY', 'EFE184_ENDOMETRIUM', 'HEC151_ENDOMETRIUM', 'HOS_BONE', 'HT1197_URINARY_TRACT', 'HUH6_LIVER', 'IALM_LUNG', 'IM95_STOMACH', 'KNS42_CENTRAL_NERVOUS_SYSTEM', 'LI7_LIVER', 'LS1034_LARGE_INTESTINE', 'NCIH1792_LUNG', 'NCIH2126_LUNG', 'NCIH2170_LUNG', 'PK45H_PANCREAS', 'RVH421_SKIN', 'SKMEL5_SKIN', 'SNU423_LIVER', 'SNU46_UPPER_AERODIGESTIVE_TRACT', 'SW1088_CENTRAL_NERVOUS_SYSTEM', 'TE10_OESOPHAGUS', 'TE1_OESOPHAGUS', 'VMCUB1_URINARY_TRACT', 'YD38_UPPER_AERODIGESTIVE_TRACT']",9,0.14549173418370887,mlp,1.0,mae,42
5,X_pca,122,103,103,19,31,"['A2058_SKIN', 'BFTC909_KIDNEY', 'BICR16_UPPER_AERODIGESTIVE_TRACT', 'BICR6_UPPER_AERODIGESTIVE_TRACT', 'CCFSTTG1_CENTRAL_NERVOUS_SYSTEM', 'DKMG_CENTRAL_NERVOUS_SYSTEM', 'EFM192A_BREAST', 'HCC1428_BREAST', 'HCC366_LUNG', 'HCC38_BREAST', 'HT1080_SOFT_TISSUE', 'HUPT3_PANCREAS', 'HUPT4_PANCREAS', 'IGR1_SKIN', 'JHOC5_OVARY', 'KPNSI9S_AUTONOMIC_GANGLIA', 'MKN7_STOMACH', 'NCIH2087_LUNG', 'NCIH650_LUNG', 'NCIH747_LARGE_INTESTINE', 'OAW28_OVARY', 'OUMS23_LARGE_INTESTINE', 'OVK18_OVARY', 'PK59_PANCREAS', 'RCC10RGB_KIDNEY', 'RERFLCAD1_LUNG', 'RERFLCAI_LUNG', 'RT4_URINARY_TRACT', 'SH10TC_STOMACH', 'SNUC4_LARGE_INTESTINE', 'SW1990_PANCREAS']",4,0.16365781781707234,mlp,1.0,mae,42
1,X_pca,124,105,105,19,29,"['BT549_BREAST', 'CAS1_CENTRAL_NERVOUS_SYSTEM', 'HEC6_ENDOMETRIUM', 'HT55_LARGE_INTESTINE', 'KMRC3_KIDNEY', 'MCF7_BREAST', 'MDAMB361_BREAST', 'MKN45_STOMACH', 'MSTO211H_PLEURA', 'NCIH2110_LUNG', 'NCIH226_LUNG', 'NCIH358_LUNG', 'OVCAR4_OVARY', 'PC3_PROSTATE', 'PECAPJ49_UPPER_AERODIGESTIVE_TRACT', 'RD_SOFT_TISSUE', 'SKMEL2_SKIN', 'SKMEL30_SKIN', 'SNU1079_BILIARY_TRACT', 'SNU1214_UPPER_AERODIGESTIVE_TRACT', 'SNU308_BILIARY_TRACT', 'SNU738_CENTRAL_NERVOUS_SYSTEM', 'SU8686_PANCREAS', 'SW1271_LUNG', 'T47D_BREAST', 'TE14_OESOPHAGUS', 'UACC257_SKIN', 'UMUC1_URINARY_TRACT', 'ZR751_BREAST']",3,0.12014288716277519,mlp,1.0,mae,43
2,X_pca,122,103,103,19,31,"['ACCMESO1_PLEURA', 'COLO792_SKIN', 'DETROIT562_UPPER_AERODIGESTIVE_TRACT', 'EKVX_LUNG', 'GOS3_CENTRAL_NERVOUS_SYSTEM', 'HEP3B217_LIVER', 'HMC18_BREAST', 'HUH28_BILIARY_TRACT', 'IGR37_SKIN', 'KALS1_CENTRAL_NERVOUS_SYSTEM', 'KYSE520_OESOPHAGUS', 'LMSU_STOMACH', 'LNCAPCLONEFGC_PROSTATE', 'MFE319_ENDOMETRIUM', 'NCIH1299_LUNG', 'NCIH1944_LUNG', 'NCIH522_LUNG', 'ONCODG1_OVARY', 'OVSAHO_OVARY', 'OVTOKO_OVARY', 'PATU8988S_PANCREAS', 'SCC25_UPPER_AERODIGESTIVE_TRACT', 'SCC9_UPPER_AERODIGESTIVE_TRACT', 'SKES1_BONE', 'SKNAS_AUTONOMIC_GANGLIA', 'SNU899_UPPER_AERODIGESTIVE_TRACT', 'TE6_OESOPHAGUS', 'TE9_OESOPHAGUS', 'TM31_CENTRAL_NERVOUS_SYSTEM', 'TOV112D_OVARY', 'VMRCRCZ_KIDNEY']",10,0.13385937769824605,mlp,1.0,mae,43
3,X_pca,122,103,103,19,31,"['A375_SKIN', 'BHY_UPPER_AERODIGESTIVE_TRACT', 'BICR31_UPPER_AERODIGESTIVE_TRACT', 'BICR56_UPPER_AERODIGESTIVE_TRACT', 'CALU6_LUNG', 'CAMA1_BREAST', 'COLO741_SKIN', 'EBC1_LUNG', 'FTC133_THYROID', 'HCC56_LARGE_INTESTINE', 'HDQP1_BREAST', 'HEC251_ENDOMETRIUM', 'HS852T_SKIN', 'JHH6_LIVER', 'KPL1_BREAST', 'LS180_LARGE_INTESTINE', 'NCIH1373_LUNG', 'NCIH1435_LUNG', 'NCIH2228_LUNG', 'NCIH2444_LUNG', 'NCIH2452_PLEURA', 'NCIH292_LUNG', 'NCIH446_LUNG', 'NCIH460_LUNG', 'OSRC2_KIDNEY', 'PANC0203_PANCREAS', 'RCM1_LARGE_INTESTINE', 'SNU449_LIVER', 'SQ1_LUNG', 'SW579_THYROID', 'TCCSUP_URINARY_TRACT']",1,0.12251855714692768,mlp,1.0,mae,43
4,X_pca,122,103,103,19,31,"['42MGBA_CENTRAL_NERVOUS_SYSTEM', '8305C_THYROID', 'A204_SOFT_TISSUE', 'ASPC1_PANCREAS', 'BCPAP_THYROID', 'BT474_BREAST', 'CAKI2_KIDNEY', 'COV434_OVARY', 'EFE184_ENDOMETRIUM', 'HEC151_ENDOMETRIUM', 'HOS_BONE', 'HT1197_URINARY_TRACT', 'HUH6_LIVER', 'IALM_LUNG', 'IM95_STOMACH', 'KNS42_CENTRAL_NERVOUS_SYSTEM', 'LI7_LIVER', 'LS1034_LARGE_INTESTINE', 'NCIH1792_LUNG', 'NCIH2126_LUNG', 'NCIH2170_LUNG', 'PK45H_PANCREAS', 'RVH421_SKIN', 'SKMEL5_SKIN', 'SNU423_LIVER', 'SNU46_UPPER_AERODIGESTIVE_TRACT', 'SW1088_CENTRAL_NERVOUS_SYSTEM', 'TE10_OESOPHAGUS', 'TE1_OESOPHAGUS', 'VMCUB1_URINARY_TRACT', 'YD38_UPPER_AERODIGESTIVE_TRACT']",3,0.14603827571339142,mlp,1.0,mae,43
5,X_pca,122,103,103,19,31,"['A2058_SKIN', 'BFTC909_KIDNEY', 'BICR16_UPPER_AERODIGESTIVE_TRACT', 'BICR6_UPPER_AERODIGESTIVE_TRACT', 'CCFSTTG1_CENTRAL_NERVOUS_SYSTEM', 'DKMG_CENTRAL_NERVOUS_SYSTEM', 'EFM192A_BREAST', 'HCC1428_BREAST', 'HCC366_LUNG', 'HCC38_BREAST', 'HT1080_SOFT_TISSUE', 'HUPT3_PANCREAS', 'HUPT4_PANCREAS', 'IGR1_SKIN', 'JHOC5_OVARY', 'KPNSI9S_AUTONOMIC_GANGLIA', 'MKN7_STOMACH', 'NCIH2087_LUNG', 'NCIH650_LUNG', 'NCIH747_LARGE_INTESTINE', 'OAW28_OVARY', 'OUMS23_LARGE_INTESTINE', 'OVK18_OVARY', 'PK59_PANCREAS', 'RCC10RGB_KIDNEY', 'RERFLCAD1_LUNG', 'RERFLCAI_LUNG', 'RT4_URINARY_TRACT', 'SH10TC_STOMACH', 'SNUC4_LARGE_INTESTINE', 'SW1990_PANCREAS']",1,0.15758830484358222,mlp,1.0,mae,43
1,X_pca,124,105,105,19,29,"['BT549_BREAST', 'CAS1_CENTRAL_NERVOUS_SYSTEM', 'HEC6_ENDOMETRIUM', 'HT55_LARGE_INTESTINE', 'KMRC3_KIDNEY', 'MCF7_BREAST', 'MDAMB361_BREAST', 'MKN45_STOMACH', 'MSTO211H_PLEURA', 'NCIH2110_LUNG', 'NCIH226_LUNG', 'NCIH358_LUNG', 'OVCAR4_OVARY', 'PC3_PROSTATE', 'PECAPJ49_UPPER_AERODIGESTIVE_TRACT', 'RD_SOFT_TISSUE', 'SKMEL2_SKIN', 'SKMEL30_SKIN', 'SNU1079_BILIARY_TRACT', 'SNU1214_UPPER_AERODIGESTIVE_TRACT', 'SNU308_BILIARY_TRACT', 'SNU738_CENTRAL_NERVOUS_SYSTEM', 'SU8686_PANCREAS', 'SW1271_LUNG', 'T47D_BREAST', 'TE14_OESOPHAGUS', 'UACC257_SKIN', 'UMUC1_URINARY_TRACT', 'ZR751_BREAST']",3,0.11961141795302024,mlp,1.0,mae,44
2,X_pca,122,103,103,19,31,"['ACCMESO1_PLEURA', 'COLO792_SKIN', 'DETROIT562_UPPER_AERODIGESTIVE_TRACT', 'EKVX_LUNG', 'GOS3_CENTRAL_NERVOUS_SYSTEM', 'HEP3B217_LIVER', 'HMC18_BREAST', 'HUH28_BILIARY_TRACT', 'IGR37_SKIN', 'KALS1_CENTRAL_NERVOUS_SYSTEM', 'KYSE520_OESOPHAGUS', 'LMSU_STOMACH', 'LNCAPCLONEFGC_PROSTATE', 'MFE319_ENDOMETRIUM', 'NCIH1299_LUNG', 'NCIH1944_LUNG', 'NCIH522_LUNG', 'ONCODG1_OVARY', 'OVSAHO_OVARY', 'OVTOKO_OVARY', 'PATU8988S_PANCREAS', 'SCC25_UPPER_AERODIGESTIVE_TRACT', 'SCC9_UPPER_AERODIGESTIVE_TRACT', 'SKES1_BONE', 'SKNAS_AUTONOMIC_GANGLIA', 'SNU899_UPPER_AERODIGESTIVE_TRACT', 'TE6_OESOPHAGUS', 'TE9_OESOPHAGUS', 'TM31_CENTRAL_NERVOUS_SYSTEM', 'TOV112D_OVARY', 'VMRCRCZ_KIDNEY']",6,0.13265431646996378,mlp,1.0,mae,44
3,X_pca,122,103,103,19,31,"['A375_SKIN', 'BHY_UPPER_AERODIGESTIVE_TRACT', 'BICR31_UPPER_AERODIGESTIVE_TRACT', 'BICR56_UPPER_AERODIGESTIVE_TRACT', 'CALU6_LUNG', 'CAMA1_BREAST', 'COLO741_SKIN', 'EBC1_LUNG', 'FTC133_THYROID', 'HCC56_LARGE_INTESTINE', 'HDQP1_BREAST', 'HEC251_ENDOMETRIUM', 'HS852T_SKIN', 'JHH6_LIVER', 'KPL1_BREAST', 'LS180_LARGE_INTESTINE', 'NCIH1373_LUNG', 'NCIH1435_LUNG', 'NCIH2228_LUNG', 'NCIH2444_LUNG', 'NCIH2452_PLEURA', 'NCIH292_LUNG', 'NCIH446_LUNG', 'NCIH460_LUNG', 'OSRC2_KIDNEY', 'PANC0203_PANCREAS', 'RCM1_LARGE_INTESTINE', 'SNU449_LIVER', 'SQ1_LUNG', 'SW579_THYROID', 'TCCSUP_URINARY_TRACT']",2,0.12247577997926128,mlp,1.0,mae,44
4,X_pca,122,103,103,19,31,"['42MGBA_CENTRAL_NERVOUS_SYSTEM', '8305C_THYROID', 'A204_SOFT_TISSUE', 'ASPC1_PANCREAS', 'BCPAP_THYROID', 'BT474_BREAST', 'CAKI2_KIDNEY', 'COV434_OVARY', 'EFE184_ENDOMETRIUM', 'HEC151_ENDOMETRIUM', 'HOS_BONE', 'HT1197_URINARY_TRACT', 'HUH6_LIVER', 'IALM_LUNG', 'IM95_STOMACH', 'KNS42_CENTRAL_NERVOUS_SYSTEM', 'LI7_LIVER', 'LS1034_LARGE_INTESTINE', 'NCIH1792_LUNG', 'NCIH2126_LUNG', 'NCIH2170_LUNG', 'PK45H_PANCREAS', 'RVH421_SKIN', 'SKMEL5_SKIN', 'SNU423_LIVER', 'SNU46_UPPER_AERODIGESTIVE_TRACT', 'SW1088_CENTRAL_NERVOUS_SYSTEM', 'TE10_OESOPHAGUS', 'TE1_OESOPHAGUS', 'VMCUB1_URINARY_TRACT', 'YD38_UPPER_AERODIGESTIVE_TRACT']",4,0.1468088525542543,mlp,1.0,mae,44
5,X_pca,122,103,103,19,31,"['A2058_SKIN', 'BFTC909_KIDNEY', 'BICR16_UPPER_AERODIGESTIVE_TRACT', 'BICR6_UPPER_AERODIGESTIVE_TRACT', 'CCFSTTG1_CENTRAL_NERVOUS_SYSTEM', 'DKMG_CENTRAL_NERVOUS_SYSTEM', 'EFM192A_BREAST', 'HCC1428_BREAST', 'HCC366_LUNG', 'HCC38_BREAST', 'HT1080_SOFT_TISSUE', 'HUPT3_PANCREAS', 'HUPT4_PANCREAS', 'IGR1_SKIN', 'JHOC5_OVARY', 'KPNSI9S_AUTONOMIC_GANGLIA', 'MKN7_STOMACH', 'NCIH2087_LUNG', 'NCIH650_LUNG', 'NCIH747_LARGE_INTESTINE', 'OAW28_OVARY', 'OUMS23_LARGE_INTESTINE', 'OVK18_OVARY', 'PK59_PANCREAS', 'RCC10RGB_KIDNEY', 'RERFLCAD1_LUNG', 'RERFLCAI_LUNG', 'RT4_URINARY_TRACT', 'SH10TC_STOMACH', 'SNUC4_LARGE_INTESTINE', 'SW1990_PANCREAS']",6,0.15815127822784222,mlp,1.0,mae,44
1,X_scGPT,124,105,105,19,29,"['BT549_BREAST', 'CAS1_CENTRAL_NERVOUS_SYSTEM', 'HEC6_ENDOMETRIUM', 'HT55_LARGE_INTESTINE', 'KMRC3_KIDNEY', 'MCF7_BREAST', 'MDAMB361_BREAST', 'MKN45_STOMACH', 'MSTO211H_PLEURA', 'NCIH2110_LUNG', 'NCIH226_LUNG', 'NCIH358_LUNG', 'OVCAR4_OVARY', 'PC3_PROSTATE', 'PECAPJ49_UPPER_AERODIGESTIVE_TRACT', 'RD_SOFT_TISSUE', 'SKMEL2_SKIN', 'SKMEL30_SKIN', 'SNU1079_BILIARY_TRACT', 'SNU1214_UPPER_AERODIGESTIVE_TRACT', 'SNU308_BILIARY_TRACT', 'SNU738_CENTRAL_NERVOUS_SYSTEM', 'SU8686_PANCREAS', 'SW1271_LUNG', 'T47D_BREAST', 'TE14_OESOPHAGUS', 'UACC257_SKIN', 'UMUC1_URINARY_TRACT', 'ZR751_BREAST']",6,0.014243420118869988,mlp,0.0,mse,42
2,X_scGPT,122,103,103,19,31,"['ACCMESO1_PLEURA', 'COLO792_SKIN', 'DETROIT562_UPPER_AERODIGESTIVE_TRACT', 'EKVX_LUNG', 'GOS3_CENTRAL_NERVOUS_SYSTEM', 'HEP3B217_LIVER', 'HMC18_BREAST', 'HUH28_BILIARY_TRACT', 'IGR37_SKIN', 'KALS1_CENTRAL_NERVOUS_SYSTEM', 'KYSE520_OESOPHAGUS', 'LMSU_STOMACH', 'LNCAPCLONEFGC_PROSTATE', 'MFE319_ENDOMETRIUM', 'NCIH1299_LUNG', 'NCIH1944_LUNG', 'NCIH522_LUNG', 'ONCODG1_OVARY', 'OVSAHO_OVARY', 'OVTOKO_OVARY', 'PATU8988S_PANCREAS', 'SCC25_UPPER_AERODIGESTIVE_TRACT', 'SCC9_UPPER_AERODIGESTIVE_TRACT', 'SKES1_BONE', 'SKNAS_AUTONOMIC_GANGLIA', 'SNU899_UPPER_AERODIGESTIVE_TRACT', 'TE6_OESOPHAGUS', 'TE9_OESOPHAGUS', 'TM31_CENTRAL_NERVOUS_SYSTEM', 'TOV112D_OVARY', 'VMRCRCZ_KIDNEY']",2,0.014811959722548937,mlp,0.0,mse,42
3,X_scGPT,122,103,103,19,31,"['A375_SKIN', 'BHY_UPPER_AERODIGESTIVE_TRACT', 'BICR31_UPPER_AERODIGESTIVE_TRACT', 'BICR56_UPPER_AERODIGESTIVE_TRACT', 'CALU6_LUNG', 'CAMA1_BREAST', 'COLO741_SKIN', 'EBC1_LUNG', 'FTC133_THYROID', 'HCC56_LARGE_INTESTINE', 'HDQP1_BREAST', 'HEC251_ENDOMETRIUM', 'HS852T_SKIN', 'JHH6_LIVER', 'KPL1_BREAST', 'LS180_LARGE_INTESTINE', 'NCIH1373_LUNG', 'NCIH1435_LUNG', 'NCIH2228_LUNG', 'NCIH2444_LUNG', 'NCIH2452_PLEURA', 'NCIH292_LUNG', 'NCIH446_LUNG', 'NCIH460_LUNG', 'OSRC2_KIDNEY', 'PANC0203_PANCREAS', 'RCM1_LARGE_INTESTINE', 'SNU449_LIVER', 'SQ1_LUNG', 'SW579_THYROID', 'TCCSUP_URINARY_TRACT']",10,0.015596540446325396,mlp,0.0,mse,42
4,X_scGPT,122,103,103,19,31,"['42MGBA_CENTRAL_NERVOUS_SYSTEM', '8305C_THYROID', 'A204_SOFT_TISSUE', 'ASPC1_PANCREAS', 'BCPAP_THYROID', 'BT474_BREAST', 'CAKI2_KIDNEY', 'COV434_OVARY', 'EFE184_ENDOMETRIUM', 'HEC151_ENDOMETRIUM', 'HOS_BONE', 'HT1197_URINARY_TRACT', 'HUH6_LIVER', 'IALM_LUNG', 'IM95_STOMACH', 'KNS42_CENTRAL_NERVOUS_SYSTEM', 'LI7_LIVER', 'LS1034_LARGE_INTESTINE', 'NCIH1792_LUNG', 'NCIH2126_LUNG', 'NCIH2170_LUNG', 'PK45H_PANCREAS', 'RVH421_SKIN', 'SKMEL5_SKIN', 'SNU423_LIVER', 'SNU46_UPPER_AERODIGESTIVE_TRACT', 'SW1088_CENTRAL_NERVOUS_SYSTEM', 'TE10_OESOPHAGUS', 'TE1_OESOPHAGUS', 'VMCUB1_URINARY_TRACT', 'YD38_UPPER_AERODIGESTIVE_TRACT']",1,0.020246461196979655,mlp,0.0,mse,42
5,X_scGPT,122,103,103,19,31,"['A2058_SKIN', 'BFTC909_KIDNEY', 'BICR16_UPPER_AERODIGESTIVE_TRACT', 'BICR6_UPPER_AERODIGESTIVE_TRACT', 'CCFSTTG1_CENTRAL_NERVOUS_SYSTEM', 'DKMG_CENTRAL_NERVOUS_SYSTEM', 'EFM192A_BREAST', 'HCC1428_BREAST', 'HCC366_LUNG', 'HCC38_BREAST', 'HT1080_SOFT_TISSUE', 'HUPT3_PANCREAS', 'HUPT4_PANCREAS', 'IGR1_SKIN', 'JHOC5_OVARY', 'KPNSI9S_AUTONOMIC_GANGLIA', 'MKN7_STOMACH', 'NCIH2087_LUNG', 'NCIH650_LUNG', 'NCIH747_LARGE_INTESTINE', 'OAW28_OVARY', 'OUMS23_LARGE_INTESTINE', 'OVK18_OVARY', 'PK59_PANCREAS', 'RCC10RGB_KIDNEY', 'RERFLCAD1_LUNG', 'RERFLCAI_LUNG', 'RT4_URINARY_TRACT', 'SH10TC_STOMACH', 'SNUC4_LARGE_INTESTINE', 'SW1990_PANCREAS']",15,0.022247477769105378,mlp,0.0,mse,42
1,X_scGPT,124,105,105,19,29,"['BT549_BREAST', 'CAS1_CENTRAL_NERVOUS_SYSTEM', 'HEC6_ENDOMETRIUM', 'HT55_LARGE_INTESTINE', 'KMRC3_KIDNEY', 'MCF7_BREAST', 'MDAMB361_BREAST', 'MKN45_STOMACH', 'MSTO211H_PLEURA', 'NCIH2110_LUNG', 'NCIH226_LUNG', 'NCIH358_LUNG', 'OVCAR4_OVARY', 'PC3_PROSTATE', 'PECAPJ49_UPPER_AERODIGESTIVE_TRACT', 'RD_SOFT_TISSUE', 'SKMEL2_SKIN', 'SKMEL30_SKIN', 'SNU1079_BILIARY_TRACT', 'SNU1214_UPPER_AERODIGESTIVE_TRACT', 'SNU308_BILIARY_TRACT', 'SNU738_CENTRAL_NERVOUS_SYSTEM', 'SU8686_PANCREAS', 'SW1271_LUNG', 'T47D_BREAST', 'TE14_OESOPHAGUS', 'UACC257_SKIN', 'UMUC1_URINARY_TRACT', 'ZR751_BREAST']",9,0.014187942378007402,mlp,0.0,mse,43
2,X_scGPT,122,103,103,19,31,"['ACCMESO1_PLEURA', 'COLO792_SKIN', 'DETROIT562_UPPER_AERODIGESTIVE_TRACT', 'EKVX_LUNG', 'GOS3_CENTRAL_NERVOUS_SYSTEM', 'HEP3B217_LIVER', 'HMC18_BREAST', 'HUH28_BILIARY_TRACT', 'IGR37_SKIN', 'KALS1_CENTRAL_NERVOUS_SYSTEM', 'KYSE520_OESOPHAGUS', 'LMSU_STOMACH', 'LNCAPCLONEFGC_PROSTATE', 'MFE319_ENDOMETRIUM', 'NCIH1299_LUNG', 'NCIH1944_LUNG', 'NCIH522_LUNG', 'ONCODG1_OVARY', 'OVSAHO_OVARY', 'OVTOKO_OVARY', 'PATU8988S_PANCREAS', 'SCC25_UPPER_AERODIGESTIVE_TRACT', 'SCC9_UPPER_AERODIGESTIVE_TRACT', 'SKES1_BONE', 'SKNAS_AUTONOMIC_GANGLIA', 'SNU899_UPPER_AERODIGESTIVE_TRACT', 'TE6_OESOPHAGUS', 'TE9_OESOPHAGUS', 'TM31_CENTRAL_NERVOUS_SYSTEM', 'TOV112D_OVARY', 'VMRCRCZ_KIDNEY']",2,0.014505430054298081,mlp,0.0,mse,43
3,X_scGPT,122,103,103,19,31,"['A375_SKIN', 'BHY_UPPER_AERODIGESTIVE_TRACT', 'BICR31_UPPER_AERODIGESTIVE_TRACT', 'BICR56_UPPER_AERODIGESTIVE_TRACT', 'CALU6_LUNG', 'CAMA1_BREAST', 'COLO741_SKIN', 'EBC1_LUNG', 'FTC133_THYROID', 'HCC56_LARGE_INTESTINE', 'HDQP1_BREAST', 'HEC251_ENDOMETRIUM', 'HS852T_SKIN', 'JHH6_LIVER', 'KPL1_BREAST', 'LS180_LARGE_INTESTINE', 'NCIH1373_LUNG', 'NCIH1435_LUNG', 'NCIH2228_LUNG', 'NCIH2444_LUNG', 'NCIH2452_PLEURA', 'NCIH292_LUNG', 'NCIH446_LUNG', 'NCIH460_LUNG', 'OSRC2_KIDNEY', 'PANC0203_PANCREAS', 'RCM1_LARGE_INTESTINE', 'SNU449_LIVER', 'SQ1_LUNG', 'SW579_THYROID', 'TCCSUP_URINARY_TRACT']",11,0.015536225637675021,mlp,0.0,mse,43
4,X_scGPT,122,103,103,19,31,"['42MGBA_CENTRAL_NERVOUS_SYSTEM', '8305C_THYROID', 'A204_SOFT_TISSUE', 'ASPC1_PANCREAS', 'BCPAP_THYROID', 'BT474_BREAST', 'CAKI2_KIDNEY', 'COV434_OVARY', 'EFE184_ENDOMETRIUM', 'HEC151_ENDOMETRIUM', 'HOS_BONE', 'HT1197_URINARY_TRACT', 'HUH6_LIVER', 'IALM_LUNG', 'IM95_STOMACH', 'KNS42_CENTRAL_NERVOUS_SYSTEM', 'LI7_LIVER', 'LS1034_LARGE_INTESTINE', 'NCIH1792_LUNG', 'NCIH2126_LUNG', 'NCIH2170_LUNG', 'PK45H_PANCREAS', 'RVH421_SKIN', 'SKMEL5_SKIN', 'SNU423_LIVER', 'SNU46_UPPER_AERODIGESTIVE_TRACT', 'SW1088_CENTRAL_NERVOUS_SYSTEM', 'TE10_OESOPHAGUS', 'TE1_OESOPHAGUS', 'VMCUB1_URINARY_TRACT', 'YD38_UPPER_AERODIGESTIVE_TRACT']",1,0.01976256169940577,mlp,0.0,mse,43
5,X_scGPT,122,103,103,19,31,"['A2058_SKIN', 'BFTC909_KIDNEY', 'BICR16_UPPER_AERODIGESTIVE_TRACT', 'BICR6_UPPER_AERODIGESTIVE_TRACT', 'CCFSTTG1_CENTRAL_NERVOUS_SYSTEM', 'DKMG_CENTRAL_NERVOUS_SYSTEM', 'EFM192A_BREAST', 'HCC1428_BREAST', 'HCC366_LUNG', 'HCC38_BREAST', 'HT1080_SOFT_TISSUE', 'HUPT3_PANCREAS', 'HUPT4_PANCREAS', 'IGR1_SKIN', 'JHOC5_OVARY', 'KPNSI9S_AUTONOMIC_GANGLIA', 'MKN7_STOMACH', 'NCIH2087_LUNG', 'NCIH650_LUNG', 'NCIH747_LARGE_INTESTINE', 'OAW28_OVARY', 'OUMS23_LARGE_INTESTINE', 'OVK18_OVARY', 'PK59_PANCREAS', 'RCC10RGB_KIDNEY', 'RERFLCAD1_LUNG', 'RERFLCAI_LUNG', 'RT4_URINARY_TRACT', 'SH10TC_STOMACH', 'SNUC4_LARGE_INTESTINE', 'SW1990_PANCREAS']",14,0.023674366520583953,mlp,0.0,mse,43
1,X_scGPT,124,105,105,19,29,"['BT549_BREAST', 'CAS1_CENTRAL_NERVOUS_SYSTEM', 'HEC6_ENDOMETRIUM', 'HT55_LARGE_INTESTINE', 'KMRC3_KIDNEY', 'MCF7_BREAST', 'MDAMB361_BREAST', 'MKN45_STOMACH', 'MSTO211H_PLEURA', 'NCIH2110_LUNG', 'NCIH226_LUNG', 'NCIH358_LUNG', 'OVCAR4_OVARY', 'PC3_PROSTATE', 'PECAPJ49_UPPER_AERODIGESTIVE_TRACT', 'RD_SOFT_TISSUE', 'SKMEL2_SKIN', 'SKMEL30_SKIN', 'SNU1079_BILIARY_TRACT', 'SNU1214_UPPER_AERODIGESTIVE_TRACT', 'SNU308_BILIARY_TRACT', 'SNU738_CENTRAL_NERVOUS_SYSTEM', 'SU8686_PANCREAS', 'SW1271_LUNG', 'T47D_BREAST', 'TE14_OESOPHAGUS', 'UACC257_SKIN', 'UMUC1_URINARY_TRACT', 'ZR751_BREAST']",13,0.0139329398822802,mlp,0.0,mse,44
2,X_scGPT,122,103,103,19,31,"['ACCMESO1_PLEURA', 'COLO792_SKIN', 'DETROIT562_UPPER_AERODIGESTIVE_TRACT', 'EKVX_LUNG', 'GOS3_CENTRAL_NERVOUS_SYSTEM', 'HEP3B217_LIVER', 'HMC18_BREAST', 'HUH28_BILIARY_TRACT', 'IGR37_SKIN', 'KALS1_CENTRAL_NERVOUS_SYSTEM', 'KYSE520_OESOPHAGUS', 'LMSU_STOMACH', 'LNCAPCLONEFGC_PROSTATE', 'MFE319_ENDOMETRIUM', 'NCIH1299_LUNG', 'NCIH1944_LUNG', 'NCIH522_LUNG', 'ONCODG1_OVARY', 'OVSAHO_OVARY', 'OVTOKO_OVARY', 'PATU8988S_PANCREAS', 'SCC25_UPPER_AERODIGESTIVE_TRACT', 'SCC9_UPPER_AERODIGESTIVE_TRACT', 'SKES1_BONE', 'SKNAS_AUTONOMIC_GANGLIA', 'SNU899_UPPER_AERODIGESTIVE_TRACT', 'TE6_OESOPHAGUS', 'TE9_OESOPHAGUS', 'TM31_CENTRAL_NERVOUS_SYSTEM', 'TOV112D_OVARY', 'VMRCRCZ_KIDNEY']",3,0.015290680751889024,mlp,0.0,mse,44
3,X_scGPT,122,103,103,19,31,"['A375_SKIN', 'BHY_UPPER_AERODIGESTIVE_TRACT', 'BICR31_UPPER_AERODIGESTIVE_TRACT', 'BICR56_UPPER_AERODIGESTIVE_TRACT', 'CALU6_LUNG', 'CAMA1_BREAST', 'COLO741_SKIN', 'EBC1_LUNG', 'FTC133_THYROID', 'HCC56_LARGE_INTESTINE', 'HDQP1_BREAST', 'HEC251_ENDOMETRIUM', 'HS852T_SKIN', 'JHH6_LIVER', 'KPL1_BREAST', 'LS180_LARGE_INTESTINE', 'NCIH1373_LUNG', 'NCIH1435_LUNG', 'NCIH2228_LUNG', 'NCIH2444_LUNG', 'NCIH2452_PLEURA', 'NCIH292_LUNG', 'NCIH446_LUNG', 'NCIH460_LUNG', 'OSRC2_KIDNEY', 'PANC0203_PANCREAS', 'RCM1_LARGE_INTESTINE', 'SNU449_LIVER', 'SQ1_LUNG', 'SW579_THYROID', 'TCCSUP_URINARY_TRACT']",8,0.015528128251127845,mlp,0.0,mse,44
4,X_scGPT,122,103,103,19,31,"['42MGBA_CENTRAL_NERVOUS_SYSTEM', '8305C_THYROID', 'A204_SOFT_TISSUE', 'ASPC1_PANCREAS', 'BCPAP_THYROID', 'BT474_BREAST', 'CAKI2_KIDNEY', 'COV434_OVARY', 'EFE184_ENDOMETRIUM', 'HEC151_ENDOMETRIUM', 'HOS_BONE', 'HT1197_URINARY_TRACT', 'HUH6_LIVER', 'IALM_LUNG', 'IM95_STOMACH', 'KNS42_CENTRAL_NERVOUS_SYSTEM', 'LI7_LIVER', 'LS1034_LARGE_INTESTINE', 'NCIH1792_LUNG', 'NCIH2126_LUNG', 'NCIH2170_LUNG', 'PK45H_PANCREAS', 'RVH421_SKIN', 'SKMEL5_SKIN', 'SNU423_LIVER', 'SNU46_UPPER_AERODIGESTIVE_TRACT', 'SW1088_CENTRAL_NERVOUS_SYSTEM', 'TE10_OESOPHAGUS', 'TE1_OESOPHAGUS', 'VMCUB1_URINARY_TRACT', 'YD38_UPPER_AERODIGESTIVE_TRACT']",1,0.02009873167205074,mlp,0.0,mse,44
5,X_scGPT,122,103,103,19,31,"['A2058_SKIN', 'BFTC909_KIDNEY', 'BICR16_UPPER_AERODIGESTIVE_TRACT', 'BICR6_UPPER_AERODIGESTIVE_TRACT', 'CCFSTTG1_CENTRAL_NERVOUS_SYSTEM', 'DKMG_CENTRAL_NERVOUS_SYSTEM', 'EFM192A_BREAST', 'HCC1428_BREAST', 'HCC366_LUNG', 'HCC38_BREAST', 'HT1080_SOFT_TISSUE', 'HUPT3_PANCREAS', 'HUPT4_PANCREAS', 'IGR1_SKIN', 'JHOC5_OVARY', 'KPNSI9S_AUTONOMIC_GANGLIA', 'MKN7_STOMACH', 'NCIH2087_LUNG', 'NCIH650_LUNG', 'NCIH747_LARGE_INTESTINE', 'OAW28_OVARY', 'OUMS23_LARGE_INTESTINE', 'OVK18_OVARY', 'PK59_PANCREAS', 'RCC10RGB_KIDNEY', 'RERFLCAD1_LUNG', 'RERFLCAI_LUNG', 'RT4_URINARY_TRACT', 'SH10TC_STOMACH', 'SNUC4_LARGE_INTESTINE', 'SW1990_PANCREAS']",8,0.02190245087966768,mlp,0.0,mse,44
1,X_scGPT,124,105,105,19,29,"['BT549_BREAST', 'CAS1_CENTRAL_NERVOUS_SYSTEM', 'HEC6_ENDOMETRIUM', 'HT55_LARGE_INTESTINE', 'KMRC3_KIDNEY', 'MCF7_BREAST', 'MDAMB361_BREAST', 'MKN45_STOMACH', 'MSTO211H_PLEURA', 'NCIH2110_LUNG', 'NCIH226_LUNG', 'NCIH358_LUNG', 'OVCAR4_OVARY', 'PC3_PROSTATE', 'PECAPJ49_UPPER_AERODIGESTIVE_TRACT', 'RD_SOFT_TISSUE', 'SKMEL2_SKIN', 'SKMEL30_SKIN', 'SNU1079_BILIARY_TRACT', 'SNU1214_UPPER_AERODIGESTIVE_TRACT', 'SNU308_BILIARY_TRACT', 'SNU738_CENTRAL_NERVOUS_SYSTEM', 'SU8686_PANCREAS', 'SW1271_LUNG', 'T47D_BREAST', 'TE14_OESOPHAGUS', 'UACC257_SKIN', 'UMUC1_URINARY_TRACT', 'ZR751_BREAST']",8,0.09022669457413994,mlp,0.0,mae,42
2,X_scGPT,122,103,103,19,31,"['ACCMESO1_PLEURA', 'COLO792_SKIN', 'DETROIT562_UPPER_AERODIGESTIVE_TRACT', 'EKVX_LUNG', 'GOS3_CENTRAL_NERVOUS_SYSTEM', 'HEP3B217_LIVER', 'HMC18_BREAST', 'HUH28_BILIARY_TRACT', 'IGR37_SKIN', 'KALS1_CENTRAL_NERVOUS_SYSTEM', 'KYSE520_OESOPHAGUS', 'LMSU_STOMACH', 'LNCAPCLONEFGC_PROSTATE', 'MFE319_ENDOMETRIUM', 'NCIH1299_LUNG', 'NCIH1944_LUNG', 'NCIH522_LUNG', 'ONCODG1_OVARY', 'OVSAHO_OVARY', 'OVTOKO_OVARY', 'PATU8988S_PANCREAS', 'SCC25_UPPER_AERODIGESTIVE_TRACT', 'SCC9_UPPER_AERODIGESTIVE_TRACT', 'SKES1_BONE', 'SKNAS_AUTONOMIC_GANGLIA', 'SNU899_UPPER_AERODIGESTIVE_TRACT', 'TE6_OESOPHAGUS', 'TE9_OESOPHAGUS', 'TM31_CENTRAL_NERVOUS_SYSTEM', 'TOV112D_OVARY', 'VMRCRCZ_KIDNEY']",4,0.09170312620343583,mlp,0.0,mae,42
3,X_scGPT,122,103,103,19,31,"['A375_SKIN', 'BHY_UPPER_AERODIGESTIVE_TRACT', 'BICR31_UPPER_AERODIGESTIVE_TRACT', 'BICR56_UPPER_AERODIGESTIVE_TRACT', 'CALU6_LUNG', 'CAMA1_BREAST', 'COLO741_SKIN', 'EBC1_LUNG', 'FTC133_THYROID', 'HCC56_LARGE_INTESTINE', 'HDQP1_BREAST', 'HEC251_ENDOMETRIUM', 'HS852T_SKIN', 'JHH6_LIVER', 'KPL1_BREAST', 'LS180_LARGE_INTESTINE', 'NCIH1373_LUNG', 'NCIH1435_LUNG', 'NCIH2228_LUNG', 'NCIH2444_LUNG', 'NCIH2452_PLEURA', 'NCIH292_LUNG', 'NCIH446_LUNG', 'NCIH460_LUNG', 'OSRC2_KIDNEY', 'PANC0203_PANCREAS', 'RCM1_LARGE_INTESTINE', 'SNU449_LIVER', 'SQ1_LUNG', 'SW579_THYROID', 'TCCSUP_URINARY_TRACT']",12,0.08809822810078416,mlp,0.0,mae,42
4,X_scGPT,122,103,103,19,31,"['42MGBA_CENTRAL_NERVOUS_SYSTEM', '8305C_THYROID', 'A204_SOFT_TISSUE', 'ASPC1_PANCREAS', 'BCPAP_THYROID', 'BT474_BREAST', 'CAKI2_KIDNEY', 'COV434_OVARY', 'EFE184_ENDOMETRIUM', 'HEC151_ENDOMETRIUM', 'HOS_BONE', 'HT1197_URINARY_TRACT', 'HUH6_LIVER', 'IALM_LUNG', 'IM95_STOMACH', 'KNS42_CENTRAL_NERVOUS_SYSTEM', 'LI7_LIVER', 'LS1034_LARGE_INTESTINE', 'NCIH1792_LUNG', 'NCIH2126_LUNG', 'NCIH2170_LUNG', 'PK45H_PANCREAS', 'RVH421_SKIN', 'SKMEL5_SKIN', 'SNU423_LIVER', 'SNU46_UPPER_AERODIGESTIVE_TRACT', 'SW1088_CENTRAL_NERVOUS_SYSTEM', 'TE10_OESOPHAGUS', 'TE1_OESOPHAGUS', 'VMCUB1_URINARY_TRACT', 'YD38_UPPER_AERODIGESTIVE_TRACT']",9,0.10192663715931045,mlp,0.0,mae,42
5,X_scGPT,122,103,103,19,31,"['A2058_SKIN', 'BFTC909_KIDNEY', 'BICR16_UPPER_AERODIGESTIVE_TRACT', 'BICR6_UPPER_AERODIGESTIVE_TRACT', 'CCFSTTG1_CENTRAL_NERVOUS_SYSTEM', 'DKMG_CENTRAL_NERVOUS_SYSTEM', 'EFM192A_BREAST', 'HCC1428_BREAST', 'HCC366_LUNG', 'HCC38_BREAST', 'HT1080_SOFT_TISSUE', 'HUPT3_PANCREAS', 'HUPT4_PANCREAS', 'IGR1_SKIN', 'JHOC5_OVARY', 'KPNSI9S_AUTONOMIC_GANGLIA', 'MKN7_STOMACH', 'NCIH2087_LUNG', 'NCIH650_LUNG', 'NCIH747_LARGE_INTESTINE', 'OAW28_OVARY', 'OUMS23_LARGE_INTESTINE', 'OVK18_OVARY', 'PK59_PANCREAS', 'RCC10RGB_KIDNEY', 'RERFLCAD1_LUNG', 'RERFLCAI_LUNG', 'RT4_URINARY_TRACT', 'SH10TC_STOMACH', 'SNUC4_LARGE_INTESTINE', 'SW1990_PANCREAS']",18,0.10240627313410154,mlp,0.0,mae,42
1,X_scGPT,124,105,105,19,29,"['BT549_BREAST', 'CAS1_CENTRAL_NERVOUS_SYSTEM', 'HEC6_ENDOMETRIUM', 'HT55_LARGE_INTESTINE', 'KMRC3_KIDNEY', 'MCF7_BREAST', 'MDAMB361_BREAST', 'MKN45_STOMACH', 'MSTO211H_PLEURA', 'NCIH2110_LUNG', 'NCIH226_LUNG', 'NCIH358_LUNG', 'OVCAR4_OVARY', 'PC3_PROSTATE', 'PECAPJ49_UPPER_AERODIGESTIVE_TRACT', 'RD_SOFT_TISSUE', 'SKMEL2_SKIN', 'SKMEL30_SKIN', 'SNU1079_BILIARY_TRACT', 'SNU1214_UPPER_AERODIGESTIVE_TRACT', 'SNU308_BILIARY_TRACT', 'SNU738_CENTRAL_NERVOUS_SYSTEM', 'SU8686_PANCREAS', 'SW1271_LUNG', 'T47D_BREAST', 'TE14_OESOPHAGUS', 'UACC257_SKIN', 'UMUC1_URINARY_TRACT', 'ZR751_BREAST']",9,0.0891776646349956,mlp,0.0,mae,43
2,X_scGPT,122,103,103,19,31,"['ACCMESO1_PLEURA', 'COLO792_SKIN', 'DETROIT562_UPPER_AERODIGESTIVE_TRACT', 'EKVX_LUNG', 'GOS3_CENTRAL_NERVOUS_SYSTEM', 'HEP3B217_LIVER', 'HMC18_BREAST', 'HUH28_BILIARY_TRACT', 'IGR37_SKIN', 'KALS1_CENTRAL_NERVOUS_SYSTEM', 'KYSE520_OESOPHAGUS', 'LMSU_STOMACH', 'LNCAPCLONEFGC_PROSTATE', 'MFE319_ENDOMETRIUM', 'NCIH1299_LUNG', 'NCIH1944_LUNG', 'NCIH522_LUNG', 'ONCODG1_OVARY', 'OVSAHO_OVARY', 'OVTOKO_OVARY', 'PATU8988S_PANCREAS', 'SCC25_UPPER_AERODIGESTIVE_TRACT', 'SCC9_UPPER_AERODIGESTIVE_TRACT', 'SKES1_BONE', 'SKNAS_AUTONOMIC_GANGLIA', 'SNU899_UPPER_AERODIGESTIVE_TRACT', 'TE6_OESOPHAGUS', 'TE9_OESOPHAGUS', 'TM31_CENTRAL_NERVOUS_SYSTEM', 'TOV112D_OVARY', 'VMRCRCZ_KIDNEY']",5,0.09194075116726891,mlp,0.0,mae,43
3,X_scGPT,122,103,103,19,31,"['A375_SKIN', 'BHY_UPPER_AERODIGESTIVE_TRACT', 'BICR31_UPPER_AERODIGESTIVE_TRACT', 'BICR56_UPPER_AERODIGESTIVE_TRACT', 'CALU6_LUNG', 'CAMA1_BREAST', 'COLO741_SKIN', 'EBC1_LUNG', 'FTC133_THYROID', 'HCC56_LARGE_INTESTINE', 'HDQP1_BREAST', 'HEC251_ENDOMETRIUM', 'HS852T_SKIN', 'JHH6_LIVER', 'KPL1_BREAST', 'LS180_LARGE_INTESTINE', 'NCIH1373_LUNG', 'NCIH1435_LUNG', 'NCIH2228_LUNG', 'NCIH2444_LUNG', 'NCIH2452_PLEURA', 'NCIH292_LUNG', 'NCIH446_LUNG', 'NCIH460_LUNG', 'OSRC2_KIDNEY', 'PANC0203_PANCREAS', 'RCM1_LARGE_INTESTINE', 'SNU449_LIVER', 'SQ1_LUNG', 'SW579_THYROID', 'TCCSUP_URINARY_TRACT']",7,0.08705920776770337,mlp,0.0,mae,43
4,X_scGPT,122,103,103,19,31,"['42MGBA_CENTRAL_NERVOUS_SYSTEM', '8305C_THYROID', 'A204_SOFT_TISSUE', 'ASPC1_PANCREAS', 'BCPAP_THYROID', 'BT474_BREAST', 'CAKI2_KIDNEY', 'COV434_OVARY', 'EFE184_ENDOMETRIUM', 'HEC151_ENDOMETRIUM', 'HOS_BONE', 'HT1197_URINARY_TRACT', 'HUH6_LIVER', 'IALM_LUNG', 'IM95_STOMACH', 'KNS42_CENTRAL_NERVOUS_SYSTEM', 'LI7_LIVER', 'LS1034_LARGE_INTESTINE', 'NCIH1792_LUNG', 'NCIH2126_LUNG', 'NCIH2170_LUNG', 'PK45H_PANCREAS', 'RVH421_SKIN', 'SKMEL5_SKIN', 'SNU423_LIVER', 'SNU46_UPPER_AERODIGESTIVE_TRACT', 'SW1088_CENTRAL_NERVOUS_SYSTEM', 'TE10_OESOPHAGUS', 'TE1_OESOPHAGUS', 'VMCUB1_URINARY_TRACT', 'YD38_UPPER_AERODIGESTIVE_TRACT']",10,0.10194471543557723,mlp,0.0,mae,43
5,X_scGPT,122,103,103,19,31,"['A2058_SKIN', 'BFTC909_KIDNEY', 'BICR16_UPPER_AERODIGESTIVE_TRACT', 'BICR6_UPPER_AERODIGESTIVE_TRACT', 'CCFSTTG1_CENTRAL_NERVOUS_SYSTEM', 'DKMG_CENTRAL_NERVOUS_SYSTEM', 'EFM192A_BREAST', 'HCC1428_BREAST', 'HCC366_LUNG', 'HCC38_BREAST', 'HT1080_SOFT_TISSUE', 'HUPT3_PANCREAS', 'HUPT4_PANCREAS', 'IGR1_SKIN', 'JHOC5_OVARY', 'KPNSI9S_AUTONOMIC_GANGLIA', 'MKN7_STOMACH', 'NCIH2087_LUNG', 'NCIH650_LUNG', 'NCIH747_LARGE_INTESTINE', 'OAW28_OVARY', 'OUMS23_LARGE_INTESTINE', 'OVK18_OVARY', 'PK59_PANCREAS', 'RCC10RGB_KIDNEY', 'RERFLCAD1_LUNG', 'RERFLCAI_LUNG', 'RT4_URINARY_TRACT', 'SH10TC_STOMACH', 'SNUC4_LARGE_INTESTINE', 'SW1990_PANCREAS']",12,0.10054288972475184,mlp,0.0,mae,43
1,X_scGPT,124,105,105,19,29,"['BT549_BREAST', 'CAS1_CENTRAL_NERVOUS_SYSTEM', 'HEC6_ENDOMETRIUM', 'HT55_LARGE_INTESTINE', 'KMRC3_KIDNEY', 'MCF7_BREAST', 'MDAMB361_BREAST', 'MKN45_STOMACH', 'MSTO211H_PLEURA', 'NCIH2110_LUNG', 'NCIH226_LUNG', 'NCIH358_LUNG', 'OVCAR4_OVARY', 'PC3_PROSTATE', 'PECAPJ49_UPPER_AERODIGESTIVE_TRACT', 'RD_SOFT_TISSUE', 'SKMEL2_SKIN', 'SKMEL30_SKIN', 'SNU1079_BILIARY_TRACT', 'SNU1214_UPPER_AERODIGESTIVE_TRACT', 'SNU308_BILIARY_TRACT', 'SNU738_CENTRAL_NERVOUS_SYSTEM', 'SU8686_PANCREAS', 'SW1271_LUNG', 'T47D_BREAST', 'TE14_OESOPHAGUS', 'UACC257_SKIN', 'UMUC1_URINARY_TRACT', 'ZR751_BREAST']",12,0.08939833408213022,mlp,0.0,mae,44
2,X_scGPT,122,103,103,19,31,"['ACCMESO1_PLEURA', 'COLO792_SKIN', 'DETROIT562_UPPER_AERODIGESTIVE_TRACT', 'EKVX_LUNG', 'GOS3_CENTRAL_NERVOUS_SYSTEM', 'HEP3B217_LIVER', 'HMC18_BREAST', 'HUH28_BILIARY_TRACT', 'IGR37_SKIN', 'KALS1_CENTRAL_NERVOUS_SYSTEM', 'KYSE520_OESOPHAGUS', 'LMSU_STOMACH', 'LNCAPCLONEFGC_PROSTATE', 'MFE319_ENDOMETRIUM', 'NCIH1299_LUNG', 'NCIH1944_LUNG', 'NCIH522_LUNG', 'ONCODG1_OVARY', 'OVSAHO_OVARY', 'OVTOKO_OVARY', 'PATU8988S_PANCREAS', 'SCC25_UPPER_AERODIGESTIVE_TRACT', 'SCC9_UPPER_AERODIGESTIVE_TRACT', 'SKES1_BONE', 'SKNAS_AUTONOMIC_GANGLIA', 'SNU899_UPPER_AERODIGESTIVE_TRACT', 'TE6_OESOPHAGUS', 'TE9_OESOPHAGUS', 'TM31_CENTRAL_NERVOUS_SYSTEM', 'TOV112D_OVARY', 'VMRCRCZ_KIDNEY']",4,0.09151508119968833,mlp,0.0,mae,44
3,X_scGPT,122,103,103,19,31,"['A375_SKIN', 'BHY_UPPER_AERODIGESTIVE_TRACT', 'BICR31_UPPER_AERODIGESTIVE_TRACT', 'BICR56_UPPER_AERODIGESTIVE_TRACT', 'CALU6_LUNG', 'CAMA1_BREAST', 'COLO741_SKIN', 'EBC1_LUNG', 'FTC133_THYROID', 'HCC56_LARGE_INTESTINE', 'HDQP1_BREAST', 'HEC251_ENDOMETRIUM', 'HS852T_SKIN', 'JHH6_LIVER', 'KPL1_BREAST', 'LS180_LARGE_INTESTINE', 'NCIH1373_LUNG', 'NCIH1435_LUNG', 'NCIH2228_LUNG', 'NCIH2444_LUNG', 'NCIH2452_PLEURA', 'NCIH292_LUNG', 'NCIH446_LUNG', 'NCIH460_LUNG', 'OSRC2_KIDNEY', 'PANC0203_PANCREAS', 'RCM1_LARGE_INTESTINE', 'SNU449_LIVER', 'SQ1_LUNG', 'SW579_THYROID', 'TCCSUP_URINARY_TRACT']",10,0.08913064880287104,mlp,0.0,mae,44
4,X_scGPT,122,103,103,19,31,"['42MGBA_CENTRAL_NERVOUS_SYSTEM', '8305C_THYROID', 'A204_SOFT_TISSUE', 'ASPC1_PANCREAS', 'BCPAP_THYROID', 'BT474_BREAST', 'CAKI2_KIDNEY', 'COV434_OVARY', 'EFE184_ENDOMETRIUM', 'HEC151_ENDOMETRIUM', 'HOS_BONE', 'HT1197_URINARY_TRACT', 'HUH6_LIVER', 'IALM_LUNG', 'IM95_STOMACH', 'KNS42_CENTRAL_NERVOUS_SYSTEM', 'LI7_LIVER', 'LS1034_LARGE_INTESTINE', 'NCIH1792_LUNG', 'NCIH2126_LUNG', 'NCIH2170_LUNG', 'PK45H_PANCREAS', 'RVH421_SKIN', 'SKMEL5_SKIN', 'SNU423_LIVER', 'SNU46_UPPER_AERODIGESTIVE_TRACT', 'SW1088_CENTRAL_NERVOUS_SYSTEM', 'TE10_OESOPHAGUS', 'TE1_OESOPHAGUS', 'VMCUB1_URINARY_TRACT', 'YD38_UPPER_AERODIGESTIVE_TRACT']",2,0.10269256872642274,mlp,0.0,mae,44
5,X_scGPT,122,103,103,19,31,"['A2058_SKIN', 'BFTC909_KIDNEY', 'BICR16_UPPER_AERODIGESTIVE_TRACT', 'BICR6_UPPER_AERODIGESTIVE_TRACT', 'CCFSTTG1_CENTRAL_NERVOUS_SYSTEM', 'DKMG_CENTRAL_NERVOUS_SYSTEM', 'EFM192A_BREAST', 'HCC1428_BREAST', 'HCC366_LUNG', 'HCC38_BREAST', 'HT1080_SOFT_TISSUE', 'HUPT3_PANCREAS', 'HUPT4_PANCREAS', 'IGR1_SKIN', 'JHOC5_OVARY', 'KPNSI9S_AUTONOMIC_GANGLIA', 'MKN7_STOMACH', 'NCIH2087_LUNG', 'NCIH650_LUNG', 'NCIH747_LARGE_INTESTINE', 'OAW28_OVARY', 'OUMS23_LARGE_INTESTINE', 'OVK18_OVARY', 'PK59_PANCREAS', 'RCC10RGB_KIDNEY', 'RERFLCAD1_LUNG', 'RERFLCAI_LUNG', 'RT4_URINARY_TRACT', 'SH10TC_STOMACH', 'SNUC4_LARGE_INTESTINE', 'SW1990_PANCREAS']",5,0.10298800694757108,mlp,0.0,mae,44
1,X_scGPT,124,105,105,19,29,"['BT549_BREAST', 'CAS1_CENTRAL_NERVOUS_SYSTEM', 'HEC6_ENDOMETRIUM', 'HT55_LARGE_INTESTINE', 'KMRC3_KIDNEY', 'MCF7_BREAST', 'MDAMB361_BREAST', 'MKN45_STOMACH', 'MSTO211H_PLEURA', 'NCIH2110_LUNG', 'NCIH226_LUNG', 'NCIH358_LUNG', 'OVCAR4_OVARY', 'PC3_PROSTATE', 'PECAPJ49_UPPER_AERODIGESTIVE_TRACT', 'RD_SOFT_TISSUE', 'SKMEL2_SKIN', 'SKMEL30_SKIN', 'SNU1079_BILIARY_TRACT', 'SNU1214_UPPER_AERODIGESTIVE_TRACT', 'SNU308_BILIARY_TRACT', 'SNU738_CENTRAL_NERVOUS_SYSTEM', 'SU8686_PANCREAS', 'SW1271_LUNG', 'T47D_BREAST', 'TE14_OESOPHAGUS', 'UACC257_SKIN', 'UMUC1_URINARY_TRACT', 'ZR751_BREAST']",2,0.01926061882301859,mlp,0.5,mse,42
2,X_scGPT,122,103,103,19,31,"['ACCMESO1_PLEURA', 'COLO792_SKIN', 'DETROIT562_UPPER_AERODIGESTIVE_TRACT', 'EKVX_LUNG', 'GOS3_CENTRAL_NERVOUS_SYSTEM', 'HEP3B217_LIVER', 'HMC18_BREAST', 'HUH28_BILIARY_TRACT', 'IGR37_SKIN', 'KALS1_CENTRAL_NERVOUS_SYSTEM', 'KYSE520_OESOPHAGUS', 'LMSU_STOMACH', 'LNCAPCLONEFGC_PROSTATE', 'MFE319_ENDOMETRIUM', 'NCIH1299_LUNG', 'NCIH1944_LUNG', 'NCIH522_LUNG', 'ONCODG1_OVARY', 'OVSAHO_OVARY', 'OVTOKO_OVARY', 'PATU8988S_PANCREAS', 'SCC25_UPPER_AERODIGESTIVE_TRACT', 'SCC9_UPPER_AERODIGESTIVE_TRACT', 'SKES1_BONE', 'SKNAS_AUTONOMIC_GANGLIA', 'SNU899_UPPER_AERODIGESTIVE_TRACT', 'TE6_OESOPHAGUS', 'TE9_OESOPHAGUS', 'TM31_CENTRAL_NERVOUS_SYSTEM', 'TOV112D_OVARY', 'VMRCRCZ_KIDNEY']",1,0.021311112203945066,mlp,0.5,mse,42
3,X_scGPT,122,103,103,19,31,"['A375_SKIN', 'BHY_UPPER_AERODIGESTIVE_TRACT', 'BICR31_UPPER_AERODIGESTIVE_TRACT', 'BICR56_UPPER_AERODIGESTIVE_TRACT', 'CALU6_LUNG', 'CAMA1_BREAST', 'COLO741_SKIN', 'EBC1_LUNG', 'FTC133_THYROID', 'HCC56_LARGE_INTESTINE', 'HDQP1_BREAST', 'HEC251_ENDOMETRIUM', 'HS852T_SKIN', 'JHH6_LIVER', 'KPL1_BREAST', 'LS180_LARGE_INTESTINE', 'NCIH1373_LUNG', 'NCIH1435_LUNG', 'NCIH2228_LUNG', 'NCIH2444_LUNG', 'NCIH2452_PLEURA', 'NCIH292_LUNG', 'NCIH446_LUNG', 'NCIH460_LUNG', 'OSRC2_KIDNEY', 'PANC0203_PANCREAS', 'RCM1_LARGE_INTESTINE', 'SNU449_LIVER', 'SQ1_LUNG', 'SW579_THYROID', 'TCCSUP_URINARY_TRACT']",16,0.02344602799566384,mlp,0.5,mse,42
4,X_scGPT,122,103,103,19,31,"['42MGBA_CENTRAL_NERVOUS_SYSTEM', '8305C_THYROID', 'A204_SOFT_TISSUE', 'ASPC1_PANCREAS', 'BCPAP_THYROID', 'BT474_BREAST', 'CAKI2_KIDNEY', 'COV434_OVARY', 'EFE184_ENDOMETRIUM', 'HEC151_ENDOMETRIUM', 'HOS_BONE', 'HT1197_URINARY_TRACT', 'HUH6_LIVER', 'IALM_LUNG', 'IM95_STOMACH', 'KNS42_CENTRAL_NERVOUS_SYSTEM', 'LI7_LIVER', 'LS1034_LARGE_INTESTINE', 'NCIH1792_LUNG', 'NCIH2126_LUNG', 'NCIH2170_LUNG', 'PK45H_PANCREAS', 'RVH421_SKIN', 'SKMEL5_SKIN', 'SNU423_LIVER', 'SNU46_UPPER_AERODIGESTIVE_TRACT', 'SW1088_CENTRAL_NERVOUS_SYSTEM', 'TE10_OESOPHAGUS', 'TE1_OESOPHAGUS', 'VMCUB1_URINARY_TRACT', 'YD38_UPPER_AERODIGESTIVE_TRACT']",2,0.034327321603773726,mlp,0.5,mse,42
5,X_scGPT,122,103,103,19,31,"['A2058_SKIN', 'BFTC909_KIDNEY', 'BICR16_UPPER_AERODIGESTIVE_TRACT', 'BICR6_UPPER_AERODIGESTIVE_TRACT', 'CCFSTTG1_CENTRAL_NERVOUS_SYSTEM', 'DKMG_CENTRAL_NERVOUS_SYSTEM', 'EFM192A_BREAST', 'HCC1428_BREAST', 'HCC366_LUNG', 'HCC38_BREAST', 'HT1080_SOFT_TISSUE', 'HUPT3_PANCREAS', 'HUPT4_PANCREAS', 'IGR1_SKIN', 'JHOC5_OVARY', 'KPNSI9S_AUTONOMIC_GANGLIA', 'MKN7_STOMACH', 'NCIH2087_LUNG', 'NCIH650_LUNG', 'NCIH747_LARGE_INTESTINE', 'OAW28_OVARY', 'OUMS23_LARGE_INTESTINE', 'OVK18_OVARY', 'PK59_PANCREAS', 'RCC10RGB_KIDNEY', 'RERFLCAD1_LUNG', 'RERFLCAI_LUNG', 'RT4_URINARY_TRACT', 'SH10TC_STOMACH', 'SNUC4_LARGE_INTESTINE', 'SW1990_PANCREAS']",10,0.03822724463157275,mlp,0.5,mse,42
1,X_scGPT,124,105,105,19,29,"['BT549_BREAST', 'CAS1_CENTRAL_NERVOUS_SYSTEM', 'HEC6_ENDOMETRIUM', 'HT55_LARGE_INTESTINE', 'KMRC3_KIDNEY', 'MCF7_BREAST', 'MDAMB361_BREAST', 'MKN45_STOMACH', 'MSTO211H_PLEURA', 'NCIH2110_LUNG', 'NCIH226_LUNG', 'NCIH358_LUNG', 'OVCAR4_OVARY', 'PC3_PROSTATE', 'PECAPJ49_UPPER_AERODIGESTIVE_TRACT', 'RD_SOFT_TISSUE', 'SKMEL2_SKIN', 'SKMEL30_SKIN', 'SNU1079_BILIARY_TRACT', 'SNU1214_UPPER_AERODIGESTIVE_TRACT', 'SNU308_BILIARY_TRACT', 'SNU738_CENTRAL_NERVOUS_SYSTEM', 'SU8686_PANCREAS', 'SW1271_LUNG', 'T47D_BREAST', 'TE14_OESOPHAGUS', 'UACC257_SKIN', 'UMUC1_URINARY_TRACT', 'ZR751_BREAST']",7,0.01890687314820274,mlp,0.5,mse,43
2,X_scGPT,122,103,103,19,31,"['ACCMESO1_PLEURA', 'COLO792_SKIN', 'DETROIT562_UPPER_AERODIGESTIVE_TRACT', 'EKVX_LUNG', 'GOS3_CENTRAL_NERVOUS_SYSTEM', 'HEP3B217_LIVER', 'HMC18_BREAST', 'HUH28_BILIARY_TRACT', 'IGR37_SKIN', 'KALS1_CENTRAL_NERVOUS_SYSTEM', 'KYSE520_OESOPHAGUS', 'LMSU_STOMACH', 'LNCAPCLONEFGC_PROSTATE', 'MFE319_ENDOMETRIUM', 'NCIH1299_LUNG', 'NCIH1944_LUNG', 'NCIH522_LUNG', 'ONCODG1_OVARY', 'OVSAHO_OVARY', 'OVTOKO_OVARY', 'PATU8988S_PANCREAS', 'SCC25_UPPER_AERODIGESTIVE_TRACT', 'SCC9_UPPER_AERODIGESTIVE_TRACT', 'SKES1_BONE', 'SKNAS_AUTONOMIC_GANGLIA', 'SNU899_UPPER_AERODIGESTIVE_TRACT', 'TE6_OESOPHAGUS', 'TE9_OESOPHAGUS', 'TM31_CENTRAL_NERVOUS_SYSTEM', 'TOV112D_OVARY', 'VMRCRCZ_KIDNEY']",1,0.021461884908604782,mlp,0.5,mse,43
3,X_scGPT,122,103,103,19,31,"['A375_SKIN', 'BHY_UPPER_AERODIGESTIVE_TRACT', 'BICR31_UPPER_AERODIGESTIVE_TRACT', 'BICR56_UPPER_AERODIGESTIVE_TRACT', 'CALU6_LUNG', 'CAMA1_BREAST', 'COLO741_SKIN', 'EBC1_LUNG', 'FTC133_THYROID', 'HCC56_LARGE_INTESTINE', 'HDQP1_BREAST', 'HEC251_ENDOMETRIUM', 'HS852T_SKIN', 'JHH6_LIVER', 'KPL1_BREAST', 'LS180_LARGE_INTESTINE', 'NCIH1373_LUNG', 'NCIH1435_LUNG', 'NCIH2228_LUNG', 'NCIH2444_LUNG', 'NCIH2452_PLEURA', 'NCIH292_LUNG', 'NCIH446_LUNG', 'NCIH460_LUNG', 'OSRC2_KIDNEY', 'PANC0203_PANCREAS', 'RCM1_LARGE_INTESTINE', 'SNU449_LIVER', 'SQ1_LUNG', 'SW579_THYROID', 'TCCSUP_URINARY_TRACT']",11,0.023649406260622948,mlp,0.5,mse,43
4,X_scGPT,122,103,103,19,31,"['42MGBA_CENTRAL_NERVOUS_SYSTEM', '8305C_THYROID', 'A204_SOFT_TISSUE', 'ASPC1_PANCREAS', 'BCPAP_THYROID', 'BT474_BREAST', 'CAKI2_KIDNEY', 'COV434_OVARY', 'EFE184_ENDOMETRIUM', 'HEC151_ENDOMETRIUM', 'HOS_BONE', 'HT1197_URINARY_TRACT', 'HUH6_LIVER', 'IALM_LUNG', 'IM95_STOMACH', 'KNS42_CENTRAL_NERVOUS_SYSTEM', 'LI7_LIVER', 'LS1034_LARGE_INTESTINE', 'NCIH1792_LUNG', 'NCIH2126_LUNG', 'NCIH2170_LUNG', 'PK45H_PANCREAS', 'RVH421_SKIN', 'SKMEL5_SKIN', 'SNU423_LIVER', 'SNU46_UPPER_AERODIGESTIVE_TRACT', 'SW1088_CENTRAL_NERVOUS_SYSTEM', 'TE10_OESOPHAGUS', 'TE1_OESOPHAGUS', 'VMCUB1_URINARY_TRACT', 'YD38_UPPER_AERODIGESTIVE_TRACT']",1,0.03416543827317347,mlp,0.5,mse,43
5,X_scGPT,122,103,103,19,31,"['A2058_SKIN', 'BFTC909_KIDNEY', 'BICR16_UPPER_AERODIGESTIVE_TRACT', 'BICR6_UPPER_AERODIGESTIVE_TRACT', 'CCFSTTG1_CENTRAL_NERVOUS_SYSTEM', 'DKMG_CENTRAL_NERVOUS_SYSTEM', 'EFM192A_BREAST', 'HCC1428_BREAST', 'HCC366_LUNG', 'HCC38_BREAST', 'HT1080_SOFT_TISSUE', 'HUPT3_PANCREAS', 'HUPT4_PANCREAS', 'IGR1_SKIN', 'JHOC5_OVARY', 'KPNSI9S_AUTONOMIC_GANGLIA', 'MKN7_STOMACH', 'NCIH2087_LUNG', 'NCIH650_LUNG', 'NCIH747_LARGE_INTESTINE', 'OAW28_OVARY', 'OUMS23_LARGE_INTESTINE', 'OVK18_OVARY', 'PK59_PANCREAS', 'RCC10RGB_KIDNEY', 'RERFLCAD1_LUNG', 'RERFLCAI_LUNG', 'RT4_URINARY_TRACT', 'SH10TC_STOMACH', 'SNUC4_LARGE_INTESTINE', 'SW1990_PANCREAS']",22,0.039826245554787296,mlp,0.5,mse,43
1,X_scGPT,124,105,105,19,29,"['BT549_BREAST', 'CAS1_CENTRAL_NERVOUS_SYSTEM', 'HEC6_ENDOMETRIUM', 'HT55_LARGE_INTESTINE', 'KMRC3_KIDNEY', 'MCF7_BREAST', 'MDAMB361_BREAST', 'MKN45_STOMACH', 'MSTO211H_PLEURA', 'NCIH2110_LUNG', 'NCIH226_LUNG', 'NCIH358_LUNG', 'OVCAR4_OVARY', 'PC3_PROSTATE', 'PECAPJ49_UPPER_AERODIGESTIVE_TRACT', 'RD_SOFT_TISSUE', 'SKMEL2_SKIN', 'SKMEL30_SKIN', 'SNU1079_BILIARY_TRACT', 'SNU1214_UPPER_AERODIGESTIVE_TRACT', 'SNU308_BILIARY_TRACT', 'SNU738_CENTRAL_NERVOUS_SYSTEM', 'SU8686_PANCREAS', 'SW1271_LUNG', 'T47D_BREAST', 'TE14_OESOPHAGUS', 'UACC257_SKIN', 'UMUC1_URINARY_TRACT', 'ZR751_BREAST']",2,0.01927457505652164,mlp,0.5,mse,44
2,X_scGPT,122,103,103,19,31,"['ACCMESO1_PLEURA', 'COLO792_SKIN', 'DETROIT562_UPPER_AERODIGESTIVE_TRACT', 'EKVX_LUNG', 'GOS3_CENTRAL_NERVOUS_SYSTEM', 'HEP3B217_LIVER', 'HMC18_BREAST', 'HUH28_BILIARY_TRACT', 'IGR37_SKIN', 'KALS1_CENTRAL_NERVOUS_SYSTEM', 'KYSE520_OESOPHAGUS', 'LMSU_STOMACH', 'LNCAPCLONEFGC_PROSTATE', 'MFE319_ENDOMETRIUM', 'NCIH1299_LUNG', 'NCIH1944_LUNG', 'NCIH522_LUNG', 'ONCODG1_OVARY', 'OVSAHO_OVARY', 'OVTOKO_OVARY', 'PATU8988S_PANCREAS', 'SCC25_UPPER_AERODIGESTIVE_TRACT', 'SCC9_UPPER_AERODIGESTIVE_TRACT', 'SKES1_BONE', 'SKNAS_AUTONOMIC_GANGLIA', 'SNU899_UPPER_AERODIGESTIVE_TRACT', 'TE6_OESOPHAGUS', 'TE9_OESOPHAGUS', 'TM31_CENTRAL_NERVOUS_SYSTEM', 'TOV112D_OVARY', 'VMRCRCZ_KIDNEY']",1,0.020812079695214706,mlp,0.5,mse,44
3,X_scGPT,122,103,103,19,31,"['A375_SKIN', 'BHY_UPPER_AERODIGESTIVE_TRACT', 'BICR31_UPPER_AERODIGESTIVE_TRACT', 'BICR56_UPPER_AERODIGESTIVE_TRACT', 'CALU6_LUNG', 'CAMA1_BREAST', 'COLO741_SKIN', 'EBC1_LUNG', 'FTC133_THYROID', 'HCC56_LARGE_INTESTINE', 'HDQP1_BREAST', 'HEC251_ENDOMETRIUM', 'HS852T_SKIN', 'JHH6_LIVER', 'KPL1_BREAST', 'LS180_LARGE_INTESTINE', 'NCIH1373_LUNG', 'NCIH1435_LUNG', 'NCIH2228_LUNG', 'NCIH2444_LUNG', 'NCIH2452_PLEURA', 'NCIH292_LUNG', 'NCIH446_LUNG', 'NCIH460_LUNG', 'OSRC2_KIDNEY', 'PANC0203_PANCREAS', 'RCM1_LARGE_INTESTINE', 'SNU449_LIVER', 'SQ1_LUNG', 'SW579_THYROID', 'TCCSUP_URINARY_TRACT']",16,0.02336732901931202,mlp,0.5,mse,44
4,X_scGPT,122,103,103,19,31,"['42MGBA_CENTRAL_NERVOUS_SYSTEM', '8305C_THYROID', 'A204_SOFT_TISSUE', 'ASPC1_PANCREAS', 'BCPAP_THYROID', 'BT474_BREAST', 'CAKI2_KIDNEY', 'COV434_OVARY', 'EFE184_ENDOMETRIUM', 'HEC151_ENDOMETRIUM', 'HOS_BONE', 'HT1197_URINARY_TRACT', 'HUH6_LIVER', 'IALM_LUNG', 'IM95_STOMACH', 'KNS42_CENTRAL_NERVOUS_SYSTEM', 'LI7_LIVER', 'LS1034_LARGE_INTESTINE', 'NCIH1792_LUNG', 'NCIH2126_LUNG', 'NCIH2170_LUNG', 'PK45H_PANCREAS', 'RVH421_SKIN', 'SKMEL5_SKIN', 'SNU423_LIVER', 'SNU46_UPPER_AERODIGESTIVE_TRACT', 'SW1088_CENTRAL_NERVOUS_SYSTEM', 'TE10_OESOPHAGUS', 'TE1_OESOPHAGUS', 'VMCUB1_URINARY_TRACT', 'YD38_UPPER_AERODIGESTIVE_TRACT']",2,0.03447836612615001,mlp,0.5,mse,44
5,X_scGPT,122,103,103,19,31,"['A2058_SKIN', 'BFTC909_KIDNEY', 'BICR16_UPPER_AERODIGESTIVE_TRACT', 'BICR6_UPPER_AERODIGESTIVE_TRACT', 'CCFSTTG1_CENTRAL_NERVOUS_SYSTEM', 'DKMG_CENTRAL_NERVOUS_SYSTEM', 'EFM192A_BREAST', 'HCC1428_BREAST', 'HCC366_LUNG', 'HCC38_BREAST', 'HT1080_SOFT_TISSUE', 'HUPT3_PANCREAS', 'HUPT4_PANCREAS', 'IGR1_SKIN', 'JHOC5_OVARY', 'KPNSI9S_AUTONOMIC_GANGLIA', 'MKN7_STOMACH', 'NCIH2087_LUNG', 'NCIH650_LUNG', 'NCIH747_LARGE_INTESTINE', 'OAW28_OVARY', 'OUMS23_LARGE_INTESTINE', 'OVK18_OVARY', 'PK59_PANCREAS', 'RCC10RGB_KIDNEY', 'RERFLCAD1_LUNG', 'RERFLCAI_LUNG', 'RT4_URINARY_TRACT', 'SH10TC_STOMACH', 'SNUC4_LARGE_INTESTINE', 'SW1990_PANCREAS']",8,0.04043784751205486,mlp,0.5,mse,44
1,X_scGPT,124,105,105,19,29,"['BT549_BREAST', 'CAS1_CENTRAL_NERVOUS_SYSTEM', 'HEC6_ENDOMETRIUM', 'HT55_LARGE_INTESTINE', 'KMRC3_KIDNEY', 'MCF7_BREAST', 'MDAMB361_BREAST', 'MKN45_STOMACH', 'MSTO211H_PLEURA', 'NCIH2110_LUNG', 'NCIH226_LUNG', 'NCIH358_LUNG', 'OVCAR4_OVARY', 'PC3_PROSTATE', 'PECAPJ49_UPPER_AERODIGESTIVE_TRACT', 'RD_SOFT_TISSUE', 'SKMEL2_SKIN', 'SKMEL30_SKIN', 'SNU1079_BILIARY_TRACT', 'SNU1214_UPPER_AERODIGESTIVE_TRACT', 'SNU308_BILIARY_TRACT', 'SNU738_CENTRAL_NERVOUS_SYSTEM', 'SU8686_PANCREAS', 'SW1271_LUNG', 'T47D_BREAST', 'TE14_OESOPHAGUS', 'UACC257_SKIN', 'UMUC1_URINARY_TRACT', 'ZR751_BREAST']",1,0.1094422984221705,mlp,0.5,mae,42
2,X_scGPT,122,103,103,19,31,"['ACCMESO1_PLEURA', 'COLO792_SKIN', 'DETROIT562_UPPER_AERODIGESTIVE_TRACT', 'EKVX_LUNG', 'GOS3_CENTRAL_NERVOUS_SYSTEM', 'HEP3B217_LIVER', 'HMC18_BREAST', 'HUH28_BILIARY_TRACT', 'IGR37_SKIN', 'KALS1_CENTRAL_NERVOUS_SYSTEM', 'KYSE520_OESOPHAGUS', 'LMSU_STOMACH', 'LNCAPCLONEFGC_PROSTATE', 'MFE319_ENDOMETRIUM', 'NCIH1299_LUNG', 'NCIH1944_LUNG', 'NCIH522_LUNG', 'ONCODG1_OVARY', 'OVSAHO_OVARY', 'OVTOKO_OVARY', 'PATU8988S_PANCREAS', 'SCC25_UPPER_AERODIGESTIVE_TRACT', 'SCC9_UPPER_AERODIGESTIVE_TRACT', 'SKES1_BONE', 'SKNAS_AUTONOMIC_GANGLIA', 'SNU899_UPPER_AERODIGESTIVE_TRACT', 'TE6_OESOPHAGUS', 'TE9_OESOPHAGUS', 'TM31_CENTRAL_NERVOUS_SYSTEM', 'TOV112D_OVARY', 'VMRCRCZ_KIDNEY']",2,0.11197289918411495,mlp,0.5,mae,42
3,X_scGPT,122,103,103,19,31,"['A375_SKIN', 'BHY_UPPER_AERODIGESTIVE_TRACT', 'BICR31_UPPER_AERODIGESTIVE_TRACT', 'BICR56_UPPER_AERODIGESTIVE_TRACT', 'CALU6_LUNG', 'CAMA1_BREAST', 'COLO741_SKIN', 'EBC1_LUNG', 'FTC133_THYROID', 'HCC56_LARGE_INTESTINE', 'HDQP1_BREAST', 'HEC251_ENDOMETRIUM', 'HS852T_SKIN', 'JHH6_LIVER', 'KPL1_BREAST', 'LS180_LARGE_INTESTINE', 'NCIH1373_LUNG', 'NCIH1435_LUNG', 'NCIH2228_LUNG', 'NCIH2444_LUNG', 'NCIH2452_PLEURA', 'NCIH292_LUNG', 'NCIH446_LUNG', 'NCIH460_LUNG', 'OSRC2_KIDNEY', 'PANC0203_PANCREAS', 'RCM1_LARGE_INTESTINE', 'SNU449_LIVER', 'SQ1_LUNG', 'SW579_THYROID', 'TCCSUP_URINARY_TRACT']",8,0.11281778748226524,mlp,0.5,mae,42
4,X_scGPT,122,103,103,19,31,"['42MGBA_CENTRAL_NERVOUS_SYSTEM', '8305C_THYROID', 'A204_SOFT_TISSUE', 'ASPC1_PANCREAS', 'BCPAP_THYROID', 'BT474_BREAST', 'CAKI2_KIDNEY', 'COV434_OVARY', 'EFE184_ENDOMETRIUM', 'HEC151_ENDOMETRIUM', 'HOS_BONE', 'HT1197_URINARY_TRACT', 'HUH6_LIVER', 'IALM_LUNG', 'IM95_STOMACH', 'KNS42_CENTRAL_NERVOUS_SYSTEM', 'LI7_LIVER', 'LS1034_LARGE_INTESTINE', 'NCIH1792_LUNG', 'NCIH2126_LUNG', 'NCIH2170_LUNG', 'PK45H_PANCREAS', 'RVH421_SKIN', 'SKMEL5_SKIN', 'SNU423_LIVER', 'SNU46_UPPER_AERODIGESTIVE_TRACT', 'SW1088_CENTRAL_NERVOUS_SYSTEM', 'TE10_OESOPHAGUS', 'TE1_OESOPHAGUS', 'VMCUB1_URINARY_TRACT', 'YD38_UPPER_AERODIGESTIVE_TRACT']",13,0.13511332984891833,mlp,0.5,mae,42
5,X_scGPT,122,103,103,19,31,"['A2058_SKIN', 'BFTC909_KIDNEY', 'BICR16_UPPER_AERODIGESTIVE_TRACT', 'BICR6_UPPER_AERODIGESTIVE_TRACT', 'CCFSTTG1_CENTRAL_NERVOUS_SYSTEM', 'DKMG_CENTRAL_NERVOUS_SYSTEM', 'EFM192A_BREAST', 'HCC1428_BREAST', 'HCC366_LUNG', 'HCC38_BREAST', 'HT1080_SOFT_TISSUE', 'HUPT3_PANCREAS', 'HUPT4_PANCREAS', 'IGR1_SKIN', 'JHOC5_OVARY', 'KPNSI9S_AUTONOMIC_GANGLIA', 'MKN7_STOMACH', 'NCIH2087_LUNG', 'NCIH650_LUNG', 'NCIH747_LARGE_INTESTINE', 'OAW28_OVARY', 'OUMS23_LARGE_INTESTINE', 'OVK18_OVARY', 'PK59_PANCREAS', 'RCC10RGB_KIDNEY', 'RERFLCAD1_LUNG', 'RERFLCAI_LUNG', 'RT4_URINARY_TRACT', 'SH10TC_STOMACH', 'SNUC4_LARGE_INTESTINE', 'SW1990_PANCREAS']",14,0.1403191383669415,mlp,0.5,mae,42
1,X_scGPT,124,105,105,19,29,"['BT549_BREAST', 'CAS1_CENTRAL_NERVOUS_SYSTEM', 'HEC6_ENDOMETRIUM', 'HT55_LARGE_INTESTINE', 'KMRC3_KIDNEY', 'MCF7_BREAST', 'MDAMB361_BREAST', 'MKN45_STOMACH', 'MSTO211H_PLEURA', 'NCIH2110_LUNG', 'NCIH226_LUNG', 'NCIH358_LUNG', 'OVCAR4_OVARY', 'PC3_PROSTATE', 'PECAPJ49_UPPER_AERODIGESTIVE_TRACT', 'RD_SOFT_TISSUE', 'SKMEL2_SKIN', 'SKMEL30_SKIN', 'SNU1079_BILIARY_TRACT', 'SNU1214_UPPER_AERODIGESTIVE_TRACT', 'SNU308_BILIARY_TRACT', 'SNU738_CENTRAL_NERVOUS_SYSTEM', 'SU8686_PANCREAS', 'SW1271_LUNG', 'T47D_BREAST', 'TE14_OESOPHAGUS', 'UACC257_SKIN', 'UMUC1_URINARY_TRACT', 'ZR751_BREAST']",8,0.10822570131639134,mlp,0.5,mae,43
2,X_scGPT,122,103,103,19,31,"['ACCMESO1_PLEURA', 'COLO792_SKIN', 'DETROIT562_UPPER_AERODIGESTIVE_TRACT', 'EKVX_LUNG', 'GOS3_CENTRAL_NERVOUS_SYSTEM', 'HEP3B217_LIVER', 'HMC18_BREAST', 'HUH28_BILIARY_TRACT', 'IGR37_SKIN', 'KALS1_CENTRAL_NERVOUS_SYSTEM', 'KYSE520_OESOPHAGUS', 'LMSU_STOMACH', 'LNCAPCLONEFGC_PROSTATE', 'MFE319_ENDOMETRIUM', 'NCIH1299_LUNG', 'NCIH1944_LUNG', 'NCIH522_LUNG', 'ONCODG1_OVARY', 'OVSAHO_OVARY', 'OVTOKO_OVARY', 'PATU8988S_PANCREAS', 'SCC25_UPPER_AERODIGESTIVE_TRACT', 'SCC9_UPPER_AERODIGESTIVE_TRACT', 'SKES1_BONE', 'SKNAS_AUTONOMIC_GANGLIA', 'SNU899_UPPER_AERODIGESTIVE_TRACT', 'TE6_OESOPHAGUS', 'TE9_OESOPHAGUS', 'TM31_CENTRAL_NERVOUS_SYSTEM', 'TOV112D_OVARY', 'VMRCRCZ_KIDNEY']",2,0.11011124077957495,mlp,0.5,mae,43
3,X_scGPT,122,103,103,19,31,"['A375_SKIN', 'BHY_UPPER_AERODIGESTIVE_TRACT', 'BICR31_UPPER_AERODIGESTIVE_TRACT', 'BICR56_UPPER_AERODIGESTIVE_TRACT', 'CALU6_LUNG', 'CAMA1_BREAST', 'COLO741_SKIN', 'EBC1_LUNG', 'FTC133_THYROID', 'HCC56_LARGE_INTESTINE', 'HDQP1_BREAST', 'HEC251_ENDOMETRIUM', 'HS852T_SKIN', 'JHH6_LIVER', 'KPL1_BREAST', 'LS180_LARGE_INTESTINE', 'NCIH1373_LUNG', 'NCIH1435_LUNG', 'NCIH2228_LUNG', 'NCIH2444_LUNG', 'NCIH2452_PLEURA', 'NCIH292_LUNG', 'NCIH446_LUNG', 'NCIH460_LUNG', 'OSRC2_KIDNEY', 'PANC0203_PANCREAS', 'RCM1_LARGE_INTESTINE', 'SNU449_LIVER', 'SQ1_LUNG', 'SW579_THYROID', 'TCCSUP_URINARY_TRACT']",13,0.11365197251934014,mlp,0.5,mae,43
4,X_scGPT,122,103,103,19,31,"['42MGBA_CENTRAL_NERVOUS_SYSTEM', '8305C_THYROID', 'A204_SOFT_TISSUE', 'ASPC1_PANCREAS', 'BCPAP_THYROID', 'BT474_BREAST', 'CAKI2_KIDNEY', 'COV434_OVARY', 'EFE184_ENDOMETRIUM', 'HEC151_ENDOMETRIUM', 'HOS_BONE', 'HT1197_URINARY_TRACT', 'HUH6_LIVER', 'IALM_LUNG', 'IM95_STOMACH', 'KNS42_CENTRAL_NERVOUS_SYSTEM', 'LI7_LIVER', 'LS1034_LARGE_INTESTINE', 'NCIH1792_LUNG', 'NCIH2126_LUNG', 'NCIH2170_LUNG', 'PK45H_PANCREAS', 'RVH421_SKIN', 'SKMEL5_SKIN', 'SNU423_LIVER', 'SNU46_UPPER_AERODIGESTIVE_TRACT', 'SW1088_CENTRAL_NERVOUS_SYSTEM', 'TE10_OESOPHAGUS', 'TE1_OESOPHAGUS', 'VMCUB1_URINARY_TRACT', 'YD38_UPPER_AERODIGESTIVE_TRACT']",11,0.13751550575635577,mlp,0.5,mae,43
5,X_scGPT,122,103,103,19,31,"['A2058_SKIN', 'BFTC909_KIDNEY', 'BICR16_UPPER_AERODIGESTIVE_TRACT', 'BICR6_UPPER_AERODIGESTIVE_TRACT', 'CCFSTTG1_CENTRAL_NERVOUS_SYSTEM', 'DKMG_CENTRAL_NERVOUS_SYSTEM', 'EFM192A_BREAST', 'HCC1428_BREAST', 'HCC366_LUNG', 'HCC38_BREAST', 'HT1080_SOFT_TISSUE', 'HUPT3_PANCREAS', 'HUPT4_PANCREAS', 'IGR1_SKIN', 'JHOC5_OVARY', 'KPNSI9S_AUTONOMIC_GANGLIA', 'MKN7_STOMACH', 'NCIH2087_LUNG', 'NCIH650_LUNG', 'NCIH747_LARGE_INTESTINE', 'OAW28_OVARY', 'OUMS23_LARGE_INTESTINE', 'OVK18_OVARY', 'PK59_PANCREAS', 'RCC10RGB_KIDNEY', 'RERFLCAD1_LUNG', 'RERFLCAI_LUNG', 'RT4_URINARY_TRACT', 'SH10TC_STOMACH', 'SNUC4_LARGE_INTESTINE', 'SW1990_PANCREAS']",18,0.1396624509605793,mlp,0.5,mae,43
1,X_scGPT,124,105,105,19,29,"['BT549_BREAST', 'CAS1_CENTRAL_NERVOUS_SYSTEM', 'HEC6_ENDOMETRIUM', 'HT55_LARGE_INTESTINE', 'KMRC3_KIDNEY', 'MCF7_BREAST', 'MDAMB361_BREAST', 'MKN45_STOMACH', 'MSTO211H_PLEURA', 'NCIH2110_LUNG', 'NCIH226_LUNG', 'NCIH358_LUNG', 'OVCAR4_OVARY', 'PC3_PROSTATE', 'PECAPJ49_UPPER_AERODIGESTIVE_TRACT', 'RD_SOFT_TISSUE', 'SKMEL2_SKIN', 'SKMEL30_SKIN', 'SNU1079_BILIARY_TRACT', 'SNU1214_UPPER_AERODIGESTIVE_TRACT', 'SNU308_BILIARY_TRACT', 'SNU738_CENTRAL_NERVOUS_SYSTEM', 'SU8686_PANCREAS', 'SW1271_LUNG', 'T47D_BREAST', 'TE14_OESOPHAGUS', 'UACC257_SKIN', 'UMUC1_URINARY_TRACT', 'ZR751_BREAST']",2,0.10850500922019461,mlp,0.5,mae,44
2,X_scGPT,122,103,103,19,31,"['ACCMESO1_PLEURA', 'COLO792_SKIN', 'DETROIT562_UPPER_AERODIGESTIVE_TRACT', 'EKVX_LUNG', 'GOS3_CENTRAL_NERVOUS_SYSTEM', 'HEP3B217_LIVER', 'HMC18_BREAST', 'HUH28_BILIARY_TRACT', 'IGR37_SKIN', 'KALS1_CENTRAL_NERVOUS_SYSTEM', 'KYSE520_OESOPHAGUS', 'LMSU_STOMACH', 'LNCAPCLONEFGC_PROSTATE', 'MFE319_ENDOMETRIUM', 'NCIH1299_LUNG', 'NCIH1944_LUNG', 'NCIH522_LUNG', 'ONCODG1_OVARY', 'OVSAHO_OVARY', 'OVTOKO_OVARY', 'PATU8988S_PANCREAS', 'SCC25_UPPER_AERODIGESTIVE_TRACT', 'SCC9_UPPER_AERODIGESTIVE_TRACT', 'SKES1_BONE', 'SKNAS_AUTONOMIC_GANGLIA', 'SNU899_UPPER_AERODIGESTIVE_TRACT', 'TE6_OESOPHAGUS', 'TE9_OESOPHAGUS', 'TM31_CENTRAL_NERVOUS_SYSTEM', 'TOV112D_OVARY', 'VMRCRCZ_KIDNEY']",2,0.1105568765094161,mlp,0.5,mae,44
3,X_scGPT,122,103,103,19,31,"['A375_SKIN', 'BHY_UPPER_AERODIGESTIVE_TRACT', 'BICR31_UPPER_AERODIGESTIVE_TRACT', 'BICR56_UPPER_AERODIGESTIVE_TRACT', 'CALU6_LUNG', 'CAMA1_BREAST', 'COLO741_SKIN', 'EBC1_LUNG', 'FTC133_THYROID', 'HCC56_LARGE_INTESTINE', 'HDQP1_BREAST', 'HEC251_ENDOMETRIUM', 'HS852T_SKIN', 'JHH6_LIVER', 'KPL1_BREAST', 'LS180_LARGE_INTESTINE', 'NCIH1373_LUNG', 'NCIH1435_LUNG', 'NCIH2228_LUNG', 'NCIH2444_LUNG', 'NCIH2452_PLEURA', 'NCIH292_LUNG', 'NCIH446_LUNG', 'NCIH460_LUNG', 'OSRC2_KIDNEY', 'PANC0203_PANCREAS', 'RCM1_LARGE_INTESTINE', 'SNU449_LIVER', 'SQ1_LUNG', 'SW579_THYROID', 'TCCSUP_URINARY_TRACT']",7,0.11330422015764155,mlp,0.5,mae,44
4,X_scGPT,122,103,103,19,31,"['42MGBA_CENTRAL_NERVOUS_SYSTEM', '8305C_THYROID', 'A204_SOFT_TISSUE', 'ASPC1_PANCREAS', 'BCPAP_THYROID', 'BT474_BREAST', 'CAKI2_KIDNEY', 'COV434_OVARY', 'EFE184_ENDOMETRIUM', 'HEC151_ENDOMETRIUM', 'HOS_BONE', 'HT1197_URINARY_TRACT', 'HUH6_LIVER', 'IALM_LUNG', 'IM95_STOMACH', 'KNS42_CENTRAL_NERVOUS_SYSTEM', 'LI7_LIVER', 'LS1034_LARGE_INTESTINE', 'NCIH1792_LUNG', 'NCIH2126_LUNG', 'NCIH2170_LUNG', 'PK45H_PANCREAS', 'RVH421_SKIN', 'SKMEL5_SKIN', 'SNU423_LIVER', 'SNU46_UPPER_AERODIGESTIVE_TRACT', 'SW1088_CENTRAL_NERVOUS_SYSTEM', 'TE10_OESOPHAGUS', 'TE1_OESOPHAGUS', 'VMCUB1_URINARY_TRACT', 'YD38_UPPER_AERODIGESTIVE_TRACT']",18,0.13591320222558304,mlp,0.5,mae,44
5,X_scGPT,122,103,103,19,31,"['A2058_SKIN', 'BFTC909_KIDNEY', 'BICR16_UPPER_AERODIGESTIVE_TRACT', 'BICR6_UPPER_AERODIGESTIVE_TRACT', 'CCFSTTG1_CENTRAL_NERVOUS_SYSTEM', 'DKMG_CENTRAL_NERVOUS_SYSTEM', 'EFM192A_BREAST', 'HCC1428_BREAST', 'HCC366_LUNG', 'HCC38_BREAST', 'HT1080_SOFT_TISSUE', 'HUPT3_PANCREAS', 'HUPT4_PANCREAS', 'IGR1_SKIN', 'JHOC5_OVARY', 'KPNSI9S_AUTONOMIC_GANGLIA', 'MKN7_STOMACH', 'NCIH2087_LUNG', 'NCIH650_LUNG', 'NCIH747_LARGE_INTESTINE', 'OAW28_OVARY', 'OUMS23_LARGE_INTESTINE', 'OVK18_OVARY', 'PK59_PANCREAS', 'RCC10RGB_KIDNEY', 'RERFLCAD1_LUNG', 'RERFLCAI_LUNG', 'RT4_URINARY_TRACT', 'SH10TC_STOMACH', 'SNUC4_LARGE_INTESTINE', 'SW1990_PANCREAS']",8,0.13944019903648794,mlp,0.5,mae,44
1,X_scGPT,124,105,105,19,29,"['BT549_BREAST', 'CAS1_CENTRAL_NERVOUS_SYSTEM', 'HEC6_ENDOMETRIUM', 'HT55_LARGE_INTESTINE', 'KMRC3_KIDNEY', 'MCF7_BREAST', 'MDAMB361_BREAST', 'MKN45_STOMACH', 'MSTO211H_PLEURA', 'NCIH2110_LUNG', 'NCIH226_LUNG', 'NCIH358_LUNG', 'OVCAR4_OVARY', 'PC3_PROSTATE', 'PECAPJ49_UPPER_AERODIGESTIVE_TRACT', 'RD_SOFT_TISSUE', 'SKMEL2_SKIN', 'SKMEL30_SKIN', 'SNU1079_BILIARY_TRACT', 'SNU1214_UPPER_AERODIGESTIVE_TRACT', 'SNU308_BILIARY_TRACT', 'SNU738_CENTRAL_NERVOUS_SYSTEM', 'SU8686_PANCREAS', 'SW1271_LUNG', 'T47D_BREAST', 'TE14_OESOPHAGUS', 'UACC257_SKIN', 'UMUC1_URINARY_TRACT', 'ZR751_BREAST']",2,0.02360625700682845,mlp,1.0,mse,42
2,X_scGPT,122,103,103,19,31,"['ACCMESO1_PLEURA', 'COLO792_SKIN', 'DETROIT562_UPPER_AERODIGESTIVE_TRACT', 'EKVX_LUNG', 'GOS3_CENTRAL_NERVOUS_SYSTEM', 'HEP3B217_LIVER', 'HMC18_BREAST', 'HUH28_BILIARY_TRACT', 'IGR37_SKIN', 'KALS1_CENTRAL_NERVOUS_SYSTEM', 'KYSE520_OESOPHAGUS', 'LMSU_STOMACH', 'LNCAPCLONEFGC_PROSTATE', 'MFE319_ENDOMETRIUM', 'NCIH1299_LUNG', 'NCIH1944_LUNG', 'NCIH522_LUNG', 'ONCODG1_OVARY', 'OVSAHO_OVARY', 'OVTOKO_OVARY', 'PATU8988S_PANCREAS', 'SCC25_UPPER_AERODIGESTIVE_TRACT', 'SCC9_UPPER_AERODIGESTIVE_TRACT', 'SKES1_BONE', 'SKNAS_AUTONOMIC_GANGLIA', 'SNU899_UPPER_AERODIGESTIVE_TRACT', 'TE6_OESOPHAGUS', 'TE9_OESOPHAGUS', 'TM31_CENTRAL_NERVOUS_SYSTEM', 'TOV112D_OVARY', 'VMRCRCZ_KIDNEY']",1,0.025831348593962637,mlp,1.0,mse,42
3,X_scGPT,122,103,103,19,31,"['A375_SKIN', 'BHY_UPPER_AERODIGESTIVE_TRACT', 'BICR31_UPPER_AERODIGESTIVE_TRACT', 'BICR56_UPPER_AERODIGESTIVE_TRACT', 'CALU6_LUNG', 'CAMA1_BREAST', 'COLO741_SKIN', 'EBC1_LUNG', 'FTC133_THYROID', 'HCC56_LARGE_INTESTINE', 'HDQP1_BREAST', 'HEC251_ENDOMETRIUM', 'HS852T_SKIN', 'JHH6_LIVER', 'KPL1_BREAST', 'LS180_LARGE_INTESTINE', 'NCIH1373_LUNG', 'NCIH1435_LUNG', 'NCIH2228_LUNG', 'NCIH2444_LUNG', 'NCIH2452_PLEURA', 'NCIH292_LUNG', 'NCIH446_LUNG', 'NCIH460_LUNG', 'OSRC2_KIDNEY', 'PANC0203_PANCREAS', 'RCM1_LARGE_INTESTINE', 'SNU449_LIVER', 'SQ1_LUNG', 'SW579_THYROID', 'TCCSUP_URINARY_TRACT']",8,0.027666309773959247,mlp,1.0,mse,42
4,X_scGPT,122,103,103,19,31,"['42MGBA_CENTRAL_NERVOUS_SYSTEM', '8305C_THYROID', 'A204_SOFT_TISSUE', 'ASPC1_PANCREAS', 'BCPAP_THYROID', 'BT474_BREAST', 'CAKI2_KIDNEY', 'COV434_OVARY', 'EFE184_ENDOMETRIUM', 'HEC151_ENDOMETRIUM', 'HOS_BONE', 'HT1197_URINARY_TRACT', 'HUH6_LIVER', 'IALM_LUNG', 'IM95_STOMACH', 'KNS42_CENTRAL_NERVOUS_SYSTEM', 'LI7_LIVER', 'LS1034_LARGE_INTESTINE', 'NCIH1792_LUNG', 'NCIH2126_LUNG', 'NCIH2170_LUNG', 'PK45H_PANCREAS', 'RVH421_SKIN', 'SKMEL5_SKIN', 'SNU423_LIVER', 'SNU46_UPPER_AERODIGESTIVE_TRACT', 'SW1088_CENTRAL_NERVOUS_SYSTEM', 'TE10_OESOPHAGUS', 'TE1_OESOPHAGUS', 'VMCUB1_URINARY_TRACT', 'YD38_UPPER_AERODIGESTIVE_TRACT']",9,0.03954539329983427,mlp,1.0,mse,42
5,X_scGPT,122,103,103,19,31,"['A2058_SKIN', 'BFTC909_KIDNEY', 'BICR16_UPPER_AERODIGESTIVE_TRACT', 'BICR6_UPPER_AERODIGESTIVE_TRACT', 'CCFSTTG1_CENTRAL_NERVOUS_SYSTEM', 'DKMG_CENTRAL_NERVOUS_SYSTEM', 'EFM192A_BREAST', 'HCC1428_BREAST', 'HCC366_LUNG', 'HCC38_BREAST', 'HT1080_SOFT_TISSUE', 'HUPT3_PANCREAS', 'HUPT4_PANCREAS', 'IGR1_SKIN', 'JHOC5_OVARY', 'KPNSI9S_AUTONOMIC_GANGLIA', 'MKN7_STOMACH', 'NCIH2087_LUNG', 'NCIH650_LUNG', 'NCIH747_LARGE_INTESTINE', 'OAW28_OVARY', 'OUMS23_LARGE_INTESTINE', 'OVK18_OVARY', 'PK59_PANCREAS', 'RCC10RGB_KIDNEY', 'RERFLCAD1_LUNG', 'RERFLCAI_LUNG', 'RT4_URINARY_TRACT', 'SH10TC_STOMACH', 'SNUC4_LARGE_INTESTINE', 'SW1990_PANCREAS']",14,0.04267412429427366,mlp,1.0,mse,42
1,X_scGPT,124,105,105,19,29,"['BT549_BREAST', 'CAS1_CENTRAL_NERVOUS_SYSTEM', 'HEC6_ENDOMETRIUM', 'HT55_LARGE_INTESTINE', 'KMRC3_KIDNEY', 'MCF7_BREAST', 'MDAMB361_BREAST', 'MKN45_STOMACH', 'MSTO211H_PLEURA', 'NCIH2110_LUNG', 'NCIH226_LUNG', 'NCIH358_LUNG', 'OVCAR4_OVARY', 'PC3_PROSTATE', 'PECAPJ49_UPPER_AERODIGESTIVE_TRACT', 'RD_SOFT_TISSUE', 'SKMEL2_SKIN', 'SKMEL30_SKIN', 'SNU1079_BILIARY_TRACT', 'SNU1214_UPPER_AERODIGESTIVE_TRACT', 'SNU308_BILIARY_TRACT', 'SNU738_CENTRAL_NERVOUS_SYSTEM', 'SU8686_PANCREAS', 'SW1271_LUNG', 'T47D_BREAST', 'TE14_OESOPHAGUS', 'UACC257_SKIN', 'UMUC1_URINARY_TRACT', 'ZR751_BREAST']",3,0.022997680823569407,mlp,1.0,mse,43
2,X_scGPT,122,103,103,19,31,"['ACCMESO1_PLEURA', 'COLO792_SKIN', 'DETROIT562_UPPER_AERODIGESTIVE_TRACT', 'EKVX_LUNG', 'GOS3_CENTRAL_NERVOUS_SYSTEM', 'HEP3B217_LIVER', 'HMC18_BREAST', 'HUH28_BILIARY_TRACT', 'IGR37_SKIN', 'KALS1_CENTRAL_NERVOUS_SYSTEM', 'KYSE520_OESOPHAGUS', 'LMSU_STOMACH', 'LNCAPCLONEFGC_PROSTATE', 'MFE319_ENDOMETRIUM', 'NCIH1299_LUNG', 'NCIH1944_LUNG', 'NCIH522_LUNG', 'ONCODG1_OVARY', 'OVSAHO_OVARY', 'OVTOKO_OVARY', 'PATU8988S_PANCREAS', 'SCC25_UPPER_AERODIGESTIVE_TRACT', 'SCC9_UPPER_AERODIGESTIVE_TRACT', 'SKES1_BONE', 'SKNAS_AUTONOMIC_GANGLIA', 'SNU899_UPPER_AERODIGESTIVE_TRACT', 'TE6_OESOPHAGUS', 'TE9_OESOPHAGUS', 'TM31_CENTRAL_NERVOUS_SYSTEM', 'TOV112D_OVARY', 'VMRCRCZ_KIDNEY']",1,0.025440702780252695,mlp,1.0,mse,43
3,X_scGPT,122,103,103,19,31,"['A375_SKIN', 'BHY_UPPER_AERODIGESTIVE_TRACT', 'BICR31_UPPER_AERODIGESTIVE_TRACT', 'BICR56_UPPER_AERODIGESTIVE_TRACT', 'CALU6_LUNG', 'CAMA1_BREAST', 'COLO741_SKIN', 'EBC1_LUNG', 'FTC133_THYROID', 'HCC56_LARGE_INTESTINE', 'HDQP1_BREAST', 'HEC251_ENDOMETRIUM', 'HS852T_SKIN', 'JHH6_LIVER', 'KPL1_BREAST', 'LS180_LARGE_INTESTINE', 'NCIH1373_LUNG', 'NCIH1435_LUNG', 'NCIH2228_LUNG', 'NCIH2444_LUNG', 'NCIH2452_PLEURA', 'NCIH292_LUNG', 'NCIH446_LUNG', 'NCIH460_LUNG', 'OSRC2_KIDNEY', 'PANC0203_PANCREAS', 'RCM1_LARGE_INTESTINE', 'SNU449_LIVER', 'SQ1_LUNG', 'SW579_THYROID', 'TCCSUP_URINARY_TRACT']",11,0.02763511836540764,mlp,1.0,mse,43
4,X_scGPT,122,103,103,19,31,"['42MGBA_CENTRAL_NERVOUS_SYSTEM', '8305C_THYROID', 'A204_SOFT_TISSUE', 'ASPC1_PANCREAS', 'BCPAP_THYROID', 'BT474_BREAST', 'CAKI2_KIDNEY', 'COV434_OVARY', 'EFE184_ENDOMETRIUM', 'HEC151_ENDOMETRIUM', 'HOS_BONE', 'HT1197_URINARY_TRACT', 'HUH6_LIVER', 'IALM_LUNG', 'IM95_STOMACH', 'KNS42_CENTRAL_NERVOUS_SYSTEM', 'LI7_LIVER', 'LS1034_LARGE_INTESTINE', 'NCIH1792_LUNG', 'NCIH2126_LUNG', 'NCIH2170_LUNG', 'PK45H_PANCREAS', 'RVH421_SKIN', 'SKMEL5_SKIN', 'SNU423_LIVER', 'SNU46_UPPER_AERODIGESTIVE_TRACT', 'SW1088_CENTRAL_NERVOUS_SYSTEM', 'TE10_OESOPHAGUS', 'TE1_OESOPHAGUS', 'VMCUB1_URINARY_TRACT', 'YD38_UPPER_AERODIGESTIVE_TRACT']",1,0.03824076653161373,mlp,1.0,mse,43
5,X_scGPT,122,103,103,19,31,"['A2058_SKIN', 'BFTC909_KIDNEY', 'BICR16_UPPER_AERODIGESTIVE_TRACT', 'BICR6_UPPER_AERODIGESTIVE_TRACT', 'CCFSTTG1_CENTRAL_NERVOUS_SYSTEM', 'DKMG_CENTRAL_NERVOUS_SYSTEM', 'EFM192A_BREAST', 'HCC1428_BREAST', 'HCC366_LUNG', 'HCC38_BREAST', 'HT1080_SOFT_TISSUE', 'HUPT3_PANCREAS', 'HUPT4_PANCREAS', 'IGR1_SKIN', 'JHOC5_OVARY', 'KPNSI9S_AUTONOMIC_GANGLIA', 'MKN7_STOMACH', 'NCIH2087_LUNG', 'NCIH650_LUNG', 'NCIH747_LARGE_INTESTINE', 'OAW28_OVARY', 'OUMS23_LARGE_INTESTINE', 'OVK18_OVARY', 'PK59_PANCREAS', 'RCC10RGB_KIDNEY', 'RERFLCAD1_LUNG', 'RERFLCAI_LUNG', 'RT4_URINARY_TRACT', 'SH10TC_STOMACH', 'SNUC4_LARGE_INTESTINE', 'SW1990_PANCREAS']",11,0.042525235374368,mlp,1.0,mse,43
1,X_scGPT,124,105,105,19,29,"['BT549_BREAST', 'CAS1_CENTRAL_NERVOUS_SYSTEM', 'HEC6_ENDOMETRIUM', 'HT55_LARGE_INTESTINE', 'KMRC3_KIDNEY', 'MCF7_BREAST', 'MDAMB361_BREAST', 'MKN45_STOMACH', 'MSTO211H_PLEURA', 'NCIH2110_LUNG', 'NCIH226_LUNG', 'NCIH358_LUNG', 'OVCAR4_OVARY', 'PC3_PROSTATE', 'PECAPJ49_UPPER_AERODIGESTIVE_TRACT', 'RD_SOFT_TISSUE', 'SKMEL2_SKIN', 'SKMEL30_SKIN', 'SNU1079_BILIARY_TRACT', 'SNU1214_UPPER_AERODIGESTIVE_TRACT', 'SNU308_BILIARY_TRACT', 'SNU738_CENTRAL_NERVOUS_SYSTEM', 'SU8686_PANCREAS', 'SW1271_LUNG', 'T47D_BREAST', 'TE14_OESOPHAGUS', 'UACC257_SKIN', 'UMUC1_URINARY_TRACT', 'ZR751_BREAST']",3,0.023765394244235072,mlp,1.0,mse,44
2,X_scGPT,122,103,103,19,31,"['ACCMESO1_PLEURA', 'COLO792_SKIN', 'DETROIT562_UPPER_AERODIGESTIVE_TRACT', 'EKVX_LUNG', 'GOS3_CENTRAL_NERVOUS_SYSTEM', 'HEP3B217_LIVER', 'HMC18_BREAST', 'HUH28_BILIARY_TRACT', 'IGR37_SKIN', 'KALS1_CENTRAL_NERVOUS_SYSTEM', 'KYSE520_OESOPHAGUS', 'LMSU_STOMACH', 'LNCAPCLONEFGC_PROSTATE', 'MFE319_ENDOMETRIUM', 'NCIH1299_LUNG', 'NCIH1944_LUNG', 'NCIH522_LUNG', 'ONCODG1_OVARY', 'OVSAHO_OVARY', 'OVTOKO_OVARY', 'PATU8988S_PANCREAS', 'SCC25_UPPER_AERODIGESTIVE_TRACT', 'SCC9_UPPER_AERODIGESTIVE_TRACT', 'SKES1_BONE', 'SKNAS_AUTONOMIC_GANGLIA', 'SNU899_UPPER_AERODIGESTIVE_TRACT', 'TE6_OESOPHAGUS', 'TE9_OESOPHAGUS', 'TM31_CENTRAL_NERVOUS_SYSTEM', 'TOV112D_OVARY', 'VMRCRCZ_KIDNEY']",1,0.025129943540061345,mlp,1.0,mse,44
3,X_scGPT,122,103,103,19,31,"['A375_SKIN', 'BHY_UPPER_AERODIGESTIVE_TRACT', 'BICR31_UPPER_AERODIGESTIVE_TRACT', 'BICR56_UPPER_AERODIGESTIVE_TRACT', 'CALU6_LUNG', 'CAMA1_BREAST', 'COLO741_SKIN', 'EBC1_LUNG', 'FTC133_THYROID', 'HCC56_LARGE_INTESTINE', 'HDQP1_BREAST', 'HEC251_ENDOMETRIUM', 'HS852T_SKIN', 'JHH6_LIVER', 'KPL1_BREAST', 'LS180_LARGE_INTESTINE', 'NCIH1373_LUNG', 'NCIH1435_LUNG', 'NCIH2228_LUNG', 'NCIH2444_LUNG', 'NCIH2452_PLEURA', 'NCIH292_LUNG', 'NCIH446_LUNG', 'NCIH460_LUNG', 'OSRC2_KIDNEY', 'PANC0203_PANCREAS', 'RCM1_LARGE_INTESTINE', 'SNU449_LIVER', 'SQ1_LUNG', 'SW579_THYROID', 'TCCSUP_URINARY_TRACT']",8,0.02583989465715379,mlp,1.0,mse,44
4,X_scGPT,122,103,103,19,31,"['42MGBA_CENTRAL_NERVOUS_SYSTEM', '8305C_THYROID', 'A204_SOFT_TISSUE', 'ASPC1_PANCREAS', 'BCPAP_THYROID', 'BT474_BREAST', 'CAKI2_KIDNEY', 'COV434_OVARY', 'EFE184_ENDOMETRIUM', 'HEC151_ENDOMETRIUM', 'HOS_BONE', 'HT1197_URINARY_TRACT', 'HUH6_LIVER', 'IALM_LUNG', 'IM95_STOMACH', 'KNS42_CENTRAL_NERVOUS_SYSTEM', 'LI7_LIVER', 'LS1034_LARGE_INTESTINE', 'NCIH1792_LUNG', 'NCIH2126_LUNG', 'NCIH2170_LUNG', 'PK45H_PANCREAS', 'RVH421_SKIN', 'SKMEL5_SKIN', 'SNU423_LIVER', 'SNU46_UPPER_AERODIGESTIVE_TRACT', 'SW1088_CENTRAL_NERVOUS_SYSTEM', 'TE10_OESOPHAGUS', 'TE1_OESOPHAGUS', 'VMCUB1_URINARY_TRACT', 'YD38_UPPER_AERODIGESTIVE_TRACT']",21,0.03853205023282267,mlp,1.0,mse,44
5,X_scGPT,122,103,103,19,31,"['A2058_SKIN', 'BFTC909_KIDNEY', 'BICR16_UPPER_AERODIGESTIVE_TRACT', 'BICR6_UPPER_AERODIGESTIVE_TRACT', 'CCFSTTG1_CENTRAL_NERVOUS_SYSTEM', 'DKMG_CENTRAL_NERVOUS_SYSTEM', 'EFM192A_BREAST', 'HCC1428_BREAST', 'HCC366_LUNG', 'HCC38_BREAST', 'HT1080_SOFT_TISSUE', 'HUPT3_PANCREAS', 'HUPT4_PANCREAS', 'IGR1_SKIN', 'JHOC5_OVARY', 'KPNSI9S_AUTONOMIC_GANGLIA', 'MKN7_STOMACH', 'NCIH2087_LUNG', 'NCIH650_LUNG', 'NCIH747_LARGE_INTESTINE', 'OAW28_OVARY', 'OUMS23_LARGE_INTESTINE', 'OVK18_OVARY', 'PK59_PANCREAS', 'RCC10RGB_KIDNEY', 'RERFLCAD1_LUNG', 'RERFLCAI_LUNG', 'RT4_URINARY_TRACT', 'SH10TC_STOMACH', 'SNUC4_LARGE_INTESTINE', 'SW1990_PANCREAS']",8,0.041798235205104506,mlp,1.0,mse,44
1,X_scGPT,124,105,105,19,29,"['BT549_BREAST', 'CAS1_CENTRAL_NERVOUS_SYSTEM', 'HEC6_ENDOMETRIUM', 'HT55_LARGE_INTESTINE', 'KMRC3_KIDNEY', 'MCF7_BREAST', 'MDAMB361_BREAST', 'MKN45_STOMACH', 'MSTO211H_PLEURA', 'NCIH2110_LUNG', 'NCIH226_LUNG', 'NCIH358_LUNG', 'OVCAR4_OVARY', 'PC3_PROSTATE', 'PECAPJ49_UPPER_AERODIGESTIVE_TRACT', 'RD_SOFT_TISSUE', 'SKMEL2_SKIN', 'SKMEL30_SKIN', 'SNU1079_BILIARY_TRACT', 'SNU1214_UPPER_AERODIGESTIVE_TRACT', 'SNU308_BILIARY_TRACT', 'SNU738_CENTRAL_NERVOUS_SYSTEM', 'SU8686_PANCREAS', 'SW1271_LUNG', 'T47D_BREAST', 'TE14_OESOPHAGUS', 'UACC257_SKIN', 'UMUC1_URINARY_TRACT', 'ZR751_BREAST']",17,0.11917868720250192,mlp,1.0,mae,42
2,X_scGPT,122,103,103,19,31,"['ACCMESO1_PLEURA', 'COLO792_SKIN', 'DETROIT562_UPPER_AERODIGESTIVE_TRACT', 'EKVX_LUNG', 'GOS3_CENTRAL_NERVOUS_SYSTEM', 'HEP3B217_LIVER', 'HMC18_BREAST', 'HUH28_BILIARY_TRACT', 'IGR37_SKIN', 'KALS1_CENTRAL_NERVOUS_SYSTEM', 'KYSE520_OESOPHAGUS', 'LMSU_STOMACH', 'LNCAPCLONEFGC_PROSTATE', 'MFE319_ENDOMETRIUM', 'NCIH1299_LUNG', 'NCIH1944_LUNG', 'NCIH522_LUNG', 'ONCODG1_OVARY', 'OVSAHO_OVARY', 'OVTOKO_OVARY', 'PATU8988S_PANCREAS', 'SCC25_UPPER_AERODIGESTIVE_TRACT', 'SCC9_UPPER_AERODIGESTIVE_TRACT', 'SKES1_BONE', 'SKNAS_AUTONOMIC_GANGLIA', 'SNU899_UPPER_AERODIGESTIVE_TRACT', 'TE6_OESOPHAGUS', 'TE9_OESOPHAGUS', 'TM31_CENTRAL_NERVOUS_SYSTEM', 'TOV112D_OVARY', 'VMRCRCZ_KIDNEY']",1,0.12024748865005631,mlp,1.0,mae,42
3,X_scGPT,122,103,103,19,31,"['A375_SKIN', 'BHY_UPPER_AERODIGESTIVE_TRACT', 'BICR31_UPPER_AERODIGESTIVE_TRACT', 'BICR56_UPPER_AERODIGESTIVE_TRACT', 'CALU6_LUNG', 'CAMA1_BREAST', 'COLO741_SKIN', 'EBC1_LUNG', 'FTC133_THYROID', 'HCC56_LARGE_INTESTINE', 'HDQP1_BREAST', 'HEC251_ENDOMETRIUM', 'HS852T_SKIN', 'JHH6_LIVER', 'KPL1_BREAST', 'LS180_LARGE_INTESTINE', 'NCIH1373_LUNG', 'NCIH1435_LUNG', 'NCIH2228_LUNG', 'NCIH2444_LUNG', 'NCIH2452_PLEURA', 'NCIH292_LUNG', 'NCIH446_LUNG', 'NCIH460_LUNG', 'OSRC2_KIDNEY', 'PANC0203_PANCREAS', 'RCM1_LARGE_INTESTINE', 'SNU449_LIVER', 'SQ1_LUNG', 'SW579_THYROID', 'TCCSUP_URINARY_TRACT']",8,0.12884599254261697,mlp,1.0,mae,42
4,X_scGPT,122,103,103,19,31,"['42MGBA_CENTRAL_NERVOUS_SYSTEM', '8305C_THYROID', 'A204_SOFT_TISSUE', 'ASPC1_PANCREAS', 'BCPAP_THYROID', 'BT474_BREAST', 'CAKI2_KIDNEY', 'COV434_OVARY', 'EFE184_ENDOMETRIUM', 'HEC151_ENDOMETRIUM', 'HOS_BONE', 'HT1197_URINARY_TRACT', 'HUH6_LIVER', 'IALM_LUNG', 'IM95_STOMACH', 'KNS42_CENTRAL_NERVOUS_SYSTEM', 'LI7_LIVER', 'LS1034_LARGE_INTESTINE', 'NCIH1792_LUNG', 'NCIH2126_LUNG', 'NCIH2170_LUNG', 'PK45H_PANCREAS', 'RVH421_SKIN', 'SKMEL5_SKIN', 'SNU423_LIVER', 'SNU46_UPPER_AERODIGESTIVE_TRACT', 'SW1088_CENTRAL_NERVOUS_SYSTEM', 'TE10_OESOPHAGUS', 'TE1_OESOPHAGUS', 'VMCUB1_URINARY_TRACT', 'YD38_UPPER_AERODIGESTIVE_TRACT']",25,0.14784384291929353,mlp,1.0,mae,42
5,X_scGPT,122,103,103,19,31,"['A2058_SKIN', 'BFTC909_KIDNEY', 'BICR16_UPPER_AERODIGESTIVE_TRACT', 'BICR6_UPPER_AERODIGESTIVE_TRACT', 'CCFSTTG1_CENTRAL_NERVOUS_SYSTEM', 'DKMG_CENTRAL_NERVOUS_SYSTEM', 'EFM192A_BREAST', 'HCC1428_BREAST', 'HCC366_LUNG', 'HCC38_BREAST', 'HT1080_SOFT_TISSUE', 'HUPT3_PANCREAS', 'HUPT4_PANCREAS', 'IGR1_SKIN', 'JHOC5_OVARY', 'KPNSI9S_AUTONOMIC_GANGLIA', 'MKN7_STOMACH', 'NCIH2087_LUNG', 'NCIH650_LUNG', 'NCIH747_LARGE_INTESTINE', 'OAW28_OVARY', 'OUMS23_LARGE_INTESTINE', 'OVK18_OVARY', 'PK59_PANCREAS', 'RCC10RGB_KIDNEY', 'RERFLCAD1_LUNG', 'RERFLCAI_LUNG', 'RT4_URINARY_TRACT', 'SH10TC_STOMACH', 'SNUC4_LARGE_INTESTINE', 'SW1990_PANCREAS']",6,0.15826258370199162,mlp,1.0,mae,42
1,X_scGPT,124,105,105,19,29,"['BT549_BREAST', 'CAS1_CENTRAL_NERVOUS_SYSTEM', 'HEC6_ENDOMETRIUM', 'HT55_LARGE_INTESTINE', 'KMRC3_KIDNEY', 'MCF7_BREAST', 'MDAMB361_BREAST', 'MKN45_STOMACH', 'MSTO211H_PLEURA', 'NCIH2110_LUNG', 'NCIH226_LUNG', 'NCIH358_LUNG', 'OVCAR4_OVARY', 'PC3_PROSTATE', 'PECAPJ49_UPPER_AERODIGESTIVE_TRACT', 'RD_SOFT_TISSUE', 'SKMEL2_SKIN', 'SKMEL30_SKIN', 'SNU1079_BILIARY_TRACT', 'SNU1214_UPPER_AERODIGESTIVE_TRACT', 'SNU308_BILIARY_TRACT', 'SNU738_CENTRAL_NERVOUS_SYSTEM', 'SU8686_PANCREAS', 'SW1271_LUNG', 'T47D_BREAST', 'TE14_OESOPHAGUS', 'UACC257_SKIN', 'UMUC1_URINARY_TRACT', 'ZR751_BREAST']",1,0.12298286673916337,mlp,1.0,mae,43
2,X_scGPT,122,103,103,19,31,"['ACCMESO1_PLEURA', 'COLO792_SKIN', 'DETROIT562_UPPER_AERODIGESTIVE_TRACT', 'EKVX_LUNG', 'GOS3_CENTRAL_NERVOUS_SYSTEM', 'HEP3B217_LIVER', 'HMC18_BREAST', 'HUH28_BILIARY_TRACT', 'IGR37_SKIN', 'KALS1_CENTRAL_NERVOUS_SYSTEM', 'KYSE520_OESOPHAGUS', 'LMSU_STOMACH', 'LNCAPCLONEFGC_PROSTATE', 'MFE319_ENDOMETRIUM', 'NCIH1299_LUNG', 'NCIH1944_LUNG', 'NCIH522_LUNG', 'ONCODG1_OVARY', 'OVSAHO_OVARY', 'OVTOKO_OVARY', 'PATU8988S_PANCREAS', 'SCC25_UPPER_AERODIGESTIVE_TRACT', 'SCC9_UPPER_AERODIGESTIVE_TRACT', 'SKES1_BONE', 'SKNAS_AUTONOMIC_GANGLIA', 'SNU899_UPPER_AERODIGESTIVE_TRACT', 'TE6_OESOPHAGUS', 'TE9_OESOPHAGUS', 'TM31_CENTRAL_NERVOUS_SYSTEM', 'TOV112D_OVARY', 'VMRCRCZ_KIDNEY']",1,0.11965049953693115,mlp,1.0,mae,43
3,X_scGPT,122,103,103,19,31,"['A375_SKIN', 'BHY_UPPER_AERODIGESTIVE_TRACT', 'BICR31_UPPER_AERODIGESTIVE_TRACT', 'BICR56_UPPER_AERODIGESTIVE_TRACT', 'CALU6_LUNG', 'CAMA1_BREAST', 'COLO741_SKIN', 'EBC1_LUNG', 'FTC133_THYROID', 'HCC56_LARGE_INTESTINE', 'HDQP1_BREAST', 'HEC251_ENDOMETRIUM', 'HS852T_SKIN', 'JHH6_LIVER', 'KPL1_BREAST', 'LS180_LARGE_INTESTINE', 'NCIH1373_LUNG', 'NCIH1435_LUNG', 'NCIH2228_LUNG', 'NCIH2444_LUNG', 'NCIH2452_PLEURA', 'NCIH292_LUNG', 'NCIH446_LUNG', 'NCIH460_LUNG', 'OSRC2_KIDNEY', 'PANC0203_PANCREAS', 'RCM1_LARGE_INTESTINE', 'SNU449_LIVER', 'SQ1_LUNG', 'SW579_THYROID', 'TCCSUP_URINARY_TRACT']",8,0.12687563046447428,mlp,1.0,mae,43
4,X_scGPT,122,103,103,19,31,"['42MGBA_CENTRAL_NERVOUS_SYSTEM', '8305C_THYROID', 'A204_SOFT_TISSUE', 'ASPC1_PANCREAS', 'BCPAP_THYROID', 'BT474_BREAST', 'CAKI2_KIDNEY', 'COV434_OVARY', 'EFE184_ENDOMETRIUM', 'HEC151_ENDOMETRIUM', 'HOS_BONE', 'HT1197_URINARY_TRACT', 'HUH6_LIVER', 'IALM_LUNG', 'IM95_STOMACH', 'KNS42_CENTRAL_NERVOUS_SYSTEM', 'LI7_LIVER', 'LS1034_LARGE_INTESTINE', 'NCIH1792_LUNG', 'NCIH2126_LUNG', 'NCIH2170_LUNG', 'PK45H_PANCREAS', 'RVH421_SKIN', 'SKMEL5_SKIN', 'SNU423_LIVER', 'SNU46_UPPER_AERODIGESTIVE_TRACT', 'SW1088_CENTRAL_NERVOUS_SYSTEM', 'TE10_OESOPHAGUS', 'TE1_OESOPHAGUS', 'VMCUB1_URINARY_TRACT', 'YD38_UPPER_AERODIGESTIVE_TRACT']",1,0.1519575503676573,mlp,1.0,mae,43
5,X_scGPT,122,103,103,19,31,"['A2058_SKIN', 'BFTC909_KIDNEY', 'BICR16_UPPER_AERODIGESTIVE_TRACT', 'BICR6_UPPER_AERODIGESTIVE_TRACT', 'CCFSTTG1_CENTRAL_NERVOUS_SYSTEM', 'DKMG_CENTRAL_NERVOUS_SYSTEM', 'EFM192A_BREAST', 'HCC1428_BREAST', 'HCC366_LUNG', 'HCC38_BREAST', 'HT1080_SOFT_TISSUE', 'HUPT3_PANCREAS', 'HUPT4_PANCREAS', 'IGR1_SKIN', 'JHOC5_OVARY', 'KPNSI9S_AUTONOMIC_GANGLIA', 'MKN7_STOMACH', 'NCIH2087_LUNG', 'NCIH650_LUNG', 'NCIH747_LARGE_INTESTINE', 'OAW28_OVARY', 'OUMS23_LARGE_INTESTINE', 'OVK18_OVARY', 'PK59_PANCREAS', 'RCC10RGB_KIDNEY', 'RERFLCAD1_LUNG', 'RERFLCAI_LUNG', 'RT4_URINARY_TRACT', 'SH10TC_STOMACH', 'SNUC4_LARGE_INTESTINE', 'SW1990_PANCREAS']",17,0.15323478151146028,mlp,1.0,mae,43
1,X_scGPT,124,105,105,19,29,"['BT549_BREAST', 'CAS1_CENTRAL_NERVOUS_SYSTEM', 'HEC6_ENDOMETRIUM', 'HT55_LARGE_INTESTINE', 'KMRC3_KIDNEY', 'MCF7_BREAST', 'MDAMB361_BREAST', 'MKN45_STOMACH', 'MSTO211H_PLEURA', 'NCIH2110_LUNG', 'NCIH226_LUNG', 'NCIH358_LUNG', 'OVCAR4_OVARY', 'PC3_PROSTATE', 'PECAPJ49_UPPER_AERODIGESTIVE_TRACT', 'RD_SOFT_TISSUE', 'SKMEL2_SKIN', 'SKMEL30_SKIN', 'SNU1079_BILIARY_TRACT', 'SNU1214_UPPER_AERODIGESTIVE_TRACT', 'SNU308_BILIARY_TRACT', 'SNU738_CENTRAL_NERVOUS_SYSTEM', 'SU8686_PANCREAS', 'SW1271_LUNG', 'T47D_BREAST', 'TE14_OESOPHAGUS', 'UACC257_SKIN', 'UMUC1_URINARY_TRACT', 'ZR751_BREAST']",1,0.12419498879692051,mlp,1.0,mae,44
2,X_scGPT,122,103,103,19,31,"['ACCMESO1_PLEURA', 'COLO792_SKIN', 'DETROIT562_UPPER_AERODIGESTIVE_TRACT', 'EKVX_LUNG', 'GOS3_CENTRAL_NERVOUS_SYSTEM', 'HEP3B217_LIVER', 'HMC18_BREAST', 'HUH28_BILIARY_TRACT', 'IGR37_SKIN', 'KALS1_CENTRAL_NERVOUS_SYSTEM', 'KYSE520_OESOPHAGUS', 'LMSU_STOMACH', 'LNCAPCLONEFGC_PROSTATE', 'MFE319_ENDOMETRIUM', 'NCIH1299_LUNG', 'NCIH1944_LUNG', 'NCIH522_LUNG', 'ONCODG1_OVARY', 'OVSAHO_OVARY', 'OVTOKO_OVARY', 'PATU8988S_PANCREAS', 'SCC25_UPPER_AERODIGESTIVE_TRACT', 'SCC9_UPPER_AERODIGESTIVE_TRACT', 'SKES1_BONE', 'SKNAS_AUTONOMIC_GANGLIA', 'SNU899_UPPER_AERODIGESTIVE_TRACT', 'TE6_OESOPHAGUS', 'TE9_OESOPHAGUS', 'TM31_CENTRAL_NERVOUS_SYSTEM', 'TOV112D_OVARY', 'VMRCRCZ_KIDNEY']",1,0.12322038297387905,mlp,1.0,mae,44
3,X_scGPT,122,103,103,19,31,"['A375_SKIN', 'BHY_UPPER_AERODIGESTIVE_TRACT', 'BICR31_UPPER_AERODIGESTIVE_TRACT', 'BICR56_UPPER_AERODIGESTIVE_TRACT', 'CALU6_LUNG', 'CAMA1_BREAST', 'COLO741_SKIN', 'EBC1_LUNG', 'FTC133_THYROID', 'HCC56_LARGE_INTESTINE', 'HDQP1_BREAST', 'HEC251_ENDOMETRIUM', 'HS852T_SKIN', 'JHH6_LIVER', 'KPL1_BREAST', 'LS180_LARGE_INTESTINE', 'NCIH1373_LUNG', 'NCIH1435_LUNG', 'NCIH2228_LUNG', 'NCIH2444_LUNG', 'NCIH2452_PLEURA', 'NCIH292_LUNG', 'NCIH446_LUNG', 'NCIH460_LUNG', 'OSRC2_KIDNEY', 'PANC0203_PANCREAS', 'RCM1_LARGE_INTESTINE', 'SNU449_LIVER', 'SQ1_LUNG', 'SW579_THYROID', 'TCCSUP_URINARY_TRACT']",7,0.12552430288766708,mlp,1.0,mae,44
4,X_scGPT,122,103,103,19,31,"['42MGBA_CENTRAL_NERVOUS_SYSTEM', '8305C_THYROID', 'A204_SOFT_TISSUE', 'ASPC1_PANCREAS', 'BCPAP_THYROID', 'BT474_BREAST', 'CAKI2_KIDNEY', 'COV434_OVARY', 'EFE184_ENDOMETRIUM', 'HEC151_ENDOMETRIUM', 'HOS_BONE', 'HT1197_URINARY_TRACT', 'HUH6_LIVER', 'IALM_LUNG', 'IM95_STOMACH', 'KNS42_CENTRAL_NERVOUS_SYSTEM', 'LI7_LIVER', 'LS1034_LARGE_INTESTINE', 'NCIH1792_LUNG', 'NCIH2126_LUNG', 'NCIH2170_LUNG', 'PK45H_PANCREAS', 'RVH421_SKIN', 'SKMEL5_SKIN', 'SNU423_LIVER', 'SNU46_UPPER_AERODIGESTIVE_TRACT', 'SW1088_CENTRAL_NERVOUS_SYSTEM', 'TE10_OESOPHAGUS', 'TE1_OESOPHAGUS', 'VMCUB1_URINARY_TRACT', 'YD38_UPPER_AERODIGESTIVE_TRACT']",21,0.15123812810088252,mlp,1.0,mae,44
5,X_scGPT,122,103,103,19,31,"['A2058_SKIN', 'BFTC909_KIDNEY', 'BICR16_UPPER_AERODIGESTIVE_TRACT', 'BICR6_UPPER_AERODIGESTIVE_TRACT', 'CCFSTTG1_CENTRAL_NERVOUS_SYSTEM', 'DKMG_CENTRAL_NERVOUS_SYSTEM', 'EFM192A_BREAST', 'HCC1428_BREAST', 'HCC366_LUNG', 'HCC38_BREAST', 'HT1080_SOFT_TISSUE', 'HUPT3_PANCREAS', 'HUPT4_PANCREAS', 'IGR1_SKIN', 'JHOC5_OVARY', 'KPNSI9S_AUTONOMIC_GANGLIA', 'MKN7_STOMACH', 'NCIH2087_LUNG', 'NCIH650_LUNG', 'NCIH747_LARGE_INTESTINE', 'OAW28_OVARY', 'OUMS23_LARGE_INTESTINE', 'OVK18_OVARY', 'PK59_PANCREAS', 'RCC10RGB_KIDNEY', 'RERFLCAD1_LUNG', 'RERFLCAI_LUNG', 'RT4_URINARY_TRACT', 'SH10TC_STOMACH', 'SNUC4_LARGE_INTESTINE', 'SW1990_PANCREAS']",22,0.14972419134982418,mlp,1.0,mae,44
