drug,cell_line,y_true,y_pred,rep,weighted
methotrexate,8305C_THYROID,0.7262666821479797,0.4804179613886316,X_pca,False
methotrexate,A204_SOFT_TISSUE,0.3458866775035858,0.6286460769176483,X_pca,False
methotrexate,A2058_SKIN,0.25962498784065247,0.5624689540895474,X_pca,False
methotrexate,A375_SKIN,1.0450714826583862,0.519901168587638,X_pca,False
methotrexate,ACCMESO1_PLEURA,0.9474666714668274,0.5672367025672653,X_pca,False
methotrexate,ASPC1_PANCREAS,0.6116874814033508,0.53965911998831,X_pca,False
methotrexate,BCPAP_THYROID,0.8495333194732666,0.6403509178443959,X_pca,False
methotrexate,BFTC909_KIDNEY,0.431425005197525,0.6444153700780743,X_pca,False
methotrexate,BHY_UPPER_AERODIGESTIVE_TRACT,0.6834999918937683,0.5809800877653319,X_pca,False
methotrexate,BICR31_UPPER_AERODIGESTIVE_TRACT,0.9226874709129333,0.6198206721774994,X_pca,False
methotrexate,BICR56_UPPER_AERODIGESTIVE_TRACT,0.9011250138282776,0.6922562416688895,X_pca,False
methotrexate,BICR6_UPPER_AERODIGESTIVE_TRACT,0.4948999881744385,0.5672557869782815,X_pca,False
methotrexate,BT474_BREAST,1.100000023841858,0.6856820363998413,X_pca,False
methotrexate,BT549_BREAST,0.6232874989509583,0.5608953278987927,X_pca,False
methotrexate,CAKI2_KIDNEY,0.8743749856948853,0.6671471134792987,X_pca,False
methotrexate,CALU6_LUNG,0.2991187572479248,0.505330919641857,X_pca,False
methotrexate,CAMA1_BREAST,0.7552000284194946,0.6822185125137932,X_pca,False
methotrexate,CAS1_CENTRAL_NERVOUS_SYSTEM,0.6778749823570251,0.5293965368790734,X_pca,False
methotrexate,CCFSTTG1_CENTRAL_NERVOUS_SYSTEM,0.8128437399864197,0.5470433328452149,X_pca,False
methotrexate,COLO680N_OESOPHAGUS,0.8660666942596436,0.7126839164338193,X_pca,False
methotrexate,COLO741_SKIN,0.6633750200271606,0.5102688733567583,X_pca,False
methotrexate,COLO792_SKIN,0.8918750286102295,0.5975756950923877,X_pca,False
methotrexate,DANG_PANCREAS,0.28526875376701355,0.4967598012694112,X_pca,False
methotrexate,DAOY_CENTRAL_NERVOUS_SYSTEM,0.34114375710487366,0.4791600479349971,X_pca,False
methotrexate,DETROIT562_UPPER_AERODIGESTIVE_TRACT,0.9947692155838013,0.5612880532726919,X_pca,False
methotrexate,DKMG_CENTRAL_NERVOUS_SYSTEM,0.3301437497138977,0.5803001678077937,X_pca,False
methotrexate,EBC1_LUNG,0.5336624979972839,0.569222760296637,X_pca,False
methotrexate,EFE184_ENDOMETRIUM,0.6087750196456909,0.7178761071937029,X_pca,False
methotrexate,EFM192A_BREAST,0.6518750190734863,0.6957654722102053,X_pca,False
methotrexate,EKVX_LUNG,0.6327499747276306,0.6411083761143358,X_pca,False
methotrexate,FTC133_THYROID,0.8774999976158142,0.5452051192522049,X_pca,False
methotrexate,GOS3_CENTRAL_NERVOUS_SYSTEM,0.5113466382026672,0.5519596942120197,X_pca,False
methotrexate,HCC1428_BREAST,0.6938124895095825,0.6675811738479794,X_pca,False
methotrexate,HCC366_LUNG,0.5552374720573425,0.5819734326093504,X_pca,False
methotrexate,HCC38_BREAST,0.9721875190734863,0.6705242605507373,X_pca,False
methotrexate,HCC56_LARGE_INTESTINE,0.6614999771118164,0.7077234411480451,X_pca,False
methotrexate,HDQP1_BREAST,0.6032500267028809,0.6570710241794586,X_pca,False
methotrexate,HEC151_ENDOMETRIUM,0.4201933443546295,0.5931952333450318,X_pca,False
methotrexate,HEC251_ENDOMETRIUM,0.5889785885810852,0.5845961606948176,X_pca,False
methotrexate,HEC6_ENDOMETRIUM,0.6963357329368591,0.5405225272504439,X_pca,False
methotrexate,HEP3B217_LIVER,0.5243533253669739,0.6358921477350138,X_pca,False
methotrexate,HMC18_BREAST,0.33683332800865173,0.5047730216597535,X_pca,False
methotrexate,HOS_BONE,0.2755500078201294,0.49129945126028485,X_pca,False
methotrexate,HS852T_SKIN,0.7278125286102295,0.5836402315784384,X_pca,False
methotrexate,HT1080_SOFT_TISSUE,0.3468500077724457,0.5995974318348161,X_pca,False
methotrexate,HT1197_URINARY_TRACT,0.5199499726295471,0.6867042941016119,X_pca,False
methotrexate,HT55_LARGE_INTESTINE,0.6655200123786926,0.5409027338027954,X_pca,False
methotrexate,HUH6_LIVER,0.8051249980926514,0.5756877576105693,X_pca,False
methotrexate,HUPT3_PANCREAS,0.35497498512268066,0.6799511742942473,X_pca,False
methotrexate,HUPT4_PANCREAS,0.6241999864578247,0.6543462808643069,X_pca,False
methotrexate,IALM_LUNG,0.7747499942779541,0.6343784201774538,X_pca,False
methotrexate,IGR1_SKIN,0.41231873631477356,0.50297769875362,X_pca,False
methotrexate,IGR37_SKIN,0.39155998826026917,0.5418998122387042,X_pca,False
methotrexate,IM95_STOMACH,0.3352562487125397,0.6458968091655422,X_pca,False
methotrexate,JHH6_LIVER,0.6284375190734863,0.5353021644851537,X_pca,False
methotrexate,JHOC5_OVARY,0.5054312348365784,0.6653838696150944,X_pca,False
methotrexate,KALS1_CENTRAL_NERVOUS_SYSTEM,0.612625002861023,0.5007323311227891,X_pca,False
methotrexate,KMRC3_KIDNEY,0.7935000061988831,0.6915455382697436,X_pca,False
methotrexate,KNS42_CENTRAL_NERVOUS_SYSTEM,0.4528466761112213,0.540355063801588,X_pca,False
methotrexate,KPNSI9S_AUTONOMIC_GANGLIA,0.3165000081062317,0.46404528571653736,X_pca,False
methotrexate,KYSE520_OESOPHAGUS,0.5667562484741211,0.5347808165815962,X_pca,False
methotrexate,LI7_LIVER,0.46700000762939453,0.5591530853084156,X_pca,False
methotrexate,LMSU_STOMACH,0.9099375009536743,0.47000422138793796,X_pca,False
methotrexate,LNCAPCLONEFGC_PROSTATE,0.5344250202178955,0.6303208382554757,X_pca,False
methotrexate,LS1034_LARGE_INTESTINE,0.41078126430511475,0.7017837068805955,X_pca,False
methotrexate,LS180_LARGE_INTESTINE,0.5623133182525635,0.5668865746078069,X_pca,False
methotrexate,MCF7_BREAST,0.8580666780471802,0.6778066991926073,X_pca,False
methotrexate,MDAMB361_BREAST,0.9111250042915344,0.6487453994927583,X_pca,False
methotrexate,MFE319_ENDOMETRIUM,0.4906437397003174,0.5856783566362571,X_pca,False
methotrexate,MKN45_STOMACH,0.8589375019073486,0.5772050341307107,X_pca,False
methotrexate,MKN7_STOMACH,0.6570624709129333,0.6510662910088089,X_pca,False
methotrexate,MSTO211H_PLEURA,0.3929266631603241,0.48487953545669915,X_pca,False
methotrexate,NCIH1299_LUNG,0.6508122086524963,0.497073716159617,X_pca,False
methotrexate,NCIH1373_LUNG,0.5756266713142395,0.6630696203650498,X_pca,False
methotrexate,NCIH1435_LUNG,0.9375,0.654356842630365,X_pca,False
methotrexate,NCIH1792_LUNG,0.5807214379310608,0.5150481046320082,X_pca,False
methotrexate,NCIH1944_LUNG,0.6915000081062317,0.590562851820591,X_pca,False
methotrexate,NCIH2087_LUNG,0.6444374918937683,0.6613177048833403,X_pca,False
methotrexate,NCIH2110_LUNG,0.6646249890327454,0.5876963161493666,X_pca,False
methotrexate,NCIH2126_LUNG,0.7996249794960022,0.6736489010579658,X_pca,False
methotrexate,NCIH2170_LUNG,0.4588249921798706,0.5993940225789245,X_pca,False
methotrexate,NCIH2228_LUNG,0.6698125004768372,0.6582892516003642,X_pca,False
methotrexate,NCIH226_LUNG,0.557533323764801,0.7068694299839913,X_pca,False
methotrexate,NCIH2444_LUNG,0.7700769305229187,0.5732485380353807,X_pca,False
methotrexate,NCIH2452_PLEURA,0.7605000138282776,0.5657014032500384,X_pca,False
methotrexate,NCIH358_LUNG,0.6121187210083008,0.6313058319723323,X_pca,False
methotrexate,NCIH446_LUNG,0.3218666613101959,0.48267717811526084,X_pca,False
methotrexate,NCIH460_LUNG,0.5314439535140991,0.49462605533918885,X_pca,False
methotrexate,NCIH522_LUNG,0.533406674861908,0.48347274400293827,X_pca,False
methotrexate,NCIH650_LUNG,0.5775437355041504,0.5685090760243335,X_pca,False
methotrexate,NCIH747_LARGE_INTESTINE,0.5861625075340271,0.7167230479419231,X_pca,False
methotrexate,OAW28_OVARY,0.8888124823570251,0.6274005400468103,X_pca,False
methotrexate,OSRC2_KIDNEY,0.7014666795730591,0.6905350581048026,X_pca,False
methotrexate,OUMS23_LARGE_INTESTINE,0.6922666430473328,0.6609113795735012,X_pca,False
methotrexate,OVK18_OVARY,0.578719973564148,0.536071939079949,X_pca,False
methotrexate,OVSAHO_OVARY,0.879153847694397,0.6180427316001859,X_pca,False
methotrexate,OVTOKO_OVARY,0.7215625047683716,0.6487420797348022,X_pca,False
methotrexate,PANC0203_PANCREAS,0.5739625096321106,0.6337497339182692,X_pca,False
methotrexate,PATU8988S_PANCREAS,0.3467875123023987,0.6926569325513527,X_pca,False
methotrexate,PC3_PROSTATE,0.8983749747276306,0.6481114105712733,X_pca,False
methotrexate,PECAPJ49_UPPER_AERODIGESTIVE_TRACT,0.5483687520027161,0.683323491622906,X_pca,False
methotrexate,PK45H_PANCREAS,0.36784374713897705,0.5775609295746497,X_pca,False
methotrexate,RCC10RGB_KIDNEY,0.9375,0.6476592677345603,X_pca,False
methotrexate,RCM1_LARGE_INTESTINE,0.8497499823570251,0.6010363430250436,X_pca,False
methotrexate,RD_SOFT_TISSUE,0.3562687635421753,0.4206139361949716,X_pca,False
methotrexate,RERFLCAD1_LUNG,0.6384375095367432,0.667198356286979,X_pca,False
methotrexate,RERFLCAI_LUNG,0.3505687415599823,0.5480402544785296,X_pca,False
methotrexate,RVH421_SKIN,0.5917249917984009,0.5881639564386472,X_pca,False
methotrexate,SCC25_UPPER_AERODIGESTIVE_TRACT,0.9574999809265137,0.631067527229908,X_pca,False
methotrexate,SCC9_UPPER_AERODIGESTIVE_TRACT,0.723312497138977,0.640162977293918,X_pca,False
methotrexate,SH10TC_STOMACH,0.4159437417984009,0.6060066171351322,X_pca,False
methotrexate,SKES1_BONE,0.510643720626831,0.427390055342035,X_pca,False
methotrexate,SKMEL2_SKIN,0.7046250104904175,0.598471784937209,X_pca,False
methotrexate,SKMEL30_SKIN,0.5213812589645386,0.6081979495101205,X_pca,False
methotrexate,SKMEL3_SKIN,0.6781250238418579,0.5419162493391135,X_pca,False
methotrexate,SKMEL5_SKIN,0.6110812425613403,0.5536669647252118,X_pca,False
methotrexate,SKNAS_AUTONOMIC_GANGLIA,0.27313750982284546,0.5092899431433298,X_pca,False
methotrexate,SNU1079_BILIARY_TRACT,1.0682142972946167,0.6929969991723152,X_pca,False
methotrexate,SNU1214_UPPER_AERODIGESTIVE_TRACT,0.4566250145435333,0.6473778895241149,X_pca,False
methotrexate,SNU308_BILIARY_TRACT,0.8143125176429749,0.6016695822807069,X_pca,False
methotrexate,SNU423_LIVER,0.6190124750137329,0.6342173908960145,X_pca,False
methotrexate,SNU449_LIVER,0.29033124446868896,0.5407114970557233,X_pca,False
methotrexate,SNU46_UPPER_AERODIGESTIVE_TRACT,0.8350625038146973,0.5295744881791583,X_pca,False
methotrexate,SNU738_CENTRAL_NERVOUS_SYSTEM,0.5229437351226807,0.6029294825166385,X_pca,False
methotrexate,SNU899_UPPER_AERODIGESTIVE_TRACT,0.5071937441825867,0.5710771730147213,X_pca,False
methotrexate,SNUC4_LARGE_INTESTINE,0.5651000142097473,0.5403274279207438,X_pca,False
methotrexate,SQ1_LUNG,0.903124988079071,0.5725460893967572,X_pca,False
methotrexate,SU8686_PANCREAS,0.3819272816181183,0.5737571349231209,X_pca,False
methotrexate,SW1088_CENTRAL_NERVOUS_SYSTEM,0.5846437215805054,0.5647456122096628,X_pca,False
methotrexate,SW1271_LUNG,0.5804625153541565,0.5683241727559463,X_pca,False
methotrexate,SW1990_PANCREAS,0.4280875027179718,0.5886695884920486,X_pca,False
methotrexate,SW579_THYROID,0.46137499809265137,0.5183909556008703,X_pca,False
methotrexate,T47D_BREAST,0.48953333497047424,0.6800040071366599,X_pca,False
methotrexate,TCCSUP_URINARY_TRACT,0.44894999265670776,0.6358055559140218,X_pca,False
methotrexate,TE10_OESOPHAGUS,0.39348751306533813,0.6277797992370989,X_pca,False
methotrexate,TE14_OESOPHAGUS,0.3560124933719635,0.5598401158796584,X_pca,False
methotrexate,TE6_OESOPHAGUS,0.323306679725647,0.5432526784021062,X_pca,False
methotrexate,TE9_OESOPHAGUS,0.40808749198913574,0.5552798300500839,X_pca,False
methotrexate,TM31_CENTRAL_NERVOUS_SYSTEM,0.695187509059906,0.6100614584725479,X_pca,False
methotrexate,TYKNU_OVARY,0.5082812309265137,0.5127304310982044,X_pca,False
methotrexate,U118MG_CENTRAL_NERVOUS_SYSTEM,0.34011873602867126,0.5556403707529678,X_pca,False
methotrexate,UACC257_SKIN,0.302456259727478,0.5578729767180886,X_pca,False
methotrexate,UMUC1_URINARY_TRACT,0.5008357167243958,0.5726250231568584,X_pca,False
methotrexate,VMCUB1_URINARY_TRACT,0.38666874170303345,0.5266579903319291,X_pca,False
methotrexate,VMRCRCZ_KIDNEY,0.3983687460422516,0.6803368747234344,X_pca,False
methotrexate,YD38_UPPER_AERODIGESTIVE_TRACT,0.4109187424182892,0.6399083773199564,X_pca,False
methotrexate,ZR751_BREAST,0.7339333295822144,0.6612490577605165,X_pca,False
dasatinib,42MGBA_CENTRAL_NERVOUS_SYSTEM,0.40427500009536743,0.597662140849014,X_pca,False
dasatinib,8305C_THYROID,0.45653125643730164,0.614333597403466,X_pca,False
dasatinib,A204_SOFT_TISSUE,0.39879998564720154,0.6639841885566712,X_pca,False
dasatinib,A2058_SKIN,0.8820000290870667,0.7251266196471493,X_pca,False
dasatinib,A375_SKIN,0.7361875176429749,0.6882135273031199,X_pca,False
dasatinib,ACCMESO1_PLEURA,0.6914374828338623,0.6571776020674058,X_pca,False
dasatinib,ASPC1_PANCREAS,0.7771250009536743,0.599737754875216,X_pca,False
dasatinib,BCPAP_THYROID,0.47533124685287476,0.5909284043468928,X_pca,False
dasatinib,BFTC909_KIDNEY,0.7461875081062317,0.6412505687541257,X_pca,False
dasatinib,BHY_UPPER_AERODIGESTIVE_TRACT,0.4388999938964844,0.4860199685754447,X_pca,False
dasatinib,BICR31_UPPER_AERODIGESTIVE_TRACT,0.4805999994277954,0.5641543966147208,X_pca,False
dasatinib,BICR56_UPPER_AERODIGESTIVE_TRACT,0.33540624380111694,0.4640356416319623,X_pca,False
dasatinib,BICR6_UPPER_AERODIGESTIVE_TRACT,0.41869375109672546,0.5646579329158876,X_pca,False
dasatinib,BT474_BREAST,0.7836250066757202,0.8102454762458802,X_pca,False
dasatinib,BT549_BREAST,0.5751500129699707,0.6335111455361646,X_pca,False
dasatinib,CAKI2_KIDNEY,0.5099250078201294,0.6544742039639315,X_pca,False
dasatinib,CALU6_LUNG,0.7634999752044678,0.6832002988157346,X_pca,False
dasatinib,CAMA1_BREAST,1.0912666320800781,0.7465300256853661,X_pca,False
dasatinib,CAS1_CENTRAL_NERVOUS_SYSTEM,0.6050466895103455,0.6014564243474401,X_pca,False
dasatinib,CCFSTTG1_CENTRAL_NERVOUS_SYSTEM,0.5810875296592712,0.6154916766213208,X_pca,False
dasatinib,COLO680N_OESOPHAGUS,0.5232937335968018,0.5383978031333501,X_pca,False
dasatinib,COLO792_SKIN,0.8676875233650208,0.7360594745491703,X_pca,False
dasatinib,COV434_OVARY,0.7323125004768372,0.6789283623749559,X_pca,False
dasatinib,DANG_PANCREAS,0.6069625020027161,0.5758566449988972,X_pca,False
dasatinib,DAOY_CENTRAL_NERVOUS_SYSTEM,0.6238874793052673,0.589702798166309,X_pca,False
dasatinib,DETROIT562_UPPER_AERODIGESTIVE_TRACT,0.5055687427520752,0.5371282826537734,X_pca,False
dasatinib,DKMG_CENTRAL_NERVOUS_SYSTEM,0.498981237411499,0.5764048469022631,X_pca,False
dasatinib,EBC1_LUNG,0.6042937636375427,0.6423215910952579,X_pca,False
dasatinib,EFE184_ENDOMETRIUM,0.4840812385082245,0.6309738907703134,X_pca,False
dasatinib,EFM192A_BREAST,0.7588750123977661,0.6958841174930424,X_pca,False
dasatinib,EKVX_LUNG,0.8306249976158142,0.6495247152570176,X_pca,False
dasatinib,FTC133_THYROID,0.7394999861717224,0.6513831543070929,X_pca,False
dasatinib,GOS3_CENTRAL_NERVOUS_SYSTEM,0.8563125133514404,0.6609311809090419,X_pca,False
dasatinib,HCC1428_BREAST,0.796625018119812,0.7506952886506328,X_pca,False
dasatinib,HCC366_LUNG,0.5135937333106995,0.6360203673933992,X_pca,False
dasatinib,HCC38_BREAST,0.6338750123977661,0.5645913653075695,X_pca,False
dasatinib,HCC56_LARGE_INTESTINE,0.866937518119812,0.6800893996701096,X_pca,False
dasatinib,HDQP1_BREAST,0.5128999948501587,0.6153358351439238,X_pca,False
dasatinib,HEC151_ENDOMETRIUM,0.515681266784668,0.6975138702392578,X_pca,False
dasatinib,HEC251_ENDOMETRIUM,0.6387500166893005,0.6002890701605895,X_pca,False
dasatinib,HEC6_ENDOMETRIUM,0.6464266777038574,0.5806355591146102,X_pca,False
dasatinib,HEP3B217_LIVER,0.9039999842643738,0.6480636965420287,X_pca,False
dasatinib,HMC18_BREAST,0.7727500200271606,0.691497064287752,X_pca,False
dasatinib,HOS_BONE,0.5919562578201294,0.6290276765248168,X_pca,False
dasatinib,HS852T_SKIN,0.4922249913215637,0.6730672687660029,X_pca,False
dasatinib,HT1080_SOFT_TISSUE,0.562749981880188,0.5572919175606366,X_pca,False
dasatinib,HT1197_URINARY_TRACT,0.6575624942779541,0.6203643301048795,X_pca,False
dasatinib,HT55_LARGE_INTESTINE,0.6846250295639038,0.7672059877788852,X_pca,False
dasatinib,HUH6_LIVER,0.7534375190734863,0.7459212940120132,X_pca,False
dasatinib,HUPT3_PANCREAS,0.41859376430511475,0.6326934743453475,X_pca,False
dasatinib,HUPT4_PANCREAS,0.20620624721050262,0.5650308951735497,X_pca,False
dasatinib,IALM_LUNG,0.6118687391281128,0.6622689286744372,X_pca,False
dasatinib,IGR1_SKIN,0.8138124942779541,0.7460752010345459,X_pca,False
dasatinib,IGR37_SKIN,0.8005625009536743,0.7813938400930905,X_pca,False
dasatinib,IM95_STOMACH,0.5978062748908997,0.679169728627076,X_pca,False
dasatinib,JHH6_LIVER,0.9313125014305115,0.6151024864136594,X_pca,False
dasatinib,JHOC5_OVARY,0.4943000078201294,0.6371686734002212,X_pca,False
dasatinib,KALS1_CENTRAL_NERVOUS_SYSTEM,0.559806227684021,0.5780000189940134,X_pca,False
dasatinib,KMRC3_KIDNEY,0.46354374289512634,0.6160436114486383,X_pca,False
dasatinib,KNS42_CENTRAL_NERVOUS_SYSTEM,0.7975000143051147,0.6596592782541763,X_pca,False
dasatinib,KPNSI9S_AUTONOMIC_GANGLIA,0.5248562693595886,0.6375781671945439,X_pca,False
dasatinib,KYSE520_OESOPHAGUS,0.4431062638759613,0.5676114283294501,X_pca,False
dasatinib,LI7_LIVER,0.49360623955726624,0.776816763439957,X_pca,False
dasatinib,LMSU_STOMACH,0.4782937467098236,0.5657363306073582,X_pca,False
dasatinib,LNCAPCLONEFGC_PROSTATE,0.7626875042915344,0.7354190229445465,X_pca,False
dasatinib,LS1034_LARGE_INTESTINE,0.8205000162124634,0.6327644574315581,X_pca,False
dasatinib,LS180_LARGE_INTESTINE,0.6623749732971191,0.7734119702244069,X_pca,False
dasatinib,MCF7_BREAST,0.7684375047683716,0.6955942599089829,X_pca,False
dasatinib,MDAMB361_BREAST,0.8408125042915344,0.8175345866768449,X_pca,False
dasatinib,MFE319_ENDOMETRIUM,0.761062502861023,0.661530431028436,X_pca,False
dasatinib,MKN45_STOMACH,0.8778125047683716,0.7043652251615362,X_pca,False
dasatinib,MKN7_STOMACH,0.5567687749862671,0.6491122430609179,X_pca,False
dasatinib,MSTO211H_PLEURA,0.5362062454223633,0.6436386248880765,X_pca,False
dasatinib,NCIH1299_LUNG,0.6105422377586365,0.6670571480797471,X_pca,False
dasatinib,NCIH1373_LUNG,0.5807437300682068,0.5731774957441702,X_pca,False
dasatinib,NCIH1435_LUNG,0.44232499599456787,0.7236759783176894,X_pca,False
dasatinib,NCIH1792_LUNG,0.6287500262260437,0.6568280002018353,X_pca,False
dasatinib,NCIH1944_LUNG,0.7472500205039978,0.6611876684974357,X_pca,False
dasatinib,NCIH2087_LUNG,0.5473187565803528,0.597810425306564,X_pca,False
dasatinib,NCIH2110_LUNG,0.6790000200271606,0.6534282968571438,X_pca,False
dasatinib,NCIH2126_LUNG,0.8586666584014893,0.6964305950836702,X_pca,False
dasatinib,NCIH2170_LUNG,0.6866875290870667,0.7049445106949604,X_pca,False
dasatinib,NCIH2228_LUNG,0.638593316078186,0.5772414272422687,X_pca,False
dasatinib,NCIH226_LUNG,0.7738666534423828,0.5846771161606972,X_pca,False
dasatinib,NCIH2444_LUNG,0.521726667881012,0.6103908135418148,X_pca,False
dasatinib,NCIH2452_PLEURA,0.5222600102424622,0.6727773604782984,X_pca,False
dasatinib,NCIH358_LUNG,0.5363249778747559,0.5676446601393677,X_pca,False
dasatinib,NCIH446_LUNG,0.6246500015258789,0.6404525619380328,X_pca,False
dasatinib,NCIH460_LUNG,0.8875625133514404,0.7570671596549887,X_pca,False
dasatinib,NCIH522_LUNG,0.5932687520980835,0.686038025869773,X_pca,False
dasatinib,NCIH650_LUNG,0.7402499914169312,0.6430244309435911,X_pca,False
dasatinib,NCIH747_LARGE_INTESTINE,0.46569374203681946,0.5671969749033451,X_pca,False
dasatinib,OAW28_OVARY,0.4912968873977661,0.6231024883548666,X_pca,False
dasatinib,OSRC2_KIDNEY,0.5444625020027161,0.5878563996345277,X_pca,False
dasatinib,OUMS23_LARGE_INTESTINE,0.7300624847412109,0.6755499371858401,X_pca,False
dasatinib,OVK18_OVARY,0.8302500247955322,0.703540633568603,X_pca,False
dasatinib,OVSAHO_OVARY,0.7293750047683716,0.6783351866684296,X_pca,False
dasatinib,OVTOKO_OVARY,0.5172937512397766,0.6161218488045286,X_pca,False
dasatinib,PANC0203_PANCREAS,0.7113749980926514,0.5873174900004986,X_pca,False
dasatinib,PATU8988S_PANCREAS,0.6708750128746033,0.6776341903405111,X_pca,False
dasatinib,PC3_PROSTATE,0.6915000081062317,0.566222179570847,X_pca,False
dasatinib,PECAPJ49_UPPER_AERODIGESTIVE_TRACT,0.3630812466144562,0.4479949278111505,X_pca,False
dasatinib,PK45H_PANCREAS,0.6463750004768372,0.6324203812768099,X_pca,False
dasatinib,PK59_PANCREAS,0.5165374875068665,0.6073757067494009,X_pca,False
dasatinib,RCC10RGB_KIDNEY,0.8713124990463257,0.5608641848032055,X_pca,False
dasatinib,RCM1_LARGE_INTESTINE,0.7444999814033508,0.62566177546978,X_pca,False
dasatinib,RD_SOFT_TISSUE,0.633062481880188,0.6158051031759415,X_pca,False
dasatinib,RERFLCAD1_LUNG,0.7653124928474426,0.5573692135359525,X_pca,False
dasatinib,RERFLCAI_LUNG,0.721750020980835,0.6220343676182108,X_pca,False
dasatinib,RT4_URINARY_TRACT,0.6525624990463257,0.6596350394329935,X_pca,False
dasatinib,RVH421_SKIN,0.8004999756813049,0.6707345554020614,X_pca,False
dasatinib,SCC25_UPPER_AERODIGESTIVE_TRACT,0.3042375147342682,0.5843673725436154,X_pca,False
dasatinib,SCC9_UPPER_AERODIGESTIVE_TRACT,0.5571937561035156,0.5614895149908568,X_pca,False
dasatinib,SH10TC_STOMACH,0.7889999747276306,0.6503521582679531,X_pca,False
dasatinib,SKES1_BONE,0.7970625162124634,0.6613389044017582,X_pca,False
dasatinib,SKMEL30_SKIN,0.8729375004768372,0.7173555728058639,X_pca,False
dasatinib,SKMEL3_SKIN,0.7651875019073486,0.7806211415025377,X_pca,False
dasatinib,SKMEL5_SKIN,0.8383125066757202,0.8041767973691125,X_pca,False
dasatinib,SKNAS_AUTONOMIC_GANGLIA,0.7799375057220459,0.6740286925197703,X_pca,False
dasatinib,SNU1079_BILIARY_TRACT,0.07193750143051147,0.6863797723430477,X_pca,False
dasatinib,SNU1214_UPPER_AERODIGESTIVE_TRACT,0.367125004529953,0.5202750497041865,X_pca,False
dasatinib,SNU308_BILIARY_TRACT,0.5768499970436096,0.5935879593833964,X_pca,False
dasatinib,SNU423_LIVER,0.5128499865531921,0.6688119369857716,X_pca,False
dasatinib,SNU449_LIVER,0.4744812548160553,0.6041614563329846,X_pca,False
dasatinib,SNU46_UPPER_AERODIGESTIVE_TRACT,0.5456749796867371,0.5637253166760429,X_pca,False
dasatinib,SNU738_CENTRAL_NERVOUS_SYSTEM,0.8138750195503235,0.6594384803306459,X_pca,False
dasatinib,SNU899_UPPER_AERODIGESTIVE_TRACT,0.6191187500953674,0.46853503548955344,X_pca,False
dasatinib,SNUC4_LARGE_INTESTINE,0.815750002861023,0.7303740115441398,X_pca,False
dasatinib,SQ1_LUNG,0.5575562715530396,0.5785042580937138,X_pca,False
dasatinib,SU8686_PANCREAS,0.5070333480834961,0.5605100088003205,X_pca,False
dasatinib,SW1088_CENTRAL_NERVOUS_SYSTEM,0.5041000247001648,0.5982466354034841,X_pca,False
dasatinib,SW1271_LUNG,0.4572266638278961,0.6469374242036239,X_pca,False
dasatinib,SW1990_PANCREAS,0.3703874945640564,0.6269072189393183,X_pca,False
dasatinib,SW579_THYROID,0.3098750114440918,0.5331016005733595,X_pca,False
dasatinib,T47D_BREAST,0.8370624780654907,0.7770265985398271,X_pca,False
dasatinib,TCCSUP_URINARY_TRACT,0.6050062775611877,0.6604835981432395,X_pca,False
dasatinib,TE10_OESOPHAGUS,0.5592374801635742,0.5808487893783882,X_pca,False
dasatinib,TE14_OESOPHAGUS,0.6207937598228455,0.540158355474975,X_pca,False
dasatinib,TE1_OESOPHAGUS,0.5767937302589417,0.6222494481836708,X_pca,False
dasatinib,TE6_OESOPHAGUS,0.535973310470581,0.6445148508258827,X_pca,False
dasatinib,TE9_OESOPHAGUS,0.6097562313079834,0.5314064022273787,X_pca,False
dasatinib,TM31_CENTRAL_NERVOUS_SYSTEM,0.6142374873161316,0.6639232789647991,X_pca,False
dasatinib,TOV21G_OVARY,0.5826687216758728,0.6330237955343528,X_pca,False
dasatinib,TYKNU_OVARY,0.6115937232971191,0.6386303122227008,X_pca,False
dasatinib,U118MG_CENTRAL_NERVOUS_SYSTEM,0.593500018119812,0.556479776247603,X_pca,False
dasatinib,UACC257_SKIN,0.7852500081062317,0.7662841966960221,X_pca,False
dasatinib,UMUC1_URINARY_TRACT,0.8255000114440918,0.5324739471909964,X_pca,False
dasatinib,VMCUB1_URINARY_TRACT,0.48861250281333923,0.588889401078723,X_pca,False
dasatinib,VMRCRCZ_KIDNEY,0.5126312375068665,0.6374753761291504,X_pca,False
dasatinib,YD38_UPPER_AERODIGESTIVE_TRACT,0.4448312520980835,0.512997653001012,X_pca,False
dasatinib,ZR751_BREAST,0.912933349609375,0.7545304848152457,X_pca,False
paclitaxel,42MGBA_CENTRAL_NERVOUS_SYSTEM,0.5285812616348267,0.4826293869598492,X_pca,False
paclitaxel,8305C_THYROID,0.43854284286499023,0.5049486017434945,X_pca,False
paclitaxel,A204_SOFT_TISSUE,0.37181875109672546,0.6588655292987824,X_pca,False
paclitaxel,A2058_SKIN,0.25206249952316284,0.5938513441150691,X_pca,False
paclitaxel,A375_SKIN,0.6584940552711487,0.5579252317924724,X_pca,False
paclitaxel,ACCMESO1_PLEURA,0.9169333577156067,0.6268260981197711,X_pca,False
paclitaxel,ASPC1_PANCREAS,0.6364892721176147,0.6665594534627323,X_pca,False
paclitaxel,BCPAP_THYROID,0.23052667081356049,0.6077064660034681,X_pca,False
paclitaxel,BFTC909_KIDNEY,0.5407999753952026,0.633367665053043,X_pca,False
paclitaxel,BHY_UPPER_AERODIGESTIVE_TRACT,0.5109785795211792,0.43221208843691594,X_pca,False
paclitaxel,BICR31_UPPER_AERODIGESTIVE_TRACT,0.5008999705314636,0.5142844247241174,X_pca,False
paclitaxel,BICR56_UPPER_AERODIGESTIVE_TRACT,0.34946250915527344,0.36152630382113987,X_pca,False
paclitaxel,BICR6_UPPER_AERODIGESTIVE_TRACT,0.22311249375343323,0.5010068407217105,X_pca,False
paclitaxel,BT474_BREAST,0.5269133448600769,0.5598213882446289,X_pca,False
paclitaxel,BT549_BREAST,0.334975004196167,0.5106415711623385,X_pca,False
paclitaxel,CAKI2_KIDNEY,0.6657214164733887,0.6981174823620336,X_pca,False
paclitaxel,CALU6_LUNG,0.5136666893959045,0.5251644402742386,X_pca,False
paclitaxel,CAMA1_BREAST,0.671625018119812,0.6726774288616639,X_pca,False
paclitaxel,CAS1_CENTRAL_NERVOUS_SYSTEM,0.8123077154159546,0.4530102720386104,X_pca,False
paclitaxel,CCFSTTG1_CENTRAL_NERVOUS_SYSTEM,0.5159249901771545,0.5151020810613788,X_pca,False
paclitaxel,COLO680N_OESOPHAGUS,0.612137496471405,0.5198975231063981,X_pca,False
paclitaxel,COLO741_SKIN,0.6660624742507935,0.5439550250678077,X_pca,False
paclitaxel,COLO792_SKIN,0.6829333305358887,0.6254481250949452,X_pca,False
paclitaxel,COV434_OVARY,0.4877749979496002,0.39529525285417383,X_pca,False
paclitaxel,DANG_PANCREAS,0.3995312452316284,0.6701179278063607,X_pca,False
paclitaxel,DAOY_CENTRAL_NERVOUS_SYSTEM,0.2984437644481659,0.5017810935863821,X_pca,False
paclitaxel,DETROIT562_UPPER_AERODIGESTIVE_TRACT,0.4171437621116638,0.47980224903375823,X_pca,False
paclitaxel,DKMG_CENTRAL_NERVOUS_SYSTEM,0.3044285774230957,0.5828205246986938,X_pca,False
paclitaxel,EBC1_LUNG,0.43924999237060547,0.6854324462593243,X_pca,False
paclitaxel,EFE184_ENDOMETRIUM,0.7961875200271606,0.690892159245735,X_pca,False
paclitaxel,EFM192A_BREAST,0.322231262922287,0.6067398914524743,X_pca,False
paclitaxel,EKVX_LUNG,0.5209375023841858,0.5848160628994851,X_pca,False
paclitaxel,FTC133_THYROID,0.4417499899864197,0.5803044959902763,X_pca,False
paclitaxel,GOS3_CENTRAL_NERVOUS_SYSTEM,0.6065866947174072,0.60530154664479,X_pca,False
paclitaxel,HCC1428_BREAST,0.6947500109672546,0.655499863342976,X_pca,False
paclitaxel,HCC366_LUNG,0.3181999921798706,0.5802738275563363,X_pca,False
paclitaxel,HCC56_LARGE_INTESTINE,0.5721750259399414,0.6825520083157703,X_pca,False
paclitaxel,HDQP1_BREAST,0.5168733596801758,0.6722716027870774,X_pca,False
paclitaxel,HEC151_ENDOMETRIUM,0.24384374916553497,0.6234865186214447,X_pca,False
paclitaxel,HEC251_ENDOMETRIUM,0.5712500214576721,0.5656895626371152,X_pca,False
paclitaxel,HEC6_ENDOMETRIUM,0.6322214007377625,0.5612276326055112,X_pca,False
paclitaxel,HEP3B217_LIVER,0.8162500262260437,0.6752119332046832,X_pca,False
paclitaxel,HMC18_BREAST,0.48608750104904175,0.552324632634075,X_pca,False
paclitaxel,HOS_BONE,0.4674866795539856,0.45341958905445506,X_pca,False
paclitaxel,HS852T_SKIN,0.5268124938011169,0.5583117751427639,X_pca,False
paclitaxel,HT1080_SOFT_TISSUE,0.2612687647342682,0.4144154208632865,X_pca,False
paclitaxel,HT1197_URINARY_TRACT,0.8916249871253967,0.6062707087478122,X_pca,False
paclitaxel,HT55_LARGE_INTESTINE,0.7723076939582825,0.5755250884740839,X_pca,False
paclitaxel,HUH6_LIVER,1.100000023841858,0.6223028053546092,X_pca,False
paclitaxel,HUPT3_PANCREAS,0.6277499794960022,0.6294432221090093,X_pca,False
paclitaxel,HUPT4_PANCREAS,0.46790769696235657,0.5602120251527855,X_pca,False
paclitaxel,IALM_LUNG,0.9359375238418579,0.6707716249160885,X_pca,False
paclitaxel,IGR1_SKIN,0.4400250017642975,0.5327415914371096,X_pca,False
paclitaxel,IGR37_SKIN,0.3176187574863434,0.6125905819516361,X_pca,False
paclitaxel,IM95_STOMACH,0.09405333548784256,0.5483210903567237,X_pca,False
paclitaxel,JHH6_LIVER,0.7914375066757202,0.514987139013207,X_pca,False
paclitaxel,JHOC5_OVARY,0.6793785691261292,0.6401745520789047,X_pca,False
paclitaxel,KALS1_CENTRAL_NERVOUS_SYSTEM,0.5128812789916992,0.5006225465072526,X_pca,False
paclitaxel,KNS42_CENTRAL_NERVOUS_SYSTEM,0.49499374628067017,0.5286012314433275,X_pca,False
paclitaxel,KPNSI9S_AUTONOMIC_GANGLIA,0.44433748722076416,0.4667145614476167,X_pca,False
paclitaxel,KYSE520_OESOPHAGUS,0.6790000200271606,0.49191715243062,X_pca,False
paclitaxel,LI7_LIVER,0.43004998564720154,0.6412965626436837,X_pca,False
paclitaxel,LMSU_STOMACH,0.6495000123977661,0.42054301523694804,X_pca,False
paclitaxel,LNCAPCLONEFGC_PROSTATE,0.24524374306201935,0.5420196950435638,X_pca,False
paclitaxel,LS1034_LARGE_INTESTINE,0.5858374834060669,0.6270803172294408,X_pca,False
paclitaxel,LS180_LARGE_INTESTINE,0.4455749988555908,0.47768934620054143,X_pca,False
paclitaxel,MCF7_BREAST,0.6690624952316284,0.613036018568319,X_pca,False
paclitaxel,MDAMB361_BREAST,0.7103124856948853,0.5274310136282886,X_pca,False
paclitaxel,MFE319_ENDOMETRIUM,0.2996000051498413,0.47966542371904664,X_pca,False
paclitaxel,MKN45_STOMACH,0.9375,0.5379377777798701,X_pca,False
paclitaxel,MKN7_STOMACH,0.6533125042915344,0.5889647229928379,X_pca,False
paclitaxel,MSTO211H_PLEURA,0.4940750002861023,0.5700720896825244,X_pca,False
paclitaxel,NCIH1299_LUNG,0.7131249904632568,0.5131248364064578,X_pca,False
paclitaxel,NCIH1373_LUNG,0.8170714378356934,0.5698010994166862,X_pca,False
paclitaxel,NCIH1435_LUNG,0.8456875085830688,0.6648474669411835,X_pca,False
paclitaxel,NCIH1792_LUNG,0.5265285968780518,0.5056980832203014,X_pca,False
paclitaxel,NCIH1944_LUNG,0.3497374951839447,0.5795936672295925,X_pca,False
paclitaxel,NCIH2087_LUNG,0.5121562480926514,0.5877284947867807,X_pca,False
paclitaxel,NCIH2110_LUNG,0.2555312514305115,0.5283949996808066,X_pca,False
paclitaxel,NCIH2126_LUNG,0.4945249855518341,0.45428096254666644,X_pca,False
paclitaxel,NCIH2170_LUNG,0.5045499801635742,0.462176232480667,X_pca,False
paclitaxel,NCIH2228_LUNG,0.7720111012458801,0.5676668378897519,X_pca,False
paclitaxel,NCIH226_LUNG,1.100000023841858,0.7121509326265213,X_pca,False
paclitaxel,NCIH2444_LUNG,1.100000023841858,0.58084391252401,X_pca,False
paclitaxel,NCIH2452_PLEURA,1.0585500001907349,0.7436439961084202,X_pca,False
paclitaxel,NCIH358_LUNG,0.23592500388622284,0.5264284271924269,X_pca,False
paclitaxel,NCIH446_LUNG,0.13584375381469727,0.378921700679526,X_pca,False
paclitaxel,NCIH460_LUNG,0.7216249704360962,0.43020639864988225,X_pca,False
paclitaxel,NCIH522_LUNG,0.16481874883174896,0.494899315186418,X_pca,False
paclitaxel,NCIH650_LUNG,0.5303000211715698,0.5716501594249612,X_pca,False
paclitaxel,NCIH747_LARGE_INTESTINE,0.5399312376976013,0.6035272024571896,X_pca,False
paclitaxel,OAW28_OVARY,0.6158447861671448,0.6023150558427254,X_pca,False
paclitaxel,OSRC2_KIDNEY,0.7997142672538757,0.7169088096845717,X_pca,False
paclitaxel,OVK18_OVARY,0.39842307567596436,0.49989965943138254,X_pca,False
paclitaxel,OVSAHO_OVARY,0.8846250176429749,0.597665726744656,X_pca,False
paclitaxel,OVTOKO_OVARY,0.8326428532600403,0.699355495603461,X_pca,False
paclitaxel,PANC0203_PANCREAS,0.6189799904823303,0.556742923650817,X_pca,False
paclitaxel,PATU8988S_PANCREAS,0.46135714650154114,0.6667469446776343,X_pca,False
paclitaxel,PC3_PROSTATE,0.615456223487854,0.5157767133952598,X_pca,False
paclitaxel,PECAPJ49_UPPER_AERODIGESTIVE_TRACT,0.12946875393390656,0.44248042528582093,X_pca,False
paclitaxel,PK45H_PANCREAS,0.6258124709129333,0.6035510457749736,X_pca,False
paclitaxel,PK59_PANCREAS,0.7167999744415283,0.5818052535084473,X_pca,False
paclitaxel,RCC10RGB_KIDNEY,0.8610000014305115,0.7093361437064896,X_pca,False
paclitaxel,RCM1_LARGE_INTESTINE,0.8398125171661377,0.5746420724317431,X_pca,False
paclitaxel,RD_SOFT_TISSUE,0.38019999861717224,0.516211650951612,X_pca,False
paclitaxel,RERFLCAD1_LUNG,0.8071249723434448,0.5901937476156179,X_pca,False
paclitaxel,RERFLCAI_LUNG,0.22921249270439148,0.6300904855112573,X_pca,False
paclitaxel,RT4_URINARY_TRACT,0.6225066781044006,0.5180576328399047,X_pca,False
paclitaxel,RVH421_SKIN,0.6980000138282776,0.6565341518015043,X_pca,False
paclitaxel,SCC25_UPPER_AERODIGESTIVE_TRACT,0.2631266713142395,0.5374075770378113,X_pca,False
paclitaxel,SCC9_UPPER_AERODIGESTIVE_TRACT,0.4983375072479248,0.510875838493046,X_pca,False
paclitaxel,SH10TC_STOMACH,0.33800625801086426,0.6536128427567984,X_pca,False
paclitaxel,SKES1_BONE,0.12243124842643738,0.48272659031899423,X_pca,False
paclitaxel,SKMEL30_SKIN,0.8396000266075134,0.601523532408155,X_pca,False
paclitaxel,SKMEL3_SKIN,0.8928750157356262,0.5786718700042704,X_pca,False
paclitaxel,SKMEL5_SKIN,0.6320000290870667,0.6025337031995407,X_pca,False
paclitaxel,SKNAS_AUTONOMIC_GANGLIA,0.40153124928474426,0.4471397844299806,X_pca,False
paclitaxel,SNU1079_BILIARY_TRACT,0.7470714449882507,0.7488074915049827,X_pca,False
paclitaxel,SNU308_BILIARY_TRACT,0.6199625134468079,0.41336667664507604,X_pca,False
paclitaxel,SNU423_LIVER,0.3167562484741211,0.6409898791110741,X_pca,False
paclitaxel,SNU449_LIVER,0.6817499995231628,0.5525988275911791,X_pca,False
paclitaxel,SNU46_UPPER_AERODIGESTIVE_TRACT,0.7358750104904175,0.5346693428138555,X_pca,False
paclitaxel,SNU738_CENTRAL_NERVOUS_SYSTEM,0.4071125090122223,0.6640181487185345,X_pca,False
paclitaxel,SNU899_UPPER_AERODIGESTIVE_TRACT,0.6364374756813049,0.42650009278791495,X_pca,False
paclitaxel,SQ1_LUNG,0.6761875152587891,0.5510635920682875,X_pca,False
paclitaxel,SU8686_PANCREAS,0.9290778040885925,0.5600082056551445,X_pca,False
paclitaxel,SW1088_CENTRAL_NERVOUS_SYSTEM,0.487193763256073,0.48889537062495947,X_pca,False
paclitaxel,SW1271_LUNG,0.8290333151817322,0.5819767661716627,X_pca,False
paclitaxel,SW1990_PANCREAS,0.5032250285148621,0.5933148832779366,X_pca,False
paclitaxel,SW579_THYROID,0.2587812542915344,0.4511220670790167,X_pca,False
paclitaxel,T47D_BREAST,0.7885333299636841,0.6855599980009087,X_pca,False
paclitaxel,TCCSUP_URINARY_TRACT,0.5900062322616577,0.5912133766503274,X_pca,False
paclitaxel,TE10_OESOPHAGUS,0.47663751244544983,0.5522288923666357,X_pca,False
paclitaxel,TE14_OESOPHAGUS,0.2560800015926361,0.4433141372752089,X_pca,False
paclitaxel,TE1_OESOPHAGUS,0.7301874756813049,0.5587120273159546,X_pca,False
paclitaxel,TE6_OESOPHAGUS,0.5045499801635742,0.4640265425731396,X_pca,False
paclitaxel,TM31_CENTRAL_NERVOUS_SYSTEM,0.6938124895095825,0.560832053936761,X_pca,False
paclitaxel,TOV21G_OVARY,0.5901437401771545,0.5337453112250469,X_pca,False
paclitaxel,TYKNU_OVARY,0.5223937630653381,0.5228195913836488,X_pca,False
paclitaxel,U118MG_CENTRAL_NERVOUS_SYSTEM,0.4687125086784363,0.5365387747277979,X_pca,False
paclitaxel,UACC257_SKIN,0.7988749742507935,0.5955432932745961,X_pca,False
paclitaxel,UMUC1_URINARY_TRACT,0.4259124994277954,0.4801994604507679,X_pca,False
paclitaxel,VMCUB1_URINARY_TRACT,0.25546666979789734,0.4362557082121342,X_pca,False
paclitaxel,VMRCRCZ_KIDNEY,0.7373124957084656,0.7095442029833794,X_pca,False
paclitaxel,ZR751_BREAST,0.9081875085830688,0.6029980583869909,X_pca,False
vincristine,42MGBA_CENTRAL_NERVOUS_SYSTEM,0.5476400256156921,0.46911504904966095,X_pca,False
vincristine,8305C_THYROID,0.40195000171661377,0.5018471004137026,X_pca,False
vincristine,A204_SOFT_TISSUE,0.40056875348091125,0.6204813227653504,X_pca,False
vincristine,A2058_SKIN,0.2991437613964081,0.5529348445790154,X_pca,False
vincristine,A375_SKIN,0.5948214530944824,0.5964751624538364,X_pca,False
vincristine,ACCMESO1_PLEURA,0.8137500286102295,0.601450964808464,X_pca,False
vincristine,ASPC1_PANCREAS,0.6924999952316284,0.7344724219420861,X_pca,False
vincristine,BCPAP_THYROID,0.3965800106525421,0.6212724194322762,X_pca,False
vincristine,BFTC909_KIDNEY,0.44690001010894775,0.6006373310152019,X_pca,False
vincristine,BHY_UPPER_AERODIGESTIVE_TRACT,0.6288750171661377,0.5044194482523819,X_pca,False
vincristine,BICR31_UPPER_AERODIGESTIVE_TRACT,0.6130625009536743,0.5737705301613577,X_pca,False
vincristine,BICR56_UPPER_AERODIGESTIVE_TRACT,0.634006679058075,0.46516421694814425,X_pca,False
vincristine,BICR6_UPPER_AERODIGESTIVE_TRACT,0.3622399866580963,0.5692633270592122,X_pca,False
vincristine,BT474_BREAST,0.6909999847412109,0.6533406929969787,X_pca,False
vincristine,BT549_BREAST,0.6388999819755554,0.47444978860536013,X_pca,False
vincristine,CAKI2_KIDNEY,0.6704375147819519,0.6435764723544498,X_pca,False
vincristine,CALU6_LUNG,0.6008124947547913,0.5397934222868247,X_pca,False
vincristine,CAMA1_BREAST,0.6742500066757202,0.6513940753396025,X_pca,False
vincristine,CAS1_CENTRAL_NERVOUS_SYSTEM,0.6345199942588806,0.5097554290205016,X_pca,False
vincristine,CCFSTTG1_CENTRAL_NERVOUS_SYSTEM,0.857200026512146,0.5038758649574062,X_pca,False
vincristine,COLO680N_OESOPHAGUS,0.7554374933242798,0.5764269445867884,X_pca,False
vincristine,COLO741_SKIN,0.43671250343322754,0.4873338358018174,X_pca,False
vincristine,COLO792_SKIN,0.6443125009536743,0.5858553062945714,X_pca,False
vincristine,COV434_OVARY,0.3867799937725067,0.4019916362383149,X_pca,False
vincristine,DANG_PANCREAS,0.6072750091552734,0.6890167197981081,X_pca,False
vincristine,DAOY_CENTRAL_NERVOUS_SYSTEM,0.2947562634944916,0.48037780317547485,X_pca,False
vincristine,DETROIT562_UPPER_AERODIGESTIVE_TRACT,0.5571374893188477,0.5526658104606933,X_pca,False
vincristine,DKMG_CENTRAL_NERVOUS_SYSTEM,0.409280002117157,0.5398511533587621,X_pca,False
vincristine,EBC1_LUNG,0.5565124750137329,0.7496423974472989,X_pca,False
vincristine,EFE184_ENDOMETRIUM,0.679562509059906,0.7103416275146396,X_pca,False
vincristine,EFM192A_BREAST,0.672249972820282,0.6536950286444243,X_pca,False
vincristine,EKVX_LUNG,0.8526666760444641,0.565839974235182,X_pca,False
vincristine,FTC133_THYROID,0.6901999711990356,0.5965219672237124,X_pca,False
vincristine,GOS3_CENTRAL_NERVOUS_SYSTEM,0.5899562239646912,0.5662240283027369,X_pca,False
vincristine,HCC1428_BREAST,0.7901999950408936,0.6317478434776697,X_pca,False
vincristine,HCC366_LUNG,0.457868754863739,0.5947005710389355,X_pca,False
vincristine,HCC38_BREAST,0.5398461818695068,0.541194681674242,X_pca,False
vincristine,HCC56_LARGE_INTESTINE,0.5508187413215637,0.6829628541012003,X_pca,False
vincristine,HDQP1_BREAST,0.7371249794960022,0.6841140827164054,X_pca,False
vincristine,HEC151_ENDOMETRIUM,0.20153124630451202,0.5909918891191482,X_pca,False
vincristine,HEC251_ENDOMETRIUM,0.5240312218666077,0.5802702001322095,X_pca,False
vincristine,HEC6_ENDOMETRIUM,0.6780624985694885,0.5437285420687302,X_pca,False
vincristine,HEP3B217_LIVER,0.8504999876022339,0.6102009344909151,X_pca,False
vincristine,HMC18_BREAST,0.39646250009536743,0.5513956238588782,X_pca,False
vincristine,HOS_BONE,0.3352062404155731,0.47001533115010785,X_pca,False
vincristine,HS852T_SKIN,0.48148125410079956,0.5555260751718356,X_pca,False
vincristine,HT1080_SOFT_TISSUE,0.18923750519752502,0.43917156888764036,X_pca,False
vincristine,HT1197_URINARY_TRACT,0.6433749794960022,0.6079230175630467,X_pca,False
vincristine,HT55_LARGE_INTESTINE,0.706250011920929,0.5636232547567919,X_pca,False
vincristine,HUH6_LIVER,0.3490374982357025,0.6296226088640958,X_pca,False
vincristine,HUPT3_PANCREAS,0.6478750109672546,0.6564904359333655,X_pca,False
vincristine,HUPT4_PANCREAS,0.4810187518596649,0.6042836505387511,X_pca,False
vincristine,IALM_LUNG,0.8377500176429749,0.6633038903985705,X_pca,False
vincristine,IGR1_SKIN,0.3574312627315521,0.49768305655183465,X_pca,False
vincristine,IGR37_SKIN,0.24663333594799042,0.5405120175406981,X_pca,False
vincristine,IM95_STOMACH,0.19499333202838898,0.5632573101971601,X_pca,False
vincristine,JHH6_LIVER,0.9332500100135803,0.5431232427798428,X_pca,False
vincristine,JHOC5_OVARY,0.6779999732971191,0.6367479186633538,X_pca,False
vincristine,KALS1_CENTRAL_NERVOUS_SYSTEM,0.4094187617301941,0.5293164422942532,X_pca,False
vincristine,KMRC3_KIDNEY,0.4999333322048187,0.7121282429111248,X_pca,False
vincristine,KNS42_CENTRAL_NERVOUS_SYSTEM,0.6093999743461609,0.534973201017047,X_pca,False
vincristine,KPNSI9S_AUTONOMIC_GANGLIA,0.35938748717308044,0.44784253073293107,X_pca,False
vincristine,KYSE520_OESOPHAGUS,0.7401333451271057,0.5584145357180675,X_pca,False
vincristine,LI7_LIVER,0.5061312317848206,0.644849951017876,X_pca,False
vincristine,LMSU_STOMACH,0.5531874895095825,0.4223783412400414,X_pca,False
vincristine,LNCAPCLONEFGC_PROSTATE,0.24716874957084656,0.5160086062527443,X_pca,False
vincristine,LS1034_LARGE_INTESTINE,0.6206466555595398,0.6593174366918328,X_pca,False
vincristine,LS180_LARGE_INTESTINE,0.5076187252998352,0.5005500216728432,X_pca,False
vincristine,MCF7_BREAST,0.5924249887466431,0.6213943203846057,X_pca,False
vincristine,MDAMB361_BREAST,0.5774400234222412,0.6050145484783032,X_pca,False
vincristine,MFE319_ENDOMETRIUM,0.4310624897480011,0.5017913526889541,X_pca,False
vincristine,MKN45_STOMACH,0.9100624918937683,0.583602072071221,X_pca,False
vincristine,MKN7_STOMACH,0.7352666854858398,0.6832317552825277,X_pca,False
vincristine,MSTO211H_PLEURA,0.34878748655319214,0.5427032908807299,X_pca,False
vincristine,NCIH1299_LUNG,0.6871187686920166,0.5245188461818945,X_pca,False
vincristine,NCIH1373_LUNG,0.7287499904632568,0.5608178678809143,X_pca,False
vincristine,NCIH1435_LUNG,0.7204999923706055,0.7488549945506264,X_pca,False
vincristine,NCIH1792_LUNG,0.6696249842643738,0.47841911595146935,X_pca,False
vincristine,NCIH1944_LUNG,0.46594375371932983,0.5779154914732717,X_pca,False
vincristine,NCIH2087_LUNG,0.34689998626708984,0.5845500747907107,X_pca,False
vincristine,NCIH2110_LUNG,0.17688125371932983,0.5910936732088501,X_pca,False
vincristine,NCIH2126_LUNG,0.6244562268257141,0.5033554634587332,X_pca,False
vincristine,NCIH2170_LUNG,0.4926687479019165,0.4833883137350351,X_pca,False
vincristine,NCIH2228_LUNG,0.5347874760627747,0.544102150023146,X_pca,False
vincristine,NCIH226_LUNG,0.8397499918937683,0.6337848315847681,X_pca,False
vincristine,NCIH2444_LUNG,0.9046249985694885,0.6243184779766743,X_pca,False
vincristine,NCIH2452_PLEURA,0.6080750226974487,0.6708037502038877,X_pca,False
vincristine,NCIH358_LUNG,0.44712498784065247,0.585981192865542,X_pca,False
vincristine,NCIH446_LUNG,0.2019687443971634,0.3878951515166127,X_pca,False
vincristine,NCIH460_LUNG,0.7309062480926514,0.41240718707958574,X_pca,False
vincristine,NCIH522_LUNG,0.1617249995470047,0.48641912524516767,X_pca,False
vincristine,NCIH650_LUNG,0.5985187292098999,0.5785442189316908,X_pca,False
vincristine,NCIH747_LARGE_INTESTINE,0.5193866491317749,0.7010120876133442,X_pca,False
vincristine,OAW28_OVARY,0.6553875207901001,0.6613679767025183,X_pca,False
vincristine,OSRC2_KIDNEY,0.8454375267028809,0.6472917937097096,X_pca,False
vincristine,OUMS23_LARGE_INTESTINE,0.6188750267028809,0.6033119520294332,X_pca,False
vincristine,OVK18_OVARY,0.40578123927116394,0.5115772140829751,X_pca,False
vincristine,OVSAHO_OVARY,0.8880624771118164,0.5729570038255616,X_pca,False
vincristine,OVTOKO_OVARY,0.7811874747276306,0.6773813774711207,X_pca,False
vincristine,PANC0203_PANCREAS,0.7631875276565552,0.6052839449154058,X_pca,False
vincristine,PATU8988S_PANCREAS,0.6373666524887085,0.6894670531886523,X_pca,False
vincristine,PC3_PROSTATE,0.6444374918937683,0.5873389302273474,X_pca,False
vincristine,PECAPJ49_UPPER_AERODIGESTIVE_TRACT,0.21821250021457672,0.5113656259704344,X_pca,False
vincristine,PK45H_PANCREAS,0.7045999765396118,0.5947568867479304,X_pca,False
vincristine,PK59_PANCREAS,0.7398750185966492,0.6368546033727711,X_pca,False
vincristine,RCC10RGB_KIDNEY,0.7806249856948853,0.6508784399012127,X_pca,False
vincristine,RCM1_LARGE_INTESTINE,0.9458666443824768,0.6095533622428775,X_pca,False
vincristine,RD_SOFT_TISSUE,0.2967599928379059,0.5154891352087145,X_pca,False
vincristine,RERFLCAD1_LUNG,1.005312442779541,0.5876753810992457,X_pca,False
vincristine,RERFLCAI_LUNG,0.2301187515258789,0.614301235772679,X_pca,False
vincristine,RT4_URINARY_TRACT,0.5279250144958496,0.545108142326463,X_pca,False
vincristine,RVH421_SKIN,0.2544187605381012,0.6438350263499815,X_pca,False
vincristine,SCC25_UPPER_AERODIGESTIVE_TRACT,0.34040623903274536,0.5690712305511822,X_pca,False
vincristine,SCC9_UPPER_AERODIGESTIVE_TRACT,0.48765623569488525,0.49734563683208666,X_pca,False
vincristine,SH10TC_STOMACH,0.43741875886917114,0.6607199931925858,X_pca,False
vincristine,SKES1_BONE,0.035750001668930054,0.4623752996161744,X_pca,False
vincristine,SKMEL2_SKIN,0.7256875038146973,0.5301569170062093,X_pca,False
vincristine,SKMEL30_SKIN,0.8165000081062317,0.5574295052219045,X_pca,False
vincristine,SKMEL3_SKIN,0.6436874866485596,0.5275462255957201,X_pca,False
vincristine,SKMEL5_SKIN,0.36355000734329224,0.5383927143784083,X_pca,False
vincristine,SKNAS_AUTONOMIC_GANGLIA,0.34972500801086426,0.42362755800770446,X_pca,False
vincristine,SNU1079_BILIARY_TRACT,0.7950714230537415,0.6948340682134236,X_pca,False
vincristine,SNU1214_UPPER_AERODIGESTIVE_TRACT,0.5193937420845032,0.5276158301437155,X_pca,False
vincristine,SNU308_BILIARY_TRACT,0.6400625109672546,0.526720903021224,X_pca,False
vincristine,SNU423_LIVER,0.40997499227523804,0.6189414371015891,X_pca,False
vincristine,SNU449_LIVER,0.7581999897956848,0.5497791888654655,X_pca,False
vincristine,SNU46_UPPER_AERODIGESTIVE_TRACT,0.7064375281333923,0.5811122212622125,X_pca,False
vincristine,SNU738_CENTRAL_NERVOUS_SYSTEM,0.684499979019165,0.6444046877147654,X_pca,False
vincristine,SNU899_UPPER_AERODIGESTIVE_TRACT,0.8463749885559082,0.5013434082628733,X_pca,False
vincristine,SNUC4_LARGE_INTESTINE,0.5322266817092896,0.48890458439861684,X_pca,False
vincristine,SQ1_LUNG,0.5388500094413757,0.5879714035687327,X_pca,False
vincristine,SU8686_PANCREAS,0.5508437752723694,0.6145617089620451,X_pca,False
vincristine,SW1088_CENTRAL_NERVOUS_SYSTEM,0.5256437659263611,0.45652011735364795,X_pca,False
vincristine,SW1271_LUNG,0.7133125066757202,0.5734500913516335,X_pca,False
vincristine,SW1990_PANCREAS,0.5988374948501587,0.6264941738948759,X_pca,False
vincristine,SW579_THYROID,0.21722500026226044,0.45567985256696075,X_pca,False
vincristine,T47D_BREAST,0.850266695022583,0.6490630004470704,X_pca,False
vincristine,TCCSUP_URINARY_TRACT,0.687624990940094,0.5756846347564384,X_pca,False
vincristine,TE10_OESOPHAGUS,0.5327500104904175,0.6210261323408449,X_pca,False
vincristine,TE14_OESOPHAGUS,0.6224615573883057,0.4845465170180244,X_pca,False
vincristine,TE1_OESOPHAGUS,0.7388125061988831,0.5794157987659417,X_pca,False
vincristine,TE6_OESOPHAGUS,0.38093748688697815,0.5098832598507079,X_pca,False
vincristine,TE9_OESOPHAGUS,0.5380125045776367,0.5244104721613468,X_pca,False
vincristine,TM31_CENTRAL_NERVOUS_SYSTEM,0.5729187726974487,0.5513052537009634,X_pca,False
vincristine,TOV21G_OVARY,0.5007249712944031,0.5168183229008659,X_pca,False
vincristine,TYKNU_OVARY,0.5251562595367432,0.5371167550229619,X_pca,False
vincristine,U118MG_CENTRAL_NERVOUS_SYSTEM,0.5909625291824341,0.49724084712931366,X_pca,False
vincristine,UACC257_SKIN,0.7762500047683716,0.5387770117077368,X_pca,False
vincristine,UMUC1_URINARY_TRACT,0.48531249165534973,0.5668319804111713,X_pca,False
vincristine,VMCUB1_URINARY_TRACT,0.4484249949455261,0.54622323299801,X_pca,False
vincristine,VMRCRCZ_KIDNEY,0.664187490940094,0.6177642554044723,X_pca,False
vincristine,YD38_UPPER_AERODIGESTIVE_TRACT,0.4536312520503998,0.5701382715159502,X_pca,False
vincristine,ZR751_BREAST,0.6918749809265137,0.5690078281083153,X_pca,False
afatinib,42MGBA_CENTRAL_NERVOUS_SYSTEM,0.7275000214576721,0.7338333639629099,X_pca,False
afatinib,8305C_THYROID,0.6925333142280579,0.7444666376041171,X_pca,False
afatinib,A204_SOFT_TISSUE,0.5591874718666077,0.7389866046905518,X_pca,False
afatinib,A2058_SKIN,0.7646874785423279,0.7735908712659564,X_pca,False
afatinib,A375_SKIN,0.9358571171760559,0.7250582880354651,X_pca,False
afatinib,ACCMESO1_PLEURA,0.8127333521842957,0.7892482545640733,X_pca,False
afatinib,ASPC1_PANCREAS,0.6907187700271606,0.7214696623128036,X_pca,False
afatinib,BCPAP_THYROID,0.777733325958252,0.7255582487896869,X_pca,False
afatinib,BFTC909_KIDNEY,0.7073333263397217,0.755010511126556,X_pca,False
afatinib,BHY_UPPER_AERODIGESTIVE_TRACT,0.45029333233833313,0.5794487910024051,X_pca,False
afatinib,BICR31_UPPER_AERODIGESTIVE_TRACT,0.4339374899864197,0.6034930312345105,X_pca,False
afatinib,BICR56_UPPER_AERODIGESTIVE_TRACT,0.3860437572002411,0.529599008736787,X_pca,False
afatinib,BICR6_UPPER_AERODIGESTIVE_TRACT,0.711187481880188,0.6303657247469976,X_pca,False
afatinib,BT474_BREAST,0.43651875853538513,0.7285353765487671,X_pca,False
afatinib,BT549_BREAST,0.7768124938011169,0.7051125655048772,X_pca,False
afatinib,CAKI2_KIDNEY,0.668874979019165,0.7238416251518743,X_pca,False
afatinib,CALU6_LUNG,0.7353333234786987,0.7744511622329091,X_pca,False
afatinib,CAMA1_BREAST,0.9009333252906799,0.7289508503327256,X_pca,False
afatinib,CAS1_CENTRAL_NERVOUS_SYSTEM,0.7460625171661377,0.7461740293897184,X_pca,False
afatinib,CCFSTTG1_CENTRAL_NERVOUS_SYSTEM,0.8619375228881836,0.7460967864447493,X_pca,False
afatinib,COLO680N_OESOPHAGUS,0.7075999975204468,0.6386893543185057,X_pca,False
afatinib,COLO792_SKIN,0.6729999780654907,0.7827259049204442,X_pca,False
afatinib,COV434_OVARY,0.6568750143051147,0.7339599938555197,X_pca,False
afatinib,DANG_PANCREAS,0.7179999947547913,0.7491669596491993,X_pca,False
afatinib,DAOY_CENTRAL_NERVOUS_SYSTEM,0.9120769500732422,0.7442994486818958,X_pca,False
afatinib,DETROIT562_UPPER_AERODIGESTIVE_TRACT,0.6452142596244812,0.6079505937962444,X_pca,False
afatinib,DKMG_CENTRAL_NERVOUS_SYSTEM,0.7222499847412109,0.7076251583785589,X_pca,False
afatinib,EBC1_LUNG,0.6473125219345093,0.7775204216921201,X_pca,False
afatinib,EFE184_ENDOMETRIUM,0.6528124809265137,0.7375018430310626,X_pca,False
afatinib,EKVX_LUNG,0.47856250405311584,0.7386482341648781,X_pca,False
afatinib,FTC133_THYROID,0.8962500095367432,0.7482616288321359,X_pca,False
afatinib,GOS3_CENTRAL_NERVOUS_SYSTEM,0.7197499871253967,0.7771210320957044,X_pca,False
afatinib,HCC1428_BREAST,0.7386875152587891,0.7236340904799033,X_pca,False
afatinib,HCC366_LUNG,0.6853500008583069,0.7283854455050855,X_pca,False
afatinib,HCC38_BREAST,0.7213749885559082,0.6097265109419823,X_pca,False
afatinib,HCC56_LARGE_INTESTINE,0.675000011920929,0.6761011643843218,X_pca,False
afatinib,HDQP1_BREAST,0.6154000163078308,0.7018614709377289,X_pca,False
afatinib,HEC151_ENDOMETRIUM,0.6186312437057495,0.7780008749961853,X_pca,False
afatinib,HEC251_ENDOMETRIUM,0.7176615595817566,0.6507689618618688,X_pca,False
afatinib,HEC6_ENDOMETRIUM,0.9160000085830688,0.6732432986638561,X_pca,False
afatinib,HEP3B217_LIVER,0.817466676235199,0.7324052943011462,X_pca,False
afatinib,HMC18_BREAST,0.8866153955459595,0.7275204141799093,X_pca,False
afatinib,HOS_BONE,0.8081874847412109,0.76567578560193,X_pca,False
afatinib,HS852T_SKIN,0.6169062256813049,0.7399305186153929,X_pca,False
afatinib,HT1080_SOFT_TISSUE,0.7598124742507935,0.6595123883827713,X_pca,False
afatinib,HT1197_URINARY_TRACT,1.100000023841858,0.6902924904952178,X_pca,False
afatinib,HT55_LARGE_INTESTINE,0.46175000071525574,0.7479545974053478,X_pca,False
afatinib,HUPT3_PANCREAS,0.7680000066757202,0.6985298215466387,X_pca,False
afatinib,HUPT4_PANCREAS,0.4047062397003174,0.6745852136186191,X_pca,False
afatinib,IALM_LUNG,0.8001428842544556,0.7972619133706419,X_pca,False
afatinib,IGR1_SKIN,0.695187509059906,0.7959288987620123,X_pca,False
afatinib,IGR37_SKIN,0.7457500100135803,0.793337499373928,X_pca,False
afatinib,IM95_STOMACH,0.46796876192092896,0.6929411089098131,X_pca,False
afatinib,JHH6_LIVER,0.8983749747276306,0.7230362562299932,X_pca,False
afatinib,JHOC5_OVARY,0.6862461566925049,0.729895661206081,X_pca,False
afatinib,KALS1_CENTRAL_NERVOUS_SYSTEM,0.7638124823570251,0.7221012943320804,X_pca,False
afatinib,KMRC3_KIDNEY,0.7061874866485596,0.7455008604088608,X_pca,False
afatinib,KNS42_CENTRAL_NERVOUS_SYSTEM,0.7439374923706055,0.7130525233440621,X_pca,False
afatinib,KPNSI9S_AUTONOMIC_GANGLIA,0.7086874842643738,0.773099704306255,X_pca,False
afatinib,KYSE520_OESOPHAGUS,0.5781624913215637,0.6633000026915464,X_pca,False
afatinib,LMSU_STOMACH,0.7841249704360962,0.6937603938813303,X_pca,False
afatinib,LNCAPCLONEFGC_PROSTATE,0.7328125238418579,0.7284804979960123,X_pca,False
afatinib,LS1034_LARGE_INTESTINE,0.7124375104904175,0.6589240946181832,X_pca,False
afatinib,LS180_LARGE_INTESTINE,0.783307671546936,0.6294932579234697,X_pca,False
afatinib,MCF7_BREAST,0.7252143025398254,0.6999141619755671,X_pca,False
afatinib,MDAMB361_BREAST,0.49120625853538513,0.7055671842009933,X_pca,False
afatinib,MFE319_ENDOMETRIUM,0.7394375205039978,0.6968374333456548,X_pca,False
afatinib,MKN45_STOMACH,0.937333345413208,0.6900801587912996,X_pca,False
afatinib,MKN7_STOMACH,0.6158562302589417,0.7213139929050623,X_pca,False
afatinib,NCIH1299_LUNG,0.777439534664154,0.7910029211740816,X_pca,False
afatinib,NCIH1373_LUNG,0.7123125195503235,0.7180647166763864,X_pca,False
afatinib,NCIH1435_LUNG,0.45918750762939453,0.7073683075690538,X_pca,False
afatinib,NCIH1792_LUNG,0.7356250286102295,0.7507699808558902,X_pca,False
afatinib,NCIH1944_LUNG,0.648312509059906,0.7313008368879125,X_pca,False
afatinib,NCIH2087_LUNG,0.5962562561035156,0.6732920239505158,X_pca,False
afatinib,NCIH2110_LUNG,0.6371250152587891,0.6441413690696409,X_pca,False
afatinib,NCIH2126_LUNG,0.7491428852081299,0.6691331188335563,X_pca,False
afatinib,NCIH2170_LUNG,0.4127500057220459,0.703544278379897,X_pca,False
afatinib,NCIH2228_LUNG,0.5936499834060669,0.6971393113889877,X_pca,False
afatinib,NCIH2444_LUNG,1.100000023841858,0.7131923464783133,X_pca,False
afatinib,NCIH2452_PLEURA,0.6032266616821289,0.8127303197702954,X_pca,False
afatinib,NCIH358_LUNG,0.4544466733932495,0.6716804685337203,X_pca,False
afatinib,NCIH460_LUNG,0.9790312647819519,0.6906919635324923,X_pca,False
afatinib,NCIH522_LUNG,0.5817937254905701,0.7239842641238983,X_pca,False
afatinib,NCIH650_LUNG,0.7299285531044006,0.7547745610075244,X_pca,False
afatinib,NCIH747_LARGE_INTESTINE,0.4780312478542328,0.6296632148325443,X_pca,False
afatinib,OAW28_OVARY,0.6094218492507935,0.7029940282335932,X_pca,False
afatinib,OSRC2_KIDNEY,0.7542142868041992,0.705830325682958,X_pca,False
afatinib,OUMS23_LARGE_INTESTINE,0.7694000005722046,0.7039880941961413,X_pca,False
afatinib,OVSAHO_OVARY,0.7030571699142456,0.7354147434234619,X_pca,False
afatinib,OVTOKO_OVARY,0.6664199829101562,0.7215074979517448,X_pca,False
afatinib,PANC0203_PANCREAS,0.7578750252723694,0.6761236592479374,X_pca,False
afatinib,PATU8988S_PANCREAS,0.6714375019073486,0.6848606640686754,X_pca,False
afatinib,PC3_PROSTATE,0.7809374928474426,0.7174549296762817,X_pca,False
afatinib,PECAPJ49_UPPER_AERODIGESTIVE_TRACT,0.5472312569618225,0.504986383684791,X_pca,False
afatinib,PK45H_PANCREAS,0.7161874771118164,0.7826755975005372,X_pca,False
afatinib,PK59_PANCREAS,0.6715624928474426,0.6511929953235319,X_pca,False
afatinib,RCC10RGB_KIDNEY,0.7647500038146973,0.684097551225081,X_pca,False
afatinib,RCM1_LARGE_INTESTINE,0.7378749847412109,0.6440735254436731,X_pca,False
afatinib,RD_SOFT_TISSUE,0.6806874871253967,0.7547814220304233,X_pca,False
afatinib,RERFLCAD1_LUNG,0.9696922898292542,0.7083691498379648,X_pca,False
afatinib,RERFLCAI_LUNG,0.9084615111351013,0.7615308088212619,X_pca,False
afatinib,RT4_URINARY_TRACT,0.5683500170707703,0.6963308121798173,X_pca,False
afatinib,RVH421_SKIN,0.6581875085830688,0.6940257454516997,X_pca,False
afatinib,SCC25_UPPER_AERODIGESTIVE_TRACT,0.23332500457763672,0.6274213930944558,X_pca,False
afatinib,SCC9_UPPER_AERODIGESTIVE_TRACT,0.483293741941452,0.6380393011946427,X_pca,False
afatinib,SH10TC_STOMACH,0.7716875076293945,0.7615420059261159,X_pca,False
afatinib,SKES1_BONE,0.6918125152587891,0.7793681235103816,X_pca,False
afatinib,SKMEL2_SKIN,0.7366874814033508,0.7440463751554489,X_pca,False
afatinib,SKMEL3_SKIN,0.7950624823570251,0.774073371567677,X_pca,False
afatinib,SKNAS_AUTONOMIC_GANGLIA,0.6861875057220459,0.7278890989523018,X_pca,False
afatinib,SNU1079_BILIARY_TRACT,0.29893332719802856,0.7863895043934861,X_pca,False
afatinib,SNU308_BILIARY_TRACT,0.7046384811401367,0.6234187648651448,X_pca,False
afatinib,SNU449_LIVER,0.7425000071525574,0.7159315821126844,X_pca,False
afatinib,SNU46_UPPER_AERODIGESTIVE_TRACT,0.8281538486480713,0.6764191212290425,X_pca,False
afatinib,SNU738_CENTRAL_NERVOUS_SYSTEM,0.7675625085830688,0.7747156270890249,X_pca,False
afatinib,SNU899_UPPER_AERODIGESTIVE_TRACT,0.8895384669303894,0.5791061157921711,X_pca,False
afatinib,SNUC4_LARGE_INTESTINE,0.5654312372207642,0.7482731785202434,X_pca,False
afatinib,SQ1_LUNG,0.5305250287055969,0.7238324379720608,X_pca,False
afatinib,SW1088_CENTRAL_NERVOUS_SYSTEM,0.7102500200271606,0.7362017072737217,X_pca,False
afatinib,SW1271_LUNG,0.74657142162323,0.7844049386356188,X_pca,False
afatinib,SW1990_PANCREAS,0.6754375100135803,0.7254955471532741,X_pca,False
afatinib,SW579_THYROID,0.679562509059906,0.7208257454880921,X_pca,False
afatinib,T47D_BREAST,0.710562527179718,0.761310220304118,X_pca,False
afatinib,TCCSUP_URINARY_TRACT,0.9133076667785645,0.7619954125036167,X_pca,False
afatinib,TE10_OESOPHAGUS,0.7143615484237671,0.6912385410369803,X_pca,False
afatinib,TE14_OESOPHAGUS,0.4214499890804291,0.6412928565896513,X_pca,False
afatinib,TE1_OESOPHAGUS,0.6724374890327454,0.694407816650798,X_pca,False
afatinib,TE6_OESOPHAGUS,0.6680600047111511,0.6817680101861971,X_pca,False
afatinib,TE9_OESOPHAGUS,0.881615400314331,0.5996465151829105,X_pca,False
afatinib,TM31_CENTRAL_NERVOUS_SYSTEM,0.7508749961853027,0.7331309405894115,X_pca,False
afatinib,TOV21G_OVARY,0.7835000157356262,0.7055294003642973,X_pca,False
afatinib,TYKNU_OVARY,0.7437142729759216,0.7339130125494084,X_pca,False
afatinib,U118MG_CENTRAL_NERVOUS_SYSTEM,0.7283124923706055,0.7048956226618563,X_pca,False
afatinib,UACC257_SKIN,0.7302500009536743,0.7632414120011749,X_pca,False
afatinib,UMUC1_URINARY_TRACT,0.7469375133514404,0.5945773257821949,X_pca,False
afatinib,VMCUB1_URINARY_TRACT,0.5144733190536499,0.6253919414396565,X_pca,False
afatinib,VMRCRCZ_KIDNEY,0.734000027179718,0.744384740193685,X_pca,False
afatinib,YD38_UPPER_AERODIGESTIVE_TRACT,0.37678462266921997,0.6372079136661994,X_pca,False
afatinib,ZR751_BREAST,0.7263333201408386,0.6977770465477385,X_pca,False
topotecan,42MGBA_CENTRAL_NERVOUS_SYSTEM,0.4824312627315521,0.5878338347760867,X_pca,False
topotecan,8305C_THYROID,0.6244562268257141,0.5856593581066671,X_pca,False
topotecan,A204_SOFT_TISSUE,0.3839312493801117,0.6358094775676727,X_pca,False
topotecan,A2058_SKIN,0.5907874703407288,0.6318041868761283,X_pca,False
topotecan,A375_SKIN,0.5974317193031311,0.6879996953887039,X_pca,False
topotecan,ACCMESO1_PLEURA,0.8691874742507935,0.6312721658636022,X_pca,False
topotecan,ASPC1_PANCREAS,0.7066875100135803,0.7234810321495451,X_pca,False
topotecan,BCPAP_THYROID,0.55673748254776,0.6401011014455243,X_pca,False
topotecan,BFTC909_KIDNEY,0.6002500057220459,0.5953574620953965,X_pca,False
topotecan,BHY_UPPER_AERODIGESTIVE_TRACT,0.5655437707901001,0.6054955231732335,X_pca,False
topotecan,BICR31_UPPER_AERODIGESTIVE_TRACT,0.6766250133514404,0.5978495565152937,X_pca,False
topotecan,BICR56_UPPER_AERODIGESTIVE_TRACT,0.49480000138282776,0.5728462191275608,X_pca,False
topotecan,BICR6_UPPER_AERODIGESTIVE_TRACT,0.5265937447547913,0.5875034128035699,X_pca,False
topotecan,BT474_BREAST,0.8801249861717224,0.6793283224105835,X_pca,False
topotecan,BT549_BREAST,0.5204312205314636,0.5872156921410023,X_pca,False
topotecan,CAKI2_KIDNEY,0.8848749995231628,0.6772168662479455,X_pca,False
topotecan,CALU6_LUNG,0.8381428718566895,0.613140979940577,X_pca,False
topotecan,CAMA1_BREAST,0.6763749718666077,0.690558505426977,X_pca,False
topotecan,CAS1_CENTRAL_NERVOUS_SYSTEM,0.5934500098228455,0.5998024393741349,X_pca,False
topotecan,CCFSTTG1_CENTRAL_NERVOUS_SYSTEM,0.8444374799728394,0.5726833968627744,X_pca,False
topotecan,COLO680N_OESOPHAGUS,0.6808750033378601,0.581501214043816,X_pca,False
topotecan,COLO741_SKIN,0.7103750109672546,0.6107524108017107,X_pca,False
topotecan,COLO792_SKIN,0.7352499961853027,0.6734513798762951,X_pca,False
topotecan,COV434_OVARY,0.422893762588501,0.5685666752132502,X_pca,False
topotecan,DANG_PANCREAS,0.6154312491416931,0.6989824330056464,X_pca,False
topotecan,DAOY_CENTRAL_NERVOUS_SYSTEM,0.4267125129699707,0.562570234634698,X_pca,False
topotecan,DETROIT562_UPPER_AERODIGESTIVE_TRACT,0.573912501335144,0.5901595511319447,X_pca,False
topotecan,DKMG_CENTRAL_NERVOUS_SYSTEM,0.5956875085830688,0.5870327962720526,X_pca,False
topotecan,EBC1_LUNG,0.4879642724990845,0.7859136003960845,X_pca,False
topotecan,EFE184_ENDOMETRIUM,0.7967857122421265,0.6978577832842983,X_pca,False
topotecan,EKVX_LUNG,0.8255624771118164,0.6187009513378143,X_pca,False
topotecan,FTC133_THYROID,0.45239999890327454,0.6592638262680599,X_pca,False
topotecan,GOS3_CENTRAL_NERVOUS_SYSTEM,0.6502500176429749,0.6225679994253588,X_pca,False
topotecan,HCC1428_BREAST,0.6800000071525574,0.6767717393364493,X_pca,False
topotecan,HCC366_LUNG,0.5889624953269958,0.6528360784643947,X_pca,False
topotecan,HCC38_BREAST,0.4955874979496002,0.6255428171157837,X_pca,False
topotecan,HCC56_LARGE_INTESTINE,0.6336249709129333,0.7167045997850823,X_pca,False
topotecan,HDQP1_BREAST,0.7838000059127808,0.7223143260926008,X_pca,False
topotecan,HEC151_ENDOMETRIUM,0.6496642827987671,0.6872402997016906,X_pca,False
topotecan,HEC251_ENDOMETRIUM,0.7348750233650208,0.6495133131463952,X_pca,False
topotecan,HEC6_ENDOMETRIUM,0.5860937237739563,0.6591883586800616,X_pca,False
topotecan,HEP3B217_LIVER,0.7630000114440918,0.6658774902254848,X_pca,False
topotecan,HMC18_BREAST,0.6307500004768372,0.6249541475504332,X_pca,False
topotecan,HOS_BONE,0.5432437658309937,0.5601100944998181,X_pca,False
topotecan,HS852T_SKIN,0.6981714367866516,0.6212208443953667,X_pca,False
topotecan,HT1080_SOFT_TISSUE,0.47289374470710754,0.5900816517744878,X_pca,False
topotecan,HT1197_URINARY_TRACT,1.100000023841858,0.6470790183221972,X_pca,False
topotecan,HT55_LARGE_INTESTINE,0.8721428513526917,0.6288074593973386,X_pca,False
topotecan,HUH6_LIVER,0.9066428542137146,0.7011646099344513,X_pca,False
topotecan,HUPT3_PANCREAS,0.7263333201408386,0.6542036945328993,X_pca,False
topotecan,HUPT4_PANCREAS,0.4790000021457672,0.6218217611312866,X_pca,False
topotecan,IALM_LUNG,0.6579375267028809,0.6490895407540458,X_pca,False
topotecan,IGR1_SKIN,0.6289374828338623,0.6046278362438596,X_pca,False
topotecan,IGR37_SKIN,0.43639373779296875,0.6555053377014072,X_pca,False
topotecan,IM95_STOMACH,0.58017498254776,0.6577520586348868,X_pca,False
topotecan,JHH6_LIVER,0.7374374866485596,0.5892465194162814,X_pca,False
topotecan,JHOC5_OVARY,0.533118724822998,0.6414419207079657,X_pca,False
topotecan,KALS1_CENTRAL_NERVOUS_SYSTEM,0.7300000190734863,0.6179774813354015,X_pca,False
topotecan,KMRC3_KIDNEY,0.6220124959945679,0.7212865109346351,X_pca,False
topotecan,KNS42_CENTRAL_NERVOUS_SYSTEM,0.7867500185966492,0.6158837516640507,X_pca,False
topotecan,KPNSI9S_AUTONOMIC_GANGLIA,0.4430437386035919,0.5265750688637874,X_pca,False
topotecan,KYSE520_OESOPHAGUS,0.781000018119812,0.6039695747127474,X_pca,False
topotecan,LI7_LIVER,0.4829375147819519,0.6410713393469246,X_pca,False
topotecan,LMSU_STOMACH,0.5675812363624573,0.5291225506978876,X_pca,False
topotecan,LNCAPCLONEFGC_PROSTATE,0.44163748621940613,0.6434821005939513,X_pca,False
topotecan,LS1034_LARGE_INTESTINE,0.5596625208854675,0.6827818563539688,X_pca,False
topotecan,LS180_LARGE_INTESTINE,0.5135999917984009,0.6443763682386552,X_pca,False
topotecan,MCF7_BREAST,0.7710000276565552,0.6604899443112887,X_pca,False
topotecan,MDAMB361_BREAST,0.6901249885559082,0.6774762074152628,X_pca,False
topotecan,MFE319_ENDOMETRIUM,0.7285624742507935,0.6063243575121096,X_pca,False
topotecan,MKN45_STOMACH,0.819266676902771,0.6470719611240645,X_pca,False
topotecan,MKN7_STOMACH,0.5615875124931335,0.7152954869030058,X_pca,False
topotecan,MSTO211H_PLEURA,0.3930937647819519,0.601705338417079,X_pca,False
topotecan,NCIH1299_LUNG,0.6955416798591614,0.6142444091566494,X_pca,False
topotecan,NCIH1373_LUNG,0.7292500138282776,0.5917745934026998,X_pca,False
topotecan,NCIH1435_LUNG,0.7540714144706726,0.7762502724311772,X_pca,False
topotecan,NCIH1792_LUNG,0.7751874923706055,0.580622728074993,X_pca,False
topotecan,NCIH1944_LUNG,0.5601000189781189,0.6457251978381244,X_pca,False
topotecan,NCIH2087_LUNG,0.3973124921321869,0.6064300164240136,X_pca,False
topotecan,NCIH2110_LUNG,0.5468875169754028,0.6523262311765297,X_pca,False
topotecan,NCIH2126_LUNG,0.8023571372032166,0.6289702617760861,X_pca,False
topotecan,NCIH2170_LUNG,0.40824374556541443,0.6142966054694753,X_pca,False
topotecan,NCIH2228_LUNG,0.38759374618530273,0.5980327832601375,X_pca,False
topotecan,NCIH226_LUNG,0.4896399974822998,0.6037828437825467,X_pca,False
topotecan,NCIH2444_LUNG,0.7920666933059692,0.6769832993861492,X_pca,False
topotecan,NCIH2452_PLEURA,0.4097062647342682,0.5874877339402096,X_pca,False
topotecan,NCIH358_LUNG,0.5368437767028809,0.6113950869157201,X_pca,False
topotecan,NCIH446_LUNG,0.4517187476158142,0.551273278131777,X_pca,False
topotecan,NCIH460_LUNG,0.6234406232833862,0.5700463633027413,X_pca,False
topotecan,NCIH522_LUNG,0.4971562623977661,0.5860444740034066,X_pca,False
topotecan,NCIH650_LUNG,0.6185125112533569,0.6263944541836137,X_pca,False
topotecan,NCIH747_LARGE_INTESTINE,0.5101125240325928,0.7074117042124272,X_pca,False
topotecan,OAW28_OVARY,0.7955648899078369,0.6765975359804142,X_pca,False
topotecan,OSRC2_KIDNEY,0.6897500157356262,0.635237539571429,X_pca,False
topotecan,OUMS23_LARGE_INTESTINE,0.7746250033378601,0.7269809691705437,X_pca,False
topotecan,OVK18_OVARY,0.6498857140541077,0.5888849252395416,X_pca,False
topotecan,OVSAHO_OVARY,0.7563124895095825,0.6270575455106827,X_pca,False
topotecan,OVTOKO_OVARY,0.6408125162124634,0.7038941808294451,X_pca,False
topotecan,PANC0203_PANCREAS,1.100000023841858,0.6377751889671732,X_pca,False
topotecan,PATU8988S_PANCREAS,0.4374125003814697,0.6935912409766776,X_pca,False
topotecan,PC3_PROSTATE,0.6433749794960022,0.6832588128084262,X_pca,False
topotecan,PECAPJ49_UPPER_AERODIGESTIVE_TRACT,0.4322749972343445,0.6041888178575157,X_pca,False
topotecan,PK45H_PANCREAS,0.7463750243186951,0.6299025466961174,X_pca,False
topotecan,PK59_PANCREAS,0.8214285969734192,0.6997702871931011,X_pca,False
topotecan,RCC10RGB_KIDNEY,0.8304374814033508,0.6499249771429234,X_pca,False
topotecan,RCM1_LARGE_INTESTINE,0.6254374980926514,0.6477095047011971,X_pca,False
topotecan,RD_SOFT_TISSUE,0.5950062274932861,0.6291286671298674,X_pca,False
topotecan,RERFLCAD1_LUNG,0.8059999942779541,0.6032456853752765,X_pca,False
topotecan,RERFLCAI_LUNG,0.45653125643730164,0.6471247367590158,X_pca,False
topotecan,RT4_URINARY_TRACT,0.6769142746925354,0.6460148349123181,X_pca,False
topotecan,RVH421_SKIN,0.6141124963760376,0.6805733003376917,X_pca,False
topotecan,SCC25_UPPER_AERODIGESTIVE_TRACT,0.5507749915122986,0.5915238419858809,X_pca,False
topotecan,SCC9_UPPER_AERODIGESTIVE_TRACT,0.5902937650680542,0.5876595549834402,X_pca,False
topotecan,SH10TC_STOMACH,0.648187518119812,0.6706408265649084,X_pca,False
topotecan,SKES1_BONE,0.1774437427520752,0.5343579836599119,X_pca,False
topotecan,SKMEL30_SKIN,0.8722142577171326,0.6398254367852684,X_pca,False
topotecan,SKMEL3_SKIN,0.6416875123977661,0.618645899996315,X_pca,False
topotecan,SKMEL5_SKIN,0.640328586101532,0.6734339091111514,X_pca,False
topotecan,SKNAS_AUTONOMIC_GANGLIA,0.5305625200271606,0.5840084381335604,X_pca,False
topotecan,SNU1079_BILIARY_TRACT,0.6266250014305115,0.678416271732278,X_pca,False
topotecan,SNU1214_UPPER_AERODIGESTIVE_TRACT,0.6539375185966492,0.6060718713288612,X_pca,False
topotecan,SNU308_BILIARY_TRACT,0.7105000019073486,0.6498484173987774,X_pca,False
topotecan,SNU423_LIVER,0.6836875081062317,0.6478643479212275,X_pca,False
topotecan,SNU449_LIVER,0.6822500228881836,0.6221899948221572,X_pca,False
topotecan,SNU46_UPPER_AERODIGESTIVE_TRACT,0.6648749709129333,0.6347997842703835,X_pca,False
topotecan,SNU899_UPPER_AERODIGESTIVE_TRACT,0.6890000104904175,0.6111279589584074,X_pca,False
topotecan,SNUC4_LARGE_INTESTINE,0.7204375267028809,0.5952165754755253,X_pca,False
topotecan,SQ1_LUNG,0.6750500202178955,0.6637118806859025,X_pca,False
topotecan,SU8686_PANCREAS,0.5922866463661194,0.6299399362831581,X_pca,False
topotecan,SW1088_CENTRAL_NERVOUS_SYSTEM,0.7542142868041992,0.5413088733330369,X_pca,False
topotecan,SW1271_LUNG,0.4592125117778778,0.6179218872733738,X_pca,False
topotecan,SW1990_PANCREAS,0.5721625089645386,0.643054054303744,X_pca,False
topotecan,SW579_THYROID,0.37169376015663147,0.5540397818187415,X_pca,False
topotecan,T47D_BREAST,0.6505625247955322,0.7086553328177508,X_pca,False
topotecan,TCCSUP_URINARY_TRACT,0.6418125033378601,0.6071641496087932,X_pca,False
topotecan,TE10_OESOPHAGUS,0.6285625100135803,0.6349196787838522,X_pca,False
topotecan,TE14_OESOPHAGUS,0.5445687770843506,0.6557630285432067,X_pca,False
topotecan,TE1_OESOPHAGUS,0.7959285974502563,0.6177811414292715,X_pca,False
topotecan,TE6_OESOPHAGUS,0.793571412563324,0.6191510619788334,X_pca,False
topotecan,TE9_OESOPHAGUS,0.6238999962806702,0.6229882564756178,X_pca,False
topotecan,TM31_CENTRAL_NERVOUS_SYSTEM,0.6638749837875366,0.612494057108616,X_pca,False
topotecan,TYKNU_OVARY,0.5335857272148132,0.620603809499333,X_pca,False
topotecan,U118MG_CENTRAL_NERVOUS_SYSTEM,0.6445624828338623,0.5873946410710694,X_pca,False
topotecan,UACC257_SKIN,0.6057687401771545,0.663466347560723,X_pca,False
topotecan,UMUC1_URINARY_TRACT,0.5152937769889832,0.648181608788253,X_pca,False
topotecan,VMCUB1_URINARY_TRACT,0.5999937653541565,0.5942504412210138,X_pca,False
topotecan,VMRCRCZ_KIDNEY,0.6793749928474426,0.6610178059339523,X_pca,False
topotecan,YD38_UPPER_AERODIGESTIVE_TRACT,0.6243812441825867,0.5892284822005492,X_pca,False
topotecan,ZR751_BREAST,0.7781538367271423,0.6609541146886387,X_pca,False
tanespimycin,42MGBA_CENTRAL_NERVOUS_SYSTEM,0.3489750027656555,0.6988291503379704,X_pca,False
tanespimycin,8305C_THYROID,0.6222875118255615,0.6865711632896873,X_pca,False
tanespimycin,A204_SOFT_TISSUE,0.4463062584400177,0.7365595240592957,X_pca,False
tanespimycin,A2058_SKIN,0.6646875143051147,0.7560957248519067,X_pca,False
tanespimycin,A375_SKIN,0.8015375137329102,0.7495610521977507,X_pca,False
tanespimycin,ACCMESO1_PLEURA,0.692312479019165,0.7501375877562865,X_pca,False
tanespimycin,ASPC1_PANCREAS,0.652468740940094,0.6575428220732459,X_pca,False
tanespimycin,BCPAP_THYROID,0.7262499928474426,0.7388911211961194,X_pca,False
tanespimycin,BFTC909_KIDNEY,0.6109687685966492,0.7459118043841662,X_pca,False
tanespimycin,BHY_UPPER_AERODIGESTIVE_TRACT,0.5404937267303467,0.6363216449474466,X_pca,False
tanespimycin,BICR31_UPPER_AERODIGESTIVE_TRACT,0.6745625138282776,0.6311250566955535,X_pca,False
tanespimycin,BICR56_UPPER_AERODIGESTIVE_TRACT,0.6386874914169312,0.6096489694383409,X_pca,False
tanespimycin,BICR6_UPPER_AERODIGESTIVE_TRACT,0.6154062747955322,0.6506520836920171,X_pca,False
tanespimycin,BT474_BREAST,0.6648749709129333,0.7707807335853577,X_pca,False
tanespimycin,BT549_BREAST,0.7762500047683716,0.6903577119784248,X_pca,False
tanespimycin,CAKI2_KIDNEY,0.8253750205039978,0.746679961681366,X_pca,False
tanespimycin,CALU6_LUNG,0.7658125162124634,0.7176364958286285,X_pca,False
tanespimycin,CAMA1_BREAST,0.7626000046730042,0.7575221510277581,X_pca,False
tanespimycin,CAS1_CENTRAL_NERVOUS_SYSTEM,0.8560666441917419,0.6712457058124972,X_pca,False
tanespimycin,CCFSTTG1_CENTRAL_NERVOUS_SYSTEM,0.5401156544685364,0.669743670922954,X_pca,False
tanespimycin,COLO680N_OESOPHAGUS,0.7543749809265137,0.6644519191399131,X_pca,False
tanespimycin,COLO741_SKIN,0.8259375095367432,0.7566838442011082,X_pca,False
tanespimycin,COLO792_SKIN,0.42531874775886536,0.8017255131608886,X_pca,False
tanespimycin,COV434_OVARY,0.5987125039100647,0.6670643470504067,X_pca,False
tanespimycin,DANG_PANCREAS,0.553725004196167,0.7268016104931598,X_pca,False
tanespimycin,DAOY_CENTRAL_NERVOUS_SYSTEM,0.8758461475372314,0.7021169295514605,X_pca,False
tanespimycin,DETROIT562_UPPER_AERODIGESTIVE_TRACT,0.7839230895042419,0.6206036645210594,X_pca,False
tanespimycin,DKMG_CENTRAL_NERVOUS_SYSTEM,0.715749979019165,0.6537492908674852,X_pca,False
tanespimycin,EBC1_LUNG,0.4689062535762787,0.7679139737800885,X_pca,False
tanespimycin,EFE184_ENDOMETRIUM,0.7873749732971191,0.860989207445189,X_pca,False
tanespimycin,EKVX_LUNG,0.7046874761581421,0.7046495753608338,X_pca,False
tanespimycin,FTC133_THYROID,0.8738750219345093,0.734189881171499,X_pca,False
tanespimycin,GOS3_CENTRAL_NERVOUS_SYSTEM,0.7091875076293945,0.7241739858507485,X_pca,False
tanespimycin,HCC1428_BREAST,0.7291250228881836,0.7083386440915386,X_pca,False
tanespimycin,HCC366_LUNG,0.7491875290870667,0.7344937938274724,X_pca,False
tanespimycin,HCC38_BREAST,0.4781624972820282,0.6816910606622696,X_pca,False
tanespimycin,HCC56_LARGE_INTESTINE,0.7376875281333923,0.7244331674142317,X_pca,False
tanespimycin,HDQP1_BREAST,0.6328125,0.7512744655832648,X_pca,False
tanespimycin,HEC151_ENDOMETRIUM,0.6633124947547913,0.7379687004089356,X_pca,False
tanespimycin,HEC251_ENDOMETRIUM,0.9295833110809326,0.7154987549113336,X_pca,False
tanespimycin,HEC6_ENDOMETRIUM,0.9943076968193054,0.7026260702506356,X_pca,False
tanespimycin,HEP3B217_LIVER,0.8781538605690002,0.7525077244992984,X_pca,False
tanespimycin,HMC18_BREAST,0.7940769195556641,0.7079227033735542,X_pca,False
tanespimycin,HOS_BONE,0.7524374723434448,0.6705293290146297,X_pca,False
tanespimycin,HS852T_SKIN,0.5985562205314636,0.7286140009944821,X_pca,False
tanespimycin,HT1080_SOFT_TISSUE,0.6940000057220459,0.6612892461608547,X_pca,False
tanespimycin,HT1197_URINARY_TRACT,1.0726125240325928,0.7032135209521732,X_pca,False
tanespimycin,HT55_LARGE_INTESTINE,0.6095874905586243,0.7338505980527796,X_pca,False
tanespimycin,HUH6_LIVER,0.6742500066757202,0.7139003179835145,X_pca,False
tanespimycin,HUPT3_PANCREAS,0.7627500295639038,0.700934424996376,X_pca,False
tanespimycin,HUPT4_PANCREAS,0.6071187257766724,0.692665811095919,X_pca,False
tanespimycin,IALM_LUNG,0.874625027179718,0.8652369311507444,X_pca,False
tanespimycin,IGR1_SKIN,0.7276250123977661,0.7576559125966039,X_pca,False
tanespimycin,IGR37_SKIN,0.8250625133514404,0.7938574487262913,X_pca,False
tanespimycin,IM95_STOMACH,0.4435562491416931,0.7146540722331485,X_pca,False
tanespimycin,JHH6_LIVER,1.020937442779541,0.6699886510094393,X_pca,False
tanespimycin,JHOC5_OVARY,0.9363846182823181,0.7491391490245688,X_pca,False
tanespimycin,KALS1_CENTRAL_NERVOUS_SYSTEM,0.6919375061988831,0.6995848868456152,X_pca,False
tanespimycin,KNS42_CENTRAL_NERVOUS_SYSTEM,0.7885624766349792,0.6900626556124798,X_pca,False
tanespimycin,KPNSI9S_AUTONOMIC_GANGLIA,0.47176873683929443,0.6906289097874664,X_pca,False
tanespimycin,KYSE520_OESOPHAGUS,0.6211249828338623,0.6557759764393786,X_pca,False
tanespimycin,LI7_LIVER,0.5153124928474426,0.7867842061179025,X_pca,False
tanespimycin,LMSU_STOMACH,0.7879375219345093,0.6219621695724188,X_pca,False
tanespimycin,LNCAPCLONEFGC_PROSTATE,0.5700562596321106,0.7017459832420645,X_pca,False
tanespimycin,LS1034_LARGE_INTESTINE,0.7318124771118164,0.700485693265314,X_pca,False
tanespimycin,LS180_LARGE_INTESTINE,0.8691666722297668,0.6667158126500835,X_pca,False
tanespimycin,MCF7_BREAST,0.9610769152641296,0.7100238362392346,X_pca,False
tanespimycin,MDAMB361_BREAST,0.24018749594688416,0.7302407825434649,X_pca,False
tanespimycin,MFE319_ENDOMETRIUM,0.7928125262260437,0.6991058010705479,X_pca,False
tanespimycin,MKN45_STOMACH,0.9777857065200806,0.6957466895297423,X_pca,False
tanespimycin,MKN7_STOMACH,0.9107499718666077,0.7312870136527128,X_pca,False
tanespimycin,MSTO211H_PLEURA,0.6588125228881836,0.7111470823737507,X_pca,False
tanespimycin,NCIH1299_LUNG,0.7682948708534241,0.7592715807398607,X_pca,False
tanespimycin,NCIH1373_LUNG,0.7143124938011169,0.6782230985600773,X_pca,False
tanespimycin,NCIH1435_LUNG,0.5564437508583069,0.7163439785943049,X_pca,False
tanespimycin,NCIH1792_LUNG,0.7088750004768372,0.6652431912250347,X_pca,False
tanespimycin,NCIH1944_LUNG,0.4636562466621399,0.7231417509956636,X_pca,False
tanespimycin,NCIH2087_LUNG,0.5585062503814697,0.7205639682948317,X_pca,False
tanespimycin,NCIH2110_LUNG,0.5435187220573425,0.6882153484090489,X_pca,False
tanespimycin,NCIH2126_LUNG,0.7841874957084656,0.6266192163933407,X_pca,False
tanespimycin,NCIH2170_LUNG,0.6006625294685364,0.6668950142994733,X_pca,False
tanespimycin,NCIH2228_LUNG,0.687125027179718,0.6614960324861698,X_pca,False
tanespimycin,NCIH226_LUNG,0.8980000019073486,0.7137693752633765,X_pca,False
tanespimycin,NCIH2444_LUNG,0.9904999732971191,0.7254184177656214,X_pca,False
tanespimycin,NCIH2452_PLEURA,0.672249972820282,0.7629562821308477,X_pca,False
tanespimycin,NCIH358_LUNG,0.632562518119812,0.6634975758691629,X_pca,False
tanespimycin,NCIH446_LUNG,0.832937479019165,0.630124186070598,X_pca,False
tanespimycin,NCIH460_LUNG,0.8234062790870667,0.6512893681172971,X_pca,False
tanespimycin,NCIH522_LUNG,0.5172312259674072,0.7045133985005892,X_pca,False
tanespimycin,NCIH650_LUNG,0.7462666630744934,0.7253727945894333,X_pca,False
tanespimycin,NCIH747_LARGE_INTESTINE,0.5069437623023987,0.7030117265880108,X_pca,False
tanespimycin,OAW28_OVARY,0.8623124957084656,0.8188393371445792,X_pca,False
tanespimycin,OSRC2_KIDNEY,0.7811333537101746,0.7315274027604906,X_pca,False
tanespimycin,OUMS23_LARGE_INTESTINE,0.6698750257492065,0.7278034375092693,X_pca,False
tanespimycin,OVK18_OVARY,0.604562520980835,0.7189541228031844,X_pca,False
tanespimycin,OVSAHO_OVARY,1.100000023841858,0.7407029720129946,X_pca,False
tanespimycin,OVTOKO_OVARY,0.7988749742507935,0.7677097503078041,X_pca,False
tanespimycin,PANC0203_PANCREAS,0.6628124713897705,0.6792023392769659,X_pca,False
tanespimycin,PATU8988S_PANCREAS,0.4918749928474426,0.7220766309831963,X_pca,False
tanespimycin,PC3_PROSTATE,0.8475624918937683,0.6990086859499914,X_pca,False
tanespimycin,PECAPJ49_UPPER_AERODIGESTIVE_TRACT,0.5185999870300293,0.5937936536156305,X_pca,False
tanespimycin,PK45H_PANCREAS,0.6283125281333923,0.7335861558403916,X_pca,False
tanespimycin,PK59_PANCREAS,0.6604999899864197,0.6717759429038256,X_pca,False
tanespimycin,RCC10RGB_KIDNEY,0.9368125200271606,0.7395872299763266,X_pca,False
tanespimycin,RCM1_LARGE_INTESTINE,0.6693750023841858,0.6889099981635809,X_pca,False
tanespimycin,RD_SOFT_TISSUE,0.5480437278747559,0.6779598657655533,X_pca,False
tanespimycin,RERFLCAD1_LUNG,1.100000023841858,0.6737983199794597,X_pca,False
tanespimycin,RERFLCAI_LUNG,0.6789307594299316,0.7345819545917086,X_pca,False
tanespimycin,RT4_URINARY_TRACT,0.5323062539100647,0.6697941444954782,X_pca,False
tanespimycin,RVH421_SKIN,0.5869125127792358,0.7008766489547665,X_pca,False
tanespimycin,SCC25_UPPER_AERODIGESTIVE_TRACT,0.5654187202453613,0.6358584660729746,X_pca,False
tanespimycin,SCC9_UPPER_AERODIGESTIVE_TRACT,0.5529124736785889,0.6291150213542738,X_pca,False
tanespimycin,SH10TC_STOMACH,0.7963125109672546,0.7376883165788787,X_pca,False
tanespimycin,SKES1_BONE,0.6551250219345093,0.7121893573593308,X_pca,False
tanespimycin,SKMEL2_SKIN,1.100000023841858,0.7233041283013164,X_pca,False
tanespimycin,SKMEL30_SKIN,0.8072500228881836,0.7394348578817783,X_pca,False
tanespimycin,SKMEL3_SKIN,0.9125000238418579,0.7797592226991948,X_pca,False
tanespimycin,SKMEL5_SKIN,0.9701250195503235,0.7768899336808458,X_pca,False
tanespimycin,SKNAS_AUTONOMIC_GANGLIA,0.7146250009536743,0.6481481418672916,X_pca,False
tanespimycin,SNU308_BILIARY_TRACT,0.6531800031661987,0.6257148023615492,X_pca,False
tanespimycin,SNU423_LIVER,0.7153124809265137,0.7769883823282314,X_pca,False
tanespimycin,SNU449_LIVER,0.8074374794960022,0.7197926862442747,X_pca,False
tanespimycin,SNU46_UPPER_AERODIGESTIVE_TRACT,0.8230769038200378,0.6898579991469949,X_pca,False
tanespimycin,SNU899_UPPER_AERODIGESTIVE_TRACT,0.833142876625061,0.6130035174898354,X_pca,False
tanespimycin,SNUC4_LARGE_INTESTINE,0.7228749990463257,0.7197288817205572,X_pca,False
tanespimycin,SQ1_LUNG,0.7483124732971191,0.7876858638615167,X_pca,False
tanespimycin,SU8686_PANCREAS,0.6974375247955322,0.6919693779654619,X_pca,False
tanespimycin,SW1088_CENTRAL_NERVOUS_SYSTEM,0.6635624766349792,0.6484636664390564,X_pca,False
tanespimycin,SW1271_LUNG,0.7518125176429749,0.7484759413677713,X_pca,False
tanespimycin,SW1990_PANCREAS,0.44900625944137573,0.718816578582366,X_pca,False
tanespimycin,SW579_THYROID,0.3460937440395355,0.5927177596202095,X_pca,False
tanespimycin,T47D_BREAST,0.7862499952316284,0.69374950412172,X_pca,False
tanespimycin,TCCSUP_URINARY_TRACT,0.5720922946929932,0.7377104361223269,X_pca,False
tanespimycin,TE10_OESOPHAGUS,0.8199999928474426,0.6978462588841512,X_pca,False
tanespimycin,TE14_OESOPHAGUS,0.5828562378883362,0.6383819600197836,X_pca,False
tanespimycin,TE1_OESOPHAGUS,0.6157374978065491,0.6988922855229054,X_pca,False
tanespimycin,TE6_OESOPHAGUS,0.7295583486557007,0.6589806083109764,X_pca,False
tanespimycin,TE9_OESOPHAGUS,0.6953333616256714,0.6392070639037317,X_pca,False
tanespimycin,TM31_CENTRAL_NERVOUS_SYSTEM,0.7699999809265137,0.7120897872694607,X_pca,False
tanespimycin,TOV21G_OVARY,0.5481749773025513,0.6911666440182045,X_pca,False
tanespimycin,TYKNU_OVARY,0.618274986743927,0.6978057011579856,X_pca,False
tanespimycin,U118MG_CENTRAL_NERVOUS_SYSTEM,0.5535500049591064,0.6438433716043097,X_pca,False
tanespimycin,UACC257_SKIN,0.7028124928474426,0.7583925965939605,X_pca,False
tanespimycin,UMUC1_URINARY_TRACT,0.45500001311302185,0.6341858324665709,X_pca,False
tanespimycin,VMCUB1_URINARY_TRACT,0.5100812315940857,0.6277628734271397,X_pca,False
tanespimycin,VMRCRCZ_KIDNEY,0.8566874861717224,0.7445800824960073,X_pca,False
tanespimycin,YD38_UPPER_AERODIGESTIVE_TRACT,0.6139400005340576,0.6432202465068071,X_pca,False
tanespimycin,ZR751_BREAST,0.6137687563896179,0.6554820051471006,X_pca,False
selumetinib,42MGBA_CENTRAL_NERVOUS_SYSTEM,0.8065000176429749,0.824748653012353,X_pca,False
selumetinib,8305C_THYROID,0.6032000184059143,0.733844507234029,X_pca,False
selumetinib,A204_SOFT_TISSUE,0.8006250262260437,0.7984984724521637,X_pca,False
selumetinib,A2058_SKIN,0.8422499895095825,0.7516629845917631,X_pca,False
selumetinib,A375_SKIN,0.7087970972061157,0.7381996422955801,X_pca,False
selumetinib,ACCMESO1_PLEURA,0.9237499833106995,0.8327597008075243,X_pca,False
selumetinib,ASPC1_PANCREAS,0.6440312266349792,0.6910142487493055,X_pca,False
selumetinib,BCPAP_THYROID,0.6666874885559082,0.8013301821131456,X_pca,False
selumetinib,BFTC909_KIDNEY,0.7706249952316284,0.7962627722279693,X_pca,False
selumetinib,BHY_UPPER_AERODIGESTIVE_TRACT,0.6620625257492065,0.7138813840931859,X_pca,False
selumetinib,BICR31_UPPER_AERODIGESTIVE_TRACT,0.6225000023841858,0.770945145718513,X_pca,False
selumetinib,BICR56_UPPER_AERODIGESTIVE_TRACT,0.5396937727928162,0.6819369123305803,X_pca,False
selumetinib,BICR6_UPPER_AERODIGESTIVE_TRACT,0.7676874995231628,0.7460018356780073,X_pca,False
selumetinib,BT474_BREAST,0.9313750267028809,0.9367039833068848,X_pca,False
selumetinib,BT549_BREAST,0.8812500238418579,0.7452263576643807,X_pca,False
selumetinib,CAKI2_KIDNEY,0.8274375200271606,0.8009376240719994,X_pca,False
selumetinib,CALU6_LUNG,0.586593747138977,0.7350057446679403,X_pca,False
selumetinib,CAMA1_BREAST,0.9943845868110657,0.8732806986959529,X_pca,False
selumetinib,CCFSTTG1_CENTRAL_NERVOUS_SYSTEM,0.9034374952316284,0.7658138580438567,X_pca,False
selumetinib,COLO680N_OESOPHAGUS,0.890250027179718,0.7437737162436856,X_pca,False
selumetinib,COLO741_SKIN,0.6525624990463257,0.6421668216087898,X_pca,False
selumetinib,COLO792_SKIN,0.4235124886035919,0.752827488848204,X_pca,False
selumetinib,COV434_OVARY,0.7255625128746033,0.7638839178464629,X_pca,False
selumetinib,DANG_PANCREAS,0.6629999876022339,0.7488260123279545,X_pca,False
selumetinib,DAOY_CENTRAL_NERVOUS_SYSTEM,0.8339999914169312,0.7992404012069159,X_pca,False
selumetinib,DETROIT562_UPPER_AERODIGESTIVE_TRACT,0.75471431016922,0.7339143537304884,X_pca,False
selumetinib,DKMG_CENTRAL_NERVOUS_SYSTEM,0.7899333238601685,0.7947479563445623,X_pca,False
selumetinib,EBC1_LUNG,0.48416250944137573,0.8233587498305946,X_pca,False
selumetinib,EFE184_ENDOMETRIUM,0.7796875238418579,0.7824400483175765,X_pca,False
selumetinib,EFM192A_BREAST,0.9111250042915344,0.8068643502286963,X_pca,False
selumetinib,EKVX_LUNG,0.5936750173568726,0.8444224159194998,X_pca,False
selumetinib,FTC133_THYROID,0.9069374799728394,0.7165115211691175,X_pca,False
selumetinib,GOS3_CENTRAL_NERVOUS_SYSTEM,0.8849375247955322,0.8266149868515773,X_pca,False
selumetinib,HCC1428_BREAST,0.9148125052452087,0.8658201342492592,X_pca,False
selumetinib,HCC366_LUNG,0.7403749823570251,0.7256275152806009,X_pca,False
selumetinib,HCC38_BREAST,0.8932499885559082,0.7727346220612525,X_pca,False
selumetinib,HCC56_LARGE_INTESTINE,0.5574749708175659,0.7264452552554583,X_pca,False
selumetinib,HDQP1_BREAST,0.7260000109672546,0.7809383990243077,X_pca,False
selumetinib,HEC151_ENDOMETRIUM,0.6777499914169312,0.7569534404277801,X_pca,False
selumetinib,HEC251_ENDOMETRIUM,0.7746666669845581,0.7244605522289455,X_pca,False
selumetinib,HEC6_ENDOMETRIUM,0.8930666446685791,0.7599612404100643,X_pca,False
selumetinib,HEP3B217_LIVER,0.7966428399085999,0.8037366432658697,X_pca,False
selumetinib,HMC18_BREAST,0.46867498755455017,0.7368512776117683,X_pca,False
selumetinib,HOS_BONE,0.8993750214576721,0.7601769262401272,X_pca,False
selumetinib,HS852T_SKIN,1.0506428480148315,0.70673006772995,X_pca,False
selumetinib,HT1080_SOFT_TISSUE,0.7483124732971191,0.7180537319229555,X_pca,False
selumetinib,HT1197_URINARY_TRACT,0.7081875205039978,0.8221690848067,X_pca,False
selumetinib,HT55_LARGE_INTESTINE,0.5643312335014343,0.7549691940370894,X_pca,False
selumetinib,HUH6_LIVER,0.8653125166893005,0.7762488352476492,X_pca,False
selumetinib,HUPT3_PANCREAS,0.6821249723434448,0.8028485029935837,X_pca,False
selumetinib,HUPT4_PANCREAS,0.33681875467300415,0.7146771347948483,X_pca,False
selumetinib,IALM_LUNG,0.8384000062942505,0.8414263443917221,X_pca,False
selumetinib,IGR1_SKIN,0.6361874938011169,0.7145638575225041,X_pca,False
selumetinib,IGR37_SKIN,0.6019437313079834,0.7134473444061938,X_pca,False
selumetinib,IM95_STOMACH,0.6588749885559082,0.784184033161885,X_pca,False
selumetinib,JHH6_LIVER,0.9583749771118164,0.7824000970831195,X_pca,False
selumetinib,JHOC5_OVARY,0.8050000071525574,0.7787439613506711,X_pca,False
selumetinib,KALS1_CENTRAL_NERVOUS_SYSTEM,0.726937472820282,0.8143098853114579,X_pca,False
selumetinib,KMRC3_KIDNEY,0.8111249804496765,0.8184961861493636,X_pca,False
selumetinib,KNS42_CENTRAL_NERVOUS_SYSTEM,0.8861874938011169,0.7844597794288812,X_pca,False
selumetinib,KPNSI9S_AUTONOMIC_GANGLIA,0.6092333197593689,0.790157482605572,X_pca,False
selumetinib,KYSE520_OESOPHAGUS,0.8351250290870667,0.7656370644967991,X_pca,False
selumetinib,LI7_LIVER,0.5803375244140625,0.8240532689556783,X_pca,False
selumetinib,LMSU_STOMACH,0.854687511920929,0.7250292025360406,X_pca,False
selumetinib,LNCAPCLONEFGC_PROSTATE,0.9013124704360962,0.7576218344444452,X_pca,False
selumetinib,LS1034_LARGE_INTESTINE,0.6088266372680664,0.7260363363239863,X_pca,False
selumetinib,LS180_LARGE_INTESTINE,0.5187249779701233,0.7714868465288854,X_pca,False
selumetinib,MCF7_BREAST,1.0134615898132324,0.8097963374811452,X_pca,False
selumetinib,MDAMB361_BREAST,0.768875002861023,0.9038249293963114,X_pca,False
selumetinib,MFE319_ENDOMETRIUM,0.8321874737739563,0.7582551278368965,X_pca,False
selumetinib,MKN45_STOMACH,0.9134666919708252,0.7548149874654867,X_pca,False
selumetinib,MKN7_STOMACH,0.7876874804496765,0.7812562005002369,X_pca,False
selumetinib,MSTO211H_PLEURA,0.6730625033378601,0.8065573033258971,X_pca,False
selumetinib,NCIH1299_LUNG,0.6784541606903076,0.7691874173696568,X_pca,False
selumetinib,NCIH1373_LUNG,0.7636874914169312,0.7696805974332298,X_pca,False
selumetinib,NCIH1435_LUNG,0.8004999756813049,0.7672060558411959,X_pca,False
selumetinib,NCIH1792_LUNG,0.620187520980835,0.7949873998358443,X_pca,False
selumetinib,NCIH1944_LUNG,0.6847500205039978,0.8091489658263571,X_pca,False
selumetinib,NCIH2087_LUNG,0.35545626282691956,0.8079578922763807,X_pca,False
selumetinib,NCIH2110_LUNG,0.7748125195503235,0.7788818777805597,X_pca,False
selumetinib,NCIH2126_LUNG,0.867062509059906,0.7926327601978274,X_pca,False
selumetinib,NCIH2170_LUNG,0.9277499914169312,0.794676208999795,X_pca,False
selumetinib,NCIH2228_LUNG,0.8732500076293945,0.7584305644360161,X_pca,False
selumetinib,NCIH226_LUNG,1.100000023841858,0.8361475201363259,X_pca,False
selumetinib,NCIH2444_LUNG,0.9611666798591614,0.7624159040330332,X_pca,False
selumetinib,NCIH2452_PLEURA,1.0179166793823242,0.9068651928334431,X_pca,False
selumetinib,NCIH358_LUNG,0.4256812632083893,0.7293296537938572,X_pca,False
selumetinib,NCIH446_LUNG,0.9023749828338623,0.786272903486174,X_pca,False
selumetinib,NCIH460_LUNG,0.8984687328338623,0.7675576622340842,X_pca,False
selumetinib,NCIH522_LUNG,0.7893750071525574,0.7328702655549233,X_pca,False
selumetinib,NCIH650_LUNG,1.0102307796478271,0.7607084679867508,X_pca,False
selumetinib,NCIH747_LARGE_INTESTINE,0.3356437385082245,0.7255853660404682,X_pca,False
selumetinib,OAW28_OVARY,0.8170982003211975,0.8128515126542275,X_pca,False
selumetinib,OSRC2_KIDNEY,0.8983333110809326,0.7649263398987907,X_pca,False
selumetinib,OUMS23_LARGE_INTESTINE,0.9071249961853027,0.776829883316967,X_pca,False
selumetinib,OVK18_OVARY,0.6022062301635742,0.7306734762164984,X_pca,False
selumetinib,OVSAHO_OVARY,0.7102000117301941,0.7729714967080675,X_pca,False
selumetinib,OVTOKO_OVARY,0.8697500228881836,0.806373664922121,X_pca,False
selumetinib,PANC0203_PANCREAS,0.7014999985694885,0.7197697881182192,X_pca,False
selumetinib,PATU8988S_PANCREAS,0.6279374957084656,0.7800627885783304,X_pca,False
selumetinib,PC3_PROSTATE,0.9231874942779541,0.7459047482563899,X_pca,False
selumetinib,PECAPJ49_UPPER_AERODIGESTIVE_TRACT,0.7265625,0.7032030882811783,X_pca,False
selumetinib,PK45H_PANCREAS,0.6393133401870728,0.7424734503140749,X_pca,False
selumetinib,PK59_PANCREAS,0.6997500061988831,0.6776500837556247,X_pca,False
selumetinib,RCC10RGB_KIDNEY,0.8645333051681519,0.7586749492796705,X_pca,False
selumetinib,RCM1_LARGE_INTESTINE,0.8799333572387695,0.6733923656865954,X_pca,False
selumetinib,RD_SOFT_TISSUE,0.6237000226974487,0.7395090351159546,X_pca,False
selumetinib,RERFLCAD1_LUNG,0.9130666851997375,0.7306747799547612,X_pca,False
selumetinib,RERFLCAI_LUNG,0.7501875162124634,0.8250369242103197,X_pca,False
selumetinib,RT4_URINARY_TRACT,0.7279999852180481,0.7672287400038738,X_pca,False
selumetinib,RVH421_SKIN,0.5871437788009644,0.6587810399143267,X_pca,False
selumetinib,SCC25_UPPER_AERODIGESTIVE_TRACT,0.5891437530517578,0.7830127542693259,X_pca,False
selumetinib,SCC9_UPPER_AERODIGESTIVE_TRACT,0.776437520980835,0.7397376477090936,X_pca,False
selumetinib,SH10TC_STOMACH,0.9118124842643738,0.7474964592191908,X_pca,False
selumetinib,SKES1_BONE,0.9079999923706055,0.7716543792368291,X_pca,False
selumetinib,SKMEL2_SKIN,0.6932500004768372,0.7239412989305414,X_pca,False
selumetinib,SKMEL30_SKIN,0.41306251287460327,0.7025496091788619,X_pca,False
selumetinib,SKMEL3_SKIN,0.7112500071525574,0.6538643843119907,X_pca,False
selumetinib,SKMEL5_SKIN,0.6700624823570251,0.6108883042327483,X_pca,False
selumetinib,SKNAS_AUTONOMIC_GANGLIA,0.508899986743927,0.786586112416951,X_pca,False
selumetinib,SNU1079_BILIARY_TRACT,0.39719998836517334,0.8267322721546644,X_pca,False
selumetinib,SNU1214_UPPER_AERODIGESTIVE_TRACT,0.8235999941825867,0.719174823862441,X_pca,False
selumetinib,SNU308_BILIARY_TRACT,0.7462666630744934,0.7856566487474644,X_pca,False
selumetinib,SNU423_LIVER,0.8250625133514404,0.7882312156681744,X_pca,False
selumetinib,SNU449_LIVER,0.835812509059906,0.7473290727493611,X_pca,False
selumetinib,SNU46_UPPER_AERODIGESTIVE_TRACT,0.8291333317756653,0.7612752336061607,X_pca,False
selumetinib,SNU738_CENTRAL_NERVOUS_SYSTEM,0.8408125042915344,0.8611358242173308,X_pca,False
selumetinib,SNU899_UPPER_AERODIGESTIVE_TRACT,0.6703333258628845,0.7009125667882253,X_pca,False
selumetinib,SNUC4_LARGE_INTESTINE,0.8438125252723694,0.7726725983160211,X_pca,False
selumetinib,SU8686_PANCREAS,1.0130000114440918,0.7125345054196148,X_pca,False
selumetinib,SW1088_CENTRAL_NERVOUS_SYSTEM,0.8330000042915344,0.770920317620039,X_pca,False
selumetinib,SW1271_LUNG,0.6582666635513306,0.8350619912147522,X_pca,False
selumetinib,SW1990_PANCREAS,0.6225374937057495,0.7771990252628389,X_pca,False
selumetinib,SW579_THYROID,0.7591875195503235,0.7876436416454579,X_pca,False
selumetinib,T47D_BREAST,0.8500000238418579,0.9011697046357582,X_pca,False
selumetinib,TCCSUP_URINARY_TRACT,0.8083124756813049,0.778389803782294,X_pca,False
selumetinib,TE10_OESOPHAGUS,0.8583750128746033,0.7742883680073638,X_pca,False
selumetinib,TE14_OESOPHAGUS,0.7149999737739563,0.7801192097271545,X_pca,False
selumetinib,TE1_OESOPHAGUS,0.8351874947547913,0.7584392474693002,X_pca,False
selumetinib,TE6_OESOPHAGUS,1.0752500295639038,0.7707767586093632,X_pca,False
selumetinib,TE9_OESOPHAGUS,0.946399986743927,0.7126657645548543,X_pca,False
selumetinib,TM31_CENTRAL_NERVOUS_SYSTEM,0.7680000066757202,0.7454181318653041,X_pca,False
selumetinib,TOV21G_OVARY,0.8794375061988831,0.7184171043458533,X_pca,False
selumetinib,TYKNU_OVARY,0.6258749961853027,0.7548545695777632,X_pca,False
selumetinib,U118MG_CENTRAL_NERVOUS_SYSTEM,0.9068750143051147,0.7698954849458132,X_pca,False
selumetinib,UACC257_SKIN,0.5460000038146973,0.703828634826708,X_pca,False
selumetinib,UMUC1_URINARY_TRACT,0.5362874865531921,0.7035649001295796,X_pca,False
selumetinib,VMCUB1_URINARY_TRACT,0.5934687256813049,0.7090924934612657,X_pca,False
selumetinib,VMRCRCZ_KIDNEY,0.8119999766349792,0.807262914776802,X_pca,False
selumetinib,ZR751_BREAST,1.0562857389450073,0.8399910757070992,X_pca,False
methotrexate,8305C_THYROID,0.7262666821479797,0.46720907124558825,X_pca,True
methotrexate,A204_SOFT_TISSUE,0.3458866775035858,0.5352221530675888,X_pca,True
methotrexate,A2058_SKIN,0.25962498784065247,0.6465506231298253,X_pca,True
methotrexate,A375_SKIN,1.0450714826583862,0.5269769138168122,X_pca,True
methotrexate,ACCMESO1_PLEURA,0.9474666714668274,0.46925866419886364,X_pca,True
methotrexate,ASPC1_PANCREAS,0.6116874814033508,0.6059313687784919,X_pca,True
methotrexate,BCPAP_THYROID,0.8495333194732666,0.745455549735772,X_pca,True
methotrexate,BFTC909_KIDNEY,0.431425005197525,0.661303757048534,X_pca,True
methotrexate,BHY_UPPER_AERODIGESTIVE_TRACT,0.6834999918937683,0.6436086679327077,X_pca,True
methotrexate,BICR31_UPPER_AERODIGESTIVE_TRACT,0.9226874709129333,0.628688194819035,X_pca,True
methotrexate,BICR56_UPPER_AERODIGESTIVE_TRACT,0.9011250138282776,0.7127263759389336,X_pca,True
methotrexate,BICR6_UPPER_AERODIGESTIVE_TRACT,0.4948999881744385,0.4887410055298905,X_pca,True
methotrexate,BT474_BREAST,1.100000023841858,0.6994067206382751,X_pca,True
methotrexate,BT549_BREAST,0.6232874989509583,0.6030690878405607,X_pca,True
methotrexate,CAKI2_KIDNEY,0.8743749856948853,0.6515567356305156,X_pca,True
methotrexate,CALU6_LUNG,0.2991187572479248,0.504592270005581,X_pca,True
methotrexate,CAMA1_BREAST,0.7552000284194946,0.7263890605202246,X_pca,True
methotrexate,CAS1_CENTRAL_NERVOUS_SYSTEM,0.6778749823570251,0.5151816256960532,X_pca,True
methotrexate,CCFSTTG1_CENTRAL_NERVOUS_SYSTEM,0.8128437399864197,0.524985077541049,X_pca,True
methotrexate,COLO680N_OESOPHAGUS,0.8660666942596436,0.7447028594308784,X_pca,True
methotrexate,COLO741_SKIN,0.6633750200271606,0.5070572314291377,X_pca,True
methotrexate,COLO792_SKIN,0.8918750286102295,0.604671682928761,X_pca,True
methotrexate,DANG_PANCREAS,0.28526875376701355,0.5236145191259317,X_pca,True
methotrexate,DAOY_CENTRAL_NERVOUS_SYSTEM,0.34114375710487366,0.5160014265584776,X_pca,True
methotrexate,DETROIT562_UPPER_AERODIGESTIVE_TRACT,0.9947692155838013,0.5206348689421554,X_pca,True
methotrexate,DKMG_CENTRAL_NERVOUS_SYSTEM,0.3301437497138977,0.5832063594207553,X_pca,True
methotrexate,EBC1_LUNG,0.5336624979972839,0.558971617651242,X_pca,True
methotrexate,EFE184_ENDOMETRIUM,0.6087750196456909,0.678787536399309,X_pca,True
methotrexate,EFM192A_BREAST,0.6518750190734863,0.7961919620946363,X_pca,True
methotrexate,EKVX_LUNG,0.6327499747276306,0.694120561423367,X_pca,True
methotrexate,FTC133_THYROID,0.8774999976158142,0.5805400190608841,X_pca,True
methotrexate,GOS3_CENTRAL_NERVOUS_SYSTEM,0.5113466382026672,0.49965899964277655,X_pca,True
methotrexate,HCC1428_BREAST,0.6938124895095825,0.8439315275883111,X_pca,True
methotrexate,HCC366_LUNG,0.5552374720573425,0.6094939831164804,X_pca,True
methotrexate,HCC38_BREAST,0.9721875190734863,0.6982677929103375,X_pca,True
methotrexate,HCC56_LARGE_INTESTINE,0.6614999771118164,0.7397411447582822,X_pca,True
methotrexate,HDQP1_BREAST,0.6032500267028809,0.7225062064826488,X_pca,True
methotrexate,HEC151_ENDOMETRIUM,0.4201933443546295,0.5105443840026855,X_pca,True
methotrexate,HEC251_ENDOMETRIUM,0.5889785885810852,0.633375735483437,X_pca,True
methotrexate,HEC6_ENDOMETRIUM,0.6963357329368591,0.5796628773952863,X_pca,True
methotrexate,HEP3B217_LIVER,0.5243533253669739,0.7400681982606144,X_pca,True
methotrexate,HMC18_BREAST,0.33683332800865173,0.5429309724540841,X_pca,True
methotrexate,HOS_BONE,0.2755500078201294,0.5171302024576143,X_pca,True
methotrexate,HS852T_SKIN,0.7278125286102295,0.6776557312703427,X_pca,True
methotrexate,HT1080_SOFT_TISSUE,0.3468500077724457,0.5429554428010024,X_pca,True
methotrexate,HT1197_URINARY_TRACT,0.5199499726295471,0.6760008230402663,X_pca,True
methotrexate,HT55_LARGE_INTESTINE,0.6655200123786926,0.5431657307803348,X_pca,True
methotrexate,HUH6_LIVER,0.8051249980926514,0.5486929309967707,X_pca,True
methotrexate,HUPT3_PANCREAS,0.35497498512268066,0.6265652418574866,X_pca,True
methotrexate,HUPT4_PANCREAS,0.6241999864578247,0.6913035756775311,X_pca,True
methotrexate,IALM_LUNG,0.7747499942779541,0.5760392073703848,X_pca,True
methotrexate,IGR1_SKIN,0.41231873631477356,0.46209546615337505,X_pca,True
methotrexate,IGR37_SKIN,0.39155998826026917,0.5624636493258243,X_pca,True
methotrexate,IM95_STOMACH,0.3352562487125397,0.6044330993214169,X_pca,True
methotrexate,JHH6_LIVER,0.6284375190734863,0.5126698779538997,X_pca,True
methotrexate,JHOC5_OVARY,0.5054312348365784,0.7368923006386593,X_pca,True
methotrexate,KALS1_CENTRAL_NERVOUS_SYSTEM,0.612625002861023,0.4884774833917618,X_pca,True
methotrexate,KMRC3_KIDNEY,0.7935000061988831,0.653638655068923,X_pca,True
methotrexate,KNS42_CENTRAL_NERVOUS_SYSTEM,0.4528466761112213,0.5390154326031374,X_pca,True
methotrexate,KPNSI9S_AUTONOMIC_GANGLIA,0.3165000081062317,0.3398977111476336,X_pca,True
methotrexate,KYSE520_OESOPHAGUS,0.5667562484741211,0.48338240643403846,X_pca,True
methotrexate,LI7_LIVER,0.46700000762939453,0.5532540881208011,X_pca,True
methotrexate,LMSU_STOMACH,0.9099375009536743,0.5276021733003504,X_pca,True
methotrexate,LNCAPCLONEFGC_PROSTATE,0.5344250202178955,0.6109785663989163,X_pca,True
methotrexate,LS1034_LARGE_INTESTINE,0.41078126430511475,0.7036089027581149,X_pca,True
methotrexate,LS180_LARGE_INTESTINE,0.5623133182525635,0.5180111742911246,X_pca,True
methotrexate,MCF7_BREAST,0.8580666780471802,0.7355708509058385,X_pca,True
methotrexate,MDAMB361_BREAST,0.9111250042915344,0.6489247763598407,X_pca,True
methotrexate,MFE319_ENDOMETRIUM,0.4906437397003174,0.6995801306207766,X_pca,True
methotrexate,MKN45_STOMACH,0.8589375019073486,0.5201873827283665,X_pca,True
methotrexate,MKN7_STOMACH,0.6570624709129333,0.6392451717641002,X_pca,True
methotrexate,MSTO211H_PLEURA,0.3929266631603241,0.41421381722797046,X_pca,True
methotrexate,NCIH1299_LUNG,0.6508122086524963,0.4436761053202304,X_pca,True
methotrexate,NCIH1373_LUNG,0.5756266713142395,0.6351344974302664,X_pca,True
methotrexate,NCIH1435_LUNG,0.9375,0.6222143873070063,X_pca,True
methotrexate,NCIH1792_LUNG,0.5807214379310608,0.4827367896969254,X_pca,True
methotrexate,NCIH1944_LUNG,0.6915000081062317,0.5569359452828117,X_pca,True
methotrexate,NCIH2087_LUNG,0.6444374918937683,0.5992967576196749,X_pca,True
methotrexate,NCIH2110_LUNG,0.6646249890327454,0.6657495276712293,X_pca,True
methotrexate,NCIH2126_LUNG,0.7996249794960022,0.8170553989934198,X_pca,True
methotrexate,NCIH2170_LUNG,0.4588249921798706,0.5655920671325334,X_pca,True
methotrexate,NCIH2228_LUNG,0.6698125004768372,0.6914989644565115,X_pca,True
methotrexate,NCIH226_LUNG,0.557533323764801,0.7378314961778357,X_pca,True
methotrexate,NCIH2444_LUNG,0.7700769305229187,0.5270561650081023,X_pca,True
methotrexate,NCIH2452_PLEURA,0.7605000138282776,0.6083175926625064,X_pca,True
methotrexate,NCIH358_LUNG,0.6121187210083008,0.7018528559378215,X_pca,True
methotrexate,NCIH446_LUNG,0.3218666613101959,0.5515388067887754,X_pca,True
methotrexate,NCIH460_LUNG,0.5314439535140991,0.4576746056227986,X_pca,True
methotrexate,NCIH522_LUNG,0.533406674861908,0.525084734822695,X_pca,True
methotrexate,NCIH650_LUNG,0.5775437355041504,0.6520370321960027,X_pca,True
methotrexate,NCIH747_LARGE_INTESTINE,0.5861625075340271,0.744422197341919,X_pca,True
methotrexate,OAW28_OVARY,0.8888124823570251,0.6496210642482924,X_pca,True
methotrexate,OSRC2_KIDNEY,0.7014666795730591,0.7536552993078081,X_pca,True
methotrexate,OUMS23_LARGE_INTESTINE,0.6922666430473328,0.6660564369130357,X_pca,True
methotrexate,OVK18_OVARY,0.578719973564148,0.50362676767151,X_pca,True
methotrexate,OVSAHO_OVARY,0.879153847694397,0.6513747578150375,X_pca,True
methotrexate,OVTOKO_OVARY,0.7215625047683716,0.5889590175813465,X_pca,True
methotrexate,PANC0203_PANCREAS,0.5739625096321106,0.6671202348272791,X_pca,True
methotrexate,PATU8988S_PANCREAS,0.3467875123023987,0.6720537384513949,X_pca,True
methotrexate,PC3_PROSTATE,0.8983749747276306,0.5664475200444283,X_pca,True
methotrexate,PECAPJ49_UPPER_AERODIGESTIVE_TRACT,0.5483687520027161,0.7353388611042854,X_pca,True
methotrexate,PK45H_PANCREAS,0.36784374713897705,0.5840559321355996,X_pca,True
methotrexate,RCC10RGB_KIDNEY,0.9375,0.7082711294485264,X_pca,True
methotrexate,RCM1_LARGE_INTESTINE,0.8497499823570251,0.6817086660303175,X_pca,True
methotrexate,RD_SOFT_TISSUE,0.3562687635421753,0.37996406653375003,X_pca,True
methotrexate,RERFLCAD1_LUNG,0.6384375095367432,0.6698984531953992,X_pca,True
methotrexate,RERFLCAI_LUNG,0.3505687415599823,0.5350776145998803,X_pca,True
methotrexate,RVH421_SKIN,0.5917249917984009,0.5533139695682286,X_pca,True
methotrexate,SCC25_UPPER_AERODIGESTIVE_TRACT,0.9574999809265137,0.6023734817260623,X_pca,True
methotrexate,SCC9_UPPER_AERODIGESTIVE_TRACT,0.723312497138977,0.6389208929789694,X_pca,True
methotrexate,SH10TC_STOMACH,0.4159437417984009,0.6662301635130857,X_pca,True
methotrexate,SKES1_BONE,0.510643720626831,0.34558829959932263,X_pca,True
methotrexate,SKMEL2_SKIN,0.7046250104904175,0.7002402412286703,X_pca,True
methotrexate,SKMEL30_SKIN,0.5213812589645386,0.6385408352015715,X_pca,True
methotrexate,SKMEL3_SKIN,0.6781250238418579,0.46805770787381634,X_pca,True
methotrexate,SKMEL5_SKIN,0.6110812425613403,0.5208486392843201,X_pca,True
methotrexate,SKNAS_AUTONOMIC_GANGLIA,0.27313750982284546,0.5043621994225325,X_pca,True
methotrexate,SNU1079_BILIARY_TRACT,1.0682142972946167,0.6626130220008223,X_pca,True
methotrexate,SNU1214_UPPER_AERODIGESTIVE_TRACT,0.4566250145435333,0.6384741071056812,X_pca,True
methotrexate,SNU308_BILIARY_TRACT,0.8143125176429749,0.5718502304021348,X_pca,True
methotrexate,SNU423_LIVER,0.6190124750137329,0.628274252954519,X_pca,True
methotrexate,SNU449_LIVER,0.29033124446868896,0.537330928529408,X_pca,True
methotrexate,SNU46_UPPER_AERODIGESTIVE_TRACT,0.8350625038146973,0.5120979196439355,X_pca,True
methotrexate,SNU738_CENTRAL_NERVOUS_SYSTEM,0.5229437351226807,0.6143400314458127,X_pca,True
methotrexate,SNU899_UPPER_AERODIGESTIVE_TRACT,0.5071937441825867,0.5627472817179668,X_pca,True
methotrexate,SNUC4_LARGE_INTESTINE,0.5651000142097473,0.4824194437814218,X_pca,True
methotrexate,SQ1_LUNG,0.903124988079071,0.6066147554822329,X_pca,True
methotrexate,SU8686_PANCREAS,0.3819272816181183,0.5744026270581455,X_pca,True
methotrexate,SW1088_CENTRAL_NERVOUS_SYSTEM,0.5846437215805054,0.5404966573696584,X_pca,True
methotrexate,SW1271_LUNG,0.5804625153541565,0.553572051939757,X_pca,True
methotrexate,SW1990_PANCREAS,0.4280875027179718,0.5291890893192167,X_pca,True
methotrexate,SW579_THYROID,0.46137499809265137,0.5219362957686323,X_pca,True
methotrexate,T47D_BREAST,0.48953333497047424,0.8825319185515874,X_pca,True
methotrexate,TCCSUP_URINARY_TRACT,0.44894999265670776,0.5971134862379183,X_pca,True
methotrexate,TE10_OESOPHAGUS,0.39348751306533813,0.6137009846837553,X_pca,True
methotrexate,TE14_OESOPHAGUS,0.3560124933719635,0.4540394940708257,X_pca,True
methotrexate,TE6_OESOPHAGUS,0.323306679725647,0.5239558544976741,X_pca,True
methotrexate,TE9_OESOPHAGUS,0.40808749198913574,0.5928489562244185,X_pca,True
methotrexate,TM31_CENTRAL_NERVOUS_SYSTEM,0.695187509059906,0.5150477115450234,X_pca,True
methotrexate,TYKNU_OVARY,0.5082812309265137,0.4835916378049769,X_pca,True
methotrexate,U118MG_CENTRAL_NERVOUS_SYSTEM,0.34011873602867126,0.5317440798780957,X_pca,True
methotrexate,UACC257_SKIN,0.302456259727478,0.5904529766806997,X_pca,True
methotrexate,UMUC1_URINARY_TRACT,0.5008357167243958,0.6598629509737044,X_pca,True
methotrexate,VMCUB1_URINARY_TRACT,0.38666874170303345,0.4700368821745637,X_pca,True
methotrexate,VMRCRCZ_KIDNEY,0.3983687460422516,0.7193048278490702,X_pca,True
methotrexate,YD38_UPPER_AERODIGESTIVE_TRACT,0.4109187424182892,0.5973305171116804,X_pca,True
methotrexate,ZR751_BREAST,0.7339333295822144,0.7005047717140717,X_pca,True
dasatinib,42MGBA_CENTRAL_NERVOUS_SYSTEM,0.40427500009536743,0.5790463878151072,X_pca,True
dasatinib,8305C_THYROID,0.45653125643730164,0.6221989899678947,X_pca,True
dasatinib,A204_SOFT_TISSUE,0.39879998564720154,0.6983741490840912,X_pca,True
dasatinib,A2058_SKIN,0.8820000290870667,0.7840656287410632,X_pca,True
dasatinib,A375_SKIN,0.7361875176429749,0.7123085511675572,X_pca,True
dasatinib,ACCMESO1_PLEURA,0.6914374828338623,0.7524466371094739,X_pca,True
dasatinib,ASPC1_PANCREAS,0.7771250009536743,0.5857122815888504,X_pca,True
dasatinib,BCPAP_THYROID,0.47533124685287476,0.5701974300961745,X_pca,True
dasatinib,BFTC909_KIDNEY,0.7461875081062317,0.6013557866097755,X_pca,True
dasatinib,BHY_UPPER_AERODIGESTIVE_TRACT,0.4388999938964844,0.49635546269087955,X_pca,True
dasatinib,BICR31_UPPER_AERODIGESTIVE_TRACT,0.4805999994277954,0.49516279791151324,X_pca,True
dasatinib,BICR56_UPPER_AERODIGESTIVE_TRACT,0.33540624380111694,0.42065734296669194,X_pca,True
dasatinib,BICR6_UPPER_AERODIGESTIVE_TRACT,0.41869375109672546,0.5005348363331148,X_pca,True
dasatinib,BT474_BREAST,0.7836250066757202,0.8270785298347473,X_pca,True
dasatinib,BT549_BREAST,0.5751500129699707,0.6015325412714392,X_pca,True
dasatinib,CAKI2_KIDNEY,0.5099250078201294,0.6314193857230729,X_pca,True
dasatinib,CALU6_LUNG,0.7634999752044678,0.6629742975382842,X_pca,True
dasatinib,CAMA1_BREAST,1.0912666320800781,0.7720973295034822,X_pca,True
dasatinib,CAS1_CENTRAL_NERVOUS_SYSTEM,0.6050466895103455,0.6067464096205575,X_pca,True
dasatinib,CCFSTTG1_CENTRAL_NERVOUS_SYSTEM,0.5810875296592712,0.5996919284021951,X_pca,True
dasatinib,COLO680N_OESOPHAGUS,0.5232937335968018,0.5099549945978088,X_pca,True
dasatinib,COLO792_SKIN,0.8676875233650208,0.8049235346132538,X_pca,True
dasatinib,COV434_OVARY,0.7323125004768372,0.780500051650134,X_pca,True
dasatinib,DANG_PANCREAS,0.6069625020027161,0.5584993264475069,X_pca,True
dasatinib,DAOY_CENTRAL_NERVOUS_SYSTEM,0.6238874793052673,0.5933385921966987,X_pca,True
dasatinib,DETROIT562_UPPER_AERODIGESTIVE_TRACT,0.5055687427520752,0.5056654926092347,X_pca,True
dasatinib,DKMG_CENTRAL_NERVOUS_SYSTEM,0.498981237411499,0.6084261290261667,X_pca,True
dasatinib,EBC1_LUNG,0.6042937636375427,0.632809566874658,X_pca,True
dasatinib,EFE184_ENDOMETRIUM,0.4840812385082245,0.6511960584063863,X_pca,True
dasatinib,EFM192A_BREAST,0.7588750123977661,0.7497764858039649,X_pca,True
dasatinib,EKVX_LUNG,0.8306249976158142,0.701947030139296,X_pca,True
dasatinib,FTC133_THYROID,0.7394999861717224,0.6777344214064734,X_pca,True
dasatinib,GOS3_CENTRAL_NERVOUS_SYSTEM,0.8563125133514404,0.6798060864054095,X_pca,True
dasatinib,HCC1428_BREAST,0.796625018119812,0.7691585839264036,X_pca,True
dasatinib,HCC366_LUNG,0.5135937333106995,0.6412888712222033,X_pca,True
dasatinib,HCC38_BREAST,0.6338750123977661,0.5444380356371403,X_pca,True
dasatinib,HCC56_LARGE_INTESTINE,0.866937518119812,0.7058491435917941,X_pca,True
dasatinib,HDQP1_BREAST,0.5128999948501587,0.6066225860267878,X_pca,True
dasatinib,HEC151_ENDOMETRIUM,0.515681266784668,0.6102086415290833,X_pca,True
dasatinib,HEC251_ENDOMETRIUM,0.6387500166893005,0.5915666339553405,X_pca,True
dasatinib,HEC6_ENDOMETRIUM,0.6464266777038574,0.6375674420261975,X_pca,True
dasatinib,HEP3B217_LIVER,0.9039999842643738,0.5602230177087298,X_pca,True
dasatinib,HMC18_BREAST,0.7727500200271606,0.6793876796859116,X_pca,True
dasatinib,HOS_BONE,0.5919562578201294,0.6177391327189594,X_pca,True
dasatinib,HS852T_SKIN,0.4922249913215637,0.6206480110133136,X_pca,True
dasatinib,HT1080_SOFT_TISSUE,0.562749981880188,0.5865094397765721,X_pca,True
dasatinib,HT1197_URINARY_TRACT,0.6575624942779541,0.6341123597041981,X_pca,True
dasatinib,HT55_LARGE_INTESTINE,0.6846250295639038,0.8184869167929012,X_pca,True
dasatinib,HUH6_LIVER,0.7534375190734863,0.7482294754163753,X_pca,True
dasatinib,HUPT3_PANCREAS,0.41859376430511475,0.5783711884389905,X_pca,True
dasatinib,HUPT4_PANCREAS,0.20620624721050262,0.5630736047668117,X_pca,True
dasatinib,IALM_LUNG,0.6118687391281128,0.6424905005263986,X_pca,True
dasatinib,IGR1_SKIN,0.8138124942779541,0.8049693784220465,X_pca,True
dasatinib,IGR37_SKIN,0.8005625009536743,0.80435940769289,X_pca,True
dasatinib,IM95_STOMACH,0.5978062748908997,0.701103713705733,X_pca,True
dasatinib,JHH6_LIVER,0.9313125014305115,0.6140914024079888,X_pca,True
dasatinib,JHOC5_OVARY,0.4943000078201294,0.595522376586651,X_pca,True
dasatinib,KALS1_CENTRAL_NERVOUS_SYSTEM,0.559806227684021,0.5537236195264591,X_pca,True
dasatinib,KMRC3_KIDNEY,0.46354374289512634,0.6240542342468184,X_pca,True
dasatinib,KNS42_CENTRAL_NERVOUS_SYSTEM,0.7975000143051147,0.6645277478667193,X_pca,True
dasatinib,KPNSI9S_AUTONOMIC_GANGLIA,0.5248562693595886,0.635118049244548,X_pca,True
dasatinib,KYSE520_OESOPHAGUS,0.4431062638759613,0.4940268446232881,X_pca,True
dasatinib,LI7_LIVER,0.49360623955726624,0.7611334597577855,X_pca,True
dasatinib,LMSU_STOMACH,0.4782937467098236,0.5246929404782313,X_pca,True
dasatinib,LNCAPCLONEFGC_PROSTATE,0.7626875042915344,0.7411330402359482,X_pca,True
dasatinib,LS1034_LARGE_INTESTINE,0.8205000162124634,0.5513024046404721,X_pca,True
dasatinib,LS180_LARGE_INTESTINE,0.6623749732971191,0.7372460158908136,X_pca,True
dasatinib,MCF7_BREAST,0.7684375047683716,0.8441611765981554,X_pca,True
dasatinib,MDAMB361_BREAST,0.8408125042915344,0.8367092574084246,X_pca,True
dasatinib,MFE319_ENDOMETRIUM,0.761062502861023,0.617173895941979,X_pca,True
dasatinib,MKN45_STOMACH,0.8778125047683716,0.6892955035476361,X_pca,True
dasatinib,MKN7_STOMACH,0.5567687749862671,0.6110914012258367,X_pca,True
dasatinib,MSTO211H_PLEURA,0.5362062454223633,0.6348063411937418,X_pca,True
dasatinib,NCIH1299_LUNG,0.6105422377586365,0.7020394530858887,X_pca,True
dasatinib,NCIH1373_LUNG,0.5807437300682068,0.5629019768136304,X_pca,True
dasatinib,NCIH1435_LUNG,0.44232499599456787,0.6848573530657908,X_pca,True
dasatinib,NCIH1792_LUNG,0.6287500262260437,0.6543222359708838,X_pca,True
dasatinib,NCIH1944_LUNG,0.7472500205039978,0.7182812090369238,X_pca,True
dasatinib,NCIH2087_LUNG,0.5473187565803528,0.5680974886569803,X_pca,True
dasatinib,NCIH2110_LUNG,0.6790000200271606,0.7046662513934188,X_pca,True
dasatinib,NCIH2126_LUNG,0.8586666584014893,0.6777379433765556,X_pca,True
dasatinib,NCIH2170_LUNG,0.6866875290870667,0.6807956712346681,X_pca,True
dasatinib,NCIH2228_LUNG,0.638593316078186,0.5268385774920357,X_pca,True
dasatinib,NCIH226_LUNG,0.7738666534423828,0.4913161025402394,X_pca,True
dasatinib,NCIH2444_LUNG,0.521726667881012,0.599418933884504,X_pca,True
dasatinib,NCIH2452_PLEURA,0.5222600102424622,0.6329026072663445,X_pca,True
dasatinib,NCIH358_LUNG,0.5363249778747559,0.5618766684617315,X_pca,True
dasatinib,NCIH446_LUNG,0.6246500015258789,0.698811487275727,X_pca,True
dasatinib,NCIH460_LUNG,0.8875625133514404,0.7530438193568477,X_pca,True
dasatinib,NCIH522_LUNG,0.5932687520980835,0.6638824100104662,X_pca,True
dasatinib,NCIH650_LUNG,0.7402499914169312,0.6151759679467036,X_pca,True
dasatinib,NCIH747_LARGE_INTESTINE,0.46569374203681946,0.5690560698509216,X_pca,True
dasatinib,OAW28_OVARY,0.4912968873977661,0.6052997047486512,X_pca,True
dasatinib,OSRC2_KIDNEY,0.5444625020027161,0.5907127786250341,X_pca,True
dasatinib,OUMS23_LARGE_INTESTINE,0.7300624847412109,0.7416936476653981,X_pca,True
dasatinib,OVK18_OVARY,0.8302500247955322,0.69113393981805,X_pca,True
dasatinib,OVSAHO_OVARY,0.7293750047683716,0.653229316163168,X_pca,True
dasatinib,OVTOKO_OVARY,0.5172937512397766,0.5436378795849649,X_pca,True
dasatinib,PANC0203_PANCREAS,0.7113749980926514,0.5744790937236175,X_pca,True
dasatinib,PATU8988S_PANCREAS,0.6708750128746033,0.6886107304789981,X_pca,True
dasatinib,PC3_PROSTATE,0.6915000081062317,0.583719947634364,X_pca,True
dasatinib,PECAPJ49_UPPER_AERODIGESTIVE_TRACT,0.3630812466144562,0.4218498406433823,X_pca,True
dasatinib,PK45H_PANCREAS,0.6463750004768372,0.6160060239893924,X_pca,True
dasatinib,PK59_PANCREAS,0.5165374875068665,0.675410433404747,X_pca,True
dasatinib,RCC10RGB_KIDNEY,0.8713124990463257,0.5625659432022356,X_pca,True
dasatinib,RCM1_LARGE_INTESTINE,0.7444999814033508,0.6375718787312508,X_pca,True
dasatinib,RD_SOFT_TISSUE,0.633062481880188,0.612073909733944,X_pca,True
dasatinib,RERFLCAD1_LUNG,0.7653124928474426,0.5489031579268813,X_pca,True
dasatinib,RERFLCAI_LUNG,0.721750020980835,0.591026137650091,X_pca,True
dasatinib,RT4_URINARY_TRACT,0.6525624990463257,0.6895556528613253,X_pca,True
dasatinib,RVH421_SKIN,0.8004999756813049,0.6373961547927378,X_pca,True
dasatinib,SCC25_UPPER_AERODIGESTIVE_TRACT,0.3042375147342682,0.4289022848043251,X_pca,True
dasatinib,SCC9_UPPER_AERODIGESTIVE_TRACT,0.5571937561035156,0.6168849319533298,X_pca,True
dasatinib,SH10TC_STOMACH,0.7889999747276306,0.6303918998465579,X_pca,True
dasatinib,SKES1_BONE,0.7970625162124634,0.6359206418414692,X_pca,True
dasatinib,SKMEL30_SKIN,0.8729375004768372,0.7529436005411337,X_pca,True
dasatinib,SKMEL3_SKIN,0.7651875019073486,0.7981347509266175,X_pca,True
dasatinib,SKMEL5_SKIN,0.8383125066757202,0.7837978627545263,X_pca,True
dasatinib,SKNAS_AUTONOMIC_GANGLIA,0.7799375057220459,0.6485805862245306,X_pca,True
dasatinib,SNU1079_BILIARY_TRACT,0.07193750143051147,0.7214283624740496,X_pca,True
dasatinib,SNU1214_UPPER_AERODIGESTIVE_TRACT,0.367125004529953,0.5207473198150067,X_pca,True
dasatinib,SNU308_BILIARY_TRACT,0.5768499970436096,0.5800190063867163,X_pca,True
dasatinib,SNU423_LIVER,0.5128499865531921,0.627472497522831,X_pca,True
dasatinib,SNU449_LIVER,0.4744812548160553,0.609685611006216,X_pca,True
dasatinib,SNU46_UPPER_AERODIGESTIVE_TRACT,0.5456749796867371,0.5293777555984965,X_pca,True
dasatinib,SNU738_CENTRAL_NERVOUS_SYSTEM,0.8138750195503235,0.650289458618315,X_pca,True
dasatinib,SNU899_UPPER_AERODIGESTIVE_TRACT,0.6191187500953674,0.42834973694330236,X_pca,True
dasatinib,SNUC4_LARGE_INTESTINE,0.815750002861023,0.7280047617581468,X_pca,True
dasatinib,SQ1_LUNG,0.5575562715530396,0.6056274600139185,X_pca,True
dasatinib,SU8686_PANCREAS,0.5070333480834961,0.6226382393662523,X_pca,True
dasatinib,SW1088_CENTRAL_NERVOUS_SYSTEM,0.5041000247001648,0.5716243467759341,X_pca,True
dasatinib,SW1271_LUNG,0.4572266638278961,0.7478282622669055,X_pca,True
dasatinib,SW1990_PANCREAS,0.3703874945640564,0.618531405052067,X_pca,True
dasatinib,SW579_THYROID,0.3098750114440918,0.5227761305696953,X_pca,True
dasatinib,T47D_BREAST,0.8370624780654907,0.8739240903120774,X_pca,True
dasatinib,TCCSUP_URINARY_TRACT,0.6050062775611877,0.6609878589080859,X_pca,True
dasatinib,TE10_OESOPHAGUS,0.5592374801635742,0.5872397183283279,X_pca,True
dasatinib,TE14_OESOPHAGUS,0.6207937598228455,0.5424072857521758,X_pca,True
dasatinib,TE1_OESOPHAGUS,0.5767937302589417,0.5935217976859473,X_pca,True
dasatinib,TE6_OESOPHAGUS,0.535973310470581,0.6024920844123065,X_pca,True
dasatinib,TE9_OESOPHAGUS,0.6097562313079834,0.54430197275454,X_pca,True
dasatinib,TM31_CENTRAL_NERVOUS_SYSTEM,0.6142374873161316,0.6577829225309964,X_pca,True
dasatinib,TOV21G_OVARY,0.5826687216758728,0.6410420570217195,X_pca,True
dasatinib,TYKNU_OVARY,0.6115937232971191,0.6327332428887359,X_pca,True
dasatinib,U118MG_CENTRAL_NERVOUS_SYSTEM,0.593500018119812,0.5500746368140471,X_pca,True
dasatinib,UACC257_SKIN,0.7852500081062317,0.7975480793410266,X_pca,True
dasatinib,UMUC1_URINARY_TRACT,0.8255000114440918,0.5202412795899484,X_pca,True
dasatinib,VMCUB1_URINARY_TRACT,0.48861250281333923,0.5804599853988471,X_pca,True
dasatinib,VMRCRCZ_KIDNEY,0.5126312375068665,0.5874627910057704,X_pca,True
dasatinib,YD38_UPPER_AERODIGESTIVE_TRACT,0.4448312520980835,0.5037713000216545,X_pca,True
dasatinib,ZR751_BREAST,0.912933349609375,0.8399301925523381,X_pca,True
paclitaxel,42MGBA_CENTRAL_NERVOUS_SYSTEM,0.5285812616348267,0.5140725618163591,X_pca,True
paclitaxel,8305C_THYROID,0.43854284286499023,0.48588460170885056,X_pca,True
paclitaxel,A204_SOFT_TISSUE,0.37181875109672546,0.6260798015594482,X_pca,True
paclitaxel,A2058_SKIN,0.25206249952316284,0.6054318861491015,X_pca,True
paclitaxel,A375_SKIN,0.6584940552711487,0.5851322161206508,X_pca,True
paclitaxel,ACCMESO1_PLEURA,0.9169333577156067,0.5596251414145952,X_pca,True
paclitaxel,ASPC1_PANCREAS,0.6364892721176147,0.6972154144583077,X_pca,True
paclitaxel,BCPAP_THYROID,0.23052667081356049,0.5853489443267647,X_pca,True
paclitaxel,BFTC909_KIDNEY,0.5407999753952026,0.591820104927375,X_pca,True
paclitaxel,BHY_UPPER_AERODIGESTIVE_TRACT,0.5109785795211792,0.4864669624073752,X_pca,True
paclitaxel,BICR31_UPPER_AERODIGESTIVE_TRACT,0.5008999705314636,0.4743249061847887,X_pca,True
paclitaxel,BICR56_UPPER_AERODIGESTIVE_TRACT,0.34946250915527344,0.31350959340731305,X_pca,True
paclitaxel,BICR6_UPPER_AERODIGESTIVE_TRACT,0.22311249375343323,0.5261447374428903,X_pca,True
paclitaxel,BT474_BREAST,0.5269133448600769,0.5961596953868866,X_pca,True
paclitaxel,BT549_BREAST,0.334975004196167,0.569341500450794,X_pca,True
paclitaxel,CAKI2_KIDNEY,0.6657214164733887,0.7020202671452392,X_pca,True
paclitaxel,CALU6_LUNG,0.5136666893959045,0.5616966298846311,X_pca,True
paclitaxel,CAMA1_BREAST,0.671625018119812,0.6660783000008756,X_pca,True
paclitaxel,CAS1_CENTRAL_NERVOUS_SYSTEM,0.8123077154159546,0.4390795766410971,X_pca,True
paclitaxel,CCFSTTG1_CENTRAL_NERVOUS_SYSTEM,0.5159249901771545,0.539613689591245,X_pca,True
paclitaxel,COLO680N_OESOPHAGUS,0.612137496471405,0.4858616777405456,X_pca,True
paclitaxel,COLO741_SKIN,0.6660624742507935,0.584690743394898,X_pca,True
paclitaxel,COLO792_SKIN,0.6829333305358887,0.7066423444290443,X_pca,True
paclitaxel,COV434_OVARY,0.4877749979496002,0.4065980884161862,X_pca,True
paclitaxel,DANG_PANCREAS,0.3995312452316284,0.664145648062646,X_pca,True
paclitaxel,DAOY_CENTRAL_NERVOUS_SYSTEM,0.2984437644481659,0.4887239434540908,X_pca,True
paclitaxel,DETROIT562_UPPER_AERODIGESTIVE_TRACT,0.4171437621116638,0.48702885384208583,X_pca,True
paclitaxel,DKMG_CENTRAL_NERVOUS_SYSTEM,0.3044285774230957,0.5821392667029617,X_pca,True
paclitaxel,EBC1_LUNG,0.43924999237060547,0.7003577026308224,X_pca,True
paclitaxel,EFE184_ENDOMETRIUM,0.7961875200271606,0.6674830372943434,X_pca,True
paclitaxel,EFM192A_BREAST,0.322231262922287,0.6609085940562927,X_pca,True
paclitaxel,EKVX_LUNG,0.5209375023841858,0.4728478949568043,X_pca,True
paclitaxel,FTC133_THYROID,0.4417499899864197,0.6060489394835064,X_pca,True
paclitaxel,GOS3_CENTRAL_NERVOUS_SYSTEM,0.6065866947174072,0.590998609652694,X_pca,True
paclitaxel,HCC1428_BREAST,0.6947500109672546,0.557101075574169,X_pca,True
paclitaxel,HCC366_LUNG,0.3181999921798706,0.6045613586902618,X_pca,True
paclitaxel,HCC56_LARGE_INTESTINE,0.5721750259399414,0.7364223894446787,X_pca,True
paclitaxel,HDQP1_BREAST,0.5168733596801758,0.6690573655068874,X_pca,True
paclitaxel,HEC151_ENDOMETRIUM,0.24384374916553497,0.5878257162570953,X_pca,True
paclitaxel,HEC251_ENDOMETRIUM,0.5712500214576721,0.5204831982884451,X_pca,True
paclitaxel,HEC6_ENDOMETRIUM,0.6322214007377625,0.6287569068603635,X_pca,True
paclitaxel,HEP3B217_LIVER,0.8162500262260437,0.6809351363424527,X_pca,True
paclitaxel,HMC18_BREAST,0.48608750104904175,0.5442061442563965,X_pca,True
paclitaxel,HOS_BONE,0.4674866795539856,0.47111982225796567,X_pca,True
paclitaxel,HS852T_SKIN,0.5268124938011169,0.5459403710232841,X_pca,True
paclitaxel,HT1080_SOFT_TISSUE,0.2612687647342682,0.45623926004005033,X_pca,True
paclitaxel,HT1197_URINARY_TRACT,0.8916249871253967,0.6546094739759291,X_pca,True
paclitaxel,HT55_LARGE_INTESTINE,0.7723076939582825,0.6424905414829887,X_pca,True
paclitaxel,HUH6_LIVER,1.100000023841858,0.6542025196129049,X_pca,True
paclitaxel,HUPT3_PANCREAS,0.6277499794960022,0.5641943667741383,X_pca,True
paclitaxel,HUPT4_PANCREAS,0.46790769696235657,0.5469360585723605,X_pca,True
paclitaxel,IALM_LUNG,0.9359375238418579,0.6495640883164376,X_pca,True
paclitaxel,IGR1_SKIN,0.4400250017642975,0.4724159013402873,X_pca,True
paclitaxel,IGR37_SKIN,0.3176187574863434,0.682962931885843,X_pca,True
paclitaxel,IM95_STOMACH,0.09405333548784256,0.5990806341171264,X_pca,True
paclitaxel,JHH6_LIVER,0.7914375066757202,0.4753357163332041,X_pca,True
paclitaxel,JHOC5_OVARY,0.6793785691261292,0.6086538834818478,X_pca,True
paclitaxel,KALS1_CENTRAL_NERVOUS_SYSTEM,0.5128812789916992,0.5497768190171983,X_pca,True
paclitaxel,KNS42_CENTRAL_NERVOUS_SYSTEM,0.49499374628067017,0.5312214353403379,X_pca,True
paclitaxel,KPNSI9S_AUTONOMIC_GANGLIA,0.44433748722076416,0.420044073531794,X_pca,True
paclitaxel,KYSE520_OESOPHAGUS,0.6790000200271606,0.5473583742007383,X_pca,True
paclitaxel,LI7_LIVER,0.43004998564720154,0.6391201203270834,X_pca,True
paclitaxel,LMSU_STOMACH,0.6495000123977661,0.45752803215793536,X_pca,True
paclitaxel,LNCAPCLONEFGC_PROSTATE,0.24524374306201935,0.5066681850788205,X_pca,True
paclitaxel,LS1034_LARGE_INTESTINE,0.5858374834060669,0.6380787571407345,X_pca,True
paclitaxel,LS180_LARGE_INTESTINE,0.4455749988555908,0.4522922375030465,X_pca,True
paclitaxel,MCF7_BREAST,0.6690624952316284,0.6902257095683705,X_pca,True
paclitaxel,MDAMB361_BREAST,0.7103124856948853,0.5160542788328948,X_pca,True
paclitaxel,MFE319_ENDOMETRIUM,0.2996000051498413,0.4082303162644671,X_pca,True
paclitaxel,MKN45_STOMACH,0.9375,0.5520551477448415,X_pca,True
paclitaxel,MKN7_STOMACH,0.6533125042915344,0.6290680105371993,X_pca,True
paclitaxel,MSTO211H_PLEURA,0.4940750002861023,0.5016286039994622,X_pca,True
paclitaxel,NCIH1299_LUNG,0.7131249904632568,0.4337869585397538,X_pca,True
paclitaxel,NCIH1373_LUNG,0.8170714378356934,0.5629669769508082,X_pca,True
paclitaxel,NCIH1435_LUNG,0.8456875085830688,0.6389900208189246,X_pca,True
paclitaxel,NCIH1792_LUNG,0.5265285968780518,0.4596184594137175,X_pca,True
paclitaxel,NCIH1944_LUNG,0.3497374951839447,0.6084010667990947,X_pca,True
paclitaxel,NCIH2087_LUNG,0.5121562480926514,0.5882433187471677,X_pca,True
paclitaxel,NCIH2110_LUNG,0.2555312514305115,0.5634574074391744,X_pca,True
paclitaxel,NCIH2126_LUNG,0.4945249855518341,0.36809938711424667,X_pca,True
paclitaxel,NCIH2170_LUNG,0.5045499801635742,0.3858984280639971,X_pca,True
paclitaxel,NCIH2228_LUNG,0.7720111012458801,0.5800011681763287,X_pca,True
paclitaxel,NCIH226_LUNG,1.100000023841858,0.8161884425802434,X_pca,True
paclitaxel,NCIH2444_LUNG,1.100000023841858,0.6922376275314057,X_pca,True
paclitaxel,NCIH2452_PLEURA,1.0585500001907349,0.7234011830893591,X_pca,True
paclitaxel,NCIH358_LUNG,0.23592500388622284,0.5634911439958072,X_pca,True
paclitaxel,NCIH446_LUNG,0.13584375381469727,0.40029370419833127,X_pca,True
paclitaxel,NCIH460_LUNG,0.7216249704360962,0.4381295627020878,X_pca,True
paclitaxel,NCIH522_LUNG,0.16481874883174896,0.558663467088571,X_pca,True
paclitaxel,NCIH650_LUNG,0.5303000211715698,0.5941157637926925,X_pca,True
paclitaxel,NCIH747_LARGE_INTESTINE,0.5399312376976013,0.6676459401845932,X_pca,True
paclitaxel,OAW28_OVARY,0.6158447861671448,0.6136196805453449,X_pca,True
paclitaxel,OSRC2_KIDNEY,0.7997142672538757,0.7523588528708806,X_pca,True
paclitaxel,OVK18_OVARY,0.39842307567596436,0.47693155103185203,X_pca,True
paclitaxel,OVSAHO_OVARY,0.8846250176429749,0.6147776973405074,X_pca,True
paclitaxel,OVTOKO_OVARY,0.8326428532600403,0.570015005945589,X_pca,True
paclitaxel,PANC0203_PANCREAS,0.6189799904823303,0.6044346176588489,X_pca,True
paclitaxel,PATU8988S_PANCREAS,0.46135714650154114,0.7346947246887645,X_pca,True
paclitaxel,PC3_PROSTATE,0.615456223487854,0.4888267781607498,X_pca,True
paclitaxel,PECAPJ49_UPPER_AERODIGESTIVE_TRACT,0.12946875393390656,0.4234431865486768,X_pca,True
paclitaxel,PK45H_PANCREAS,0.6258124709129333,0.6187603605629334,X_pca,True
paclitaxel,PK59_PANCREAS,0.7167999744415283,0.5707703719193908,X_pca,True
paclitaxel,RCC10RGB_KIDNEY,0.8610000014305115,0.6645577168771637,X_pca,True
paclitaxel,RCM1_LARGE_INTESTINE,0.8398125171661377,0.5599108163733035,X_pca,True
paclitaxel,RD_SOFT_TISSUE,0.38019999861717224,0.48349238743727235,X_pca,True
paclitaxel,RERFLCAD1_LUNG,0.8071249723434448,0.5953580668433703,X_pca,True
paclitaxel,RERFLCAI_LUNG,0.22921249270439148,0.5490691368498621,X_pca,True
paclitaxel,RT4_URINARY_TRACT,0.6225066781044006,0.36253894584358864,X_pca,True
paclitaxel,RVH421_SKIN,0.6980000138282776,0.6345111177805577,X_pca,True
paclitaxel,SCC25_UPPER_AERODIGESTIVE_TRACT,0.2631266713142395,0.3548537536559498,X_pca,True
paclitaxel,SCC9_UPPER_AERODIGESTIVE_TRACT,0.4983375072479248,0.5210459908686186,X_pca,True
paclitaxel,SH10TC_STOMACH,0.33800625801086426,0.7153823087867509,X_pca,True
paclitaxel,SKES1_BONE,0.12243124842643738,0.4575757967246758,X_pca,True
paclitaxel,SKMEL30_SKIN,0.8396000266075134,0.6488554446454089,X_pca,True
paclitaxel,SKMEL3_SKIN,0.8928750157356262,0.5576087755640757,X_pca,True
paclitaxel,SKMEL5_SKIN,0.6320000290870667,0.5787455041199823,X_pca,True
paclitaxel,SKNAS_AUTONOMIC_GANGLIA,0.40153124928474426,0.4741896694212888,X_pca,True
paclitaxel,SNU1079_BILIARY_TRACT,0.7470714449882507,0.8296817157366504,X_pca,True
paclitaxel,SNU308_BILIARY_TRACT,0.6199625134468079,0.4228781021021782,X_pca,True
paclitaxel,SNU423_LIVER,0.3167562484741211,0.6688480055275953,X_pca,True
paclitaxel,SNU449_LIVER,0.6817499995231628,0.563113050046542,X_pca,True
paclitaxel,SNU46_UPPER_AERODIGESTIVE_TRACT,0.7358750104904175,0.5280981736920648,X_pca,True
paclitaxel,SNU738_CENTRAL_NERVOUS_SYSTEM,0.4071125090122223,0.6728162558695258,X_pca,True
paclitaxel,SNU899_UPPER_AERODIGESTIVE_TRACT,0.6364374756813049,0.32115720535617276,X_pca,True
paclitaxel,SQ1_LUNG,0.6761875152587891,0.6166869320538866,X_pca,True
paclitaxel,SU8686_PANCREAS,0.9290778040885925,0.5950269004920634,X_pca,True
paclitaxel,SW1088_CENTRAL_NERVOUS_SYSTEM,0.487193763256073,0.561708684777841,X_pca,True
paclitaxel,SW1271_LUNG,0.8290333151817322,0.7088673355786697,X_pca,True
paclitaxel,SW1990_PANCREAS,0.5032250285148621,0.6033237787139533,X_pca,True
paclitaxel,SW579_THYROID,0.2587812542915344,0.4349353188468564,X_pca,True
paclitaxel,T47D_BREAST,0.7885333299636841,0.7012787675695722,X_pca,True
paclitaxel,TCCSUP_URINARY_TRACT,0.5900062322616577,0.6554715462689158,X_pca,True
paclitaxel,TE10_OESOPHAGUS,0.47663751244544983,0.5796048535059576,X_pca,True
paclitaxel,TE14_OESOPHAGUS,0.2560800015926361,0.47236735622088116,X_pca,True
paclitaxel,TE1_OESOPHAGUS,0.7301874756813049,0.6122396291748992,X_pca,True
paclitaxel,TE6_OESOPHAGUS,0.5045499801635742,0.5142220321995377,X_pca,True
paclitaxel,TM31_CENTRAL_NERVOUS_SYSTEM,0.6938124895095825,0.5247669777479665,X_pca,True
paclitaxel,TOV21G_OVARY,0.5901437401771545,0.5429908986951484,X_pca,True
paclitaxel,TYKNU_OVARY,0.5223937630653381,0.5173334835940956,X_pca,True
paclitaxel,U118MG_CENTRAL_NERVOUS_SYSTEM,0.4687125086784363,0.4883099661254492,X_pca,True
paclitaxel,UACC257_SKIN,0.7988749742507935,0.6767008029017987,X_pca,True
paclitaxel,UMUC1_URINARY_TRACT,0.4259124994277954,0.4773788736556387,X_pca,True
paclitaxel,VMCUB1_URINARY_TRACT,0.25546666979789734,0.3878233544684354,X_pca,True
paclitaxel,VMRCRCZ_KIDNEY,0.7373124957084656,0.8027460753917695,X_pca,True
paclitaxel,ZR751_BREAST,0.9081875085830688,0.5966089019690517,X_pca,True
vincristine,42MGBA_CENTRAL_NERVOUS_SYSTEM,0.5476400256156921,0.49177931485028803,X_pca,True
vincristine,8305C_THYROID,0.40195000171661377,0.4699368877478415,X_pca,True
vincristine,A204_SOFT_TISSUE,0.40056875348091125,0.5080180376768112,X_pca,True
vincristine,A2058_SKIN,0.2991437613964081,0.4734051432333836,X_pca,True
vincristine,A375_SKIN,0.5948214530944824,0.5712358643996575,X_pca,True
vincristine,ACCMESO1_PLEURA,0.8137500286102295,0.5849226256947458,X_pca,True
vincristine,ASPC1_PANCREAS,0.6924999952316284,0.7638542278059598,X_pca,True
vincristine,BCPAP_THYROID,0.3965800106525421,0.5999569187038823,X_pca,True
vincristine,BFTC909_KIDNEY,0.44690001010894775,0.5314175070590268,X_pca,True
vincristine,BHY_UPPER_AERODIGESTIVE_TRACT,0.6288750171661377,0.567229720025227,X_pca,True
vincristine,BICR31_UPPER_AERODIGESTIVE_TRACT,0.6130625009536743,0.5608851609210814,X_pca,True
vincristine,BICR56_UPPER_AERODIGESTIVE_TRACT,0.634006679058075,0.41887988094930295,X_pca,True
vincristine,BICR6_UPPER_AERODIGESTIVE_TRACT,0.3622399866580963,0.5784825415878029,X_pca,True
vincristine,BT474_BREAST,0.6909999847412109,0.6079632685184478,X_pca,True
vincristine,BT549_BREAST,0.6388999819755554,0.519464076237571,X_pca,True
vincristine,CAKI2_KIDNEY,0.6704375147819519,0.640269567962173,X_pca,True
vincristine,CALU6_LUNG,0.6008124947547913,0.5199889381264531,X_pca,True
vincristine,CAMA1_BREAST,0.6742500066757202,0.6799310443737253,X_pca,True
vincristine,CAS1_CENTRAL_NERVOUS_SYSTEM,0.6345199942588806,0.47238298578369886,X_pca,True
vincristine,CCFSTTG1_CENTRAL_NERVOUS_SYSTEM,0.857200026512146,0.5326546103489108,X_pca,True
vincristine,COLO680N_OESOPHAGUS,0.7554374933242798,0.5539564391737003,X_pca,True
vincristine,COLO741_SKIN,0.43671250343322754,0.5242809450372736,X_pca,True
vincristine,COLO792_SKIN,0.6443125009536743,0.4582407959492884,X_pca,True
vincristine,COV434_OVARY,0.3867799937725067,0.4316560880027034,X_pca,True
vincristine,DANG_PANCREAS,0.6072750091552734,0.6723941329059068,X_pca,True
vincristine,DAOY_CENTRAL_NERVOUS_SYSTEM,0.2947562634944916,0.4761529755762039,X_pca,True
vincristine,DETROIT562_UPPER_AERODIGESTIVE_TRACT,0.5571374893188477,0.5577902665898844,X_pca,True
vincristine,DKMG_CENTRAL_NERVOUS_SYSTEM,0.409280002117157,0.5399747824097032,X_pca,True
vincristine,EBC1_LUNG,0.5565124750137329,0.7014960050582886,X_pca,True
vincristine,EFE184_ENDOMETRIUM,0.679562509059906,0.6948230869548265,X_pca,True
vincristine,EFM192A_BREAST,0.672249972820282,0.6081318543837951,X_pca,True
vincristine,EKVX_LUNG,0.8526666760444641,0.5542401022290531,X_pca,True
vincristine,FTC133_THYROID,0.6901999711990356,0.6366597209657942,X_pca,True
vincristine,GOS3_CENTRAL_NERVOUS_SYSTEM,0.5899562239646912,0.5437281289337818,X_pca,True
vincristine,HCC1428_BREAST,0.7901999950408936,0.6530058712471188,X_pca,True
vincristine,HCC366_LUNG,0.457868754863739,0.6526611948957538,X_pca,True
vincristine,HCC38_BREAST,0.5398461818695068,0.5092363423109054,X_pca,True
vincristine,HCC56_LARGE_INTESTINE,0.5508187413215637,0.7193025579356184,X_pca,True
vincristine,HDQP1_BREAST,0.7371249794960022,0.7125296024605632,X_pca,True
vincristine,HEC151_ENDOMETRIUM,0.20153124630451202,0.5597655069828034,X_pca,True
vincristine,HEC251_ENDOMETRIUM,0.5240312218666077,0.6011693057055786,X_pca,True
vincristine,HEC6_ENDOMETRIUM,0.6780624985694885,0.575367752439487,X_pca,True
vincristine,HEP3B217_LIVER,0.8504999876022339,0.601358525581279,X_pca,True
vincristine,HMC18_BREAST,0.39646250009536743,0.5367224375135663,X_pca,True
vincristine,HOS_BONE,0.3352062404155731,0.45794895525001644,X_pca,True
vincristine,HS852T_SKIN,0.48148125410079956,0.46064598545616053,X_pca,True
vincristine,HT1080_SOFT_TISSUE,0.18923750519752502,0.44169168070305226,X_pca,True
vincristine,HT1197_URINARY_TRACT,0.6433749794960022,0.5854416368780909,X_pca,True
vincristine,HT55_LARGE_INTESTINE,0.706250011920929,0.6216111171867045,X_pca,True
vincristine,HUH6_LIVER,0.3490374982357025,0.6328841334087609,X_pca,True
vincristine,HUPT3_PANCREAS,0.6478750109672546,0.6050103933495634,X_pca,True
vincristine,HUPT4_PANCREAS,0.4810187518596649,0.6434447307671819,X_pca,True
vincristine,IALM_LUNG,0.8377500176429749,0.6178445545782955,X_pca,True
vincristine,IGR1_SKIN,0.3574312627315521,0.38805218819914195,X_pca,True
vincristine,IGR37_SKIN,0.24663333594799042,0.513538049431974,X_pca,True
vincristine,IM95_STOMACH,0.19499333202838898,0.5971190563730291,X_pca,True
vincristine,JHH6_LIVER,0.9332500100135803,0.5556693840952753,X_pca,True
vincristine,JHOC5_OVARY,0.6779999732971191,0.5979608576873253,X_pca,True
vincristine,KALS1_CENTRAL_NERVOUS_SYSTEM,0.4094187617301941,0.5430962804497944,X_pca,True
vincristine,KMRC3_KIDNEY,0.4999333322048187,0.7059039640183351,X_pca,True
vincristine,KNS42_CENTRAL_NERVOUS_SYSTEM,0.6093999743461609,0.5859529734697453,X_pca,True
vincristine,KPNSI9S_AUTONOMIC_GANGLIA,0.35938748717308044,0.31900639277557996,X_pca,True
vincristine,KYSE520_OESOPHAGUS,0.7401333451271057,0.5602436340630239,X_pca,True
vincristine,LI7_LIVER,0.5061312317848206,0.6643643135927162,X_pca,True
vincristine,LMSU_STOMACH,0.5531874895095825,0.43657631476720177,X_pca,True
vincristine,LNCAPCLONEFGC_PROSTATE,0.24716874957084656,0.4964394511640534,X_pca,True
vincristine,LS1034_LARGE_INTESTINE,0.6206466555595398,0.6748939793403834,X_pca,True
vincristine,LS180_LARGE_INTESTINE,0.5076187252998352,0.4827158063897796,X_pca,True
vincristine,MCF7_BREAST,0.5924249887466431,0.6395537857409124,X_pca,True
vincristine,MDAMB361_BREAST,0.5774400234222412,0.5248303276521188,X_pca,True
vincristine,MFE319_ENDOMETRIUM,0.4310624897480011,0.38233411436929754,X_pca,True
vincristine,MKN45_STOMACH,0.9100624918937683,0.5946494106013896,X_pca,True
vincristine,MKN7_STOMACH,0.7352666854858398,0.6642088148483011,X_pca,True
vincristine,MSTO211H_PLEURA,0.34878748655319214,0.4568848957116355,X_pca,True
vincristine,NCIH1299_LUNG,0.6871187686920166,0.4208768088551943,X_pca,True
vincristine,NCIH1373_LUNG,0.7287499904632568,0.5674649071766109,X_pca,True
vincristine,NCIH1435_LUNG,0.7204999923706055,0.6830807589413075,X_pca,True
vincristine,NCIH1792_LUNG,0.6696249842643738,0.4399046841505411,X_pca,True
vincristine,NCIH1944_LUNG,0.46594375371932983,0.6286184238494882,X_pca,True
vincristine,NCIH2087_LUNG,0.34689998626708984,0.5668587157987568,X_pca,True
vincristine,NCIH2110_LUNG,0.17688125371932983,0.6382453083243202,X_pca,True
vincristine,NCIH2126_LUNG,0.6244562268257141,0.35511521272587054,X_pca,True
vincristine,NCIH2170_LUNG,0.4926687479019165,0.43199808958550573,X_pca,True
vincristine,NCIH2228_LUNG,0.5347874760627747,0.5701907614108976,X_pca,True
vincristine,NCIH226_LUNG,0.8397499918937683,0.6440778922527395,X_pca,True
vincristine,NCIH2444_LUNG,0.9046249985694885,0.6200023573913654,X_pca,True
vincristine,NCIH2452_PLEURA,0.6080750226974487,0.6410372971823668,X_pca,True
vincristine,NCIH358_LUNG,0.44712498784065247,0.5660711618229037,X_pca,True
vincristine,NCIH446_LUNG,0.2019687443971634,0.3975424929997142,X_pca,True
vincristine,NCIH460_LUNG,0.7309062480926514,0.4197388106563185,X_pca,True
vincristine,NCIH522_LUNG,0.1617249995470047,0.516865507627909,X_pca,True
vincristine,NCIH650_LUNG,0.5985187292098999,0.612186226567659,X_pca,True
vincristine,NCIH747_LARGE_INTESTINE,0.5193866491317749,0.758279686421156,X_pca,True
vincristine,OAW28_OVARY,0.6553875207901001,0.6318395387682115,X_pca,True
vincristine,OSRC2_KIDNEY,0.8454375267028809,0.7074196229851435,X_pca,True
vincristine,OUMS23_LARGE_INTESTINE,0.6188750267028809,0.6661812234147687,X_pca,True
vincristine,OVK18_OVARY,0.40578123927116394,0.45940291396017824,X_pca,True
vincristine,OVSAHO_OVARY,0.8880624771118164,0.5731585175455405,X_pca,True
vincristine,OVTOKO_OVARY,0.7811874747276306,0.6087499919690584,X_pca,True
vincristine,PANC0203_PANCREAS,0.7631875276565552,0.6675338005948915,X_pca,True
vincristine,PATU8988S_PANCREAS,0.6373666524887085,0.7307133655079076,X_pca,True
vincristine,PC3_PROSTATE,0.6444374918937683,0.5386727316492408,X_pca,True
vincristine,PECAPJ49_UPPER_AERODIGESTIVE_TRACT,0.21821250021457672,0.50917121679476,X_pca,True
vincristine,PK45H_PANCREAS,0.7045999765396118,0.6204073200366593,X_pca,True
vincristine,PK59_PANCREAS,0.7398750185966492,0.6652938504328673,X_pca,True
vincristine,RCC10RGB_KIDNEY,0.7806249856948853,0.6366153767436359,X_pca,True
vincristine,RCM1_LARGE_INTESTINE,0.9458666443824768,0.6402147486805916,X_pca,True
vincristine,RD_SOFT_TISSUE,0.2967599928379059,0.4680421450585698,X_pca,True
vincristine,RERFLCAD1_LUNG,1.005312442779541,0.6381365677702083,X_pca,True
vincristine,RERFLCAI_LUNG,0.2301187515258789,0.5934349744926117,X_pca,True
vincristine,RT4_URINARY_TRACT,0.5279250144958496,0.45387824751296135,X_pca,True
vincristine,RVH421_SKIN,0.2544187605381012,0.6397493501587392,X_pca,True
vincristine,SCC25_UPPER_AERODIGESTIVE_TRACT,0.34040623903274536,0.47832160740095153,X_pca,True
vincristine,SCC9_UPPER_AERODIGESTIVE_TRACT,0.48765623569488525,0.48889778381899784,X_pca,True
vincristine,SH10TC_STOMACH,0.43741875886917114,0.6794662743891746,X_pca,True
vincristine,SKES1_BONE,0.035750001668930054,0.34171738369124277,X_pca,True
vincristine,SKMEL2_SKIN,0.7256875038146973,0.43663914625843364,X_pca,True
vincristine,SKMEL30_SKIN,0.8165000081062317,0.5109210322497587,X_pca,True
vincristine,SKMEL3_SKIN,0.6436874866485596,0.47107693122834277,X_pca,True
vincristine,SKMEL5_SKIN,0.36355000734329224,0.5094515501650094,X_pca,True
vincristine,SKNAS_AUTONOMIC_GANGLIA,0.34972500801086426,0.4739497279567001,X_pca,True
vincristine,SNU1079_BILIARY_TRACT,0.7950714230537415,0.7184005069406065,X_pca,True
vincristine,SNU1214_UPPER_AERODIGESTIVE_TRACT,0.5193937420845032,0.5444896229087038,X_pca,True
vincristine,SNU308_BILIARY_TRACT,0.6400625109672546,0.49929476006233947,X_pca,True
vincristine,SNU423_LIVER,0.40997499227523804,0.6397898264651029,X_pca,True
vincristine,SNU449_LIVER,0.7581999897956848,0.569700317813995,X_pca,True
vincristine,SNU46_UPPER_AERODIGESTIVE_TRACT,0.7064375281333923,0.5401098235683927,X_pca,True
vincristine,SNU738_CENTRAL_NERVOUS_SYSTEM,0.684499979019165,0.6196664424716325,X_pca,True
vincristine,SNU899_UPPER_AERODIGESTIVE_TRACT,0.8463749885559082,0.42193479063999223,X_pca,True
vincristine,SNUC4_LARGE_INTESTINE,0.5322266817092896,0.4274870827634534,X_pca,True
vincristine,SQ1_LUNG,0.5388500094413757,0.6393715389886824,X_pca,True
vincristine,SU8686_PANCREAS,0.5508437752723694,0.6171516383566508,X_pca,True
vincristine,SW1088_CENTRAL_NERVOUS_SYSTEM,0.5256437659263611,0.5302064130082726,X_pca,True
vincristine,SW1271_LUNG,0.7133125066757202,0.6241151975548785,X_pca,True
vincristine,SW1990_PANCREAS,0.5988374948501587,0.6835644526668014,X_pca,True
vincristine,SW579_THYROID,0.21722500026226044,0.4531352062653836,X_pca,True
vincristine,T47D_BREAST,0.850266695022583,0.6484860570182628,X_pca,True
vincristine,TCCSUP_URINARY_TRACT,0.687624990940094,0.6107858504298367,X_pca,True
vincristine,TE10_OESOPHAGUS,0.5327500104904175,0.609522430864099,X_pca,True
vincristine,TE14_OESOPHAGUS,0.6224615573883057,0.4907708347220964,X_pca,True
vincristine,TE1_OESOPHAGUS,0.7388125061988831,0.611624572317577,X_pca,True
vincristine,TE6_OESOPHAGUS,0.38093748688697815,0.5663222324393838,X_pca,True
vincristine,TE9_OESOPHAGUS,0.5380125045776367,0.5154952851514663,X_pca,True
vincristine,TM31_CENTRAL_NERVOUS_SYSTEM,0.5729187726974487,0.5009220848823416,X_pca,True
vincristine,TOV21G_OVARY,0.5007249712944031,0.5278510427865826,X_pca,True
vincristine,TYKNU_OVARY,0.5251562595367432,0.5298323368924296,X_pca,True
vincristine,U118MG_CENTRAL_NERVOUS_SYSTEM,0.5909625291824341,0.44088240908306153,X_pca,True
vincristine,UACC257_SKIN,0.7762500047683716,0.4866252363226903,X_pca,True
vincristine,UMUC1_URINARY_TRACT,0.48531249165534973,0.5883712963706951,X_pca,True
vincristine,VMCUB1_URINARY_TRACT,0.4484249949455261,0.5181120533075293,X_pca,True
vincristine,VMRCRCZ_KIDNEY,0.664187490940094,0.6453747041026752,X_pca,True
vincristine,YD38_UPPER_AERODIGESTIVE_TRACT,0.4536312520503998,0.4901515974734838,X_pca,True
vincristine,ZR751_BREAST,0.6918749809265137,0.5369892404881882,X_pca,True
afatinib,42MGBA_CENTRAL_NERVOUS_SYSTEM,0.7275000214576721,0.7341808371792429,X_pca,True
afatinib,8305C_THYROID,0.6925333142280579,0.7850447212688804,X_pca,True
afatinib,A204_SOFT_TISSUE,0.5591874718666077,0.787785178899765,X_pca,True
afatinib,A2058_SKIN,0.7646874785423279,0.8053195898224708,X_pca,True
afatinib,A375_SKIN,0.9358571171760559,0.7052514031403785,X_pca,True
afatinib,ACCMESO1_PLEURA,0.8127333521842957,0.8683628645944007,X_pca,True
afatinib,ASPC1_PANCREAS,0.6907187700271606,0.6692637406546494,X_pca,True
afatinib,BCPAP_THYROID,0.777733325958252,0.7238026676993621,X_pca,True
afatinib,BFTC909_KIDNEY,0.7073333263397217,0.7692852262456688,X_pca,True
afatinib,BHY_UPPER_AERODIGESTIVE_TRACT,0.45029333233833313,0.5910113090071185,X_pca,True
afatinib,BICR31_UPPER_AERODIGESTIVE_TRACT,0.4339374899864197,0.6368569768965244,X_pca,True
afatinib,BICR56_UPPER_AERODIGESTIVE_TRACT,0.3860437572002411,0.4339082855501293,X_pca,True
afatinib,BICR6_UPPER_AERODIGESTIVE_TRACT,0.711187481880188,0.6064897444281545,X_pca,True
afatinib,BT474_BREAST,0.43651875853538513,0.7059950041770935,X_pca,True
afatinib,BT549_BREAST,0.7768124938011169,0.7030711870892603,X_pca,True
afatinib,CAKI2_KIDNEY,0.668874979019165,0.7306623469582565,X_pca,True
afatinib,CALU6_LUNG,0.7353333234786987,0.7958329315333403,X_pca,True
afatinib,CAMA1_BREAST,0.9009333252906799,0.7271330790831051,X_pca,True
afatinib,CAS1_CENTRAL_NERVOUS_SYSTEM,0.7460625171661377,0.7590087311608451,X_pca,True
afatinib,CCFSTTG1_CENTRAL_NERVOUS_SYSTEM,0.8619375228881836,0.7122878475887019,X_pca,True
afatinib,COLO680N_OESOPHAGUS,0.7075999975204468,0.5236686532515641,X_pca,True
afatinib,COLO792_SKIN,0.6729999780654907,0.725375071442875,X_pca,True
afatinib,COV434_OVARY,0.6568750143051147,0.7952198257500475,X_pca,True
afatinib,DANG_PANCREAS,0.7179999947547913,0.7402084894947238,X_pca,True
afatinib,DAOY_CENTRAL_NERVOUS_SYSTEM,0.9120769500732422,0.7293619091400473,X_pca,True
afatinib,DETROIT562_UPPER_AERODIGESTIVE_TRACT,0.6452142596244812,0.6386091401971923,X_pca,True
afatinib,DKMG_CENTRAL_NERVOUS_SYSTEM,0.7222499847412109,0.748442915092975,X_pca,True
afatinib,EBC1_LUNG,0.6473125219345093,0.8169804465386176,X_pca,True
afatinib,EFE184_ENDOMETRIUM,0.6528124809265137,0.6980542582134868,X_pca,True
afatinib,EKVX_LUNG,0.47856250405311584,0.7746128762421542,X_pca,True
afatinib,FTC133_THYROID,0.8962500095367432,0.7903286461319242,X_pca,True
afatinib,GOS3_CENTRAL_NERVOUS_SYSTEM,0.7197499871253967,0.80040637235991,X_pca,True
afatinib,HCC1428_BREAST,0.7386875152587891,0.6981003176508926,X_pca,True
afatinib,HCC366_LUNG,0.6853500008583069,0.7518768838726648,X_pca,True
afatinib,HCC38_BREAST,0.7213749885559082,0.5608488446474076,X_pca,True
afatinib,HCC56_LARGE_INTESTINE,0.675000011920929,0.6355884400281039,X_pca,True
afatinib,HDQP1_BREAST,0.6154000163078308,0.7057862272486091,X_pca,True
afatinib,HEC151_ENDOMETRIUM,0.6186312437057495,0.7369147968292237,X_pca,True
afatinib,HEC251_ENDOMETRIUM,0.7176615595817566,0.6716367741611516,X_pca,True
afatinib,HEC6_ENDOMETRIUM,0.9160000085830688,0.7824380886480675,X_pca,True
afatinib,HEP3B217_LIVER,0.817466676235199,0.5956405823008489,X_pca,True
afatinib,HMC18_BREAST,0.8866153955459595,0.6979365299993001,X_pca,True
afatinib,HOS_BONE,0.8081874847412109,0.7583721647504156,X_pca,True
afatinib,HS852T_SKIN,0.6169062256813049,0.7130574856275393,X_pca,True
afatinib,HT1080_SOFT_TISSUE,0.7598124742507935,0.6748866125825763,X_pca,True
afatinib,HT1197_URINARY_TRACT,1.100000023841858,0.6556637649600571,X_pca,True
afatinib,HT55_LARGE_INTESTINE,0.46175000071525574,0.7426362630880274,X_pca,True
afatinib,HUPT3_PANCREAS,0.7680000066757202,0.6058998373063171,X_pca,True
afatinib,HUPT4_PANCREAS,0.4047062397003174,0.610451224126986,X_pca,True
afatinib,IALM_LUNG,0.8001428842544556,0.7498525606919519,X_pca,True
afatinib,IGR1_SKIN,0.695187509059906,0.7955188726556712,X_pca,True
afatinib,IGR37_SKIN,0.7457500100135803,0.7691053481885267,X_pca,True
afatinib,IM95_STOMACH,0.46796876192092896,0.709335032024899,X_pca,True
afatinib,JHH6_LIVER,0.8983749747276306,0.6978647257517843,X_pca,True
afatinib,JHOC5_OVARY,0.6862461566925049,0.6985263433949701,X_pca,True
afatinib,KALS1_CENTRAL_NERVOUS_SYSTEM,0.7638124823570251,0.7413866590294573,X_pca,True
afatinib,KMRC3_KIDNEY,0.7061874866485596,0.7326785087585449,X_pca,True
afatinib,KNS42_CENTRAL_NERVOUS_SYSTEM,0.7439374923706055,0.7400145454462185,X_pca,True
afatinib,KPNSI9S_AUTONOMIC_GANGLIA,0.7086874842643738,0.7805181931155597,X_pca,True
afatinib,KYSE520_OESOPHAGUS,0.5781624913215637,0.6579771069550293,X_pca,True
afatinib,LMSU_STOMACH,0.7841249704360962,0.6779336744663762,X_pca,True
afatinib,LNCAPCLONEFGC_PROSTATE,0.7328125238418579,0.687639294206634,X_pca,True
afatinib,LS1034_LARGE_INTESTINE,0.7124375104904175,0.5067339012884113,X_pca,True
afatinib,LS180_LARGE_INTESTINE,0.783307671546936,0.6021144951479587,X_pca,True
afatinib,MCF7_BREAST,0.7252143025398254,0.7198370674273351,X_pca,True
afatinib,MDAMB361_BREAST,0.49120625853538513,0.690858119946939,X_pca,True
afatinib,MFE319_ENDOMETRIUM,0.7394375205039978,0.7137537423852851,X_pca,True
afatinib,MKN45_STOMACH,0.937333345413208,0.6898134173983235,X_pca,True
afatinib,MKN7_STOMACH,0.6158562302589417,0.687159947415655,X_pca,True
afatinib,NCIH1299_LUNG,0.777439534664154,0.7833343024892307,X_pca,True
afatinib,NCIH1373_LUNG,0.7123125195503235,0.6899659935294128,X_pca,True
afatinib,NCIH1435_LUNG,0.45918750762939453,0.6966648322812626,X_pca,True
afatinib,NCIH1792_LUNG,0.7356250286102295,0.7239851865682516,X_pca,True
afatinib,NCIH1944_LUNG,0.648312509059906,0.7630048435955232,X_pca,True
afatinib,NCIH2087_LUNG,0.5962562561035156,0.6484167755466618,X_pca,True
afatinib,NCIH2110_LUNG,0.6371250152587891,0.6772326381062742,X_pca,True
afatinib,NCIH2126_LUNG,0.7491428852081299,0.6506984972141006,X_pca,True
afatinib,NCIH2170_LUNG,0.4127500057220459,0.6464056200544599,X_pca,True
afatinib,NCIH2228_LUNG,0.5936499834060669,0.6397395924911187,X_pca,True
afatinib,NCIH2444_LUNG,1.100000023841858,0.6607099641978992,X_pca,True
afatinib,NCIH2452_PLEURA,0.6032266616821289,0.7562485657438469,X_pca,True
afatinib,NCIH358_LUNG,0.4544466733932495,0.6312873296971832,X_pca,True
afatinib,NCIH460_LUNG,0.9790312647819519,0.7068344947115353,X_pca,True
afatinib,NCIH522_LUNG,0.5817937254905701,0.7067348501430109,X_pca,True
afatinib,NCIH650_LUNG,0.7299285531044006,0.765020448123397,X_pca,True
afatinib,NCIH747_LARGE_INTESTINE,0.4780312478542328,0.5995958223938942,X_pca,True
afatinib,OAW28_OVARY,0.6094218492507935,0.6840819838624563,X_pca,True
afatinib,OSRC2_KIDNEY,0.7542142868041992,0.7536105390578981,X_pca,True
afatinib,OUMS23_LARGE_INTESTINE,0.7694000005722046,0.7702994925953518,X_pca,True
afatinib,OVSAHO_OVARY,0.7030571699142456,0.7281759460066909,X_pca,True
afatinib,OVTOKO_OVARY,0.6664199829101562,0.6676501309472408,X_pca,True
afatinib,PANC0203_PANCREAS,0.7578750252723694,0.6291567758609183,X_pca,True
afatinib,PATU8988S_PANCREAS,0.6714375019073486,0.681336372724322,X_pca,True
afatinib,PC3_PROSTATE,0.7809374928474426,0.7017608207358411,X_pca,True
afatinib,PECAPJ49_UPPER_AERODIGESTIVE_TRACT,0.5472312569618225,0.45118179755045634,X_pca,True
afatinib,PK45H_PANCREAS,0.7161874771118164,0.7604551939946699,X_pca,True
afatinib,PK59_PANCREAS,0.6715624928474426,0.6743746670498245,X_pca,True
afatinib,RCC10RGB_KIDNEY,0.7647500038146973,0.7073222265734693,X_pca,True
afatinib,RCM1_LARGE_INTESTINE,0.7378749847412109,0.6282352842390537,X_pca,True
afatinib,RD_SOFT_TISSUE,0.6806874871253967,0.746366405852453,X_pca,True
afatinib,RERFLCAD1_LUNG,0.9696922898292542,0.6874799245178945,X_pca,True
afatinib,RERFLCAI_LUNG,0.9084615111351013,0.7149337848470221,X_pca,True
afatinib,RT4_URINARY_TRACT,0.5683500170707703,0.6374708987631887,X_pca,True
afatinib,RVH421_SKIN,0.6581875085830688,0.7034267114794903,X_pca,True
afatinib,SCC25_UPPER_AERODIGESTIVE_TRACT,0.23332500457763672,0.5228418428409338,X_pca,True
afatinib,SCC9_UPPER_AERODIGESTIVE_TRACT,0.483293741941452,0.6764440114247171,X_pca,True
afatinib,SH10TC_STOMACH,0.7716875076293945,0.7922899534559658,X_pca,True
afatinib,SKES1_BONE,0.6918125152587891,0.7496162456470531,X_pca,True
afatinib,SKMEL2_SKIN,0.7366874814033508,0.7691833437352941,X_pca,True
afatinib,SKMEL3_SKIN,0.7950624823570251,0.7459409823737193,X_pca,True
afatinib,SKNAS_AUTONOMIC_GANGLIA,0.6861875057220459,0.7307040419726245,X_pca,True
afatinib,SNU1079_BILIARY_TRACT,0.29893332719802856,0.7610994716213174,X_pca,True
afatinib,SNU308_BILIARY_TRACT,0.7046384811401367,0.607078917483066,X_pca,True
afatinib,SNU449_LIVER,0.7425000071525574,0.755986233340933,X_pca,True
afatinib,SNU46_UPPER_AERODIGESTIVE_TRACT,0.8281538486480713,0.6767903733051429,X_pca,True
afatinib,SNU738_CENTRAL_NERVOUS_SYSTEM,0.7675625085830688,0.7737069883258487,X_pca,True
afatinib,SNU899_UPPER_AERODIGESTIVE_TRACT,0.8895384669303894,0.48384214740201653,X_pca,True
afatinib,SNUC4_LARGE_INTESTINE,0.5654312372207642,0.7572959879736318,X_pca,True
afatinib,SQ1_LUNG,0.5305250287055969,0.724190693442561,X_pca,True
afatinib,SW1088_CENTRAL_NERVOUS_SYSTEM,0.7102500200271606,0.6867203563451767,X_pca,True
afatinib,SW1271_LUNG,0.74657142162323,0.8445506883704144,X_pca,True
afatinib,SW1990_PANCREAS,0.6754375100135803,0.6990159171411968,X_pca,True
afatinib,SW579_THYROID,0.679562509059906,0.7163321842795692,X_pca,True
afatinib,T47D_BREAST,0.710562527179718,0.7424362850674676,X_pca,True
afatinib,TCCSUP_URINARY_TRACT,0.9133076667785645,0.7550119018252892,X_pca,True
afatinib,TE10_OESOPHAGUS,0.7143615484237671,0.7016552264831927,X_pca,True
afatinib,TE14_OESOPHAGUS,0.4214499890804291,0.6738338616326891,X_pca,True
afatinib,TE1_OESOPHAGUS,0.6724374890327454,0.6691761378524372,X_pca,True
afatinib,TE6_OESOPHAGUS,0.6680600047111511,0.6849872007452208,X_pca,True
afatinib,TE9_OESOPHAGUS,0.881615400314331,0.5872162197145724,X_pca,True
afatinib,TM31_CENTRAL_NERVOUS_SYSTEM,0.7508749961853027,0.7342871078129473,X_pca,True
afatinib,TOV21G_OVARY,0.7835000157356262,0.727181453978429,X_pca,True
afatinib,TYKNU_OVARY,0.7437142729759216,0.7601609235135918,X_pca,True
afatinib,U118MG_CENTRAL_NERVOUS_SYSTEM,0.7283124923706055,0.7097690208036391,X_pca,True
afatinib,UACC257_SKIN,0.7302500009536743,0.7250586413938132,X_pca,True
afatinib,UMUC1_URINARY_TRACT,0.7469375133514404,0.5968871500891477,X_pca,True
afatinib,VMCUB1_URINARY_TRACT,0.5144733190536499,0.5955584773708088,X_pca,True
afatinib,VMRCRCZ_KIDNEY,0.734000027179718,0.7031120918194453,X_pca,True
afatinib,YD38_UPPER_AERODIGESTIVE_TRACT,0.37678462266921997,0.558955194380803,X_pca,True
afatinib,ZR751_BREAST,0.7263333201408386,0.7062060499268442,X_pca,True
topotecan,42MGBA_CENTRAL_NERVOUS_SYSTEM,0.4824312627315521,0.5749095496523795,X_pca,True
topotecan,8305C_THYROID,0.6244562268257141,0.6001606155714438,X_pca,True
topotecan,A204_SOFT_TISSUE,0.3839312493801117,0.635337872505188,X_pca,True
topotecan,A2058_SKIN,0.5907874703407288,0.6773471392336345,X_pca,True
topotecan,A375_SKIN,0.5974317193031311,0.6616693398401668,X_pca,True
topotecan,ACCMESO1_PLEURA,0.8691874742507935,0.6270128319292892,X_pca,True
topotecan,ASPC1_PANCREAS,0.7066875100135803,0.7742173092118625,X_pca,True
topotecan,BCPAP_THYROID,0.55673748254776,0.6323707660562113,X_pca,True
topotecan,BFTC909_KIDNEY,0.6002500057220459,0.5922983057580712,X_pca,True
topotecan,BHY_UPPER_AERODIGESTIVE_TRACT,0.5655437707901001,0.6289769604288299,X_pca,True
topotecan,BICR31_UPPER_AERODIGESTIVE_TRACT,0.6766250133514404,0.5458373112543937,X_pca,True
topotecan,BICR56_UPPER_AERODIGESTIVE_TRACT,0.49480000138282776,0.5677611217086698,X_pca,True
topotecan,BICR6_UPPER_AERODIGESTIVE_TRACT,0.5265937447547913,0.6208136681910161,X_pca,True
topotecan,BT474_BREAST,0.8801249861717224,0.6689002737998963,X_pca,True
topotecan,BT549_BREAST,0.5204312205314636,0.5664690750882142,X_pca,True
topotecan,CAKI2_KIDNEY,0.8848749995231628,0.6667404059025881,X_pca,True
topotecan,CALU6_LUNG,0.8381428718566895,0.5908886169971421,X_pca,True
topotecan,CAMA1_BREAST,0.6763749718666077,0.7134280725033423,X_pca,True
topotecan,CAS1_CENTRAL_NERVOUS_SYSTEM,0.5934500098228455,0.5886322233013641,X_pca,True
topotecan,CCFSTTG1_CENTRAL_NERVOUS_SYSTEM,0.8444374799728394,0.6208333576597819,X_pca,True
topotecan,COLO680N_OESOPHAGUS,0.6808750033378601,0.6323122826634584,X_pca,True
topotecan,COLO741_SKIN,0.7103750109672546,0.6177585452885613,X_pca,True
topotecan,COLO792_SKIN,0.7352499961853027,0.7411418755116058,X_pca,True
topotecan,COV434_OVARY,0.422893762588501,0.6419178159399466,X_pca,True
topotecan,DANG_PANCREAS,0.6154312491416931,0.6894771044070904,X_pca,True
topotecan,DAOY_CENTRAL_NERVOUS_SYSTEM,0.4267125129699707,0.5461827627916778,X_pca,True
topotecan,DETROIT562_UPPER_AERODIGESTIVE_TRACT,0.573912501335144,0.5960712564503489,X_pca,True
topotecan,DKMG_CENTRAL_NERVOUS_SYSTEM,0.5956875085830688,0.5721342322791194,X_pca,True
topotecan,EBC1_LUNG,0.4879642724990845,0.811290386223024,X_pca,True
topotecan,EFE184_ENDOMETRIUM,0.7967857122421265,0.7643044486988423,X_pca,True
topotecan,EKVX_LUNG,0.8255624771118164,0.6186139518267488,X_pca,True
topotecan,FTC133_THYROID,0.45239999890327454,0.6786224939993449,X_pca,True
topotecan,GOS3_CENTRAL_NERVOUS_SYSTEM,0.6502500176429749,0.661278885852604,X_pca,True
topotecan,HCC1428_BREAST,0.6800000071525574,0.7423345230695769,X_pca,True
topotecan,HCC366_LUNG,0.5889624953269958,0.687568201286958,X_pca,True
topotecan,HCC38_BREAST,0.4955874979496002,0.6497280210256576,X_pca,True
topotecan,HCC56_LARGE_INTESTINE,0.6336249709129333,0.7733015941851067,X_pca,True
topotecan,HDQP1_BREAST,0.7838000059127808,0.7339675100520253,X_pca,True
topotecan,HEC151_ENDOMETRIUM,0.6496642827987671,0.6776816713809967,X_pca,True
topotecan,HEC251_ENDOMETRIUM,0.7348750233650208,0.6654566526412964,X_pca,True
topotecan,HEC6_ENDOMETRIUM,0.5860937237739563,0.6666611755116386,X_pca,True
topotecan,HEP3B217_LIVER,0.7630000114440918,0.7502004024335893,X_pca,True
topotecan,HMC18_BREAST,0.6307500004768372,0.5960979758676002,X_pca,True
topotecan,HOS_BONE,0.5432437658309937,0.5598793464776834,X_pca,True
topotecan,HS852T_SKIN,0.6981714367866516,0.5747729041326193,X_pca,True
topotecan,HT1080_SOFT_TISSUE,0.47289374470710754,0.5554097651742226,X_pca,True
topotecan,HT1197_URINARY_TRACT,1.100000023841858,0.6574363184941782,X_pca,True
topotecan,HT55_LARGE_INTESTINE,0.8721428513526917,0.6811757477538846,X_pca,True
topotecan,HUH6_LIVER,0.9066428542137146,0.7610676066409907,X_pca,True
topotecan,HUPT3_PANCREAS,0.7263333201408386,0.6503436482127976,X_pca,True
topotecan,HUPT4_PANCREAS,0.4790000021457672,0.6542527452111244,X_pca,True
topotecan,IALM_LUNG,0.6579375267028809,0.6311729908544824,X_pca,True
topotecan,IGR1_SKIN,0.6289374828338623,0.5658797796019193,X_pca,True
topotecan,IGR37_SKIN,0.43639373779296875,0.6928103339431608,X_pca,True
topotecan,IM95_STOMACH,0.58017498254776,0.6369339362995045,X_pca,True
topotecan,JHH6_LIVER,0.7374374866485596,0.6000897459034781,X_pca,True
topotecan,JHOC5_OVARY,0.533118724822998,0.6424731061376374,X_pca,True
topotecan,KALS1_CENTRAL_NERVOUS_SYSTEM,0.7300000190734863,0.6173797943111923,X_pca,True
topotecan,KMRC3_KIDNEY,0.6220124959945679,0.758639301329243,X_pca,True
topotecan,KNS42_CENTRAL_NERVOUS_SYSTEM,0.7867500185966492,0.6547950527002645,X_pca,True
topotecan,KPNSI9S_AUTONOMIC_GANGLIA,0.4430437386035919,0.5239696084528931,X_pca,True
topotecan,KYSE520_OESOPHAGUS,0.781000018119812,0.6174067360328817,X_pca,True
topotecan,LI7_LIVER,0.4829375147819519,0.6912076625288749,X_pca,True
topotecan,LMSU_STOMACH,0.5675812363624573,0.5051880774544735,X_pca,True
topotecan,LNCAPCLONEFGC_PROSTATE,0.44163748621940613,0.6080008075218792,X_pca,True
topotecan,LS1034_LARGE_INTESTINE,0.5596625208854675,0.7294803890463424,X_pca,True
topotecan,LS180_LARGE_INTESTINE,0.5135999917984009,0.6371785126564575,X_pca,True
topotecan,MCF7_BREAST,0.7710000276565552,0.7769760381091725,X_pca,True
topotecan,MDAMB361_BREAST,0.6901249885559082,0.6546708305676778,X_pca,True
topotecan,MFE319_ENDOMETRIUM,0.7285624742507935,0.5796155764170342,X_pca,True
topotecan,MKN45_STOMACH,0.819266676902771,0.6307360752154205,X_pca,True
topotecan,MKN7_STOMACH,0.5615875124931335,0.8117199882056362,X_pca,True
topotecan,MSTO211H_PLEURA,0.3930937647819519,0.5804832340892316,X_pca,True
topotecan,NCIH1299_LUNG,0.6955416798591614,0.5877220045761222,X_pca,True
topotecan,NCIH1373_LUNG,0.7292500138282776,0.6107126863264456,X_pca,True
topotecan,NCIH1435_LUNG,0.7540714144706726,0.7982945835099238,X_pca,True
topotecan,NCIH1792_LUNG,0.7751874923706055,0.5568600404369939,X_pca,True
topotecan,NCIH1944_LUNG,0.5601000189781189,0.7277115191814404,X_pca,True
topotecan,NCIH2087_LUNG,0.3973124921321869,0.6004273521301409,X_pca,True
topotecan,NCIH2110_LUNG,0.5468875169754028,0.6933563957561799,X_pca,True
topotecan,NCIH2126_LUNG,0.8023571372032166,0.6264059387824752,X_pca,True
topotecan,NCIH2170_LUNG,0.40824374556541443,0.5941369189342982,X_pca,True
topotecan,NCIH2228_LUNG,0.38759374618530273,0.5888626551108399,X_pca,True
topotecan,NCIH226_LUNG,0.4896399974822998,0.6078257253829469,X_pca,True
topotecan,NCIH2444_LUNG,0.7920666933059692,0.6557315492428808,X_pca,True
topotecan,NCIH2452_PLEURA,0.4097062647342682,0.5906252501511663,X_pca,True
topotecan,NCIH358_LUNG,0.5368437767028809,0.62589933155548,X_pca,True
topotecan,NCIH446_LUNG,0.4517187476158142,0.5489386852298465,X_pca,True
topotecan,NCIH460_LUNG,0.6234406232833862,0.5524441765414344,X_pca,True
topotecan,NCIH522_LUNG,0.4971562623977661,0.5736791610431212,X_pca,True
topotecan,NCIH650_LUNG,0.6185125112533569,0.6351314149659498,X_pca,True
topotecan,NCIH747_LARGE_INTESTINE,0.5101125240325928,0.7806269608438015,X_pca,True
topotecan,OAW28_OVARY,0.7955648899078369,0.696657343310599,X_pca,True
topotecan,OSRC2_KIDNEY,0.6897500157356262,0.6874773190135047,X_pca,True
topotecan,OUMS23_LARGE_INTESTINE,0.7746250033378601,0.7207347934491166,X_pca,True
topotecan,OVK18_OVARY,0.6498857140541077,0.5568458951925963,X_pca,True
topotecan,OVSAHO_OVARY,0.7563124895095825,0.6148883235612105,X_pca,True
topotecan,OVTOKO_OVARY,0.6408125162124634,0.736151988426464,X_pca,True
topotecan,PANC0203_PANCREAS,1.100000023841858,0.6610944202766117,X_pca,True
topotecan,PATU8988S_PANCREAS,0.4374125003814697,0.7490608369717833,X_pca,True
topotecan,PC3_PROSTATE,0.6433749794960022,0.6379661762855462,X_pca,True
topotecan,PECAPJ49_UPPER_AERODIGESTIVE_TRACT,0.4322749972343445,0.616905167551324,X_pca,True
topotecan,PK45H_PANCREAS,0.7463750243186951,0.6226186710530102,X_pca,True
topotecan,PK59_PANCREAS,0.8214285969734192,0.7212691930518753,X_pca,True
topotecan,RCC10RGB_KIDNEY,0.8304374814033508,0.6310050899378732,X_pca,True
topotecan,RCM1_LARGE_INTESTINE,0.6254374980926514,0.6629252145066857,X_pca,True
topotecan,RD_SOFT_TISSUE,0.5950062274932861,0.5926586383832368,X_pca,True
topotecan,RERFLCAD1_LUNG,0.8059999942779541,0.6212956049314742,X_pca,True
topotecan,RERFLCAI_LUNG,0.45653125643730164,0.6605265218652248,X_pca,True
topotecan,RT4_URINARY_TRACT,0.6769142746925354,0.5976727947873889,X_pca,True
topotecan,RVH421_SKIN,0.6141124963760376,0.6819881437712634,X_pca,True
topotecan,SCC25_UPPER_AERODIGESTIVE_TRACT,0.5507749915122986,0.5547934863177068,X_pca,True
topotecan,SCC9_UPPER_AERODIGESTIVE_TRACT,0.5902937650680542,0.5208721867987984,X_pca,True
topotecan,SH10TC_STOMACH,0.648187518119812,0.6761046425569431,X_pca,True
topotecan,SKES1_BONE,0.1774437427520752,0.5320741458908542,X_pca,True
topotecan,SKMEL30_SKIN,0.8722142577171326,0.6589018081132818,X_pca,True
topotecan,SKMEL3_SKIN,0.6416875123977661,0.6280795618430856,X_pca,True
topotecan,SKMEL5_SKIN,0.640328586101532,0.6584076148893697,X_pca,True
topotecan,SKNAS_AUTONOMIC_GANGLIA,0.5305625200271606,0.5610628203216907,X_pca,True
topotecan,SNU1079_BILIARY_TRACT,0.6266250014305115,0.5855808678555162,X_pca,True
topotecan,SNU1214_UPPER_AERODIGESTIVE_TRACT,0.6539375185966492,0.634810688964864,X_pca,True
topotecan,SNU308_BILIARY_TRACT,0.7105000019073486,0.6389348640086803,X_pca,True
topotecan,SNU423_LIVER,0.6836875081062317,0.6483539081407044,X_pca,True
topotecan,SNU449_LIVER,0.6822500228881836,0.6583727610872147,X_pca,True
topotecan,SNU46_UPPER_AERODIGESTIVE_TRACT,0.6648749709129333,0.6026363643044133,X_pca,True
topotecan,SNU899_UPPER_AERODIGESTIVE_TRACT,0.6890000104904175,0.5567562328763755,X_pca,True
topotecan,SNUC4_LARGE_INTESTINE,0.7204375267028809,0.541479309442467,X_pca,True
topotecan,SQ1_LUNG,0.6750500202178955,0.7430349102541178,X_pca,True
topotecan,SU8686_PANCREAS,0.5922866463661194,0.7002039195560827,X_pca,True
topotecan,SW1088_CENTRAL_NERVOUS_SYSTEM,0.7542142868041992,0.5999066890217364,X_pca,True
topotecan,SW1271_LUNG,0.4592125117778778,0.5997616646082505,X_pca,True
topotecan,SW1990_PANCREAS,0.5721625089645386,0.6686546800579233,X_pca,True
topotecan,SW579_THYROID,0.37169376015663147,0.5249258281173794,X_pca,True
topotecan,T47D_BREAST,0.6505625247955322,0.7704574309323169,X_pca,True
topotecan,TCCSUP_URINARY_TRACT,0.6418125033378601,0.6331009753519976,X_pca,True
topotecan,TE10_OESOPHAGUS,0.6285625100135803,0.6737841389494944,X_pca,True
topotecan,TE14_OESOPHAGUS,0.5445687770843506,0.6457377439561273,X_pca,True
topotecan,TE1_OESOPHAGUS,0.7959285974502563,0.6619171867671522,X_pca,True
topotecan,TE6_OESOPHAGUS,0.793571412563324,0.5953692471483442,X_pca,True
topotecan,TE9_OESOPHAGUS,0.6238999962806702,0.6454852362794261,X_pca,True
topotecan,TM31_CENTRAL_NERVOUS_SYSTEM,0.6638749837875366,0.6478976268192818,X_pca,True
topotecan,TYKNU_OVARY,0.5335857272148132,0.61730406834529,X_pca,True
topotecan,U118MG_CENTRAL_NERVOUS_SYSTEM,0.6445624828338623,0.551826830648008,X_pca,True
topotecan,UACC257_SKIN,0.6057687401771545,0.7367232419456897,X_pca,True
topotecan,UMUC1_URINARY_TRACT,0.5152937769889832,0.6636036507369298,X_pca,True
topotecan,VMCUB1_URINARY_TRACT,0.5999937653541565,0.5980758832837747,X_pca,True
topotecan,VMRCRCZ_KIDNEY,0.6793749928474426,0.650273500084877,X_pca,True
topotecan,YD38_UPPER_AERODIGESTIVE_TRACT,0.6243812441825867,0.5978302369133021,X_pca,True
topotecan,ZR751_BREAST,0.7781538367271423,0.7185492558000929,X_pca,True
tanespimycin,42MGBA_CENTRAL_NERVOUS_SYSTEM,0.3489750027656555,0.6606033007725786,X_pca,True
tanespimycin,8305C_THYROID,0.6222875118255615,0.6897914278481261,X_pca,True
tanespimycin,A204_SOFT_TISSUE,0.4463062584400177,0.736197450876236,X_pca,True
tanespimycin,A2058_SKIN,0.6646875143051147,0.7834062653333962,X_pca,True
tanespimycin,A375_SKIN,0.8015375137329102,0.7313358292209761,X_pca,True
tanespimycin,ACCMESO1_PLEURA,0.692312479019165,0.7717329524917367,X_pca,True
tanespimycin,ASPC1_PANCREAS,0.652468740940094,0.6878841040463283,X_pca,True
tanespimycin,BCPAP_THYROID,0.7262499928474426,0.773914569302609,X_pca,True
tanespimycin,BFTC909_KIDNEY,0.6109687685966492,0.7152043028997557,X_pca,True
tanespimycin,BHY_UPPER_AERODIGESTIVE_TRACT,0.5404937267303467,0.6708879314619919,X_pca,True
tanespimycin,BICR31_UPPER_AERODIGESTIVE_TRACT,0.6745625138282776,0.6435728814573057,X_pca,True
tanespimycin,BICR56_UPPER_AERODIGESTIVE_TRACT,0.6386874914169312,0.554129308388557,X_pca,True
tanespimycin,BICR6_UPPER_AERODIGESTIVE_TRACT,0.6154062747955322,0.6658806851902208,X_pca,True
tanespimycin,BT474_BREAST,0.6648749709129333,0.7818056464195251,X_pca,True
tanespimycin,BT549_BREAST,0.7762500047683716,0.676427171642619,X_pca,True
tanespimycin,CAKI2_KIDNEY,0.8253750205039978,0.7020489071770538,X_pca,True
tanespimycin,CALU6_LUNG,0.7658125162124634,0.7187252028505932,X_pca,True
tanespimycin,CAMA1_BREAST,0.7626000046730042,0.7492605916822899,X_pca,True
tanespimycin,CAS1_CENTRAL_NERVOUS_SYSTEM,0.8560666441917419,0.6739951461777651,X_pca,True
tanespimycin,CCFSTTG1_CENTRAL_NERVOUS_SYSTEM,0.5401156544685364,0.6645618626257268,X_pca,True
tanespimycin,COLO680N_OESOPHAGUS,0.7543749809265137,0.6092263552472422,X_pca,True
tanespimycin,COLO741_SKIN,0.8259375095367432,0.7409655462644745,X_pca,True
tanespimycin,COLO792_SKIN,0.42531874775886536,0.793995723733163,X_pca,True
tanespimycin,COV434_OVARY,0.5987125039100647,0.7436772666194222,X_pca,True
tanespimycin,DANG_PANCREAS,0.553725004196167,0.7452388280755157,X_pca,True
tanespimycin,DAOY_CENTRAL_NERVOUS_SYSTEM,0.8758461475372314,0.7015883118656606,X_pca,True
tanespimycin,DETROIT562_UPPER_AERODIGESTIVE_TRACT,0.7839230895042419,0.634976870443192,X_pca,True
tanespimycin,DKMG_CENTRAL_NERVOUS_SYSTEM,0.715749979019165,0.619956472263125,X_pca,True
tanespimycin,EBC1_LUNG,0.4689062535762787,0.8275555795238864,X_pca,True
tanespimycin,EFE184_ENDOMETRIUM,0.7873749732971191,0.8875477889249491,X_pca,True
tanespimycin,EKVX_LUNG,0.7046874761581421,0.6972364913927366,X_pca,True
tanespimycin,FTC133_THYROID,0.8738750219345093,0.7768458647387368,X_pca,True
tanespimycin,GOS3_CENTRAL_NERVOUS_SYSTEM,0.7091875076293945,0.7025378717801958,X_pca,True
tanespimycin,HCC1428_BREAST,0.7291250228881836,0.7054370801279864,X_pca,True
tanespimycin,HCC366_LUNG,0.7491875290870667,0.7505983226370103,X_pca,True
tanespimycin,HCC38_BREAST,0.4781624972820282,0.6666056537628173,X_pca,True
tanespimycin,HCC56_LARGE_INTESTINE,0.7376875281333923,0.7064795120797976,X_pca,True
tanespimycin,HDQP1_BREAST,0.6328125,0.7719122441485524,X_pca,True
tanespimycin,HEC151_ENDOMETRIUM,0.6633124947547913,0.7689053115844726,X_pca,True
tanespimycin,HEC251_ENDOMETRIUM,0.9295833110809326,0.7153643046584085,X_pca,True
tanespimycin,HEC6_ENDOMETRIUM,0.9943076968193054,0.7586018979919623,X_pca,True
tanespimycin,HEP3B217_LIVER,0.8781538605690002,0.665595344567703,X_pca,True
tanespimycin,HMC18_BREAST,0.7940769195556641,0.6477449849603932,X_pca,True
tanespimycin,HOS_BONE,0.7524374723434448,0.6714699821247841,X_pca,True
tanespimycin,HS852T_SKIN,0.5985562205314636,0.6345952782366011,X_pca,True
tanespimycin,HT1080_SOFT_TISSUE,0.6940000057220459,0.647912895725679,X_pca,True
tanespimycin,HT1197_URINARY_TRACT,1.0726125240325928,0.6831645740045084,X_pca,True
tanespimycin,HT55_LARGE_INTESTINE,0.6095874905586243,0.7242685607259307,X_pca,True
tanespimycin,HUH6_LIVER,0.6742500066757202,0.7426776372822079,X_pca,True
tanespimycin,HUPT3_PANCREAS,0.7627500295639038,0.6523125399561489,X_pca,True
tanespimycin,HUPT4_PANCREAS,0.6071187257766724,0.6823817853416715,X_pca,True
tanespimycin,IALM_LUNG,0.874625027179718,0.7784430417955291,X_pca,True
tanespimycin,IGR1_SKIN,0.7276250123977661,0.7240896379536595,X_pca,True
tanespimycin,IGR37_SKIN,0.8250625133514404,0.8355473238727888,X_pca,True
tanespimycin,IM95_STOMACH,0.4435562491416931,0.8111757300995491,X_pca,True
tanespimycin,JHH6_LIVER,1.020937442779541,0.5961450218286329,X_pca,True
tanespimycin,JHOC5_OVARY,0.9363846182823181,0.7490694913370856,X_pca,True
tanespimycin,KALS1_CENTRAL_NERVOUS_SYSTEM,0.6919375061988831,0.6961299526608653,X_pca,True
tanespimycin,KNS42_CENTRAL_NERVOUS_SYSTEM,0.7885624766349792,0.7472868738479392,X_pca,True
tanespimycin,KPNSI9S_AUTONOMIC_GANGLIA,0.47176873683929443,0.7281290311221928,X_pca,True
tanespimycin,KYSE520_OESOPHAGUS,0.6211249828338623,0.6558811868491926,X_pca,True
tanespimycin,LI7_LIVER,0.5153124928474426,0.8190130278164026,X_pca,True
tanespimycin,LMSU_STOMACH,0.7879375219345093,0.577405616348865,X_pca,True
tanespimycin,LNCAPCLONEFGC_PROSTATE,0.5700562596321106,0.73316100170446,X_pca,True
tanespimycin,LS1034_LARGE_INTESTINE,0.7318124771118164,0.6332207848764446,X_pca,True
tanespimycin,LS180_LARGE_INTESTINE,0.8691666722297668,0.6837964886773656,X_pca,True
tanespimycin,MCF7_BREAST,0.9610769152641296,0.6434408284567453,X_pca,True
tanespimycin,MDAMB361_BREAST,0.24018749594688416,0.7306931840048896,X_pca,True
tanespimycin,MFE319_ENDOMETRIUM,0.7928125262260437,0.7744392181566249,X_pca,True
tanespimycin,MKN45_STOMACH,0.9777857065200806,0.658800249887725,X_pca,True
tanespimycin,MKN7_STOMACH,0.9107499718666077,0.7316342197185339,X_pca,True
tanespimycin,MSTO211H_PLEURA,0.6588125228881836,0.7082198226090634,X_pca,True
tanespimycin,NCIH1299_LUNG,0.7682948708534241,0.7854014382826702,X_pca,True
tanespimycin,NCIH1373_LUNG,0.7143124938011169,0.6375011321974964,X_pca,True
tanespimycin,NCIH1435_LUNG,0.5564437508583069,0.7456392701645469,X_pca,True
tanespimycin,NCIH1792_LUNG,0.7088750004768372,0.6551425279797735,X_pca,True
tanespimycin,NCIH1944_LUNG,0.4636562466621399,0.7494752245824694,X_pca,True
tanespimycin,NCIH2087_LUNG,0.5585062503814697,0.7027372872992738,X_pca,True
tanespimycin,NCIH2110_LUNG,0.5435187220573425,0.7353929319872928,X_pca,True
tanespimycin,NCIH2126_LUNG,0.7841874957084656,0.6261551761717508,X_pca,True
tanespimycin,NCIH2170_LUNG,0.6006625294685364,0.6369138498541335,X_pca,True
tanespimycin,NCIH2228_LUNG,0.687125027179718,0.626157201928079,X_pca,True
tanespimycin,NCIH226_LUNG,0.8980000019073486,0.6666550529764054,X_pca,True
tanespimycin,NCIH2444_LUNG,0.9904999732971191,0.6784215520454359,X_pca,True
tanespimycin,NCIH2452_PLEURA,0.672249972820282,0.7383872544233684,X_pca,True
tanespimycin,NCIH358_LUNG,0.632562518119812,0.6406639186399323,X_pca,True
tanespimycin,NCIH446_LUNG,0.832937479019165,0.7062823267615571,X_pca,True
tanespimycin,NCIH460_LUNG,0.8234062790870667,0.6979454237357975,X_pca,True
tanespimycin,NCIH522_LUNG,0.5172312259674072,0.6827442760650928,X_pca,True
tanespimycin,NCIH650_LUNG,0.7462666630744934,0.7587884673333256,X_pca,True
tanespimycin,NCIH747_LARGE_INTESTINE,0.5069437623023987,0.7546107567846775,X_pca,True
tanespimycin,OAW28_OVARY,0.8623124957084656,0.807814271553703,X_pca,True
tanespimycin,OSRC2_KIDNEY,0.7811333537101746,0.7838298593248639,X_pca,True
tanespimycin,OUMS23_LARGE_INTESTINE,0.6698750257492065,0.7665883870882408,X_pca,True
tanespimycin,OVK18_OVARY,0.604562520980835,0.6941640152690116,X_pca,True
tanespimycin,OVSAHO_OVARY,1.100000023841858,0.7595379809450998,X_pca,True
tanespimycin,OVTOKO_OVARY,0.7988749742507935,0.7180283283502862,X_pca,True
tanespimycin,PANC0203_PANCREAS,0.6628124713897705,0.6794302743885356,X_pca,True
tanespimycin,PATU8988S_PANCREAS,0.4918749928474426,0.7463561631128436,X_pca,True
tanespimycin,PC3_PROSTATE,0.8475624918937683,0.6969777782993204,X_pca,True
tanespimycin,PECAPJ49_UPPER_AERODIGESTIVE_TRACT,0.5185999870300293,0.618214367934973,X_pca,True
tanespimycin,PK45H_PANCREAS,0.6283125281333923,0.71635639931443,X_pca,True
tanespimycin,PK59_PANCREAS,0.6604999899864197,0.706889278929809,X_pca,True
tanespimycin,RCC10RGB_KIDNEY,0.9368125200271606,0.7492243885482329,X_pca,True
tanespimycin,RCM1_LARGE_INTESTINE,0.6693750023841858,0.7069680993445218,X_pca,True
tanespimycin,RD_SOFT_TISSUE,0.5480437278747559,0.6506787428910705,X_pca,True
tanespimycin,RERFLCAD1_LUNG,1.100000023841858,0.6607345556035454,X_pca,True
tanespimycin,RERFLCAI_LUNG,0.6789307594299316,0.7206528557862398,X_pca,True
tanespimycin,RT4_URINARY_TRACT,0.5323062539100647,0.593013771300046,X_pca,True
tanespimycin,RVH421_SKIN,0.5869125127792358,0.6553124029766066,X_pca,True
tanespimycin,SCC25_UPPER_AERODIGESTIVE_TRACT,0.5654187202453613,0.5778697997597119,X_pca,True
tanespimycin,SCC9_UPPER_AERODIGESTIVE_TRACT,0.5529124736785889,0.659782376916785,X_pca,True
tanespimycin,SH10TC_STOMACH,0.7963125109672546,0.7472350757006566,X_pca,True
tanespimycin,SKES1_BONE,0.6551250219345093,0.6940958054511102,X_pca,True
tanespimycin,SKMEL2_SKIN,1.100000023841858,0.7631189885778703,X_pca,True
tanespimycin,SKMEL30_SKIN,0.8072500228881836,0.7234810862595231,X_pca,True
tanespimycin,SKMEL3_SKIN,0.9125000238418579,0.7450743065666907,X_pca,True
tanespimycin,SKMEL5_SKIN,0.9701250195503235,0.7477199421185837,X_pca,True
tanespimycin,SKNAS_AUTONOMIC_GANGLIA,0.7146250009536743,0.678568372420505,X_pca,True
tanespimycin,SNU308_BILIARY_TRACT,0.6531800031661987,0.6672251922018985,X_pca,True
tanespimycin,SNU423_LIVER,0.7153124809265137,0.7920009817154903,X_pca,True
tanespimycin,SNU449_LIVER,0.8074374794960022,0.7091634019892267,X_pca,True
tanespimycin,SNU46_UPPER_AERODIGESTIVE_TRACT,0.8230769038200378,0.6865707842980401,X_pca,True
tanespimycin,SNU899_UPPER_AERODIGESTIVE_TRACT,0.833142876625061,0.5966634075325655,X_pca,True
tanespimycin,SNUC4_LARGE_INTESTINE,0.7228749990463257,0.7619464930936662,X_pca,True
tanespimycin,SQ1_LUNG,0.7483124732971191,0.8187241839761493,X_pca,True
tanespimycin,SU8686_PANCREAS,0.6974375247955322,0.7349705419889311,X_pca,True
tanespimycin,SW1088_CENTRAL_NERVOUS_SYSTEM,0.6635624766349792,0.6053918525576591,X_pca,True
tanespimycin,SW1271_LUNG,0.7518125176429749,0.8856284701305887,X_pca,True
tanespimycin,SW1990_PANCREAS,0.44900625944137573,0.6829426707972921,X_pca,True
tanespimycin,SW579_THYROID,0.3460937440395355,0.5324157626123472,X_pca,True
tanespimycin,T47D_BREAST,0.7862499952316284,0.6796177560927102,X_pca,True
tanespimycin,TCCSUP_URINARY_TRACT,0.5720922946929932,0.7150132665528527,X_pca,True
tanespimycin,TE10_OESOPHAGUS,0.8199999928474426,0.6779679032765566,X_pca,True
tanespimycin,TE14_OESOPHAGUS,0.5828562378883362,0.6891354522373103,X_pca,True
tanespimycin,TE1_OESOPHAGUS,0.6157374978065491,0.6803062257257481,X_pca,True
tanespimycin,TE6_OESOPHAGUS,0.7295583486557007,0.7288560344281517,X_pca,True
tanespimycin,TE9_OESOPHAGUS,0.6953333616256714,0.6841526509773347,X_pca,True
tanespimycin,TM31_CENTRAL_NERVOUS_SYSTEM,0.7699999809265137,0.7348335385322571,X_pca,True
tanespimycin,TOV21G_OVARY,0.5481749773025513,0.7113695895085569,X_pca,True
tanespimycin,TYKNU_OVARY,0.618274986743927,0.7033097927386944,X_pca,True
tanespimycin,U118MG_CENTRAL_NERVOUS_SYSTEM,0.5535500049591064,0.5873402688102644,X_pca,True
tanespimycin,UACC257_SKIN,0.7028124928474426,0.7996054553586569,X_pca,True
tanespimycin,UMUC1_URINARY_TRACT,0.45500001311302185,0.6535943988616091,X_pca,True
tanespimycin,VMCUB1_URINARY_TRACT,0.5100812315940857,0.5987180553096109,X_pca,True
tanespimycin,VMRCRCZ_KIDNEY,0.8566874861717224,0.714314489364624,X_pca,True
tanespimycin,YD38_UPPER_AERODIGESTIVE_TRACT,0.6139400005340576,0.6059218246776324,X_pca,True
tanespimycin,ZR751_BREAST,0.6137687563896179,0.6484673578762313,X_pca,True
selumetinib,42MGBA_CENTRAL_NERVOUS_SYSTEM,0.8065000176429749,0.8290233944603835,X_pca,True
selumetinib,8305C_THYROID,0.6032000184059143,0.7621444616961843,X_pca,True
selumetinib,A204_SOFT_TISSUE,0.8006250262260437,0.7762818193435669,X_pca,True
selumetinib,A2058_SKIN,0.8422499895095825,0.6944347013827084,X_pca,True
selumetinib,A375_SKIN,0.7087970972061157,0.7473366597249577,X_pca,True
selumetinib,ACCMESO1_PLEURA,0.9237499833106995,0.7986756070160571,X_pca,True
selumetinib,ASPC1_PANCREAS,0.6440312266349792,0.6475305390769037,X_pca,True
selumetinib,BCPAP_THYROID,0.6666874885559082,0.7719970968993086,X_pca,True
selumetinib,BFTC909_KIDNEY,0.7706249952316284,0.8061559690963624,X_pca,True
selumetinib,BHY_UPPER_AERODIGESTIVE_TRACT,0.6620625257492065,0.7305488319232546,X_pca,True
selumetinib,BICR31_UPPER_AERODIGESTIVE_TRACT,0.6225000023841858,0.8202495305768905,X_pca,True
selumetinib,BICR56_UPPER_AERODIGESTIVE_TRACT,0.5396937727928162,0.6220546372142839,X_pca,True
selumetinib,BICR6_UPPER_AERODIGESTIVE_TRACT,0.7676874995231628,0.7394356887032102,X_pca,True
selumetinib,BT474_BREAST,0.9313750267028809,0.8880016112327576,X_pca,True
selumetinib,BT549_BREAST,0.8812500238418579,0.784930692131358,X_pca,True
selumetinib,CAKI2_KIDNEY,0.8274375200271606,0.813154067495744,X_pca,True
selumetinib,CALU6_LUNG,0.586593747138977,0.6884937840838765,X_pca,True
selumetinib,CAMA1_BREAST,0.9943845868110657,0.908632014215607,X_pca,True
selumetinib,CCFSTTG1_CENTRAL_NERVOUS_SYSTEM,0.9034374952316284,0.7969060326979412,X_pca,True
selumetinib,COLO680N_OESOPHAGUS,0.890250027179718,0.6765202116328033,X_pca,True
selumetinib,COLO741_SKIN,0.6525624990463257,0.6747757607680324,X_pca,True
selumetinib,COLO792_SKIN,0.4235124886035919,0.6306991907063445,X_pca,True
selumetinib,COV434_OVARY,0.7255625128746033,0.748299668458375,X_pca,True
selumetinib,DANG_PANCREAS,0.6629999876022339,0.7577425391523989,X_pca,True
selumetinib,DAOY_CENTRAL_NERVOUS_SYSTEM,0.8339999914169312,0.8144331860796836,X_pca,True
selumetinib,DETROIT562_UPPER_AERODIGESTIVE_TRACT,0.75471431016922,0.7535445229407468,X_pca,True
selumetinib,DKMG_CENTRAL_NERVOUS_SYSTEM,0.7899333238601685,0.8026755016668257,X_pca,True
selumetinib,EBC1_LUNG,0.48416250944137573,0.8211120572141422,X_pca,True
selumetinib,EFE184_ENDOMETRIUM,0.7796875238418579,0.7595239184623541,X_pca,True
selumetinib,EFM192A_BREAST,0.9111250042915344,0.7930202765149755,X_pca,True
selumetinib,EKVX_LUNG,0.5936750173568726,0.8476346571968026,X_pca,True
selumetinib,FTC133_THYROID,0.9069374799728394,0.7566936603614263,X_pca,True
selumetinib,GOS3_CENTRAL_NERVOUS_SYSTEM,0.8849375247955322,0.7803532606020024,X_pca,True
selumetinib,HCC1428_BREAST,0.9148125052452087,0.8729339237288227,X_pca,True
selumetinib,HCC366_LUNG,0.7403749823570251,0.7570947969313895,X_pca,True
selumetinib,HCC38_BREAST,0.8932499885559082,0.6949888619780541,X_pca,True
selumetinib,HCC56_LARGE_INTESTINE,0.5574749708175659,0.6659717023974717,X_pca,True
selumetinib,HDQP1_BREAST,0.7260000109672546,0.7735200980678201,X_pca,True
selumetinib,HEC151_ENDOMETRIUM,0.6777499914169312,0.814206770658493,X_pca,True
selumetinib,HEC251_ENDOMETRIUM,0.7746666669845581,0.6967186482153206,X_pca,True
selumetinib,HEC6_ENDOMETRIUM,0.8930666446685791,0.7954834366437071,X_pca,True
selumetinib,HEP3B217_LIVER,0.7966428399085999,0.6450842224945457,X_pca,True
selumetinib,HMC18_BREAST,0.46867498755455017,0.7520113739951072,X_pca,True
selumetinib,HOS_BONE,0.8993750214576721,0.7953901364230994,X_pca,True
selumetinib,HS852T_SKIN,1.0506428480148315,0.6879075589003386,X_pca,True
selumetinib,HT1080_SOFT_TISSUE,0.7483124732971191,0.7628806508326715,X_pca,True
selumetinib,HT1197_URINARY_TRACT,0.7081875205039978,0.8233986730511124,X_pca,True
selumetinib,HT55_LARGE_INTESTINE,0.5643312335014343,0.5967043193313183,X_pca,True
selumetinib,HUH6_LIVER,0.8653125166893005,0.8600820604513383,X_pca,True
selumetinib,HUPT3_PANCREAS,0.6821249723434448,0.7045439405038076,X_pca,True
selumetinib,HUPT4_PANCREAS,0.33681875467300415,0.6429892554879189,X_pca,True
selumetinib,IALM_LUNG,0.8384000062942505,0.7732936917624859,X_pca,True
selumetinib,IGR1_SKIN,0.6361874938011169,0.7044704625524324,X_pca,True
selumetinib,IGR37_SKIN,0.6019437313079834,0.634118670431269,X_pca,True
selumetinib,IM95_STOMACH,0.6588749885559082,0.7182854156236391,X_pca,True
selumetinib,JHH6_LIVER,0.9583749771118164,0.7168944648747305,X_pca,True
selumetinib,JHOC5_OVARY,0.8050000071525574,0.7416908153172197,X_pca,True
selumetinib,KALS1_CENTRAL_NERVOUS_SYSTEM,0.726937472820282,0.8511179486910502,X_pca,True
selumetinib,KMRC3_KIDNEY,0.8111249804496765,0.7898264831426193,X_pca,True
selumetinib,KNS42_CENTRAL_NERVOUS_SYSTEM,0.8861874938011169,0.793029994465584,X_pca,True
selumetinib,KPNSI9S_AUTONOMIC_GANGLIA,0.6092333197593689,0.7312051487523455,X_pca,True
selumetinib,KYSE520_OESOPHAGUS,0.8351250290870667,0.8376113069315813,X_pca,True
selumetinib,LI7_LIVER,0.5803375244140625,0.8175216444901058,X_pca,True
selumetinib,LMSU_STOMACH,0.854687511920929,0.7686565840945524,X_pca,True
selumetinib,LNCAPCLONEFGC_PROSTATE,0.9013124704360962,0.7565044843873312,X_pca,True
selumetinib,LS1034_LARGE_INTESTINE,0.6088266372680664,0.5980197413735193,X_pca,True
selumetinib,LS180_LARGE_INTESTINE,0.5187249779701233,0.7822717538830977,X_pca,True
selumetinib,MCF7_BREAST,1.0134615898132324,0.8191950575455086,X_pca,True
selumetinib,MDAMB361_BREAST,0.768875002861023,0.8646672743338125,X_pca,True
selumetinib,MFE319_ENDOMETRIUM,0.8321874737739563,0.7167877770219174,X_pca,True
selumetinib,MKN45_STOMACH,0.9134666919708252,0.7032051212706808,X_pca,True
selumetinib,MKN7_STOMACH,0.7876874804496765,0.8285102474597074,X_pca,True
selumetinib,MSTO211H_PLEURA,0.6730625033378601,0.8304925725516246,X_pca,True
selumetinib,NCIH1299_LUNG,0.6784541606903076,0.77424172415269,X_pca,True
selumetinib,NCIH1373_LUNG,0.7636874914169312,0.7098702563018333,X_pca,True
selumetinib,NCIH1435_LUNG,0.8004999756813049,0.7782712601097336,X_pca,True
selumetinib,NCIH1792_LUNG,0.620187520980835,0.7933714583113387,X_pca,True
selumetinib,NCIH1944_LUNG,0.6847500205039978,0.8224089460960333,X_pca,True
selumetinib,NCIH2087_LUNG,0.35545626282691956,0.7690991996085808,X_pca,True
selumetinib,NCIH2110_LUNG,0.7748125195503235,0.8241344666061688,X_pca,True
selumetinib,NCIH2126_LUNG,0.867062509059906,0.8620833799694524,X_pca,True
selumetinib,NCIH2170_LUNG,0.9277499914169312,0.7788721931652284,X_pca,True
selumetinib,NCIH2228_LUNG,0.8732500076293945,0.7267025957640251,X_pca,True
selumetinib,NCIH226_LUNG,1.100000023841858,0.8466031279969722,X_pca,True
selumetinib,NCIH2444_LUNG,0.9611666798591614,0.8040810234938995,X_pca,True
selumetinib,NCIH2452_PLEURA,1.0179166793823242,0.8948947120333249,X_pca,True
selumetinib,NCIH358_LUNG,0.4256812632083893,0.6145523914269039,X_pca,True
selumetinib,NCIH446_LUNG,0.9023749828338623,0.7783878190176827,X_pca,True
selumetinib,NCIH460_LUNG,0.8984687328338623,0.7746011086404679,X_pca,True
selumetinib,NCIH522_LUNG,0.7893750071525574,0.7780534120706412,X_pca,True
selumetinib,NCIH650_LUNG,1.0102307796478271,0.6955649613014446,X_pca,True
selumetinib,NCIH747_LARGE_INTESTINE,0.3356437385082245,0.728495616465807,X_pca,True
selumetinib,OAW28_OVARY,0.8170982003211975,0.7740270961885867,X_pca,True
selumetinib,OSRC2_KIDNEY,0.8983333110809326,0.8081377394615658,X_pca,True
selumetinib,OUMS23_LARGE_INTESTINE,0.9071249961853027,0.8327021827207548,X_pca,True
selumetinib,OVK18_OVARY,0.6022062301635742,0.7238745893655198,X_pca,True
selumetinib,OVSAHO_OVARY,0.7102000117301941,0.7589052933953407,X_pca,True
selumetinib,OVTOKO_OVARY,0.8697500228881836,0.8262444004487763,X_pca,True
selumetinib,PANC0203_PANCREAS,0.7014999985694885,0.6740708563167587,X_pca,True
selumetinib,PATU8988S_PANCREAS,0.6279374957084656,0.7321298598754601,X_pca,True
selumetinib,PC3_PROSTATE,0.9231874942779541,0.7418218822874261,X_pca,True
selumetinib,PECAPJ49_UPPER_AERODIGESTIVE_TRACT,0.7265625,0.6612201164854635,X_pca,True
selumetinib,PK45H_PANCREAS,0.6393133401870728,0.8011637050727197,X_pca,True
selumetinib,PK59_PANCREAS,0.6997500061988831,0.6938968903716953,X_pca,True
selumetinib,RCC10RGB_KIDNEY,0.8645333051681519,0.7667254836262551,X_pca,True
selumetinib,RCM1_LARGE_INTESTINE,0.8799333572387695,0.6294921957887709,X_pca,True
selumetinib,RD_SOFT_TISSUE,0.6237000226974487,0.7893258456526131,X_pca,True
selumetinib,RERFLCAD1_LUNG,0.9130666851997375,0.7068945591341812,X_pca,True
selumetinib,RERFLCAI_LUNG,0.7501875162124634,0.7854379839697172,X_pca,True
selumetinib,RT4_URINARY_TRACT,0.7279999852180481,0.6870052915699078,X_pca,True
selumetinib,RVH421_SKIN,0.5871437788009644,0.6252558404681074,X_pca,True
selumetinib,SCC25_UPPER_AERODIGESTIVE_TRACT,0.5891437530517578,0.6784538410952469,X_pca,True
selumetinib,SCC9_UPPER_AERODIGESTIVE_TRACT,0.776437520980835,0.7688602546641701,X_pca,True
selumetinib,SH10TC_STOMACH,0.9118124842643738,0.8119021149782034,X_pca,True
selumetinib,SKES1_BONE,0.9079999923706055,0.7834315692985451,X_pca,True
selumetinib,SKMEL2_SKIN,0.6932500004768372,0.6602998645841212,X_pca,True
selumetinib,SKMEL30_SKIN,0.41306251287460327,0.6327205559518452,X_pca,True
selumetinib,SKMEL3_SKIN,0.7112500071525574,0.6096677343869946,X_pca,True
selumetinib,SKMEL5_SKIN,0.6700624823570251,0.5938779352489947,X_pca,True
selumetinib,SKNAS_AUTONOMIC_GANGLIA,0.508899986743927,0.7211214926390521,X_pca,True
selumetinib,SNU1079_BILIARY_TRACT,0.39719998836517334,0.8803577480250842,X_pca,True
selumetinib,SNU1214_UPPER_AERODIGESTIVE_TRACT,0.8235999941825867,0.7125122952968517,X_pca,True
selumetinib,SNU308_BILIARY_TRACT,0.7462666630744934,0.7651082943094537,X_pca,True
selumetinib,SNU423_LIVER,0.8250625133514404,0.7863296045447296,X_pca,True
selumetinib,SNU449_LIVER,0.835812509059906,0.7218396120460321,X_pca,True
selumetinib,SNU46_UPPER_AERODIGESTIVE_TRACT,0.8291333317756653,0.7515304929624169,X_pca,True
selumetinib,SNU738_CENTRAL_NERVOUS_SYSTEM,0.8408125042915344,0.8704225617537084,X_pca,True
selumetinib,SNU899_UPPER_AERODIGESTIVE_TRACT,0.6703333258628845,0.6444524404514267,X_pca,True
selumetinib,SNUC4_LARGE_INTESTINE,0.8438125252723694,0.6379955289705918,X_pca,True
selumetinib,SU8686_PANCREAS,1.0130000114440918,0.7060879134550327,X_pca,True
selumetinib,SW1088_CENTRAL_NERVOUS_SYSTEM,0.8330000042915344,0.774958189111203,X_pca,True
selumetinib,SW1271_LUNG,0.6582666635513306,0.8923856584922127,X_pca,True
selumetinib,SW1990_PANCREAS,0.6225374937057495,0.6921521380592247,X_pca,True
selumetinib,SW579_THYROID,0.7591875195503235,0.8070138363244896,X_pca,True
selumetinib,T47D_BREAST,0.8500000238418579,0.9652849295560051,X_pca,True
selumetinib,TCCSUP_URINARY_TRACT,0.8083124756813049,0.8144534871548037,X_pca,True
selumetinib,TE10_OESOPHAGUS,0.8583750128746033,0.8481084783327634,X_pca,True
selumetinib,TE14_OESOPHAGUS,0.7149999737739563,0.8455562875743656,X_pca,True
selumetinib,TE1_OESOPHAGUS,0.8351874947547913,0.7744429233004746,X_pca,True
selumetinib,TE6_OESOPHAGUS,1.0752500295639038,0.8323350830000239,X_pca,True
selumetinib,TE9_OESOPHAGUS,0.946399986743927,0.7663394914519402,X_pca,True
selumetinib,TM31_CENTRAL_NERVOUS_SYSTEM,0.7680000066757202,0.7552869438097395,X_pca,True
selumetinib,TOV21G_OVARY,0.8794375061988831,0.7363077089434764,X_pca,True
selumetinib,TYKNU_OVARY,0.6258749961853027,0.6769129613525847,X_pca,True
selumetinib,U118MG_CENTRAL_NERVOUS_SYSTEM,0.9068750143051147,0.8167076025341378,X_pca,True
selumetinib,UACC257_SKIN,0.5460000038146973,0.5708768052286682,X_pca,True
selumetinib,UMUC1_URINARY_TRACT,0.5362874865531921,0.6835769130493784,X_pca,True
selumetinib,VMCUB1_URINARY_TRACT,0.5934687256813049,0.6148666322355989,X_pca,True
selumetinib,VMRCRCZ_KIDNEY,0.8119999766349792,0.8261804481347402,X_pca,True
selumetinib,ZR751_BREAST,1.0562857389450073,0.8038994237828795,X_pca,True
methotrexate,8305C_THYROID,0.7262666821479797,0.5114215157260562,X_scGPT,False
methotrexate,A204_SOFT_TISSUE,0.3458866775035858,0.5882055792808533,X_scGPT,False
methotrexate,A2058_SKIN,0.25962498784065247,0.578552152834782,X_scGPT,False
methotrexate,A375_SKIN,1.0450714826583862,0.5626636492261196,X_scGPT,False
methotrexate,ACCMESO1_PLEURA,0.9474666714668274,0.6358177095283697,X_scGPT,False
methotrexate,ASPC1_PANCREAS,0.6116874814033508,0.6029878024397225,X_scGPT,False
methotrexate,BCPAP_THYROID,0.8495333194732666,0.5276730280173453,X_scGPT,False
methotrexate,BFTC909_KIDNEY,0.431425005197525,0.5915189566272544,X_scGPT,False
methotrexate,BHY_UPPER_AERODIGESTIVE_TRACT,0.6834999918937683,0.6252309402515148,X_scGPT,False
methotrexate,BICR31_UPPER_AERODIGESTIVE_TRACT,0.9226874709129333,0.629141554957436,X_scGPT,False
methotrexate,BICR56_UPPER_AERODIGESTIVE_TRACT,0.9011250138282776,0.7696479816495636,X_scGPT,False
methotrexate,BICR6_UPPER_AERODIGESTIVE_TRACT,0.4948999881744385,0.5987251121681053,X_scGPT,False
methotrexate,BT474_BREAST,1.100000023841858,0.6632110557556152,X_scGPT,False
methotrexate,BT549_BREAST,0.6232874989509583,0.5073029102015316,X_scGPT,False
methotrexate,CAKI2_KIDNEY,0.8743749856948853,0.6872604605105284,X_scGPT,False
methotrexate,CALU6_LUNG,0.2991187572479248,0.5813346155161081,X_scGPT,False
methotrexate,CAMA1_BREAST,0.7552000284194946,0.7540908820440679,X_scGPT,False
methotrexate,CAS1_CENTRAL_NERVOUS_SYSTEM,0.6778749823570251,0.5526561557798457,X_scGPT,False
methotrexate,CCFSTTG1_CENTRAL_NERVOUS_SYSTEM,0.8128437399864197,0.566946667384326,X_scGPT,False
methotrexate,COLO680N_OESOPHAGUS,0.8660666942596436,0.6745254065748838,X_scGPT,False
methotrexate,COLO741_SKIN,0.6633750200271606,0.5249131659787477,X_scGPT,False
methotrexate,COLO792_SKIN,0.8918750286102295,0.6017295089155106,X_scGPT,False
methotrexate,DANG_PANCREAS,0.28526875376701355,0.6079233242915227,X_scGPT,False
methotrexate,DAOY_CENTRAL_NERVOUS_SYSTEM,0.34114375710487366,0.5303962897787738,X_scGPT,False
methotrexate,DETROIT562_UPPER_AERODIGESTIVE_TRACT,0.9947692155838013,0.6062838826442789,X_scGPT,False
methotrexate,DKMG_CENTRAL_NERVOUS_SYSTEM,0.3301437497138977,0.5528332742817728,X_scGPT,False
methotrexate,EBC1_LUNG,0.5336624979972839,0.5936392872564255,X_scGPT,False
methotrexate,EFE184_ENDOMETRIUM,0.6087750196456909,0.6518743329269941,X_scGPT,False
methotrexate,EFM192A_BREAST,0.6518750190734863,0.6676377385586232,X_scGPT,False
methotrexate,EKVX_LUNG,0.6327499747276306,0.6973333109731543,X_scGPT,False
methotrexate,FTC133_THYROID,0.8774999976158142,0.6165950939059257,X_scGPT,False
methotrexate,GOS3_CENTRAL_NERVOUS_SYSTEM,0.5113466382026672,0.5716503952186145,X_scGPT,False
methotrexate,HCC1428_BREAST,0.6938124895095825,0.7785176109141252,X_scGPT,False
methotrexate,HCC366_LUNG,0.5552374720573425,0.5617100459219205,X_scGPT,False
methotrexate,HCC38_BREAST,0.9721875190734863,0.5926676285266876,X_scGPT,False
methotrexate,HCC56_LARGE_INTESTINE,0.6614999771118164,0.6798340509636234,X_scGPT,False
methotrexate,HDQP1_BREAST,0.6032500267028809,0.6622775858268142,X_scGPT,False
methotrexate,HEC151_ENDOMETRIUM,0.4201933443546295,0.5720746830701828,X_scGPT,False
methotrexate,HEC251_ENDOMETRIUM,0.5889785885810852,0.6593803392949505,X_scGPT,False
methotrexate,HEC6_ENDOMETRIUM,0.6963357329368591,0.5126494596833768,X_scGPT,False
methotrexate,HEP3B217_LIVER,0.5243533253669739,0.5506167108729735,X_scGPT,False
methotrexate,HMC18_BREAST,0.33683332800865173,0.5400696093718753,X_scGPT,False
methotrexate,HOS_BONE,0.2755500078201294,0.4743866109804883,X_scGPT,False
methotrexate,HS852T_SKIN,0.7278125286102295,0.7092540525359872,X_scGPT,False
methotrexate,HT1080_SOFT_TISSUE,0.3468500077724457,0.5474409340888031,X_scGPT,False
methotrexate,HT1197_URINARY_TRACT,0.5199499726295471,0.7377245611435658,X_scGPT,False
methotrexate,HT55_LARGE_INTESTINE,0.6655200123786926,0.5612579906156278,X_scGPT,False
methotrexate,HUH6_LIVER,0.8051249980926514,0.6244776873193549,X_scGPT,False
methotrexate,HUPT3_PANCREAS,0.35497498512268066,0.6583790932508076,X_scGPT,False
methotrexate,HUPT4_PANCREAS,0.6241999864578247,0.7520220056176186,X_scGPT,False
methotrexate,IALM_LUNG,0.7747499942779541,0.5568464637172889,X_scGPT,False
methotrexate,IGR1_SKIN,0.41231873631477356,0.5269667583087395,X_scGPT,False
methotrexate,IGR37_SKIN,0.39155998826026917,0.5737436674857346,X_scGPT,False
methotrexate,IM95_STOMACH,0.3352562487125397,0.6705062508583068,X_scGPT,False
methotrexate,JHH6_LIVER,0.6284375190734863,0.589247652193875,X_scGPT,False
methotrexate,JHOC5_OVARY,0.5054312348365784,0.6676897858751232,X_scGPT,False
methotrexate,KALS1_CENTRAL_NERVOUS_SYSTEM,0.612625002861023,0.5232990468955703,X_scGPT,False
methotrexate,KMRC3_KIDNEY,0.7935000061988831,0.5835071152570296,X_scGPT,False
methotrexate,KNS42_CENTRAL_NERVOUS_SYSTEM,0.4528466761112213,0.540313182008821,X_scGPT,False
methotrexate,KPNSI9S_AUTONOMIC_GANGLIA,0.3165000081062317,0.4713713820128478,X_scGPT,False
methotrexate,KYSE520_OESOPHAGUS,0.5667562484741211,0.5785071469681919,X_scGPT,False
methotrexate,LI7_LIVER,0.46700000762939453,0.6031217994738598,X_scGPT,False
methotrexate,LMSU_STOMACH,0.9099375009536743,0.4975609178636588,X_scGPT,False
methotrexate,LNCAPCLONEFGC_PROSTATE,0.5344250202178955,0.7039050242697545,X_scGPT,False
methotrexate,LS1034_LARGE_INTESTINE,0.41078126430511475,0.7333522410425422,X_scGPT,False
methotrexate,LS180_LARGE_INTESTINE,0.5623133182525635,0.5728459207965396,X_scGPT,False
methotrexate,MCF7_BREAST,0.8580666780471802,0.7115376316584073,X_scGPT,False
methotrexate,MDAMB361_BREAST,0.9111250042915344,0.6522122149114256,X_scGPT,False
methotrexate,MFE319_ENDOMETRIUM,0.4906437397003174,0.68918920998798,X_scGPT,False
methotrexate,MKN45_STOMACH,0.8589375019073486,0.5461647866641061,X_scGPT,False
methotrexate,MKN7_STOMACH,0.6570624709129333,0.6508096156194229,X_scGPT,False
methotrexate,MSTO211H_PLEURA,0.3929266631603241,0.46065737723501443,X_scGPT,False
methotrexate,NCIH1299_LUNG,0.6508122086524963,0.5622508043095413,X_scGPT,False
methotrexate,NCIH1373_LUNG,0.5756266713142395,0.5487116255411287,X_scGPT,False
methotrexate,NCIH1435_LUNG,0.9375,0.6042131602987368,X_scGPT,False
methotrexate,NCIH1792_LUNG,0.5807214379310608,0.5277709880390683,X_scGPT,False
methotrexate,NCIH1944_LUNG,0.6915000081062317,0.5364287774200025,X_scGPT,False
methotrexate,NCIH2087_LUNG,0.6444374918937683,0.5791499579333823,X_scGPT,False
methotrexate,NCIH2110_LUNG,0.6646249890327454,0.6054078220572304,X_scGPT,False
methotrexate,NCIH2126_LUNG,0.7996249794960022,0.7057641785253178,X_scGPT,False
methotrexate,NCIH2170_LUNG,0.4588249921798706,0.5557577356066502,X_scGPT,False
methotrexate,NCIH2228_LUNG,0.6698125004768372,0.6552496245511547,X_scGPT,False
methotrexate,NCIH226_LUNG,0.557533323764801,0.7310919657666632,X_scGPT,False
methotrexate,NCIH2444_LUNG,0.7700769305229187,0.6760213186469259,X_scGPT,False
methotrexate,NCIH2452_PLEURA,0.7605000138282776,0.5899390163917967,X_scGPT,False
methotrexate,NCIH358_LUNG,0.6121187210083008,0.6443618390531767,X_scGPT,False
methotrexate,NCIH446_LUNG,0.3218666613101959,0.5011423932654517,X_scGPT,False
methotrexate,NCIH460_LUNG,0.5314439535140991,0.5285663267546372,X_scGPT,False
methotrexate,NCIH522_LUNG,0.533406674861908,0.4213384481576773,X_scGPT,False
methotrexate,NCIH650_LUNG,0.5775437355041504,0.5537880888944182,X_scGPT,False
methotrexate,NCIH747_LARGE_INTESTINE,0.5861625075340271,0.6202783405780792,X_scGPT,False
methotrexate,OAW28_OVARY,0.8888124823570251,0.6389137861891563,X_scGPT,False
methotrexate,OSRC2_KIDNEY,0.7014666795730591,0.7045672720386869,X_scGPT,False
methotrexate,OUMS23_LARGE_INTESTINE,0.6922666430473328,0.6814311982315278,X_scGPT,False
methotrexate,OVK18_OVARY,0.578719973564148,0.5116159043620142,X_scGPT,False
methotrexate,OVSAHO_OVARY,0.879153847694397,0.6930176421409137,X_scGPT,False
methotrexate,OVTOKO_OVARY,0.7215625047683716,0.6338073907856736,X_scGPT,False
methotrexate,PANC0203_PANCREAS,0.5739625096321106,0.5989012686395834,X_scGPT,False
methotrexate,PATU8988S_PANCREAS,0.3467875123023987,0.6739057050865205,X_scGPT,False
methotrexate,PC3_PROSTATE,0.8983749747276306,0.5570059459237657,X_scGPT,False
methotrexate,PECAPJ49_UPPER_AERODIGESTIVE_TRACT,0.5483687520027161,0.6654073910252882,X_scGPT,False
methotrexate,PK45H_PANCREAS,0.36784374713897705,0.5690164478062704,X_scGPT,False
methotrexate,RCC10RGB_KIDNEY,0.9375,0.7146314825111193,X_scGPT,False
methotrexate,RCM1_LARGE_INTESTINE,0.8497499823570251,0.6482138296123594,X_scGPT,False
methotrexate,RD_SOFT_TISSUE,0.3562687635421753,0.5058532640395037,X_scGPT,False
methotrexate,RERFLCAD1_LUNG,0.6384375095367432,0.7151871507550464,X_scGPT,False
methotrexate,RERFLCAI_LUNG,0.3505687415599823,0.49259795687926705,X_scGPT,False
methotrexate,RVH421_SKIN,0.5917249917984009,0.5708316959845969,X_scGPT,False
methotrexate,SCC25_UPPER_AERODIGESTIVE_TRACT,0.9574999809265137,0.6225747559675926,X_scGPT,False
methotrexate,SCC9_UPPER_AERODIGESTIVE_TRACT,0.723312497138977,0.6294040693107404,X_scGPT,False
methotrexate,SH10TC_STOMACH,0.4159437417984009,0.6201275747555953,X_scGPT,False
methotrexate,SKES1_BONE,0.510643720626831,0.4383567728839078,X_scGPT,False
methotrexate,SKMEL2_SKIN,0.7046250104904175,0.57476655750171,X_scGPT,False
methotrexate,SKMEL30_SKIN,0.5213812589645386,0.5790554800891335,X_scGPT,False
methotrexate,SKMEL3_SKIN,0.6781250238418579,0.4937392264297328,X_scGPT,False
methotrexate,SKMEL5_SKIN,0.6110812425613403,0.5432586185257844,X_scGPT,False
methotrexate,SKNAS_AUTONOMIC_GANGLIA,0.27313750982284546,0.47568083178680554,X_scGPT,False
methotrexate,SNU1079_BILIARY_TRACT,1.0682142972946167,0.6703787103091201,X_scGPT,False
methotrexate,SNU1214_UPPER_AERODIGESTIVE_TRACT,0.4566250145435333,0.6466061403142646,X_scGPT,False
methotrexate,SNU308_BILIARY_TRACT,0.8143125176429749,0.5925784434409852,X_scGPT,False
methotrexate,SNU423_LIVER,0.6190124750137329,0.5681128192622706,X_scGPT,False
methotrexate,SNU449_LIVER,0.29033124446868896,0.4969808228895174,X_scGPT,False
methotrexate,SNU46_UPPER_AERODIGESTIVE_TRACT,0.8350625038146973,0.5239409506320953,X_scGPT,False
methotrexate,SNU738_CENTRAL_NERVOUS_SYSTEM,0.5229437351226807,0.5642739474616139,X_scGPT,False
methotrexate,SNU899_UPPER_AERODIGESTIVE_TRACT,0.5071937441825867,0.5890001927513674,X_scGPT,False
methotrexate,SNUC4_LARGE_INTESTINE,0.5651000142097473,0.48076582044299204,X_scGPT,False
methotrexate,SQ1_LUNG,0.903124988079071,0.6058123920645032,X_scGPT,False
methotrexate,SU8686_PANCREAS,0.3819272816181183,0.6032625414976259,X_scGPT,False
methotrexate,SW1088_CENTRAL_NERVOUS_SYSTEM,0.5846437215805054,0.5418300395831466,X_scGPT,False
methotrexate,SW1271_LUNG,0.5804625153541565,0.6361333852228911,X_scGPT,False
methotrexate,SW1990_PANCREAS,0.4280875027179718,0.6211897959926618,X_scGPT,False
methotrexate,SW579_THYROID,0.46137499809265137,0.5536425547665714,X_scGPT,False
methotrexate,T47D_BREAST,0.48953333497047424,0.7855121843955096,X_scGPT,False
methotrexate,TCCSUP_URINARY_TRACT,0.44894999265670776,0.5485124919987932,X_scGPT,False
methotrexate,TE10_OESOPHAGUS,0.39348751306533813,0.590331562033527,X_scGPT,False
methotrexate,TE14_OESOPHAGUS,0.3560124933719635,0.506165014666344,X_scGPT,False
methotrexate,TE6_OESOPHAGUS,0.323306679725647,0.5298250398705097,X_scGPT,False
methotrexate,TE9_OESOPHAGUS,0.40808749198913574,0.4924753035508817,X_scGPT,False
methotrexate,TM31_CENTRAL_NERVOUS_SYSTEM,0.695187509059906,0.6460145061899876,X_scGPT,False
methotrexate,TYKNU_OVARY,0.5082812309265137,0.5026482898964841,X_scGPT,False
methotrexate,U118MG_CENTRAL_NERVOUS_SYSTEM,0.34011873602867126,0.5095825730288615,X_scGPT,False
methotrexate,UACC257_SKIN,0.302456259727478,0.561700094943266,X_scGPT,False
methotrexate,UMUC1_URINARY_TRACT,0.5008357167243958,0.6212799866792514,X_scGPT,False
methotrexate,VMCUB1_URINARY_TRACT,0.38666874170303345,0.5648931151404042,X_scGPT,False
methotrexate,VMRCRCZ_KIDNEY,0.3983687460422516,0.6857556788126628,X_scGPT,False
methotrexate,YD38_UPPER_AERODIGESTIVE_TRACT,0.4109187424182892,0.6069968457405384,X_scGPT,False
methotrexate,ZR751_BREAST,0.7339333295822144,0.6799377318724845,X_scGPT,False
dasatinib,42MGBA_CENTRAL_NERVOUS_SYSTEM,0.40427500009536743,0.5941200970912992,X_scGPT,False
dasatinib,8305C_THYROID,0.45653125643730164,0.5865048979102656,X_scGPT,False
dasatinib,A204_SOFT_TISSUE,0.39879998564720154,0.6706306357383728,X_scGPT,False
dasatinib,A2058_SKIN,0.8820000290870667,0.7740791813045943,X_scGPT,False
dasatinib,A375_SKIN,0.7361875176429749,0.625784942713797,X_scGPT,False
dasatinib,ACCMESO1_PLEURA,0.6914374828338623,0.6755514601130544,X_scGPT,False
dasatinib,ASPC1_PANCREAS,0.7771250009536743,0.6203632815130826,X_scGPT,False
dasatinib,BCPAP_THYROID,0.47533124685287476,0.580848615420492,X_scGPT,False
dasatinib,BFTC909_KIDNEY,0.7461875081062317,0.5933849747073996,X_scGPT,False
dasatinib,BHY_UPPER_AERODIGESTIVE_TRACT,0.4388999938964844,0.49947854568218364,X_scGPT,False
dasatinib,BICR31_UPPER_AERODIGESTIVE_TRACT,0.4805999994277954,0.5608874393566963,X_scGPT,False
dasatinib,BICR56_UPPER_AERODIGESTIVE_TRACT,0.33540624380111694,0.40047563630857586,X_scGPT,False
dasatinib,BICR6_UPPER_AERODIGESTIVE_TRACT,0.41869375109672546,0.5796740386452708,X_scGPT,False
dasatinib,BT474_BREAST,0.7836250066757202,0.7348349061012268,X_scGPT,False
dasatinib,BT549_BREAST,0.5751500129699707,0.5663462330524186,X_scGPT,False
dasatinib,CAKI2_KIDNEY,0.5099250078201294,0.621540465586477,X_scGPT,False
dasatinib,CALU6_LUNG,0.7634999752044678,0.6677797191826872,X_scGPT,False
dasatinib,CAMA1_BREAST,1.0912666320800781,0.7575919898514895,X_scGPT,False
dasatinib,CAS1_CENTRAL_NERVOUS_SYSTEM,0.6050466895103455,0.5999863591409267,X_scGPT,False
dasatinib,CCFSTTG1_CENTRAL_NERVOUS_SYSTEM,0.5810875296592712,0.5722578011634873,X_scGPT,False
dasatinib,COLO680N_OESOPHAGUS,0.5232937335968018,0.5679229692792801,X_scGPT,False
dasatinib,COLO792_SKIN,0.8676875233650208,0.7722847998362186,X_scGPT,False
dasatinib,COV434_OVARY,0.7323125004768372,0.6732464371757074,X_scGPT,False
dasatinib,DANG_PANCREAS,0.6069625020027161,0.5946844745349217,X_scGPT,False
dasatinib,DAOY_CENTRAL_NERVOUS_SYSTEM,0.6238874793052673,0.6033254575474831,X_scGPT,False
dasatinib,DETROIT562_UPPER_AERODIGESTIVE_TRACT,0.5055687427520752,0.5687996906005531,X_scGPT,False
dasatinib,DKMG_CENTRAL_NERVOUS_SYSTEM,0.498981237411499,0.5603449123591955,X_scGPT,False
dasatinib,EBC1_LUNG,0.6042937636375427,0.5846099311946541,X_scGPT,False
dasatinib,EFE184_ENDOMETRIUM,0.4840812385082245,0.628114389125691,X_scGPT,False
dasatinib,EFM192A_BREAST,0.7588750123977661,0.6782585516706243,X_scGPT,False
dasatinib,EKVX_LUNG,0.8306249976158142,0.6392404024731623,X_scGPT,False
dasatinib,FTC133_THYROID,0.7394999861717224,0.6093937818493161,X_scGPT,False
dasatinib,GOS3_CENTRAL_NERVOUS_SYSTEM,0.8563125133514404,0.6173447788697887,X_scGPT,False
dasatinib,HCC1428_BREAST,0.796625018119812,0.750639573795589,X_scGPT,False
dasatinib,HCC366_LUNG,0.5135937333106995,0.5935339110322518,X_scGPT,False
dasatinib,HCC38_BREAST,0.6338750123977661,0.6192636170983314,X_scGPT,False
dasatinib,HCC56_LARGE_INTESTINE,0.866937518119812,0.6814819748955544,X_scGPT,False
dasatinib,HDQP1_BREAST,0.5128999948501587,0.5928954626433551,X_scGPT,False
dasatinib,HEC151_ENDOMETRIUM,0.515681266784668,0.6212599108219147,X_scGPT,False
dasatinib,HEC251_ENDOMETRIUM,0.6387500166893005,0.5907914936542511,X_scGPT,False
dasatinib,HEC6_ENDOMETRIUM,0.6464266777038574,0.601729398928814,X_scGPT,False
dasatinib,HEP3B217_LIVER,0.9039999842643738,0.6083256390135167,X_scGPT,False
dasatinib,HMC18_BREAST,0.7727500200271606,0.7502505828089274,X_scGPT,False
dasatinib,HOS_BONE,0.5919562578201294,0.643765412711407,X_scGPT,False
dasatinib,HS852T_SKIN,0.4922249913215637,0.63500859119274,X_scGPT,False
dasatinib,HT1080_SOFT_TISSUE,0.562749981880188,0.6039346200089122,X_scGPT,False
dasatinib,HT1197_URINARY_TRACT,0.6575624942779541,0.6102753571561865,X_scGPT,False
dasatinib,HT55_LARGE_INTESTINE,0.6846250295639038,0.7393069688177787,X_scGPT,False
dasatinib,HUH6_LIVER,0.7534375190734863,0.6649542673099675,X_scGPT,False
dasatinib,HUPT3_PANCREAS,0.41859376430511475,0.608615351950421,X_scGPT,False
dasatinib,HUPT4_PANCREAS,0.20620624721050262,0.5680338926613331,X_scGPT,False
dasatinib,IALM_LUNG,0.6118687391281128,0.6029450943381149,X_scGPT,False
dasatinib,IGR1_SKIN,0.8138124942779541,0.7499464120536015,X_scGPT,False
dasatinib,IGR37_SKIN,0.8005625009536743,0.8302919076224226,X_scGPT,False
dasatinib,IM95_STOMACH,0.5978062748908997,0.7032116078041696,X_scGPT,False
dasatinib,JHH6_LIVER,0.9313125014305115,0.649428214841676,X_scGPT,False
dasatinib,JHOC5_OVARY,0.4943000078201294,0.5907380946751298,X_scGPT,False
dasatinib,KALS1_CENTRAL_NERVOUS_SYSTEM,0.559806227684021,0.5630564122564263,X_scGPT,False
dasatinib,KMRC3_KIDNEY,0.46354374289512634,0.5919392928785208,X_scGPT,False
dasatinib,KNS42_CENTRAL_NERVOUS_SYSTEM,0.7975000143051147,0.5947454703408618,X_scGPT,False
dasatinib,KPNSI9S_AUTONOMIC_GANGLIA,0.5248562693595886,0.6200236423995144,X_scGPT,False
dasatinib,KYSE520_OESOPHAGUS,0.4431062638759613,0.5870980996834604,X_scGPT,False
dasatinib,LI7_LIVER,0.49360623955726624,0.6433863436080971,X_scGPT,False
dasatinib,LMSU_STOMACH,0.4782937467098236,0.6037676619548423,X_scGPT,False
dasatinib,LNCAPCLONEFGC_PROSTATE,0.7626875042915344,0.8124682422756224,X_scGPT,False
dasatinib,LS1034_LARGE_INTESTINE,0.8205000162124634,0.6861888394780356,X_scGPT,False
dasatinib,LS180_LARGE_INTESTINE,0.6623749732971191,0.663609861997356,X_scGPT,False
dasatinib,MCF7_BREAST,0.7684375047683716,0.7554629253340768,X_scGPT,False
dasatinib,MDAMB361_BREAST,0.8408125042915344,0.7568788859579298,X_scGPT,False
dasatinib,MFE319_ENDOMETRIUM,0.761062502861023,0.7122776814156178,X_scGPT,False
dasatinib,MKN45_STOMACH,0.8778125047683716,0.6810183742288816,X_scGPT,False
dasatinib,MKN7_STOMACH,0.5567687749862671,0.6701756766600202,X_scGPT,False
dasatinib,MSTO211H_PLEURA,0.5362062454223633,0.614129931236357,X_scGPT,False
dasatinib,NCIH1299_LUNG,0.6105422377586365,0.7373219498534328,X_scGPT,False
dasatinib,NCIH1373_LUNG,0.5807437300682068,0.5819610451779714,X_scGPT,False
dasatinib,NCIH1435_LUNG,0.44232499599456787,0.6239034093721083,X_scGPT,False
dasatinib,NCIH1792_LUNG,0.6287500262260437,0.6137102906768387,X_scGPT,False
dasatinib,NCIH1944_LUNG,0.7472500205039978,0.6150290917083261,X_scGPT,False
dasatinib,NCIH2087_LUNG,0.5473187565803528,0.5933231945451536,X_scGPT,False
dasatinib,NCIH2110_LUNG,0.6790000200271606,0.6618132959957698,X_scGPT,False
dasatinib,NCIH2126_LUNG,0.8586666584014893,0.6481359537803766,X_scGPT,False
dasatinib,NCIH2170_LUNG,0.6866875290870667,0.6912507280497484,X_scGPT,False
dasatinib,NCIH2228_LUNG,0.638593316078186,0.5650244465640845,X_scGPT,False
dasatinib,NCIH226_LUNG,0.7738666534423828,0.585723565994425,X_scGPT,False
dasatinib,NCIH2444_LUNG,0.521726667881012,0.6267316165352672,X_scGPT,False
dasatinib,NCIH2452_PLEURA,0.5222600102424622,0.5905761703239497,X_scGPT,False
dasatinib,NCIH358_LUNG,0.5363249778747559,0.587678771288622,X_scGPT,False
dasatinib,NCIH446_LUNG,0.6246500015258789,0.6565986941663586,X_scGPT,False
dasatinib,NCIH460_LUNG,0.8875625133514404,0.6574135164206173,X_scGPT,False
dasatinib,NCIH522_LUNG,0.5932687520980835,0.6451870346298585,X_scGPT,False
dasatinib,NCIH650_LUNG,0.7402499914169312,0.603902877916709,X_scGPT,False
dasatinib,NCIH747_LARGE_INTESTINE,0.46569374203681946,0.6074806310236454,X_scGPT,False
dasatinib,OAW28_OVARY,0.4912968873977661,0.6194119457132328,X_scGPT,False
dasatinib,OSRC2_KIDNEY,0.5444625020027161,0.6078922119405534,X_scGPT,False
dasatinib,OUMS23_LARGE_INTESTINE,0.7300624847412109,0.6681868534221828,X_scGPT,False
dasatinib,OVK18_OVARY,0.8302500247955322,0.7714068424165919,X_scGPT,False
dasatinib,OVSAHO_OVARY,0.7293750047683716,0.6723781514272816,X_scGPT,False
dasatinib,OVTOKO_OVARY,0.5172937512397766,0.5761129873221,X_scGPT,False
dasatinib,PANC0203_PANCREAS,0.7113749980926514,0.5755963194158238,X_scGPT,False
dasatinib,PATU8988S_PANCREAS,0.6708750128746033,0.6512096514467334,X_scGPT,False
dasatinib,PC3_PROSTATE,0.6915000081062317,0.6160404611621383,X_scGPT,False
dasatinib,PECAPJ49_UPPER_AERODIGESTIVE_TRACT,0.3630812466144562,0.47363743023707133,X_scGPT,False
dasatinib,PK45H_PANCREAS,0.6463750004768372,0.6114397257896367,X_scGPT,False
dasatinib,PK59_PANCREAS,0.5165374875068665,0.6132198205624504,X_scGPT,False
dasatinib,RCC10RGB_KIDNEY,0.8713124990463257,0.5675264865543709,X_scGPT,False
dasatinib,RCM1_LARGE_INTESTINE,0.7444999814033508,0.65576455835253,X_scGPT,False
dasatinib,RD_SOFT_TISSUE,0.633062481880188,0.6084473674324737,X_scGPT,False
dasatinib,RERFLCAD1_LUNG,0.7653124928474426,0.5957583403636398,X_scGPT,False
dasatinib,RERFLCAI_LUNG,0.721750020980835,0.5787953128195996,X_scGPT,False
dasatinib,RT4_URINARY_TRACT,0.6525624990463257,0.6457942347481566,X_scGPT,False
dasatinib,RVH421_SKIN,0.8004999756813049,0.6157866269973531,X_scGPT,False
dasatinib,SCC25_UPPER_AERODIGESTIVE_TRACT,0.3042375147342682,0.5357234963860968,X_scGPT,False
dasatinib,SCC9_UPPER_AERODIGESTIVE_TRACT,0.5571937561035156,0.4963381964909403,X_scGPT,False
dasatinib,SH10TC_STOMACH,0.7889999747276306,0.6432903110131919,X_scGPT,False
dasatinib,SKES1_BONE,0.7970625162124634,0.6632657064186348,X_scGPT,False
dasatinib,SKMEL30_SKIN,0.8729375004768372,0.7086930952058635,X_scGPT,False
dasatinib,SKMEL3_SKIN,0.7651875019073486,0.8160709717224554,X_scGPT,False
dasatinib,SKMEL5_SKIN,0.8383125066757202,0.7185087372558285,X_scGPT,False
dasatinib,SKNAS_AUTONOMIC_GANGLIA,0.7799375057220459,0.6602271887580905,X_scGPT,False
dasatinib,SNU1079_BILIARY_TRACT,0.07193750143051147,0.6527082936404502,X_scGPT,False
dasatinib,SNU1214_UPPER_AERODIGESTIVE_TRACT,0.367125004529953,0.4642761367115569,X_scGPT,False
dasatinib,SNU308_BILIARY_TRACT,0.5768499970436096,0.5815201262210278,X_scGPT,False
dasatinib,SNU423_LIVER,0.5128499865531921,0.5815929233465554,X_scGPT,False
dasatinib,SNU449_LIVER,0.4744812548160553,0.606547549472633,X_scGPT,False
dasatinib,SNU46_UPPER_AERODIGESTIVE_TRACT,0.5456749796867371,0.5647115683404066,X_scGPT,False
dasatinib,SNU738_CENTRAL_NERVOUS_SYSTEM,0.8138750195503235,0.6060328672303373,X_scGPT,False
dasatinib,SNU899_UPPER_AERODIGESTIVE_TRACT,0.6191187500953674,0.5183994080646929,X_scGPT,False
dasatinib,SNUC4_LARGE_INTESTINE,0.815750002861023,0.7230057477695784,X_scGPT,False
dasatinib,SQ1_LUNG,0.5575562715530396,0.615100713337169,X_scGPT,False
dasatinib,SU8686_PANCREAS,0.5070333480834961,0.5940817943433436,X_scGPT,False
dasatinib,SW1088_CENTRAL_NERVOUS_SYSTEM,0.5041000247001648,0.585474617080763,X_scGPT,False
dasatinib,SW1271_LUNG,0.4572266638278961,0.6943492293357849,X_scGPT,False
dasatinib,SW1990_PANCREAS,0.3703874945640564,0.6395139993207851,X_scGPT,False
dasatinib,SW579_THYROID,0.3098750114440918,0.6058906860615251,X_scGPT,False
dasatinib,T47D_BREAST,0.8370624780654907,0.821860032653377,X_scGPT,False
dasatinib,TCCSUP_URINARY_TRACT,0.6050062775611877,0.6209290506719034,X_scGPT,False
dasatinib,TE10_OESOPHAGUS,0.5592374801635742,0.5501106147352419,X_scGPT,False
dasatinib,TE14_OESOPHAGUS,0.6207937598228455,0.5179975783523125,X_scGPT,False
dasatinib,TE1_OESOPHAGUS,0.5767937302589417,0.6124808334031151,X_scGPT,False
dasatinib,TE6_OESOPHAGUS,0.535973310470581,0.5986201134654009,X_scGPT,False
dasatinib,TE9_OESOPHAGUS,0.6097562313079834,0.5555950948788274,X_scGPT,False
dasatinib,TM31_CENTRAL_NERVOUS_SYSTEM,0.6142374873161316,0.5815487735230347,X_scGPT,False
dasatinib,TOV21G_OVARY,0.5826687216758728,0.6137295474771594,X_scGPT,False
dasatinib,TYKNU_OVARY,0.6115937232971191,0.6204519439966251,X_scGPT,False
dasatinib,U118MG_CENTRAL_NERVOUS_SYSTEM,0.593500018119812,0.5566307764317169,X_scGPT,False
dasatinib,UACC257_SKIN,0.7852500081062317,0.7864247715124026,X_scGPT,False
dasatinib,UMUC1_URINARY_TRACT,0.8255000114440918,0.5076708861716508,X_scGPT,False
dasatinib,VMCUB1_URINARY_TRACT,0.48861250281333923,0.5851467511145141,X_scGPT,False
dasatinib,VMRCRCZ_KIDNEY,0.5126312375068665,0.6160223074754079,X_scGPT,False
dasatinib,YD38_UPPER_AERODIGESTIVE_TRACT,0.4448312520980835,0.4981976409848684,X_scGPT,False
dasatinib,ZR751_BREAST,0.912933349609375,0.817388201608627,X_scGPT,False
paclitaxel,42MGBA_CENTRAL_NERVOUS_SYSTEM,0.5285812616348267,0.49973925723762586,X_scGPT,False
paclitaxel,8305C_THYROID,0.43854284286499023,0.5363139199145739,X_scGPT,False
paclitaxel,A204_SOFT_TISSUE,0.37181875109672546,0.5311113671064377,X_scGPT,False
paclitaxel,A2058_SKIN,0.25206249952316284,0.5828036057705782,X_scGPT,False
paclitaxel,A375_SKIN,0.6584940552711487,0.5112728482555177,X_scGPT,False
paclitaxel,ACCMESO1_PLEURA,0.9169333577156067,0.6807560332027482,X_scGPT,False
paclitaxel,ASPC1_PANCREAS,0.6364892721176147,0.5765237945934821,X_scGPT,False
paclitaxel,BCPAP_THYROID,0.23052667081356049,0.5047753974795341,X_scGPT,False
paclitaxel,BFTC909_KIDNEY,0.5407999753952026,0.5614437027625484,X_scGPT,False
paclitaxel,BHY_UPPER_AERODIGESTIVE_TRACT,0.5109785795211792,0.48411584763691345,X_scGPT,False
paclitaxel,BICR31_UPPER_AERODIGESTIVE_TRACT,0.5008999705314636,0.41834829014635855,X_scGPT,False
paclitaxel,BICR56_UPPER_AERODIGESTIVE_TRACT,0.34946250915527344,0.4137950167979723,X_scGPT,False
paclitaxel,BICR6_UPPER_AERODIGESTIVE_TRACT,0.22311249375343323,0.4914150517303627,X_scGPT,False
paclitaxel,BT474_BREAST,0.5269133448600769,0.5479411542415619,X_scGPT,False
paclitaxel,BT549_BREAST,0.334975004196167,0.5140557510960371,X_scGPT,False
paclitaxel,CAKI2_KIDNEY,0.6657214164733887,0.7204133458703542,X_scGPT,False
paclitaxel,CALU6_LUNG,0.5136666893959045,0.6089340635510379,X_scGPT,False
paclitaxel,CAMA1_BREAST,0.671625018119812,0.7547207843397081,X_scGPT,False
paclitaxel,CAS1_CENTRAL_NERVOUS_SYSTEM,0.8123077154159546,0.5315073609800267,X_scGPT,False
paclitaxel,CCFSTTG1_CENTRAL_NERVOUS_SYSTEM,0.5159249901771545,0.4893206121718011,X_scGPT,False
paclitaxel,COLO680N_OESOPHAGUS,0.612137496471405,0.6098839367666846,X_scGPT,False
paclitaxel,COLO741_SKIN,0.6660624742507935,0.5581668645234094,X_scGPT,False
paclitaxel,COLO792_SKIN,0.6829333305358887,0.6575170597027149,X_scGPT,False
paclitaxel,COV434_OVARY,0.4877749979496002,0.38559640605341305,X_scGPT,False
paclitaxel,DANG_PANCREAS,0.3995312452316284,0.5465014824917266,X_scGPT,False
paclitaxel,DAOY_CENTRAL_NERVOUS_SYSTEM,0.2984437644481659,0.4998560957212889,X_scGPT,False
paclitaxel,DETROIT562_UPPER_AERODIGESTIVE_TRACT,0.4171437621116638,0.4793582139936693,X_scGPT,False
paclitaxel,DKMG_CENTRAL_NERVOUS_SYSTEM,0.3044285774230957,0.5206231803691695,X_scGPT,False
paclitaxel,EBC1_LUNG,0.43924999237060547,0.5478288113109527,X_scGPT,False
paclitaxel,EFE184_ENDOMETRIUM,0.7961875200271606,0.6267427386239518,X_scGPT,False
paclitaxel,EFM192A_BREAST,0.322231262922287,0.5879277326502241,X_scGPT,False
paclitaxel,EKVX_LUNG,0.5209375023841858,0.6001604050397873,X_scGPT,False
paclitaxel,FTC133_THYROID,0.4417499899864197,0.6016340751733099,X_scGPT,False
paclitaxel,GOS3_CENTRAL_NERVOUS_SYSTEM,0.6065866947174072,0.5420882829820922,X_scGPT,False
paclitaxel,HCC1428_BREAST,0.6947500109672546,0.5381785854110568,X_scGPT,False
paclitaxel,HCC366_LUNG,0.3181999921798706,0.5525435825975815,X_scGPT,False
paclitaxel,HCC56_LARGE_INTESTINE,0.5721750259399414,0.6472388063416337,X_scGPT,False
paclitaxel,HDQP1_BREAST,0.5168733596801758,0.6246001627296209,X_scGPT,False
paclitaxel,HEC151_ENDOMETRIUM,0.24384374916553497,0.6163276221752166,X_scGPT,False
paclitaxel,HEC251_ENDOMETRIUM,0.5712500214576721,0.6016963848443789,X_scGPT,False
paclitaxel,HEC6_ENDOMETRIUM,0.6322214007377625,0.48829257414207694,X_scGPT,False
paclitaxel,HEP3B217_LIVER,0.8162500262260437,0.6149455455400176,X_scGPT,False
paclitaxel,HMC18_BREAST,0.48608750104904175,0.5513737210844971,X_scGPT,False
paclitaxel,HOS_BONE,0.4674866795539856,0.45484410911187334,X_scGPT,False
paclitaxel,HS852T_SKIN,0.5268124938011169,0.6647473200235838,X_scGPT,False
paclitaxel,HT1080_SOFT_TISSUE,0.2612687647342682,0.5113932026564613,X_scGPT,False
paclitaxel,HT1197_URINARY_TRACT,0.8916249871253967,0.7210815790537242,X_scGPT,False
paclitaxel,HT55_LARGE_INTESTINE,0.7723076939582825,0.5961968812614821,X_scGPT,False
paclitaxel,HUH6_LIVER,1.100000023841858,0.630312909035993,X_scGPT,False
paclitaxel,HUPT3_PANCREAS,0.6277499794960022,0.530333044774392,X_scGPT,False
paclitaxel,HUPT4_PANCREAS,0.46790769696235657,0.6786509816135678,X_scGPT,False
paclitaxel,IALM_LUNG,0.9359375238418579,0.5198995044327671,X_scGPT,False
paclitaxel,IGR1_SKIN,0.4400250017642975,0.5288004058805005,X_scGPT,False
paclitaxel,IGR37_SKIN,0.3176187574863434,0.6203101286798801,X_scGPT,False
paclitaxel,IM95_STOMACH,0.09405333548784256,0.5468540286695635,X_scGPT,False
paclitaxel,JHH6_LIVER,0.7914375066757202,0.5346408175322616,X_scGPT,False
paclitaxel,JHOC5_OVARY,0.6793785691261292,0.6371410674062269,X_scGPT,False
paclitaxel,KALS1_CENTRAL_NERVOUS_SYSTEM,0.5128812789916992,0.5078336716526084,X_scGPT,False
paclitaxel,KNS42_CENTRAL_NERVOUS_SYSTEM,0.49499374628067017,0.435318150146063,X_scGPT,False
paclitaxel,KPNSI9S_AUTONOMIC_GANGLIA,0.44433748722076416,0.42579767200373864,X_scGPT,False
paclitaxel,KYSE520_OESOPHAGUS,0.6790000200271606,0.49607340949976775,X_scGPT,False
paclitaxel,LI7_LIVER,0.43004998564720154,0.5530498848885906,X_scGPT,False
paclitaxel,LMSU_STOMACH,0.6495000123977661,0.47812118810765886,X_scGPT,False
paclitaxel,LNCAPCLONEFGC_PROSTATE,0.24524374306201935,0.6764650437258934,X_scGPT,False
paclitaxel,LS1034_LARGE_INTESTINE,0.5858374834060669,0.6766056479656533,X_scGPT,False
paclitaxel,LS180_LARGE_INTESTINE,0.4455749988555908,0.4816758584778065,X_scGPT,False
paclitaxel,MCF7_BREAST,0.6690624952316284,0.5589746661953159,X_scGPT,False
paclitaxel,MDAMB361_BREAST,0.7103124856948853,0.516151382084246,X_scGPT,False
paclitaxel,MFE319_ENDOMETRIUM,0.2996000051498413,0.5990962950971114,X_scGPT,False
paclitaxel,MKN45_STOMACH,0.9375,0.571489785687398,X_scGPT,False
paclitaxel,MKN7_STOMACH,0.6533125042915344,0.6295806060927783,X_scGPT,False
paclitaxel,MSTO211H_PLEURA,0.4940750002861023,0.5129361299151924,X_scGPT,False
paclitaxel,NCIH1299_LUNG,0.7131249904632568,0.5882272854838032,X_scGPT,False
paclitaxel,NCIH1373_LUNG,0.8170714378356934,0.5389612673259363,X_scGPT,False
paclitaxel,NCIH1435_LUNG,0.8456875085830688,0.5306005465627163,X_scGPT,False
paclitaxel,NCIH1792_LUNG,0.5265285968780518,0.5127873098528063,X_scGPT,False
paclitaxel,NCIH1944_LUNG,0.3497374951839447,0.5476556215165318,X_scGPT,False
paclitaxel,NCIH2087_LUNG,0.5121562480926514,0.49955354338367236,X_scGPT,False
paclitaxel,NCIH2110_LUNG,0.2555312514305115,0.48610332832863584,X_scGPT,False
paclitaxel,NCIH2126_LUNG,0.4945249855518341,0.3836069911944144,X_scGPT,False
paclitaxel,NCIH2170_LUNG,0.5045499801635742,0.37169427498125696,X_scGPT,False
paclitaxel,NCIH2228_LUNG,0.7720111012458801,0.6945073278138683,X_scGPT,False
paclitaxel,NCIH226_LUNG,1.100000023841858,0.7961549624483636,X_scGPT,False
paclitaxel,NCIH2444_LUNG,1.100000023841858,0.6358218613053173,X_scGPT,False
paclitaxel,NCIH2452_PLEURA,1.0585500001907349,0.5663498974090172,X_scGPT,False
paclitaxel,NCIH358_LUNG,0.23592500388622284,0.6100931780501491,X_scGPT,False
paclitaxel,NCIH446_LUNG,0.13584375381469727,0.37991928887002324,X_scGPT,False
paclitaxel,NCIH460_LUNG,0.7216249704360962,0.46766550409893554,X_scGPT,False
paclitaxel,NCIH522_LUNG,0.16481874883174896,0.40033599290137106,X_scGPT,False
paclitaxel,NCIH650_LUNG,0.5303000211715698,0.536879716104247,X_scGPT,False
paclitaxel,NCIH747_LARGE_INTESTINE,0.5399312376976013,0.4949061658233404,X_scGPT,False
paclitaxel,OAW28_OVARY,0.6158447861671448,0.6177132283308491,X_scGPT,False
paclitaxel,OSRC2_KIDNEY,0.7997142672538757,0.7110487042911469,X_scGPT,False
paclitaxel,OVK18_OVARY,0.39842307567596436,0.4842551293667783,X_scGPT,False
paclitaxel,OVSAHO_OVARY,0.8846250176429749,0.674705712018034,X_scGPT,False
paclitaxel,OVTOKO_OVARY,0.8326428532600403,0.6285462770165439,X_scGPT,False
paclitaxel,PANC0203_PANCREAS,0.6189799904823303,0.5625721497144623,X_scGPT,False
paclitaxel,PATU8988S_PANCREAS,0.46135714650154114,0.5869442738714765,X_scGPT,False
paclitaxel,PC3_PROSTATE,0.615456223487854,0.537214843655479,X_scGPT,False
paclitaxel,PECAPJ49_UPPER_AERODIGESTIVE_TRACT,0.12946875393390656,0.4314146229241154,X_scGPT,False
paclitaxel,PK45H_PANCREAS,0.6258124709129333,0.6426690739899104,X_scGPT,False
paclitaxel,PK59_PANCREAS,0.7167999744415283,0.6064635253158109,X_scGPT,False
paclitaxel,RCC10RGB_KIDNEY,0.8610000014305115,0.71811480250993,X_scGPT,False
paclitaxel,RCM1_LARGE_INTESTINE,0.8398125171661377,0.5589044450316578,X_scGPT,False
paclitaxel,RD_SOFT_TISSUE,0.38019999861717224,0.4800124673094329,X_scGPT,False
paclitaxel,RERFLCAD1_LUNG,0.8071249723434448,0.6758950340404432,X_scGPT,False
paclitaxel,RERFLCAI_LUNG,0.22921249270439148,0.5510077256597041,X_scGPT,False
paclitaxel,RT4_URINARY_TRACT,0.6225066781044006,0.47071241938842917,X_scGPT,False
paclitaxel,RVH421_SKIN,0.6980000138282776,0.5863133160140225,X_scGPT,False
paclitaxel,SCC25_UPPER_AERODIGESTIVE_TRACT,0.2631266713142395,0.43409515067702675,X_scGPT,False
paclitaxel,SCC9_UPPER_AERODIGESTIVE_TRACT,0.4983375072479248,0.503144333425321,X_scGPT,False
paclitaxel,SH10TC_STOMACH,0.33800625801086426,0.6501157580957114,X_scGPT,False
paclitaxel,SKES1_BONE,0.12243124842643738,0.38410394466840303,X_scGPT,False
paclitaxel,SKMEL30_SKIN,0.8396000266075134,0.616451167182274,X_scGPT,False
paclitaxel,SKMEL3_SKIN,0.8928750157356262,0.5557913317815545,X_scGPT,False
paclitaxel,SKMEL5_SKIN,0.6320000290870667,0.5927006275164158,X_scGPT,False
paclitaxel,SKNAS_AUTONOMIC_GANGLIA,0.40153124928474426,0.34681026743049115,X_scGPT,False
paclitaxel,SNU1079_BILIARY_TRACT,0.7470714449882507,0.6521628548021186,X_scGPT,False
paclitaxel,SNU308_BILIARY_TRACT,0.6199625134468079,0.47003889749658867,X_scGPT,False
paclitaxel,SNU423_LIVER,0.3167562484741211,0.5838235279299179,X_scGPT,False
paclitaxel,SNU449_LIVER,0.6817499995231628,0.5261881274323091,X_scGPT,False
paclitaxel,SNU46_UPPER_AERODIGESTIVE_TRACT,0.7358750104904175,0.5352778756770037,X_scGPT,False
paclitaxel,SNU738_CENTRAL_NERVOUS_SYSTEM,0.4071125090122223,0.5629185952423116,X_scGPT,False
paclitaxel,SNU899_UPPER_AERODIGESTIVE_TRACT,0.6364374756813049,0.4819479602647115,X_scGPT,False
paclitaxel,SQ1_LUNG,0.6761875152587891,0.5735478066847104,X_scGPT,False
paclitaxel,SU8686_PANCREAS,0.9290778040885925,0.552571275975646,X_scGPT,False
paclitaxel,SW1088_CENTRAL_NERVOUS_SYSTEM,0.487193763256073,0.5175120662897825,X_scGPT,False
paclitaxel,SW1271_LUNG,0.8290333151817322,0.668691526029421,X_scGPT,False
paclitaxel,SW1990_PANCREAS,0.5032250285148621,0.6177316781752272,X_scGPT,False
paclitaxel,SW579_THYROID,0.2587812542915344,0.5299146993918353,X_scGPT,False
paclitaxel,T47D_BREAST,0.7885333299636841,0.6898969258118539,X_scGPT,False
paclitaxel,TCCSUP_URINARY_TRACT,0.5900062322616577,0.5137942850212508,X_scGPT,False
paclitaxel,TE10_OESOPHAGUS,0.47663751244544983,0.500076125337653,X_scGPT,False
paclitaxel,TE14_OESOPHAGUS,0.2560800015926361,0.3804165870579989,X_scGPT,False
paclitaxel,TE1_OESOPHAGUS,0.7301874756813049,0.6425732795185256,X_scGPT,False
paclitaxel,TE6_OESOPHAGUS,0.5045499801635742,0.45043345669220236,X_scGPT,False
paclitaxel,TM31_CENTRAL_NERVOUS_SYSTEM,0.6938124895095825,0.5933619123594515,X_scGPT,False
paclitaxel,TOV21G_OVARY,0.5901437401771545,0.5532617818136685,X_scGPT,False
paclitaxel,TYKNU_OVARY,0.5223937630653381,0.4168138669596778,X_scGPT,False
paclitaxel,U118MG_CENTRAL_NERVOUS_SYSTEM,0.4687125086784363,0.4974318459385731,X_scGPT,False
paclitaxel,UACC257_SKIN,0.7988749742507935,0.6009728791324663,X_scGPT,False
paclitaxel,UMUC1_URINARY_TRACT,0.4259124994277954,0.4799442731486964,X_scGPT,False
paclitaxel,VMCUB1_URINARY_TRACT,0.25546666979789734,0.39578788319142794,X_scGPT,False
paclitaxel,VMRCRCZ_KIDNEY,0.7373124957084656,0.6980417546629906,X_scGPT,False
paclitaxel,ZR751_BREAST,0.9081875085830688,0.632038769019846,X_scGPT,False
vincristine,42MGBA_CENTRAL_NERVOUS_SYSTEM,0.5476400256156921,0.46773737732277876,X_scGPT,False
vincristine,8305C_THYROID,0.40195000171661377,0.49441652581063233,X_scGPT,False
vincristine,A204_SOFT_TISSUE,0.40056875348091125,0.490422269821167,X_scGPT,False
vincristine,A2058_SKIN,0.2991437613964081,0.5303966686839149,X_scGPT,False
vincristine,A375_SKIN,0.5948214530944824,0.5300912412282387,X_scGPT,False
vincristine,ACCMESO1_PLEURA,0.8137500286102295,0.6120019365607956,X_scGPT,False
vincristine,ASPC1_PANCREAS,0.6924999952316284,0.6041303046818437,X_scGPT,False
vincristine,BCPAP_THYROID,0.3965800106525421,0.48187720952065366,X_scGPT,False
vincristine,BFTC909_KIDNEY,0.44690001010894775,0.5121702043079135,X_scGPT,False
vincristine,BHY_UPPER_AERODIGESTIVE_TRACT,0.6288750171661377,0.5554632530130189,X_scGPT,False
vincristine,BICR31_UPPER_AERODIGESTIVE_TRACT,0.6130625009536743,0.4856702026820952,X_scGPT,False
vincristine,BICR56_UPPER_AERODIGESTIVE_TRACT,0.634006679058075,0.4753393884058352,X_scGPT,False
vincristine,BICR6_UPPER_AERODIGESTIVE_TRACT,0.3622399866580963,0.5553369427269156,X_scGPT,False
vincristine,BT474_BREAST,0.6909999847412109,0.5691414074897766,X_scGPT,False
vincristine,BT549_BREAST,0.6388999819755554,0.4395089816105993,X_scGPT,False
vincristine,CAKI2_KIDNEY,0.6704375147819519,0.6531417715034896,X_scGPT,False
vincristine,CALU6_LUNG,0.6008124947547913,0.5692581043455952,X_scGPT,False
vincristine,CAMA1_BREAST,0.6742500066757202,0.7102225265142434,X_scGPT,False
vincristine,CAS1_CENTRAL_NERVOUS_SYSTEM,0.6345199942588806,0.5471495490773279,X_scGPT,False
vincristine,CCFSTTG1_CENTRAL_NERVOUS_SYSTEM,0.857200026512146,0.49852390611559394,X_scGPT,False
vincristine,COLO680N_OESOPHAGUS,0.7554374933242798,0.60558024630036,X_scGPT,False
vincristine,COLO741_SKIN,0.43671250343322754,0.5127328092566377,X_scGPT,False
vincristine,COLO792_SKIN,0.6443125009536743,0.5877383294140721,X_scGPT,False
vincristine,COV434_OVARY,0.3867799937725067,0.3726207383654334,X_scGPT,False
vincristine,DANG_PANCREAS,0.6072750091552734,0.5790632838135833,X_scGPT,False
vincristine,DAOY_CENTRAL_NERVOUS_SYSTEM,0.2947562634944916,0.5146739994079617,X_scGPT,False
vincristine,DETROIT562_UPPER_AERODIGESTIVE_TRACT,0.5571374893188477,0.5418918227856876,X_scGPT,False
vincristine,DKMG_CENTRAL_NERVOUS_SYSTEM,0.409280002117157,0.4700772023288966,X_scGPT,False
vincristine,EBC1_LUNG,0.5565124750137329,0.5808019150969803,X_scGPT,False
vincristine,EFE184_ENDOMETRIUM,0.679562509059906,0.6525909886803738,X_scGPT,False
vincristine,EFM192A_BREAST,0.672249972820282,0.6251097344779395,X_scGPT,False
vincristine,EKVX_LUNG,0.8526666760444641,0.6003898957820788,X_scGPT,False
vincristine,FTC133_THYROID,0.6901999711990356,0.5796871398176465,X_scGPT,False
vincristine,GOS3_CENTRAL_NERVOUS_SYSTEM,0.5899562239646912,0.5424078741934911,X_scGPT,False
vincristine,HCC1428_BREAST,0.7901999950408936,0.5307036180665173,X_scGPT,False
vincristine,HCC366_LUNG,0.457868754863739,0.5601808756294817,X_scGPT,False
vincristine,HCC38_BREAST,0.5398461818695068,0.551225482672453,X_scGPT,False
vincristine,HCC56_LARGE_INTESTINE,0.5508187413215637,0.6308290913249507,X_scGPT,False
vincristine,HDQP1_BREAST,0.7371249794960022,0.6343114553019404,X_scGPT,False
vincristine,HEC151_ENDOMETRIUM,0.20153124630451202,0.5974444649219512,X_scGPT,False
vincristine,HEC251_ENDOMETRIUM,0.5240312218666077,0.6219916171002611,X_scGPT,False
vincristine,HEC6_ENDOMETRIUM,0.6780624985694885,0.52286887113352,X_scGPT,False
vincristine,HEP3B217_LIVER,0.8504999876022339,0.5529665376170206,X_scGPT,False
vincristine,HMC18_BREAST,0.39646250009536743,0.5662304779368456,X_scGPT,False
vincristine,HOS_BONE,0.3352062404155731,0.4353257458302023,X_scGPT,False
vincristine,HS852T_SKIN,0.48148125410079956,0.6145392794300009,X_scGPT,False
vincristine,HT1080_SOFT_TISSUE,0.18923750519752502,0.530570117193599,X_scGPT,False
vincristine,HT1197_URINARY_TRACT,0.6433749794960022,0.6703254499950925,X_scGPT,False
vincristine,HT55_LARGE_INTESTINE,0.706250011920929,0.5751767165570463,X_scGPT,False
vincristine,HUH6_LIVER,0.3490374982357025,0.6396183473824044,X_scGPT,False
vincristine,HUPT3_PANCREAS,0.6478750109672546,0.5591839858714271,X_scGPT,False
vincristine,HUPT4_PANCREAS,0.4810187518596649,0.640255659286465,X_scGPT,False
vincristine,IALM_LUNG,0.8377500176429749,0.53965078655237,X_scGPT,False
vincristine,IGR1_SKIN,0.3574312627315521,0.46444775207289335,X_scGPT,False
vincristine,IGR37_SKIN,0.24663333594799042,0.5205181322626834,X_scGPT,False
vincristine,IM95_STOMACH,0.19499333202838898,0.5448808842414135,X_scGPT,False
vincristine,JHH6_LIVER,0.9332500100135803,0.5504016903708282,X_scGPT,False
vincristine,JHOC5_OVARY,0.6779999732971191,0.6147415555756668,X_scGPT,False
vincristine,KALS1_CENTRAL_NERVOUS_SYSTEM,0.4094187617301941,0.49708213191479445,X_scGPT,False
vincristine,KMRC3_KIDNEY,0.4999333322048187,0.5976590874243756,X_scGPT,False
vincristine,KNS42_CENTRAL_NERVOUS_SYSTEM,0.6093999743461609,0.444284618767195,X_scGPT,False
vincristine,KPNSI9S_AUTONOMIC_GANGLIA,0.35938748717308044,0.3999478013016457,X_scGPT,False
vincristine,KYSE520_OESOPHAGUS,0.7401333451271057,0.5544086413302288,X_scGPT,False
vincristine,LI7_LIVER,0.5061312317848206,0.5744236310829922,X_scGPT,False
vincristine,LMSU_STOMACH,0.5531874895095825,0.46710195144017536,X_scGPT,False
vincristine,LNCAPCLONEFGC_PROSTATE,0.24716874957084656,0.629336955935456,X_scGPT,False
vincristine,LS1034_LARGE_INTESTINE,0.6206466555595398,0.6619945515508521,X_scGPT,False
vincristine,LS180_LARGE_INTESTINE,0.5076187252998352,0.5083731433526301,X_scGPT,False
vincristine,MCF7_BREAST,0.5924249887466431,0.5465495154991017,X_scGPT,False
vincristine,MDAMB361_BREAST,0.5774400234222412,0.5317763781106031,X_scGPT,False
vincristine,MFE319_ENDOMETRIUM,0.4310624897480011,0.5920471708187882,X_scGPT,False
vincristine,MKN45_STOMACH,0.9100624918937683,0.5624490132776357,X_scGPT,False
vincristine,MKN7_STOMACH,0.7352666854858398,0.6370646082615667,X_scGPT,False
vincristine,MSTO211H_PLEURA,0.34878748655319214,0.4684337171841952,X_scGPT,False
vincristine,NCIH1299_LUNG,0.6871187686920166,0.5370434312784717,X_scGPT,False
vincristine,NCIH1373_LUNG,0.7287499904632568,0.5552304361651583,X_scGPT,False
vincristine,NCIH1435_LUNG,0.7204999923706055,0.568023064386532,X_scGPT,False
vincristine,NCIH1792_LUNG,0.6696249842643738,0.5232046386143109,X_scGPT,False
vincristine,NCIH1944_LUNG,0.46594375371932983,0.5313175397650631,X_scGPT,False
vincristine,NCIH2087_LUNG,0.34689998626708984,0.5367751199088685,X_scGPT,False
vincristine,NCIH2110_LUNG,0.17688125371932983,0.5911921527817021,X_scGPT,False
vincristine,NCIH2126_LUNG,0.6244562268257141,0.38812531813076045,X_scGPT,False
vincristine,NCIH2170_LUNG,0.4926687479019165,0.3972406796586346,X_scGPT,False
vincristine,NCIH2228_LUNG,0.5347874760627747,0.6247253385486655,X_scGPT,False
vincristine,NCIH226_LUNG,0.8397499918937683,0.6584258333165595,X_scGPT,False
vincristine,NCIH2444_LUNG,0.9046249985694885,0.623897808010568,X_scGPT,False
vincristine,NCIH2452_PLEURA,0.6080750226974487,0.5848772006185524,X_scGPT,False
vincristine,NCIH358_LUNG,0.44712498784065247,0.6077525111890975,X_scGPT,False
vincristine,NCIH446_LUNG,0.2019687443971634,0.3568218686446852,X_scGPT,False
vincristine,NCIH460_LUNG,0.7309062480926514,0.47586429215246634,X_scGPT,False
vincristine,NCIH522_LUNG,0.1617249995470047,0.3755048567859026,X_scGPT,False
vincristine,NCIH650_LUNG,0.5985187292098999,0.5189454324570969,X_scGPT,False
vincristine,NCIH747_LARGE_INTESTINE,0.5193866491317749,0.5385102391242981,X_scGPT,False
vincristine,OAW28_OVARY,0.6553875207901001,0.6457792774120473,X_scGPT,False
vincristine,OSRC2_KIDNEY,0.8454375267028809,0.6557876093993111,X_scGPT,False
vincristine,OUMS23_LARGE_INTESTINE,0.6188750267028809,0.6718022689641079,X_scGPT,False
vincristine,OVK18_OVARY,0.40578123927116394,0.4645054368825441,X_scGPT,False
vincristine,OVSAHO_OVARY,0.8880624771118164,0.6526339538559515,X_scGPT,False
vincristine,OVTOKO_OVARY,0.7811874747276306,0.6130875726921137,X_scGPT,False
vincristine,PANC0203_PANCREAS,0.7631875276565552,0.5732721447826845,X_scGPT,False
vincristine,PATU8988S_PANCREAS,0.6373666524887085,0.5925684813104692,X_scGPT,False
vincristine,PC3_PROSTATE,0.6444374918937683,0.5546692377011452,X_scGPT,False
vincristine,PECAPJ49_UPPER_AERODIGESTIVE_TRACT,0.21821250021457672,0.468772958705921,X_scGPT,False
vincristine,PK45H_PANCREAS,0.7045999765396118,0.60290272594378,X_scGPT,False
vincristine,PK59_PANCREAS,0.7398750185966492,0.6368160494442644,X_scGPT,False
vincristine,RCC10RGB_KIDNEY,0.7806249856948853,0.6442913681652412,X_scGPT,False
vincristine,RCM1_LARGE_INTESTINE,0.9458666443824768,0.6077409812714905,X_scGPT,False
vincristine,RD_SOFT_TISSUE,0.2967599928379059,0.4898408490350877,X_scGPT,False
vincristine,RERFLCAD1_LUNG,1.005312442779541,0.6387023328508369,X_scGPT,False
vincristine,RERFLCAI_LUNG,0.2301187515258789,0.5312288890191175,X_scGPT,False
vincristine,RT4_URINARY_TRACT,0.5279250144958496,0.5455909168945169,X_scGPT,False
vincristine,RVH421_SKIN,0.2544187605381012,0.5925801150718992,X_scGPT,False
vincristine,SCC25_UPPER_AERODIGESTIVE_TRACT,0.34040623903274536,0.5000689230477624,X_scGPT,False
vincristine,SCC9_UPPER_AERODIGESTIVE_TRACT,0.48765623569488525,0.46486250651510136,X_scGPT,False
vincristine,SH10TC_STOMACH,0.43741875886917114,0.6013482933879918,X_scGPT,False
vincristine,SKES1_BONE,0.035750001668930054,0.37203513658963716,X_scGPT,False
vincristine,SKMEL2_SKIN,0.7256875038146973,0.5125926157486611,X_scGPT,False
vincristine,SKMEL30_SKIN,0.8165000081062317,0.5472839746529252,X_scGPT,False
vincristine,SKMEL3_SKIN,0.6436874866485596,0.45824395412022306,X_scGPT,False
vincristine,SKMEL5_SKIN,0.36355000734329224,0.5710454591195592,X_scGPT,False
vincristine,SKNAS_AUTONOMIC_GANGLIA,0.34972500801086426,0.32286342853202227,X_scGPT,False
vincristine,SNU1079_BILIARY_TRACT,0.7950714230537415,0.6231946712487364,X_scGPT,False
vincristine,SNU1214_UPPER_AERODIGESTIVE_TRACT,0.5193937420845032,0.5594109892845154,X_scGPT,False
vincristine,SNU308_BILIARY_TRACT,0.6400625109672546,0.5131253045290074,X_scGPT,False
vincristine,SNU423_LIVER,0.40997499227523804,0.5242267402837861,X_scGPT,False
vincristine,SNU449_LIVER,0.7581999897956848,0.5121678731120225,X_scGPT,False
vincristine,SNU46_UPPER_AERODIGESTIVE_TRACT,0.7064375281333923,0.5193982831502365,X_scGPT,False
vincristine,SNU738_CENTRAL_NERVOUS_SYSTEM,0.684499979019165,0.5771319504463578,X_scGPT,False
vincristine,SNU899_UPPER_AERODIGESTIVE_TRACT,0.8463749885559082,0.5048025781849781,X_scGPT,False
vincristine,SNUC4_LARGE_INTESTINE,0.5322266817092896,0.4673765451035101,X_scGPT,False
vincristine,SQ1_LUNG,0.5388500094413757,0.5992608481094617,X_scGPT,False
vincristine,SU8686_PANCREAS,0.5508437752723694,0.5955302973346013,X_scGPT,False
vincristine,SW1088_CENTRAL_NERVOUS_SYSTEM,0.5256437659263611,0.46835711831226945,X_scGPT,False
vincristine,SW1271_LUNG,0.7133125066757202,0.6169103752011839,X_scGPT,False
vincristine,SW1990_PANCREAS,0.5988374948501587,0.6175760762699264,X_scGPT,False
vincristine,SW579_THYROID,0.21722500026226044,0.5479139818848553,X_scGPT,False
vincristine,T47D_BREAST,0.850266695022583,0.6380945740781758,X_scGPT,False
vincristine,TCCSUP_URINARY_TRACT,0.687624990940094,0.5023419095934192,X_scGPT,False
vincristine,TE10_OESOPHAGUS,0.5327500104904175,0.5671586959057202,X_scGPT,False
vincristine,TE14_OESOPHAGUS,0.6224615573883057,0.39258733498647747,X_scGPT,False
vincristine,TE1_OESOPHAGUS,0.7388125061988831,0.6221920821851897,X_scGPT,False
vincristine,TE6_OESOPHAGUS,0.38093748688697815,0.5139144220391116,X_scGPT,False
vincristine,TE9_OESOPHAGUS,0.5380125045776367,0.4852848073407527,X_scGPT,False
vincristine,TM31_CENTRAL_NERVOUS_SYSTEM,0.5729187726974487,0.566802714148472,X_scGPT,False
vincristine,TOV21G_OVARY,0.5007249712944031,0.5393806534712432,X_scGPT,False
vincristine,TYKNU_OVARY,0.5251562595367432,0.4040935332449073,X_scGPT,False
vincristine,U118MG_CENTRAL_NERVOUS_SYSTEM,0.5909625291824341,0.457521522142848,X_scGPT,False
vincristine,UACC257_SKIN,0.7762500047683716,0.521244184990807,X_scGPT,False
vincristine,UMUC1_URINARY_TRACT,0.48531249165534973,0.552603101972396,X_scGPT,False
vincristine,VMCUB1_URINARY_TRACT,0.4484249949455261,0.4746026936061213,X_scGPT,False
vincristine,VMRCRCZ_KIDNEY,0.664187490940094,0.6298092358311017,X_scGPT,False
vincristine,YD38_UPPER_AERODIGESTIVE_TRACT,0.4536312520503998,0.5116083604785112,X_scGPT,False
vincristine,ZR751_BREAST,0.6918749809265137,0.6051814186727345,X_scGPT,False
afatinib,42MGBA_CENTRAL_NERVOUS_SYSTEM,0.7275000214576721,0.7409073681674869,X_scGPT,False
afatinib,8305C_THYROID,0.6925333142280579,0.7523758682809883,X_scGPT,False
afatinib,A204_SOFT_TISSUE,0.5591874718666077,0.7236938769817353,X_scGPT,False
afatinib,A2058_SKIN,0.7646874785423279,0.7937452937064527,X_scGPT,False
afatinib,A375_SKIN,0.9358571171760559,0.6821697135196769,X_scGPT,False
afatinib,ACCMESO1_PLEURA,0.8127333521842957,0.788377630121914,X_scGPT,False
afatinib,ASPC1_PANCREAS,0.6907187700271606,0.6931201811494498,X_scGPT,False
afatinib,BCPAP_THYROID,0.777733325958252,0.7309455365726822,X_scGPT,False
afatinib,BFTC909_KIDNEY,0.7073333263397217,0.7776792750824095,X_scGPT,False
afatinib,BHY_UPPER_AERODIGESTIVE_TRACT,0.45029333233833313,0.5795253223386304,X_scGPT,False
afatinib,BICR31_UPPER_AERODIGESTIVE_TRACT,0.4339374899864197,0.5808600338716661,X_scGPT,False
afatinib,BICR56_UPPER_AERODIGESTIVE_TRACT,0.3860437572002411,0.42024758899653397,X_scGPT,False
afatinib,BICR6_UPPER_AERODIGESTIVE_TRACT,0.711187481880188,0.6337639493542118,X_scGPT,False
afatinib,BT474_BREAST,0.43651875853538513,0.6728561201095581,X_scGPT,False
afatinib,BT549_BREAST,0.7768124938011169,0.728145148072924,X_scGPT,False
afatinib,CAKI2_KIDNEY,0.668874979019165,0.7269024162841358,X_scGPT,False
afatinib,CALU6_LUNG,0.7353333234786987,0.8088691731293997,X_scGPT,False
afatinib,CAMA1_BREAST,0.9009333252906799,0.6935559246957916,X_scGPT,False
afatinib,CAS1_CENTRAL_NERVOUS_SYSTEM,0.7460625171661377,0.7195395020613993,X_scGPT,False
afatinib,CCFSTTG1_CENTRAL_NERVOUS_SYSTEM,0.8619375228881836,0.7241991043575411,X_scGPT,False
afatinib,COLO680N_OESOPHAGUS,0.7075999975204468,0.6586946678093241,X_scGPT,False
afatinib,COLO792_SKIN,0.6729999780654907,0.7697602956937248,X_scGPT,False
afatinib,COV434_OVARY,0.6568750143051147,0.7367276881228794,X_scGPT,False
afatinib,DANG_PANCREAS,0.7179999947547913,0.6648980912628707,X_scGPT,False
afatinib,DAOY_CENTRAL_NERVOUS_SYSTEM,0.9120769500732422,0.7069750882128379,X_scGPT,False
afatinib,DETROIT562_UPPER_AERODIGESTIVE_TRACT,0.6452142596244812,0.6211966561393504,X_scGPT,False
afatinib,DKMG_CENTRAL_NERVOUS_SYSTEM,0.7222499847412109,0.7126563736873359,X_scGPT,False
afatinib,EBC1_LUNG,0.6473125219345093,0.6792510581272905,X_scGPT,False
afatinib,EFE184_ENDOMETRIUM,0.6528124809265137,0.6971365643102069,X_scGPT,False
afatinib,EKVX_LUNG,0.47856250405311584,0.6963012038844906,X_scGPT,False
afatinib,FTC133_THYROID,0.8962500095367432,0.7560436989579882,X_scGPT,False
afatinib,GOS3_CENTRAL_NERVOUS_SYSTEM,0.7197499871253967,0.7369712734721718,X_scGPT,False
afatinib,HCC1428_BREAST,0.7386875152587891,0.6532014002950173,X_scGPT,False
afatinib,HCC366_LUNG,0.6853500008583069,0.7287540913808463,X_scGPT,False
afatinib,HCC38_BREAST,0.7213749885559082,0.6751341417431831,X_scGPT,False
afatinib,HCC56_LARGE_INTESTINE,0.675000011920929,0.6489273430121065,X_scGPT,False
afatinib,HDQP1_BREAST,0.6154000163078308,0.6684906128793955,X_scGPT,False
afatinib,HEC151_ENDOMETRIUM,0.6186312437057495,0.7320827181339264,X_scGPT,False
afatinib,HEC251_ENDOMETRIUM,0.7176615595817566,0.6791995992170317,X_scGPT,False
afatinib,HEC6_ENDOMETRIUM,0.9160000085830688,0.7094080940536831,X_scGPT,False
afatinib,HEP3B217_LIVER,0.817466676235199,0.710724012326386,X_scGPT,False
afatinib,HMC18_BREAST,0.8866153955459595,0.799116988027462,X_scGPT,False
afatinib,HOS_BONE,0.8081874847412109,0.8039025203454049,X_scGPT,False
afatinib,HS852T_SKIN,0.6169062256813049,0.7304683949476407,X_scGPT,False
afatinib,HT1080_SOFT_TISSUE,0.7598124742507935,0.6933781417996384,X_scGPT,False
afatinib,HT1197_URINARY_TRACT,1.100000023841858,0.6745534200926084,X_scGPT,False
afatinib,HT55_LARGE_INTESTINE,0.46175000071525574,0.7404729147657964,X_scGPT,False
afatinib,HUPT3_PANCREAS,0.7680000066757202,0.6513436546220499,X_scGPT,False
afatinib,HUPT4_PANCREAS,0.4047062397003174,0.6102503995810237,X_scGPT,False
afatinib,IALM_LUNG,0.8001428842544556,0.6914471708099295,X_scGPT,False
afatinib,IGR1_SKIN,0.695187509059906,0.7605686930130268,X_scGPT,False
afatinib,IGR37_SKIN,0.7457500100135803,0.7836300380291787,X_scGPT,False
afatinib,IM95_STOMACH,0.46796876192092896,0.657115449132146,X_scGPT,False
afatinib,JHH6_LIVER,0.8983749747276306,0.7265614398474832,X_scGPT,False
afatinib,JHOC5_OVARY,0.6862461566925049,0.7383752872203958,X_scGPT,False
afatinib,KALS1_CENTRAL_NERVOUS_SYSTEM,0.7638124823570251,0.7142933820270829,X_scGPT,False
afatinib,KMRC3_KIDNEY,0.7061874866485596,0.7051632049132367,X_scGPT,False
afatinib,KNS42_CENTRAL_NERVOUS_SYSTEM,0.7439374923706055,0.7068558622931325,X_scGPT,False
afatinib,KPNSI9S_AUTONOMIC_GANGLIA,0.7086874842643738,0.7558885438497677,X_scGPT,False
afatinib,KYSE520_OESOPHAGUS,0.5781624913215637,0.6551224092950024,X_scGPT,False
afatinib,LMSU_STOMACH,0.7841249704360962,0.7571890022240433,X_scGPT,False
afatinib,LNCAPCLONEFGC_PROSTATE,0.7328125238418579,0.7165194491083308,X_scGPT,False
afatinib,LS1034_LARGE_INTESTINE,0.7124375104904175,0.6363781800825302,X_scGPT,False
afatinib,LS180_LARGE_INTESTINE,0.783307671546936,0.6587502720283339,X_scGPT,False
afatinib,MCF7_BREAST,0.7252143025398254,0.6774407637702835,X_scGPT,False
afatinib,MDAMB361_BREAST,0.49120625853538513,0.6767655809720358,X_scGPT,False
afatinib,MFE319_ENDOMETRIUM,0.7394375205039978,0.7192859050491094,X_scGPT,False
afatinib,MKN45_STOMACH,0.937333345413208,0.6750526746450844,X_scGPT,False
afatinib,MKN7_STOMACH,0.6158562302589417,0.7068222950595294,X_scGPT,False
afatinib,NCIH1299_LUNG,0.777439534664154,0.8274356160271034,X_scGPT,False
afatinib,NCIH1373_LUNG,0.7123125195503235,0.7152113340249876,X_scGPT,False
afatinib,NCIH1435_LUNG,0.45918750762939453,0.6701881463608045,X_scGPT,False
afatinib,NCIH1792_LUNG,0.7356250286102295,0.71973812419015,X_scGPT,False
afatinib,NCIH1944_LUNG,0.648312509059906,0.7227038993063756,X_scGPT,False
afatinib,NCIH2087_LUNG,0.5962562561035156,0.6634312500692394,X_scGPT,False
afatinib,NCIH2110_LUNG,0.6371250152587891,0.6310669321211139,X_scGPT,False
afatinib,NCIH2126_LUNG,0.7491428852081299,0.580705180312648,X_scGPT,False
afatinib,NCIH2170_LUNG,0.4127500057220459,0.6734996316298633,X_scGPT,False
afatinib,NCIH2228_LUNG,0.5936499834060669,0.7162211529240621,X_scGPT,False
afatinib,NCIH2444_LUNG,1.100000023841858,0.6932964194173048,X_scGPT,False
afatinib,NCIH2452_PLEURA,0.6032266616821289,0.7124064607912723,X_scGPT,False
afatinib,NCIH358_LUNG,0.4544466733932495,0.675808270062719,X_scGPT,False
afatinib,NCIH460_LUNG,0.9790312647819519,0.692094490448349,X_scGPT,False
afatinib,NCIH522_LUNG,0.5817937254905701,0.7391535556660249,X_scGPT,False
afatinib,NCIH650_LUNG,0.7299285531044006,0.7411645551889146,X_scGPT,False
afatinib,NCIH747_LARGE_INTESTINE,0.4780312478542328,0.640443742275238,X_scGPT,False
afatinib,OAW28_OVARY,0.6094218492507935,0.7013225555419922,X_scGPT,False
afatinib,OSRC2_KIDNEY,0.7542142868041992,0.7324697942960829,X_scGPT,False
afatinib,OUMS23_LARGE_INTESTINE,0.7694000005722046,0.7397786133757261,X_scGPT,False
afatinib,OVSAHO_OVARY,0.7030571699142456,0.7481100228389455,X_scGPT,False
afatinib,OVTOKO_OVARY,0.6664199829101562,0.6922383944383649,X_scGPT,False
afatinib,PANC0203_PANCREAS,0.7578750252723694,0.6757533371212925,X_scGPT,False
afatinib,PATU8988S_PANCREAS,0.6714375019073486,0.6418411294456388,X_scGPT,False
afatinib,PC3_PROSTATE,0.7809374928474426,0.7095671257323767,X_scGPT,False
afatinib,PECAPJ49_UPPER_AERODIGESTIVE_TRACT,0.5472312569618225,0.5396520427548059,X_scGPT,False
afatinib,PK45H_PANCREAS,0.7161874771118164,0.7571525545137835,X_scGPT,False
afatinib,PK59_PANCREAS,0.6715624928474426,0.6409984796211637,X_scGPT,False
afatinib,RCC10RGB_KIDNEY,0.7647500038146973,0.6938998962676576,X_scGPT,False
afatinib,RCM1_LARGE_INTESTINE,0.7378749847412109,0.6303548659197986,X_scGPT,False
afatinib,RD_SOFT_TISSUE,0.6806874871253967,0.7156929901276512,X_scGPT,False
afatinib,RERFLCAD1_LUNG,0.9696922898292542,0.6993866859640113,X_scGPT,False
afatinib,RERFLCAI_LUNG,0.9084615111351013,0.7386506660737654,X_scGPT,False
afatinib,RT4_URINARY_TRACT,0.5683500170707703,0.6585866291567964,X_scGPT,False
afatinib,RVH421_SKIN,0.6581875085830688,0.7238894952889766,X_scGPT,False
afatinib,SCC25_UPPER_AERODIGESTIVE_TRACT,0.23332500457763672,0.5737550735871882,X_scGPT,False
afatinib,SCC9_UPPER_AERODIGESTIVE_TRACT,0.483293741941452,0.6481779247208646,X_scGPT,False
afatinib,SH10TC_STOMACH,0.7716875076293945,0.7757596911867799,X_scGPT,False
afatinib,SKES1_BONE,0.6918125152587891,0.7475297254520458,X_scGPT,False
afatinib,SKMEL2_SKIN,0.7366874814033508,0.7426274241744608,X_scGPT,False
afatinib,SKMEL3_SKIN,0.7950624823570251,0.7471413409587034,X_scGPT,False
afatinib,SKNAS_AUTONOMIC_GANGLIA,0.6861875057220459,0.7447347277033646,X_scGPT,False
afatinib,SNU1079_BILIARY_TRACT,0.29893332719802856,0.7304644037599433,X_scGPT,False
afatinib,SNU308_BILIARY_TRACT,0.7046384811401367,0.6311113257357415,X_scGPT,False
afatinib,SNU449_LIVER,0.7425000071525574,0.7440525360986696,X_scGPT,False
afatinib,SNU46_UPPER_AERODIGESTIVE_TRACT,0.8281538486480713,0.7129741260560892,X_scGPT,False
afatinib,SNU738_CENTRAL_NERVOUS_SYSTEM,0.7675625085830688,0.7294584592917349,X_scGPT,False
afatinib,SNU899_UPPER_AERODIGESTIVE_TRACT,0.8895384669303894,0.6332503467439169,X_scGPT,False
afatinib,SNUC4_LARGE_INTESTINE,0.5654312372207642,0.7269712777158177,X_scGPT,False
afatinib,SQ1_LUNG,0.5305250287055969,0.6998730041399723,X_scGPT,False
afatinib,SW1088_CENTRAL_NERVOUS_SYSTEM,0.7102500200271606,0.7584790592081845,X_scGPT,False
afatinib,SW1271_LUNG,0.74657142162323,0.7857607711916385,X_scGPT,False
afatinib,SW1990_PANCREAS,0.6754375100135803,0.7190788933819202,X_scGPT,False
afatinib,SW579_THYROID,0.679562509059906,0.7127137272039317,X_scGPT,False
afatinib,T47D_BREAST,0.710562527179718,0.7245546660272244,X_scGPT,False
afatinib,TCCSUP_URINARY_TRACT,0.9133076667785645,0.7580383065380628,X_scGPT,False
afatinib,TE10_OESOPHAGUS,0.7143615484237671,0.6585939700745013,X_scGPT,False
afatinib,TE14_OESOPHAGUS,0.4214499890804291,0.6221407583368479,X_scGPT,False
afatinib,TE1_OESOPHAGUS,0.6724374890327454,0.7305203300077938,X_scGPT,False
afatinib,TE6_OESOPHAGUS,0.6680600047111511,0.6647118340819371,X_scGPT,False
afatinib,TE9_OESOPHAGUS,0.881615400314331,0.5903576951353781,X_scGPT,False
afatinib,TM31_CENTRAL_NERVOUS_SYSTEM,0.7508749961853027,0.7168312607140377,X_scGPT,False
afatinib,TOV21G_OVARY,0.7835000157356262,0.7405333999727594,X_scGPT,False
afatinib,TYKNU_OVARY,0.7437142729759216,0.7290337972151928,X_scGPT,False
afatinib,U118MG_CENTRAL_NERVOUS_SYSTEM,0.7283124923706055,0.719085974527187,X_scGPT,False
afatinib,UACC257_SKIN,0.7302500009536743,0.7703647788099665,X_scGPT,False
afatinib,UMUC1_URINARY_TRACT,0.7469375133514404,0.5495037929660778,X_scGPT,False
afatinib,VMCUB1_URINARY_TRACT,0.5144733190536499,0.6091421510883954,X_scGPT,False
afatinib,VMRCRCZ_KIDNEY,0.734000027179718,0.7516245494286219,X_scGPT,False
afatinib,YD38_UPPER_AERODIGESTIVE_TRACT,0.37678462266921997,0.6157000755938964,X_scGPT,False
afatinib,ZR751_BREAST,0.7263333201408386,0.7273563619184649,X_scGPT,False
topotecan,42MGBA_CENTRAL_NERVOUS_SYSTEM,0.4824312627315521,0.5882570391456132,X_scGPT,False
topotecan,8305C_THYROID,0.6244562268257141,0.5772491619477864,X_scGPT,False
topotecan,A204_SOFT_TISSUE,0.3839312493801117,0.621539085149765,X_scGPT,False
topotecan,A2058_SKIN,0.5907874703407288,0.6616352575571358,X_scGPT,False
topotecan,A375_SKIN,0.5974317193031311,0.6227860242681198,X_scGPT,False
topotecan,ACCMESO1_PLEURA,0.8691874742507935,0.6463563835915224,X_scGPT,False
topotecan,ASPC1_PANCREAS,0.7066875100135803,0.6613634017007104,X_scGPT,False
topotecan,BCPAP_THYROID,0.55673748254776,0.598532815512858,X_scGPT,False
topotecan,BFTC909_KIDNEY,0.6002500057220459,0.571685528141842,X_scGPT,False
topotecan,BHY_UPPER_AERODIGESTIVE_TRACT,0.5655437707901001,0.6406847682492486,X_scGPT,False
topotecan,BICR31_UPPER_AERODIGESTIVE_TRACT,0.6766250133514404,0.6081240419899264,X_scGPT,False
topotecan,BICR56_UPPER_AERODIGESTIVE_TRACT,0.49480000138282776,0.5866983209127261,X_scGPT,False
topotecan,BICR6_UPPER_AERODIGESTIVE_TRACT,0.5265937447547913,0.6377772736799466,X_scGPT,False
topotecan,BT474_BREAST,0.8801249861717224,0.655515450000763,X_scGPT,False
topotecan,BT549_BREAST,0.5204312205314636,0.531004302035597,X_scGPT,False
topotecan,CAKI2_KIDNEY,0.8848749995231628,0.6640485147778079,X_scGPT,False
topotecan,CALU6_LUNG,0.8381428718566895,0.6154789522636769,X_scGPT,False
topotecan,CAMA1_BREAST,0.6763749718666077,0.7425068186730454,X_scGPT,False
topotecan,CAS1_CENTRAL_NERVOUS_SYSTEM,0.5934500098228455,0.616912175390057,X_scGPT,False
topotecan,CCFSTTG1_CENTRAL_NERVOUS_SYSTEM,0.8444374799728394,0.5728253685846562,X_scGPT,False
topotecan,COLO680N_OESOPHAGUS,0.6808750033378601,0.6390919585072972,X_scGPT,False
topotecan,COLO741_SKIN,0.7103750109672546,0.6226803225586842,X_scGPT,False
topotecan,COLO792_SKIN,0.7352499961853027,0.7065397582370857,X_scGPT,False
topotecan,COV434_OVARY,0.422893762588501,0.5546880757266824,X_scGPT,False
topotecan,DANG_PANCREAS,0.6154312491416931,0.6455727490511808,X_scGPT,False
topotecan,DAOY_CENTRAL_NERVOUS_SYSTEM,0.4267125129699707,0.6085228820288309,X_scGPT,False
topotecan,DETROIT562_UPPER_AERODIGESTIVE_TRACT,0.573912501335144,0.629788551228178,X_scGPT,False
topotecan,DKMG_CENTRAL_NERVOUS_SYSTEM,0.5956875085830688,0.5413117230598337,X_scGPT,False
topotecan,EBC1_LUNG,0.4879642724990845,0.6455055946303953,X_scGPT,False
topotecan,EFE184_ENDOMETRIUM,0.7967857122421265,0.6777391509954319,X_scGPT,False
topotecan,EKVX_LUNG,0.8255624771118164,0.6652130590726252,X_scGPT,False
topotecan,FTC133_THYROID,0.45239999890327454,0.6127067829881395,X_scGPT,False
topotecan,GOS3_CENTRAL_NERVOUS_SYSTEM,0.6502500176429749,0.6114986875918523,X_scGPT,False
topotecan,HCC1428_BREAST,0.6800000071525574,0.6852564750693915,X_scGPT,False
topotecan,HCC366_LUNG,0.5889624953269958,0.6297187456990233,X_scGPT,False
topotecan,HCC38_BREAST,0.4955874979496002,0.632399565577507,X_scGPT,False
topotecan,HCC56_LARGE_INTESTINE,0.6336249709129333,0.7111109025550612,X_scGPT,False
topotecan,HDQP1_BREAST,0.7838000059127808,0.66197320073843,X_scGPT,False
topotecan,HEC151_ENDOMETRIUM,0.6496642827987671,0.6677457814216614,X_scGPT,False
topotecan,HEC251_ENDOMETRIUM,0.7348750233650208,0.6583416729329903,X_scGPT,False
topotecan,HEC6_ENDOMETRIUM,0.5860937237739563,0.6236444678365815,X_scGPT,False
topotecan,HEP3B217_LIVER,0.7630000114440918,0.6620754741005979,X_scGPT,False
topotecan,HMC18_BREAST,0.6307500004768372,0.6250158430366386,X_scGPT,False
topotecan,HOS_BONE,0.5432437658309937,0.5542599939897351,X_scGPT,False
topotecan,HS852T_SKIN,0.6981714367866516,0.6554698958808993,X_scGPT,False
topotecan,HT1080_SOFT_TISSUE,0.47289374470710754,0.6196186537890471,X_scGPT,False
topotecan,HT1197_URINARY_TRACT,1.100000023841858,0.6767590521155177,X_scGPT,False
topotecan,HT55_LARGE_INTESTINE,0.8721428513526917,0.684215708648989,X_scGPT,False
topotecan,HUH6_LIVER,0.9066428542137146,0.6714073160343622,X_scGPT,False
topotecan,HUPT3_PANCREAS,0.7263333201408386,0.6461664736270905,X_scGPT,False
topotecan,HUPT4_PANCREAS,0.4790000021457672,0.6710982429129737,X_scGPT,False
topotecan,IALM_LUNG,0.6579375267028809,0.6258134408767179,X_scGPT,False
topotecan,IGR1_SKIN,0.6289374828338623,0.6005001158549867,X_scGPT,False
topotecan,IGR37_SKIN,0.43639373779296875,0.6899434513592239,X_scGPT,False
topotecan,IM95_STOMACH,0.58017498254776,0.6758061209240476,X_scGPT,False
topotecan,JHH6_LIVER,0.7374374866485596,0.6372295163788841,X_scGPT,False
topotecan,JHOC5_OVARY,0.533118724822998,0.6353781872782214,X_scGPT,False
topotecan,KALS1_CENTRAL_NERVOUS_SYSTEM,0.7300000190734863,0.6110857282247808,X_scGPT,False
topotecan,KMRC3_KIDNEY,0.6220124959945679,0.6473022426877703,X_scGPT,False
topotecan,KNS42_CENTRAL_NERVOUS_SYSTEM,0.7867500185966492,0.5978587141563726,X_scGPT,False
topotecan,KPNSI9S_AUTONOMIC_GANGLIA,0.4430437386035919,0.5308138002720915,X_scGPT,False
topotecan,KYSE520_OESOPHAGUS,0.781000018119812,0.6353671065424987,X_scGPT,False
topotecan,LI7_LIVER,0.4829375147819519,0.6436674950682387,X_scGPT,False
topotecan,LMSU_STOMACH,0.5675812363624573,0.5605876798723258,X_scGPT,False
topotecan,LNCAPCLONEFGC_PROSTATE,0.44163748621940613,0.7091273753217948,X_scGPT,False
topotecan,LS1034_LARGE_INTESTINE,0.5596625208854675,0.7174122937738079,X_scGPT,False
topotecan,LS180_LARGE_INTESTINE,0.5135999917984009,0.6315746038244041,X_scGPT,False
topotecan,MCF7_BREAST,0.7710000276565552,0.6726560100808844,X_scGPT,False
topotecan,MDAMB361_BREAST,0.6901249885559082,0.6398853911293878,X_scGPT,False
topotecan,MFE319_ENDOMETRIUM,0.7285624742507935,0.6904384955685801,X_scGPT,False
topotecan,MKN45_STOMACH,0.819266676902771,0.6430576039572894,X_scGPT,False
topotecan,MKN7_STOMACH,0.5615875124931335,0.7022111351175826,X_scGPT,False
topotecan,MSTO211H_PLEURA,0.3930937647819519,0.5996596871401726,X_scGPT,False
topotecan,NCIH1299_LUNG,0.6955416798591614,0.632080748509825,X_scGPT,False
topotecan,NCIH1373_LUNG,0.7292500138282776,0.6051728529174153,X_scGPT,False
topotecan,NCIH1435_LUNG,0.7540714144706726,0.6497873320115193,X_scGPT,False
topotecan,NCIH1792_LUNG,0.7751874923706055,0.6150441363051131,X_scGPT,False
topotecan,NCIH1944_LUNG,0.5601000189781189,0.6446075462488736,X_scGPT,False
topotecan,NCIH2087_LUNG,0.3973124921321869,0.6315324995071376,X_scGPT,False
topotecan,NCIH2110_LUNG,0.5468875169754028,0.6436190560834492,X_scGPT,False
topotecan,NCIH2126_LUNG,0.8023571372032166,0.609070990347501,X_scGPT,False
topotecan,NCIH2170_LUNG,0.40824374556541443,0.5835234258376377,X_scGPT,False
topotecan,NCIH2228_LUNG,0.38759374618530273,0.6284394930104144,X_scGPT,False
topotecan,NCIH226_LUNG,0.4896399974822998,0.64407729950357,X_scGPT,False
topotecan,NCIH2444_LUNG,0.7920666933059692,0.6807927554669763,X_scGPT,False
topotecan,NCIH2452_PLEURA,0.4097062647342682,0.6313251748847253,X_scGPT,False
topotecan,NCIH358_LUNG,0.5368437767028809,0.6442650611556712,X_scGPT,False
topotecan,NCIH446_LUNG,0.4517187476158142,0.5704238779690801,X_scGPT,False
topotecan,NCIH460_LUNG,0.6234406232833862,0.6048471946870128,X_scGPT,False
topotecan,NCIH522_LUNG,0.4971562623977661,0.5395606644451618,X_scGPT,False
topotecan,NCIH650_LUNG,0.6185125112533569,0.6131046625520911,X_scGPT,False
topotecan,NCIH747_LARGE_INTESTINE,0.5101125240325928,0.6344774946570396,X_scGPT,False
topotecan,OAW28_OVARY,0.7955648899078369,0.6732247342234072,X_scGPT,False
topotecan,OSRC2_KIDNEY,0.6897500157356262,0.6577037038311125,X_scGPT,False
topotecan,OUMS23_LARGE_INTESTINE,0.7746250033378601,0.698614864705879,X_scGPT,False
topotecan,OVK18_OVARY,0.6498857140541077,0.5703062589248914,X_scGPT,False
topotecan,OVSAHO_OVARY,0.7563124895095825,0.6673605822781634,X_scGPT,False
topotecan,OVTOKO_OVARY,0.6408125162124634,0.6622887824140667,X_scGPT,False
topotecan,PANC0203_PANCREAS,1.100000023841858,0.6217459091555931,X_scGPT,False
topotecan,PATU8988S_PANCREAS,0.4374125003814697,0.6898029822795118,X_scGPT,False
topotecan,PC3_PROSTATE,0.6433749794960022,0.6323144562851043,X_scGPT,False
topotecan,PECAPJ49_UPPER_AERODIGESTIVE_TRACT,0.4322749972343445,0.6087112648062186,X_scGPT,False
topotecan,PK45H_PANCREAS,0.7463750243186951,0.6255101394389389,X_scGPT,False
topotecan,PK59_PANCREAS,0.8214285969734192,0.6785667829814999,X_scGPT,False
topotecan,RCC10RGB_KIDNEY,0.8304374814033508,0.65946352609749,X_scGPT,False
topotecan,RCM1_LARGE_INTESTINE,0.6254374980926514,0.6628782832995057,X_scGPT,False
topotecan,RD_SOFT_TISSUE,0.5950062274932861,0.5965776011861604,X_scGPT,False
topotecan,RERFLCAD1_LUNG,0.8059999942779541,0.6557946420991372,X_scGPT,False
topotecan,RERFLCAI_LUNG,0.45653125643730164,0.6324780061548065,X_scGPT,False
topotecan,RT4_URINARY_TRACT,0.6769142746925354,0.6297943220948273,X_scGPT,False
topotecan,RVH421_SKIN,0.6141124963760376,0.6414925760305078,X_scGPT,False
topotecan,SCC25_UPPER_AERODIGESTIVE_TRACT,0.5507749915122986,0.5974932913658083,X_scGPT,False
topotecan,SCC9_UPPER_AERODIGESTIVE_TRACT,0.5902937650680542,0.5647002404614498,X_scGPT,False
topotecan,SH10TC_STOMACH,0.648187518119812,0.6198347280507753,X_scGPT,False
topotecan,SKES1_BONE,0.1774437427520752,0.5447277171271188,X_scGPT,False
topotecan,SKMEL30_SKIN,0.8722142577171326,0.6339119883839874,X_scGPT,False
topotecan,SKMEL3_SKIN,0.6416875123977661,0.6251793503761292,X_scGPT,False
topotecan,SKMEL5_SKIN,0.640328586101532,0.6539482398065253,X_scGPT,False
topotecan,SKNAS_AUTONOMIC_GANGLIA,0.5305625200271606,0.5535245274020507,X_scGPT,False
topotecan,SNU1079_BILIARY_TRACT,0.6266250014305115,0.6705376375211428,X_scGPT,False
topotecan,SNU1214_UPPER_AERODIGESTIVE_TRACT,0.6539375185966492,0.6171845533746354,X_scGPT,False
topotecan,SNU308_BILIARY_TRACT,0.7105000019073486,0.6205478069630075,X_scGPT,False
topotecan,SNU423_LIVER,0.6836875081062317,0.5793771277058799,X_scGPT,False
topotecan,SNU449_LIVER,0.6822500228881836,0.6143935897671584,X_scGPT,False
topotecan,SNU46_UPPER_AERODIGESTIVE_TRACT,0.6648749709129333,0.6259608248532829,X_scGPT,False
topotecan,SNU899_UPPER_AERODIGESTIVE_TRACT,0.6890000104904175,0.6258123933550823,X_scGPT,False
topotecan,SNUC4_LARGE_INTESTINE,0.7204375267028809,0.6210092823051028,X_scGPT,False
topotecan,SQ1_LUNG,0.6750500202178955,0.6550936115389111,X_scGPT,False
topotecan,SU8686_PANCREAS,0.5922866463661194,0.6525459078753867,X_scGPT,False
topotecan,SW1088_CENTRAL_NERVOUS_SYSTEM,0.7542142868041992,0.5507457256317139,X_scGPT,False
topotecan,SW1271_LUNG,0.4592125117778778,0.666592394269031,X_scGPT,False
topotecan,SW1990_PANCREAS,0.5721625089645386,0.6721681278769279,X_scGPT,False
topotecan,SW579_THYROID,0.37169376015663147,0.6218722715355833,X_scGPT,False
topotecan,T47D_BREAST,0.6505625247955322,0.7294622158033276,X_scGPT,False
topotecan,TCCSUP_URINARY_TRACT,0.6418125033378601,0.5825589142645462,X_scGPT,False
topotecan,TE10_OESOPHAGUS,0.6285625100135803,0.6181571099856128,X_scGPT,False
topotecan,TE14_OESOPHAGUS,0.5445687770843506,0.5978526073166087,X_scGPT,False
topotecan,TE1_OESOPHAGUS,0.7959285974502563,0.6529641874785562,X_scGPT,False
topotecan,TE6_OESOPHAGUS,0.793571412563324,0.6137646694148734,X_scGPT,False
topotecan,TE9_OESOPHAGUS,0.6238999962806702,0.6059884205460548,X_scGPT,False
topotecan,TM31_CENTRAL_NERVOUS_SYSTEM,0.6638749837875366,0.6129293030705946,X_scGPT,False
topotecan,TYKNU_OVARY,0.5335857272148132,0.5804901953436371,X_scGPT,False
topotecan,U118MG_CENTRAL_NERVOUS_SYSTEM,0.6445624828338623,0.5485240753556861,X_scGPT,False
topotecan,UACC257_SKIN,0.6057687401771545,0.6845387719166329,X_scGPT,False
topotecan,UMUC1_URINARY_TRACT,0.5152937769889832,0.6363950350562934,X_scGPT,False
topotecan,VMCUB1_URINARY_TRACT,0.5999937653541565,0.605208998319993,X_scGPT,False
topotecan,VMRCRCZ_KIDNEY,0.6793749928474426,0.6480029018719992,X_scGPT,False
topotecan,YD38_UPPER_AERODIGESTIVE_TRACT,0.6243812441825867,0.5836154292218196,X_scGPT,False
topotecan,ZR751_BREAST,0.7781538367271423,0.6998251701635836,X_scGPT,False
tanespimycin,42MGBA_CENTRAL_NERVOUS_SYSTEM,0.3489750027656555,0.6766745025817031,X_scGPT,False
tanespimycin,8305C_THYROID,0.6222875118255615,0.6851179632226366,X_scGPT,False
tanespimycin,A204_SOFT_TISSUE,0.4463062584400177,0.6909479832649231,X_scGPT,False
tanespimycin,A2058_SKIN,0.6646875143051147,0.7851152103774401,X_scGPT,False
tanespimycin,A375_SKIN,0.8015375137329102,0.693666608196889,X_scGPT,False
tanespimycin,ACCMESO1_PLEURA,0.692312479019165,0.7699693452428888,X_scGPT,False
tanespimycin,ASPC1_PANCREAS,0.652468740940094,0.7102523004186565,X_scGPT,False
tanespimycin,BCPAP_THYROID,0.7262499928474426,0.6817611871581328,X_scGPT,False
tanespimycin,BFTC909_KIDNEY,0.6109687685966492,0.6966232704613013,X_scGPT,False
tanespimycin,BHY_UPPER_AERODIGESTIVE_TRACT,0.5404937267303467,0.6708853766835969,X_scGPT,False
tanespimycin,BICR31_UPPER_AERODIGESTIVE_TRACT,0.6745625138282776,0.5930786147232978,X_scGPT,False
tanespimycin,BICR56_UPPER_AERODIGESTIVE_TRACT,0.6386874914169312,0.5731696096467384,X_scGPT,False
tanespimycin,BICR6_UPPER_AERODIGESTIVE_TRACT,0.6154062747955322,0.654717849684762,X_scGPT,False
tanespimycin,BT474_BREAST,0.6648749709129333,0.7054241638183594,X_scGPT,False
tanespimycin,BT549_BREAST,0.7762500047683716,0.6350143764700208,X_scGPT,False
tanespimycin,CAKI2_KIDNEY,0.8253750205039978,0.7246791010709117,X_scGPT,False
tanespimycin,CALU6_LUNG,0.7658125162124634,0.7723145246967789,X_scGPT,False
tanespimycin,CAMA1_BREAST,0.7626000046730042,0.7268003391236374,X_scGPT,False
tanespimycin,CAS1_CENTRAL_NERVOUS_SYSTEM,0.8560666441917419,0.696166433786091,X_scGPT,False
tanespimycin,CCFSTTG1_CENTRAL_NERVOUS_SYSTEM,0.5401156544685364,0.6619896496214518,X_scGPT,False
tanespimycin,COLO680N_OESOPHAGUS,0.7543749809265137,0.6868826646649815,X_scGPT,False
tanespimycin,COLO741_SKIN,0.8259375095367432,0.7658112824506673,X_scGPT,False
tanespimycin,COLO792_SKIN,0.42531874775886536,0.8085729990058279,X_scGPT,False
tanespimycin,COV434_OVARY,0.5987125039100647,0.6620902601968158,X_scGPT,False
tanespimycin,DANG_PANCREAS,0.553725004196167,0.69911311681454,X_scGPT,False
tanespimycin,DAOY_CENTRAL_NERVOUS_SYSTEM,0.8758461475372314,0.6874707292407433,X_scGPT,False
tanespimycin,DETROIT562_UPPER_AERODIGESTIVE_TRACT,0.7839230895042419,0.6425966368131111,X_scGPT,False
tanespimycin,DKMG_CENTRAL_NERVOUS_SYSTEM,0.715749979019165,0.6250787958007897,X_scGPT,False
tanespimycin,EBC1_LUNG,0.4689062535762787,0.6965254923348786,X_scGPT,False
tanespimycin,EFE184_ENDOMETRIUM,0.7873749732971191,0.7470035636147787,X_scGPT,False
tanespimycin,EKVX_LUNG,0.7046874761581421,0.7098847795022677,X_scGPT,False
tanespimycin,FTC133_THYROID,0.8738750219345093,0.7123800490583693,X_scGPT,False
tanespimycin,GOS3_CENTRAL_NERVOUS_SYSTEM,0.7091875076293945,0.7071712332246192,X_scGPT,False
tanespimycin,HCC1428_BREAST,0.7291250228881836,0.6353917525509211,X_scGPT,False
tanespimycin,HCC366_LUNG,0.7491875290870667,0.7194120107900979,X_scGPT,False
tanespimycin,HCC38_BREAST,0.4781624972820282,0.694660856127739,X_scGPT,False
tanespimycin,HCC56_LARGE_INTESTINE,0.7376875281333923,0.6993932766143722,X_scGPT,False
tanespimycin,HDQP1_BREAST,0.6328125,0.7174793453887105,X_scGPT,False
tanespimycin,HEC151_ENDOMETRIUM,0.6633124947547913,0.7274308199882508,X_scGPT,False
tanespimycin,HEC251_ENDOMETRIUM,0.9295833110809326,0.7351280601225166,X_scGPT,False
tanespimycin,HEC6_ENDOMETRIUM,0.9943076968193054,0.7094267777034214,X_scGPT,False
tanespimycin,HEP3B217_LIVER,0.8781538605690002,0.6976211121526815,X_scGPT,False
tanespimycin,HMC18_BREAST,0.7940769195556641,0.7284495464364009,X_scGPT,False
tanespimycin,HOS_BONE,0.7524374723434448,0.7006875254276722,X_scGPT,False
tanespimycin,HS852T_SKIN,0.5985562205314636,0.7560778466271766,X_scGPT,False
tanespimycin,HT1080_SOFT_TISSUE,0.6940000057220459,0.6883429810982342,X_scGPT,False
tanespimycin,HT1197_URINARY_TRACT,1.0726125240325928,0.7313359774447776,X_scGPT,False
tanespimycin,HT55_LARGE_INTESTINE,0.6095874905586243,0.7727576273877473,X_scGPT,False
tanespimycin,HUH6_LIVER,0.6742500066757202,0.7465649830871786,X_scGPT,False
tanespimycin,HUPT3_PANCREAS,0.7627500295639038,0.6757998593589839,X_scGPT,False
tanespimycin,HUPT4_PANCREAS,0.6071187257766724,0.6922520037208285,X_scGPT,False
tanespimycin,IALM_LUNG,0.874625027179718,0.6941337631726117,X_scGPT,False
tanespimycin,IGR1_SKIN,0.7276250123977661,0.734779487478322,X_scGPT,False
tanespimycin,IGR37_SKIN,0.8250625133514404,0.8060534759625921,X_scGPT,False
tanespimycin,IM95_STOMACH,0.4435562491416931,0.6730995893478393,X_scGPT,False
tanespimycin,JHH6_LIVER,1.020937442779541,0.7165385831906957,X_scGPT,False
tanespimycin,JHOC5_OVARY,0.9363846182823181,0.7416385034034992,X_scGPT,False
tanespimycin,KALS1_CENTRAL_NERVOUS_SYSTEM,0.6919375061988831,0.6774078446129957,X_scGPT,False
tanespimycin,KNS42_CENTRAL_NERVOUS_SYSTEM,0.7885624766349792,0.6552577677161194,X_scGPT,False
tanespimycin,KPNSI9S_AUTONOMIC_GANGLIA,0.47176873683929443,0.6602083449215852,X_scGPT,False
tanespimycin,KYSE520_OESOPHAGUS,0.6211249828338623,0.6696116232281499,X_scGPT,False
tanespimycin,LI7_LIVER,0.5153124928474426,0.7097502664035681,X_scGPT,False
tanespimycin,LMSU_STOMACH,0.7879375219345093,0.6753958295373356,X_scGPT,False
tanespimycin,LNCAPCLONEFGC_PROSTATE,0.5700562596321106,0.7115613480871038,X_scGPT,False
tanespimycin,LS1034_LARGE_INTESTINE,0.7318124771118164,0.7017534228220378,X_scGPT,False
tanespimycin,LS180_LARGE_INTESTINE,0.8691666722297668,0.6667546458191489,X_scGPT,False
tanespimycin,MCF7_BREAST,0.9610769152641296,0.6626639987205292,X_scGPT,False
tanespimycin,MDAMB361_BREAST,0.24018749594688416,0.6879076193880151,X_scGPT,False
tanespimycin,MFE319_ENDOMETRIUM,0.7928125262260437,0.7282508627282387,X_scGPT,False
tanespimycin,MKN45_STOMACH,0.9777857065200806,0.6719568972870454,X_scGPT,False
tanespimycin,MKN7_STOMACH,0.9107499718666077,0.7440091699592827,X_scGPT,False
tanespimycin,MSTO211H_PLEURA,0.6588125228881836,0.6999866286110797,X_scGPT,False
tanespimycin,NCIH1299_LUNG,0.7682948708534241,0.7926820929577288,X_scGPT,False
tanespimycin,NCIH1373_LUNG,0.7143124938011169,0.6748913206705233,X_scGPT,False
tanespimycin,NCIH1435_LUNG,0.5564437508583069,0.6918637183275116,X_scGPT,False
tanespimycin,NCIH1792_LUNG,0.7088750004768372,0.6926365457139574,X_scGPT,False
tanespimycin,NCIH1944_LUNG,0.4636562466621399,0.6981352105520774,X_scGPT,False
tanespimycin,NCIH2087_LUNG,0.5585062503814697,0.6753723866319004,X_scGPT,False
tanespimycin,NCIH2110_LUNG,0.5435187220573425,0.6546331636270686,X_scGPT,False
tanespimycin,NCIH2126_LUNG,0.7841874957084656,0.5709788410952596,X_scGPT,False
tanespimycin,NCIH2170_LUNG,0.6006625294685364,0.6023871680380593,X_scGPT,False
tanespimycin,NCIH2228_LUNG,0.687125027179718,0.6844673382488843,X_scGPT,False
tanespimycin,NCIH226_LUNG,0.8980000019073486,0.7328381307581637,X_scGPT,False
tanespimycin,NCIH2444_LUNG,0.9904999732971191,0.726104778076526,X_scGPT,False
tanespimycin,NCIH2452_PLEURA,0.672249972820282,0.7081812564768313,X_scGPT,False
tanespimycin,NCIH358_LUNG,0.632562518119812,0.690589925540345,X_scGPT,False
tanespimycin,NCIH446_LUNG,0.832937479019165,0.6398552212179923,X_scGPT,False
tanespimycin,NCIH460_LUNG,0.8234062790870667,0.6773281387245925,X_scGPT,False
tanespimycin,NCIH522_LUNG,0.5172312259674072,0.6816252808158214,X_scGPT,False
tanespimycin,NCIH650_LUNG,0.7462666630744934,0.7070123032010349,X_scGPT,False
tanespimycin,NCIH747_LARGE_INTESTINE,0.5069437623023987,0.6734154552221299,X_scGPT,False
tanespimycin,OAW28_OVARY,0.8623124957084656,0.7370815343738343,X_scGPT,False
tanespimycin,OSRC2_KIDNEY,0.7811333537101746,0.7417416828019279,X_scGPT,False
tanespimycin,OUMS23_LARGE_INTESTINE,0.6698750257492065,0.7774729478024991,X_scGPT,False
tanespimycin,OVK18_OVARY,0.604562520980835,0.7375094307942337,X_scGPT,False
tanespimycin,OVSAHO_OVARY,1.100000023841858,0.7627756994726375,X_scGPT,False
tanespimycin,OVTOKO_OVARY,0.7988749742507935,0.7146605609706714,X_scGPT,False
tanespimycin,PANC0203_PANCREAS,0.6628124713897705,0.6750468634098414,X_scGPT,False
tanespimycin,PATU8988S_PANCREAS,0.4918749928474426,0.6825908122004055,X_scGPT,False
tanespimycin,PC3_PROSTATE,0.8475624918937683,0.699402888851053,X_scGPT,False
tanespimycin,PECAPJ49_UPPER_AERODIGESTIVE_TRACT,0.5185999870300293,0.6200828714535969,X_scGPT,False
tanespimycin,PK45H_PANCREAS,0.6283125281333923,0.7098760426704294,X_scGPT,False
tanespimycin,PK59_PANCREAS,0.6604999899864197,0.7006529168836002,X_scGPT,False
tanespimycin,RCC10RGB_KIDNEY,0.9368125200271606,0.7414722573092055,X_scGPT,False
tanespimycin,RCM1_LARGE_INTESTINE,0.6693750023841858,0.6998204346746206,X_scGPT,False
tanespimycin,RD_SOFT_TISSUE,0.5480437278747559,0.6817447198305093,X_scGPT,False
tanespimycin,RERFLCAD1_LUNG,1.100000023841858,0.7219598376701889,X_scGPT,False
tanespimycin,RERFLCAI_LUNG,0.6789307594299316,0.7056015725217046,X_scGPT,False
tanespimycin,RT4_URINARY_TRACT,0.5323062539100647,0.6449705367943026,X_scGPT,False
tanespimycin,RVH421_SKIN,0.5869125127792358,0.7233085330560117,X_scGPT,False
tanespimycin,SCC25_UPPER_AERODIGESTIVE_TRACT,0.5654187202453613,0.5890020021218765,X_scGPT,False
tanespimycin,SCC9_UPPER_AERODIGESTIVE_TRACT,0.5529124736785889,0.6686500161572506,X_scGPT,False
tanespimycin,SH10TC_STOMACH,0.7963125109672546,0.7124540776948304,X_scGPT,False
tanespimycin,SKES1_BONE,0.6551250219345093,0.6655586944831596,X_scGPT,False
tanespimycin,SKMEL2_SKIN,1.100000023841858,0.7180106143156687,X_scGPT,False
tanespimycin,SKMEL30_SKIN,0.8072500228881836,0.7438145237671417,X_scGPT,False
tanespimycin,SKMEL3_SKIN,0.9125000238418579,0.745146359365011,X_scGPT,False
tanespimycin,SKMEL5_SKIN,0.9701250195503235,0.7457137978839553,X_scGPT,False
tanespimycin,SKNAS_AUTONOMIC_GANGLIA,0.7146250009536743,0.6363397127231666,X_scGPT,False
tanespimycin,SNU308_BILIARY_TRACT,0.6531800031661987,0.6624103511901612,X_scGPT,False
tanespimycin,SNU423_LIVER,0.7153124809265137,0.6992496617560117,X_scGPT,False
tanespimycin,SNU449_LIVER,0.8074374794960022,0.7213895092619226,X_scGPT,False
tanespimycin,SNU46_UPPER_AERODIGESTIVE_TRACT,0.8230769038200378,0.6924802405854403,X_scGPT,False
tanespimycin,SNU899_UPPER_AERODIGESTIVE_TRACT,0.833142876625061,0.6502264271299523,X_scGPT,False
tanespimycin,SNUC4_LARGE_INTESTINE,0.7228749990463257,0.7229211786063886,X_scGPT,False
tanespimycin,SQ1_LUNG,0.7483124732971191,0.7137767006369198,X_scGPT,False
tanespimycin,SU8686_PANCREAS,0.6974375247955322,0.6926827656059731,X_scGPT,False
tanespimycin,SW1088_CENTRAL_NERVOUS_SYSTEM,0.6635624766349792,0.6519970591180027,X_scGPT,False
tanespimycin,SW1271_LUNG,0.7518125176429749,0.792686767163484,X_scGPT,False
tanespimycin,SW1990_PANCREAS,0.44900625944137573,0.7409284957457055,X_scGPT,False
tanespimycin,SW579_THYROID,0.3460937440395355,0.6933238465115771,X_scGPT,False
tanespimycin,T47D_BREAST,0.7862499952316284,0.7081959385138291,X_scGPT,False
tanespimycin,TCCSUP_URINARY_TRACT,0.5720922946929932,0.6826233373412604,X_scGPT,False
tanespimycin,TE10_OESOPHAGUS,0.8199999928474426,0.6650323674559049,X_scGPT,False
tanespimycin,TE14_OESOPHAGUS,0.5828562378883362,0.6197047259988664,X_scGPT,False
tanespimycin,TE1_OESOPHAGUS,0.6157374978065491,0.730493439922055,X_scGPT,False
tanespimycin,TE6_OESOPHAGUS,0.7295583486557007,0.6574913013435751,X_scGPT,False
tanespimycin,TE9_OESOPHAGUS,0.6953333616256714,0.6340438874979173,X_scGPT,False
tanespimycin,TM31_CENTRAL_NERVOUS_SYSTEM,0.7699999809265137,0.6954520175169254,X_scGPT,False
tanespimycin,TOV21G_OVARY,0.5481749773025513,0.7312510853908101,X_scGPT,False
tanespimycin,TYKNU_OVARY,0.618274986743927,0.661556168499156,X_scGPT,False
tanespimycin,U118MG_CENTRAL_NERVOUS_SYSTEM,0.5535500049591064,0.6368243567279128,X_scGPT,False
tanespimycin,UACC257_SKIN,0.7028124928474426,0.8031592640916673,X_scGPT,False
tanespimycin,UMUC1_URINARY_TRACT,0.45500001311302185,0.6534681380702759,X_scGPT,False
tanespimycin,VMCUB1_URINARY_TRACT,0.5100812315940857,0.6159028064256932,X_scGPT,False
tanespimycin,VMRCRCZ_KIDNEY,0.8566874861717224,0.7441374242305756,X_scGPT,False
tanespimycin,YD38_UPPER_AERODIGESTIVE_TRACT,0.6139400005340576,0.6264913576917771,X_scGPT,False
tanespimycin,ZR751_BREAST,0.6137687563896179,0.7057148214297001,X_scGPT,False
selumetinib,42MGBA_CENTRAL_NERVOUS_SYSTEM,0.8065000176429749,0.8374379241558576,X_scGPT,False
selumetinib,8305C_THYROID,0.6032000184059143,0.784949536027472,X_scGPT,False
selumetinib,A204_SOFT_TISSUE,0.8006250262260437,0.7609968183040619,X_scGPT,False
selumetinib,A2058_SKIN,0.8422499895095825,0.7103049998380699,X_scGPT,False
selumetinib,A375_SKIN,0.7087970972061157,0.7659890391372307,X_scGPT,False
selumetinib,ACCMESO1_PLEURA,0.9237499833106995,0.8173708970899936,X_scGPT,False
selumetinib,ASPC1_PANCREAS,0.6440312266349792,0.7791326251523248,X_scGPT,False
selumetinib,BCPAP_THYROID,0.6666874885559082,0.8216015563199395,X_scGPT,False
selumetinib,BFTC909_KIDNEY,0.7706249952316284,0.8141812259100358,X_scGPT,False
selumetinib,BHY_UPPER_AERODIGESTIVE_TRACT,0.6620625257492065,0.731022310256958,X_scGPT,False
selumetinib,BICR31_UPPER_AERODIGESTIVE_TRACT,0.6225000023841858,0.7523501176507242,X_scGPT,False
selumetinib,BICR56_UPPER_AERODIGESTIVE_TRACT,0.5396937727928162,0.6553575094835258,X_scGPT,False
selumetinib,BICR6_UPPER_AERODIGESTIVE_TRACT,0.7676874995231628,0.7321107193723425,X_scGPT,False
selumetinib,BT474_BREAST,0.9313750267028809,0.8026790628433228,X_scGPT,False
selumetinib,BT549_BREAST,0.8812500238418579,0.8132384872077999,X_scGPT,False
selumetinib,CAKI2_KIDNEY,0.8274375200271606,0.7845210690292523,X_scGPT,False
selumetinib,CALU6_LUNG,0.586593747138977,0.7493169162162515,X_scGPT,False
selumetinib,CAMA1_BREAST,0.9943845868110657,0.8738352476116718,X_scGPT,False
selumetinib,CCFSTTG1_CENTRAL_NERVOUS_SYSTEM,0.9034374952316284,0.7959431955000249,X_scGPT,False
selumetinib,COLO680N_OESOPHAGUS,0.890250027179718,0.7369814704298745,X_scGPT,False
selumetinib,COLO741_SKIN,0.6525624990463257,0.6745070552391121,X_scGPT,False
selumetinib,COLO792_SKIN,0.4235124886035919,0.676583001314494,X_scGPT,False
selumetinib,COV434_OVARY,0.7255625128746033,0.7461514635519548,X_scGPT,False
selumetinib,DANG_PANCREAS,0.6629999876022339,0.7717597230331047,X_scGPT,False
selumetinib,DAOY_CENTRAL_NERVOUS_SYSTEM,0.8339999914169312,0.7893123713676615,X_scGPT,False
selumetinib,DETROIT562_UPPER_AERODIGESTIVE_TRACT,0.75471431016922,0.7361249554376661,X_scGPT,False
selumetinib,DKMG_CENTRAL_NERVOUS_SYSTEM,0.7899333238601685,0.8219476773290176,X_scGPT,False
selumetinib,EBC1_LUNG,0.48416250944137573,0.7859465370896042,X_scGPT,False
selumetinib,EFE184_ENDOMETRIUM,0.7796875238418579,0.7837890878666279,X_scGPT,False
selumetinib,EFM192A_BREAST,0.9111250042915344,0.7728077704842026,X_scGPT,False
selumetinib,EKVX_LUNG,0.5936750173568726,0.8013356556631115,X_scGPT,False
selumetinib,FTC133_THYROID,0.9069374799728394,0.8088232942989895,X_scGPT,False
selumetinib,GOS3_CENTRAL_NERVOUS_SYSTEM,0.8849375247955322,0.7829465376144928,X_scGPT,False
selumetinib,HCC1428_BREAST,0.9148125052452087,0.8499169344977131,X_scGPT,False
selumetinib,HCC366_LUNG,0.7403749823570251,0.7695137138413911,X_scGPT,False
selumetinib,HCC38_BREAST,0.8932499885559082,0.7817768147587776,X_scGPT,False
selumetinib,HCC56_LARGE_INTESTINE,0.5574749708175659,0.7431748991060738,X_scGPT,False
selumetinib,HDQP1_BREAST,0.7260000109672546,0.7445657392963767,X_scGPT,False
selumetinib,HEC151_ENDOMETRIUM,0.6777499914169312,0.7991490957736969,X_scGPT,False
selumetinib,HEC251_ENDOMETRIUM,0.7746666669845581,0.7243307851185309,X_scGPT,False
selumetinib,HEC6_ENDOMETRIUM,0.8930666446685791,0.7531749583919596,X_scGPT,False
selumetinib,HEP3B217_LIVER,0.7966428399085999,0.8217725824501555,X_scGPT,False
selumetinib,HMC18_BREAST,0.46867498755455017,0.7857510596005176,X_scGPT,False
selumetinib,HOS_BONE,0.8993750214576721,0.7918061214275613,X_scGPT,False
selumetinib,HS852T_SKIN,1.0506428480148315,0.7412424013938432,X_scGPT,False
selumetinib,HT1080_SOFT_TISSUE,0.7483124732971191,0.778837822666464,X_scGPT,False
selumetinib,HT1197_URINARY_TRACT,0.7081875205039978,0.8167233330172461,X_scGPT,False
selumetinib,HT55_LARGE_INTESTINE,0.5643312335014343,0.6564206093973458,X_scGPT,False
selumetinib,HUH6_LIVER,0.8653125166893005,0.7926974326548492,X_scGPT,False
selumetinib,HUPT3_PANCREAS,0.6821249723434448,0.7502294989193187,X_scGPT,False
selumetinib,HUPT4_PANCREAS,0.33681875467300415,0.7065549130950656,X_scGPT,False
selumetinib,IALM_LUNG,0.8384000062942505,0.7799171303740199,X_scGPT,False
selumetinib,IGR1_SKIN,0.6361874938011169,0.6764579615099676,X_scGPT,False
selumetinib,IGR37_SKIN,0.6019437313079834,0.6609474499562288,X_scGPT,False
selumetinib,IM95_STOMACH,0.6588749885559082,0.7486776583903545,X_scGPT,False
selumetinib,JHH6_LIVER,0.9583749771118164,0.75005707810226,X_scGPT,False
selumetinib,JHOC5_OVARY,0.8050000071525574,0.7679639590197596,X_scGPT,False
selumetinib,KALS1_CENTRAL_NERVOUS_SYSTEM,0.726937472820282,0.8142378456476662,X_scGPT,False
selumetinib,KMRC3_KIDNEY,0.8111249804496765,0.7941508589958658,X_scGPT,False
selumetinib,KNS42_CENTRAL_NERVOUS_SYSTEM,0.8861874938011169,0.7866252736989842,X_scGPT,False
selumetinib,KPNSI9S_AUTONOMIC_GANGLIA,0.6092333197593689,0.7955202728278877,X_scGPT,False
selumetinib,KYSE520_OESOPHAGUS,0.8351250290870667,0.7270715074273455,X_scGPT,False
selumetinib,LI7_LIVER,0.5803375244140625,0.7835692124707359,X_scGPT,False
selumetinib,LMSU_STOMACH,0.854687511920929,0.8061413865463406,X_scGPT,False
selumetinib,LNCAPCLONEFGC_PROSTATE,0.9013124704360962,0.7985157231951869,X_scGPT,False
selumetinib,LS1034_LARGE_INTESTINE,0.6088266372680664,0.7455065025858683,X_scGPT,False
selumetinib,LS180_LARGE_INTESTINE,0.5187249779701233,0.7686568137020946,X_scGPT,False
selumetinib,MCF7_BREAST,1.0134615898132324,0.8032840965511082,X_scGPT,False
selumetinib,MDAMB361_BREAST,0.768875002861023,0.8095948930139895,X_scGPT,False
selumetinib,MFE319_ENDOMETRIUM,0.8321874737739563,0.779461268355085,X_scGPT,False
selumetinib,MKN45_STOMACH,0.9134666919708252,0.6856761337336847,X_scGPT,False
selumetinib,MKN7_STOMACH,0.7876874804496765,0.7391240636045618,X_scGPT,False
selumetinib,MSTO211H_PLEURA,0.6730625033378601,0.8314524555848504,X_scGPT,False
selumetinib,NCIH1299_LUNG,0.6784541606903076,0.7554334002487668,X_scGPT,False
selumetinib,NCIH1373_LUNG,0.7636874914169312,0.7674251780277346,X_scGPT,False
selumetinib,NCIH1435_LUNG,0.8004999756813049,0.7814611129546434,X_scGPT,False
selumetinib,NCIH1792_LUNG,0.620187520980835,0.79731718860231,X_scGPT,False
selumetinib,NCIH1944_LUNG,0.6847500205039978,0.7984123438740698,X_scGPT,False
selumetinib,NCIH2087_LUNG,0.35545626282691956,0.7797322259646028,X_scGPT,False
selumetinib,NCIH2110_LUNG,0.7748125195503235,0.73057056255077,X_scGPT,False
selumetinib,NCIH2126_LUNG,0.867062509059906,0.7751347381960262,X_scGPT,False
selumetinib,NCIH2170_LUNG,0.9277499914169312,0.8253091443592394,X_scGPT,False
selumetinib,NCIH2228_LUNG,0.8732500076293945,0.8103212509558051,X_scGPT,False
selumetinib,NCIH226_LUNG,1.100000023841858,0.8184005273149368,X_scGPT,False
selumetinib,NCIH2444_LUNG,0.9611666798591614,0.7741670465167565,X_scGPT,False
selumetinib,NCIH2452_PLEURA,1.0179166793823242,0.7998878512683855,X_scGPT,False
selumetinib,NCIH358_LUNG,0.4256812632083893,0.7424681376488436,X_scGPT,False
selumetinib,NCIH446_LUNG,0.9023749828338623,0.7908707452671868,X_scGPT,False
selumetinib,NCIH460_LUNG,0.8984687328338623,0.7694233891642079,X_scGPT,False
selumetinib,NCIH522_LUNG,0.7893750071525574,0.7491935302431767,X_scGPT,False
selumetinib,NCIH650_LUNG,1.0102307796478271,0.8044810429270417,X_scGPT,False
selumetinib,NCIH747_LARGE_INTESTINE,0.3356437385082245,0.768698038160801,X_scGPT,False
selumetinib,OAW28_OVARY,0.8170982003211975,0.7975068036813914,X_scGPT,False
selumetinib,OSRC2_KIDNEY,0.8983333110809326,0.7986906714855678,X_scGPT,False
selumetinib,OUMS23_LARGE_INTESTINE,0.9071249961853027,0.7657860523072358,X_scGPT,False
selumetinib,OVK18_OVARY,0.6022062301635742,0.7828313169184695,X_scGPT,False
selumetinib,OVSAHO_OVARY,0.7102000117301941,0.8111815413189355,X_scGPT,False
selumetinib,OVTOKO_OVARY,0.8697500228881836,0.8074139005829843,X_scGPT,False
selumetinib,PANC0203_PANCREAS,0.7014999985694885,0.7252912579082218,X_scGPT,False
selumetinib,PATU8988S_PANCREAS,0.6279374957084656,0.744299410552275,X_scGPT,False
selumetinib,PC3_PROSTATE,0.9231874942779541,0.7920385140639085,X_scGPT,False
selumetinib,PECAPJ49_UPPER_AERODIGESTIVE_TRACT,0.7265625,0.754976214158653,X_scGPT,False
selumetinib,PK45H_PANCREAS,0.6393133401870728,0.7779330571639141,X_scGPT,False
selumetinib,PK59_PANCREAS,0.6997500061988831,0.7236296490006063,X_scGPT,False
selumetinib,RCC10RGB_KIDNEY,0.8645333051681519,0.7716923478846898,X_scGPT,False
selumetinib,RCM1_LARGE_INTESTINE,0.8799333572387695,0.6750639830715954,X_scGPT,False
selumetinib,RD_SOFT_TISSUE,0.6237000226974487,0.7979017569187501,X_scGPT,False
selumetinib,RERFLCAD1_LUNG,0.9130666851997375,0.761698168736917,X_scGPT,False
selumetinib,RERFLCAI_LUNG,0.7501875162124634,0.8189713722912699,X_scGPT,False
selumetinib,RT4_URINARY_TRACT,0.7279999852180481,0.7447043201833401,X_scGPT,False
selumetinib,RVH421_SKIN,0.5871437788009644,0.7806076636873029,X_scGPT,False
selumetinib,SCC25_UPPER_AERODIGESTIVE_TRACT,0.5891437530517578,0.7554070538693919,X_scGPT,False
selumetinib,SCC9_UPPER_AERODIGESTIVE_TRACT,0.776437520980835,0.7857118580215856,X_scGPT,False
selumetinib,SH10TC_STOMACH,0.9118124842643738,0.8255810265527491,X_scGPT,False
selumetinib,SKES1_BONE,0.9079999923706055,0.7387746428395365,X_scGPT,False
selumetinib,SKMEL2_SKIN,0.6932500004768372,0.7370119507330052,X_scGPT,False
selumetinib,SKMEL30_SKIN,0.41306251287460327,0.7304765100857353,X_scGPT,False
selumetinib,SKMEL3_SKIN,0.7112500071525574,0.6063859622503064,X_scGPT,False
selumetinib,SKMEL5_SKIN,0.6700624823570251,0.7116287384771739,X_scGPT,False
selumetinib,SKNAS_AUTONOMIC_GANGLIA,0.508899986743927,0.7860453600904583,X_scGPT,False
selumetinib,SNU1079_BILIARY_TRACT,0.39719998836517334,0.7692166419878398,X_scGPT,False
selumetinib,SNU1214_UPPER_AERODIGESTIVE_TRACT,0.8235999941825867,0.7422689858903276,X_scGPT,False
selumetinib,SNU308_BILIARY_TRACT,0.7462666630744934,0.7682215286062118,X_scGPT,False
selumetinib,SNU423_LIVER,0.8250625133514404,0.7951030073300848,X_scGPT,False
selumetinib,SNU449_LIVER,0.835812509059906,0.7616331721028538,X_scGPT,False
selumetinib,SNU46_UPPER_AERODIGESTIVE_TRACT,0.8291333317756653,0.8172133764473059,X_scGPT,False
selumetinib,SNU738_CENTRAL_NERVOUS_SYSTEM,0.8408125042915344,0.8037601556815699,X_scGPT,False
selumetinib,SNU899_UPPER_AERODIGESTIVE_TRACT,0.6703333258628845,0.7931544673011963,X_scGPT,False
selumetinib,SNUC4_LARGE_INTESTINE,0.8438125252723694,0.6472106923127838,X_scGPT,False
selumetinib,SU8686_PANCREAS,1.0130000114440918,0.7285781887973227,X_scGPT,False
selumetinib,SW1088_CENTRAL_NERVOUS_SYSTEM,0.8330000042915344,0.8171277600340545,X_scGPT,False
selumetinib,SW1271_LUNG,0.6582666635513306,0.769112373434979,X_scGPT,False
selumetinib,SW1990_PANCREAS,0.6225374937057495,0.7497753638786291,X_scGPT,False
selumetinib,SW579_THYROID,0.7591875195503235,0.7943555973641884,X_scGPT,False
selumetinib,T47D_BREAST,0.8500000238418579,0.8660019587607405,X_scGPT,False
selumetinib,TCCSUP_URINARY_TRACT,0.8083124756813049,0.7896760907731478,X_scGPT,False
selumetinib,TE10_OESOPHAGUS,0.8583750128746033,0.7604546789164957,X_scGPT,False
selumetinib,TE14_OESOPHAGUS,0.7149999737739563,0.8041083841635708,X_scGPT,False
selumetinib,TE1_OESOPHAGUS,0.8351874947547913,0.7866374260013543,X_scGPT,False
selumetinib,TE6_OESOPHAGUS,1.0752500295639038,0.7179960434319969,X_scGPT,False
selumetinib,TE9_OESOPHAGUS,0.946399986743927,0.7153895389168493,X_scGPT,False
selumetinib,TM31_CENTRAL_NERVOUS_SYSTEM,0.7680000066757202,0.7693519032207029,X_scGPT,False
selumetinib,TOV21G_OVARY,0.8794375061988831,0.764953468471277,X_scGPT,False
selumetinib,TYKNU_OVARY,0.6258749961853027,0.7859215379780174,X_scGPT,False
selumetinib,U118MG_CENTRAL_NERVOUS_SYSTEM,0.9068750143051147,0.8063096702098846,X_scGPT,False
selumetinib,UACC257_SKIN,0.5460000038146973,0.6456415057182312,X_scGPT,False
selumetinib,UMUC1_URINARY_TRACT,0.5362874865531921,0.6953674842258395,X_scGPT,False
selumetinib,VMCUB1_URINARY_TRACT,0.5934687256813049,0.7106218632295042,X_scGPT,False
selumetinib,VMRCRCZ_KIDNEY,0.8119999766349792,0.7875925507148107,X_scGPT,False
selumetinib,ZR751_BREAST,1.0562857389450073,0.7982408298257871,X_scGPT,False
methotrexate,8305C_THYROID,0.7262666821479797,0.5578053604673456,X_scGPT,True
methotrexate,A204_SOFT_TISSUE,0.3458866775035858,0.5537421587705612,X_scGPT,True
methotrexate,A2058_SKIN,0.25962498784065247,0.5761523818483159,X_scGPT,True
methotrexate,A375_SKIN,1.0450714826583862,0.5692008852355597,X_scGPT,True
methotrexate,ACCMESO1_PLEURA,0.9474666714668274,0.6445649878846275,X_scGPT,True
methotrexate,ASPC1_PANCREAS,0.6116874814033508,0.6281375112204716,X_scGPT,True
methotrexate,BCPAP_THYROID,0.8495333194732666,0.5246089167500797,X_scGPT,True
methotrexate,BFTC909_KIDNEY,0.431425005197525,0.6159976035120619,X_scGPT,True
methotrexate,BHY_UPPER_AERODIGESTIVE_TRACT,0.6834999918937683,0.6543414995588105,X_scGPT,True
methotrexate,BICR31_UPPER_AERODIGESTIVE_TRACT,0.9226874709129333,0.6196668619109739,X_scGPT,True
methotrexate,BICR56_UPPER_AERODIGESTIVE_TRACT,0.9011250138282776,0.8177714215384589,X_scGPT,True
methotrexate,BICR6_UPPER_AERODIGESTIVE_TRACT,0.4948999881744385,0.5818859450258576,X_scGPT,True
methotrexate,BT474_BREAST,1.100000023841858,0.7228860392570495,X_scGPT,True
methotrexate,BT549_BREAST,0.6232874989509583,0.5747183643113402,X_scGPT,True
methotrexate,CAKI2_KIDNEY,0.8743749856948853,0.6908741627665732,X_scGPT,True
methotrexate,CALU6_LUNG,0.2991187572479248,0.6019221754499184,X_scGPT,True
methotrexate,CAMA1_BREAST,0.7552000284194946,0.7937848275060096,X_scGPT,True
methotrexate,CAS1_CENTRAL_NERVOUS_SYSTEM,0.6778749823570251,0.561094065357868,X_scGPT,True
methotrexate,CCFSTTG1_CENTRAL_NERVOUS_SYSTEM,0.8128437399864197,0.5685734231539858,X_scGPT,True
methotrexate,COLO680N_OESOPHAGUS,0.8660666942596436,0.7016256717149432,X_scGPT,True
methotrexate,COLO741_SKIN,0.6633750200271606,0.5746279678627351,X_scGPT,True
methotrexate,COLO792_SKIN,0.8918750286102295,0.5910022176279793,X_scGPT,True
methotrexate,DANG_PANCREAS,0.28526875376701355,0.6244205665755105,X_scGPT,True
methotrexate,DAOY_CENTRAL_NERVOUS_SYSTEM,0.34114375710487366,0.5348213331979365,X_scGPT,True
methotrexate,DETROIT562_UPPER_AERODIGESTIVE_TRACT,0.9947692155838013,0.5884067257123491,X_scGPT,True
methotrexate,DKMG_CENTRAL_NERVOUS_SYSTEM,0.3301437497138977,0.6016600687345456,X_scGPT,True
methotrexate,EBC1_LUNG,0.5336624979972839,0.6400397182792745,X_scGPT,True
methotrexate,EFE184_ENDOMETRIUM,0.6087750196456909,0.7222032630166342,X_scGPT,True
methotrexate,EFM192A_BREAST,0.6518750190734863,0.6574366589387258,X_scGPT,True
methotrexate,EKVX_LUNG,0.6327499747276306,0.7251066467533372,X_scGPT,True
methotrexate,FTC133_THYROID,0.8774999976158142,0.6585663303732872,X_scGPT,True
methotrexate,GOS3_CENTRAL_NERVOUS_SYSTEM,0.5113466382026672,0.5414902311969177,X_scGPT,True
methotrexate,HCC1428_BREAST,0.6938124895095825,0.8215522113747484,X_scGPT,True
methotrexate,HCC366_LUNG,0.5552374720573425,0.5995397373001174,X_scGPT,True
methotrexate,HCC38_BREAST,0.9721875190734863,0.6210836668312549,X_scGPT,True
methotrexate,HCC56_LARGE_INTESTINE,0.6614999771118164,0.6565462784333662,X_scGPT,True
methotrexate,HDQP1_BREAST,0.6032500267028809,0.6806011525914073,X_scGPT,True
methotrexate,HEC151_ENDOMETRIUM,0.4201933443546295,0.6116295768022537,X_scGPT,True
methotrexate,HEC251_ENDOMETRIUM,0.5889785885810852,0.68207314861155,X_scGPT,True
methotrexate,HEC6_ENDOMETRIUM,0.6963357329368591,0.5878995131261601,X_scGPT,True
methotrexate,HEP3B217_LIVER,0.5243533253669739,0.5560639619322146,X_scGPT,True
methotrexate,HMC18_BREAST,0.33683332800865173,0.6105993788803804,X_scGPT,True
methotrexate,HOS_BONE,0.2755500078201294,0.47253761806303973,X_scGPT,True
methotrexate,HS852T_SKIN,0.7278125286102295,0.6946267367881022,X_scGPT,True
methotrexate,HT1080_SOFT_TISSUE,0.3468500077724457,0.5439476865784142,X_scGPT,True
methotrexate,HT1197_URINARY_TRACT,0.5199499726295471,0.7536925270750716,X_scGPT,True
methotrexate,HT55_LARGE_INTESTINE,0.6655200123786926,0.5784692504394676,X_scGPT,True
methotrexate,HUH6_LIVER,0.8051249980926514,0.6433802596210728,X_scGPT,True
methotrexate,HUPT3_PANCREAS,0.35497498512268066,0.6631833459524548,X_scGPT,True
methotrexate,HUPT4_PANCREAS,0.6241999864578247,0.7349740958639553,X_scGPT,True
methotrexate,IALM_LUNG,0.7747499942779541,0.5623143711445494,X_scGPT,True
methotrexate,IGR1_SKIN,0.41231873631477356,0.5265348693009081,X_scGPT,True
methotrexate,IGR37_SKIN,0.39155998826026917,0.5645913754828725,X_scGPT,True
methotrexate,IM95_STOMACH,0.3352562487125397,0.6262723706864022,X_scGPT,True
methotrexate,JHH6_LIVER,0.6284375190734863,0.5890326191788738,X_scGPT,True
methotrexate,JHOC5_OVARY,0.5054312348365784,0.6433610085783333,X_scGPT,True
methotrexate,KALS1_CENTRAL_NERVOUS_SYSTEM,0.612625002861023,0.509332555760112,X_scGPT,True
methotrexate,KMRC3_KIDNEY,0.7935000061988831,0.605978612997094,X_scGPT,True
methotrexate,KNS42_CENTRAL_NERVOUS_SYSTEM,0.4528466761112213,0.5412211144386336,X_scGPT,True
methotrexate,KPNSI9S_AUTONOMIC_GANGLIA,0.3165000081062317,0.4658236087754715,X_scGPT,True
methotrexate,KYSE520_OESOPHAGUS,0.5667562484741211,0.5542454869016405,X_scGPT,True
methotrexate,LI7_LIVER,0.46700000762939453,0.6376685810332395,X_scGPT,True
methotrexate,LMSU_STOMACH,0.9099375009536743,0.5452113943941453,X_scGPT,True
methotrexate,LNCAPCLONEFGC_PROSTATE,0.5344250202178955,0.7460318124571512,X_scGPT,True
methotrexate,LS1034_LARGE_INTESTINE,0.41078126430511475,0.7286559147377537,X_scGPT,True
methotrexate,LS180_LARGE_INTESTINE,0.5623133182525635,0.5297025418182489,X_scGPT,True
methotrexate,MCF7_BREAST,0.8580666780471802,0.7277212159616964,X_scGPT,True
methotrexate,MDAMB361_BREAST,0.9111250042915344,0.6659715122646755,X_scGPT,True
methotrexate,MFE319_ENDOMETRIUM,0.4906437397003174,0.7036560432136995,X_scGPT,True
methotrexate,MKN45_STOMACH,0.8589375019073486,0.6010595049898503,X_scGPT,True
methotrexate,MKN7_STOMACH,0.6570624709129333,0.6390949446101521,X_scGPT,True
methotrexate,MSTO211H_PLEURA,0.3929266631603241,0.46333003686333346,X_scGPT,True
methotrexate,NCIH1299_LUNG,0.6508122086524963,0.5690268090043622,X_scGPT,True
methotrexate,NCIH1373_LUNG,0.5756266713142395,0.5626647534166894,X_scGPT,True
methotrexate,NCIH1435_LUNG,0.9375,0.6271522897906071,X_scGPT,True
methotrexate,NCIH1792_LUNG,0.5807214379310608,0.5171411171689764,X_scGPT,True
methotrexate,NCIH1944_LUNG,0.6915000081062317,0.5289988288844841,X_scGPT,True
methotrexate,NCIH2087_LUNG,0.6444374918937683,0.5842322841899036,X_scGPT,True
methotrexate,NCIH2110_LUNG,0.6646249890327454,0.6724900579332707,X_scGPT,True
methotrexate,NCIH2126_LUNG,0.7996249794960022,0.6869564142191049,X_scGPT,True
methotrexate,NCIH2170_LUNG,0.4588249921798706,0.6058877020234793,X_scGPT,True
methotrexate,NCIH2228_LUNG,0.6698125004768372,0.6646622167621061,X_scGPT,True
methotrexate,NCIH226_LUNG,0.557533323764801,0.7321536807303733,X_scGPT,True
methotrexate,NCIH2444_LUNG,0.7700769305229187,0.6538026068784013,X_scGPT,True
methotrexate,NCIH2452_PLEURA,0.7605000138282776,0.6411122352881946,X_scGPT,True
methotrexate,NCIH358_LUNG,0.6121187210083008,0.6497488490172795,X_scGPT,True
methotrexate,NCIH446_LUNG,0.3218666613101959,0.5364708386513651,X_scGPT,True
methotrexate,NCIH460_LUNG,0.5314439535140991,0.4696728792953947,X_scGPT,True
methotrexate,NCIH522_LUNG,0.533406674861908,0.46245970906546485,X_scGPT,True
methotrexate,NCIH650_LUNG,0.5775437355041504,0.5934988427426102,X_scGPT,True
methotrexate,NCIH747_LARGE_INTESTINE,0.5861625075340271,0.6795847430825234,X_scGPT,True
methotrexate,OAW28_OVARY,0.8888124823570251,0.695219708155401,X_scGPT,True
methotrexate,OSRC2_KIDNEY,0.7014666795730591,0.7183157063665844,X_scGPT,True
methotrexate,OUMS23_LARGE_INTESTINE,0.6922666430473328,0.6955392711630491,X_scGPT,True
methotrexate,OVK18_OVARY,0.578719973564148,0.6161692073840773,X_scGPT,True
methotrexate,OVSAHO_OVARY,0.879153847694397,0.7413384945907256,X_scGPT,True
methotrexate,OVTOKO_OVARY,0.7215625047683716,0.6654823613509037,X_scGPT,True
methotrexate,PANC0203_PANCREAS,0.5739625096321106,0.6028089724157167,X_scGPT,True
methotrexate,PATU8988S_PANCREAS,0.3467875123023987,0.6391632048810114,X_scGPT,True
methotrexate,PC3_PROSTATE,0.8983749747276306,0.5568409466884545,X_scGPT,True
methotrexate,PECAPJ49_UPPER_AERODIGESTIVE_TRACT,0.5483687520027161,0.6756907335602411,X_scGPT,True
methotrexate,PK45H_PANCREAS,0.36784374713897705,0.589577704668045,X_scGPT,True
methotrexate,RCC10RGB_KIDNEY,0.9375,0.7150550494889845,X_scGPT,True
methotrexate,RCM1_LARGE_INTESTINE,0.8497499823570251,0.6786056123673916,X_scGPT,True
methotrexate,RD_SOFT_TISSUE,0.3562687635421753,0.4890019133173186,X_scGPT,True
methotrexate,RERFLCAD1_LUNG,0.6384375095367432,0.6933393677075704,X_scGPT,True
methotrexate,RERFLCAI_LUNG,0.3505687415599823,0.4977225403095135,X_scGPT,True
methotrexate,RVH421_SKIN,0.5917249917984009,0.5893249931943966,X_scGPT,True
methotrexate,SCC25_UPPER_AERODIGESTIVE_TRACT,0.9574999809265137,0.6016818142282405,X_scGPT,True
methotrexate,SCC9_UPPER_AERODIGESTIVE_TRACT,0.723312497138977,0.6324255398700112,X_scGPT,True
methotrexate,SH10TC_STOMACH,0.4159437417984009,0.6709304130994357,X_scGPT,True
methotrexate,SKES1_BONE,0.510643720626831,0.4100908463472848,X_scGPT,True
methotrexate,SKMEL2_SKIN,0.7046250104904175,0.6130372860293457,X_scGPT,True
methotrexate,SKMEL30_SKIN,0.5213812589645386,0.5540613945752974,X_scGPT,True
methotrexate,SKMEL3_SKIN,0.6781250238418579,0.5042175223532411,X_scGPT,True
methotrexate,SKMEL5_SKIN,0.6110812425613403,0.5243269451940903,X_scGPT,True
methotrexate,SKNAS_AUTONOMIC_GANGLIA,0.27313750982284546,0.5252613574266434,X_scGPT,True
methotrexate,SNU1079_BILIARY_TRACT,1.0682142972946167,0.6959398172489585,X_scGPT,True
methotrexate,SNU1214_UPPER_AERODIGESTIVE_TRACT,0.4566250145435333,0.6775037706532376,X_scGPT,True
methotrexate,SNU308_BILIARY_TRACT,0.8143125176429749,0.6115056568003715,X_scGPT,True
methotrexate,SNU423_LIVER,0.6190124750137329,0.5604647819725972,X_scGPT,True
methotrexate,SNU449_LIVER,0.29033124446868896,0.5409093331149284,X_scGPT,True
methotrexate,SNU46_UPPER_AERODIGESTIVE_TRACT,0.8350625038146973,0.5332996731592436,X_scGPT,True
methotrexate,SNU738_CENTRAL_NERVOUS_SYSTEM,0.5229437351226807,0.5711069338239906,X_scGPT,True
methotrexate,SNU899_UPPER_AERODIGESTIVE_TRACT,0.5071937441825867,0.5996461280857224,X_scGPT,True
methotrexate,SNUC4_LARGE_INTESTINE,0.5651000142097473,0.49488176121446253,X_scGPT,True
methotrexate,SQ1_LUNG,0.903124988079071,0.6470371770257709,X_scGPT,True
methotrexate,SU8686_PANCREAS,0.3819272816181183,0.6271183003739613,X_scGPT,True
methotrexate,SW1088_CENTRAL_NERVOUS_SYSTEM,0.5846437215805054,0.5999320447444916,X_scGPT,True
methotrexate,SW1271_LUNG,0.5804625153541565,0.6398728171120519,X_scGPT,True
methotrexate,SW1990_PANCREAS,0.4280875027179718,0.6050375944628389,X_scGPT,True
methotrexate,SW579_THYROID,0.46137499809265137,0.555702450912669,X_scGPT,True
methotrexate,T47D_BREAST,0.48953333497047424,0.8340151078021365,X_scGPT,True
methotrexate,TCCSUP_URINARY_TRACT,0.44894999265670776,0.5760798094016087,X_scGPT,True
methotrexate,TE10_OESOPHAGUS,0.39348751306533813,0.578867918552329,X_scGPT,True
methotrexate,TE14_OESOPHAGUS,0.3560124933719635,0.5154250705543952,X_scGPT,True
methotrexate,TE6_OESOPHAGUS,0.323306679725647,0.4934451782335603,X_scGPT,True
methotrexate,TE9_OESOPHAGUS,0.40808749198913574,0.5729599133614571,X_scGPT,True
methotrexate,TM31_CENTRAL_NERVOUS_SYSTEM,0.695187509059906,0.6342095162334114,X_scGPT,True
methotrexate,TYKNU_OVARY,0.5082812309265137,0.5279152449379619,X_scGPT,True
methotrexate,U118MG_CENTRAL_NERVOUS_SYSTEM,0.34011873602867126,0.5205158757381751,X_scGPT,True
methotrexate,UACC257_SKIN,0.302456259727478,0.5425711618307744,X_scGPT,True
methotrexate,UMUC1_URINARY_TRACT,0.5008357167243958,0.6583830393510421,X_scGPT,True
methotrexate,VMCUB1_URINARY_TRACT,0.38666874170303345,0.5633853071653693,X_scGPT,True
methotrexate,VMRCRCZ_KIDNEY,0.3983687460422516,0.6726737340291341,X_scGPT,True
methotrexate,YD38_UPPER_AERODIGESTIVE_TRACT,0.4109187424182892,0.6287361896381929,X_scGPT,True
methotrexate,ZR751_BREAST,0.7339333295822144,0.699947982351371,X_scGPT,True
dasatinib,42MGBA_CENTRAL_NERVOUS_SYSTEM,0.40427500009536743,0.5860948712209016,X_scGPT,True
dasatinib,8305C_THYROID,0.45653125643730164,0.6087359062726722,X_scGPT,True
dasatinib,A204_SOFT_TISSUE,0.39879998564720154,0.6700272526741028,X_scGPT,True
dasatinib,A2058_SKIN,0.8820000290870667,0.7292564111907466,X_scGPT,True
dasatinib,A375_SKIN,0.7361875176429749,0.6185514277591673,X_scGPT,True
dasatinib,ACCMESO1_PLEURA,0.6914374828338623,0.61732335112713,X_scGPT,True
dasatinib,ASPC1_PANCREAS,0.7771250009536743,0.6327900804322342,X_scGPT,True
dasatinib,BCPAP_THYROID,0.47533124685287476,0.5924490013797032,X_scGPT,True
dasatinib,BFTC909_KIDNEY,0.7461875081062317,0.6298529332734664,X_scGPT,True
dasatinib,BHY_UPPER_AERODIGESTIVE_TRACT,0.4388999938964844,0.48876576485304996,X_scGPT,True
dasatinib,BICR31_UPPER_AERODIGESTIVE_TRACT,0.4805999994277954,0.509482076091151,X_scGPT,True
dasatinib,BICR56_UPPER_AERODIGESTIVE_TRACT,0.33540624380111694,0.4465714987413383,X_scGPT,True
dasatinib,BICR6_UPPER_AERODIGESTIVE_TRACT,0.41869375109672546,0.5265492687483767,X_scGPT,True
dasatinib,BT474_BREAST,0.7836250066757202,0.8892574300765991,X_scGPT,True
dasatinib,BT549_BREAST,0.5751500129699707,0.5655765375472549,X_scGPT,True
dasatinib,CAKI2_KIDNEY,0.5099250078201294,0.6487252692953288,X_scGPT,True
dasatinib,CALU6_LUNG,0.7634999752044678,0.6961811797101368,X_scGPT,True
dasatinib,CAMA1_BREAST,1.0912666320800781,0.7763859047922482,X_scGPT,True
dasatinib,CAS1_CENTRAL_NERVOUS_SYSTEM,0.6050466895103455,0.5653553596116546,X_scGPT,True
dasatinib,CCFSTTG1_CENTRAL_NERVOUS_SYSTEM,0.5810875296592712,0.5771398259614541,X_scGPT,True
dasatinib,COLO680N_OESOPHAGUS,0.5232937335968018,0.6093869492497088,X_scGPT,True
dasatinib,COLO792_SKIN,0.8676875233650208,0.7480098314830738,X_scGPT,True
dasatinib,COV434_OVARY,0.7323125004768372,0.6248453496532007,X_scGPT,True
dasatinib,DANG_PANCREAS,0.6069625020027161,0.5766386054195725,X_scGPT,True
dasatinib,DAOY_CENTRAL_NERVOUS_SYSTEM,0.6238874793052673,0.5820074089905546,X_scGPT,True
dasatinib,DETROIT562_UPPER_AERODIGESTIVE_TRACT,0.5055687427520752,0.5212708598265618,X_scGPT,True
dasatinib,DKMG_CENTRAL_NERVOUS_SYSTEM,0.498981237411499,0.5480571749905379,X_scGPT,True
dasatinib,EBC1_LUNG,0.6042937636375427,0.5425296550796878,X_scGPT,True
dasatinib,EFE184_ENDOMETRIUM,0.4840812385082245,0.5857992199964301,X_scGPT,True
dasatinib,EFM192A_BREAST,0.7588750123977661,0.7415837541714803,X_scGPT,True
dasatinib,EKVX_LUNG,0.8306249976158142,0.585518771654939,X_scGPT,True
dasatinib,FTC133_THYROID,0.7394999861717224,0.625504406435149,X_scGPT,True
dasatinib,GOS3_CENTRAL_NERVOUS_SYSTEM,0.8563125133514404,0.5656344709596085,X_scGPT,True
dasatinib,HCC1428_BREAST,0.796625018119812,0.7647811188472537,X_scGPT,True
dasatinib,HCC366_LUNG,0.5135937333106995,0.6013154222233461,X_scGPT,True
dasatinib,HCC38_BREAST,0.6338750123977661,0.5879622267186642,X_scGPT,True
dasatinib,HCC56_LARGE_INTESTINE,0.866937518119812,0.6940181604539505,X_scGPT,True
dasatinib,HDQP1_BREAST,0.5128999948501587,0.5842928774654865,X_scGPT,True
dasatinib,HEC151_ENDOMETRIUM,0.515681266784668,0.6710171489715576,X_scGPT,True
dasatinib,HEC251_ENDOMETRIUM,0.6387500166893005,0.5778596429067238,X_scGPT,True
dasatinib,HEC6_ENDOMETRIUM,0.6464266777038574,0.6184138026296723,X_scGPT,True
dasatinib,HEP3B217_LIVER,0.9039999842643738,0.6535952111422005,X_scGPT,True
dasatinib,HMC18_BREAST,0.7727500200271606,0.7509439526564432,X_scGPT,True
dasatinib,HOS_BONE,0.5919562578201294,0.6364265572463934,X_scGPT,True
dasatinib,HS852T_SKIN,0.4922249913215637,0.6613289342250352,X_scGPT,True
dasatinib,HT1080_SOFT_TISSUE,0.562749981880188,0.5798321019771487,X_scGPT,True
dasatinib,HT1197_URINARY_TRACT,0.6575624942779541,0.6249054485076183,X_scGPT,True
dasatinib,HT55_LARGE_INTESTINE,0.6846250295639038,0.724143318937853,X_scGPT,True
dasatinib,HUH6_LIVER,0.7534375190734863,0.7053266839515528,X_scGPT,True
dasatinib,HUPT3_PANCREAS,0.41859376430511475,0.546929248553865,X_scGPT,True
dasatinib,HUPT4_PANCREAS,0.20620624721050262,0.593786501458713,X_scGPT,True
dasatinib,IALM_LUNG,0.6118687391281128,0.576015865025313,X_scGPT,True
dasatinib,IGR1_SKIN,0.8138124942779541,0.7263312775513221,X_scGPT,True
dasatinib,IGR37_SKIN,0.8005625009536743,0.8042884244011871,X_scGPT,True
dasatinib,IM95_STOMACH,0.5978062748908997,0.7404686985789118,X_scGPT,True
dasatinib,JHH6_LIVER,0.9313125014305115,0.6017825617952254,X_scGPT,True
dasatinib,JHOC5_OVARY,0.4943000078201294,0.6308238198017252,X_scGPT,True
dasatinib,KALS1_CENTRAL_NERVOUS_SYSTEM,0.559806227684021,0.5451707770634029,X_scGPT,True
dasatinib,KMRC3_KIDNEY,0.46354374289512634,0.552279705903968,X_scGPT,True
dasatinib,KNS42_CENTRAL_NERVOUS_SYSTEM,0.7975000143051147,0.5697865454956542,X_scGPT,True
dasatinib,KPNSI9S_AUTONOMIC_GANGLIA,0.5248562693595886,0.5517327231030131,X_scGPT,True
dasatinib,KYSE520_OESOPHAGUS,0.4431062638759613,0.5535552326370689,X_scGPT,True
dasatinib,LI7_LIVER,0.49360623955726624,0.6573774930165739,X_scGPT,True
dasatinib,LMSU_STOMACH,0.4782937467098236,0.6063412367128859,X_scGPT,True
dasatinib,LNCAPCLONEFGC_PROSTATE,0.7626875042915344,0.927274955797565,X_scGPT,True
dasatinib,LS1034_LARGE_INTESTINE,0.8205000162124634,0.6813507778187321,X_scGPT,True
dasatinib,LS180_LARGE_INTESTINE,0.6623749732971191,0.7102486311233605,X_scGPT,True
dasatinib,MCF7_BREAST,0.7684375047683716,0.8757064034055163,X_scGPT,True
dasatinib,MDAMB361_BREAST,0.8408125042915344,0.9141919988173025,X_scGPT,True
dasatinib,MFE319_ENDOMETRIUM,0.761062502861023,0.6853403530195745,X_scGPT,True
dasatinib,MKN45_STOMACH,0.8778125047683716,0.6782604880252127,X_scGPT,True
dasatinib,MKN7_STOMACH,0.5567687749862671,0.6568958172502444,X_scGPT,True
dasatinib,MSTO211H_PLEURA,0.5362062454223633,0.6404106338016112,X_scGPT,True
dasatinib,NCIH1299_LUNG,0.6105422377586365,0.7049539451965232,X_scGPT,True
dasatinib,NCIH1373_LUNG,0.5807437300682068,0.6072032658792124,X_scGPT,True
dasatinib,NCIH1435_LUNG,0.44232499599456787,0.6337863642178224,X_scGPT,True
dasatinib,NCIH1792_LUNG,0.6287500262260437,0.6083595956768002,X_scGPT,True
dasatinib,NCIH1944_LUNG,0.7472500205039978,0.6832803382677732,X_scGPT,True
dasatinib,NCIH2087_LUNG,0.5473187565803528,0.5585406373624933,X_scGPT,True
dasatinib,NCIH2110_LUNG,0.6790000200271606,0.6442686391535716,X_scGPT,True
dasatinib,NCIH2126_LUNG,0.8586666584014893,0.6019604307684031,X_scGPT,True
dasatinib,NCIH2170_LUNG,0.6866875290870667,0.7473165850404283,X_scGPT,True
dasatinib,NCIH2228_LUNG,0.638593316078186,0.5899337319814542,X_scGPT,True
dasatinib,NCIH226_LUNG,0.7738666534423828,0.6069160339680124,X_scGPT,True
dasatinib,NCIH2444_LUNG,0.521726667881012,0.6109940309061783,X_scGPT,True
dasatinib,NCIH2452_PLEURA,0.5222600102424622,0.5593351058135688,X_scGPT,True
dasatinib,NCIH358_LUNG,0.5363249778747559,0.631482431931155,X_scGPT,True
dasatinib,NCIH446_LUNG,0.6246500015258789,0.6280713476696793,X_scGPT,True
dasatinib,NCIH460_LUNG,0.8875625133514404,0.6958263921623732,X_scGPT,True
dasatinib,NCIH522_LUNG,0.5932687520980835,0.680570069127358,X_scGPT,True
dasatinib,NCIH650_LUNG,0.7402499914169312,0.6289048177289787,X_scGPT,True
dasatinib,NCIH747_LARGE_INTESTINE,0.46569374203681946,0.5888696432113647,X_scGPT,True
dasatinib,OAW28_OVARY,0.4912968873977661,0.5879966683269288,X_scGPT,True
dasatinib,OSRC2_KIDNEY,0.5444625020027161,0.6123224889475202,X_scGPT,True
dasatinib,OUMS23_LARGE_INTESTINE,0.7300624847412109,0.6808830009442624,X_scGPT,True
dasatinib,OVK18_OVARY,0.8302500247955322,0.7916587279753738,X_scGPT,True
dasatinib,OVSAHO_OVARY,0.7293750047683716,0.7044861012093296,X_scGPT,True
dasatinib,OVTOKO_OVARY,0.5172937512397766,0.5794846926009256,X_scGPT,True
dasatinib,PANC0203_PANCREAS,0.7113749980926514,0.626087344564468,X_scGPT,True
dasatinib,PATU8988S_PANCREAS,0.6708750128746033,0.6674853375212091,X_scGPT,True
dasatinib,PC3_PROSTATE,0.6915000081062317,0.6013432480174409,X_scGPT,True
dasatinib,PECAPJ49_UPPER_AERODIGESTIVE_TRACT,0.3630812466144562,0.4516402515444425,X_scGPT,True
dasatinib,PK45H_PANCREAS,0.6463750004768372,0.6211507711903196,X_scGPT,True
dasatinib,PK59_PANCREAS,0.5165374875068665,0.6279818511557305,X_scGPT,True
dasatinib,RCC10RGB_KIDNEY,0.8713124990463257,0.5871343038368635,X_scGPT,True
dasatinib,RCM1_LARGE_INTESTINE,0.7444999814033508,0.6369149317033589,X_scGPT,True
dasatinib,RD_SOFT_TISSUE,0.633062481880188,0.5806210157514988,X_scGPT,True
dasatinib,RERFLCAD1_LUNG,0.7653124928474426,0.6154107884369759,X_scGPT,True
dasatinib,RERFLCAI_LUNG,0.721750020980835,0.5911414005340786,X_scGPT,True
dasatinib,RT4_URINARY_TRACT,0.6525624990463257,0.634828194694699,X_scGPT,True
dasatinib,RVH421_SKIN,0.8004999756813049,0.5746096686838063,X_scGPT,True
dasatinib,SCC25_UPPER_AERODIGESTIVE_TRACT,0.3042375147342682,0.4839536081377276,X_scGPT,True
dasatinib,SCC9_UPPER_AERODIGESTIVE_TRACT,0.5571937561035156,0.5216072890005614,X_scGPT,True
dasatinib,SH10TC_STOMACH,0.7889999747276306,0.652004532494776,X_scGPT,True
dasatinib,SKES1_BONE,0.7970625162124634,0.622227620947492,X_scGPT,True
dasatinib,SKMEL30_SKIN,0.8729375004768372,0.7339779972692387,X_scGPT,True
dasatinib,SKMEL3_SKIN,0.7651875019073486,0.8552019064573898,X_scGPT,True
dasatinib,SKMEL5_SKIN,0.8383125066757202,0.7664961258971731,X_scGPT,True
dasatinib,SKNAS_AUTONOMIC_GANGLIA,0.7799375057220459,0.6212862468926252,X_scGPT,True
dasatinib,SNU1079_BILIARY_TRACT,0.07193750143051147,0.6252027268279089,X_scGPT,True
dasatinib,SNU1214_UPPER_AERODIGESTIVE_TRACT,0.367125004529953,0.47166304448817636,X_scGPT,True
dasatinib,SNU308_BILIARY_TRACT,0.5768499970436096,0.5365854523917462,X_scGPT,True
dasatinib,SNU423_LIVER,0.5128499865531921,0.5922812858842453,X_scGPT,True
dasatinib,SNU449_LIVER,0.4744812548160553,0.6244497111080386,X_scGPT,True
dasatinib,SNU46_UPPER_AERODIGESTIVE_TRACT,0.5456749796867371,0.5677416497620486,X_scGPT,True
dasatinib,SNU738_CENTRAL_NERVOUS_SYSTEM,0.8138750195503235,0.6066237002375258,X_scGPT,True
dasatinib,SNU899_UPPER_AERODIGESTIVE_TRACT,0.6191187500953674,0.4918091947055725,X_scGPT,True
dasatinib,SNUC4_LARGE_INTESTINE,0.815750002861023,0.6944766375186356,X_scGPT,True
dasatinib,SQ1_LUNG,0.5575562715530396,0.5980568933887642,X_scGPT,True
dasatinib,SU8686_PANCREAS,0.5070333480834961,0.5940827291186263,X_scGPT,True
dasatinib,SW1088_CENTRAL_NERVOUS_SYSTEM,0.5041000247001648,0.5679664278868586,X_scGPT,True
dasatinib,SW1271_LUNG,0.4572266638278961,0.6607233135596565,X_scGPT,True
dasatinib,SW1990_PANCREAS,0.3703874945640564,0.597894586452832,X_scGPT,True
dasatinib,SW579_THYROID,0.3098750114440918,0.5790590075303882,X_scGPT,True
dasatinib,T47D_BREAST,0.8370624780654907,0.8662718874296991,X_scGPT,True
dasatinib,TCCSUP_URINARY_TRACT,0.6050062775611877,0.6287435696849341,X_scGPT,True
dasatinib,TE10_OESOPHAGUS,0.5592374801635742,0.5766889036518253,X_scGPT,True
dasatinib,TE14_OESOPHAGUS,0.6207937598228455,0.5058832536392575,X_scGPT,True
dasatinib,TE1_OESOPHAGUS,0.5767937302589417,0.6330388512426209,X_scGPT,True
dasatinib,TE6_OESOPHAGUS,0.535973310470581,0.5895372099647072,X_scGPT,True
dasatinib,TE9_OESOPHAGUS,0.6097562313079834,0.5509933138326291,X_scGPT,True
dasatinib,TM31_CENTRAL_NERVOUS_SYSTEM,0.6142374873161316,0.6120214606153553,X_scGPT,True
dasatinib,TOV21G_OVARY,0.5826687216758728,0.6301023975747531,X_scGPT,True
dasatinib,TYKNU_OVARY,0.6115937232971191,0.6223701783734509,X_scGPT,True
dasatinib,U118MG_CENTRAL_NERVOUS_SYSTEM,0.593500018119812,0.5650551372864208,X_scGPT,True
dasatinib,UACC257_SKIN,0.7852500081062317,0.7557402335450241,X_scGPT,True
dasatinib,UMUC1_URINARY_TRACT,0.8255000114440918,0.5091386083418947,X_scGPT,True
dasatinib,VMCUB1_URINARY_TRACT,0.48861250281333923,0.5346972259018711,X_scGPT,True
dasatinib,VMRCRCZ_KIDNEY,0.5126312375068665,0.6554938425620397,X_scGPT,True
dasatinib,YD38_UPPER_AERODIGESTIVE_TRACT,0.4448312520980835,0.5574707582306403,X_scGPT,True
dasatinib,ZR751_BREAST,0.912933349609375,0.9529739101342013,X_scGPT,True
paclitaxel,42MGBA_CENTRAL_NERVOUS_SYSTEM,0.5285812616348267,0.4554638528915906,X_scGPT,True
paclitaxel,8305C_THYROID,0.43854284286499023,0.5284402436030976,X_scGPT,True
paclitaxel,A204_SOFT_TISSUE,0.37181875109672546,0.39333539164066317,X_scGPT,True
paclitaxel,A2058_SKIN,0.25206249952316284,0.5850788399475773,X_scGPT,True
paclitaxel,A375_SKIN,0.6584940552711487,0.5796865033862161,X_scGPT,True
paclitaxel,ACCMESO1_PLEURA,0.9169333577156067,0.8027280083409062,X_scGPT,True
paclitaxel,ASPC1_PANCREAS,0.6364892721176147,0.7185325688329236,X_scGPT,True
paclitaxel,BCPAP_THYROID,0.23052667081356049,0.4653764859234032,X_scGPT,True
paclitaxel,BFTC909_KIDNEY,0.5407999753952026,0.6073022493429109,X_scGPT,True
paclitaxel,BHY_UPPER_AERODIGESTIVE_TRACT,0.5109785795211792,0.44136042430483063,X_scGPT,True
paclitaxel,BICR31_UPPER_AERODIGESTIVE_TRACT,0.5008999705314636,0.3883816176845181,X_scGPT,True
paclitaxel,BICR56_UPPER_AERODIGESTIVE_TRACT,0.34946250915527344,0.4217107020042561,X_scGPT,True
paclitaxel,BICR6_UPPER_AERODIGESTIVE_TRACT,0.22311249375343323,0.4668880004982848,X_scGPT,True
paclitaxel,BT474_BREAST,0.5269133448600769,0.7724992275238037,X_scGPT,True
paclitaxel,BT549_BREAST,0.334975004196167,0.513539837155127,X_scGPT,True
paclitaxel,CAKI2_KIDNEY,0.6657214164733887,0.7308602958059996,X_scGPT,True
paclitaxel,CALU6_LUNG,0.5136666893959045,0.5731942113055739,X_scGPT,True
paclitaxel,CAMA1_BREAST,0.671625018119812,0.701372096731081,X_scGPT,True
paclitaxel,CAS1_CENTRAL_NERVOUS_SYSTEM,0.8123077154159546,0.5342810532652346,X_scGPT,True
paclitaxel,CCFSTTG1_CENTRAL_NERVOUS_SYSTEM,0.5159249901771545,0.5117288508066317,X_scGPT,True
paclitaxel,COLO680N_OESOPHAGUS,0.612137496471405,0.5617333849461084,X_scGPT,True
paclitaxel,COLO741_SKIN,0.6660624742507935,0.5282967750062334,X_scGPT,True
paclitaxel,COLO792_SKIN,0.6829333305358887,0.6984730241923315,X_scGPT,True
paclitaxel,COV434_OVARY,0.4877749979496002,0.377862542190335,X_scGPT,True
paclitaxel,DANG_PANCREAS,0.3995312452316284,0.6262584016039655,X_scGPT,True
paclitaxel,DAOY_CENTRAL_NERVOUS_SYSTEM,0.2984437644481659,0.5168017967739987,X_scGPT,True
paclitaxel,DETROIT562_UPPER_AERODIGESTIVE_TRACT,0.4171437621116638,0.4525768244924721,X_scGPT,True
paclitaxel,DKMG_CENTRAL_NERVOUS_SYSTEM,0.3044285774230957,0.5152345529561553,X_scGPT,True
paclitaxel,EBC1_LUNG,0.43924999237060547,0.6287848685056933,X_scGPT,True
paclitaxel,EFE184_ENDOMETRIUM,0.7961875200271606,0.72575707768285,X_scGPT,True
paclitaxel,EFM192A_BREAST,0.322231262922287,0.5243602779892472,X_scGPT,True
paclitaxel,EKVX_LUNG,0.5209375023841858,0.6752578089498493,X_scGPT,True
paclitaxel,FTC133_THYROID,0.4417499899864197,0.5718426465988159,X_scGPT,True
paclitaxel,GOS3_CENTRAL_NERVOUS_SYSTEM,0.6065866947174072,0.5169670347767975,X_scGPT,True
paclitaxel,HCC1428_BREAST,0.6947500109672546,0.57743388062387,X_scGPT,True
paclitaxel,HCC366_LUNG,0.3181999921798706,0.5335455210787234,X_scGPT,True
paclitaxel,HCC56_LARGE_INTESTINE,0.5721750259399414,0.6181143224239349,X_scGPT,True
paclitaxel,HDQP1_BREAST,0.5168733596801758,0.5179067035205662,X_scGPT,True
paclitaxel,HEC151_ENDOMETRIUM,0.24384374916553497,0.6669019637107849,X_scGPT,True
paclitaxel,HEC251_ENDOMETRIUM,0.5712500214576721,0.5362054059438617,X_scGPT,True
paclitaxel,HEC6_ENDOMETRIUM,0.6322214007377625,0.4970849617297605,X_scGPT,True
paclitaxel,HEP3B217_LIVER,0.8162500262260437,0.7555608496827594,X_scGPT,True
paclitaxel,HMC18_BREAST,0.48608750104904175,0.5389079115903418,X_scGPT,True
paclitaxel,HOS_BONE,0.4674866795539856,0.46322877350992403,X_scGPT,True
paclitaxel,HS852T_SKIN,0.5268124938011169,0.67088354093793,X_scGPT,True
paclitaxel,HT1080_SOFT_TISSUE,0.2612687647342682,0.5451077805008999,X_scGPT,True
paclitaxel,HT1197_URINARY_TRACT,0.8916249871253967,0.7491421151805568,X_scGPT,True
paclitaxel,HT55_LARGE_INTESTINE,0.7723076939582825,0.6641001057285834,X_scGPT,True
paclitaxel,HUH6_LIVER,1.100000023841858,0.7584272101080629,X_scGPT,True
paclitaxel,HUPT3_PANCREAS,0.6277499794960022,0.54210862013347,X_scGPT,True
paclitaxel,HUPT4_PANCREAS,0.46790769696235657,0.6566193630652768,X_scGPT,True
paclitaxel,IALM_LUNG,0.9359375238418579,0.5716655198831736,X_scGPT,True
paclitaxel,IGR1_SKIN,0.4400250017642975,0.4681438439056791,X_scGPT,True
paclitaxel,IGR37_SKIN,0.3176187574863434,0.6741134112094253,X_scGPT,True
paclitaxel,IM95_STOMACH,0.09405333548784256,0.5342347779789487,X_scGPT,True
paclitaxel,JHH6_LIVER,0.7914375066757202,0.5329362491091478,X_scGPT,True
paclitaxel,JHOC5_OVARY,0.6793785691261292,0.619554214847499,X_scGPT,True
paclitaxel,KALS1_CENTRAL_NERVOUS_SYSTEM,0.5128812789916992,0.4622192530789309,X_scGPT,True
paclitaxel,KNS42_CENTRAL_NERVOUS_SYSTEM,0.49499374628067017,0.35361919240203016,X_scGPT,True
paclitaxel,KPNSI9S_AUTONOMIC_GANGLIA,0.44433748722076416,0.4367626064507536,X_scGPT,True
paclitaxel,KYSE520_OESOPHAGUS,0.6790000200271606,0.47117201887048066,X_scGPT,True
paclitaxel,LI7_LIVER,0.43004998564720154,0.6345213041925917,X_scGPT,True
paclitaxel,LMSU_STOMACH,0.6495000123977661,0.4649901615638359,X_scGPT,True
paclitaxel,LNCAPCLONEFGC_PROSTATE,0.24524374306201935,0.6500355929367302,X_scGPT,True
paclitaxel,LS1034_LARGE_INTESTINE,0.5858374834060669,0.6380166889053501,X_scGPT,True
paclitaxel,LS180_LARGE_INTESTINE,0.4455749988555908,0.5302280368402064,X_scGPT,True
paclitaxel,MCF7_BREAST,0.6690624952316284,0.5572216808795929,X_scGPT,True
paclitaxel,MDAMB361_BREAST,0.7103124856948853,0.6425337711970012,X_scGPT,True
paclitaxel,MFE319_ENDOMETRIUM,0.2996000051498413,0.6494988156238776,X_scGPT,True
paclitaxel,MKN45_STOMACH,0.9375,0.5632900684061697,X_scGPT,True
paclitaxel,MKN7_STOMACH,0.6533125042915344,0.6669974127250125,X_scGPT,True
paclitaxel,MSTO211H_PLEURA,0.4940750002861023,0.5045820997419582,X_scGPT,True
paclitaxel,NCIH1299_LUNG,0.7131249904632568,0.5936726705076989,X_scGPT,True
paclitaxel,NCIH1373_LUNG,0.8170714378356934,0.5420380990679671,X_scGPT,True
paclitaxel,NCIH1435_LUNG,0.8456875085830688,0.5991237683689103,X_scGPT,True
paclitaxel,NCIH1792_LUNG,0.5265285968780518,0.5321688606395377,X_scGPT,True
paclitaxel,NCIH1944_LUNG,0.3497374951839447,0.5790089525750294,X_scGPT,True
paclitaxel,NCIH2087_LUNG,0.5121562480926514,0.5484574854918266,X_scGPT,True
paclitaxel,NCIH2110_LUNG,0.2555312514305115,0.5015232795297201,X_scGPT,True
paclitaxel,NCIH2126_LUNG,0.4945249855518341,0.424142267667886,X_scGPT,True
paclitaxel,NCIH2170_LUNG,0.5045499801635742,0.4214551885363082,X_scGPT,True
paclitaxel,NCIH2228_LUNG,0.7720111012458801,0.7362530741444725,X_scGPT,True
paclitaxel,NCIH226_LUNG,1.100000023841858,0.8148906416081367,X_scGPT,True
paclitaxel,NCIH2444_LUNG,1.100000023841858,0.6926680139348477,X_scGPT,True
paclitaxel,NCIH2452_PLEURA,1.0585500001907349,0.6480937065023472,X_scGPT,True
paclitaxel,NCIH358_LUNG,0.23592500388622284,0.5879032980828058,X_scGPT,True
paclitaxel,NCIH446_LUNG,0.13584375381469727,0.2969901141311441,X_scGPT,True
paclitaxel,NCIH460_LUNG,0.7216249704360962,0.47684370278600013,X_scGPT,True
paclitaxel,NCIH522_LUNG,0.16481874883174896,0.39317546856517976,X_scGPT,True
paclitaxel,NCIH650_LUNG,0.5303000211715698,0.5473181044483537,X_scGPT,True
paclitaxel,NCIH747_LARGE_INTESTINE,0.5399312376976013,0.6000358752906323,X_scGPT,True
paclitaxel,OAW28_OVARY,0.6158447861671448,0.7178014265084118,X_scGPT,True
paclitaxel,OSRC2_KIDNEY,0.7997142672538757,0.714496174975047,X_scGPT,True
paclitaxel,OVK18_OVARY,0.39842307567596436,0.4739611368165927,X_scGPT,True
paclitaxel,OVSAHO_OVARY,0.8846250176429749,0.6093950468538091,X_scGPT,True
paclitaxel,OVTOKO_OVARY,0.8326428532600403,0.6374582733834189,X_scGPT,True
paclitaxel,PANC0203_PANCREAS,0.6189799904823303,0.5398993481524849,X_scGPT,True
paclitaxel,PATU8988S_PANCREAS,0.46135714650154114,0.5676412296588303,X_scGPT,True
paclitaxel,PC3_PROSTATE,0.615456223487854,0.5867454083360863,X_scGPT,True
paclitaxel,PECAPJ49_UPPER_AERODIGESTIVE_TRACT,0.12946875393390656,0.389647518939311,X_scGPT,True
paclitaxel,PK45H_PANCREAS,0.6258124709129333,0.6268491504157161,X_scGPT,True
paclitaxel,PK59_PANCREAS,0.7167999744415283,0.5887317554704075,X_scGPT,True
paclitaxel,RCC10RGB_KIDNEY,0.8610000014305115,0.6993591034617035,X_scGPT,True
paclitaxel,RCM1_LARGE_INTESTINE,0.8398125171661377,0.5269868895411491,X_scGPT,True
paclitaxel,RD_SOFT_TISSUE,0.38019999861717224,0.4407064774255643,X_scGPT,True
paclitaxel,RERFLCAD1_LUNG,0.8071249723434448,0.6772859338134405,X_scGPT,True
paclitaxel,RERFLCAI_LUNG,0.22921249270439148,0.574939679662022,X_scGPT,True
paclitaxel,RT4_URINARY_TRACT,0.6225066781044006,0.517657812192755,X_scGPT,True
paclitaxel,RVH421_SKIN,0.6980000138282776,0.6293937400544538,X_scGPT,True
paclitaxel,SCC25_UPPER_AERODIGESTIVE_TRACT,0.2631266713142395,0.40420383955030503,X_scGPT,True
paclitaxel,SCC9_UPPER_AERODIGESTIVE_TRACT,0.4983375072479248,0.48935724063923486,X_scGPT,True
paclitaxel,SH10TC_STOMACH,0.33800625801086426,0.6559969954341226,X_scGPT,True
paclitaxel,SKES1_BONE,0.12243124842643738,0.35803720911780557,X_scGPT,True
paclitaxel,SKMEL30_SKIN,0.8396000266075134,0.5670423066987532,X_scGPT,True
paclitaxel,SKMEL3_SKIN,0.8928750157356262,0.5977768613812849,X_scGPT,True
paclitaxel,SKMEL5_SKIN,0.6320000290870667,0.6634621477689004,X_scGPT,True
paclitaxel,SKNAS_AUTONOMIC_GANGLIA,0.40153124928474426,0.27790173070620644,X_scGPT,True
paclitaxel,SNU1079_BILIARY_TRACT,0.7470714449882507,0.6997519845831884,X_scGPT,True
paclitaxel,SNU308_BILIARY_TRACT,0.6199625134468079,0.46410753625504514,X_scGPT,True
paclitaxel,SNU423_LIVER,0.3167562484741211,0.5948155228540583,X_scGPT,True
paclitaxel,SNU449_LIVER,0.6817499995231628,0.49792648957553487,X_scGPT,True
paclitaxel,SNU46_UPPER_AERODIGESTIVE_TRACT,0.7358750104904175,0.5327718443537163,X_scGPT,True
paclitaxel,SNU738_CENTRAL_NERVOUS_SYSTEM,0.4071125090122223,0.619435264834628,X_scGPT,True
paclitaxel,SNU899_UPPER_AERODIGESTIVE_TRACT,0.6364374756813049,0.43601570395101985,X_scGPT,True
paclitaxel,SQ1_LUNG,0.6761875152587891,0.6824752680894708,X_scGPT,True
paclitaxel,SU8686_PANCREAS,0.9290778040885925,0.5370589745480839,X_scGPT,True
paclitaxel,SW1088_CENTRAL_NERVOUS_SYSTEM,0.487193763256073,0.6214934568852186,X_scGPT,True
paclitaxel,SW1271_LUNG,0.8290333151817322,0.7172056617944137,X_scGPT,True
paclitaxel,SW1990_PANCREAS,0.5032250285148621,0.6470448419403175,X_scGPT,True
paclitaxel,SW579_THYROID,0.2587812542915344,0.5451869913784589,X_scGPT,True
paclitaxel,T47D_BREAST,0.7885333299636841,0.7508570202605217,X_scGPT,True
paclitaxel,TCCSUP_URINARY_TRACT,0.5900062322616577,0.534650444984436,X_scGPT,True
paclitaxel,TE10_OESOPHAGUS,0.47663751244544983,0.48659952876230356,X_scGPT,True
paclitaxel,TE14_OESOPHAGUS,0.2560800015926361,0.3238600031295909,X_scGPT,True
paclitaxel,TE1_OESOPHAGUS,0.7301874756813049,0.6187855100747451,X_scGPT,True
paclitaxel,TE6_OESOPHAGUS,0.5045499801635742,0.4150089147735637,X_scGPT,True
paclitaxel,TM31_CENTRAL_NERVOUS_SYSTEM,0.6938124895095825,0.5985262784464606,X_scGPT,True
paclitaxel,TOV21G_OVARY,0.5901437401771545,0.5195348354636645,X_scGPT,True
paclitaxel,TYKNU_OVARY,0.5223937630653381,0.3578435480594635,X_scGPT,True
paclitaxel,U118MG_CENTRAL_NERVOUS_SYSTEM,0.4687125086784363,0.47789305118752307,X_scGPT,True
paclitaxel,UACC257_SKIN,0.7988749742507935,0.6267556326159872,X_scGPT,True
paclitaxel,UMUC1_URINARY_TRACT,0.4259124994277954,0.4545567981180201,X_scGPT,True
paclitaxel,VMCUB1_URINARY_TRACT,0.25546666979789734,0.3609568727315719,X_scGPT,True
paclitaxel,VMRCRCZ_KIDNEY,0.7373124957084656,0.7022753536701203,X_scGPT,True
paclitaxel,ZR751_BREAST,0.9081875085830688,0.6358676388811525,X_scGPT,True
vincristine,42MGBA_CENTRAL_NERVOUS_SYSTEM,0.5476400256156921,0.36130775517018143,X_scGPT,True
vincristine,8305C_THYROID,0.40195000171661377,0.5183321684274279,X_scGPT,True
vincristine,A204_SOFT_TISSUE,0.40056875348091125,0.3140469467639923,X_scGPT,True
vincristine,A2058_SKIN,0.2991437613964081,0.5164242058384175,X_scGPT,True
vincristine,A375_SKIN,0.5948214530944824,0.5537078306204553,X_scGPT,True
vincristine,ACCMESO1_PLEURA,0.8137500286102295,0.6355202994596811,X_scGPT,True
vincristine,ASPC1_PANCREAS,0.6924999952316284,0.6990078118340722,X_scGPT,True
vincristine,BCPAP_THYROID,0.3965800106525421,0.4126503606768031,X_scGPT,True
vincristine,BFTC909_KIDNEY,0.44690001010894775,0.5343968194361413,X_scGPT,True
vincristine,BHY_UPPER_AERODIGESTIVE_TRACT,0.6288750171661377,0.5586526938553514,X_scGPT,True
vincristine,BICR31_UPPER_AERODIGESTIVE_TRACT,0.6130625009536743,0.468176506459713,X_scGPT,True
vincristine,BICR56_UPPER_AERODIGESTIVE_TRACT,0.634006679058075,0.5078576192443753,X_scGPT,True
vincristine,BICR6_UPPER_AERODIGESTIVE_TRACT,0.3622399866580963,0.5566001228102437,X_scGPT,True
vincristine,BT474_BREAST,0.6909999847412109,0.6998419275283814,X_scGPT,True
vincristine,BT549_BREAST,0.6388999819755554,0.4640635862610394,X_scGPT,True
vincristine,CAKI2_KIDNEY,0.6704375147819519,0.634130478012476,X_scGPT,True
vincristine,CALU6_LUNG,0.6008124947547913,0.5514780783145002,X_scGPT,True
vincristine,CAMA1_BREAST,0.6742500066757202,0.677686012282814,X_scGPT,True
vincristine,CAS1_CENTRAL_NERVOUS_SYSTEM,0.6345199942588806,0.5066170622979788,X_scGPT,True
vincristine,CCFSTTG1_CENTRAL_NERVOUS_SYSTEM,0.857200026512146,0.481199098190641,X_scGPT,True
vincristine,COLO680N_OESOPHAGUS,0.7554374933242798,0.5604169382419915,X_scGPT,True
vincristine,COLO741_SKIN,0.43671250343322754,0.5019588684238562,X_scGPT,True
vincristine,COLO792_SKIN,0.6443125009536743,0.592610846586333,X_scGPT,True
vincristine,COV434_OVARY,0.3867799937725067,0.34996785189617763,X_scGPT,True
vincristine,DANG_PANCREAS,0.6072750091552734,0.6372441386843061,X_scGPT,True
vincristine,DAOY_CENTRAL_NERVOUS_SYSTEM,0.2947562634944916,0.48534178659585026,X_scGPT,True
vincristine,DETROIT562_UPPER_AERODIGESTIVE_TRACT,0.5571374893188477,0.5351025804054518,X_scGPT,True
vincristine,DKMG_CENTRAL_NERVOUS_SYSTEM,0.409280002117157,0.4776600841226613,X_scGPT,True
vincristine,EBC1_LUNG,0.5565124750137329,0.6278780628276127,X_scGPT,True
vincristine,EFE184_ENDOMETRIUM,0.679562509059906,0.7019224859947382,X_scGPT,True
vincristine,EFM192A_BREAST,0.672249972820282,0.5787763599160913,X_scGPT,True
vincristine,EKVX_LUNG,0.8526666760444641,0.6449652585673006,X_scGPT,True
vincristine,FTC133_THYROID,0.6901999711990356,0.5974647577319826,X_scGPT,True
vincristine,GOS3_CENTRAL_NERVOUS_SYSTEM,0.5899562239646912,0.49813254825107717,X_scGPT,True
vincristine,HCC1428_BREAST,0.7901999950408936,0.5101023938242845,X_scGPT,True
vincristine,HCC366_LUNG,0.457868754863739,0.5777713101689178,X_scGPT,True
vincristine,HCC38_BREAST,0.5398461818695068,0.5677636151015758,X_scGPT,True
vincristine,HCC56_LARGE_INTESTINE,0.5508187413215637,0.5896421369880137,X_scGPT,True
vincristine,HDQP1_BREAST,0.7371249794960022,0.5936935404315591,X_scGPT,True
vincristine,HEC151_ENDOMETRIUM,0.20153124630451202,0.6283322989940643,X_scGPT,True
vincristine,HEC251_ENDOMETRIUM,0.5240312218666077,0.6019100000925153,X_scGPT,True
vincristine,HEC6_ENDOMETRIUM,0.6780624985694885,0.5690234686647143,X_scGPT,True
vincristine,HEP3B217_LIVER,0.8504999876022339,0.5789432540788488,X_scGPT,True
vincristine,HMC18_BREAST,0.39646250009536743,0.5612212185566743,X_scGPT,True
vincristine,HOS_BONE,0.3352062404155731,0.45703651091877023,X_scGPT,True
vincristine,HS852T_SKIN,0.48148125410079956,0.6218754040238298,X_scGPT,True
vincristine,HT1080_SOFT_TISSUE,0.18923750519752502,0.5207033783428429,X_scGPT,True
vincristine,HT1197_URINARY_TRACT,0.6433749794960022,0.6781058714196488,X_scGPT,True
vincristine,HT55_LARGE_INTESTINE,0.706250011920929,0.6030713968084886,X_scGPT,True
vincristine,HUH6_LIVER,0.3490374982357025,0.6929581710220089,X_scGPT,True
vincristine,HUPT3_PANCREAS,0.6478750109672546,0.5876047429354752,X_scGPT,True
vincristine,HUPT4_PANCREAS,0.4810187518596649,0.6156493627599308,X_scGPT,True
vincristine,IALM_LUNG,0.8377500176429749,0.5380960281776346,X_scGPT,True
vincristine,IGR1_SKIN,0.3574312627315521,0.4032437541978113,X_scGPT,True
vincristine,IGR37_SKIN,0.24663333594799042,0.5404829140698876,X_scGPT,True
vincristine,IM95_STOMACH,0.19499333202838898,0.5238995270149128,X_scGPT,True
vincristine,JHH6_LIVER,0.9332500100135803,0.5360241817328536,X_scGPT,True
vincristine,JHOC5_OVARY,0.6779999732971191,0.5866195103217815,X_scGPT,True
vincristine,KALS1_CENTRAL_NERVOUS_SYSTEM,0.4094187617301941,0.4229123171211945,X_scGPT,True
vincristine,KMRC3_KIDNEY,0.4999333322048187,0.5901387730423285,X_scGPT,True
vincristine,KNS42_CENTRAL_NERVOUS_SYSTEM,0.6093999743461609,0.3636696835936502,X_scGPT,True
vincristine,KPNSI9S_AUTONOMIC_GANGLIA,0.35938748717308044,0.3773018877173579,X_scGPT,True
vincristine,KYSE520_OESOPHAGUS,0.7401333451271057,0.5413470729585772,X_scGPT,True
vincristine,LI7_LIVER,0.5061312317848206,0.6120721752546272,X_scGPT,True
vincristine,LMSU_STOMACH,0.5531874895095825,0.48755002302281997,X_scGPT,True
vincristine,LNCAPCLONEFGC_PROSTATE,0.24716874957084656,0.5525096470071363,X_scGPT,True
vincristine,LS1034_LARGE_INTESTINE,0.6206466555595398,0.6238668075163071,X_scGPT,True
vincristine,LS180_LARGE_INTESTINE,0.5076187252998352,0.5396814944836572,X_scGPT,True
vincristine,MCF7_BREAST,0.5924249887466431,0.5145565144248776,X_scGPT,True
vincristine,MDAMB361_BREAST,0.5774400234222412,0.5793249483461733,X_scGPT,True
vincristine,MFE319_ENDOMETRIUM,0.4310624897480011,0.622040043950705,X_scGPT,True
vincristine,MKN45_STOMACH,0.9100624918937683,0.5453245260957944,X_scGPT,True
vincristine,MKN7_STOMACH,0.7352666854858398,0.665920557786328,X_scGPT,True
vincristine,MSTO211H_PLEURA,0.34878748655319214,0.3909048620699231,X_scGPT,True
vincristine,NCIH1299_LUNG,0.6871187686920166,0.5184661103656676,X_scGPT,True
vincristine,NCIH1373_LUNG,0.7287499904632568,0.5348580795817259,X_scGPT,True
vincristine,NCIH1435_LUNG,0.7204999923706055,0.6172561994875861,X_scGPT,True
vincristine,NCIH1792_LUNG,0.6696249842643738,0.48447785103643265,X_scGPT,True
vincristine,NCIH1944_LUNG,0.46594375371932983,0.5356053777650934,X_scGPT,True
vincristine,NCIH2087_LUNG,0.34689998626708984,0.5493000983919727,X_scGPT,True
vincristine,NCIH2110_LUNG,0.17688125371932983,0.6064829752972377,X_scGPT,True
vincristine,NCIH2126_LUNG,0.6244562268257141,0.4091108020282153,X_scGPT,True
vincristine,NCIH2170_LUNG,0.4926687479019165,0.41174774910782425,X_scGPT,True
vincristine,NCIH2228_LUNG,0.5347874760627747,0.6125601139477878,X_scGPT,True
vincristine,NCIH226_LUNG,0.8397499918937683,0.6443621949946626,X_scGPT,True
vincristine,NCIH2444_LUNG,0.9046249985694885,0.6372256563182621,X_scGPT,True
vincristine,NCIH2452_PLEURA,0.6080750226974487,0.6066949162562983,X_scGPT,True
vincristine,NCIH358_LUNG,0.44712498784065247,0.5834065620743093,X_scGPT,True
vincristine,NCIH446_LUNG,0.2019687443971634,0.264324138207095,X_scGPT,True
vincristine,NCIH460_LUNG,0.7309062480926514,0.4228900484785242,X_scGPT,True
vincristine,NCIH522_LUNG,0.1617249995470047,0.3663713815980233,X_scGPT,True
vincristine,NCIH650_LUNG,0.5985187292098999,0.5269721096512137,X_scGPT,True
vincristine,NCIH747_LARGE_INTESTINE,0.5193866491317749,0.6092037655413151,X_scGPT,True
vincristine,OAW28_OVARY,0.6553875207901001,0.6959590263988661,X_scGPT,True
vincristine,OSRC2_KIDNEY,0.8454375267028809,0.6795355318084596,X_scGPT,True
vincristine,OUMS23_LARGE_INTESTINE,0.6188750267028809,0.69314050173091,X_scGPT,True
vincristine,OVK18_OVARY,0.40578123927116394,0.4764545682106125,X_scGPT,True
vincristine,OVSAHO_OVARY,0.8880624771118164,0.6282495252361382,X_scGPT,True
vincristine,OVTOKO_OVARY,0.7811874747276306,0.6411456400127502,X_scGPT,True
vincristine,PANC0203_PANCREAS,0.7631875276565552,0.5536910686568309,X_scGPT,True
vincristine,PATU8988S_PANCREAS,0.6373666524887085,0.5723415738979324,X_scGPT,True
vincristine,PC3_PROSTATE,0.6444374918937683,0.5509606682689938,X_scGPT,True
vincristine,PECAPJ49_UPPER_AERODIGESTIVE_TRACT,0.21821250021457672,0.46162437817247787,X_scGPT,True
vincristine,PK45H_PANCREAS,0.7045999765396118,0.5714959844232046,X_scGPT,True
vincristine,PK59_PANCREAS,0.7398750185966492,0.641478263783729,X_scGPT,True
vincristine,RCC10RGB_KIDNEY,0.7806249856948853,0.6613775640086554,X_scGPT,True
vincristine,RCM1_LARGE_INTESTINE,0.9458666443824768,0.5948057654313743,X_scGPT,True
vincristine,RD_SOFT_TISSUE,0.2967599928379059,0.3993866685706537,X_scGPT,True
vincristine,RERFLCAD1_LUNG,1.005312442779541,0.6141403820289015,X_scGPT,True
vincristine,RERFLCAI_LUNG,0.2301187515258789,0.5341317852858947,X_scGPT,True
vincristine,RT4_URINARY_TRACT,0.5279250144958496,0.5516652225885751,X_scGPT,True
vincristine,RVH421_SKIN,0.2544187605381012,0.5871950608666472,X_scGPT,True
vincristine,SCC25_UPPER_AERODIGESTIVE_TRACT,0.34040623903274536,0.5063131495746047,X_scGPT,True
vincristine,SCC9_UPPER_AERODIGESTIVE_TRACT,0.48765623569488525,0.508960006487997,X_scGPT,True
vincristine,SH10TC_STOMACH,0.43741875886917114,0.6219191966403244,X_scGPT,True
vincristine,SKES1_BONE,0.035750001668930054,0.3286718903007088,X_scGPT,True
vincristine,SKMEL2_SKIN,0.7256875038146973,0.4722142393390338,X_scGPT,True
vincristine,SKMEL30_SKIN,0.8165000081062317,0.4610129122862397,X_scGPT,True
vincristine,SKMEL3_SKIN,0.6436874866485596,0.4909183444436063,X_scGPT,True
vincristine,SKMEL5_SKIN,0.36355000734329224,0.5961203636344434,X_scGPT,True
vincristine,SKNAS_AUTONOMIC_GANGLIA,0.34972500801086426,0.24128909369485568,X_scGPT,True
vincristine,SNU1079_BILIARY_TRACT,0.7950714230537415,0.6437911272865452,X_scGPT,True
vincristine,SNU1214_UPPER_AERODIGESTIVE_TRACT,0.5193937420845032,0.538128599207452,X_scGPT,True
vincristine,SNU308_BILIARY_TRACT,0.6400625109672546,0.4952381024969385,X_scGPT,True
vincristine,SNU423_LIVER,0.40997499227523804,0.532695343050192,X_scGPT,True
vincristine,SNU449_LIVER,0.7581999897956848,0.5208919196264118,X_scGPT,True
vincristine,SNU46_UPPER_AERODIGESTIVE_TRACT,0.7064375281333923,0.5003467613862733,X_scGPT,True
vincristine,SNU738_CENTRAL_NERVOUS_SYSTEM,0.684499979019165,0.5550724667420802,X_scGPT,True
vincristine,SNU899_UPPER_AERODIGESTIVE_TRACT,0.8463749885559082,0.4910859849797674,X_scGPT,True
vincristine,SNUC4_LARGE_INTESTINE,0.5322266817092896,0.469265436143385,X_scGPT,True
vincristine,SQ1_LUNG,0.5388500094413757,0.6534079107917657,X_scGPT,True
vincristine,SU8686_PANCREAS,0.5508437752723694,0.6067239656680967,X_scGPT,True
vincristine,SW1088_CENTRAL_NERVOUS_SYSTEM,0.5256437659263611,0.5042742535006255,X_scGPT,True
vincristine,SW1271_LUNG,0.7133125066757202,0.6186310646326646,X_scGPT,True
vincristine,SW1990_PANCREAS,0.5988374948501587,0.6259162704602903,X_scGPT,True
vincristine,SW579_THYROID,0.21722500026226044,0.5250000945434042,X_scGPT,True
vincristine,T47D_BREAST,0.850266695022583,0.6467912434452799,X_scGPT,True
vincristine,TCCSUP_URINARY_TRACT,0.687624990940094,0.5022032659830926,X_scGPT,True
vincristine,TE10_OESOPHAGUS,0.5327500104904175,0.5231739851437747,X_scGPT,True
vincristine,TE14_OESOPHAGUS,0.6224615573883057,0.3601215881008639,X_scGPT,True
vincristine,TE1_OESOPHAGUS,0.7388125061988831,0.5900429741850177,X_scGPT,True
vincristine,TE6_OESOPHAGUS,0.38093748688697815,0.460139012758615,X_scGPT,True
vincristine,TE9_OESOPHAGUS,0.5380125045776367,0.5329366959631443,X_scGPT,True
vincristine,TM31_CENTRAL_NERVOUS_SYSTEM,0.5729187726974487,0.5538568088206751,X_scGPT,True
vincristine,TOV21G_OVARY,0.5007249712944031,0.5510633367984021,X_scGPT,True
vincristine,TYKNU_OVARY,0.5251562595367432,0.34332248415702427,X_scGPT,True
vincristine,U118MG_CENTRAL_NERVOUS_SYSTEM,0.5909625291824341,0.45969322885646197,X_scGPT,True
vincristine,UACC257_SKIN,0.7762500047683716,0.5230620574502267,X_scGPT,True
vincristine,UMUC1_URINARY_TRACT,0.48531249165534973,0.564698737133578,X_scGPT,True
vincristine,VMCUB1_URINARY_TRACT,0.4484249949455261,0.4593981084838572,X_scGPT,True
vincristine,VMRCRCZ_KIDNEY,0.664187490940094,0.6121361936132114,X_scGPT,True
vincristine,YD38_UPPER_AERODIGESTIVE_TRACT,0.4536312520503998,0.4958319566093194,X_scGPT,True
vincristine,ZR751_BREAST,0.6918749809265137,0.5688726716828578,X_scGPT,True
afatinib,42MGBA_CENTRAL_NERVOUS_SYSTEM,0.7275000214576721,0.7194214101923939,X_scGPT,True
afatinib,8305C_THYROID,0.6925333142280579,0.7645408168337704,X_scGPT,True
afatinib,A204_SOFT_TISSUE,0.5591874718666077,0.7078128385543824,X_scGPT,True
afatinib,A2058_SKIN,0.7646874785423279,0.8003460560120693,X_scGPT,True
afatinib,A375_SKIN,0.9358571171760559,0.7475818649914373,X_scGPT,True
afatinib,ACCMESO1_PLEURA,0.8127333521842957,0.7930650847193635,X_scGPT,True
afatinib,ASPC1_PANCREAS,0.6907187700271606,0.7689374642125492,X_scGPT,True
afatinib,BCPAP_THYROID,0.777733325958252,0.7276101747625753,X_scGPT,True
afatinib,BFTC909_KIDNEY,0.7073333263397217,0.7997719442624215,X_scGPT,True
afatinib,BHY_UPPER_AERODIGESTIVE_TRACT,0.45029333233833313,0.5476079315974794,X_scGPT,True
afatinib,BICR31_UPPER_AERODIGESTIVE_TRACT,0.4339374899864197,0.5363837299087355,X_scGPT,True
afatinib,BICR56_UPPER_AERODIGESTIVE_TRACT,0.3860437572002411,0.41323590830520346,X_scGPT,True
afatinib,BICR6_UPPER_AERODIGESTIVE_TRACT,0.711187481880188,0.5748621537968829,X_scGPT,True
afatinib,BT474_BREAST,0.43651875853538513,0.8258722882270813,X_scGPT,True
afatinib,BT549_BREAST,0.7768124938011169,0.7344844809600285,X_scGPT,True
afatinib,CAKI2_KIDNEY,0.668874979019165,0.770067569377611,X_scGPT,True
afatinib,CALU6_LUNG,0.7353333234786987,0.8319744382255762,X_scGPT,True
afatinib,CAMA1_BREAST,0.9009333252906799,0.6185361824904111,X_scGPT,True
afatinib,CAS1_CENTRAL_NERVOUS_SYSTEM,0.7460625171661377,0.7528630136547232,X_scGPT,True
afatinib,CCFSTTG1_CENTRAL_NERVOUS_SYSTEM,0.8619375228881836,0.7279348945230003,X_scGPT,True
afatinib,COLO680N_OESOPHAGUS,0.7075999975204468,0.6519519248496506,X_scGPT,True
afatinib,COLO792_SKIN,0.6729999780654907,0.7529954015108932,X_scGPT,True
afatinib,COV434_OVARY,0.6568750143051147,0.7530640113082799,X_scGPT,True
afatinib,DANG_PANCREAS,0.7179999947547913,0.700619293259574,X_scGPT,True
afatinib,DAOY_CENTRAL_NERVOUS_SYSTEM,0.9120769500732422,0.7502546102550954,X_scGPT,True
afatinib,DETROIT562_UPPER_AERODIGESTIVE_TRACT,0.6452142596244812,0.5792038177420025,X_scGPT,True
afatinib,DKMG_CENTRAL_NERVOUS_SYSTEM,0.7222499847412109,0.7153882234738762,X_scGPT,True
afatinib,EBC1_LUNG,0.6473125219345093,0.7138706557853247,X_scGPT,True
afatinib,EFE184_ENDOMETRIUM,0.6528124809265137,0.7415172734925913,X_scGPT,True
afatinib,EKVX_LUNG,0.47856250405311584,0.704861098364608,X_scGPT,True
afatinib,FTC133_THYROID,0.8962500095367432,0.772101953625679,X_scGPT,True
afatinib,GOS3_CENTRAL_NERVOUS_SYSTEM,0.7197499871253967,0.7334747642122638,X_scGPT,True
afatinib,HCC1428_BREAST,0.7386875152587891,0.6457160237267261,X_scGPT,True
afatinib,HCC366_LUNG,0.6853500008583069,0.71536653584773,X_scGPT,True
afatinib,HCC38_BREAST,0.7213749885559082,0.7187095075845719,X_scGPT,True
afatinib,HCC56_LARGE_INTESTINE,0.675000011920929,0.6057639754179752,X_scGPT,True
afatinib,HDQP1_BREAST,0.6154000163078308,0.6252511711791158,X_scGPT,True
afatinib,HEC151_ENDOMETRIUM,0.6186312437057495,0.7461893758773803,X_scGPT,True
afatinib,HEC251_ENDOMETRIUM,0.7176615595817566,0.6438233479161128,X_scGPT,True
afatinib,HEC6_ENDOMETRIUM,0.9160000085830688,0.6758042203713648,X_scGPT,True
afatinib,HEP3B217_LIVER,0.817466676235199,0.7076764920000302,X_scGPT,True
afatinib,HMC18_BREAST,0.8866153955459595,0.7976826337824096,X_scGPT,True
afatinib,HOS_BONE,0.8081874847412109,0.8117610185942977,X_scGPT,True
afatinib,HS852T_SKIN,0.6169062256813049,0.7650176216790705,X_scGPT,True
afatinib,HT1080_SOFT_TISSUE,0.7598124742507935,0.743293587089509,X_scGPT,True
afatinib,HT1197_URINARY_TRACT,1.100000023841858,0.6522994504587071,X_scGPT,True
afatinib,HT55_LARGE_INTESTINE,0.46175000071525574,0.7080671001949581,X_scGPT,True
afatinib,HUPT3_PANCREAS,0.7680000066757202,0.6182401565944448,X_scGPT,True
afatinib,HUPT4_PANCREAS,0.4047062397003174,0.6413374011005674,X_scGPT,True
afatinib,IALM_LUNG,0.8001428842544556,0.7494940332004002,X_scGPT,True
afatinib,IGR1_SKIN,0.695187509059906,0.7486220651659472,X_scGPT,True
afatinib,IGR37_SKIN,0.7457500100135803,0.7672840562952354,X_scGPT,True
afatinib,IM95_STOMACH,0.46796876192092896,0.6519304607365582,X_scGPT,True
afatinib,JHH6_LIVER,0.8983749747276306,0.7205478256767236,X_scGPT,True
afatinib,JHOC5_OVARY,0.6862461566925049,0.7698079429823776,X_scGPT,True
afatinib,KALS1_CENTRAL_NERVOUS_SYSTEM,0.7638124823570251,0.6838835165318515,X_scGPT,True
afatinib,KMRC3_KIDNEY,0.7061874866485596,0.743234396953972,X_scGPT,True
afatinib,KNS42_CENTRAL_NERVOUS_SYSTEM,0.7439374923706055,0.6573271072188089,X_scGPT,True
afatinib,KPNSI9S_AUTONOMIC_GANGLIA,0.7086874842643738,0.7383430401484171,X_scGPT,True
afatinib,KYSE520_OESOPHAGUS,0.5781624913215637,0.6248195831989726,X_scGPT,True
afatinib,LMSU_STOMACH,0.7841249704360962,0.7511250949373433,X_scGPT,True
afatinib,LNCAPCLONEFGC_PROSTATE,0.7328125238418579,0.7651746397794679,X_scGPT,True
afatinib,LS1034_LARGE_INTESTINE,0.7124375104904175,0.584954463864026,X_scGPT,True
afatinib,LS180_LARGE_INTESTINE,0.783307671546936,0.7052471432989654,X_scGPT,True
afatinib,MCF7_BREAST,0.7252143025398254,0.7058642035597688,X_scGPT,True
afatinib,MDAMB361_BREAST,0.49120625853538513,0.7983435229018883,X_scGPT,True
afatinib,MFE319_ENDOMETRIUM,0.7394375205039978,0.726951860944638,X_scGPT,True
afatinib,MKN45_STOMACH,0.937333345413208,0.6636541718143528,X_scGPT,True
afatinib,MKN7_STOMACH,0.6158562302589417,0.6920394860496817,X_scGPT,True
afatinib,NCIH1299_LUNG,0.777439534664154,0.8476092037413451,X_scGPT,True
afatinib,NCIH1373_LUNG,0.7123125195503235,0.7350992960173909,X_scGPT,True
afatinib,NCIH1435_LUNG,0.45918750762939453,0.7111957354492016,X_scGPT,True
afatinib,NCIH1792_LUNG,0.7356250286102295,0.7888590210192913,X_scGPT,True
afatinib,NCIH1944_LUNG,0.648312509059906,0.7656832779375251,X_scGPT,True
afatinib,NCIH2087_LUNG,0.5962562561035156,0.7066611296510044,X_scGPT,True
afatinib,NCIH2110_LUNG,0.6371250152587891,0.6318909187562501,X_scGPT,True
afatinib,NCIH2126_LUNG,0.7491428852081299,0.5538017973303795,X_scGPT,True
afatinib,NCIH2170_LUNG,0.4127500057220459,0.6859568869563896,X_scGPT,True
afatinib,NCIH2228_LUNG,0.5936499834060669,0.7470890782184757,X_scGPT,True
afatinib,NCIH2444_LUNG,1.100000023841858,0.6998427145591768,X_scGPT,True
afatinib,NCIH2452_PLEURA,0.6032266616821289,0.7735580358806596,X_scGPT,True
afatinib,NCIH358_LUNG,0.4544466733932495,0.7016193293744609,X_scGPT,True
afatinib,NCIH460_LUNG,0.9790312647819519,0.7786872421826371,X_scGPT,True
afatinib,NCIH522_LUNG,0.5817937254905701,0.7479174827726988,X_scGPT,True
afatinib,NCIH650_LUNG,0.7299285531044006,0.7556360927015213,X_scGPT,True
afatinib,NCIH747_LARGE_INTESTINE,0.4780312478542328,0.674577546864748,X_scGPT,True
afatinib,OAW28_OVARY,0.6094218492507935,0.7539915945959388,X_scGPT,True
afatinib,OSRC2_KIDNEY,0.7542142868041992,0.7756545851154933,X_scGPT,True
afatinib,OUMS23_LARGE_INTESTINE,0.7694000005722046,0.7800429719630803,X_scGPT,True
afatinib,OVSAHO_OVARY,0.7030571699142456,0.7301248587700764,X_scGPT,True
afatinib,OVTOKO_OVARY,0.6664199829101562,0.6617034924657721,X_scGPT,True
afatinib,PANC0203_PANCREAS,0.7578750252723694,0.69314634835296,X_scGPT,True
afatinib,PATU8988S_PANCREAS,0.6714375019073486,0.5982729378538053,X_scGPT,True
afatinib,PC3_PROSTATE,0.7809374928474426,0.7809093989564116,X_scGPT,True
afatinib,PECAPJ49_UPPER_AERODIGESTIVE_TRACT,0.5472312569618225,0.4395320362383776,X_scGPT,True
afatinib,PK45H_PANCREAS,0.7161874771118164,0.7718851240798557,X_scGPT,True
afatinib,PK59_PANCREAS,0.6715624928474426,0.6541188417494982,X_scGPT,True
afatinib,RCC10RGB_KIDNEY,0.7647500038146973,0.7313563516723239,X_scGPT,True
afatinib,RCM1_LARGE_INTESTINE,0.7378749847412109,0.6144642217550427,X_scGPT,True
afatinib,RD_SOFT_TISSUE,0.6806874871253967,0.7429729083488728,X_scGPT,True
afatinib,RERFLCAD1_LUNG,0.9696922898292542,0.7286046137535033,X_scGPT,True
afatinib,RERFLCAI_LUNG,0.9084615111351013,0.7241732008647793,X_scGPT,True
afatinib,RT4_URINARY_TRACT,0.5683500170707703,0.600845347879068,X_scGPT,True
afatinib,RVH421_SKIN,0.6581875085830688,0.7730533570425281,X_scGPT,True
afatinib,SCC25_UPPER_AERODIGESTIVE_TRACT,0.23332500457763672,0.5312752865736097,X_scGPT,True
afatinib,SCC9_UPPER_AERODIGESTIVE_TRACT,0.483293741941452,0.6505346869794946,X_scGPT,True
afatinib,SH10TC_STOMACH,0.7716875076293945,0.7972913158585203,X_scGPT,True
afatinib,SKES1_BONE,0.6918125152587891,0.7502409606189518,X_scGPT,True
afatinib,SKMEL2_SKIN,0.7366874814033508,0.7371764509142309,X_scGPT,True
afatinib,SKMEL3_SKIN,0.7950624823570251,0.7804791749138194,X_scGPT,True
afatinib,SKNAS_AUTONOMIC_GANGLIA,0.6861875057220459,0.6679526783723747,X_scGPT,True
afatinib,SNU1079_BILIARY_TRACT,0.29893332719802856,0.7429760278087773,X_scGPT,True
afatinib,SNU308_BILIARY_TRACT,0.7046384811401367,0.6330598215473459,X_scGPT,True
afatinib,SNU449_LIVER,0.7425000071525574,0.7231879990997044,X_scGPT,True
afatinib,SNU46_UPPER_AERODIGESTIVE_TRACT,0.8281538486480713,0.6751903277837624,X_scGPT,True
afatinib,SNU738_CENTRAL_NERVOUS_SYSTEM,0.7675625085830688,0.8172291575446922,X_scGPT,True
afatinib,SNU899_UPPER_AERODIGESTIVE_TRACT,0.8895384669303894,0.5395563223275793,X_scGPT,True
afatinib,SNUC4_LARGE_INTESTINE,0.5654312372207642,0.6812324933627943,X_scGPT,True
afatinib,SQ1_LUNG,0.5305250287055969,0.771272984873347,X_scGPT,True
afatinib,SW1088_CENTRAL_NERVOUS_SYSTEM,0.7102500200271606,0.7459630188532174,X_scGPT,True
afatinib,SW1271_LUNG,0.74657142162323,0.797813950414243,X_scGPT,True
afatinib,SW1990_PANCREAS,0.6754375100135803,0.7090872741677474,X_scGPT,True
afatinib,SW579_THYROID,0.679562509059906,0.7545520215539888,X_scGPT,True
afatinib,T47D_BREAST,0.710562527179718,0.720639921421379,X_scGPT,True
afatinib,TCCSUP_URINARY_TRACT,0.9133076667785645,0.7573752529636214,X_scGPT,True
afatinib,TE10_OESOPHAGUS,0.7143615484237671,0.6765226724485284,X_scGPT,True
afatinib,TE14_OESOPHAGUS,0.4214499890804291,0.5430739992907279,X_scGPT,True
afatinib,TE1_OESOPHAGUS,0.6724374890327454,0.7371061794387485,X_scGPT,True
afatinib,TE6_OESOPHAGUS,0.6680600047111511,0.6601174972451102,X_scGPT,True
afatinib,TE9_OESOPHAGUS,0.881615400314331,0.5631755525546689,X_scGPT,True
afatinib,TM31_CENTRAL_NERVOUS_SYSTEM,0.7508749961853027,0.7340361183059627,X_scGPT,True
afatinib,TOV21G_OVARY,0.7835000157356262,0.7059802514607789,X_scGPT,True
afatinib,TYKNU_OVARY,0.7437142729759216,0.6857722070482042,X_scGPT,True
afatinib,U118MG_CENTRAL_NERVOUS_SYSTEM,0.7283124923706055,0.7434740999683005,X_scGPT,True
afatinib,UACC257_SKIN,0.7302500009536743,0.7505338748129841,X_scGPT,True
afatinib,UMUC1_URINARY_TRACT,0.7469375133514404,0.5436985057017525,X_scGPT,True
afatinib,VMCUB1_URINARY_TRACT,0.5144733190536499,0.5509574107794583,X_scGPT,True
afatinib,VMRCRCZ_KIDNEY,0.734000027179718,0.7891817021369935,X_scGPT,True
afatinib,YD38_UPPER_AERODIGESTIVE_TRACT,0.37678462266921997,0.6315182507133636,X_scGPT,True
afatinib,ZR751_BREAST,0.7263333201408386,0.8047731700066996,X_scGPT,True
topotecan,42MGBA_CENTRAL_NERVOUS_SYSTEM,0.4824312627315521,0.5155792960674146,X_scGPT,True
topotecan,8305C_THYROID,0.6244562268257141,0.615479779529156,X_scGPT,True
topotecan,A204_SOFT_TISSUE,0.3839312493801117,0.5411142995357513,X_scGPT,True
topotecan,A2058_SKIN,0.5907874703407288,0.6514725863528089,X_scGPT,True
topotecan,A375_SKIN,0.5974317193031311,0.632124743915931,X_scGPT,True
topotecan,ACCMESO1_PLEURA,0.8691874742507935,0.614395860168669,X_scGPT,True
topotecan,ASPC1_PANCREAS,0.7066875100135803,0.7143838284344509,X_scGPT,True
topotecan,BCPAP_THYROID,0.55673748254776,0.5549297375898612,X_scGPT,True
topotecan,BFTC909_KIDNEY,0.6002500057220459,0.5825855238141988,X_scGPT,True
topotecan,BHY_UPPER_AERODIGESTIVE_TRACT,0.5655437707901001,0.6778772017051433,X_scGPT,True
topotecan,BICR31_UPPER_AERODIGESTIVE_TRACT,0.6766250133514404,0.6022531866065918,X_scGPT,True
topotecan,BICR56_UPPER_AERODIGESTIVE_TRACT,0.49480000138282776,0.6174162199467789,X_scGPT,True
topotecan,BICR6_UPPER_AERODIGESTIVE_TRACT,0.5265937447547913,0.6672255844919832,X_scGPT,True
topotecan,BT474_BREAST,0.8801249861717224,0.7223996787071228,X_scGPT,True
topotecan,BT549_BREAST,0.5204312205314636,0.5383906970570859,X_scGPT,True
topotecan,CAKI2_KIDNEY,0.8848749995231628,0.7096729070591412,X_scGPT,True
topotecan,CALU6_LUNG,0.8381428718566895,0.6361296232356581,X_scGPT,True
topotecan,CAMA1_BREAST,0.6763749718666077,0.7738001719373199,X_scGPT,True
topotecan,CAS1_CENTRAL_NERVOUS_SYSTEM,0.5934500098228455,0.560745240154123,X_scGPT,True
topotecan,CCFSTTG1_CENTRAL_NERVOUS_SYSTEM,0.8444374799728394,0.5593698703176607,X_scGPT,True
topotecan,COLO680N_OESOPHAGUS,0.6808750033378601,0.6547299682752125,X_scGPT,True
topotecan,COLO741_SKIN,0.7103750109672546,0.6337660710500004,X_scGPT,True
topotecan,COLO792_SKIN,0.7352499961853027,0.7462004328565844,X_scGPT,True
topotecan,COV434_OVARY,0.422893762588501,0.5322265960276127,X_scGPT,True
topotecan,DANG_PANCREAS,0.6154312491416931,0.6879997090859846,X_scGPT,True
topotecan,DAOY_CENTRAL_NERVOUS_SYSTEM,0.4267125129699707,0.5747152327218514,X_scGPT,True
topotecan,DETROIT562_UPPER_AERODIGESTIVE_TRACT,0.573912501335144,0.6464062146613935,X_scGPT,True
topotecan,DKMG_CENTRAL_NERVOUS_SYSTEM,0.5956875085830688,0.5378126669193986,X_scGPT,True
topotecan,EBC1_LUNG,0.4879642724990845,0.6670051611238911,X_scGPT,True
topotecan,EFE184_ENDOMETRIUM,0.7967857122421265,0.7044978626938754,X_scGPT,True
topotecan,EKVX_LUNG,0.8255624771118164,0.6568339128200322,X_scGPT,True
topotecan,FTC133_THYROID,0.45239999890327454,0.6551949369055884,X_scGPT,True
topotecan,GOS3_CENTRAL_NERVOUS_SYSTEM,0.6502500176429749,0.5744003761189146,X_scGPT,True
topotecan,HCC1428_BREAST,0.6800000071525574,0.6927173461501054,X_scGPT,True
topotecan,HCC366_LUNG,0.5889624953269958,0.6825108973696681,X_scGPT,True
topotecan,HCC38_BREAST,0.4955874979496002,0.6237472099065781,X_scGPT,True
topotecan,HCC56_LARGE_INTESTINE,0.6336249709129333,0.733059190740489,X_scGPT,True
topotecan,HDQP1_BREAST,0.7838000059127808,0.6859007608145475,X_scGPT,True
topotecan,HEC151_ENDOMETRIUM,0.6496642827987671,0.6981889643669128,X_scGPT,True
topotecan,HEC251_ENDOMETRIUM,0.7348750233650208,0.6876426511835829,X_scGPT,True
topotecan,HEC6_ENDOMETRIUM,0.5860937237739563,0.6946020611324666,X_scGPT,True
topotecan,HEP3B217_LIVER,0.7630000114440918,0.6890474300263292,X_scGPT,True
topotecan,HMC18_BREAST,0.6307500004768372,0.6526572030965786,X_scGPT,True
topotecan,HOS_BONE,0.5432437658309937,0.5859731084187442,X_scGPT,True
topotecan,HS852T_SKIN,0.6981714367866516,0.6761936140649113,X_scGPT,True
topotecan,HT1080_SOFT_TISSUE,0.47289374470710754,0.5950103931186735,X_scGPT,True
topotecan,HT1197_URINARY_TRACT,1.100000023841858,0.6914547657644426,X_scGPT,True
topotecan,HT55_LARGE_INTESTINE,0.8721428513526917,0.750566596385992,X_scGPT,True
topotecan,HUH6_LIVER,0.9066428542137146,0.6925280120598494,X_scGPT,True
topotecan,HUPT3_PANCREAS,0.7263333201408386,0.6611049188410535,X_scGPT,True
topotecan,HUPT4_PANCREAS,0.4790000021457672,0.7022506105048316,X_scGPT,True
topotecan,IALM_LUNG,0.6579375267028809,0.6132682746981982,X_scGPT,True
topotecan,IGR1_SKIN,0.6289374828338623,0.5869692568943419,X_scGPT,True
topotecan,IGR37_SKIN,0.43639373779296875,0.722170747838034,X_scGPT,True
topotecan,IM95_STOMACH,0.58017498254776,0.6980133759008872,X_scGPT,True
topotecan,JHH6_LIVER,0.7374374866485596,0.6205624495316477,X_scGPT,True
topotecan,JHOC5_OVARY,0.533118724822998,0.6559417453305475,X_scGPT,True
topotecan,KALS1_CENTRAL_NERVOUS_SYSTEM,0.7300000190734863,0.5635500974539254,X_scGPT,True
topotecan,KMRC3_KIDNEY,0.6220124959945679,0.6419619944630837,X_scGPT,True
topotecan,KNS42_CENTRAL_NERVOUS_SYSTEM,0.7867500185966492,0.5546034498270168,X_scGPT,True
topotecan,KPNSI9S_AUTONOMIC_GANGLIA,0.4430437386035919,0.4932572878608408,X_scGPT,True
topotecan,KYSE520_OESOPHAGUS,0.781000018119812,0.6599200856943986,X_scGPT,True
topotecan,LI7_LIVER,0.4829375147819519,0.6690481527119266,X_scGPT,True
topotecan,LMSU_STOMACH,0.5675812363624573,0.5920122747327767,X_scGPT,True
topotecan,LNCAPCLONEFGC_PROSTATE,0.44163748621940613,0.6676789679268534,X_scGPT,True
topotecan,LS1034_LARGE_INTESTINE,0.5596625208854675,0.7377201453463672,X_scGPT,True
topotecan,LS180_LARGE_INTESTINE,0.5135999917984009,0.6646712765799335,X_scGPT,True
topotecan,MCF7_BREAST,0.7710000276565552,0.6680975589718852,X_scGPT,True
topotecan,MDAMB361_BREAST,0.6901249885559082,0.6689510681011058,X_scGPT,True
topotecan,MFE319_ENDOMETRIUM,0.7285624742507935,0.7090567500179351,X_scGPT,True
topotecan,MKN45_STOMACH,0.819266676902771,0.6828324476541099,X_scGPT,True
topotecan,MKN7_STOMACH,0.5615875124931335,0.7757800355438114,X_scGPT,True
topotecan,MSTO211H_PLEURA,0.3930937647819519,0.549823254246503,X_scGPT,True
topotecan,NCIH1299_LUNG,0.6955416798591614,0.6179667682236947,X_scGPT,True
topotecan,NCIH1373_LUNG,0.7292500138282776,0.6397653120320018,X_scGPT,True
topotecan,NCIH1435_LUNG,0.7540714144706726,0.7050345156076696,X_scGPT,True
topotecan,NCIH1792_LUNG,0.7751874923706055,0.5754599286629273,X_scGPT,True
topotecan,NCIH1944_LUNG,0.5601000189781189,0.6503464334828842,X_scGPT,True
topotecan,NCIH2087_LUNG,0.3973124921321869,0.6377977072920429,X_scGPT,True
topotecan,NCIH2110_LUNG,0.5468875169754028,0.704238832476151,X_scGPT,True
topotecan,NCIH2126_LUNG,0.8023571372032166,0.6126199093731967,X_scGPT,True
topotecan,NCIH2170_LUNG,0.40824374556541443,0.6287701608429492,X_scGPT,True
topotecan,NCIH2228_LUNG,0.38759374618530273,0.6693862751329303,X_scGPT,True
topotecan,NCIH226_LUNG,0.4896399974822998,0.6538678623260336,X_scGPT,True
topotecan,NCIH2444_LUNG,0.7920666933059692,0.7082395425325707,X_scGPT,True
topotecan,NCIH2452_PLEURA,0.4097062647342682,0.5954321420104087,X_scGPT,True
topotecan,NCIH358_LUNG,0.5368437767028809,0.6706250643446332,X_scGPT,True
topotecan,NCIH446_LUNG,0.4517187476158142,0.5188977570862187,X_scGPT,True
topotecan,NCIH460_LUNG,0.6234406232833862,0.5673486839272215,X_scGPT,True
topotecan,NCIH522_LUNG,0.4971562623977661,0.5214690551734887,X_scGPT,True
topotecan,NCIH650_LUNG,0.6185125112533569,0.6048563731992377,X_scGPT,True
topotecan,NCIH747_LARGE_INTESTINE,0.5101125240325928,0.6723521016538143,X_scGPT,True
topotecan,OAW28_OVARY,0.7955648899078369,0.6976244538467123,X_scGPT,True
topotecan,OSRC2_KIDNEY,0.6897500157356262,0.7097248080230895,X_scGPT,True
topotecan,OUMS23_LARGE_INTESTINE,0.7746250033378601,0.7729021305235747,X_scGPT,True
topotecan,OVK18_OVARY,0.6498857140541077,0.5733305230904161,X_scGPT,True
topotecan,OVSAHO_OVARY,0.7563124895095825,0.6921012233532473,X_scGPT,True
topotecan,OVTOKO_OVARY,0.6408125162124634,0.6867660172818381,X_scGPT,True
topotecan,PANC0203_PANCREAS,1.100000023841858,0.6573402102992468,X_scGPT,True
topotecan,PATU8988S_PANCREAS,0.4374125003814697,0.7222636728013148,X_scGPT,True
topotecan,PC3_PROSTATE,0.6433749794960022,0.6147688711888691,X_scGPT,True
topotecan,PECAPJ49_UPPER_AERODIGESTIVE_TRACT,0.4322749972343445,0.6235132943285574,X_scGPT,True
topotecan,PK45H_PANCREAS,0.7463750243186951,0.6520481054633306,X_scGPT,True
topotecan,PK59_PANCREAS,0.8214285969734192,0.7466321344348206,X_scGPT,True
topotecan,RCC10RGB_KIDNEY,0.8304374814033508,0.7101995939860528,X_scGPT,True
topotecan,RCM1_LARGE_INTESTINE,0.6254374980926514,0.7051014029420912,X_scGPT,True
topotecan,RD_SOFT_TISSUE,0.5950062274932861,0.5277627500994452,X_scGPT,True
topotecan,RERFLCAD1_LUNG,0.8059999942779541,0.6702531975973781,X_scGPT,True
topotecan,RERFLCAI_LUNG,0.45653125643730164,0.6372687387747659,X_scGPT,True
topotecan,RT4_URINARY_TRACT,0.6769142746925354,0.6870745060578832,X_scGPT,True
topotecan,RVH421_SKIN,0.6141124963760376,0.612417335540181,X_scGPT,True
topotecan,SCC25_UPPER_AERODIGESTIVE_TRACT,0.5507749915122986,0.6081375546736812,X_scGPT,True
topotecan,SCC9_UPPER_AERODIGESTIVE_TRACT,0.5902937650680542,0.6123590181375804,X_scGPT,True
topotecan,SH10TC_STOMACH,0.648187518119812,0.6612054179197023,X_scGPT,True
topotecan,SKES1_BONE,0.1774437427520752,0.5215842635421962,X_scGPT,True
topotecan,SKMEL30_SKIN,0.8722142577171326,0.6040626075382611,X_scGPT,True
topotecan,SKMEL3_SKIN,0.6416875123977661,0.6653086543083191,X_scGPT,True
topotecan,SKMEL5_SKIN,0.640328586101532,0.7017148662897874,X_scGPT,True
topotecan,SKNAS_AUTONOMIC_GANGLIA,0.5305625200271606,0.5082007963045508,X_scGPT,True
topotecan,SNU1079_BILIARY_TRACT,0.6266250014305115,0.6721787852783726,X_scGPT,True
topotecan,SNU1214_UPPER_AERODIGESTIVE_TRACT,0.6539375185966492,0.6368511594990467,X_scGPT,True
topotecan,SNU308_BILIARY_TRACT,0.7105000019073486,0.6099001587705409,X_scGPT,True
topotecan,SNU423_LIVER,0.6836875081062317,0.6179985415260747,X_scGPT,True
topotecan,SNU449_LIVER,0.6822500228881836,0.6518231843802946,X_scGPT,True
topotecan,SNU46_UPPER_AERODIGESTIVE_TRACT,0.6648749709129333,0.6190936173927986,X_scGPT,True
topotecan,SNU899_UPPER_AERODIGESTIVE_TRACT,0.6890000104904175,0.6335253564708204,X_scGPT,True
topotecan,SNUC4_LARGE_INTESTINE,0.7204375267028809,0.6421780318213224,X_scGPT,True
topotecan,SQ1_LUNG,0.6750500202178955,0.6803133462657448,X_scGPT,True
topotecan,SU8686_PANCREAS,0.5922866463661194,0.7219064570054775,X_scGPT,True
topotecan,SW1088_CENTRAL_NERVOUS_SYSTEM,0.7542142868041992,0.559527806006372,X_scGPT,True
topotecan,SW1271_LUNG,0.4592125117778778,0.6550455357717431,X_scGPT,True
topotecan,SW1990_PANCREAS,0.5721625089645386,0.6895083321033938,X_scGPT,True
topotecan,SW579_THYROID,0.37169376015663147,0.5752741785093387,X_scGPT,True
topotecan,T47D_BREAST,0.6505625247955322,0.7779919033136843,X_scGPT,True
topotecan,TCCSUP_URINARY_TRACT,0.6418125033378601,0.6037466377019882,X_scGPT,True
topotecan,TE10_OESOPHAGUS,0.6285625100135803,0.6360749044374788,X_scGPT,True
topotecan,TE14_OESOPHAGUS,0.5445687770843506,0.5982177490172004,X_scGPT,True
topotecan,TE1_OESOPHAGUS,0.7959285974502563,0.6772164013779279,X_scGPT,True
topotecan,TE6_OESOPHAGUS,0.793571412563324,0.6135548387811318,X_scGPT,True
topotecan,TE9_OESOPHAGUS,0.6238999962806702,0.682106415350591,X_scGPT,True
topotecan,TM31_CENTRAL_NERVOUS_SYSTEM,0.6638749837875366,0.6297545345692799,X_scGPT,True
topotecan,TYKNU_OVARY,0.5335857272148132,0.5548812257937896,X_scGPT,True
topotecan,U118MG_CENTRAL_NERVOUS_SYSTEM,0.6445624828338623,0.5604839432434957,X_scGPT,True
topotecan,UACC257_SKIN,0.6057687401771545,0.704089100889581,X_scGPT,True
topotecan,UMUC1_URINARY_TRACT,0.5152937769889832,0.6839550394697238,X_scGPT,True
topotecan,VMCUB1_URINARY_TRACT,0.5999937653541565,0.6124839181680559,X_scGPT,True
topotecan,VMRCRCZ_KIDNEY,0.6793749928474426,0.6848494597276051,X_scGPT,True
topotecan,YD38_UPPER_AERODIGESTIVE_TRACT,0.6243812441825867,0.6135645548884685,X_scGPT,True
topotecan,ZR751_BREAST,0.7781538367271423,0.6892551758528528,X_scGPT,True
tanespimycin,42MGBA_CENTRAL_NERVOUS_SYSTEM,0.3489750027656555,0.6297810710535087,X_scGPT,True
tanespimycin,8305C_THYROID,0.6222875118255615,0.7121563056455459,X_scGPT,True
tanespimycin,A204_SOFT_TISSUE,0.4463062584400177,0.6406262891292572,X_scGPT,True
tanespimycin,A2058_SKIN,0.6646875143051147,0.806725776925379,X_scGPT,True
tanespimycin,A375_SKIN,0.8015375137329102,0.7466794643394058,X_scGPT,True
tanespimycin,ACCMESO1_PLEURA,0.692312479019165,0.7579067702646609,X_scGPT,True
tanespimycin,ASPC1_PANCREAS,0.652468740940094,0.733429348057714,X_scGPT,True
tanespimycin,BCPAP_THYROID,0.7262499928474426,0.6727099606865331,X_scGPT,True
tanespimycin,BFTC909_KIDNEY,0.6109687685966492,0.6608614965604918,X_scGPT,True
tanespimycin,BHY_UPPER_AERODIGESTIVE_TRACT,0.5404937267303467,0.6816484307420665,X_scGPT,True
tanespimycin,BICR31_UPPER_AERODIGESTIVE_TRACT,0.6745625138282776,0.5656905745065981,X_scGPT,True
tanespimycin,BICR56_UPPER_AERODIGESTIVE_TRACT,0.6386874914169312,0.5929672011622676,X_scGPT,True
tanespimycin,BICR6_UPPER_AERODIGESTIVE_TRACT,0.6154062747955322,0.6327756314010887,X_scGPT,True
tanespimycin,BT474_BREAST,0.6648749709129333,0.7973206820487976,X_scGPT,True
tanespimycin,BT549_BREAST,0.7762500047683716,0.6104031032637546,X_scGPT,True
tanespimycin,CAKI2_KIDNEY,0.8253750205039978,0.7718296160372041,X_scGPT,True
tanespimycin,CALU6_LUNG,0.7658125162124634,0.7765663661235986,X_scGPT,True
tanespimycin,CAMA1_BREAST,0.7626000046730042,0.662125212015565,X_scGPT,True
tanespimycin,CAS1_CENTRAL_NERVOUS_SYSTEM,0.8560666441917419,0.623745810716672,X_scGPT,True
tanespimycin,CCFSTTG1_CENTRAL_NERVOUS_SYSTEM,0.5401156544685364,0.6027681490754694,X_scGPT,True
tanespimycin,COLO680N_OESOPHAGUS,0.7543749809265137,0.6663835019044165,X_scGPT,True
tanespimycin,COLO741_SKIN,0.8259375095367432,0.7766495174912333,X_scGPT,True
tanespimycin,COLO792_SKIN,0.42531874775886536,0.8249091365240597,X_scGPT,True
tanespimycin,COV434_OVARY,0.5987125039100647,0.6687353117899462,X_scGPT,True
tanespimycin,DANG_PANCREAS,0.553725004196167,0.7279279919771048,X_scGPT,True
tanespimycin,DAOY_CENTRAL_NERVOUS_SYSTEM,0.8758461475372314,0.679178911171774,X_scGPT,True
tanespimycin,DETROIT562_UPPER_AERODIGESTIVE_TRACT,0.7839230895042419,0.6316680524246824,X_scGPT,True
tanespimycin,DKMG_CENTRAL_NERVOUS_SYSTEM,0.715749979019165,0.5792367848742932,X_scGPT,True
tanespimycin,EBC1_LUNG,0.4689062535762787,0.7370965999941672,X_scGPT,True
tanespimycin,EFE184_ENDOMETRIUM,0.7873749732971191,0.8310682142889777,X_scGPT,True
tanespimycin,EKVX_LUNG,0.7046874761581421,0.7581009897467208,X_scGPT,True
tanespimycin,FTC133_THYROID,0.8738750219345093,0.7451652122395379,X_scGPT,True
tanespimycin,GOS3_CENTRAL_NERVOUS_SYSTEM,0.7091875076293945,0.6761433541462684,X_scGPT,True
tanespimycin,HCC1428_BREAST,0.7291250228881836,0.6302018972832387,X_scGPT,True
tanespimycin,HCC366_LUNG,0.7491875290870667,0.7424498876132587,X_scGPT,True
tanespimycin,HCC38_BREAST,0.4781624972820282,0.7148880642652512,X_scGPT,True
tanespimycin,HCC56_LARGE_INTESTINE,0.7376875281333923,0.7102327286595046,X_scGPT,True
tanespimycin,HDQP1_BREAST,0.6328125,0.6904375916346908,X_scGPT,True
tanespimycin,HEC151_ENDOMETRIUM,0.6633124947547913,0.7920106890201568,X_scGPT,True
tanespimycin,HEC251_ENDOMETRIUM,0.9295833110809326,0.7239142015715626,X_scGPT,True
tanespimycin,HEC6_ENDOMETRIUM,0.9943076968193054,0.7117414552232494,X_scGPT,True
tanespimycin,HEP3B217_LIVER,0.8781538605690002,0.7429395762540526,X_scGPT,True
tanespimycin,HMC18_BREAST,0.7940769195556641,0.7256077841280263,X_scGPT,True
tanespimycin,HOS_BONE,0.7524374723434448,0.6974762227336805,X_scGPT,True
tanespimycin,HS852T_SKIN,0.5985562205314636,0.7695500217838052,X_scGPT,True
tanespimycin,HT1080_SOFT_TISSUE,0.6940000057220459,0.6859925249519274,X_scGPT,True
tanespimycin,HT1197_URINARY_TRACT,1.0726125240325928,0.7806557739103163,X_scGPT,True
tanespimycin,HT55_LARGE_INTESTINE,0.6095874905586243,0.7812361666376557,X_scGPT,True
tanespimycin,HUH6_LIVER,0.6742500066757202,0.7972303752363081,X_scGPT,True
tanespimycin,HUPT3_PANCREAS,0.7627500295639038,0.680911139530294,X_scGPT,True
tanespimycin,HUPT4_PANCREAS,0.6071187257766724,0.7100891534771238,X_scGPT,True
tanespimycin,IALM_LUNG,0.874625027179718,0.7393874824047089,X_scGPT,True
tanespimycin,IGR1_SKIN,0.7276250123977661,0.7180576927086403,X_scGPT,True
tanespimycin,IGR37_SKIN,0.8250625133514404,0.8282777916113994,X_scGPT,True
tanespimycin,IM95_STOMACH,0.4435562491416931,0.6990176110654264,X_scGPT,True
tanespimycin,JHH6_LIVER,1.020937442779541,0.7256215781841463,X_scGPT,True
tanespimycin,JHOC5_OVARY,0.9363846182823181,0.747304657409931,X_scGPT,True
tanespimycin,KALS1_CENTRAL_NERVOUS_SYSTEM,0.6919375061988831,0.651034691474504,X_scGPT,True
tanespimycin,KNS42_CENTRAL_NERVOUS_SYSTEM,0.7885624766349792,0.628302387373392,X_scGPT,True
tanespimycin,KPNSI9S_AUTONOMIC_GANGLIA,0.47176873683929443,0.5931287223054457,X_scGPT,True
tanespimycin,KYSE520_OESOPHAGUS,0.6211249828338623,0.6695356151267841,X_scGPT,True
tanespimycin,LI7_LIVER,0.5153124928474426,0.7708709723487193,X_scGPT,True
tanespimycin,LMSU_STOMACH,0.7879375219345093,0.6873842529222077,X_scGPT,True
tanespimycin,LNCAPCLONEFGC_PROSTATE,0.5700562596321106,0.6693790153015492,X_scGPT,True
tanespimycin,LS1034_LARGE_INTESTINE,0.7318124771118164,0.7186142418482532,X_scGPT,True
tanespimycin,LS180_LARGE_INTESTINE,0.8691666722297668,0.6422668563361974,X_scGPT,True
tanespimycin,MCF7_BREAST,0.9610769152641296,0.6534023576683098,X_scGPT,True
tanespimycin,MDAMB361_BREAST,0.24018749594688416,0.7408788473517807,X_scGPT,True
tanespimycin,MFE319_ENDOMETRIUM,0.7928125262260437,0.7813252684957694,X_scGPT,True
tanespimycin,MKN45_STOMACH,0.9777857065200806,0.6917915303828353,X_scGPT,True
tanespimycin,MKN7_STOMACH,0.9107499718666077,0.7721374360627906,X_scGPT,True
tanespimycin,MSTO211H_PLEURA,0.6588125228881836,0.6826265079003794,X_scGPT,True
tanespimycin,NCIH1299_LUNG,0.7682948708534241,0.8279529911525241,X_scGPT,True
tanespimycin,NCIH1373_LUNG,0.7143124938011169,0.6884586407643992,X_scGPT,True
tanespimycin,NCIH1435_LUNG,0.5564437508583069,0.7298726609137174,X_scGPT,True
tanespimycin,NCIH1792_LUNG,0.7088750004768372,0.6793669875677641,X_scGPT,True
tanespimycin,NCIH1944_LUNG,0.4636562466621399,0.748611272101241,X_scGPT,True
tanespimycin,NCIH2087_LUNG,0.5585062503814697,0.6926589444892047,X_scGPT,True
tanespimycin,NCIH2110_LUNG,0.5435187220573425,0.6730825455943543,X_scGPT,True
tanespimycin,NCIH2126_LUNG,0.7841874957084656,0.5614654846263655,X_scGPT,True
tanespimycin,NCIH2170_LUNG,0.6006625294685364,0.6102036397222063,X_scGPT,True
tanespimycin,NCIH2228_LUNG,0.687125027179718,0.6857477597059931,X_scGPT,True
tanespimycin,NCIH226_LUNG,0.8980000019073486,0.7036596140962966,X_scGPT,True
tanespimycin,NCIH2444_LUNG,0.9904999732971191,0.7540884488242589,X_scGPT,True
tanespimycin,NCIH2452_PLEURA,0.672249972820282,0.6666520280022603,X_scGPT,True
tanespimycin,NCIH358_LUNG,0.632562518119812,0.7079099720077855,X_scGPT,True
tanespimycin,NCIH446_LUNG,0.832937479019165,0.588475372718305,X_scGPT,True
tanespimycin,NCIH460_LUNG,0.8234062790870667,0.6828135862287797,X_scGPT,True
tanespimycin,NCIH522_LUNG,0.5172312259674072,0.7028994333858674,X_scGPT,True
tanespimycin,NCIH650_LUNG,0.7462666630744934,0.7542447562147331,X_scGPT,True
tanespimycin,NCIH747_LARGE_INTESTINE,0.5069437623023987,0.7203484423458576,X_scGPT,True
tanespimycin,OAW28_OVARY,0.8623124957084656,0.7996063165783142,X_scGPT,True
tanespimycin,OSRC2_KIDNEY,0.7811333537101746,0.8017651954340557,X_scGPT,True
tanespimycin,OUMS23_LARGE_INTESTINE,0.6698750257492065,0.8097094169286924,X_scGPT,True
tanespimycin,OVK18_OVARY,0.604562520980835,0.7269100546836853,X_scGPT,True
tanespimycin,OVSAHO_OVARY,1.100000023841858,0.739061291784967,X_scGPT,True
tanespimycin,OVTOKO_OVARY,0.7988749742507935,0.7704677770012304,X_scGPT,True
tanespimycin,PANC0203_PANCREAS,0.6628124713897705,0.68908752636476,X_scGPT,True
tanespimycin,PATU8988S_PANCREAS,0.4918749928474426,0.7008407704654287,X_scGPT,True
tanespimycin,PC3_PROSTATE,0.8475624918937683,0.7122320765574303,X_scGPT,True
tanespimycin,PECAPJ49_UPPER_AERODIGESTIVE_TRACT,0.5185999870300293,0.6172759963734316,X_scGPT,True
tanespimycin,PK45H_PANCREAS,0.6283125281333923,0.7021789038313271,X_scGPT,True
tanespimycin,PK59_PANCREAS,0.6604999899864197,0.7153994564352364,X_scGPT,True
tanespimycin,RCC10RGB_KIDNEY,0.9368125200271606,0.7862013371205637,X_scGPT,True
tanespimycin,RCM1_LARGE_INTESTINE,0.6693750023841858,0.6888735964894295,X_scGPT,True
tanespimycin,RD_SOFT_TISSUE,0.5480437278747559,0.624720974443516,X_scGPT,True
tanespimycin,RERFLCAD1_LUNG,1.100000023841858,0.7093872840021863,X_scGPT,True
tanespimycin,RERFLCAI_LUNG,0.6789307594299316,0.72573284740373,X_scGPT,True
tanespimycin,RT4_URINARY_TRACT,0.5323062539100647,0.6652779213662418,X_scGPT,True
tanespimycin,RVH421_SKIN,0.5869125127792358,0.6915221406326134,X_scGPT,True
tanespimycin,SCC25_UPPER_AERODIGESTIVE_TRACT,0.5654187202453613,0.5678460720121727,X_scGPT,True
tanespimycin,SCC9_UPPER_AERODIGESTIVE_TRACT,0.5529124736785889,0.710999187419289,X_scGPT,True
tanespimycin,SH10TC_STOMACH,0.7963125109672546,0.7269857255821555,X_scGPT,True
tanespimycin,SKES1_BONE,0.6551250219345093,0.6430839850352361,X_scGPT,True
tanespimycin,SKMEL2_SKIN,1.100000023841858,0.73901084691718,X_scGPT,True
tanespimycin,SKMEL30_SKIN,0.8072500228881836,0.7469063394468162,X_scGPT,True
tanespimycin,SKMEL3_SKIN,0.9125000238418579,0.7960530765277823,X_scGPT,True
tanespimycin,SKMEL5_SKIN,0.9701250195503235,0.799918000946944,X_scGPT,True
tanespimycin,SKNAS_AUTONOMIC_GANGLIA,0.7146250009536743,0.5825438111756756,X_scGPT,True
tanespimycin,SNU308_BILIARY_TRACT,0.6531800031661987,0.6548876439003234,X_scGPT,True
tanespimycin,SNU423_LIVER,0.7153124809265137,0.683271513794953,X_scGPT,True
tanespimycin,SNU449_LIVER,0.8074374794960022,0.7253614592214003,X_scGPT,True
tanespimycin,SNU46_UPPER_AERODIGESTIVE_TRACT,0.8230769038200378,0.7049344303244252,X_scGPT,True
tanespimycin,SNU899_UPPER_AERODIGESTIVE_TRACT,0.833142876625061,0.6474890062607914,X_scGPT,True
tanespimycin,SNUC4_LARGE_INTESTINE,0.7228749990463257,0.7093026262789773,X_scGPT,True
tanespimycin,SQ1_LUNG,0.7483124732971191,0.7771806248596737,X_scGPT,True
tanespimycin,SU8686_PANCREAS,0.6974375247955322,0.7132547824847989,X_scGPT,True
tanespimycin,SW1088_CENTRAL_NERVOUS_SYSTEM,0.6635624766349792,0.5769938034936786,X_scGPT,True
tanespimycin,SW1271_LUNG,0.7518125176429749,0.8193551301956177,X_scGPT,True
tanespimycin,SW1990_PANCREAS,0.44900625944137573,0.7485003387889179,X_scGPT,True
tanespimycin,SW579_THYROID,0.3460937440395355,0.6170088393347604,X_scGPT,True
tanespimycin,T47D_BREAST,0.7862499952316284,0.6967397983527291,X_scGPT,True
tanespimycin,TCCSUP_URINARY_TRACT,0.5720922946929932,0.6666617968791648,X_scGPT,True
tanespimycin,TE10_OESOPHAGUS,0.8199999928474426,0.6702781395825077,X_scGPT,True
tanespimycin,TE14_OESOPHAGUS,0.5828562378883362,0.5918315774780788,X_scGPT,True
tanespimycin,TE1_OESOPHAGUS,0.6157374978065491,0.7281333494533613,X_scGPT,True
tanespimycin,TE6_OESOPHAGUS,0.7295583486557007,0.6663345774591727,X_scGPT,True
tanespimycin,TE9_OESOPHAGUS,0.6953333616256714,0.6537809309459501,X_scGPT,True
tanespimycin,TM31_CENTRAL_NERVOUS_SYSTEM,0.7699999809265137,0.6910863010020092,X_scGPT,True
tanespimycin,TOV21G_OVARY,0.5481749773025513,0.7363714456558228,X_scGPT,True
tanespimycin,TYKNU_OVARY,0.618274986743927,0.6455962428679833,X_scGPT,True
tanespimycin,U118MG_CENTRAL_NERVOUS_SYSTEM,0.5535500049591064,0.6430803979517984,X_scGPT,True
tanespimycin,UACC257_SKIN,0.7028124928474426,0.8120770304771647,X_scGPT,True
tanespimycin,UMUC1_URINARY_TRACT,0.45500001311302185,0.6708544752924576,X_scGPT,True
tanespimycin,VMCUB1_URINARY_TRACT,0.5100812315940857,0.5860337459143236,X_scGPT,True
tanespimycin,VMRCRCZ_KIDNEY,0.8566874861717224,0.7654009511073431,X_scGPT,True
tanespimycin,YD38_UPPER_AERODIGESTIVE_TRACT,0.6139400005340576,0.6334216236495055,X_scGPT,True
tanespimycin,ZR751_BREAST,0.6137687563896179,0.6861482015705417,X_scGPT,True
selumetinib,42MGBA_CENTRAL_NERVOUS_SYSTEM,0.8065000176429749,0.790871803824966,X_scGPT,True
selumetinib,8305C_THYROID,0.6032000184059143,0.7330676787299528,X_scGPT,True
selumetinib,A204_SOFT_TISSUE,0.8006250262260437,0.6648835415840149,X_scGPT,True
selumetinib,A2058_SKIN,0.8422499895095825,0.682919988015882,X_scGPT,True
selumetinib,A375_SKIN,0.7087970972061157,0.7103824690863817,X_scGPT,True
selumetinib,ACCMESO1_PLEURA,0.9237499833106995,0.849001282159193,X_scGPT,True
selumetinib,ASPC1_PANCREAS,0.6440312266349792,0.6615706678094535,X_scGPT,True
selumetinib,BCPAP_THYROID,0.6666874885559082,0.7358580796342147,X_scGPT,True
selumetinib,BFTC909_KIDNEY,0.7706249952316284,0.8461728569385559,X_scGPT,True
selumetinib,BHY_UPPER_AERODIGESTIVE_TRACT,0.6620625257492065,0.6658891007818025,X_scGPT,True
selumetinib,BICR31_UPPER_AERODIGESTIVE_TRACT,0.6225000023841858,0.7243708261559086,X_scGPT,True
selumetinib,BICR56_UPPER_AERODIGESTIVE_TRACT,0.5396937727928162,0.683731135762768,X_scGPT,True
selumetinib,BICR6_UPPER_AERODIGESTIVE_TRACT,0.7676874995231628,0.677533281016183,X_scGPT,True
selumetinib,BT474_BREAST,0.9313750267028809,0.9037680177688598,X_scGPT,True
selumetinib,BT549_BREAST,0.8812500238418579,0.7749960254457661,X_scGPT,True
selumetinib,CAKI2_KIDNEY,0.8274375200271606,0.7713735097175022,X_scGPT,True
selumetinib,CALU6_LUNG,0.586593747138977,0.7870371124541112,X_scGPT,True
selumetinib,CAMA1_BREAST,0.9943845868110657,0.8976625236858617,X_scGPT,True
selumetinib,CCFSTTG1_CENTRAL_NERVOUS_SYSTEM,0.9034374952316284,0.8314248085991154,X_scGPT,True
selumetinib,COLO680N_OESOPHAGUS,0.890250027179718,0.739853987730256,X_scGPT,True
selumetinib,COLO741_SKIN,0.6525624990463257,0.6278329955408276,X_scGPT,True
selumetinib,COLO792_SKIN,0.4235124886035919,0.6327710057096728,X_scGPT,True
selumetinib,COV434_OVARY,0.7255625128746033,0.7198484709317033,X_scGPT,True
selumetinib,DANG_PANCREAS,0.6629999876022339,0.6814640385287625,X_scGPT,True
selumetinib,DAOY_CENTRAL_NERVOUS_SYSTEM,0.8339999914169312,0.7584414477874376,X_scGPT,True
selumetinib,DETROIT562_UPPER_AERODIGESTIVE_TRACT,0.75471431016922,0.694833365320428,X_scGPT,True
selumetinib,DKMG_CENTRAL_NERVOUS_SYSTEM,0.7899333238601685,0.7911331941720744,X_scGPT,True
selumetinib,EBC1_LUNG,0.48416250944137573,0.7379568337753255,X_scGPT,True
selumetinib,EFE184_ENDOMETRIUM,0.7796875238418579,0.7495954965436181,X_scGPT,True
selumetinib,EFM192A_BREAST,0.9111250042915344,0.6608451782046137,X_scGPT,True
selumetinib,EKVX_LUNG,0.5936750173568726,0.8068584044502206,X_scGPT,True
selumetinib,FTC133_THYROID,0.9069374799728394,0.7422321626118251,X_scGPT,True
selumetinib,GOS3_CENTRAL_NERVOUS_SYSTEM,0.8849375247955322,0.7771837446077956,X_scGPT,True
selumetinib,HCC1428_BREAST,0.9148125052452087,0.8635003754473108,X_scGPT,True
selumetinib,HCC366_LUNG,0.7403749823570251,0.7105003719282622,X_scGPT,True
selumetinib,HCC38_BREAST,0.8932499885559082,0.7600644737482071,X_scGPT,True
selumetinib,HCC56_LARGE_INTESTINE,0.5574749708175659,0.6016104359819432,X_scGPT,True
selumetinib,HDQP1_BREAST,0.7260000109672546,0.6916787913069129,X_scGPT,True
selumetinib,HEC151_ENDOMETRIUM,0.6777499914169312,0.685844167470932,X_scGPT,True
selumetinib,HEC251_ENDOMETRIUM,0.7746666669845581,0.6895667208689396,X_scGPT,True
selumetinib,HEC6_ENDOMETRIUM,0.8930666446685791,0.6989297163412438,X_scGPT,True
selumetinib,HEP3B217_LIVER,0.7966428399085999,0.7448440042592711,X_scGPT,True
selumetinib,HMC18_BREAST,0.46867498755455017,0.7386879050284115,X_scGPT,True
selumetinib,HOS_BONE,0.8993750214576721,0.8367306122014836,X_scGPT,True
selumetinib,HS852T_SKIN,1.0506428480148315,0.7501605403276137,X_scGPT,True
selumetinib,HT1080_SOFT_TISSUE,0.7483124732971191,0.7252969252046688,X_scGPT,True
selumetinib,HT1197_URINARY_TRACT,0.7081875205039978,0.7093825807442536,X_scGPT,True
selumetinib,HT55_LARGE_INTESTINE,0.5643312335014343,0.6158541164127006,X_scGPT,True
selumetinib,HUH6_LIVER,0.8653125166893005,0.7526558565317526,X_scGPT,True
selumetinib,HUPT3_PANCREAS,0.6821249723434448,0.7304443480337367,X_scGPT,True
selumetinib,HUPT4_PANCREAS,0.33681875467300415,0.7082314299685615,X_scGPT,True
selumetinib,IALM_LUNG,0.8384000062942505,0.7213089666011171,X_scGPT,True
selumetinib,IGR1_SKIN,0.6361874938011169,0.6041562174106466,X_scGPT,True
selumetinib,IGR37_SKIN,0.6019437313079834,0.6102833019553413,X_scGPT,True
selumetinib,IM95_STOMACH,0.6588749885559082,0.5923952218648549,X_scGPT,True
selumetinib,JHH6_LIVER,0.9583749771118164,0.7343543733207925,X_scGPT,True
selumetinib,JHOC5_OVARY,0.8050000071525574,0.7774911859939838,X_scGPT,True
selumetinib,KALS1_CENTRAL_NERVOUS_SYSTEM,0.726937472820282,0.7410506866872311,X_scGPT,True
selumetinib,KMRC3_KIDNEY,0.8111249804496765,0.741641869836924,X_scGPT,True
selumetinib,KNS42_CENTRAL_NERVOUS_SYSTEM,0.8861874938011169,0.6902951314005741,X_scGPT,True
selumetinib,KPNSI9S_AUTONOMIC_GANGLIA,0.6092333197593689,0.7870725924654525,X_scGPT,True
selumetinib,KYSE520_OESOPHAGUS,0.8351250290870667,0.677709511190007,X_scGPT,True
selumetinib,LI7_LIVER,0.5803375244140625,0.755916914465476,X_scGPT,True
selumetinib,LMSU_STOMACH,0.854687511920929,0.7592185852574367,X_scGPT,True
selumetinib,LNCAPCLONEFGC_PROSTATE,0.9013124704360962,0.8005040380381798,X_scGPT,True
selumetinib,LS1034_LARGE_INTESTINE,0.6088266372680664,0.6149160400645374,X_scGPT,True
selumetinib,LS180_LARGE_INTESTINE,0.5187249779701233,0.6773205307051746,X_scGPT,True
selumetinib,MCF7_BREAST,1.0134615898132324,0.7330950631961956,X_scGPT,True
selumetinib,MDAMB361_BREAST,0.768875002861023,0.8765838322816072,X_scGPT,True
selumetinib,MFE319_ENDOMETRIUM,0.8321874737739563,0.7502818953304391,X_scGPT,True
selumetinib,MKN45_STOMACH,0.9134666919708252,0.7012756194098521,X_scGPT,True
selumetinib,MKN7_STOMACH,0.7876874804496765,0.6733204031637473,X_scGPT,True
selumetinib,MSTO211H_PLEURA,0.6730625033378601,0.7608110164151047,X_scGPT,True
selumetinib,NCIH1299_LUNG,0.6784541606903076,0.7365383410944921,X_scGPT,True
selumetinib,NCIH1373_LUNG,0.7636874914169312,0.7855947628253843,X_scGPT,True
selumetinib,NCIH1435_LUNG,0.8004999756813049,0.7141165164079559,X_scGPT,True
selumetinib,NCIH1792_LUNG,0.620187520980835,0.7837696719813991,X_scGPT,True
selumetinib,NCIH1944_LUNG,0.6847500205039978,0.6915236887148613,X_scGPT,True
selumetinib,NCIH2087_LUNG,0.35545626282691956,0.7427287801215637,X_scGPT,True
selumetinib,NCIH2110_LUNG,0.7748125195503235,0.714290196961494,X_scGPT,True
selumetinib,NCIH2126_LUNG,0.867062509059906,0.7579981921748682,X_scGPT,True
selumetinib,NCIH2170_LUNG,0.9277499914169312,0.8781601643898118,X_scGPT,True
selumetinib,NCIH2228_LUNG,0.8732500076293945,0.820115061806723,X_scGPT,True
selumetinib,NCIH226_LUNG,1.100000023841858,0.8392034079166169,X_scGPT,True
selumetinib,NCIH2444_LUNG,0.9611666798591614,0.7468456703902296,X_scGPT,True
selumetinib,NCIH2452_PLEURA,1.0179166793823242,0.8034772306791469,X_scGPT,True
selumetinib,NCIH358_LUNG,0.4256812632083893,0.7558126330730461,X_scGPT,True
selumetinib,NCIH446_LUNG,0.9023749828338623,0.7048090513871641,X_scGPT,True
selumetinib,NCIH460_LUNG,0.8984687328338623,0.7214819709175092,X_scGPT,True
selumetinib,NCIH522_LUNG,0.7893750071525574,0.7019864363739123,X_scGPT,True
selumetinib,NCIH650_LUNG,1.0102307796478271,0.6984711447765026,X_scGPT,True
selumetinib,NCIH747_LARGE_INTESTINE,0.3356437385082245,0.6811658009886742,X_scGPT,True
selumetinib,OAW28_OVARY,0.8170982003211975,0.7677854791931484,X_scGPT,True
selumetinib,OSRC2_KIDNEY,0.8983333110809326,0.761074822100382,X_scGPT,True
selumetinib,OUMS23_LARGE_INTESTINE,0.9071249961853027,0.7323393058554034,X_scGPT,True
selumetinib,OVK18_OVARY,0.6022062301635742,0.7146627899636043,X_scGPT,True
selumetinib,OVSAHO_OVARY,0.7102000117301941,0.7469144311245317,X_scGPT,True
selumetinib,OVTOKO_OVARY,0.8697500228881836,0.6751213954966604,X_scGPT,True
selumetinib,PANC0203_PANCREAS,0.7014999985694885,0.7663606398190435,X_scGPT,True
selumetinib,PATU8988S_PANCREAS,0.6279374957084656,0.5894975439935434,X_scGPT,True
selumetinib,PC3_PROSTATE,0.9231874942779541,0.7571179207260087,X_scGPT,True
selumetinib,PECAPJ49_UPPER_AERODIGESTIVE_TRACT,0.7265625,0.6220084018636458,X_scGPT,True
selumetinib,PK45H_PANCREAS,0.6393133401870728,0.7962003908913954,X_scGPT,True
selumetinib,PK59_PANCREAS,0.6997500061988831,0.6925876825705342,X_scGPT,True
selumetinib,RCC10RGB_KIDNEY,0.8645333051681519,0.7409872520123428,X_scGPT,True
selumetinib,RCM1_LARGE_INTESTINE,0.8799333572387695,0.6766574974171817,X_scGPT,True
selumetinib,RD_SOFT_TISSUE,0.6237000226974487,0.7588027638037086,X_scGPT,True
selumetinib,RERFLCAD1_LUNG,0.9130666851997375,0.7637830425682381,X_scGPT,True
selumetinib,RERFLCAI_LUNG,0.7501875162124634,0.7290394121822492,X_scGPT,True
selumetinib,RT4_URINARY_TRACT,0.7279999852180481,0.7426886013093984,X_scGPT,True
selumetinib,RVH421_SKIN,0.5871437788009644,0.7264749183315612,X_scGPT,True
selumetinib,SCC25_UPPER_AERODIGESTIVE_TRACT,0.5891437530517578,0.7215013977944984,X_scGPT,True
selumetinib,SCC9_UPPER_AERODIGESTIVE_TRACT,0.776437520980835,0.719363926084418,X_scGPT,True
selumetinib,SH10TC_STOMACH,0.9118124842643738,0.7810562922064735,X_scGPT,True
selumetinib,SKES1_BONE,0.9079999923706055,0.7057354116177821,X_scGPT,True
selumetinib,SKMEL2_SKIN,0.6932500004768372,0.6296879724747892,X_scGPT,True
selumetinib,SKMEL30_SKIN,0.41306251287460327,0.6405359526869258,X_scGPT,True
selumetinib,SKMEL3_SKIN,0.7112500071525574,0.5663778026079395,X_scGPT,True
selumetinib,SKMEL5_SKIN,0.6700624823570251,0.6153913090124676,X_scGPT,True
selumetinib,SKNAS_AUTONOMIC_GANGLIA,0.508899986743927,0.7053137585125139,X_scGPT,True
selumetinib,SNU1079_BILIARY_TRACT,0.39719998836517334,0.7699745607702699,X_scGPT,True
selumetinib,SNU1214_UPPER_AERODIGESTIVE_TRACT,0.8235999941825867,0.8024769878767907,X_scGPT,True
selumetinib,SNU308_BILIARY_TRACT,0.7462666630744934,0.7300915198123201,X_scGPT,True
selumetinib,SNU423_LIVER,0.8250625133514404,0.8175505292865465,X_scGPT,True
selumetinib,SNU449_LIVER,0.835812509059906,0.7040215464348488,X_scGPT,True
selumetinib,SNU46_UPPER_AERODIGESTIVE_TRACT,0.8291333317756653,0.7000039429482767,X_scGPT,True
selumetinib,SNU738_CENTRAL_NERVOUS_SYSTEM,0.8408125042915344,0.7858657218850068,X_scGPT,True
selumetinib,SNU899_UPPER_AERODIGESTIVE_TRACT,0.6703333258628845,0.6566259394209069,X_scGPT,True
selumetinib,SNUC4_LARGE_INTESTINE,0.8438125252723694,0.6101479123184972,X_scGPT,True
selumetinib,SU8686_PANCREAS,1.0130000114440918,0.6797678615988755,X_scGPT,True
selumetinib,SW1088_CENTRAL_NERVOUS_SYSTEM,0.8330000042915344,0.8535248981788754,X_scGPT,True
selumetinib,SW1271_LUNG,0.6582666635513306,0.7663508923157402,X_scGPT,True
selumetinib,SW1990_PANCREAS,0.6225374937057495,0.7242321620546646,X_scGPT,True
selumetinib,SW579_THYROID,0.7591875195503235,0.7622957880595862,X_scGPT,True
selumetinib,T47D_BREAST,0.8500000238418579,0.8663690688922934,X_scGPT,True
selumetinib,TCCSUP_URINARY_TRACT,0.8083124756813049,0.8068055148366131,X_scGPT,True
selumetinib,TE10_OESOPHAGUS,0.8583750128746033,0.7840447776938138,X_scGPT,True
selumetinib,TE14_OESOPHAGUS,0.7149999737739563,0.7178942488215644,X_scGPT,True
selumetinib,TE1_OESOPHAGUS,0.8351874947547913,0.7753910500447727,X_scGPT,True
selumetinib,TE6_OESOPHAGUS,1.0752500295639038,0.6709973879172019,X_scGPT,True
selumetinib,TE9_OESOPHAGUS,0.946399986743927,0.6853421736628779,X_scGPT,True
selumetinib,TM31_CENTRAL_NERVOUS_SYSTEM,0.7680000066757202,0.7750853772821098,X_scGPT,True
selumetinib,TOV21G_OVARY,0.8794375061988831,0.6887474411823711,X_scGPT,True
selumetinib,TYKNU_OVARY,0.6258749961853027,0.662041534215976,X_scGPT,True
selumetinib,U118MG_CENTRAL_NERVOUS_SYSTEM,0.9068750143051147,0.7647567408495262,X_scGPT,True
selumetinib,UACC257_SKIN,0.5460000038146973,0.611763773104137,X_scGPT,True
selumetinib,UMUC1_URINARY_TRACT,0.5362874865531921,0.6597056155882511,X_scGPT,True
selumetinib,VMCUB1_URINARY_TRACT,0.5934687256813049,0.66880794673784,X_scGPT,True
selumetinib,VMRCRCZ_KIDNEY,0.8119999766349792,0.7913274973630905,X_scGPT,True
selumetinib,ZR751_BREAST,1.0562857389450073,0.7956809206687903,X_scGPT,True
