ccl_name_norm,cpd_name_norm,rep1,rep2,abs_diff,rel_diff
a375,16-beta-bromoandrosterone,0.992375,0.9295625,0.06281250000000005,1.1638711884796655
a375,"1s,3r-rsl-3",0.4244625,0.4528125,0.028349999999999986,0.1457728548032306
a375,3-cl-ahpc,0.8218666666666666,0.9707499999999999,0.14888333333333326,1.0091235440429358
a375,aa-cocf3,0.7848666666666666,1.0493076923076923,0.2644410256410257,1.103307179229015
a375,abt-737,0.910625,0.86575,0.044875,0.47953914141719295
a375,ac55649,0.90875,0.9195625,0.010812500000000003,0.18350775308399458
a375,agk-2,0.8658125,0.9500625,0.08425000000000005,0.4086450190613541
a375,alisertib,1.101,1.0406666666666666,0.06033333333333335,0.4690029168752581
a375,alisertib:navitoclax (2:1 mol/mol),0.7445,0.8187692307692308,0.07426923076923075,0.47622810685163425
a375,apicidin,0.70625,0.6810666666666666,0.025183333333333446,0.2307332335342418
a375,at7867,0.8707999999999999,0.876125,0.005325000000000135,0.04068507022623266
a375,austocystin d,0.5946,0.57386875,0.02073124999999998,0.10951572238953741
a375,axitinib,0.851625,0.8441875,0.007437499999999986,0.05474426548451225
a375,az-3146,1.2932307692307694,0.9191875,0.37404326923076936,2.3372939647890876
a375,azacitidine,0.9375,1.0,0.0625,0.7574865975267213
a375,azd4547,0.8353333333333333,0.752,0.08333333333333326,0.555340783906013
a375,azd6482,0.9723125,0.792,0.1803125,1.0320808461845468
a375,azd7545,1.0705,0.894625,0.175875,2.0535688969147983
a375,azd7762,0.47134375,0.57008125,0.09873749999999998,0.9128674671301332
a375,azd8055,0.59780625,0.6663125,0.06850624999999999,0.3798610449044692
a375,b02,0.9943571428571428,0.9344,0.05995714285714282,0.3732212660764523
a375,barasertib,0.9199375,0.8850625,0.03487499999999999,0.3083283626000712
a375,bax channel blocker,1.1113333333333333,0.8649375,0.24639583333333326,2.027657707379526
a375,bendamustine,1.0744,0.934,0.14039999999999997,1.5898443204669575
a375,betulinic acid,1.1834,0.9724375,0.21096250000000005,1.7328265450823306
a375,bexarotene,0.9258125,1.0435714285714286,0.11775892857142856,1.0981068061493098
a375,bi-2536,0.48021875,0.7313125,0.25109375,1.4161921407031084
a375,bibr-1532,0.9084615384615385,0.902625,0.005836538461538532,0.06118869353389848
a375,birb-796,1.059,0.9116875,0.14731249999999996,1.151954464256451
a375,birinapant,0.9968,0.3164375,0.6803625,4.156663561004277
a375,bix-01294,1.1090833333333332,0.861625,0.24745833333333322,1.445217746524418
a375,bleomycin a2,0.84225,0.7276875,0.11456250000000001,0.9361786320911283
a375,bms-195614,0.9494,0.9722000000000001,0.022800000000000042,0.5074782965830905
a375,bms-270394,0.914125,0.9313125,0.017187500000000022,0.14865126540424867
a375,bms-345541,0.6860666666666667,0.840875,0.15480833333333333,1.2046089205648645
a375,bms-536924,0.8441333333333334,0.7694375,0.0746958333333334,0.48618989091694537
a375,bms-754807,0.8939285714285715,0.6338125,0.2601160714285715,1.712462212351311
a375,bortezomib,0.8502666666666666,1.3797000000000001,0.5294333333333335,2.519432274915671
a375,bosutinib,0.72425,0.8310666666666666,0.10681666666666667,1.367419904245361
a375,brd-a02303741,1.053625,0.9375,0.11612500000000003,1.7684414085032591
a375,brd-a02303741:carboplatin (1:1 mol/mol),0.9465625,0.9248125,0.021749999999999936,0.12654994936647374
a375,brd-a02303741:navitoclax (2:1 mol/mol),0.963625,1.0114375,0.047812500000000036,0.42655097417222304
a375,brd-a71883111,1.0978125,0.9190625,0.17875000000000008,2.165815857516511
a375,brd-a94377914,0.8594375,0.83475,0.024687499999999973,0.16062988089424096
a375,brd-k02251932,0.9025,0.88275,0.019749999999999934,0.22008968160368483
a375,brd-k02492147,1.0063125,0.9244375,0.08187499999999992,1.581845292277476
a375,brd-k03536150,1.0150625,0.8444375,0.17062500000000003,2.0537492497844534
a375,brd-k03911514,0.9999333333333333,1.0866,0.08666666666666667,0.5425178628797396
a375,brd-k04800985,0.9038125,0.9211875,0.01737500000000003,0.1598456933685556
a375,brd-k07442505,0.9375,0.9210625,0.016437499999999994,0.1964917646219504
a375,brd-k09587429,0.9903333333333334,0.929625,0.060708333333333364,1.3235142785070833
a375,brd-k11533227,1.0460714285714285,0.909,0.1370714285714285,1.3773705490793628
a375,brd-k13999467,0.9779333333333333,0.9811428571428572,0.0032095238095238843,0.056938842819916013
a375,brd-k14844214,0.9569375,0.9340625,0.02287499999999998,0.26109956527972544
a375,brd-k16147474,0.922875,0.911625,0.011249999999999982,0.21653845753654913
a375,brd-k17060750,1.1039333333333334,0.9528125,0.15112083333333348,2.6272581883063353
a375,brd-k19103580,1.0708666666666666,0.920375,0.15049166666666658,2.3419308563486085
a375,brd-k20514654,1.0213076923076922,0.931625,0.08968269230769221,0.8066662372251819
a375,brd-k24690302,0.8933125,0.92,0.026687500000000086,0.2713958908803871
a375,brd-k26531177,0.792125,0.6918125,0.10031249999999992,0.9114057572401424
a375,brd-k27188169,1.0420625,0.89475,0.14731249999999985,2.174701074165508
a375,brd-k27188169:navitoclax (2:1 mol/mol),0.900625,1.121,0.220375,1.4875641339339694
a375,brd-k28456706,0.9148125,0.8870625,0.027750000000000052,0.3338669310176583
a375,brd-k29313308,0.933,0.917875,0.015125000000000055,0.22170617282459715
a375,brd-k33199242,0.9685,0.925625,0.042874999999999996,0.5177038904719427
a375,brd-k34222889,0.7360625,0.6808666666666666,0.05519583333333333,0.7195004945437434
a375,brd-k35604418,0.8435625,0.743125,0.10043749999999996,1.3886918796764922
a375,brd-k37390332,0.9145,0.9345,0.020000000000000018,0.2642252715411967
a375,brd-k41597374,0.92325,0.883125,0.040124999999999966,0.8631359522179768
a375,brd-k45681478,0.9319333333333333,0.6890625,0.24287083333333326,2.8563962280564077
a375,brd-k50799972,0.9290625,0.86075,0.0683125,0.7051822239964918
a375,brd-k51490254,1.2609230769230768,0.9959375,0.2649855769230768,2.5996550571940706
a375,brd-k52037352,0.934,0.921625,0.012375000000000025,0.24380239542409074
a375,brd-k55116708,0.86725,0.8308571428571428,0.036392857142857116,0.24391819737515916
a375,brd-k61166597,0.7161875,0.7755,0.05931249999999999,0.5258964909974956
a375,brd-k63431240,0.5624533333333334,0.7568125,0.19435916666666664,1.5849310009207076
a375,brd-k64610608,0.97675,1.0885,0.11175000000000002,1.5548524737629645
a375,brd-k66453893,0.8658,0.8145625,0.05123750000000005,0.7821201162267518
a375,brd-k66532283,0.9023125,0.7983125,0.10399999999999998,1.2260271537775171
a375,brd-k70511574,0.8032,0.738,0.06520000000000004,0.4407221564874238
a375,brd-k71781559,0.9764285714285714,1.68375,0.7073214285714287,2.7511426753773973
a375,brd-k71935468,1.0213125,0.766875,0.2544375000000001,2.1171904490141635
a375,brd-k79669418,0.9516666666666667,1.1962307692307692,0.24456410256410255,2.1182275201543628
a375,brd-k80183349,0.991,0.8756875,0.11531250000000004,1.3458968151955386
a375,brd-k85133207,0.908625,0.906125,0.0025000000000000577,0.04297020855136421
a375,brd-k88742110,0.8995625,1.081875,0.18231249999999988,1.5628679102301861
a375,brd-k92856060,0.924125,0.9446666666666667,0.02054166666666668,0.08157821680910507
a375,brd-k94991378,1.067875,0.7819375,0.28593749999999996,2.6168983809583537
a375,brd-k97651142,0.79575,0.837,0.04125000000000001,0.2385230177086548
a375,brd-k99584050,1.0439333333333334,1.1772307692307693,0.13329743589743592,1.3164528835042784
a375,brd1812,0.8385,0.9299999999999999,0.09149999999999991,1.1964577272964578
a375,brd1835,1.0611333333333333,0.9198125,0.14132083333333323,2.1381929287666024
a375,brd4132,1.04475,0.9864285714285714,0.058321428571428635,0.388175027832769
a375,brd6340,0.91075,0.895875,0.014874999999999972,0.12730205318335655
a375,brd8899,1.1145625,0.917875,0.1966874999999999,3.0322797548504954
a375,brd8958,1.0335333333333334,0.978125,0.05540833333333339,0.6915412687510383
a375,brd9647,0.99725,0.9145625,0.08268750000000002,0.8008107253073744
a375,brd9876,1.0321333333333333,1.0714285714285714,0.03929523809523805,0.2806996583785306
a375,brefeldin a,0.6586642857142857,0.6508125,0.007851785714285686,0.05182043176390089
a375,brivanib,0.861625,0.9706875,0.10906250000000006,1.317113724387593
a375,c6-ceramide,0.9859375,0.9026875,0.08325000000000005,1.3022794227418484
a375,cabozantinib,0.9097857142857143,1.0242142857142857,0.11442857142857144,0.575865557182825
a375,cal-101,1.0,0.86325,0.13675000000000004,2.300749769876153
a375,canertinib,0.9994666666666667,0.8881875,0.1112791666666667,0.8300115847142056
a375,carboplatin,0.8670625,0.9130625,0.04600000000000004,0.4888460089741754
a375,carboplatin:etoposide (40:17 mol/mol),0.8910666666666667,0.8279375,0.06312916666666668,0.7497071677768569
a375,carboplatin:unc0638 (2:1 mol/mol),0.898125,1.2889166666666667,0.39079166666666676,2.923864472215425
a375,cay10576,0.922625,0.9235,0.0008749999999999591,0.008830753237756834
a375,cay10594,0.9609333333333333,0.926625,0.034308333333333274,0.6997453254298344
a375,cay10618,0.5670615384615385,0.6974375,0.13037596153846154,0.7341909045983954
a375,cct036477,0.9831333333333333,1.0267142857142857,0.04358095238095239,0.4708790306414161
a375,cd-1530,1.045625,0.9558666666666666,0.08975833333333338,1.0719916341193145
a375,cd-437,0.698,0.8364666666666667,0.13846666666666674,1.46665551774739
a375,ceranib-2,0.675875,0.9618461538461538,0.2859711538461538,2.312454514812527
a375,cerulenin,0.8565625,0.72875,0.1278125,1.362757904737966
a375,ch-55,0.964,0.9845333333333334,0.020533333333333403,0.1663143158205854
a375,chir-99021,0.8233125,0.9128125,0.08950000000000002,1.0470254385500621
a375,chlorambucil,0.9829333333333333,0.8331875,0.14974583333333336,1.3255342782040904
a375,chm-1,0.8414666666666667,0.8301875,0.011279166666666729,0.12082830544592657
a375,ci-976,0.9846,0.9754375,0.009162500000000073,0.08492326280730852
a375,ciclopirox,0.7408125,1.3157,0.5748875000000001,2.1644900060207264
a375,ciclosporin,1.145,1.063357142857143,0.08164285714285713,0.7159091667896268
a375,cid-5951923,1.1588,0.985,0.17380000000000007,1.678226884803062
a375,cil41,0.9884666666666667,0.9069375,0.08152916666666676,0.6643234443020581
a375,cil55,0.9251875,1.0677857142857143,0.1425982142857143,2.0773992734655304
a375,cil55a,0.7629333333333334,1.258,0.49506666666666665,4.266896552487734
a375,cil56,0.8718125,0.7645,0.10731250000000003,1.2849594310638537
a375,cil70,0.8744375,0.9305,0.056062500000000015,0.6636323038029859
a375,clofarabine,0.4196666666666667,0.53774375,0.11807708333333328,0.7011091776020555
a375,compound 1541a,0.924875,0.910125,0.01475000000000004,0.08104562248356335
a375,compound 1b,0.9259375,1.0124285714285715,0.08649107142857149,0.59947510517489
a375,compound 23 citrate,0.9428666666666667,0.9058125,0.03705416666666672,0.6694962990293645
a375,compound 7d-cis,0.9020625,0.7943125,0.10775000000000001,1.0981267250873987
a375,cr-1-31b,0.3582125,0.5229625,0.16475,0.9457316775652479
a375,crizotinib,0.7003125,0.8228000000000001,0.12248750000000008,1.4424850654139207
a375,crizotinib:plx-4032 (2:1 mol/mol),0.5505375,0.8864,0.33586249999999995,1.8300348633412677
a375,cucurbitacin i,0.7040000000000001,0.56548125,0.13851875000000002,1.1792751112402133
a375,curcumin,0.75875,0.736375,0.022375000000000034,0.23936672358794614
a375,cyclophosphamide,1.0099333333333333,0.931,0.0789333333333333,0.6352002230117457
a375,cytarabine hydrochloride,0.615975,0.6971875,0.08121249999999991,0.5653465054074729
a375,cytochalasin b,1.026125,0.9074375,0.11868749999999995,0.8141680618465988
a375,dacarbazine,0.80275,0.9375,0.13475000000000004,1.2710499163399414
a375,darinaparsin,0.911,0.9375,0.026499999999999968,0.23061268364909615
a375,dasatinib,0.7445,0.727875,0.016625,0.10693806669055937
a375,dbeq,0.8564375,0.8582,0.0017625000000000002,0.022739285248690306
a375,decitabine,0.9275333333333333,0.908375,0.019158333333333277,0.15000495897712038
a375,decitabine:carboplatin (1:1 mol/mol),0.9375,0.9093125,0.028187500000000032,0.33163726651592446
a375,decitabine:navitoclax (2:1 mol/mol),0.8496875,0.8974666666666666,0.047779166666666595,0.45948290825192817
a375,docetaxel:tanespimycin (2:1 mol/mol),0.40135,0.56623125,0.16488124999999998,0.8429898928856003
a375,doxorubicin,0.4521875,0.48093125,0.028743749999999957,0.23708040671154884
a375,doxorubicin:navitoclax (2:1 mol/mol),0.5469933333333333,0.5463,0.0006933333333333236,0.006176694925262674
a375,elcpk,0.80175,0.8205,0.018750000000000044,0.2370162716765208
a375,elocalcitol,0.785,0.8783125,0.09331250000000002,0.6858447476972355
a375,entinostat,0.8168000000000001,0.8044,0.012400000000000078,0.06175318421244513
a375,erastin,0.7018666666666667,0.847,0.14513333333333323,1.0808783244101545
a375,erismodegib,0.8586875,1.0219375,0.1632499999999999,1.684480468511824
a375,erlotinib,0.8303125,0.8949375,0.06462500000000004,0.6124487131008374
a375,erlotinib:plx-4032 (2:1 mol/mol),0.7333333333333333,0.8648125,0.1314791666666667,0.950923680541883
a375,etomoxir,0.9113125,0.9406,0.029287500000000022,0.3148886161081219
a375,etoposide,0.8425333333333334,0.8325625,0.009970833333333373,0.09861294463145634
a375,ex-527,0.9374375,0.9375,6.249999999996536e-05,0.00043193092355019364
a375,fingolimod,0.79275,0.777625,0.015124999999999944,0.20157343112850076
a375,fluorouracil,0.8180625,0.955375,0.13731249999999995,0.9163679531835033
a375,fluvastatin,0.8628125,0.9008125,0.038000000000000034,0.3941192108768566
a375,foretinib,0.6979333333333333,0.7746666666666666,0.07673333333333332,0.5892700029659803
a375,fqi-1,0.8861333333333333,0.8455625,0.040570833333333334,0.45428969197501157
a375,fqi-2,0.9777692307692308,1.3712727272727272,0.39350349650349636,1.329924010043609
a375,fumonisin b1,0.9375,0.9151875,0.022312499999999957,0.314034034099239
a375,gant-61,0.9930666666666668,0.8533125,0.13975416666666673,0.8179484285088175
a375,gdc-0879,0.758,0.9459333333333333,0.18793333333333329,1.2367131152459194
a375,gdc-0941,0.844125,0.760125,0.08399999999999996,0.7961250892674936
a375,gefitinib,1.357230769230769,0.9344666666666667,0.42276410256410235,3.1377099974713247
a375,gmx-1778,0.9218571428571429,0.8958125,0.02604464285714292,0.20934120760198174
a375,gossypol,0.9456,0.9226666666666666,0.02293333333333336,0.3396545663422845
a375,gsk-3 inhibitor ix,0.8060666666666666,0.8493999999999999,0.043333333333333335,0.490432764847745
a375,gsk4112,1.0,0.9148125,0.08518749999999997,1.639071205561609
a375,gsk461364,0.3582125,1.0774545454545454,0.7192420454545454,2.9398848215380706
a375,gsk525762a,0.802625,0.8390625,0.03643750000000001,0.35891281346346354
a375,gw-405833,0.9472,0.840375,0.10682500000000006,1.863467341942605
a375,gw-843682x,0.6551875,0.8755,0.2203124999999999,1.9567329253684365
a375,hc-067047,0.9211875,0.9206875,0.000500000000000056,0.007829355995705656
a375,hli 373,0.8653333333333334,1.03,0.16466666666666663,3.363125678580475
a375,hyperforin,0.886375,1.3340714285714286,0.44769642857142855,3.7043141941185063
a375,i-bet151,0.767375,0.7845,0.017124999999999946,0.12290483180659874
a375,ic-87114,1.02175,1.1486153846153846,0.12686538461538466,1.030058738324078
a375,ifosfamide,0.8709375,1.7741111111111112,0.9031736111111112,2.994923591950503
a375,imatinib,1.0045,0.9653125,0.03918749999999993,0.41660404737947726
a375,importazole,1.0,0.927625,0.07237499999999997,0.5574595084386295
a375,indisulam,0.8588125,0.8591875,0.0003750000000000142,0.0028706273801750288
a375,ipr-456,0.9689333333333334,0.9023125,0.06662083333333346,0.6992035120572629
a375,isoevodiamine,0.8411333333333334,0.854,0.012866666666666582,0.15271019833289043
a375,isox,0.7540625,0.7331875,0.020874999999999977,0.28927902440279435
a375,isox:bortezomib (250:1 mol/mol),0.8829999999999999,0.8128125,0.07018749999999985,0.9401985038248621
a375,itraconazole,0.9215625,0.9223125,0.0007500000000000284,0.011661375720552675
a375,iu1,0.9535333333333333,0.9135,0.040033333333333365,0.7950320120458692
a375,jq-1,0.90825,0.770875,0.13737500000000002,0.7347408625193532
a375,jq-1:carboplatin (1:1 mol/mol),0.9015,0.7259375,0.17556249999999995,1.4798372283312258
a375,jq-1:mk-0752 (1:1 mol/mol),0.9185333333333333,0.7138125,0.20472083333333335,1.5046108614638773
a375,jq-1:navitoclax (2:1 mol/mol),1.152153846153846,0.7242,0.42795384615384613,3.555880881291494
a375,jq-1:unc0638 (2:1 mol/mol),0.8376875,1.0111428571428571,0.1734553571428571,1.2115408704997686
a375,jq-1:vorinostat (2:1 mol/mol),0.7807999999999999,0.69575,0.08504999999999996,0.7888829485512902
a375,jw-480,1.0,1.2280833333333334,0.22808333333333342,1.5032455077077245
a375,khs101,0.823125,0.8812142857142857,0.05808928571428573,0.7579037306334686
a375,ki8751,0.991125,0.9375,0.053625000000000034,0.3117554132338392
a375,ko-143,1.2204615384615385,0.9604285714285714,0.2600329670329671,3.9265917522057503
a375,ku 0060648,0.8277333333333333,1.3365,0.5087666666666667,2.663697110912845
a375,ku-0063794,0.8881333333333333,0.9467142857142857,0.0585809523809524,0.3668467210422779
a375,ku-55933,0.883,0.898375,0.015375000000000028,0.09152602757274553
a375,ku-60019,0.9420666666666667,0.914,0.028066666666666684,0.19235266896203687
a375,kw-2449,0.8268666666666667,0.817875,0.008991666666666731,0.08924686683984091
a375,kx2-391,0.6677153846153847,0.692125,0.02440961538461528,0.1363036644073449
a375,l-685458,1.0,0.9940666666666667,0.005933333333333346,0.02742356838353783
a375,lapatinib,0.9065333333333334,1.2168181818181818,0.3102848484848484,2.05336916343854
a375,lbh-589,0.38313125,0.430575,0.04744375000000001,0.3306450093486361
a375,le-135,0.9259333333333333,0.77775,0.14818333333333322,1.556950521973225
a375,lenvatinib,1.031375,0.897,0.1343749999999999,1.3475479404278095
a375,leptomycin b,0.2841875,0.09285,0.1913375,1.05390613221691
a375,linifanib,0.8405333333333334,0.8905333333333334,0.050000000000000044,0.4876571461892067
a375,linsitinib,1.0115625,0.998,0.013562499999999922,0.14178655063145676
a375,lomeguatrib,0.9174666666666667,0.8675,0.049966666666666604,0.46270264313427123
a375,lovastatin,0.8523999999999999,0.69875,0.15364999999999995,1.3233947959824013
a375,ly-2183240,0.832,0.83075,0.0012499999999999734,0.01584943544425228
a375,manumycin a,1.0714666666666666,0.8250625,0.24640416666666654,2.688556739384727
a375,masitinib,0.8475625,0.8746875,0.027124999999999955,0.42721869301076765
a375,mdivi-1,0.9711333333333333,0.8935625,0.07757083333333326,0.52935222232896
a375,merck60,0.7688125,0.809875,0.0410625,0.3080073113758183
a375,mgcd-265,0.89375,0.8505,0.04325000000000001,0.4456563801512847
a375,mi-1,1.0292000000000001,0.9356875,0.09351250000000011,0.988230824027525
a375,mitomycin,0.618075,1.2705,0.6524249999999999,3.229980919106551
a375,mk-0752,1.115,0.91575,0.19925000000000004,1.9522452933053025
a375,mk-1775,0.6602733333333333,0.761625,0.10135166666666673,1.0258080069914768
a375,mk-2206,0.901125,0.8269375,0.07418749999999996,0.8165092430267865
a375,ml006,0.9375,0.9190625,0.018437499999999996,0.17923783223806083
a375,ml029,1.1582666666666666,0.901375,0.2568916666666665,2.332541868116858
a375,ml031,1.1196666666666668,0.9500625,0.16960416666666678,0.8843965921617005
a375,ml050,0.8546875,0.9787333333333332,0.12404583333333319,1.000219089095529
a375,ml083,1.023,0.9375,0.08549999999999991,1.6393608902942678
a375,ml162,0.6029133333333333,0.6301875,0.02727416666666671,0.1739603995971559
a375,ml203,0.9358125,0.93175,0.00406250000000008,0.05506141956276548
a375,ml210,0.13191333333333333,0.5241,0.3921866666666667,2.0253666900879335
a375,ml239,0.9375,0.9146875,0.022812500000000013,0.17415479947297358
a375,ml258,0.9263125,1.0390714285714286,0.11275892857142866,1.3655119223548584
a375,ml311,0.7161764705882353,0.8092,0.09302352941176473,1.194825068547449
a375,ml320,0.8256875,0.896625,0.07093749999999999,0.8382369446786097
a375,mln2238,0.7197857142857143,0.7546875,0.034901785714285705,0.2839448532259134
a375,momelotinib,1.0440769230769231,0.8815714285714286,0.16250549450549456,2.002888958999828
a375,mst-312,0.8281333333333334,0.777375,0.05075833333333335,0.470394929572662
a375,myricetin,0.9624,0.9375,0.024900000000000033,0.30686743116439386
a375,nakiterpiosin,0.72025,0.74,0.019750000000000045,0.20739328828298934
a375,navitoclax,1.2009333333333332,0.7911875,0.40974583333333314,1.8356443951490753
a375,navitoclax:birinapant (1:1 mol/mol),1.0843999999999998,0.4202125,0.6641874999999998,5.023256430363406
a375,navitoclax:gemcitabine (1:1 mol/mol),0.4169466666666667,0.695125,0.2781783333333333,1.4919697983213662
a375,navitoclax:mst-312 (1:1 mol/mol),0.8245333333333333,0.7834666666666668,0.041066666666666585,0.4018312686348797
a375,navitoclax:piperlongumine (1:1 mol/mol),0.9503333333333334,0.6765625,0.2737708333333334,1.964808239679492
a375,navitoclax:pluripotin (1:1 mol/mol),0.6424214285714286,0.55791875,0.08450267857142857,0.6588874627362272
a375,navitoclax:plx-4032 (1:1 mol/mol),0.7542000000000001,0.84525,0.09104999999999985,0.7442263803938556
a375,navitoclax:sorafenib (1:1 mol/mol),1.1753571428571428,0.8370625,0.3382946428571427,2.791385184135444
a375,necrostatin-1,0.9265,0.8571875,0.0693125,1.2268365665994705
a375,necrostatin-7,0.9316875,1.0079375,0.07624999999999993,1.0031662383120066
a375,nelarabine,0.9028125,1.149375,0.24656250000000002,3.4241018010051465
a375,neratinib,0.8448125,0.77025,0.07456249999999998,0.4120536148081167
a375,neuronal differentiation inducer iii,0.9012307692307692,1.1750666666666667,0.27383589743589754,2.411142518909847
a375,niclosamide,0.7818666666666666,0.8309375,0.0490708333333334,0.3966720968805929
a375,nilotinib,0.9344666666666667,0.9373125,0.0028458333333333252,0.02817611412690012
a375,nintedanib,0.9793125,0.9223125,0.05700000000000005,0.43854659666153084
a375,npc-26,1.0,0.9966666666666666,0.0033333333333334103,0.03773240856177719
a375,nsc 74859,1.0582666666666667,0.8854375,0.1728291666666667,2.7953119660849275
a375,nsc23766,0.8350666666666666,0.9249333333333334,0.08986666666666676,1.0737006022311102
a375,nsc30930,0.9788125,0.910625,0.06818749999999996,0.5250394808152962
a375,nsc48300,0.8988125,0.7838125,0.11499999999999999,0.5885720034506525
a375,nsc632839,1.02975,0.7723125,0.2574375,1.7310126810245923
a375,nsc95397,0.89475,0.8734375,0.021312500000000068,0.35748685821327814
a375,nutlin-3,0.7035,0.895625,0.192125,1.306557384910338
a375,nvp-231,0.8183125,0.9705,0.15218750000000003,1.0152397940534574
a375,nvp-adw742,0.8736875,0.8369333333333333,0.03675416666666664,0.3784565044223303
a375,nvp-bsk805,0.775875,0.8150625,0.03918750000000004,0.7020652027309315
a375,nvp-tae684,0.7201875,0.62249375,0.09769375000000002,1.0058872114272335
a375,obatoclax,0.53433125,0.616825,0.08249374999999992,0.9209851913975551
a375,olaparib,0.8845625,0.8818125,0.00275000000000003,0.028058090033747356
a375,oligomycin a,1.0476666666666667,0.59334375,0.4543229166666668,1.9953001321692532
a375,osi-027,0.8268666666666667,0.757625,0.06924166666666676,0.7591479376096397
a375,osi-930,0.7159333333333334,0.8883125,0.17237916666666653,1.8019575602579585
a375,ouabain,0.2499625,1.0841818181818181,0.8342193181818182,3.977719971911432
a375,oxaliplatin,1.1461666666666666,0.931875,0.21429166666666655,0.9759959058940195
a375,pac-1,0.8265625,0.80125,0.02531249999999996,0.3141761693797587
a375,paclitaxel,0.5455214285714286,0.7714666666666666,0.22594523809523803,0.9182079631861819
a375,pandacostat,0.8930625,0.915125,0.022062499999999985,0.36726050939655547
a375,parbendazole,0.6665625,0.7805,0.11393750000000002,0.6685877332043465
a375,parthenolide,1.247090909090909,1.3517692307692308,0.1046783216783218,0.7370361370364905
a375,pazopanib,0.9888666666666667,0.8604375,0.1284291666666667,1.0487570422528019
a375,pd318088,0.59308125,0.869125,0.27604375000000003,1.3624510695830094
a375,pdmp,0.8778125,0.8975333333333333,0.0197208333333333,0.36485202462131955
a375,pevonedistat,0.599325,0.713625,0.11429999999999996,0.5637694603133915
a375,pf-184,0.7700625,0.9775333333333334,0.20747083333333338,1.288555028966996
a375,pf-543,1.0625384615384617,0.9289375,0.13360096153846168,1.4365722805571244
a375,pf-573228,0.78825,0.8155625,0.027312499999999962,0.4397768951458032
a375,pf-750,1.1452666666666667,0.8770625,0.2682041666666667,2.573690114682139
a375,pha-793887,0.6354375,0.8235333333333333,0.18809583333333335,1.797673021271998
a375,phloretin,0.9738,0.894125,0.07967500000000005,1.528440111607939
a375,pi-103,1.2527692307692309,0.794,0.4587692307692308,3.6832600020377897
a375,pifithrin-alpha,0.9041333333333333,0.90875,0.004616666666666602,0.03876537823669523
a375,pifithrin-mu,1.1190625,0.8585625,0.26050000000000006,4.80701466275906
a375,pik-93,0.8605625,0.8158125,0.044749999999999956,0.5526083030752446
a375,piperlongumine,0.9243333333333333,0.74,0.18433333333333335,1.4084615820722521
a375,piperlongumine:mst-312 (1:1 mol/mol),0.8222666666666666,0.8145,0.0077666666666665884,0.0589077885210152
a375,pl-di,0.9283076923076923,0.625375,0.30293269230769226,3.7189818738566567
a375,platin,0.9143125,0.9038125,0.010499999999999954,0.09266929951359208
a375,pluripotin,0.5408875,0.55833125,0.01744374999999998,0.12300927442349348
a375,plx-4032,0.8743846153846154,0.9873125,0.11292788461538461,1.2824452451741826
a375,plx-4720,0.7106875,0.907625,0.1969375,2.259232842676229
a375,prima-1,0.9244375,0.7644375,0.16000000000000003,1.1563675773285338
a375,prima-1-met,1.0,0.920375,0.07962499999999995,0.5949650698768159
a375,prl-3 inhibitor i,0.9375,1.0,0.0625,0.6576244136602003
a375,procarbazine,1.0278125,0.9195625,0.10825000000000007,0.8647471780256518
a375,prochlorperazine,0.830125,0.9216,0.09147499999999997,0.5877853311700234
a375,purmorphamine,1.08525,0.9676875,0.11756250000000001,1.136342008349105
a375,px-12,0.8754375,0.8395625,0.03587499999999999,0.6065994378074022
a375,pyr-41,1.119,0.91675,0.20225000000000004,0.9089376606648358
a375,pyrazolanthrone,1.0908461538461538,0.8695,0.22134615384615375,1.7731101524868902
a375,quizartinib,1.0685,0.914625,0.15387499999999998,0.9540624230629465
a375,regorafenib,1.1584999999999999,0.99525,0.1632499999999999,0.8868667441983314
a375,repligen 136,0.8475625,0.9797333333333333,0.13217083333333335,1.6939819344803697
a375,rg-108,1.016857142857143,0.9375,0.0793571428571429,0.8043248394602357
a375,rigosertib,0.5908125,0.56783125,0.022981249999999953,0.14658570469791155
a375,rita,1.1306666666666667,0.9254375,0.20522916666666668,1.4016813668781476
a375,ruxolitinib,0.9335,0.9280625,0.005437499999999984,0.03494694779954255
a375,salermide:plx-4032 (12:1 mol/mol),0.9478461538461538,0.9703999999999999,0.022553846153846147,0.18813989368038012
a375,saracatinib,1.0206428571428572,0.8744375,0.1462053571428572,1.0960947422232346
a375,sb-225002,0.8469333333333334,0.859125,0.0121916666666666,0.15805563503890033
a375,sb-431542,1.0665,1.1018571428571429,0.035357142857142865,0.32023148107241756
a375,sb-525334,0.9977333333333332,0.8455625,0.15217083333333326,1.8303894938057466
a375,sb-743921,0.433125,0.43453125,0.0014062499999999978,0.006255879285542035
a375,sch-529074,0.7725,0.7975625,0.025062499999999988,0.21030106831491613
a375,sch-79797,0.52821875,0.5315625,0.0033437500000000897,0.03701208167562123
a375,selumetinib,0.5599066666666667,0.8576875,0.2977808333333334,1.6864767890439885
a375,selumetinib:brd-a02303741 (4:1 mol/mol),0.6082866666666666,0.8315625,0.22327583333333334,1.2566607355043375
a375,selumetinib:decitabine (4:1 mol/mol),0.6744666666666668,0.919,0.24453333333333327,1.7434754780962904
a375,selumetinib:gdc-0941 (4:1 mol/mol),0.4163625,0.757375,0.3410125,2.336471875024308
a375,selumetinib:jq-1 (4:1 mol/mol),0.3645,0.7655333333333334,0.4010333333333334,2.7055470761567126
a375,selumetinib:mk-2206 (8:1 mol/mol),0.51115625,0.7978666666666666,0.28671041666666663,2.054964619574306
a375,selumetinib:navitoclax (8:1 mol/mol),0.52323125,0.691375,0.16814374999999993,0.9601316220427267
a375,selumetinib:piperlongumine (8:1 mol/mol),0.60475,0.7400625,0.13531249999999995,0.6427495824510715
a375,selumetinib:plx-4032 (8:1 mol/mol),0.5727733333333334,0.9097333333333334,0.33696000000000004,2.263414267926865
a375,selumetinib:tretinoin (2:1 mol/mol),0.6060933333333334,0.8459375,0.23984416666666664,1.3755176280153019
a375,selumetinib:unc0638 (4:1 mol/mol),0.65844,0.83375,0.17530999999999997,1.114815692149534
a375,selumetinib:vorinostat (8:1 mol/mol),0.4674625,0.8608666666666667,0.39340416666666667,2.841236845598178
a375,semagacestat,0.775875,0.8258125,0.04993749999999997,0.4231942693961955
a375,serdemetan,0.86675,0.797,0.06974999999999998,0.6728748803734418
a375,serdemetan:sch-529074 (1:1 mol/mol),0.8305,0.7835,0.04700000000000004,0.434352906987245
a375,sgx-523,0.9375,0.967875,0.03037500000000004,0.24250140115730973
a375,sid 26681509,1.0191538461538463,0.9443571428571429,0.0747967032967034,0.5966705048620636
a375,sildenafil,0.9765,0.9462666666666667,0.030233333333333334,0.45018089154369867
a375,silmitasertib,0.9125333333333334,1.0163125,0.10377916666666653,1.0550885360244704
a375,simvastatin,0.8635333333333333,0.7676875,0.0958458333333333,1.0422955508610436
a375,sirolimus,1.2195333333333334,0.8076000000000001,0.41193333333333326,2.8317411216002717
a375,sirolimus:bortezomib (250:1 mol/mol),0.8763125,0.72375,0.15256250000000005,1.0937399825826983
a375,sj-172550,0.8436875,0.933125,0.08943749999999995,0.6761996334939906
a375,ski-ii,1.2947142857142857,1.2089999999999999,0.08571428571428585,0.6418851337552036
a375,smer-3,0.934625,0.7065,0.22812500000000002,1.4588845259184433
a375,sn-38,0.6684375,0.6483125,0.02012500000000006,0.15583685813233578
a375,sns-032,0.6427999999999999,0.55030625,0.09249374999999993,0.7089047844214338
a375,snx-2112,0.7096,0.715375,0.005774999999999975,0.039059615400012224
a375,snx-2112:bortezomib (250:1 mol/mol),0.7072071428571428,0.8572857142857143,0.1500785714285715,1.3026393081992624
a375,sorafenib,0.9855,0.9300625,0.05543750000000003,0.5192039701180768
a375,spautin-1,0.956625,0.91475,0.041874999999999996,0.5183516791267635
a375,sr-ii-138a,0.42740625,0.6298125,0.20240625,1.549846618344342
a375,sr1001,1.066,0.931875,0.13412500000000005,2.6642297504327717
a375,srt-1720,0.9872142857142857,0.8969333333333334,0.09028095238095235,0.4581724490229358
a375,stemregenin 1,0.83975,0.8449375,0.0051875000000000115,0.11213798074422159
a375,stf-31,0.6359375,0.797375,0.1614374999999999,1.2349072996042814
a375,su11274,0.8663125,1.25,0.38368749999999996,2.5307027183453115
a375,sunitinib,0.782,0.7833125,0.0013124999999999387,0.016163319446356746
a375,tacrolimus,0.8248125,1.4782,0.6533875,2.7859333098479646
a375,tamatinib,1.0091875,0.887875,0.12131249999999993,1.103430346879893
a375,tamoxifen,1.0165,0.9375,0.07899999999999996,0.5900025989159029
a375,tandutinib,1.055,0.95775,0.09724999999999995,0.89186751762717
a375,tanespimycin,0.8292,0.773875,0.05532500000000007,0.3398453057989062
a375,tanespimycin:bortezomib (250:1 mol/mol),0.773375,0.8742666666666667,0.10089166666666671,0.862015722841347
a375,tanespimycin:gemcitabine (1:1 mol/mol),0.4878,0.77525,0.28745,2.040142165041684
a375,temozolomide,1.0,0.9375,0.0625,1.0035930303102905
a375,temsirolimus,0.93425,0.7706,0.16365000000000007,1.1896982477779854
a375,teniposide,0.60194,0.67475,0.07280999999999993,0.6550822174170884
a375,tg-100-115,1.0230666666666666,0.79975,0.2233166666666666,4.5917779065258655
a375,tg-101348,0.7235625,0.7051875,0.01837500000000003,0.2617257971700579
a375,tgx-221,1.0634000000000001,0.8635625,0.1998375000000001,2.5226337522439426
a375,tigecycline,0.9355333333333333,0.837,0.09853333333333336,1.29054575422625
a375,tipifarnib-p1,0.985625,0.9059375,0.07968750000000002,0.8281036711168397
a375,tipifarnib-p2,0.9025,0.8772142857142857,0.025285714285714245,0.2678306071694609
a375,tivozanib,0.9290666666666667,0.879125,0.04994166666666666,0.4956171970426751
a375,topotecan,0.55510625,0.6397571428571428,0.08465089285714278,0.4736600431274133
a375,tosedostat,0.8185333333333333,0.53458,0.2839533333333333,1.555555385809425
a375,tpca-1,0.78825,0.7625625,0.025687499999999974,0.27884980581732793
a375,tretinoin,0.85275,0.9205625,0.06781249999999994,0.8661736688962185
a375,tretinoin:carboplatin (2:1 mol/mol),0.94375,0.910625,0.03312499999999996,0.3143259288179644
a375,tretinoin:navitoclax (4:1 mol/mol),0.926875,0.8753125,0.051562499999999956,0.3523063624481212
a375,triazolothiadiazine,0.7662666666666667,0.66875,0.0975166666666667,0.7039684500284306
a375,trifluoperazine,0.8741875,0.914125,0.03993749999999996,0.4485922867505106
a375,triptolide,0.7985625,0.7196875,0.07887499999999992,0.688770331782879
a375,tubastatin a,0.9911333333333334,0.902,0.0891333333333334,0.42377245849252165
a375,tw-37,1.0033571428571428,0.9,0.10335714285714281,0.7152876814616684
a375,unc0321,1.0950714285714285,0.922875,0.17219642857142847,1.1619371687470557
a375,unc0638,1.1291666666666667,0.919875,0.20929166666666665,1.7757465060222106
a375,unc0638:navitoclax (1:1 mol/mol),0.9953125,1.0572857142857142,0.06197321428571412,0.41513570037282277
a375,valdecoxib,0.8873125,0.877,0.010312499999999947,0.18846122465628706
a375,vandetanib,0.8971333333333333,0.9015333333333333,0.0043999999999999595,0.033653656660812534
a375,veliparib,1.0921538461538463,0.88075,0.21140384615384622,1.565574662351125
a375,ver-155008,0.880125,0.8865,0.0063749999999999085,0.06623173284190063
a375,vincristine,0.6056928571428571,0.58395,0.021742857142857175,0.11413600687932693
a375,vorapaxar,1.0,0.918625,0.08137499999999998,1.2879555719683273
a375,vorinostat,0.8043333333333333,0.7666875,0.03764583333333338,0.4342791539409868
a375,vorinostat:carboplatin (1:1 mol/mol),1.1199999999999999,0.838875,0.28112499999999985,2.0959516001521385
a375,vorinostat:navitoclax (4:1 mol/mol),0.8548666666666667,0.8086666666666668,0.04619999999999991,0.2071734800742669
a375,vu0155056,1.0,0.944625,0.05537499999999995,0.5726861841326676
a375,way-362450,0.8745625,0.9744285714285714,0.0998660714285714,0.9425609827686146
a375,wp1130,0.7239375,0.7608125,0.03687499999999999,0.4187460234992677
a375,wz8040,0.7593125,0.7595625,0.0002500000000000835,0.0012561213268770844
a375,xl765,1.3333846153846154,0.9576875,0.37569711538461537,5.729620136754964
a375,yk 4-279,0.7866875,0.8434375,0.05674999999999997,0.7669628781322007
a375,yl54,1.066125,0.8850625,0.18106250000000002,2.6524236075237138
a375,ym-155,0.7905714285714286,0.6990625,0.09150892857142856,0.4630930092037689
a375,zebularine,0.930125,0.8503125,0.07981249999999995,0.6424184052885182
a375,zstk474,0.9452666666666667,0.8363999999999999,0.10886666666666678,0.9573126622529821
aspc1,16-beta-bromoandrosterone,0.9183125,0.9140625,0.004249999999999976,0.07874949334986742
aspc1,"1s,3r-rsl-3",0.51239375,0.49826875,0.014124999999999999,0.07262933241959904
aspc1,3-cl-ahpc,1.0504166666666668,1.0909166666666665,0.04049999999999976,0.2745069083201971
aspc1,a-804598,0.88825,0.9088125,0.02056250000000004,0.29859621144348003
aspc1,aa-cocf3,1.4434,0.6238357142857144,0.8195642857142856,3.4194057373523803
aspc1,abt-199,0.9655,0.90175,0.06374999999999997,0.6742800182177794
aspc1,ac55649,0.9178125,0.85475,0.06306250000000002,1.070285103247113
aspc1,afatinib,0.6753125,0.706125,0.03081250000000002,0.19687753005009595
aspc1,agk-2,0.9148125,0.8881875,0.02662500000000001,0.12914152679535373
aspc1,alisertib,0.8906666666666666,0.888875,0.0017916666666666359,0.013927572807759494
aspc1,alisertib:navitoclax (2:1 mol/mol),0.747,0.73825,0.008750000000000036,0.056106625742489515
aspc1,alvocidib,0.6673125,0.6554375,0.011874999999999969,0.10501335840926207
aspc1,am-580,1.1080714285714286,1.103923076923077,0.004148351648351589,0.02540165004730044
aspc1,apicidin,0.6300625,0.5703,0.05976249999999994,0.5475524104205183
aspc1,at-406,0.9340625,0.90875,0.02531250000000007,0.25305923693799937
aspc1,at13387,0.6766642857142857,0.6793571428571428,0.0026928571428570525,0.013281079398170503
aspc1,at7867,0.6684375,0.81925,0.15081250000000002,1.1522661321114664
aspc1,avicin d,0.5802266666666667,0.617075,0.03684833333333337,0.3775586105915778
aspc1,avrainvillamide,1.0542142857142858,1.0212857142857144,0.03292857142857142,0.3777778767771757
aspc1,axitinib,0.691875,0.825625,0.13375000000000004,0.9844767070324073
aspc1,az-3146,1.1033571428571427,0.9772666666666667,0.12609047619047598,0.7879048582359527
aspc1,azacitidine,0.9280714285714285,0.9225,0.0055714285714285605,0.06752451955095332
aspc1,azd1480,0.883875,0.8898125,0.00593750000000004,0.0873412255621737
aspc1,azd6482,0.8855,0.895125,0.009624999999999995,0.05509201050690473
aspc1,azd7545,0.86575,0.9834375,0.11768749999999994,1.3741543116171158
aspc1,azd7762,0.57515,0.58499375,0.009843749999999929,0.09100938477844979
aspc1,azd8055,0.44815625,0.48669999999999997,0.03854374999999999,0.21372165531665552
aspc1,b02,0.7501875,0.845875,0.09568750000000004,0.595635618975063
aspc1,barasertib,1.0021875,0.976625,0.025562500000000044,0.22599695394879815
aspc1,bcl-lzh-4,0.927625,0.9798125,0.05218749999999994,1.5422867648114722
aspc1,belinostat,0.6340625,0.58996875,0.04409374999999993,0.59081457275593
aspc1,betulinic acid,0.9366875,1.14675,0.21006249999999993,1.7254340279734874
aspc1,bexarotene,0.9811875,1.023375,0.04218749999999993,0.39340015611915086
aspc1,bi-2536,0.50485,0.5393625,0.034512499999999946,0.1946537150208476
aspc1,bibr-1532,0.9314666666666667,0.9227333333333333,0.00873333333333337,0.09155790891881674
aspc1,birb-796,0.8336875,0.9448125,0.11112500000000003,0.8689754083360082
aspc1,birinapant,0.916625,1.0020625,0.08543750000000006,0.5219790082394359
aspc1,bix-01294,0.851625,0.861,0.009375000000000022,0.054752314020541336
aspc1,bms-195614,0.91625,0.9235,0.007249999999999979,0.16136919518541176
aspc1,bms-270394,0.8816875,0.9599375,0.07825000000000004,0.6767686701313426
aspc1,bms-345541,0.784,0.8021875,0.018187500000000023,0.14152225704542284
aspc1,bms-536924,0.7691875,0.8258125,0.056624999999999925,0.36856811611319645
aspc1,bms-754807,0.6002625,0.7153125,0.11504999999999999,0.75742639218323
aspc1,bortezomib,0.7000625,0.779875,0.07981249999999995,0.3798064379053833
aspc1,bosutinib,0.7271875,0.6973125,0.029874999999999985,0.3824465873552517
aspc1,brd-a02303741,1.0120625,0.951,0.06106250000000013,0.9299070269686154
aspc1,brd-a02303741:carboplatin (1:1 mol/mol),0.9125,0.986125,0.07362500000000005,0.42837885159111094
aspc1,brd-a02303741:navitoclax (2:1 mol/mol),0.82425,0.8353125,0.011062499999999975,0.09869218618102386
aspc1,brd-a05715709,0.94925,0.919125,0.03012500000000007,0.5632818011190742
aspc1,brd-a71883111,1.1392307692307693,0.8175,0.32173076923076926,3.8982355348306847
aspc1,brd-a86708339,0.6469375,0.60534375,0.041593750000000096,0.38883471648657664
aspc1,brd-k02251932,0.9270625,0.8994375,0.02762500000000001,0.30784695971148435
aspc1,brd-k02492147,0.948875,0.9119375,0.03693750000000007,0.7136416547602984
aspc1,brd-k03536150,0.9086666666666667,0.90625,0.0024166666666667336,0.02908851196275985
aspc1,brd-k04800985,0.92875,0.9326875,0.003937500000000038,0.03622402403675929
aspc1,brd-k07442505,0.935875,0.92125,0.014624999999999999,0.17482537232523349
aspc1,brd-k09587429,0.8755625,0.89675,0.021187500000000026,0.46191284188116155
aspc1,brd-k11533227,0.8485,0.931875,0.08337499999999998,0.8377987354939482
aspc1,brd-k13999467,0.921625,0.892375,0.029249999999999998,0.5189122285182878
aspc1,brd-k14844214,0.8753125,0.8874375,0.012124999999999941,0.13839703733406158
aspc1,brd-k16147474,0.9103125,0.901875,0.008437499999999987,0.16240384315241185
aspc1,brd-k17060750,0.9038125,0.9088125,0.0050000000000000044,0.08692574446407682
aspc1,brd-k19103580,0.865875,0.9078125,0.04193750000000007,0.6526256733249017
aspc1,brd-k24690302,0.8903125,0.8886875,0.0016249999999999876,0.0165252767280796
aspc1,brd-k26531177,0.745875,0.7088125,0.0370625,0.336737454232651
aspc1,brd-k28456706,0.956875,0.9375,0.01937500000000003,0.2331052896744911
aspc1,brd-k29313308,0.8968125,1.0246875,0.12787499999999996,1.8744249156988595
aspc1,brd-k33199242,1.0337142857142856,0.9086875,0.1250267857142856,1.5096642187169114
aspc1,brd-k34222889,0.7350625,0.723125,0.011937499999999934,0.15561024510212226
aspc1,brd-k35604418,0.7873125,0.7983125,0.01100000000000001,0.15209070990856435
aspc1,brd-k37390332,0.907,0.9095625,0.002562500000000023,0.033853862916216095
aspc1,brd-k41597374,0.8878125,0.9159375,0.028124999999999956,0.6050018356668057
aspc1,brd-k42260513,0.736375,0.9195,0.18312499999999998,3.0824709141704383
aspc1,brd-k45681478,0.8151875,0.826125,0.010937500000000044,0.12863559331345714
aspc1,brd-k48477130,0.94,0.9235,0.01649999999999996,0.47085381544624344
aspc1,brd-k50799972,1.0970714285714285,1.0952857142857142,0.0017857142857142794,0.018433726937563438
aspc1,brd-k51490254,0.9269375,0.9654375,0.03849999999999998,0.3777062920334945
aspc1,brd-k51831558,0.974875,0.941625,0.03325,0.6282392562733955
aspc1,brd-k52037352,0.8795625,0.8644375,0.015125000000000055,0.2979807055183336
aspc1,brd-k55116708,1.1176428571428572,1.1264285714285713,0.008785714285714175,0.05888506040656373
aspc1,brd-k61166597,0.9225625,0.895125,0.027437500000000004,0.24327561596196062
aspc1,brd-k63431240,0.6975,0.6778125,0.01968749999999997,0.16054467415031304
aspc1,brd-k64610608,0.9389375,0.9354375,0.0034999999999999476,0.04869784034156862
aspc1,brd-k66453893,0.8915,0.8699375,0.02156249999999993,0.32914301061018325
aspc1,brd-k70511574,0.8745999999999999,0.867,0.00759999999999994,0.05137252130834958
aspc1,brd-k71781559,0.89525,0.8385625,0.0566875,0.22048731186532558
aspc1,brd-k71935468,1.0073076923076925,0.902875,0.10443269230769248,0.8689910045440681
aspc1,brd-k80183349,0.8871875,0.7690625,0.11812500000000004,1.3787235667856736
aspc1,brd-k85133207,0.893375,0.8924375,0.0009375000000000355,0.016113828206761816
aspc1,brd-k88742110,0.8999375,1.083125,0.18318749999999995,1.5703688189525804
aspc1,brd-k90370028,0.9236875,0.95325,0.029562500000000047,0.2483765555133155
aspc1,brd-k92856060,0.9251875,0.9108125,0.014375000000000027,0.05708820446073282
aspc1,brd-k94991378,0.9369999999999999,0.9275625,0.009437499999999988,0.08637194656277836
aspc1,brd-k97651142,0.8679375,0.8035,0.06443750000000004,0.3726018655418533
aspc1,brd-k99006945,1.0,0.92925,0.07074999999999998,0.46633647939468054
aspc1,brd1812,0.7909375,0.77675,0.014187499999999909,0.18551632793462736
aspc1,brd1835,0.965,0.9218125,0.043187499999999934,0.6534295399553562
aspc1,brd4132,0.9585,0.824625,0.13387499999999997,0.8910435344954885
aspc1,brd6340,0.87425,0.9053125,0.031062499999999993,0.2658366404711274
aspc1,brd8899,0.8880625,0.9213125,0.03325,0.5126065553163217
aspc1,brd8958,1.0469375,0.9375,0.10943750000000008,1.3658694107193572
aspc1,brd9876,0.7579333333333333,0.8678,0.10986666666666667,0.7848161073811762
aspc1,brefeldin a,0.6491875,0.641,0.008187500000000014,0.0540360881595376
aspc1,brivanib,0.90275,0.923125,0.02037499999999992,0.24606250667642032
aspc1,byl-719,0.77875,0.7656875,0.013062500000000088,0.11700886965473722
aspc1,c6-ceramide,0.9129375,0.8014375,0.11149999999999993,1.7441940616902813
aspc1,cabozantinib,0.8877333333333334,0.7999375,0.0877958333333334,0.44183542492610905
aspc1,cal-101,0.879375,0.8560625,0.02331250000000007,0.39222105309131966
aspc1,canertinib,0.8545333333333333,0.7804,0.07413333333333327,0.552947396384286
aspc1,carboplatin,1.1406923076923077,0.9141333333333334,0.22655897435897432,2.407661965492762
aspc1,carboplatin:etoposide (40:17 mol/mol),0.8780625,0.9105625,0.032500000000000084,0.38596237269219835
aspc1,carboplatin:unc0638 (2:1 mol/mol),0.9191875,0.9295625,0.010374999999999912,0.07762472050129379
aspc1,cay10594,0.901625,0.895375,0.006249999999999978,0.12747364441884257
aspc1,cay10618,0.5793875,0.6516875,0.07229999999999992,0.40714562543651484
aspc1,cbb-1007,0.8985625,0.973625,0.07506249999999992,1.513792863691243
aspc1,cct036477,0.928125,0.92325,0.004874999999999963,0.052672902930413684
aspc1,cd-1530,1.0129333333333335,0.8703125,0.14262083333333342,1.703333100188934
aspc1,cd-437,0.8858,0.8876000000000001,0.0018000000000000238,0.019065815589398186
aspc1,cediranib,0.8413333333333333,0.818,0.023333333333333317,0.24944069082695028
aspc1,ceranib-2,0.838875,0.8225625,0.016312500000000063,0.13190810949125678
aspc1,cerulenin,0.8290625,0.8583125,0.029249999999999998,0.3118683126735296
aspc1,chir-99021,0.8584666666666667,0.7988125,0.059654166666666675,0.6978707264302252
aspc1,chlorambucil,0.9323125,0.9325,0.0001875000000000071,0.001659730168318159
aspc1,chm-1,0.7861875,0.818625,0.03243750000000001,0.3474873874756311
aspc1,ci-976,0.8930625,0.7154375,0.17762500000000003,1.6463295559233897
aspc1,ciclopirox,0.7795625,0.7596875,0.019875000000000087,0.07483070839018438
aspc1,ciclosporin,0.909375,0.8156875,0.09368750000000003,0.8215261250135125
aspc1,cid-5951923,0.8968666666666666,0.880875,0.015991666666666626,0.15441682930269784
aspc1,clofarabine,0.9025384615384616,0.8008125,0.10172596153846158,0.6040207229176633
aspc1,col-3,1.199,1.0216153846153846,0.17738461538461547,1.1003234853442039
aspc1,compound 1541a,0.935875,0.949,0.013124999999999942,0.07211686746418722
aspc1,compound 1b,0.883125,0.8670625,0.01606250000000009,0.11133020689683415
aspc1,compound 23 citrate,0.8579375,0.827375,0.030562500000000048,0.5522045826358247
aspc1,cr-1-31b,0.7076083333333334,0.48600625,0.22160208333333342,1.2720856450548546
aspc1,crizotinib,0.749875,0.7625625,0.012687500000000074,0.14941548539597277
aspc1,cucurbitacin i,0.666375,0.65425,0.012125000000000052,0.10322581400559597
aspc1,curcumin,0.79725,0.791,0.006249999999999978,0.06686221329272204
aspc1,cytarabine hydrochloride,0.84025,0.831125,0.00912500000000005,0.06352207925926703
aspc1,cytochalasin b,0.8505,1.0355625,0.1850624999999999,1.2694847978555972
aspc1,dabrafenib,0.8218125,0.88825,0.06643750000000004,0.43523145070886526
aspc1,dacarbazine,0.9420000000000001,0.8788125,0.06318750000000006,0.5960257260759192
aspc1,daporinad,0.6605,0.670875,0.010375000000000023,0.040174392971033424
aspc1,dasatinib,0.794875,0.759375,0.035499999999999976,0.22834895443698375
aspc1,dbeq,0.7394375,0.7494375,0.010000000000000009,0.12901722126916496
aspc1,decitabine,0.9534666666666667,0.8980666666666667,0.055400000000000005,0.43376814583727674
aspc1,decitabine:carboplatin (1:1 mol/mol),0.9059375,1.1435625,0.2376250000000001,2.7957536303626247
aspc1,decitabine:navitoclax (2:1 mol/mol),0.8796875,0.85575,0.023937499999999945,0.23020225934484392
aspc1,dexamethasone,0.905375,0.896375,0.009000000000000008,0.10182801945811404
aspc1,dinaciclib,0.58545625,0.55644375,0.029012499999999997,0.172031472519377
aspc1,doxorubicin,0.699375,0.674625,0.02474999999999994,0.2041396848396896
aspc1,doxorubicin:navitoclax (2:1 mol/mol),0.667,0.628125,0.03887499999999999,0.3463255027205622
aspc1,elocalcitol,1.2385833333333334,0.910625,0.32795833333333335,2.4104862733310735
aspc1,entinostat,0.8063125,0.734625,0.07168750000000002,0.3570105962281962
aspc1,epigallocatechin-3-monogallate,0.888875,0.9149375,0.02606249999999999,0.4028855805418443
aspc1,erastin,0.86175,0.797375,0.06437500000000007,0.4794318475004857
aspc1,erismodegib,0.901125,0.833,0.06812499999999999,0.7029416962779055
aspc1,erlotinib,0.8871333333333333,0.895125,0.00799166666666662,0.07573672673935515
aspc1,erlotinib:plx-4032 (2:1 mol/mol),1.1187142857142858,0.8600625,0.2586517857142858,1.870700235526483
aspc1,etomoxir,0.915125,0.9906,0.07547500000000007,0.811479924908596
aspc1,etoposide,0.874125,0.7828125,0.09131250000000002,0.9030934732964302
aspc1,etp-46464,0.9091333333333333,0.8435333333333334,0.06559999999999999,0.515617977010982
aspc1,ex-527,0.90125,0.95925,0.05800000000000005,0.4008318970548022
aspc1,fingolimod,0.8206666666666667,0.759875,0.06079166666666669,0.8101808154724072
aspc1,fluorouracil,1.0618666666666667,1.0017857142857143,0.06008095238095246,0.40095591704068423
aspc1,fluvastatin,0.877375,0.88025,0.002874999999999961,0.029818229770288057
aspc1,foretinib,0.7439333333333333,0.658625,0.08530833333333332,0.6551213097700631
aspc1,fqi-2,0.8230625,0.89375,0.07068750000000001,0.2389025873855795
aspc1,fumonisin b1,1.0487857142857142,0.764125,0.28466071428571416,4.006415796379333
aspc1,gant-61,0.9375,0.9091875,0.028312499999999963,0.16570643605490012
aspc1,gdc-0879,0.8821875,0.8926875,0.010499999999999954,0.0690962453533989
aspc1,gdc-0941,0.716,0.749875,0.03387499999999999,0.3210563976063851
aspc1,gefitinib,0.863125,0.826875,0.036250000000000004,0.2690436267376538
aspc1,gemcitabine,0.8051875,0.741875,0.0633125,0.3216330098198992
aspc1,gmx-1778,0.767375,0.68475,0.08262500000000006,0.6641218838356997
aspc1,gossypol,0.7944375,0.798625,0.004187500000000011,0.06201904781504296
aspc1,gsk-3 inhibitor ix,0.7435625,0.56938125,0.17418125000000007,1.9713275082031458
aspc1,gsk2636771,0.921375,0.9279375,0.006562499999999916,0.059848171972324976
aspc1,gsk4112,0.9854666666666667,0.77425,0.21121666666666672,4.06396662031446
aspc1,gsk525762a,1.0366428571428572,1.008857142857143,0.027785714285714302,0.27369190774278335
aspc1,gw-405833,0.80675,0.750875,0.05587500000000001,0.9746897985587927
aspc1,gw-843682x,1.035625,0.8839375,0.15168749999999998,1.3472314354238855
aspc1,hbx-41108,0.8986428571428571,0.813125,0.08551785714285709,0.6122183786387934
aspc1,hc-067047,0.825375,0.698375,0.127,1.9886564229090145
aspc1,hli 373,0.7998125,0.8615625,0.06174999999999997,1.2611721294676779
aspc1,hyperforin,0.8835625,0.8329375,0.05062500000000003,0.41887961151633246
aspc1,i-bet151,0.7836875,0.7748125,0.008874999999999966,0.0636952048048796
aspc1,ibrutinib,0.9170625,0.9176875,0.0006249999999999867,0.004286511885254837
aspc1,ic-87114,0.9715625,0.9375,0.034062499999999996,0.27656382298871035
aspc1,imatinib,0.7545625,0.8954375,0.14087499999999997,1.4976483617118712
aspc1,importazole,0.8320000000000001,0.725625,0.10637500000000011,0.8193403137845844
aspc1,isoevodiamine,0.900875,0.854125,0.04674999999999996,0.5548602413520208
aspc1,isonicotinohydroxamic acid,0.9948125,0.9375,0.05731249999999999,0.6053638574147111
aspc1,isox,0.792875,0.7946875,0.0018124999999999947,0.02511704104096114
aspc1,isox:bortezomib (250:1 mol/mol),0.75925,0.75675,0.0024999999999999467,0.03348881580854298
aspc1,istradefylline,0.9521999999999999,0.983875,0.03167500000000012,0.6595529412076675
aspc1,itraconazole,0.87725,0.87975,0.0025000000000000577,0.03887125240184167
aspc1,iu1,0.838875,0.905,0.06612499999999999,1.313192967440459
aspc1,jq-1,1.1898333333333333,0.9821538461538462,0.20767948717948714,1.1107596399478312
aspc1,jq-1:carboplatin (1:1 mol/mol),0.85675,0.786,0.07074999999999998,0.5963601788789418
aspc1,jq-1:mk-0752 (1:1 mol/mol),0.8214375,0.7855,0.03593750000000007,0.2641253064157687
aspc1,jq-1:navitoclax (2:1 mol/mol),0.775125,0.6275625,0.14756249999999993,1.2261010790330529
aspc1,jq-1:unc0638 (2:1 mol/mol),0.8538666666666667,0.8376666666666667,0.016199999999999992,0.11315281594866833
aspc1,jq-1:vorinostat (2:1 mol/mol),0.7647333333333334,0.72575,0.03898333333333337,0.36159067541866946
aspc1,jw-480,0.9075,0.87625,0.03125,0.205961660719911
aspc1,jw-74,0.9256875,0.9576,0.03191250000000001,0.42703215083730695
aspc1,kh-cb19,0.9228125,0.9068125,0.016000000000000014,0.15711038029282431
aspc1,khs101,0.7415,0.7708666666666667,0.029366666666666652,0.38315338102810514
aspc1,ki8751,0.85375,0.8964375,0.04268749999999999,0.248168936175655
aspc1,ko-143,0.8989999999999999,0.714375,0.18462499999999993,2.78790420508134
aspc1,kpt185,0.872,0.8022666666666667,0.06973333333333331,0.49744066185438063
aspc1,ku 0060648,0.8214375,0.7655625,0.05587500000000001,0.29253896888997294
aspc1,ku-0063794,0.738625,0.7091875,0.029437500000000005,0.18434405573428964
aspc1,ku-55933,0.8805,0.8789375,0.0015624999999999112,0.009301425566335383
aspc1,ku-60019,0.8565,0.8515,0.0050000000000000044,0.034267102546681166
aspc1,kw-2449,0.817625,0.692,0.1256250000000001,1.2468920459783068
aspc1,kx2-391,0.7069375,0.7090625,0.0021250000000000435,0.011866032393454648
aspc1,l-685458,0.8775625,0.954875,0.0773125,0.35733448831217934
aspc1,lapatinib,0.8960666666666667,0.745,0.15106666666666668,0.9997124786192368
aspc1,lbh-589,0.3851375,0.28209375,0.10304375000000005,0.7181325608129318
aspc1,le-135,0.9116875,0.92425,0.012562500000000032,0.1319931904102263
aspc1,lenvatinib,0.9374375,0.8988125,0.03862500000000002,0.38734168706250566
aspc1,leptomycin b,0.3221,0.402925,0.08082499999999998,0.4451922029734461
aspc1,linifanib,0.8325,0.8260625,0.006437499999999985,0.06278585757186016
aspc1,linsitinib,0.7790625,0.835,0.05593749999999997,0.5847878470744445
aspc1,lomeguatrib,0.92175,0.8741875,0.04756249999999995,0.44043951562522576
aspc1,lovastatin,0.8065625,0.6784375,0.12812499999999993,1.1035467506361545
aspc1,lrrk2-in-1,0.886375,0.86025,0.026125000000000065,0.22270705735195465
aspc1,ly-2183240,0.7269375,0.831125,0.10418749999999999,1.3210504442784556
aspc1,manumycin a,0.867375,0.9041875,0.036812500000000026,0.4016672944597137
aspc1,marinopyrrole a,0.8059333333333334,0.7311875,0.0747458333333334,1.029110660518395
aspc1,masitinib,0.86225,0.8895625,0.027312500000000073,0.4301718176168347
aspc1,mdivi-1,0.917625,0.928125,0.010499999999999954,0.07165319870381773
aspc1,merck60,0.8590625,0.9648666666666668,0.10580416666666681,0.7936306096160491
aspc1,methotrexate,0.637,0.586375,0.05062500000000003,0.24602802414899133
aspc1,methylstat,0.8908125,0.8748125,0.016000000000000014,0.2587763694300863
aspc1,mg-132,0.7999375,0.7865625,0.013374999999999915,0.2906061915369678
aspc1,mgcd-265,0.9845714285714287,0.88625,0.09832142857142867,1.0131230508311213
aspc1,mi-1,0.9486875,0.8838125,0.06487500000000002,0.6855925647243484
aspc1,mi-2,0.89275,1.0414666666666668,0.14871666666666672,1.9745030444041742
aspc1,mitomycin,0.8018125,0.77375,0.02806249999999999,0.1389298992871634
aspc1,mk-0752,0.9035,0.8745625,0.02893749999999995,0.2835287235885675
aspc1,mk-1775,0.8018125,0.760125,0.04168749999999999,0.4219306174026786
aspc1,mk-2206,0.781875,0.750375,0.03149999999999997,0.34668968701390085
aspc1,ml006,0.8546875,0.9437142857142857,0.08902678571428568,0.8654626756637793
aspc1,ml029,0.91425,0.9004375,0.013812500000000005,0.12541564688110085
aspc1,ml031,0.71775,0.9074000000000001,0.1896500000000001,0.9889250777258803
aspc1,ml050,0.9144375,0.9380625,0.023625000000000007,0.19049552366973418
aspc1,ml083,1.0094,0.92375,0.08565000000000011,1.64223696203163
aspc1,ml162,0.58185,0.4013875,0.18046249999999997,1.1510279670861323
aspc1,ml203,0.927375,0.9280625,0.0006875000000000631,0.0093180863875456
aspc1,ml210,0.5807357142857142,0.45308,0.12765571428571426,0.6592514572491024
aspc1,ml239,0.8713125,0.9415625,0.07024999999999992,0.5363013550893753
aspc1,ml258,0.909875,0.962625,0.052749999999999964,0.6388031069184015
aspc1,ml311,0.776470588235294,0.7931176470588236,0.01664705882352957,0.213820345515955
aspc1,ml320,0.9058125,0.9946,0.08878750000000002,1.0491624701413511
aspc1,ml334 diastereomer,0.9715,0.969625,0.001875000000000071,0.033659241215323044
aspc1,mln2238,0.6145125,0.6789375,0.06442499999999995,0.5241321266147095
aspc1,mln2480,1.1074615384615385,0.9160625,0.1913990384615385,1.7214069473257403
aspc1,momelotinib,0.9018666666666667,0.86,0.04186666666666672,0.5160089181720416
aspc1,mst-312,0.8091875,0.8709375,0.06175000000000008,0.5722584843430354
aspc1,myricetin,1.0943076923076924,0.9508125,0.14349519230769248,1.7684337770241856
aspc1,n9-isopropylolomoucine,0.8684,0.878125,0.009725000000000095,0.16393907651333428
aspc1,nakiterpiosin,0.7391875,0.7835,0.04431249999999998,0.46532228288809824
aspc1,narciclasine,0.71225,0.70225,0.010000000000000009,0.057756199297083304
aspc1,navitoclax,1.0348461538461537,0.9853076923076922,0.04953846153846153,0.22193025985796477
aspc1,navitoclax:birinapant (1:1 mol/mol),0.810375,0.7910625,0.019312499999999955,0.14606062265759756
aspc1,navitoclax:gemcitabine (1:1 mol/mol),0.725625,0.690875,0.03474999999999995,0.18637666661674132
aspc1,navitoclax:mst-312 (1:1 mol/mol),0.8025625,0.8009333333333333,0.0016291666666666815,0.01594115523906653
aspc1,navitoclax:piperlongumine (1:1 mol/mol),0.753375,0.7155625,0.03781250000000003,0.27137409291669423
aspc1,navitoclax:pluripotin (1:1 mol/mol),0.5953,0.58871875,0.006581250000000094,0.05131556996110436
aspc1,navitoclax:plx-4032 (1:1 mol/mol),0.9838,0.8414375,0.14236250000000006,1.163645558251735
aspc1,navitoclax:sorafenib (1:1 mol/mol),0.8802666666666668,0.7850625,0.09520416666666676,0.7855622485086716
aspc1,necrostatin-1,0.921875,0.889125,0.032749999999999946,0.5796775120812637
aspc1,necrostatin-7,0.904125,0.884125,0.019999999999999907,0.26312557070478765
aspc1,necrosulfonamide,0.8136875,0.8111875,0.0025000000000000577,0.017427910107905113
aspc1,nelarabine,0.9450666666666667,0.9880625,0.04299583333333323,0.5970985464228479
aspc1,neuronal differentiation inducer iii,0.786125,0.79125,0.005125000000000046,0.045125951437049124
aspc1,niclosamide,0.829625,0.8248125,0.004812499999999997,0.038902629863045254
aspc1,nilotinib,0.90725,0.8603571428571428,0.04689285714285718,0.464278241145618
aspc1,nintedanib,0.9238125,0.8408666666666667,0.08294583333333339,0.6381686476418927
aspc1,npc-26,0.968375,1.0990625,0.13068750000000007,1.4793462431751436
aspc1,nsc 74859,0.90575,1.104875,0.199125,3.2206166701029115
aspc1,nsc19630,1.2248333333333334,1.2913333333333334,0.0665,0.38952751889203946
aspc1,nsc23766,0.8091875,0.8110625,0.001875000000000071,0.022401950621477065
aspc1,nsc30930,0.9345625,0.90775,0.026812500000000017,0.2064545712830086
aspc1,nsc48300,0.9755,0.943875,0.031625000000000014,0.16185730094892953
aspc1,nsc632839,0.8885625,0.7843125,0.10425000000000006,0.7009781869262011
aspc1,nsc95397,0.918375,0.907125,0.011250000000000093,0.18870274040583693
aspc1,nutlin-3,0.8876875,0.8848125,0.002874999999999961,0.019551606930993736
aspc1,nvp-231,1.166090909090909,1.041923076923077,0.12416783216783212,0.8283211456797315
aspc1,nvp-adw742,0.7837999999999999,0.763125,0.020674999999999888,0.2128898282443707
aspc1,nvp-bez235,0.6661875,0.60801875,0.05816874999999999,0.46153089237733513
aspc1,nvp-bsk805,0.813125,0.8701875,0.057062500000000016,1.0223054706432855
aspc1,nvp-tae684,0.7112153846153846,0.58420625,0.12700913461538454,1.3077281222601778
aspc1,o-6-benzylguanine,1.2243333333333333,0.9565625,0.2677708333333333,1.6487753533081642
aspc1,obatoclax,0.6148125,0.563125,0.0516875,0.5770548930114242
aspc1,olaparib,0.912375,0.8605625,0.05181250000000004,0.5286399235903709
aspc1,oligomycin a,0.7459375,0.52975,0.21618749999999998,0.9494545212206962
aspc1,omacetaxine mepesuccinate,0.591425,0.56969375,0.02173124999999998,0.1578903073590179
aspc1,osi-027,0.772375,0.7810625,0.00868749999999996,0.09524752978192859
aspc1,osi-930,0.878,0.884,0.006000000000000005,0.06272071950814495
aspc1,ouabain,0.354875,0.42271875,0.06784374999999998,0.3234921961919244
aspc1,oxaliplatin,0.923625,0.8964375,0.02718750000000003,0.12382604094805538
aspc1,pac-1,0.80925,0.815,0.005749999999999922,0.07136841378503074
aspc1,paclitaxel,0.6636285714285715,0.60935,0.05427857142857151,0.22058007035791888
aspc1,palmostatin b,1.02375,0.9845,0.039249999999999896,0.2888927671976837
aspc1,pandacostat,0.927,0.904125,0.02287500000000009,0.3807856839635692
aspc1,parbendazole,0.7281875,0.780875,0.0526875,0.3091713982947142
aspc1,parthenolide,0.832625,0.79575,0.03687499999999999,0.25963549202421926
aspc1,pazopanib,0.8891875,0.8683125,0.020874999999999977,0.17046597611155728
aspc1,pd 153035,0.9069375,0.859,0.047937499999999966,0.4417856639187316
aspc1,pd318088,0.67775,0.641375,0.036374999999999935,0.1795337067261326
aspc1,pevonedistat,0.88275,1.0240625,0.14131250000000006,0.6970050031542975
aspc1,pf-184,0.864375,0.8256875,0.038687499999999986,0.24027942570157554
aspc1,pf-3758309,0.699875,0.7073125,0.007437499999999986,0.05345914506701672
aspc1,pf-4800567 hydrochloride,1.066857142857143,0.921875,0.14498214285714295,3.2542122712793704
aspc1,pf-543,0.8645625,0.8950625,0.03049999999999997,0.327957628840706
aspc1,pf-573228,0.8713125,0.8511875,0.02012500000000006,0.3240461332653301
aspc1,pf-750,0.8494375,0.7099375,0.13949999999999996,1.3386435246711612
aspc1,pha-793887,0.8734375,0.856375,0.01706249999999998,0.16307004457188984
aspc1,phloretin,0.8959375,0.9025625,0.006624999999999992,0.12709025088675965
aspc1,pi-103,0.9133125,0.894625,0.018687499999999968,0.1500338659867629
aspc1,pifithrin-alpha,0.9814285714285714,0.7733333333333333,0.2080952380952381,1.7473409272239353
aspc1,pifithrin-mu,0.937125,0.994875,0.05774999999999997,1.065662559594378
aspc1,pik-93,0.8220666666666666,0.8099375,0.012129166666666635,0.1497805186454408
aspc1,piperlongumine,0.8501875,0.8804375,0.03025,0.23113542237442472
aspc1,piperlongumine:mst-312 (1:1 mol/mol),0.8768125,0.8421875,0.03462500000000002,0.26262002285924974
aspc1,pitstop2,1.0178125,0.927875,0.0899375,1.3199518201056686
aspc1,pl-di,0.7909375,0.74325,0.047687499999999994,0.5854401080270462
aspc1,platin,1.1814615384615386,1.04,0.14146153846153853,1.248489683556752
aspc1,pluripotin,0.6414375,0.6875,0.046062500000000006,0.3248220539237363
aspc1,plx-4032,0.8346428571428571,0.9925333333333334,0.15789047619047625,1.7930548432603712
aspc1,plx-4720,0.91275,0.934,0.021250000000000102,0.24377631434780123
aspc1,prima-1,0.9219375,0.9211875,0.0007499999999999174,0.005420473018726905
aspc1,prl-3 inhibitor i,0.9126875,0.9435333333333333,0.03084583333333335,0.3245595689550977
aspc1,procarbazine,1.3114999999999999,0.9375,0.3739999999999999,2.9876715434789234
aspc1,prochlorperazine,0.8950625,0.89225,0.0028124999999999956,0.01807210979957025
aspc1,purmorphamine,0.82625,0.885,0.05874999999999997,0.5678689462244327
aspc1,px-12,0.930875,0.9243125,0.006562500000000027,0.11096331179403747
aspc1,pyr-41,0.852625,0.8418125,0.010812500000000003,0.04859277357695198
aspc1,pyrazolanthrone,0.898,0.917625,0.019625000000000004,0.1572075508786162
aspc1,quizartinib,0.9269375,0.864125,0.06281249999999994,0.3894527762706176
aspc1,r428,0.8614666666666667,0.8107333333333333,0.05073333333333341,0.35276570164890547
aspc1,raf265,0.7242,0.75,0.025800000000000045,0.18502298206107393
aspc1,regorafenib,0.860625,0.812142857142857,0.04848214285714292,0.2633825432617014
aspc1,repligen 136,0.929875,0.90125,0.02862500000000001,0.3668754418170973
aspc1,rg-108,0.89,0.8345625,0.05543750000000003,0.5618871431377817
aspc1,rigosertib,0.79625,0.8313125,0.035062499999999996,0.2236458535097322
aspc1,rita,0.59019375,0.3935125,0.19668124999999997,1.3433005055615193
aspc1,ro4929097,0.9215625,0.8935625,0.027999999999999914,0.615205231919734
aspc1,ruxolitinib,0.9331875,1.1463333333333334,0.21314583333333348,1.3698935744717282
aspc1,salermide,0.981125,0.8726,0.10852499999999998,0.8331703218641412
aspc1,salermide:plx-4032 (12:1 mol/mol),0.89925,0.9135,0.014249999999999985,0.11887078889594267
aspc1,saracatinib,0.84775,0.8283125,0.019437499999999996,0.14572203076763238
aspc1,sb-225002,0.897125,0.910625,0.013500000000000068,0.17501717618798443
aspc1,sb-431542,0.9019375,0.898625,0.0033124999999999405,0.030001484716632512
aspc1,sb-525334,0.833375,0.9376,0.10422500000000001,1.2536722104558193
aspc1,sb-743921,0.48345625,0.41007142857142853,0.07338482142857145,0.3264615710209437
aspc1,sch-529074,0.8128125,0.840375,0.027562499999999934,0.2312787309897203
aspc1,sch-79797,0.7136875,0.72475,0.011062499999999975,0.12245118610438815
aspc1,selumetinib,0.6790625,0.609,0.07006250000000003,0.3967978016238827
aspc1,selumetinib:brd-a02303741 (4:1 mol/mol),0.6233875,0.6324375,0.009050000000000002,0.05093600810498639
aspc1,selumetinib:decitabine (4:1 mol/mol),0.6499375,0.60531875,0.04461874999999993,0.3181230772422659
aspc1,selumetinib:gdc-0941 (4:1 mol/mol),0.54125,0.5653199999999999,0.024069999999999925,0.1649173506303579
aspc1,selumetinib:jq-1 (4:1 mol/mol),0.5744625,0.5590375,0.015425000000000022,0.10406382756973821
aspc1,selumetinib:navitoclax (8:1 mol/mol),0.8234666666666667,0.8739285714285714,0.05046190476190471,0.28814672249437273
aspc1,selumetinib:piperlongumine (8:1 mol/mol),0.6265625,0.60155,0.025012499999999993,0.11881218609557452
aspc1,selumetinib:tretinoin (2:1 mol/mol),0.59855625,0.5508875,0.04766875000000004,0.2733825335080256
aspc1,selumetinib:vorinostat (8:1 mol/mol),0.6688125,0.6363125,0.032500000000000084,0.23472094427556314
aspc1,semagacestat,0.8509375,0.8611875,0.010249999999999981,0.08686340448182225
aspc1,serdemetan,0.866125,0.8090625,0.057062500000000016,0.5504791808073053
aspc1,serdemetan:sch-529074 (1:1 mol/mol),0.831625,0.863125,0.031500000000000083,0.2911088631935796
aspc1,sgx-523,0.9015,0.950375,0.048875,0.3901977277880987
aspc1,sid 26681509,0.8879375,0.8925,0.004562499999999914,0.03639611183977272
aspc1,sildenafil,0.928125,0.9360625,0.007937500000000042,0.11819109680137134
aspc1,silmitasertib,0.9678,0.871125,0.09667499999999996,0.9828628181972852
aspc1,sirolimus,0.73975,0.7093125,0.030437500000000006,0.20923560541036162
aspc1,sirolimus:bortezomib (250:1 mol/mol),0.640375,0.66,0.019625000000000004,0.140694123117971
aspc1,sj-172550,0.9375,0.9413125,0.0038124999999999964,0.02882472232224557
aspc1,skepinone-l,0.90125,0.925375,0.024124999999999952,0.3930477106836193
aspc1,ski-ii,0.9921333333333333,0.8920625,0.10007083333333333,0.7493964361235479
aspc1,smer-3,0.8464375,0.706375,0.14006249999999998,0.8957151294748578
aspc1,sn-38,0.864125,0.88775,0.023625000000000007,0.18293892041621979
aspc1,sns-032,0.70775,0.6733125,0.03443750000000001,0.26394116914400323
aspc1,snx-2112,0.6535,0.735125,0.08162500000000006,0.5520763821690068
aspc1,snx-2112:bortezomib (250:1 mol/mol),0.6968125,0.724875,0.0280625000000001,0.24357451725704954
aspc1,sorafenib,0.77875,0.7926875,0.013937499999999936,0.1305326779440029
aspc1,sotrastaurin,0.9289375,0.9225,0.006437499999999985,0.06807735456914822
aspc1,spautin-1,0.8544375,0.8686875,0.014249999999999985,0.1763943027476149
aspc1,sr-ii-138a,0.58041875,0.54196875,0.038449999999999984,0.294415822018045
aspc1,sr1001,0.935125,0.9858125,0.050687499999999996,1.0068454462259913
aspc1,srt-1720,0.9644375,1.0091875,0.044749999999999956,0.22710457248235857
aspc1,stemregenin 1,0.89425,0.88975,0.0044999999999999485,0.09727632064558848
aspc1,stf-31,0.6974375,0.7090625,0.011624999999999996,0.08892479973921658
aspc1,su11274,0.946,1.034,0.08800000000000008,0.5804250574084056
aspc1,sunitinib,0.74775,0.74925,0.0014999999999999458,0.01847236508155076
aspc1,sz4ta2,0.9219375,0.9935,0.07156250000000008,1.3472714757242108
aspc1,tacrolimus,0.851,0.9056875,0.0546875,0.23317821029987654
aspc1,tamatinib,0.8890625,0.8941875,0.005125000000000046,0.046615810635833116
aspc1,tandutinib,0.889875,0.8203999999999999,0.06947500000000006,0.6371464862431643
aspc1,tanespimycin,0.6350625,0.669875,0.034812500000000024,0.2138430132512321
aspc1,tanespimycin:bortezomib (250:1 mol/mol),0.6701875,0.6854375,0.015249999999999986,0.13029559534151008
aspc1,tanespimycin:gemcitabine (1:1 mol/mol),0.7118125,0.693,0.01881250000000001,0.13351947983943888
aspc1,temozolomide,1.1103571428571428,0.9606666666666667,0.14969047619047615,2.403653097737445
aspc1,tg-100-115,0.9699375,0.9375,0.03243750000000001,0.6669712478973036
aspc1,tg-101348,0.78225,0.8330625,0.05081250000000004,0.7237519493172003
aspc1,tgx-221,0.910625,0.895125,0.01550000000000007,0.19566309206120602
aspc1,thalidomide,1.2243333333333333,0.962625,0.2617083333333333,2.1298072702602613
aspc1,tipifarnib-p1,1.1177692307692308,0.8955625,0.2222067307692308,2.30914772701956
aspc1,tivantinib,0.775625,0.8399375,0.0643125,0.7549808287466144
aspc1,tivozanib,0.8515625,0.8434375,0.008125000000000049,0.08063186502863527
aspc1,topotecan,0.6948125,0.7185625,0.023749999999999938,0.13289199492863726
aspc1,tosedostat,1.1883636363636363,1.0274615384615384,0.16090209790209786,0.8814551392704568
aspc1,tpca-1,0.8511875,0.8696875,0.01849999999999996,0.20082613752294157
aspc1,trametinib,0.443625,0.39634375,0.04728125,0.21851436243628902
aspc1,tretinoin,1.0285,0.8443125,0.18418749999999995,2.352639449066505
aspc1,tretinoin:carboplatin (2:1 mol/mol),0.923125,0.8865625,0.03656249999999994,0.34694465728020585
aspc1,tretinoin:navitoclax (4:1 mol/mol),0.857,0.8065,0.05049999999999999,0.3450467161916147
aspc1,triazolothiadiazine,0.77025,0.8074375,0.03718750000000004,0.26845489730403976
aspc1,trifluoperazine,0.8874375,0.91075,0.023312499999999958,0.26185433952729315
aspc1,triptolide,0.7230000000000001,0.6825,0.04050000000000009,0.353663371628611
aspc1,tw-37,0.8213125,0.741625,0.07968750000000002,0.551480870511869
aspc1,unc0321,0.9531875,0.924875,0.028312499999999963,0.19104546106486106
aspc1,unc0638,0.8467333333333333,1.0576,0.21086666666666676,1.7891096790119865
aspc1,unc0638:navitoclax (1:1 mol/mol),0.9382666666666667,0.935,0.00326666666666664,0.02188219491568015
aspc1,valdecoxib,0.818125,0.789875,0.028249999999999997,0.5162695366341951
aspc1,vandetanib,0.9821538461538462,0.8557333333333333,0.1264205128205128,0.9669346666694152
aspc1,veliparib,0.8585625,0.9744375,0.11587499999999995,0.8581251822065584
aspc1,vincristine,0.64425,0.74075,0.09650000000000003,0.5065628951838715
aspc1,vorapaxar,0.9465333333333333,0.8853125,0.06122083333333339,0.9689672923159579
aspc1,vorinostat,0.7871875,0.796875,0.00968749999999996,0.11175418183871488
aspc1,vorinostat:carboplatin (1:1 mol/mol),0.8408125,0.8503125,0.009500000000000064,0.07082806652359434
aspc1,vorinostat:navitoclax (4:1 mol/mol),0.745125,0.827,0.08187499999999992,0.36714997145196143
aspc1,wz4002,0.9198000000000001,0.9126,0.007200000000000095,0.07311599653034125
aspc1,wz8040,0.8343333333333334,0.699375,0.1349583333333334,0.67809616295892
aspc1,xl765,0.959,0.9145,0.044499999999999984,0.6786533237674058
aspc1,yk 4-279,0.8704375,0.879125,0.00868750000000007,0.1174095154849965
aspc1,yl54,0.922375,1.2706923076923076,0.3483173076923076,5.102575352887417
aspc1,ym-155,0.628125,0.6636875,0.03556249999999994,0.1799687243300428
aspc1,zebularine,0.8715,0.9811875,0.10968749999999994,0.8828851223816363
aspc1,zstk474,0.7944375,0.7524375,0.04200000000000004,0.36932454208167703
ccfsttg1,16-beta-bromoandrosterone,0.9255625,0.92025,0.005312499999999942,0.09843686668733376
ccfsttg1,"1s,3r-rsl-3",0.7625000000000001,0.7519285714285714,0.010571428571428676,0.054357224769156845
ccfsttg1,3-cl-ahpc,0.79175,0.798625,0.0068750000000000755,0.04659839493089844
ccfsttg1,a-804598,0.920375,0.9139375,0.006437500000000096,0.09348148868899345
ccfsttg1,aa-cocf3,0.7479333333333333,0.8779333333333333,0.13,0.5423891128545074
ccfsttg1,abt-199,0.88275,0.9153125,0.03256249999999994,0.344411656364179
ccfsttg1,abt-737,0.8519375,0.8463125,0.005624999999999991,0.060109363130288716
ccfsttg1,ac55649,0.9175625,0.8875,0.030062499999999992,0.5102151978809326
ccfsttg1,afatinib,0.894625,0.82925,0.06537499999999996,0.4177158142645032
ccfsttg1,agk-2,0.917875,0.9239375,0.006062499999999971,0.029405465021477104
ccfsttg1,alisertib,0.843,0.8495625,0.006562500000000027,0.05101378412144574
ccfsttg1,alisertib:navitoclax (2:1 mol/mol),0.8230666666666667,0.7836875,0.03937916666666674,0.25250653328203204
ccfsttg1,alvocidib,0.61461875,0.6451,0.030481250000000015,0.26955270997998565
ccfsttg1,am-580,0.9315625,0.9254375,0.006124999999999936,0.037505283960567244
ccfsttg1,apicidin,0.7824375,0.77625,0.0061875000000000124,0.056690743183049015
ccfsttg1,at-406,0.922625,0.90525,0.01737500000000003,0.17370485893521914
ccfsttg1,at13387,0.533,0.52171875,0.01128125000000002,0.055638739454870766
ccfsttg1,at7867,0.8215625,0.802375,0.019187500000000024,0.14659995961799444
ccfsttg1,austocystin d,1.0387142857142857,1.0385714285714285,0.00014285714285722229,0.0007546628012548236
ccfsttg1,avicin d,0.6879375,0.6615625,0.026374999999999926,0.27024582806149966
ccfsttg1,avrainvillamide,0.91425,0.90175,0.012499999999999956,0.14340808771367794
ccfsttg1,axitinib,0.70725,0.7231875,0.015937499999999938,0.11730914032395459
ccfsttg1,az-3146,1.083375,1.0525,0.030874999999999986,0.19292942046857375
ccfsttg1,azacitidine,0.949375,0.9793125,0.02993750000000006,0.3628360802153003
ccfsttg1,azd1480,0.8695,0.8645625,0.004937500000000039,0.07263112441486033
ccfsttg1,azd4547,0.709625,0.7291875,0.019562500000000038,0.13036624902193694
ccfsttg1,azd6482,0.825125,0.849375,0.024249999999999994,0.1388032472511626
ccfsttg1,azd7545,1.0841875,1.0656875,0.018500000000000183,0.2160115115447002
ccfsttg1,azd7762,0.60895625,0.56688125,0.042074999999999974,0.3890001132244622
ccfsttg1,azd8055,0.58498125,0.6092125,0.024231250000000037,0.13436011961450867
ccfsttg1,b02,0.9730666666666666,0.9412,0.0318666666666666,0.19836364963732941
ccfsttg1,barasertib,0.9316875,0.917625,0.014062499999999978,0.12432595266131888
ccfsttg1,bax channel blocker,0.9225,0.8985625,0.023937499999999945,0.19698813780156177
ccfsttg1,bcl-lzh-4,0.8955,0.9225,0.027000000000000024,0.797925607662943
ccfsttg1,belinostat,0.7921875,0.7805,0.011687500000000073,0.1566014530196453
ccfsttg1,bendamustine,0.9266875,0.8920625,0.03462500000000002,0.39208233330604303
ccfsttg1,betulinic acid,1.1719333333333333,1.1453333333333333,0.026599999999999957,0.21848995010577665
ccfsttg1,bexarotene,0.9501875,0.9465625,0.0036249999999999893,0.03380327267394181
ccfsttg1,bi-2536,0.8929375,0.8829375,0.010000000000000009,0.05640093155258184
ccfsttg1,bibr-1532,0.920625,0.9164375,0.004187500000000011,0.04390061949590204
ccfsttg1,birinapant,0.9838125,0.9375,0.04631249999999998,0.28294546094032297
ccfsttg1,bix-01294,0.875125,0.9077142857142857,0.032589285714285654,0.19032947254759527
ccfsttg1,bleomycin a2,0.8619375,0.8358125,0.026125000000000065,0.21348754403387482
ccfsttg1,bms-195614,0.9449375,0.9393125,0.005624999999999991,0.12520023764385413
ccfsttg1,bms-270394,0.909125,0.906875,0.0022499999999999742,0.019459802016555942
ccfsttg1,bms-345541,0.789125,0.767,0.02212499999999995,0.17216109619958594
ccfsttg1,bms-536924,0.8978125,0.9066875,0.008874999999999966,0.0577667466755781
ccfsttg1,bms-754807,0.874125,0.8783125,0.004187500000000011,0.02756821397016327
ccfsttg1,bortezomib,0.819,0.7965,0.022499999999999964,0.10707150951130608
ccfsttg1,bosutinib,0.827125,0.8335625,0.006437499999999985,0.08241003869788882
ccfsttg1,brd-a02303741:carboplatin (1:1 mol/mol),0.9369375,0.921625,0.015312499999999951,0.0890940735482358
ccfsttg1,brd-a02303741:navitoclax (2:1 mol/mol),0.9088125,0.9184375,0.009624999999999995,0.08586777780721865
ccfsttg1,brd-a05715709,0.977375,0.982875,0.00550000000000006,0.10283983090970739
ccfsttg1,brd-a71883111,0.983125,0.9551875,0.02793750000000006,0.3385033875209377
ccfsttg1,brd-a86708339,0.9473125,0.863625,0.08368750000000003,0.7823436294147634
ccfsttg1,brd-k02251932,0.9135625,0.9141875,0.0006249999999999867,0.006964863341888635
ccfsttg1,brd-k02492147,1.0085625,0.9906875,0.017874999999999974,0.3453494302224106
ccfsttg1,brd-k03536150,0.9517333333333333,0.9188,0.03293333333333337,0.3964062044028409
ccfsttg1,brd-k04800985,0.9969375,0.944125,0.05281250000000004,0.4858619096993862
ccfsttg1,brd-k07442505,0.910625,0.9103125,0.00031250000000004885,0.0037355848787448895
ccfsttg1,brd-k09587429,0.947625,0.9151875,0.03243750000000001,0.7071762977472643
ccfsttg1,brd-k11533227,0.92875,1.002,0.07325000000000004,0.7360570599691965
ccfsttg1,brd-k13999467,0.92275,0.9133125,0.009437499999999988,0.1674268087740627
ccfsttg1,brd-k14844214,0.8814375,0.9180625,0.03662500000000002,0.418044659163714
ccfsttg1,brd-k16147474,0.9285,0.929375,0.0008749999999999591,0.01684188003061973
ccfsttg1,brd-k17060750,0.9280625,0.89275,0.03531249999999997,0.6139130702775415
ccfsttg1,brd-k19103580,0.9235,0.8895625,0.033937499999999954,0.5281307609767817
ccfsttg1,brd-k24690302,0.9378125,0.8853125,0.0525000000000001,0.5338935558302691
ccfsttg1,brd-k28456706,0.9445625,0.9336875,0.010874999999999968,0.13083974323664924
ccfsttg1,brd-k29313308,0.9375,1.1905625,0.25306249999999997,3.709455759366903
ccfsttg1,brd-k33199242,0.9039375,0.931375,0.027437500000000004,0.33130030308627245
ccfsttg1,brd-k34222889,0.8204375,0.8653333333333334,0.04489583333333336,0.5852357385603412
ccfsttg1,brd-k35604418,0.804625,0.8109333333333333,0.006308333333333249,0.08722171772786484
ccfsttg1,brd-k37390332,0.9430625,0.9039375,0.039125000000000076,0.5168906874524666
ccfsttg1,brd-k41597374,0.9254375,0.9289375,0.0034999999999999476,0.0752891173274237
ccfsttg1,brd-k42260513,0.9375,0.9245,0.013000000000000012,0.21882387377046136
ccfsttg1,brd-k45681478,0.8054375,0.76175,0.04368749999999999,0.5138073127206065
ccfsttg1,brd-k48477130,0.9375,0.967625,0.030124999999999957,0.8596649206253393
ccfsttg1,brd-k50799972,0.9945333333333333,0.9716666666666666,0.022866666666666702,0.23605001801114686
ccfsttg1,brd-k51490254,0.9435,0.933875,0.009624999999999995,0.09442657300837362
ccfsttg1,brd-k51831558,0.943625,0.93025,0.013375000000000026,0.2527127835385468
ccfsttg1,brd-k52037352,0.951625,0.8886875,0.06293750000000009,1.2399445060205012
ccfsttg1,brd-k55116708,1.0344,0.9674666666666667,0.06693333333333329,0.4486116038345093
ccfsttg1,brd-k55473186,0.9559375,0.93725,0.018687499999999968,0.1709862581586629
ccfsttg1,brd-k61166597,0.9865,0.9730625,0.013437499999999991,0.1191440943777255
ccfsttg1,brd-k63431240,0.833875,0.819,0.014875000000000083,0.12130042046912629
ccfsttg1,brd-k64610608,0.9565,0.9620625,0.005562500000000026,0.07739478197142308
ccfsttg1,brd-k66453893,0.85875,0.8395625,0.019187500000000024,0.29288957755746875
ccfsttg1,brd-k66532283,0.9596875,0.9463125,0.013375000000000026,0.15767416520936853
ccfsttg1,brd-k70511574,0.8789375,0.833125,0.045812500000000034,0.3096715305840507
ccfsttg1,brd-k71781559,0.9179375,0.882125,0.035812499999999914,0.1392935277826144
ccfsttg1,brd-k71935468,0.9751875,0.9494,0.025787499999999963,0.21457941028328228
ccfsttg1,brd-k80183349,1.091,1.0024285714285714,0.08857142857142852,1.0337821453147293
ccfsttg1,brd-k85133207,0.9433125,0.970375,0.02706249999999999,0.4651525075685066
ccfsttg1,brd-k88742110,1.0665625,1.1456875,0.07912499999999989,0.6782964601821784
ccfsttg1,brd-k90370028,0.9375,0.8956875,0.04181250000000003,0.3512979188972683
ccfsttg1,brd-k92856060,0.981375,0.990875,0.009499999999999953,0.037727856861005785
ccfsttg1,brd-k94991378,0.9359375,0.9115,0.0244375,0.22365186162944622
ccfsttg1,brd-k97651142,0.92575,0.916125,0.009624999999999995,0.05565537079868608
ccfsttg1,brd-k99006945,0.886375,0.896875,0.010499999999999954,0.06920894747200178
ccfsttg1,brd-m00053801,0.804,0.9314375,0.12743749999999998,1.0150817817084548
ccfsttg1,brd1812,0.856375,0.84475,0.011624999999999996,0.1520089735499599
ccfsttg1,brd1835,0.951875,0.944875,0.007000000000000006,0.10591043194645453
ccfsttg1,brd4132,1.1543333333333334,1.217818181818182,0.06348484848484848,0.422541652891503
ccfsttg1,brd6340,1.1251538461538462,1.1224615384615384,0.0026923076923077716,0.02304109559879829
ccfsttg1,brd8899,0.9134375,0.8708125,0.042625000000000024,0.6571384788077662
ccfsttg1,brd8958,1.1414375,1.081125,0.06031250000000021,0.7527492754678375
ccfsttg1,brd9647,0.9585,0.920375,0.038124999999999964,0.3692324583805728
ccfsttg1,brd9876,0.9148125,0.90075,0.014062499999999978,0.10045336629291056
ccfsttg1,brefeldin a,0.9174375,0.80925,0.10818749999999999,0.7140188443065605
ccfsttg1,brivanib,1.105625,1.10425,0.0013750000000001261,0.016605445235833634
ccfsttg1,byl-719,0.86225,0.8499375,0.012312499999999948,0.11029065704298077
ccfsttg1,c6-ceramide,0.939125,0.957125,0.018000000000000016,0.28157392924148084
ccfsttg1,cabozantinib,0.8975714285714286,0.8792857142857143,0.01828571428571424,0.09202345982447116
ccfsttg1,cal-101,0.8826875,0.90175,0.019062500000000093,0.3207169468977285
ccfsttg1,canertinib,0.843375,0.8448,0.0014250000000000096,0.010628822479958815
ccfsttg1,carboplatin,0.9795333333333333,0.9871333333333333,0.007600000000000051,0.08076586235225554
ccfsttg1,carboplatin:etoposide (40:17 mol/mol),0.9350625,0.896,0.0390625,0.4638970825627372
ccfsttg1,cay10576,0.8948125,0.8776875,0.017125000000000057,0.17283045622467808
ccfsttg1,cay10594,0.9295625,0.9233125,0.006249999999999978,0.12747364441884257
ccfsttg1,cay10618,0.5656199999999999,0.658125,0.09250500000000006,0.5209267784371352
ccfsttg1,cbb-1007,1.0173125,0.8811875,0.13612500000000005,2.745246342314348
ccfsttg1,cct036477,0.9189375,0.9113125,0.007624999999999993,0.08238582253218606
ccfsttg1,cd-1530,0.9268125,0.9111875,0.015625,0.18661074310404918
ccfsttg1,cd-437,0.874,0.8334666666666667,0.04053333333333331,0.4293339214205162
ccfsttg1,cediranib,0.8468571428571429,0.7474000000000001,0.0994571428571428,1.0632282180840171
ccfsttg1,ceranib-2,0.79125,0.7584375,0.03281250000000002,0.2653324041490789
ccfsttg1,cerulenin,0.95,0.864125,0.08587499999999992,0.9156133795158746
ccfsttg1,ch-55,0.877875,0.8755625,0.0023124999999999396,0.018730609837748005
ccfsttg1,chir-99021,1.0023125,0.9293125,0.07299999999999995,0.8539984023927873
ccfsttg1,chlorambucil,1.00475,0.935375,0.06937500000000008,0.6141001622776963
ccfsttg1,chm-1,0.8694375,0.8460625,0.023374999999999924,0.2504051693947699
ccfsttg1,ci-976,0.9411875,0.854125,0.08706249999999993,0.8069447823368331
ccfsttg1,ciclopirox,0.913,0.8563125,0.0566875,0.21343224059716018
ccfsttg1,ciclosporin,0.9125625,0.9070625,0.00550000000000006,0.048228351568505586
ccfsttg1,cid-5951923,0.9048125,0.919875,0.015062499999999979,0.14544472066942504
ccfsttg1,clofarabine,0.885875,0.877,0.008874999999999966,0.05269730396077327
ccfsttg1,col-3,0.9078666666666667,0.88125,0.026616666666666733,0.16510419109013488
ccfsttg1,compound 1541a,0.9375,0.9341875,0.0033125000000000515,0.01820092369334285
ccfsttg1,compound 1b,0.92875,0.9049375,0.023812500000000014,0.1650459487458895
ccfsttg1,compound 23 citrate,0.8785625,0.8876875,0.009124999999999939,0.1648708978830874
ccfsttg1,compound 7d-cis,0.91425,0.827,0.08725000000000005,0.8892023829594021
ccfsttg1,cr-1-31b,0.60498125,0.49266875,0.11231250000000004,0.6447192050776749
ccfsttg1,crizotinib,0.869,0.8366,0.032399999999999984,0.381561515415132
ccfsttg1,crizotinib:plx-4032 (2:1 mol/mol),0.8215625,0.8188125,0.002749999999999919,0.01498409579571503
ccfsttg1,cucurbitacin i,0.8725625,0.788375,0.08418749999999997,0.7167276879666862
ccfsttg1,curcumin,0.8351333333333333,0.9329285714285714,0.09779523809523816,1.0462089709658198
ccfsttg1,cytarabine hydrochloride,0.8869375,0.8950625,0.008124999999999938,0.05656075550482607
ccfsttg1,cytochalasin b,0.860375,0.8414375,0.01893750000000005,0.12990675236414967
ccfsttg1,dabrafenib,1.1409999999999998,0.9698,0.1711999999999998,1.1215296235011494
ccfsttg1,dacarbazine,0.9509333333333333,0.9730000000000001,0.02206666666666679,0.2081471971841795
ccfsttg1,daporinad,0.5786625,0.641625,0.06296250000000003,0.2438053221627651
ccfsttg1,dasatinib,0.5736875,0.5884875,0.014800000000000035,0.09519900072302451
ccfsttg1,dbeq,0.753625,0.7781875,0.024562500000000043,0.3168985497423867
ccfsttg1,decitabine,0.921875,0.9204375,0.0014374999999999805,0.011255265516986947
ccfsttg1,decitabine:carboplatin (1:1 mol/mol),0.9375,1.1566875,0.2191875000000001,2.578829032530701
ccfsttg1,decitabine:navitoclax (2:1 mol/mol),0.9375,0.9375,0.0,0.0
ccfsttg1,dexamethasone,0.91175,0.7929375,0.11881249999999999,1.344271284651907
ccfsttg1,dinaciclib,0.53196875,0.422175,0.10979374999999997,0.6510290559560309
ccfsttg1,docetaxel,0.5234625,0.4863,0.03716250000000004,0.1675688342385406
ccfsttg1,docetaxel:tanespimycin (2:1 mol/mol),0.39749375,0.37409375,0.023399999999999976,0.11963739657191483
ccfsttg1,doxorubicin,0.6145,0.57298125,0.04151875000000005,0.342449476361127
ccfsttg1,doxorubicin:navitoclax (2:1 mol/mol),0.6960625,0.6464375,0.04962500000000003,0.44209396971081444
ccfsttg1,elocalcitol,1.009,0.99025,0.018749999999999933,0.13781207254465497
ccfsttg1,entinostat,0.872625,0.8469375,0.025687499999999974,0.12792620318203005
ccfsttg1,erastin,0.9375,0.9289375,0.008562500000000028,0.06376909039569581
ccfsttg1,erismodegib,1.0305333333333333,0.929,0.10153333333333325,1.0476625843975529
ccfsttg1,erlotinib,1.052,0.98275,0.06925000000000003,0.6562796654890983
ccfsttg1,erlotinib:plx-4032 (2:1 mol/mol),0.8791875,0.8910625,0.011874999999999969,0.0858859923797927
ccfsttg1,etomoxir,0.9734,0.9730000000000001,0.00039999999999995595,0.004300655448339216
ccfsttg1,etoposide,0.91775,0.9115625,0.006187499999999901,0.06119524562378176
ccfsttg1,etp-46464,1.1359285714285714,1.1595714285714287,0.0236428571428573,0.18583356967621537
ccfsttg1,ex-527,0.9275625,0.948875,0.021312500000000068,0.14728844493069812
ccfsttg1,fingolimod,0.752875,0.755375,0.0025000000000000577,0.03331792250057953
ccfsttg1,fluorouracil,0.90475,0.88725,0.01750000000000007,0.11678790482083845
ccfsttg1,fluvastatin,0.8184375,0.83775,0.019312499999999955,0.20030071736998073
ccfsttg1,foretinib,0.67825,0.63725,0.041000000000000036,0.3148575602294338
ccfsttg1,fqi-2,1.644,1.842625,0.19862500000000005,0.6712930351117345
ccfsttg1,fumonisin b1,0.927625,0.927,0.0006249999999999867,0.00879647154339588
ccfsttg1,gant-61,0.8699333333333333,0.9265625,0.05662916666666662,0.3314372586346061
ccfsttg1,gdc-0941,0.8455625,0.859125,0.013562500000000033,0.1285410300379811
ccfsttg1,gefitinib,1.0276875,1.0095625,0.01812500000000017,0.13452181336882812
ccfsttg1,gemcitabine,0.869875,0.8443125,0.025562499999999932,0.12985972459658285
ccfsttg1,gmx-1778,0.683625,0.691375,0.007749999999999924,0.06229282420244016
ccfsttg1,gossypol,0.87025,0.874375,0.004125000000000045,0.0610933903849682
ccfsttg1,gsk-3 inhibitor ix,0.8745,0.8415625,0.032937500000000064,0.3727760582809069
ccfsttg1,gsk1059615,0.7555625,0.7694375,0.01387499999999997,0.1896759414956462
ccfsttg1,gsk2636771,0.9048125,0.9025625,0.0022499999999999742,0.020519373247654304
ccfsttg1,gsk4112,0.9436875,0.949125,0.005437499999999984,0.10462156631244286
ccfsttg1,gsk461364,0.8895714285714286,0.7866,0.1029714285714286,0.42089327483339695
ccfsttg1,gsk525762a,1.0101875,0.9375,0.07268750000000002,0.71597873423329
ccfsttg1,gw-405833,0.907375,0.896875,0.010500000000000065,0.18316318362178763
ccfsttg1,gw-843682x,1.077875,0.9375,0.14037499999999992,1.246758056844683
ccfsttg1,hbx-41108,0.814,0.8125625,0.0014374999999999805,0.01029099592408065
ccfsttg1,hc-067047,0.9251875,0.932375,0.007187499999999902,0.1125469924382547
ccfsttg1,hli 373,0.911375,0.887,0.024375000000000036,0.4978311037372422
ccfsttg1,hyperforin,0.9654375,0.9274375,0.03799999999999992,0.31441827629867836
ccfsttg1,i-bet151,0.97725,0.8889375,0.0883124999999999,0.6338121435865853
ccfsttg1,ibrutinib,0.9005,0.89325,0.007249999999999979,0.04972353786895703
ccfsttg1,ic-87114,0.92725,0.9756875,0.04843750000000002,0.39327883085550575
ccfsttg1,imatinib,0.9045,0.9025625,0.0019374999999999254,0.020597648275539587
ccfsttg1,importazole,0.9375,0.954125,0.016625,0.12805201143754363
ccfsttg1,indisulam,0.91775,0.8771875,0.040562499999999946,0.31050619495558673
ccfsttg1,ipr-456,0.9100625,0.914125,0.004062499999999969,0.042637026972032324
ccfsttg1,isoevodiamine,0.8249375,0.8215625,0.003375000000000017,0.04005675539172367
ccfsttg1,isonicotinohydroxamic acid,1.1696,1.0967333333333333,0.07286666666666664,0.7696548991979982
ccfsttg1,isox,0.8859375,0.891625,0.0056874999999999565,0.07881554257680871
ccfsttg1,isox:bortezomib (250:1 mol/mol),0.723875,0.8622857142857142,0.13841071428571416,1.8540843666572995
ccfsttg1,istradefylline,1.0190625,0.92075,0.09831250000000002,2.0471128187049277
ccfsttg1,itraconazole,0.9505,0.9180625,0.03243750000000001,0.5043544999138843
ccfsttg1,iu1,0.9344375,0.9191875,0.015249999999999986,0.3028535766119771
ccfsttg1,jq-1,0.953625,0.909625,0.04399999999999993,0.2353310132910026
ccfsttg1,jq-1:carboplatin (1:1 mol/mol),0.911625,0.8918125,0.01981250000000001,0.16700192288394408
ccfsttg1,jq-1:mk-0752 (1:1 mol/mol),0.8960625,0.9001875,0.004125000000000045,0.030316991692940685
ccfsttg1,jq-1:navitoclax (2:1 mol/mol),0.9826,0.8876875,0.09491250000000007,0.7886307067427346
ccfsttg1,jq-1:unc0638 (2:1 mol/mol),0.905375,0.89325,0.012125000000000052,0.08468999341837098
ccfsttg1,jq-1:vorinostat (2:1 mol/mol),0.8301875,0.7745,0.0556875,0.5165305020276307
ccfsttg1,jw-480,0.960375,0.9069375,0.05343750000000003,0.35219443983104803
ccfsttg1,jw-74,0.91,0.9080625,0.0019375000000000364,0.025926354633679514
ccfsttg1,kh-cb19,0.9375,1.0064375,0.0689375000000001,0.6769248025897864
ccfsttg1,khs101,0.858,0.838125,0.019874999999999976,0.2593135112803718
ccfsttg1,ki8751,0.7726875,0.8009375,0.028249999999999997,0.16423478645885223
ccfsttg1,ko-143,0.9703333333333333,0.901375,0.06895833333333323,1.0412957480048777
ccfsttg1,kpt185,0.829,0.7654666666666666,0.06353333333333333,0.4532131460298517
ccfsttg1,ku 0060648,0.85,0.8499375,6.249999999996536e-05,0.00032722479741589567
ccfsttg1,ku-0063794,0.7999375,0.822,0.022062499999999985,0.1381601946373762
ccfsttg1,ku-55933,0.86475,0.9213125,0.05656249999999996,0.33671160550135976
ccfsttg1,ku-60019,0.918625,0.9134375,0.0051875000000000115,0.03555211889218175
ccfsttg1,kw-2449,0.7891875,0.7830625,0.006125000000000047,0.0607937415452114
ccfsttg1,kx2-391,0.7165,0.6615625,0.05493749999999997,0.30677183746607106
ccfsttg1,l-685458,1.5008,1.3866,0.11419999999999986,0.527826658887642
ccfsttg1,lapatinib,0.9288125,0.90725,0.02156250000000004,0.1426939562239232
ccfsttg1,lbh-589,0.6511875,0.6140375,0.037150000000000016,0.25890580102335575
ccfsttg1,le-135,0.92975,0.872,0.05774999999999997,0.6067746663634266
ccfsttg1,lenvatinib,0.869375,0.8350625,0.03431249999999997,0.34409479967203127
ccfsttg1,leptomycin b,0.59265,0.4429375,0.14971250000000003,0.8246314591730538
ccfsttg1,linifanib,0.772125,0.759,0.013124999999999942,0.12801000087466607
ccfsttg1,linsitinib,1.1124375,1.0483125,0.06412499999999999,0.6703824928473523
ccfsttg1,lomeguatrib,0.9260625,0.9146875,0.011375000000000024,0.10533507469617784
ccfsttg1,lovastatin,0.78625,0.8039375,0.017687499999999967,0.15234328313660064
ccfsttg1,lrrk2-in-1,0.925125,0.9121875,0.012937499999999935,0.11028794466950781
ccfsttg1,ly-2183240,0.8660625,0.8383125,0.02774999999999994,0.3518574668624074
ccfsttg1,manumycin a,0.929,0.9086875,0.020312500000000067,0.2216330572146134
ccfsttg1,marinopyrrole a,0.8188125,0.8044375,0.014375000000000027,0.1979169284123121
ccfsttg1,masitinib,0.888,0.8850625,0.0029375000000000373,0.046265618828355684
ccfsttg1,mdivi-1,1.1121875,1.0025625,0.10962500000000008,0.7480935150386723
ccfsttg1,merck60,0.9738125,0.900375,0.07343749999999993,0.550850214408807
ccfsttg1,methotrexate,0.7671875,0.8585,0.09131250000000002,0.4437616583724397
ccfsttg1,methylstat,0.9280625,0.92,0.008062499999999972,0.13039902990812888
ccfsttg1,mg-132,0.781125,0.7849375,0.0038124999999999964,0.08283634431661277
ccfsttg1,mgcd-265,0.85025,0.8839375,0.03368750000000009,0.3471225273143686
ccfsttg1,mi-1,0.9891333333333333,0.9576666666666667,0.03146666666666664,0.3325366119973201
ccfsttg1,mi-2,1.049375,0.909125,0.14024999999999999,1.862091574432491
ccfsttg1,mitomycin,0.7301875,0.7036875,0.026499999999999968,0.13119438150948157
ccfsttg1,mk-0752,0.9106875,0.914875,0.004187500000000011,0.041028994558173014
ccfsttg1,mk-1775,0.8034375,0.791875,0.011562500000000031,0.11702723271288722
ccfsttg1,mk-2206,0.8675,0.8678125,0.00031249999999993783,0.003439381815613414
ccfsttg1,ml006,1.0562142857142858,0.9166875,0.13952678571428578,1.356392060234469
ccfsttg1,ml029,0.924875,0.91825,0.006624999999999992,0.06015411117374058
ccfsttg1,ml031,0.925875,0.9760000000000001,0.050125000000000086,0.26137553135254316
ccfsttg1,ml050,0.936625,0.8930625,0.04356250000000006,0.35125761904181185
ccfsttg1,ml083,0.9749375,0.92925,0.04568749999999999,0.8760035166704025
ccfsttg1,ml162,0.6548125,0.626125,0.028687499999999977,0.18297493831562459
ccfsttg1,ml203,0.9286875,0.8805,0.04818750000000005,0.6531131458906368
ccfsttg1,ml210,0.8463999999999999,0.813875,0.032524999999999915,0.16796861595271773
ccfsttg1,ml239,0.922375,0.915125,0.007249999999999979,0.055347826681821546
ccfsttg1,ml258,1.018625,0.9461875,0.07243749999999993,0.8772189584341553
ccfsttg1,ml311,0.8823529411764706,0.8442352941176471,0.03811764705882348,0.4895957028068457
ccfsttg1,ml334 diastereomer,0.9371875,0.950625,0.013437500000000102,0.24122456204314116
ccfsttg1,mln2238,0.7545,0.7070625,0.04743749999999991,0.38592965085425307
ccfsttg1,mln2480,1.0320625,0.9020625,0.13000000000000012,1.1691955453439513
ccfsttg1,momelotinib,0.8615333333333334,0.8285333333333333,0.03300000000000003,0.40672677467382246
ccfsttg1,mst-312,0.808625,0.783375,0.025249999999999995,0.23400043286901412
ccfsttg1,myricetin,0.965125,0.9221875,0.04293749999999996,0.5291614588602864
ccfsttg1,n9-isopropylolomoucine,0.88875,0.8806875,0.008062500000000083,0.13591350173663327
ccfsttg1,nakiterpiosin,0.817375,0.8036875,0.013687499999999964,0.14373142447460266
ccfsttg1,narciclasine,0.711,0.6369375,0.07406249999999992,0.4277568510440224
ccfsttg1,navitoclax,0.9375,0.931875,0.005624999999999991,0.025199767472226166
ccfsttg1,navitoclax:gemcitabine (1:1 mol/mol),0.869125,0.88225,0.013124999999999942,0.07039406472934454
ccfsttg1,navitoclax:mst-312 (1:1 mol/mol),0.7980625,0.7545625,0.04349999999999998,0.4256410759484731
ccfsttg1,navitoclax:piperlongumine (1:1 mol/mol),0.91875,0.8976875,0.021062499999999984,0.15116209803789393
ccfsttg1,navitoclax:pluripotin (1:1 mol/mol),0.6964375,0.7135,0.01706249999999998,0.13304036656582408
ccfsttg1,navitoclax:plx-4032 (1:1 mol/mol),0.9036875,0.89425,0.009437499999999988,0.07714043344280082
ccfsttg1,navitoclax:sorafenib (1:1 mol/mol),0.84675,0.8339375,0.012812500000000004,0.10572033411371018
ccfsttg1,necrostatin-1,0.934125,0.9134375,0.02068749999999997,0.36617033682995864
ccfsttg1,necrostatin-7,0.9375,0.9014375,0.0360625,0.4744482946770724
ccfsttg1,necrosulfonamide,0.9320625,0.9374375,0.005375000000000019,0.03747000673199526
ccfsttg1,nelarabine,1.1943846153846154,0.9926666666666667,0.20171794871794868,2.80132944588164
ccfsttg1,neratinib,0.9133125,0.8921875,0.02112499999999995,0.11674276764890457
ccfsttg1,neuronal differentiation inducer iii,0.9398125,0.947625,0.0078125,0.06878956011745231
ccfsttg1,niclosamide,0.8451333333333333,1.0,0.1548666666666667,1.251889997185859
ccfsttg1,nilotinib,0.9375,1.0398125,0.10231250000000003,1.0129787443426568
ccfsttg1,nintedanib,0.9196428571428571,0.9053571428571429,0.014285714285714235,0.10991142773471903
ccfsttg1,npc-26,1.1504,1.0783333333333334,0.07206666666666672,0.8157746731056047
ccfsttg1,nsc 74859,1.1316875,1.1065,0.02518749999999992,0.4073786936759162
ccfsttg1,nsc19630,1.1497692307692307,1.17675,0.026980769230769308,0.15804138490616915
ccfsttg1,nsc23766,0.82925,0.808875,0.020375000000000032,0.2434345300867086
ccfsttg1,nsc30930,0.9279375,0.90925,0.018687499999999968,0.14389257998512686
ccfsttg1,nsc48300,0.9725625,0.9220625,0.05049999999999999,0.2584598797761561
ccfsttg1,nsc632839,0.778,0.7699375,0.008062499999999972,0.05421234179465202
ccfsttg1,nsc95397,0.9358125,0.9324375,0.003375000000000017,0.05661082212175089
ccfsttg1,nvp-231,0.9015333333333333,0.878625,0.02290833333333331,0.15282103730885427
ccfsttg1,nvp-adw742,0.9193333333333332,0.9238666666666667,0.0045333333333335,0.046679591521540734
ccfsttg1,nvp-bez235,0.6880625,0.66775,0.020312500000000067,0.1611663694236966
ccfsttg1,nvp-bsk805,0.8921875,0.85275,0.039437500000000014,0.7065440875968381
ccfsttg1,nvp-tae684,0.72025,0.7245625,0.004312500000000052,0.04440292853207085
ccfsttg1,o-6-benzylguanine,0.908,0.9211875,0.013187500000000019,0.08120087128639769
ccfsttg1,obatoclax,0.67975,0.67525,0.0044999999999999485,0.05023936190667722
ccfsttg1,olaparib,0.88025,0.8590625,0.021187500000000026,0.21617483003273322
ccfsttg1,oligomycin a,0.7719375,0.7219375,0.050000000000000044,0.21959052239854226
ccfsttg1,omacetaxine mepesuccinate,0.50315,0.45020625,0.05294375000000001,0.38466747012891633
ccfsttg1,osi-027,0.8254375,0.8410625,0.015625,0.17130850680203064
ccfsttg1,osi-930,0.9040625,0.8881875,0.015874999999999972,0.16594857036529972
ccfsttg1,ouabain,0.6495,0.5088875,0.14061249999999992,0.6704677503386377
ccfsttg1,oxaliplatin,0.9284375,0.917,0.01143749999999999,0.052092334467802495
ccfsttg1,pac-1,0.9454666666666667,0.8675,0.07796666666666663,0.967714317931531
ccfsttg1,paclitaxel,0.5520357142857143,0.4798142857142857,0.0722214285714286,0.29349718270679237
ccfsttg1,palmostatin b,1.14975,1.0875625,0.06218750000000006,0.4577202282829559
ccfsttg1,pandacostat,0.8985625,0.923375,0.024812499999999904,0.4130380233156716
ccfsttg1,parbendazole,0.7305,0.6819375,0.048562500000000064,0.2849658083926373
ccfsttg1,parthenolide,0.9149375,0.8614375,0.05349999999999999,0.3766914935131046
ccfsttg1,pazopanib,0.806625,0.792375,0.014249999999999985,0.11636599566896726
ccfsttg1,pd 153035,0.9540625,0.9213125,0.03275000000000006,0.30181967130823456
ccfsttg1,pd318088,0.9275,0.9031875,0.02431249999999996,0.119997614976745
ccfsttg1,pdmp,0.8838125,0.8884375,0.00462499999999999,0.08556639495661622
ccfsttg1,pevonedistat,1.6272727272727272,1.5046363636363635,0.12263636363636365,0.6048874588107576
ccfsttg1,pf-184,0.9115,0.88475,0.02674999999999994,0.16613827819107294
ccfsttg1,pf-3758309,0.7891875,0.7003125,0.08887500000000004,0.6388143217251928
ccfsttg1,pf-4800567 hydrochloride,0.8578125,0.8866875,0.028874999999999984,0.6481169162038103
ccfsttg1,pf-543,0.9260625,0.92775,0.001687499999999953,0.018145196677661523
ccfsttg1,pf-573228,0.8178125,0.8275625,0.009749999999999925,0.15699129437699055
ccfsttg1,pf-750,0.8954375,0.8090625,0.08637499999999998,0.8288554440392226
ccfsttg1,pha-793887,0.876125,0.840625,0.03550000000000009,0.3392812648968269
ccfsttg1,phloretin,0.9166875,0.92475,0.008062499999999972,0.15466643739992414
ccfsttg1,pi-103,0.8002,0.8219333333333334,0.021733333333333382,0.17448754626242105
ccfsttg1,pifithrin-alpha,0.9814,0.8935625,0.08783750000000001,0.7375568037976387
ccfsttg1,pifithrin-mu,0.976625,1.0035,0.026875000000000093,0.49592521712725585
ccfsttg1,pik-93,0.8085,0.8385,0.030000000000000027,0.37046366686608645
ccfsttg1,piperlongumine,0.9149375,0.909375,0.005562499999999915,0.04250217477546175
ccfsttg1,piperlongumine:mst-312 (1:1 mol/mol),0.824875,0.82575,0.0008749999999999591,0.006636607075865203
ccfsttg1,pitstop2,0.9375,1.06475,0.12725000000000009,1.8675621304622259
ccfsttg1,pl-di,0.793625,0.767125,0.02650000000000008,0.3253297585890804
ccfsttg1,platin,0.9356875,0.9138125,0.021874999999999978,0.1930610406533175
ccfsttg1,pluripotin,0.732875,0.72125,0.011625000000000107,0.08197680058319608
ccfsttg1,plx-4032,0.9938,0.9988666666666667,0.005066666666666664,0.057538690268390785
ccfsttg1,plx-4720,0.9203125,0.922875,0.002562500000000023,0.029396555553705565
ccfsttg1,prima-1,0.9218125,0.9218125,0.0,0.0
ccfsttg1,prl-3 inhibitor i,1.0238666666666667,1.0055333333333334,0.018333333333333313,0.1929031613403252
ccfsttg1,procarbazine,1.106375,1.101625,0.004750000000000032,0.03794502628749996
ccfsttg1,prochlorperazine,1.056125,0.919375,0.13674999999999993,0.8787061386991055
ccfsttg1,purmorphamine,1.0015714285714286,0.8816875,0.1198839285714286,1.1587805989294018
ccfsttg1,px-12,0.94475,0.923125,0.021625000000000005,0.3656505321974935
ccfsttg1,pyr-41,0.9875333333333334,0.9722000000000001,0.01533333333333331,0.06890998333841347
ccfsttg1,pyrazolanthrone,0.90775,0.9220625,0.014312500000000061,0.11465136672357726
ccfsttg1,quizartinib,0.87325,0.833875,0.03937499999999994,0.2441345761696407
ccfsttg1,r428,1.0019333333333333,0.8006,0.20133333333333336,1.3999374756631973
ccfsttg1,regorafenib,0.803625,0.8068125,0.0031875000000000098,0.017316310855327362
ccfsttg1,repligen 136,0.9664375,0.926125,0.04031249999999997,0.516669563257702
ccfsttg1,rg-108,0.92975,0.934125,0.004375000000000018,0.04434284105935158
ccfsttg1,rigosertib,0.8938666666666666,0.7791333333333333,0.11473333333333324,0.7318255760242403
ccfsttg1,rita,0.91525,0.889375,0.02587499999999998,0.17672198331769953
ccfsttg1,ro4929097,0.9214375,0.890625,0.03081250000000002,0.6770004003045312
ccfsttg1,ruxolitinib,1.3161818181818181,1.349909090909091,0.03372727272727283,0.21676602104293186
ccfsttg1,salermide,0.960875,0.9584375,0.0024374999999999813,0.018713224229844082
ccfsttg1,salermide:plx-4032 (12:1 mol/mol),0.913875,0.9355,0.021625000000000005,0.18039163578068518
ccfsttg1,saracatinib,0.836125,0.78675,0.04937500000000006,0.37016207172485444
ccfsttg1,sb-225002,0.862875,0.8380625,0.024812499999999904,0.32167508771587594
ccfsttg1,sb-431542,0.9121875,0.9253125,0.013124999999999942,0.11887380736779082
ccfsttg1,sb-525334,1.0508125,1.0555999999999999,0.004787499999999945,0.057586526337799614
ccfsttg1,sb-743921,0.6355625,0.5118375,0.12372500000000008,0.5504061614959573
ccfsttg1,sch-529074,0.77325,0.784,0.010750000000000037,0.09020394950166015
ccfsttg1,sch-79797,0.7059375,0.74975,0.04381250000000003,0.4849620421422393
ccfsttg1,selumetinib,0.899625,0.90725,0.007624999999999993,0.04318406048002999
ccfsttg1,selumetinib:brd-a02303741 (4:1 mol/mol),0.9158125,0.8301875,0.08562500000000006,0.48192217613143223
ccfsttg1,selumetinib:decitabine (4:1 mol/mol),0.8780625,0.8663125,0.011749999999999927,0.0837752325557441
ccfsttg1,selumetinib:gdc-0941 (4:1 mol/mol),0.8024375,0.8673125,0.06487500000000002,0.44449576743433755
ccfsttg1,selumetinib:jq-1 (4:1 mol/mol),0.87375,0.8263125,0.04743750000000002,0.3200342184985058
ccfsttg1,selumetinib:mk-2206 (8:1 mol/mol),0.841,0.8640625,0.023062499999999986,0.16529787124557702
ccfsttg1,selumetinib:navitoclax (8:1 mol/mol),0.8313125,0.845875,0.014562500000000034,0.08315454333567109
ccfsttg1,selumetinib:piperlongumine (8:1 mol/mol),0.9219375,0.9156875,0.006249999999999978,0.02968820242268219
ccfsttg1,selumetinib:plx-4032 (8:1 mol/mol),0.90275,0.9096875,0.00693749999999993,0.04660029820673809
ccfsttg1,selumetinib:tretinoin (2:1 mol/mol),0.8583125,0.909125,0.05081249999999993,0.2914120882942498
ccfsttg1,selumetinib:unc0638 (4:1 mol/mol),0.904375,0.866125,0.038250000000000006,0.24323598325662932
ccfsttg1,selumetinib:vorinostat (8:1 mol/mol),0.8660625,0.863125,0.0029374999999999263,0.021215162271059927
ccfsttg1,semagacestat,0.92475,0.88425,0.04049999999999998,0.34321637868427374
ccfsttg1,serdemetan,0.8685625,0.8498125,0.018750000000000044,0.18088034418640955
ccfsttg1,serdemetan:sch-529074 (1:1 mol/mol),0.8664375,0.8098,0.05663750000000001,0.523418356797661
ccfsttg1,sgx-523,0.9103125,0.9213125,0.01100000000000001,0.08781943745614505
ccfsttg1,sildenafil,1.0685,1.00875,0.05974999999999997,0.8896904609614988
ccfsttg1,silmitasertib,0.9269375,0.935,0.008062500000000083,0.08196877653701265
ccfsttg1,simvastatin,0.899375,0.836125,0.06325000000000003,0.6878253472186522
ccfsttg1,sirolimus,0.7744375,0.791625,0.017187500000000022,0.11815152256231932
ccfsttg1,sirolimus:bortezomib (250:1 mol/mol),0.7035,0.7220625,0.018562500000000037,0.13307692536954607
ccfsttg1,sj-172550,0.9949375,0.9261875,0.06874999999999998,0.5197900746634451
ccfsttg1,skepinone-l,0.9254375,0.897625,0.027812500000000018,0.45312495143577997
ccfsttg1,ski-ii,0.9305,0.89075,0.03974999999999995,0.29767423077897487
ccfsttg1,smer-3,0.887875,0.8815,0.0063750000000000195,0.04076882784758402
ccfsttg1,sn-38,0.9310625,0.9195,0.011562500000000031,0.08953359861640407
ccfsttg1,sns-032,0.7793125,0.702875,0.07643749999999994,0.5858440106408632
ccfsttg1,snx-2112,0.60224375,0.63375,0.03150625000000007,0.21309471994747067
ccfsttg1,snx-2112:bortezomib (250:1 mol/mol),0.73025,0.708875,0.021374999999999922,0.1855289196033638
ccfsttg1,sorafenib,0.80625,0.81525,0.009000000000000008,0.08429015974859425
ccfsttg1,sotrastaurin,0.9279375,0.9355,0.0075625000000000275,0.07997436798899984
ccfsttg1,spautin-1,0.90525,0.8636875,0.04156249999999995,0.5144833830138766
ccfsttg1,sr-ii-138a,0.6630625,0.59050625,0.07255624999999999,0.5555710789674065
ccfsttg1,sr1001,0.937,0.9529375,0.015937499999999938,0.31657902439904656
ccfsttg1,srt-1720,1.0,1.0537333333333332,0.05373333333333319,0.2726946523959489
ccfsttg1,stemregenin 1,0.8981875,0.8934375,0.004750000000000032,0.10268056068145638
ccfsttg1,stf-31,0.54674375,0.6578125,0.11106875000000005,0.8496143097664618
ccfsttg1,su11274,1.128,1.1625714285714286,0.0345714285714287,0.22802412969615998
ccfsttg1,sunitinib,0.7755333333333333,0.7857333333333333,0.010199999999999987,0.12561208255454956
ccfsttg1,sz4ta2,1.022125,0.907625,0.11449999999999994,2.1556343611587336
ccfsttg1,tacedinaline,0.955625,0.93225,0.023374999999999924,0.22829414304248802
ccfsttg1,tacrolimus,0.9653125,0.96975,0.004437499999999983,0.01892074620718991
ccfsttg1,tamatinib,0.991875,0.9275,0.06437499999999996,0.5855400604257031
ccfsttg1,tamoxifen,1.2520833333333334,1.2315,0.020583333333333398,0.15372430583568414
ccfsttg1,tandutinib,0.842125,0.84775,0.005624999999999991,0.05158616747200849
ccfsttg1,tanespimycin,0.536925,0.54330625,0.006381250000000005,0.03919815377549515
ccfsttg1,tanespimycin:bortezomib (250:1 mol/mol),0.5991,0.60454,0.00544,0.046479215649692825
ccfsttg1,tanespimycin:gemcitabine (1:1 mol/mol),0.54664375,0.5638625,0.01721875000000006,0.12220802888958646
ccfsttg1,temozolomide,0.9499375,0.9468125,0.0031250000000000444,0.05017965151551523
ccfsttg1,tg-100-115,0.9179375,0.9121875,0.005749999999999922,0.11822997072553194
ccfsttg1,tg-101348,0.839,0.82775,0.011249999999999982,0.1602402839816676
ccfsttg1,tgx-221,0.8716875,0.8808125,0.00912500000000005,0.11518875581022625
ccfsttg1,thalidomide,0.95825,0.9030625,0.055187500000000056,0.4491211159783026
ccfsttg1,tipifarnib-p1,0.90775,0.9261875,0.018437500000000107,0.19160045723879926
ccfsttg1,tivantinib,0.8844375,0.8011875,0.08324999999999994,0.9772929678236051
ccfsttg1,tivozanib,0.734625,0.7616875,0.02706249999999999,0.26856613505691423
ccfsttg1,topotecan,0.9000625,0.7888125,0.11124999999999996,0.6224940815078287
ccfsttg1,tosedostat,0.8635625,0.833625,0.02993750000000006,0.16400384815346336
ccfsttg1,tpca-1,0.916375,0.89025,0.026125000000000065,0.28359907258307415
ccfsttg1,trametinib,0.8745,0.8274375,0.04706250000000001,0.21750339050168627
ccfsttg1,tretinoin,0.9873333333333334,0.9740666666666667,0.013266666666666649,0.16945603451708502
ccfsttg1,tretinoin:carboplatin (2:1 mol/mol),0.9399375,0.94925,0.009312500000000057,0.08836710074316421
ccfsttg1,tretinoin:navitoclax (4:1 mol/mol),1.2183333333333333,1.1311666666666667,0.08716666666666661,0.5955756850436119
ccfsttg1,triazolothiadiazine,0.7029375,0.664375,0.038562499999999944,0.2783809607337683
ccfsttg1,trifluoperazine,0.931375,0.9288125,0.002562499999999912,0.02878291667726185
ccfsttg1,triptolide,0.8700625,0.838625,0.03143750000000001,0.27452573445862805
ccfsttg1,tw-37,0.826,0.820875,0.005124999999999935,0.035467789319194254
ccfsttg1,unc0321,1.2455,1.1704166666666667,0.07508333333333339,0.5066430034420609
ccfsttg1,unc0638,0.8973333333333334,1.1308,0.2334666666666666,1.9808606057224065
ccfsttg1,unc0638:navitoclax (1:1 mol/mol),0.93675,0.919,0.017749999999999932,0.11890070196530338
ccfsttg1,vaf-347,0.9375,0.9308125,0.006687499999999957,0.0355388731171668
ccfsttg1,valdecoxib,0.898125,0.8954375,0.002687499999999954,0.04911413733466816
ccfsttg1,vandetanib,0.9325333333333333,0.851875,0.08065833333333328,0.6169199674621351
ccfsttg1,veliparib,0.9375,0.922375,0.015125000000000055,0.11200986736461056
ccfsttg1,ver-155008,0.913125,0.9039375,0.009187500000000015,0.0954516149780348
ccfsttg1,vincristine,0.9218,0.7926,0.12919999999999998,0.6782168503394422
ccfsttg1,vorapaxar,0.8986875,0.9045,0.005812499999999998,0.09199682656916623
ccfsttg1,vorinostat,1.1338125,0.909375,0.22443749999999985,2.5890920450504935
ccfsttg1,vorinostat:carboplatin (1:1 mol/mol),0.9356875,0.938375,0.002687499999999954,0.02003688724022687
ccfsttg1,vorinostat:navitoclax (4:1 mol/mol),1.2246666666666666,1.20775,0.01691666666666647,0.0758589762898192
ccfsttg1,vu0155056,0.9379375,0.92625,0.011687499999999962,0.12087168897608191
ccfsttg1,way-362450,0.9616875,0.937,0.024687499999999973,0.2330068053066801
ccfsttg1,wp1130,0.907,0.81975,0.08725000000000005,0.990795675940641
ccfsttg1,wz4002,0.9120625,0.8845,0.027562500000000045,0.2798971742177093
ccfsttg1,wz8040,1.4361000000000002,1.825125,0.38902499999999995,1.954650396752778
ccfsttg1,xl765,0.9375,0.915375,0.02212499999999995,0.3374203323225579
ccfsttg1,yk 4-279,0.850875,0.8391875,0.011687500000000073,0.1579538086021173
ccfsttg1,ym-155,0.841125,0.803375,0.03775000000000006,0.1910388567580777
ccfsttg1,zebularine,0.9374375,0.914625,0.022812500000000013,0.1836199827175485
ccfsttg1,zstk474,0.8161875,0.8598125,0.043625000000000025,0.3836138844836466
ncih1299,16-beta-bromoandrosterone,0.9375,0.9010625,0.03643750000000001,0.6751610973966614
ncih1299,"1s,3r-rsl-3",0.595775,0.32094375,0.27483125,1.4131547055252343
ncih1299,3-cl-ahpc,0.8873333333333334,0.8095,0.07783333333333342,0.5275503135207117
ncih1299,968,0.9375,0.90875,0.028750000000000053,0.30869708161174997
ncih1299,aa-cocf3,0.8155,0.9649285714285715,0.14942857142857147,0.6234494637866098
ncih1299,abt-737,0.9525625,0.9721333333333334,0.019570833333333426,0.20913605823923548
ncih1299,ac55649,0.91525,0.9211875,0.00593750000000004,0.10077015342762774
ncih1299,afatinib,0.7659285714285715,0.8004615384615386,0.034532967032967044,0.2206495823043225
ncih1299,agk-2,0.99,1.66,0.6699999999999999,3.2497586085591346
ncih1299,alisertib,0.9915,1.065,0.0734999999999999,0.5713543821601892
ncih1299,alisertib:navitoclax (2:1 mol/mol),0.9635333333333332,0.5261266666666666,0.4374066666666666,2.8047328164498775
ncih1299,am-580,0.9375,0.8885,0.049000000000000044,0.3000422716845414
ncih1299,apicidin,0.866875,0.8137333333333333,0.05314166666666664,0.48689140643542445
ncih1299,at7867,0.8853125,0.718875,0.1664374999999999,1.2716472067189528
ncih1299,austocystin d,0.7476875,0.7804375,0.03275000000000006,0.1730064471875724
ncih1299,axitinib,0.9729333333333333,0.8503125,0.12262083333333329,0.9025596576715481
ncih1299,az-3146,0.928,0.8843125,0.0436875000000001,0.272991224509177
ncih1299,azacitidine,0.95475,0.8961875,0.05856249999999996,0.7097649418825375
ncih1299,azd4547,0.905875,1.0066153846153847,0.1007403846153847,0.6713429299596125
ncih1299,azd6482,0.8649375,0.7961875,0.06874999999999998,0.3935143607636053
ncih1299,azd7545,0.870625,0.843625,0.027000000000000024,0.31526004387604606
ncih1299,azd7762,0.64025,0.60536875,0.034881249999999975,0.3224910326657343
ncih1299,azd8055,0.749375,0.51895625,0.23041875,1.277651413419676
ncih1299,b02,0.9244,0.831625,0.09277500000000005,0.5775058868756262
ncih1299,barasertib,0.9216875,0.7755625,0.14612499999999995,1.291884788098506
ncih1299,bardoxolone methyl,0.7530714285714285,0.8001538461538461,0.0470824175824176,0.5107824568840519
ncih1299,bax channel blocker,1.2354166666666666,0.91175,0.32366666666666666,2.663540216610157
ncih1299,bec,0.9205625,0.8964375,0.024124999999999952,0.4592483063993897
ncih1299,bendamustine,0.9599375,0.91025,0.049687499999999996,0.5626452255926065
ncih1299,betulinic acid,0.9375,0.875875,0.06162500000000004,0.5061820742582149
ncih1299,bexarotene,0.9409375,1.0415625,0.10062499999999996,0.9383322242249388
ncih1299,bi-2536,0.55945,0.4207125,0.1387375,0.7824924241276316
ncih1299,bibr-1532,0.929,0.919875,0.00912500000000005,0.09566403651345844
ncih1299,birb-796,1.0927142857142857,1.0696153846153846,0.023098901098901115,0.1806288145289598
ncih1299,birinapant,0.9535625,0.9828571428571429,0.029294642857142894,0.1789751411885871
ncih1299,bix-01294,1.22,0.9410000000000001,0.2789999999999999,1.6294288652513058
ncih1299,blebbistatin,0.9805,0.889,0.09150000000000003,1.9517029648417452
ncih1299,bleomycin a2,0.9068125,0.7415625,0.16525,1.3503853263769465
ncih1299,bms-195614,0.926625,0.8449375,0.08168750000000002,1.818185673339085
ncih1299,bms-270394,1.0101875,0.9905625,0.019625000000000004,0.16973271758885103
ncih1299,bms-345541,0.8184375,0.9206923076923077,0.10225480769230766,0.7956745665078228
ncih1299,bms-536924,0.9428571428571428,0.8682307692307693,0.07462637362637359,0.485737782601891
ncih1299,bms-754807,1.0070769230769232,0.7736153846153846,0.2334615384615386,1.536983318474312
ncih1299,bortezomib,0.749625,0.8245625,0.07493749999999999,0.35660761084460046
ncih1299,bosutinib,0.76325,0.7925625,0.029312499999999964,0.3752457101874747
ncih1299,brd-a02303741,0.9375,0.9291875,0.008312499999999945,0.12658918586164256
ncih1299,brd-a02303741:carboplatin (1:1 mol/mol),0.8855625,0.9323125,0.04674999999999996,0.27200966128196136
ncih1299,brd-a02303741:navitoclax (2:1 mol/mol),0.9566875,0.93425,0.0224375,0.2001722872259189
ncih1299,brd-a71883111,0.985375,0.9827857142857143,0.0025892857142857384,0.03137295697701267
ncih1299,brd-a94377914,0.9205,0.894375,0.026124999999999954,0.16998301319947512
ncih1299,brd-k02251932,0.8565625,0.9030625,0.046499999999999986,0.5181858326365254
ncih1299,brd-k02492147,0.9375,1.1063076923076922,0.16880769230769221,3.261406453461348
ncih1299,brd-k03536150,0.9995,0.8770625,0.12243750000000009,1.4737343517684054
ncih1299,brd-k03911514,1.25,1.3231666666666666,0.0731666666666666,0.45801027270039507
ncih1299,brd-k04800985,0.946625,0.9463333333333334,0.00029166666666669006,0.0026832610397601367
ncih1299,brd-k07442505,1.00425,0.8052142857142857,0.19903571428571443,2.3792473747705176
ncih1299,brd-k09587429,0.9375,0.90575,0.031749999999999945,0.6921879754443344
ncih1299,brd-k11533227,0.969625,0.9074375,0.06218749999999995,0.6248948589328921
ncih1299,brd-k13185470,0.9375,0.9375,0.0,0.0
ncih1299,brd-k13999467,0.9255625,0.9174,0.008162499999999961,0.14480755778736767
ncih1299,brd-k14844214,0.9354375,0.860875,0.07456250000000009,0.8510704409254457
ncih1299,brd-k16130065,0.907375,1.1538461538461537,0.2464711538461537,1.5206954282306486
ncih1299,brd-k16147474,0.974,0.91,0.06399999999999995,1.2318632250968138
ncih1299,brd-k17060750,0.966375,0.9743333333333334,0.0079583333333334,0.13835680993865665
ncih1299,brd-k19103580,0.9385,1.3892,0.4507,7.013732124412106
ncih1299,brd-k20514654,1.1594615384615385,1.0964615384615384,0.06300000000000017,0.5666642206818282
ncih1299,brd-k24690302,1.000625,1.0057142857142858,0.005089285714285685,0.051754987554974666
ncih1299,brd-k26531177,0.73275,0.8242857142857142,0.09153571428571416,0.8316628236071149
ncih1299,brd-k27188169,0.9434375,0.8936875,0.04975000000000007,0.7344344739226766
ncih1299,brd-k27188169:navitoclax (2:1 mol/mol),0.9763125,1.1538461538461537,0.17753365384615372,1.1983786546921693
ncih1299,brd-k27224038,0.9375,0.889,0.04849999999999999,1.1964764569553241
ncih1299,brd-k27986637,0.96275,0.9701428571428572,0.007392857142857201,0.10779614537541446
ncih1299,brd-k29086754,0.9375,0.941375,0.003874999999999962,0.04503730087809453
ncih1299,brd-k29313308,0.9336875,0.50175,0.4319375,6.331451902441262
ncih1299,brd-k30019337,0.9375,0.9245625,0.012937500000000046,0.1658920561828307
ncih1299,brd-k33199242,0.9375,0.9114375,0.02606249999999999,0.31469755441224495
ncih1299,brd-k34099515,0.9375,1.2807692307692307,0.34326923076923066,3.956171159608702
ncih1299,brd-k34222889,0.807,0.6035,0.20350000000000001,2.6527065866623714
ncih1299,brd-k34485477,1.003,1.4616,0.4586000000000001,1.8713785356781323
ncih1299,brd-k35604418,0.7399375,0.7380625,0.001875000000000071,0.02592455282532443
ncih1299,brd-k37390332,1.0176875,1.135,0.11731249999999993,1.5498463583838293
ncih1299,brd-k41334119,0.95425,0.9009375,0.053312500000000096,1.0681597727379217
ncih1299,brd-k41597374,0.9290625,0.87325,0.05581250000000004,1.2005925316676862
ncih1299,brd-k44224150,1.0368125,1.28775,0.25093750000000004,1.6134435698221072
ncih1299,brd-k45681478,0.89275,0.7550625,0.13768750000000007,1.6193383546831146
ncih1299,brd-k48334597,0.9535625,1.0183571428571427,0.06479464285714276,1.1164760572939862
ncih1299,brd-k49290616,0.9375,0.917875,0.019625000000000004,0.5377795773913887
ncih1299,brd-k50799972,0.924875,0.9449333333333333,0.02005833333333329,0.20705991011400451
ncih1299,brd-k51490254,0.981625,0.925625,0.05599999999999994,0.5493909702305372
ncih1299,brd-k52037352,0.9534375,0.8463125,0.10712500000000003,2.1104914432166204
ncih1299,brd-k55116708,0.9179375,0.827,0.0909375,0.6094962807325804
ncih1299,brd-k58730230,0.8735,1.157142857142857,0.283642857142857,3.840418054531927
ncih1299,brd-k61166597,0.8965625,0.8893333333333333,0.007229166666666731,0.06409767557995526
ncih1299,brd-k63431240,0.6829375,0.60538125,0.07755625,0.6324440830257897
ncih1299,brd-k64610608,0.98725,0.999125,0.01187500000000008,0.1652248154446114
ncih1299,brd-k66453893,0.9597857142857142,0.8016,0.15818571428571426,2.4146421906329247
ncih1299,brd-k66532283,0.9971875,1.098923076923077,0.10173557692307689,1.1993324982010927
ncih1299,brd-k70511574,0.7679375,0.60106875,0.16686875,1.127956370404306
ncih1299,brd-k71781559,0.9465,1.085357142857143,0.1388571428571429,0.5400879940352095
ncih1299,brd-k71935468,0.9574,0.8321333333333333,0.12526666666666675,1.0423518162476348
ncih1299,brd-k75293299,0.9375,1.0445,0.10699999999999998,2.2438445852713547
ncih1299,brd-k78574327,0.9675,0.9583333333333334,0.009166666666666656,0.22514270935341157
ncih1299,brd-k79669418,0.8919375,0.9375,0.04556249999999995,0.3946275858769437
ncih1299,brd-k80183349,0.996,0.8195625,0.17643750000000002,2.059331549754474
ncih1299,brd-k84807411,0.9501875,0.9506,0.00041250000000003784,0.008518438414414098
ncih1299,brd-k85133207,0.9245625,0.8885625,0.03599999999999992,0.618771003139629
ncih1299,brd-k86535717,0.9695,0.9572,0.012299999999999978,0.21312626818103417
ncih1299,brd-k88742110,0.9225,0.915,0.007499999999999951,0.0642935033348033
ncih1299,brd-k92856060,0.91,0.8341875,0.07581250000000006,0.30107822613421237
ncih1299,brd-k94991378,0.9788125,0.8745625,0.10424999999999995,0.9540954097133405
ncih1299,brd-k96431673,0.93825,0.9001875,0.0380625,0.5343443916690558
ncih1299,brd-k96970199,0.947375,0.913125,0.03425,0.7947378898803285
ncih1299,brd-k97651142,0.53731875,0.56018125,0.022862500000000008,0.13219957557246356
ncih1299,brd-k99584050,0.893625,1.0,0.106375,1.0505654106543945
ncih1299,brd1812,0.88625,0.7411875,0.14506249999999998,1.8968431591906292
ncih1299,brd1835,0.9375,0.89225,0.04525000000000001,0.6846352922252948
ncih1299,brd4132,0.873,1.0971666666666666,0.22416666666666663,1.492005669338851
ncih1299,brd6340,0.92225,0.887375,0.03487499999999999,0.2984644776315675
ncih1299,brd8899,1.034875,0.891,0.14387499999999998,2.2180832525153615
ncih1299,brd8958,0.996,0.9863125,0.00968749999999996,0.12090791471244966
ncih1299,brd9647,0.956625,0.9196875,0.036937499999999956,0.357731775250686
ncih1299,brd9876,0.9693125,0.889125,0.08018749999999997,0.572807417572464
ncih1299,brefeldin a,0.8147333333333333,0.7912307692307692,0.023502564102564127,0.15511287032932355
ncih1299,brivanib,0.907625,0.916875,0.00924999999999998,0.11170935885923396
ncih1299,c6-ceramide,0.9235625,0.9163333333333333,0.00722916666666662,0.11308582574860315
ncih1299,cabozantinib,0.9046000000000001,1.1891666666666667,0.28456666666666663,1.4320911290756735
ncih1299,cal-101,0.908875,0.8430666666666667,0.06580833333333325,1.1071920129623372
ncih1299,canertinib,0.92225,1.1522857142857144,0.23003571428571434,1.7157956289076264
ncih1299,carboplatin,0.925,0.904875,0.02012500000000006,0.2138701289262022
ncih1299,carboplatin:etoposide (40:17 mol/mol),0.935,0.7266875,0.2083125,2.4738703618905653
ncih1299,carboplatin:unc0638 (2:1 mol/mol),0.9375,1.1524166666666666,0.21491666666666664,1.607985174079023
ncih1299,cay10576,0.9546875,0.9146875,0.040000000000000036,0.4036915765831887
ncih1299,cay10594,0.9834666666666667,0.94575,0.03771666666666673,0.7692609528529126
ncih1299,cay10618,0.64304,0.892125,0.249085,1.4026814399979863
ncih1299,cct036477,0.9216875,0.87875,0.04293749999999996,0.46392672196403134
ncih1299,cd-1530,0.9586875,0.92625,0.03243750000000001,0.38740390268400615
ncih1299,cd-437,0.8158125,0.8183333333333334,0.0025208333333333055,0.026700968591633387
ncih1299,ceranib-2,0.756125,0.61728125,0.13884375000000004,1.1227351158422447
ncih1299,cerulenin,0.85825,0.664875,0.19337499999999996,2.0617960671194457
ncih1299,ch-55,0.9530625,0.9033125,0.04975000000000007,0.402961227860752
ncih1299,chir-99021,1.0129375,0.9894666666666667,0.02347083333333333,0.2745760845136172
ncih1299,chlorambucil,0.921125,0.80925,0.11187499999999995,0.9903056670964636
ncih1299,chm-1,0.898125,0.8343846153846154,0.06374038461538456,0.6828201842525436
ncih1299,ci-976,0.9375,1.204846153846154,0.2673461538461539,2.477916254690301
ncih1299,ciclopirox,0.80925,0.8940714285714285,0.08482142857142849,0.31935836914049764
ncih1299,ciclosporin,0.966875,0.9859285714285715,0.019053571428571447,0.16707678936232126
ncih1299,cid-5951923,0.9825625,0.990875,0.008312499999999945,0.08026617364744162
ncih1299,cil41,0.9285625,0.8168125,0.1117499999999999,0.9105716142577382
ncih1299,cil55,0.9266875,0.85325,0.07343750000000004,1.0698521710759499
ncih1299,cil55a,0.901,0.895,0.006000000000000005,0.051712993499043416
ncih1299,cil56,0.924,0.8303333333333334,0.09366666666666668,1.1215642791813405
ncih1299,cil70,0.9291875,1.10775,0.17856249999999996,2.1137095785564433
ncih1299,cimetidine,0.9686875,0.914375,0.054312499999999986,0.5166324040192698
ncih1299,clofarabine,0.8560625,0.6402461538461538,0.21581634615384615,1.281457982306787
ncih1299,compound 1541a,0.9194375,0.9069375,0.012500000000000067,0.0686827309182742
ncih1299,compound 1b,0.9325625,0.92025,0.012312499999999948,0.08533871890535452
ncih1299,compound 23 citrate,0.923,0.8041875,0.11881249999999999,2.14670943065583
ncih1299,compound 7d-cis,0.9268125,0.7891875,0.137625,1.4025957358714918
ncih1299,cr-1-31b,0.6565,0.4815333333333333,0.17496666666666666,1.0043794791178524
ncih1299,crizotinib,0.78375,0.8117857142857143,0.028035714285714386,0.33016511199391513
ncih1299,crizotinib:plx-4032 (2:1 mol/mol),0.8516875,1.0471666666666668,0.19547916666666676,1.065119476145442
ncih1299,cucurbitacin i,0.7506875,0.60869375,0.14199374999999992,1.2088594166974862
ncih1299,curcumin,0.799125,0.7720625,0.02706249999999999,0.28951338355748735
ncih1299,cyanoquinoline 11,1.071846153846154,0.80875,0.2630961538461539,3.9423946743964464
ncih1299,cyclophosphamide,0.929625,0.9928125,0.06318749999999995,0.5084887764977365
ncih1299,cytarabine hydrochloride,0.925625,0.7014375,0.22418749999999998,1.5606417691985588
ncih1299,cytochalasin b,0.8583125,0.9125384615384615,0.05422596153846149,0.3719772175463922
ncih1299,dacarbazine,0.9330625,1.0165714285714285,0.08350892857142844,0.7877106988820203
ncih1299,daporinad,0.6109375,1.2308333333333332,0.6198958333333332,2.4003796442833267
ncih1299,darinaparsin,1.087357142857143,1.138076923076923,0.050719780219780075,0.44138206153116377
ncih1299,dasatinib,0.6565,0.5186266666666667,0.1378733333333333,0.8868515918706598
ncih1299,dbeq,0.8348125,0.7911333333333334,0.0436791666666666,0.5635364710686054
ncih1299,decitabine,0.908,0.881,0.027000000000000024,0.21140324797123614
ncih1299,decitabine:carboplatin (1:1 mol/mol),0.9195625,0.57468125,0.3448812499999999,4.0576665196486035
ncih1299,decitabine:navitoclax (2:1 mol/mol),0.931,0.8680666666666668,0.06293333333333329,0.6052175674751137
ncih1299,dexamethasone,1.00175,0.8871875,0.1145624999999999,1.2961858310189076
ncih1299,docetaxel:tanespimycin (2:1 mol/mol),0.5357375,0.3597375,0.176,0.899836828916967
ncih1299,doxorubicin,0.6531875,0.53669375,0.11649375000000006,0.9608483802340874
ncih1299,doxorubicin:navitoclax (2:1 mol/mol),0.63025,0.40194375,0.22830625,2.033910657376112
ncih1299,elcpk,0.901625,0.7538125,0.1478125,1.8684782750499016
ncih1299,elocalcitol,0.9265,1.075846153846154,0.1493461538461539,1.09769082603261
ncih1299,entinostat,0.8214375,0.9548461538461539,0.13340865384615386,0.6643878368141785
ncih1299,epigallocatechin-3-monogallate,0.8948125,0.63688,0.2579325,3.987233956953834
ncih1299,erastin,1.0494285714285714,0.53071875,0.5187098214285714,3.8630836194818907
ncih1299,erismodegib,0.9359285714285714,1.092,0.15607142857142864,1.6104090237139967
ncih1299,erlotinib,0.8914375,0.8393125,0.05212499999999998,0.49398667961905013
ncih1299,erlotinib:plx-4032 (2:1 mol/mol),0.953375,1.1540000000000001,0.20062500000000016,1.4510212396796607
ncih1299,etomoxir,0.96875,0.9559333333333334,0.012816666666666587,0.1378001683238834
ncih1299,etoposide,0.9053125,0.6846875,0.22062499999999996,2.1820122934540707
ncih1299,ex-527,0.9778125,0.9169375,0.06087500000000001,0.4207007195381219
ncih1299,fgin-1-27,0.9680625,0.8870625,0.08100000000000007,2.0501762549588363
ncih1299,fingolimod,0.83925,0.9442142857142857,0.10496428571428562,1.3988767747028699
ncih1299,fluorouracil,0.89,0.778,0.11199999999999999,0.747442590853363
ncih1299,fluvastatin,0.7729375,0.7031875,0.06975000000000009,0.7234161831226515
ncih1299,foretinib,0.849875,0.762,0.08787500000000004,0.6748319050039385
ncih1299,fqi-1,0.8380625,0.8659230769230769,0.027860576923076863,0.3119672895215538
ncih1299,fqi-2,1.080230769230769,0.821923076923077,0.2583076923076921,0.8730026671463241
ncih1299,fsc231,0.97425,0.91475,0.0595,1.1778029059174926
ncih1299,fulvestrant,0.918875,0.8930625,0.025812500000000016,0.32469866017652504
ncih1299,fumonisin b1,0.924875,0.878,0.046875,0.659735365754705
ncih1299,gant-61,0.912625,0.9148125,0.002187500000000009,0.012802925523005597
ncih1299,gdc-0879,0.878375,0.912,0.033625000000000016,0.2212725000007666
ncih1299,gdc-0941,0.8243125,0.8125,0.011812500000000004,0.11195509067824136
ncih1299,gefitinib,0.85625,0.8824666666666666,0.026216666666666666,0.19457729878543878
ncih1299,gemcitabine,0.753125,0.55414,0.19898500000000008,1.0108611168254715
ncih1299,gmx-1778,0.8830625,0.9708,0.08773750000000002,0.7052150533498902
ncih1299,gossypol,0.8713125,0.7905,0.08081250000000006,1.1968750570873194
ncih1299,gsk-3 inhibitor ix,0.8994,0.9628125,0.06341249999999998,0.7176823315594066
ncih1299,gsk4112,0.9308125,0.913875,0.01693750000000005,0.3258901663295653
ncih1299,gsk461364,0.51399375,0.389375,0.12461875,0.5093761883351978
ncih1299,gsk525762a,0.8803125,0.7344375,0.1458750000000001,1.4368825156496126
ncih1299,gw-405833,0.89225,0.8985333333333333,0.0062833333333333075,0.10960717496097339
ncih1299,gw-843682x,0.925375,0.7660625,0.15931249999999997,1.4149538231955023
ncih1299,hc-067047,0.9253125,0.8935625,0.031749999999999945,0.4971641057272527
ncih1299,hli 373,0.9184375,0.8816875,0.03675000000000006,0.7505761256346115
ncih1299,hyperforin,0.915,1.1984615384615385,0.28346153846153843,2.3454075873697002
ncih1299,i-bet151,0.8044375,0.6461875,0.15825,1.1357482997602517
ncih1299,ic-87114,0.9394375,0.9135,0.025937500000000058,0.21059447071617443
ncih1299,ifosfamide,0.915875,1.25,0.334125,1.1079584620828289
ncih1299,imatinib,0.9626875,0.9258125,0.03687499999999999,0.39201975750222
ncih1299,importazole,1.0218666666666667,0.8871875,0.13467916666666668,1.0373496655879004
ncih1299,indisulam,0.9716875,0.9411428571428572,0.030544642857142867,0.23381943494234295
ncih1299,ipr-456,0.924625,0.9066875,0.01793750000000005,0.1882588729380524
ncih1299,isoevodiamine,0.8699375,0.7625,0.10743750000000007,1.2751400466365312
ncih1299,isoliquiritigenin,0.91175,0.924125,0.012375000000000025,0.17406765882521105
ncih1299,isox,0.874125,0.8481333333333333,0.025991666666666746,0.3601841425598081
ncih1299,isox:bortezomib (250:1 mol/mol),0.7788125,0.6208625,0.15795000000000003,2.1158233827837907
ncih1299,itraconazole,0.9375,0.8349375,0.1025625,1.594693129785518
ncih1299,iu1,0.9299375,0.901,0.02893749999999995,0.5746770736530544
ncih1299,jq-1,0.7623125,0.6319375,0.1303749999999999,0.6973018376776021
ncih1299,jq-1:carboplatin (1:1 mol/mol),0.670875,1.0039166666666668,0.3330416666666668,2.807247885618012
ncih1299,jq-1:mk-0752 (1:1 mol/mol),0.749375,0.7387857142857143,0.010589285714285745,0.07782673625070859
ncih1299,jq-1:navitoclax (2:1 mol/mol),0.854,0.7412307692307691,0.11276923076923084,0.9370027990030079
ncih1299,jq-1:unc0638 (2:1 mol/mol),0.9136000000000001,0.9380833333333333,0.02448333333333319,0.17100975990595974
ncih1299,jq-1:vorinostat (2:1 mol/mol),0.822125,0.667,0.15512499999999996,1.4388649899355546
ncih1299,jw-480,0.9574375,0.8933125,0.0641250000000001,0.42263332779725804
ncih1299,khs101,0.80575,0.758625,0.04712499999999997,0.6148502751742152
ncih1299,ki8751,0.9748125,0.9691875,0.005624999999999991,0.03270161677278026
ncih1299,ko-143,0.9284375,0.9234666666666667,0.004970833333333369,0.07506137929727068
ncih1299,ku 0060648,0.7935625,0.7005,0.09306249999999994,0.4872377233525384
ncih1299,ku-0063794,0.9101333333333332,0.8234285714285715,0.08670476190476173,0.5429641600339603
ncih1299,ku-55933,0.8853125,0.8573125,0.027999999999999914,0.166681546148739
ncih1299,ku-60019,0.903375,0.8795333333333333,0.02384166666666676,0.16339696731009185
ncih1299,kw-2449,0.8755,0.9936153846153846,0.11811538461538462,1.1723552922156533
ncih1299,kx2-391,0.8486428571428571,0.6215769230769231,0.227065934065934,1.2679396372124023
ncih1299,l-685458,0.9942666666666666,1.2683636363636364,0.27409696969696973,1.2668624144166285
ncih1299,lapatinib,1.0282,1.1806666666666665,0.15246666666666653,1.0089772456320354
ncih1299,lbh-589,0.59855,0.46365,0.13490000000000002,0.9401451563405298
ncih1299,le-135,0.9655,0.9392307692307693,0.02626923076923071,0.276008722694785
ncih1299,lenvatinib,0.9799375,0.8934375,0.08650000000000002,0.8674448137451581
ncih1299,leptomycin b,0.43699230769230774,0.21767692307692307,0.21931538461538466,1.2080111255538726
ncih1299,linifanib,0.827125,0.80975,0.01737500000000003,0.16946085830074947
ncih1299,linsitinib,0.9269375,1.1920833333333334,0.2651458333333334,2.771916174940954
ncih1299,lomeguatrib,0.92475,0.884,0.04074999999999995,0.37735422363685567
ncih1299,lovastatin,0.712,0.668125,0.043875,0.3778974726568687
ncih1299,ly-2157299,1.0147333333333333,1.0604285714285715,0.04569523809523823,0.6242363965779071
ncih1299,ly-2183240,0.825375,0.782625,0.042749999999999955,0.5420506921934389
ncih1299,manumycin a,0.9004375,0.9691428571428571,0.06870535714285708,0.7496555495676672
ncih1299,masitinib,0.896875,0.9789285714285715,0.0820535714285715,1.2923435776066374
ncih1299,mdivi-1,0.9051875,0.86175,0.04343750000000002,0.2964224589235331
ncih1299,merck60,1.0147857142857144,1.069923076923077,0.055137362637362575,0.41358199871628726
ncih1299,methotrexate,0.6466875,0.6590615384615385,0.012374038461538506,0.06013551078391982
ncih1299,mgcd-265,0.903625,1.1099999999999999,0.20637499999999986,2.1265279873692786
ncih1299,mi-1,0.96875,1.1073846153846154,0.1386346153846154,1.4650768635238853
ncih1299,mitomycin,0.805375,0.7264375,0.0789375,0.39079835812847974
ncih1299,mk-0752,1.1528461538461539,1.1355384615384616,0.017307692307692246,0.16958023009118478
ncih1299,mk-1775,0.786875,0.5231642857142857,0.26371071428571424,2.669088443640727
ncih1299,mk-2206,0.916875,1.0934545454545455,0.17657954545454546,1.9434383284664538
ncih1299,ml006,0.9375,1.0202857142857142,0.08278571428571424,0.8047908864461499
ncih1299,ml029,0.9174375,1.0152857142857143,0.09784821428571433,0.8884486581577145
ncih1299,ml031,1.0266666666666666,0.8553125,0.17135416666666659,0.8935219224333594
ncih1299,ml050,0.9608125,0.929125,0.03168749999999998,0.2555059007951194
ncih1299,ml083,0.9505625,1.0,0.04943750000000002,0.9479053101043624
ncih1299,ml162,0.623325,0.39511333333333337,0.22821166666666665,1.4555822442262045
ncih1299,ml203,1.0388125,0.8928571428571429,0.145955357142857,1.9782176386648544
ncih1299,ml210,0.7961333333333334,0.38674375,0.40938958333333336,2.114207584871944
ncih1299,ml239,0.9906875,0.8370625,0.153625,1.1728013619303255
ncih1299,ml258,0.9375,0.92875,0.008750000000000036,0.10596260067366899
ncih1299,ml311,0.8305882352941176,0.6455882352941176,0.18500000000000005,2.3762013662461916
ncih1299,ml312,0.9375,0.91225,0.025249999999999995,0.26220977962272923
ncih1299,mln2238,0.6178933333333333,0.67725,0.059356666666666724,0.4828985010284904
ncih1299,mst-312,0.7709375,0.76825,0.002687500000000065,0.02490598666675211
ncih1299,myricetin,0.9600625,1.23,0.26993749999999994,3.3267079196762426
ncih1299,myriocin,0.91325,0.8681875,0.045062500000000005,0.7350557488970995
ncih1299,n9-isopropylolomoucine,0.9155,0.6716,0.2439,4.111541466488621
ncih1299,nakiterpiosin,0.862375,0.6526333333333334,0.2097416666666666,2.2024817184787113
ncih1299,narciclasine,0.58940625,0.426975,0.16243125000000003,0.9381411647074356
ncih1299,navitoclax,0.9375,0.9079999999999999,0.02950000000000008,0.1321587805210089
ncih1299,navitoclax:birinapant (1:1 mol/mol),0.9235625,0.5577625,0.3657999999999999,2.766548907088637
ncih1299,navitoclax:gemcitabine (1:1 mol/mol),0.80925,0.636375,0.172875,0.927190395435085
ncih1299,navitoclax:mst-312 (1:1 mol/mol),0.843,0.76175,0.08124999999999993,0.7950192510531822
ncih1299,navitoclax:piperlongumine (1:1 mol/mol),0.883,1.0339166666666666,0.1509166666666666,1.0831040931617248
ncih1299,navitoclax:pluripotin (1:1 mol/mol),0.6809375,0.55906875,0.12186874999999997,0.9502395998780241
ncih1299,navitoclax:plx-4032 (1:1 mol/mol),1.021125,0.8413125,0.17981250000000004,1.4697551457942934
ncih1299,navitoclax:sorafenib (1:1 mol/mol),0.9602,1.0556666666666665,0.09546666666666648,0.7877282260856332
ncih1299,necrostatin-1,0.879,0.905625,0.02662500000000001,0.4712645422645398
ncih1299,necrostatin-7,0.9285,1.1116666666666668,0.1831666666666668,2.4097916850380265
ncih1299,nelarabine,0.953,0.9715,0.018500000000000072,0.25691613006274455
ncih1299,neopeltolide,0.265125,0.5541214285714285,0.28899642857142854,1.5347941219429506
ncih1299,neratinib,0.8896875,0.952,0.06231249999999999,0.34435662528389976
ncih1299,neuronal differentiation inducer iii,0.9641333333333333,1.2681666666666667,0.3040333333333334,2.6770328654134725
ncih1299,niclosamide,0.6740625,0.6834375,0.009375000000000022,0.07578434388904942
ncih1299,nilotinib,0.959,0.9063125,0.0526875,0.5216500192308243
ncih1299,nintedanib,0.9196875,1.052,0.13231250000000006,1.0179859047505049
ncih1299,npc-26,0.9910666666666667,0.9977142857142857,0.006647619047619013,0.0752492033603421
ncih1299,nsc 74859,0.93525,0.8979375,0.03731249999999997,0.6034865511774754
ncih1299,nsc23766,0.9079375,0.9086875,0.0007500000000000284,0.008960780248590827
ncih1299,nsc30930,0.925625,0.9645333333333334,0.03890833333333332,0.29959173063570044
ncih1299,nsc48300,0.9118125,0.692125,0.21968750000000004,1.1243644522440457
ncih1299,nsc632839,1.1319166666666667,0.9633846153846153,0.1685320512820514,1.1332114316225022
ncih1299,nsc95397,0.918375,0.84825,0.0701250000000001,1.1762470818630422
ncih1299,nutlin-3,0.884375,0.8695,0.014874999999999972,0.10115831412122964
ncih1299,nvp-231,0.89975,0.7735,0.12625000000000008,0.842211245990959
ncih1299,nvp-adw742,0.9140666666666667,0.7898666666666667,0.12419999999999998,1.2788835147739288
ncih1299,nvp-bsk805,0.8800625,0.854,0.02606249999999999,0.4669237472708102
ncih1299,nvp-tae684,0.8650714285714286,0.889,0.02392857142857141,0.24637649785910626
ncih1299,obatoclax,0.676,0.62925,0.04675000000000007,0.5219311486971535
ncih1299,olaparib,0.9220625,0.7841875,0.13787499999999997,1.4067306048737722
ncih1299,oligomycin a,0.763625,0.46640000000000004,0.29722499999999996,1.3053558603981332
ncih1299,osi-027,0.853,0.716875,0.13612499999999994,1.4924397112592902
ncih1299,osi-930,0.9383333333333332,0.8580625,0.08027083333333329,0.8391074036975074
ncih1299,ouabain,0.4729625,0.2363,0.2366625,1.1284528328883843
ncih1299,oxaliplatin,1.2856666666666667,0.8170666666666667,0.4686,2.134248562326756
ncih1299,pac-1,0.839875,0.764875,0.07500000000000007,0.9308923537178058
ncih1299,pandacostat,0.975875,0.9268125,0.04906250000000001,0.8167124642387997
ncih1299,parbendazole,0.842,0.57996875,0.26203124999999994,1.5376050858251353
ncih1299,parthenolide,0.930625,1.0714285714285714,0.14080357142857136,0.9913926656711712
ncih1299,pazopanib,0.9450000000000001,0.8405,0.10450000000000004,0.8533506349057611
ncih1299,pd318088,0.75525,0.59675625,0.15849375,0.7822672283278359
ncih1299,pevonedistat,0.8494285714285714,0.7766153846153846,0.07281318681318683,0.35914130387898957
ncih1299,pf-184,0.822,0.73775,0.08424999999999994,0.5232579415924454
ncih1299,pf-543,0.9684,0.900625,0.06777500000000003,0.728764862120619
ncih1299,pf-573228,0.87,0.8619333333333333,0.008066666666666666,0.12988681449310088
ncih1299,pf-750,0.8429375,0.8666666666666667,0.02372916666666669,0.22770534268226622
ncih1299,pha-793887,0.8239375,0.6928125,0.13112499999999994,1.2531903059041212
ncih1299,phloretin,0.8894375,0.8726,0.01683749999999995,0.3230010715933301
ncih1299,pi-103,0.9035625,0.7944,0.10916250000000005,0.8764185629848852
ncih1299,pifithrin-alpha,0.9968666666666667,0.9778,0.019066666666666676,0.1600996126454151
ncih1299,pifithrin-mu,1.0175,0.7551875,0.26231250000000006,4.840460782053689
ncih1299,pik-93,0.8403125,0.8020666666666667,0.03824583333333331,0.4722897219671948
ncih1299,piperlongumine,0.863875,0.8019999999999999,0.06187500000000001,0.4727770003113234
ncih1299,piperlongumine:mst-312 (1:1 mol/mol),0.821875,1.4063,0.5844250000000001,4.432684674643089
ncih1299,pl-di,0.7335625,0.6025125,0.13105,1.6088477306829758
ncih1299,platin,0.9455,0.972625,0.027124999999999955,0.23939569041011352
ncih1299,pluripotin,0.68425,0.6347071428571428,0.04954285714285722,0.3493647243287518
ncih1299,plx-4032,1.0325,0.879875,0.152625,1.7332584083315425
ncih1299,plx-4720,1.0065625,1.1113076923076923,0.1047451923076923,1.201618678890389
ncih1299,prima-1,0.86775,0.760625,0.10712500000000003,0.774224229508245
ncih1299,prima-1-met,0.9495,0.8748125,0.07468750000000002,0.5580716314778615
ncih1299,prl-3 inhibitor i,1.0253333333333334,0.955375,0.06995833333333346,0.7361009270236522
ncih1299,procarbazine,0.8985625,0.9563125,0.05774999999999997,0.4613316353901278
ncih1299,prochlorperazine,0.882125,0.8543125,0.027812500000000018,0.17871308579575065
ncih1299,purmorphamine,0.997375,0.9573333333333333,0.04004166666666675,0.3870369200862988
ncih1299,px-12,0.8755625,0.812375,0.06318750000000006,1.068418173559729
ncih1299,pyr-41,0.92675,0.87575,0.050999999999999934,0.22920059675602747
ncih1299,pyrazolanthrone,0.9850666666666666,1.1355,0.1504333333333333,1.2050576256733667
ncih1299,qs-11,1.0714285714285714,1.1390833333333334,0.06765476190476205,0.4953879712346267
ncih1299,quizartinib,0.953875,0.8884375,0.06543750000000004,0.4057284146819276
ncih1299,qw-bi-011,0.933125,0.9882000000000001,0.055075000000000096,1.0387701229434074
ncih1299,raf265,0.9926923076923077,0.8889230769230768,0.10376923076923084,0.7441741288025893
ncih1299,regorafenib,1.2376666666666667,1.011642857142857,0.22602380952380963,1.2278897400532005
ncih1299,repligen 136,0.978125,1.021076923076923,0.04295192307692297,0.550498017667776
ncih1299,rg-108,0.993,0.8310625,0.16193749999999996,1.641318588353992
ncih1299,rigosertib,0.781375,0.4215375,0.35983750000000003,2.2952203868038015
ncih1299,rita,0.9363125,0.8968125,0.03949999999999998,0.2697784866105945
ncih1299,ruxolitinib,0.9313125,1.0372307692307692,0.10591826923076919,0.6807393518759716
ncih1299,saracatinib,0.8365625,0.745125,0.09143749999999995,0.6855026720676722
ncih1299,sb-225002,0.9141875,0.7534375,0.16075000000000006,2.084000820164323
ncih1299,sb-431542,1.151076923076923,1.1327692307692308,0.018307692307692358,0.16581372104635556
ncih1299,sb-525334,0.9260625,0.816,0.11006250000000006,1.3238886799068714
ncih1299,sb-743921,0.8699375,0.30964375,0.56029375,2.492536934715501
ncih1299,sch-529074,0.9241875,0.8651875,0.05900000000000005,0.4950728391253893
ncih1299,sch-79797,0.6055,0.5848125,0.02068750000000008,0.22899063616131488
ncih1299,selumetinib,0.7295,0.5763625,0.15313750000000004,0.8672916802308984
ncih1299,selumetinib:brd-a02303741 (4:1 mol/mol),0.687,0.6371875,0.04981250000000004,0.28035910538449016
ncih1299,selumetinib:gdc-0941 (4:1 mol/mol),0.56920625,0.37393125,0.19527500000000003,1.3379408244430098
ncih1299,selumetinib:jq-1 (4:1 mol/mol),0.702875,0.6029230769230769,0.09995192307692313,0.6743195908162497
ncih1299,selumetinib:mk-2206 (8:1 mol/mol),0.6663125,0.5795933333333333,0.08671916666666668,0.6215498599974163
ncih1299,selumetinib:navitoclax (8:1 mol/mol),0.7553125,0.54256875,0.21274375,1.2148057942501724
ncih1299,selumetinib:piperlongumine (8:1 mol/mol),0.7875,1.0541666666666667,0.2666666666666667,1.2666966367011117
ncih1299,selumetinib:plx-4032 (8:1 mol/mol),0.71325,0.6532333333333333,0.06001666666666672,0.4031415587806984
ncih1299,selumetinib:tretinoin (2:1 mol/mol),0.7883125,0.514125,0.2741874999999999,1.57247826733933
ncih1299,selumetinib:unc0638 (4:1 mol/mol),0.7036875,0.6084875,0.09520000000000006,0.6053873361053889
ncih1299,selumetinib:vorinostat (8:1 mol/mol),0.8210625,0.54793125,0.27313125000000005,1.9726038434204538
ncih1299,semagacestat,0.93575,0.94675,0.01100000000000001,0.09321926334634609
ncih1299,serdemetan,0.953,0.836125,0.11687499999999995,1.1274874787619498
ncih1299,serdemetan:sch-529074 (1:1 mol/mol),0.863625,0.7380818181818182,0.1255431818181818,1.1602137441522438
ncih1299,sgx-523,0.947125,0.892875,0.05425000000000002,0.43310949836326057
ncih1299,sid 26681509,0.8485625,0.8083125,0.04025000000000001,0.32108350718923395
ncih1299,sildenafil,0.9632000000000001,0.9876875,0.024487499999999995,0.3646241868250161
ncih1299,silmitasertib,0.9315714285714286,0.9194375,0.012133928571428587,0.12336164708061924
ncih1299,simvastatin,0.7988125,0.7243125,0.07450000000000001,0.810165823996673
ncih1299,sirolimus,0.9553125,0.8276428571428571,0.12766964285714288,0.8776356473343389
ncih1299,sirolimus:bortezomib (250:1 mol/mol),0.8073125,0.5038571428571429,0.3034553571428571,2.175510082989299
ncih1299,sitagliptin,0.9581875,0.884375,0.07381249999999995,0.5609355974871729
ncih1299,sj-172550,0.93275,0.9375,0.004750000000000032,0.03591276879492918
ncih1299,ski-ii,0.935125,0.8936875,0.041437500000000016,0.31031134434978086
ncih1299,smer-3,0.740125,0.54070625,0.19941874999999998,1.2753048922871169
ncih1299,sn-38,0.91075,0.729375,0.18137499999999995,1.4044675847827237
ncih1299,sns-032,0.7596,0.6472666666666667,0.1123333333333334,0.860962361781286
ncih1299,snx-2112,0.6293125,0.5693866666666667,0.059925833333333345,0.4053125545498256
ncih1299,snx-2112:bortezomib (250:1 mol/mol),0.689125,0.6105625,0.07856249999999998,0.6819001518755236
ncih1299,sorafenib,0.9434,0.8948571428571429,0.04854285714285711,0.4546316870249568
ncih1299,spautin-1,0.801375,0.718625,0.08274999999999999,1.0243248106922909
ncih1299,sr-ii-138a,0.64,0.514575,0.125425,0.9603928342422188
ncih1299,sr1001,0.9454375,0.9234000000000001,0.022037499999999932,0.43774809412981924
ncih1299,srt-1720,0.9078125,1.0582142857142858,0.15040178571428575,0.7632834244743286
ncih1299,staurosporine,0.9080625,0.8176875,0.09037499999999998,1.2684784346702043
ncih1299,stemregenin 1,0.890375,0.8421875,0.04818750000000005,1.0416672669131897
ncih1299,stf-31,0.7358125,0.923875,0.18806250000000002,1.438573776426359
ncih1299,su11274,0.9867333333333334,1.1326153846153846,0.14588205128205123,0.9621999771618236
ncih1299,sunitinib,0.8343125,0.74075,0.09356249999999999,1.1522137719617702
ncih1299,tacrolimus,0.9296875,0.8815625,0.04812499999999997,0.20519682506389123
ncih1299,tamatinib,0.9206875,1.0260714285714285,0.10538392857142853,0.9585477577260159
ncih1299,tamoxifen,0.8019375,0.9598125,0.157875,1.1790716494158002
ncih1299,tandutinib,1.0700714285714286,1.358090909090909,0.28801948051948045,2.641390427960681
ncih1299,tanespimycin,0.68125,0.9423846153846154,0.26113461538461535,1.6040736234986759
ncih1299,tanespimycin:bortezomib (250:1 mol/mol),0.7826875,0.7363125,0.046374999999999944,0.3962267694401658
ncih1299,tanespimycin:gemcitabine (1:1 mol/mol),0.7070625,0.693375,0.013687500000000075,0.09714540227520685
ncih1299,temozolomide,0.9375,1.1538461538461537,0.21634615384615374,3.4739758741510034
ncih1299,temsirolimus,0.8486875,0.78275,0.0659375000000001,0.4793506154161991
ncih1299,teniposide,0.7484375,0.5720375,0.1764,1.5870965959672367
ncih1299,tg-100-115,0.9248125,0.8796875,0.04512500000000008,0.9278482485199497
ncih1299,tg-101348,0.80375,0.8193571428571429,0.01560714285714293,0.22230160031742593
ncih1299,tgx-221,0.913,0.8728125,0.04018750000000004,0.5073039040135284
ncih1299,tigecycline,0.982,0.947125,0.03487499999999999,0.45677723117700036
ncih1299,tipifarnib-p1,0.92675,1.2355,0.3087500000000001,3.2084957924056376
ncih1299,tipifarnib-p2,0.8690625,0.6949375,0.17412499999999997,1.844361758834334
ncih1299,tivozanib,0.89975,0.9957142857142857,0.09596428571428561,0.9523420717887536
ncih1299,topotecan,0.772125,0.542375,0.2297499999999999,1.2855551930465046
ncih1299,tpca-1,0.8680625,0.81075,0.05731249999999999,0.6221539463126275
ncih1299,tretinoin,0.987,0.909125,0.07787500000000003,0.9947026649259813
ncih1299,tretinoin:carboplatin (2:1 mol/mol),1.0721875,0.8763125,0.19587500000000002,1.8586744545575504
ncih1299,tretinoin:navitoclax (4:1 mol/mol),0.9874375,0.86475,0.12268749999999995,0.8382756236189846
ncih1299,triazolothiadiazine,0.825,0.5216625,0.3033374999999999,2.1897798295385296
ncih1299,trifluoperazine,0.9283125,0.8996875,0.02862500000000001,0.3215262399557655
ncih1299,triptolide,0.858375,1.0675833333333333,0.20920833333333333,1.8268969022091068
ncih1299,tubastatin a,0.9370625,0.898,0.0390625,0.18571740830064454
ncih1299,tw-37,0.9592307692307693,0.9935,0.03426923076923072,0.23716172820564677
ncih1299,unc0321,1.0146,1.0313571428571429,0.016757142857142915,0.11307288594340364
ncih1299,unc0638,0.9961333333333333,1.1152499999999999,0.11911666666666654,1.0106518238933486
ncih1299,unc0638:navitoclax (1:1 mol/mol),1.1307857142857143,1.3317,0.20091428571428582,1.3458506820442928
ncih1299,valdecoxib,0.888375,0.7429375,0.1454375,2.657874362273832
ncih1299,vandetanib,0.9619333333333333,0.88025,0.08168333333333333,0.6247597397524385
ncih1299,veliparib,1.1163076923076924,1.0323846153846152,0.08392307692307721,0.6215016671063704
ncih1299,ver-155008,0.9190625,0.834125,0.0849375,0.8824404405112183
ncih1299,vincristine,0.7763125,0.50873125,0.26758125,1.4046293543722206
ncih1299,vorapaxar,0.9375,0.88275,0.054749999999999965,0.8665507534902107
ncih1299,vorinostat,0.8641875,0.797625,0.06656249999999997,0.767859378440205
ncih1299,vorinostat:carboplatin (1:1 mol/mol),1.2340833333333332,0.8514375,0.38264583333333324,2.852848898769404
ncih1299,vorinostat:navitoclax (4:1 mol/mol),0.9056875,0.80225,0.10343749999999996,0.4638421395061042
ncih1299,vu0155056,0.971125,0.9033125,0.06781250000000005,0.7013143451286065
ncih1299,way-362450,0.9274375,0.8631875,0.06425000000000003,0.6064075844437152
ncih1299,wp1130,0.760375,0.796125,0.03574999999999995,0.40597072108742516
ncih1299,wz8040,0.8079375,0.7813125,0.02662500000000001,0.13377692131236485
ncih1299,xl765,1.0,0.8904375,0.10956250000000001,1.670897860343066
ncih1299,yk 4-279,0.883625,0.743375,0.14024999999999999,1.8954457032253955
ncih1299,yl54,0.9444375,0.892375,0.05206250000000001,0.762674789460564
ncih1299,ym-155,0.7033125,0.6571875,0.04612499999999997,0.23342164948255134
ncih1299,zebularine,0.936125,0.8394375,0.09668750000000004,0.7782468856549246
ncih1299,zstk474,0.8903125,0.8434666666666666,0.046845833333333364,0.4119360939111403
ncih460,16-beta-bromoandrosterone,0.894625,0.889,0.005624999999999991,0.10422727061011906
ncih460,"1s,3r-rsl-3",0.921625,0.876375,0.04525000000000001,0.2326709587247333
ncih460,3-cl-ahpc,0.721625,0.6434375,0.07818749999999997,0.5299508368959389
ncih460,aa-cocf3,0.8364375,1.041642857142857,0.20520535714285715,0.8561627047208203
ncih460,abt-737,0.9153125,0.919375,0.00406250000000008,0.04341231781632055
ncih460,ac55649,0.885375,0.8750625,0.010312500000000058,0.1750218454269322
ncih460,afatinib,1.0630000000000002,0.8950625,0.16793750000000018,1.0730424406584342
ncih460,agk-2,1.6415555555555554,0.9528125,0.6887430555555555,3.340669662502968
ncih460,alisertib,1.0200666666666667,0.8418125,0.1782541666666667,1.3856639355552773
ncih460,alisertib:navitoclax (2:1 mol/mol),0.914375,0.7657333333333334,0.14864166666666667,0.9531179841607442
ncih460,am-580,0.9573125,0.9484375,0.008874999999999966,0.05434439104490392
ncih460,apicidin,0.9316428571428571,0.7971333333333334,0.13450952380952375,1.2323951304985716
ncih460,at7867,0.8984375,0.877375,0.021062499999999984,0.1609256885708926
ncih460,austocystin d,0.8471333333333334,0.7382857142857143,0.10884761904761908,0.575002743702439
ncih460,axitinib,0.9065625,0.9182,0.011637499999999967,0.08565867422870732
ncih460,az-3146,0.96025,0.9812,0.020949999999999913,0.13091081324102366
ncih460,azacitidine,0.9188125,0.8801875,0.03862500000000002,0.46812671727151406
ncih460,azd4547,1.1257692307692309,0.908125,0.2176442307692309,1.450400612736072
ncih460,azd6482,0.8640625,0.86175,0.0023124999999999396,0.013236392134775473
ncih460,azd7545,0.715375,0.786,0.07062500000000005,0.824638540694287
ncih460,azd7762,0.713,0.60861875,0.10438124999999998,0.9650461810697781
ncih460,azd8055,0.7844375,0.764875,0.019562500000000038,0.1084723173570834
ncih460,b02,0.927375,0.8986875,0.028687499999999977,0.178573970679003
ncih460,barasertib,0.9026875,0.962125,0.05943750000000003,0.5254843599151755
ncih460,bardoxolone methyl,0.7614083333333334,0.59100625,0.1704020833333334,1.8486390302876987
ncih460,bax channel blocker,0.8960625,0.8968125,0.0007500000000000284,0.006171952098221504
ncih460,bendamustine,0.9679375,1.0002307692307693,0.03229326923076925,0.36567856606729954
ncih460,betulinic acid,0.9531875,0.9736875,0.020500000000000074,0.16838511192362574
ncih460,bexarotene,0.873625,0.91725,0.043625000000000025,0.406804902179508
ncih460,bi-2536,0.6936875,0.46695,0.22673750000000004,1.2788206217903515
ncih460,bibr-1532,0.855125,0.8994375,0.04431249999999998,0.4645602869043947
ncih460,birb-796,1.1452307692307693,0.97675,0.16848076923076927,1.3174861213864786
ncih460,birinapant,0.8913125,0.9174375,0.026125000000000065,0.15961026001761858
ncih460,bix-01294,0.9094375,0.9534375,0.04400000000000004,0.25697086046974027
ncih460,bleomycin a2,0.8540625,0.8334375,0.020624999999999893,0.16854279792147883
ncih460,bms-195614,0.904125,0.8983125,0.005812499999999998,0.12937357889864945
ncih460,bms-270394,1.0228125,0.96225,0.06056249999999985,0.5237930042789688
ncih460,bms-345541,1.046,0.791125,0.2548750000000001,1.9832569217568172
ncih460,bms-536924,1.1241538461538463,0.882375,0.24177884615384626,1.5737213923698998
ncih460,bms-754807,1.0106153846153847,0.8284375,0.18217788461538464,1.199359738199075
ncih460,bortezomib,0.8985625,0.8848125,0.01375000000000004,0.06543258914579846
ncih460,bosutinib,0.9187142857142857,0.829,0.08971428571428575,1.1484827584415938
ncih460,brd-a02303741,0.9375625,0.963,0.025437500000000002,0.3873819447044275
ncih460,brd-a02303741:carboplatin (1:1 mol/mol),0.8361875,0.930625,0.09443750000000006,0.5494740617607544
ncih460,brd-a02303741:navitoclax (2:1 mol/mol),0.8854375,0.864375,0.021062499999999984,0.18790546182488752
ncih460,brd-a71883111,0.9269375,0.9223125,0.00462499999999999,0.056038592117559925
ncih460,brd-a94377914,0.9125625,0.91975,0.007187499999999902,0.04676566152617083
ncih460,brd-k02251932,0.9375,0.7954375,0.14206249999999998,1.5831134376113203
ncih460,brd-k02492147,0.9452666666666667,0.90275,0.04251666666666665,0.8214325375266857
ncih460,brd-k03536150,0.822,0.893125,0.071125,0.856104998628098
ncih460,brd-k03911514,1.2066666666666668,0.9737333333333333,0.23293333333333344,1.4581210868475467
ncih460,brd-k04800985,0.9270625,0.900125,0.02693750000000006,0.2478183231721133
ncih460,brd-k07442505,1.0619285714285716,0.909125,0.1528035714285716,1.8265942747094317
ncih460,brd-k09587429,0.9121875,0.93375,0.02156249999999993,0.47008829041002953
ncih460,brd-k11533227,0.891,0.81825,0.07274999999999998,0.7310327796963686
ncih460,brd-k13999467,0.9898666666666667,0.9303125,0.059554166666666686,1.0565259946170784
ncih460,brd-k16147474,0.857625,0.9264375,0.06881250000000005,1.3244935652652285
ncih460,brd-k17060750,0.90675,0.913625,0.0068750000000000755,0.11952289863810683
ncih460,brd-k19103580,0.9978,0.9375,0.06030000000000002,0.9383804018239408
ncih460,brd-k20514654,1.1912307692307693,0.9885,0.20273076923076927,1.823496402450494
ncih460,brd-k24690302,1.0513571428571429,0.991875,0.05948214285714293,0.6048977668267432
ncih460,brd-k26531177,1.0282857142857142,0.871,0.15728571428571425,1.429045288788817
ncih460,brd-k27188169,0.8965,0.93,0.033500000000000085,0.49454381661125013
ncih460,brd-k27188169:navitoclax (2:1 mol/mol),1.1153846153846154,1.0549285714285714,0.06045604395604398,0.4080873178379878
ncih460,brd-k28456706,1.1295714285714287,0.8960625,0.2335089285714287,2.8094021386437595
ncih460,brd-k29313308,0.967625,0.918625,0.04899999999999993,0.7182547086548896
ncih460,brd-k33199242,0.9375625,0.9595625,0.02200000000000002,0.26564397878443735
ncih460,brd-k34222889,0.8581875,0.8806875,0.022499999999999964,0.29329679705112166
ncih460,brd-k35604418,0.6598125,0.829375,0.16956249999999995,2.3444437271700833
ncih460,brd-k37390332,1.1538461538461537,0.9550625,0.1987836538461537,2.626183245772558
ncih460,brd-k41597374,0.89025,0.9135,0.023249999999999993,0.5001348508178933
ncih460,brd-k45681478,0.938875,0.8249375,0.11393750000000002,1.3400153520596083
ncih460,brd-k50799972,0.902875,0.8838125,0.019062499999999982,0.1967800350584902
ncih460,brd-k51490254,0.8781875,0.8438125,0.034375000000000044,0.33723776074419215
ncih460,brd-k52037352,0.9163125,0.93175,0.015437499999999993,0.3041373316654054
ncih460,brd-k55116708,0.86075,0.88325,0.022499999999999964,0.15080320348022586
ncih460,brd-k61166597,0.924375,0.85375,0.07062499999999994,0.626199193706185
ncih460,brd-k64610608,0.918375,0.857125,0.06125000000000003,0.8522122059774639
ncih460,brd-k66453893,0.9605333333333334,0.851,0.10953333333333337,1.6719828913856094
ncih460,brd-k66532283,0.931625,0.9015625,0.030062499999999992,0.3543984741388135
ncih460,brd-k70511574,0.8239333333333333,0.7179375,0.10599583333333329,0.7164833166464445
ncih460,brd-k71781559,1.0271428571428571,0.9324375,0.0947053571428571,0.3683586260758399
ncih460,brd-k71935468,0.8845,0.9390625,0.05456250000000007,0.45401799606714965
ncih460,brd-k79669418,0.804875,0.9800666666666668,0.17519166666666675,1.5173764495456792
ncih460,brd-k80183349,0.955625,0.92025,0.035374999999999934,0.4128875866670315
ncih460,brd-k85133207,0.871125,0.9073125,0.03618749999999993,0.6219937687809813
ncih460,brd-k88742110,0.9308125,0.861125,0.06968750000000001,0.5973938018192181
ncih460,brd-k92856060,1.005,0.9650625,0.03993749999999985,0.1586059245669916
ncih460,brd-k94991378,0.869875,0.9280625,0.05818750000000006,0.5325316705294493
ncih460,brd-k97651142,0.3769733333333333,0.5906066666666666,0.2136333333333333,1.2353082993897115
ncih460,brd-k99584050,0.9210666666666667,1.0530714285714287,0.13200476190476196,1.3036863633260807
ncih460,brd1812,0.87375,0.8940625,0.020312499999999956,0.26560707743944556
ncih460,brd1835,0.9273125,0.888,0.03931249999999997,0.594800550842141
ncih460,brd4132,0.8275714285714286,0.89375,0.06617857142857142,0.4404705000453889
ncih460,brd6340,0.9236875,0.9171875,0.00649999999999995,0.05562778794566809
ncih460,brd8899,0.9521875,0.943875,0.008312499999999945,0.12815163882907957
ncih460,brd8958,0.8876875,0.9376875,0.050000000000000044,0.6240408501287755
ncih460,brd9647,0.9256875,0.9114375,0.014249999999999985,0.1380081975586403
ncih460,brd9876,0.9176875,0.8874375,0.03025,0.21608635238119459
ncih460,brefeldin a,0.9993846153846154,0.8740625,0.12532211538461546,0.8271043511771374
ncih460,brivanib,0.82475,0.8383125,0.013562500000000033,0.16379007346252622
ncih460,c6-ceramide,0.9375,0.874375,0.06312499999999999,0.9874641268538031
ncih460,cabozantinib,1.2101666666666666,0.8654666666666666,0.3447,1.7347141110192739
ncih460,cal-101,0.881875,0.93375,0.051875000000000004,0.8727707079511914
ncih460,canertinib,0.8835,0.930875,0.047375000000000056,0.3533617298161727
ncih460,carboplatin,0.9040625,0.9375,0.03343750000000001,0.35534322663204304
ncih460,carboplatin:etoposide (40:17 mol/mol),0.877,0.77825,0.09875,1.1727318247185998
ncih460,carboplatin:unc0638 (2:1 mol/mol),1.33675,1.1538461538461537,0.18290384615384636,1.3684684275955743
ncih460,cay10576,0.9375,0.9238125,0.013687499999999964,0.1381382113620594
ncih460,cay10594,0.9426666666666667,0.88175,0.06091666666666662,1.2424431209356555
ncih460,cay10618,0.632875,0.7946875,0.16181250000000003,0.9112206295428236
ncih460,cct036477,1.0254375,1.0093125,0.016124999999999945,0.17422575584675368
ncih460,cd-1530,0.9405625,0.8585625,0.08199999999999996,0.9793331798100496
ncih460,cd-437,0.7421333333333333,0.664125,0.07800833333333335,0.8262736098720097
ncih460,ceranib-2,0.751875,0.7385,0.013374999999999915,0.10815454188171901
ncih460,cerulenin,0.8995625,0.8955625,0.0040000000000000036,0.04264865814338871
ncih460,ch-55,0.936625,0.8551333333333333,0.08149166666666674,0.6600599409129466
ncih460,chir-99021,1.013125,0.917375,0.09575,1.1201417401247868
ncih460,chlorambucil,0.85,0.8086875,0.041312499999999974,0.3656938804194203
ncih460,chm-1,1.0673076923076923,0.80975,0.2575576923076923,2.7590920886089383
ncih460,ci-976,1.1536153846153847,0.9375,0.2161153846153847,2.0030803388152503
ncih460,ciclopirox,0.8589285714285715,0.81225,0.04667857142857146,0.1757479530385815
ncih460,ciclosporin,1.0657857142857143,0.9765333333333334,0.08925238095238097,0.7826354921631952
ncih460,cid-5951923,0.9194375,0.87875,0.04068749999999999,0.39288179732695355
ncih460,cil41,0.9034375,0.93525,0.03181250000000002,0.25921753448388674
ncih460,cil55a,1.0520769230769231,0.8993125,0.15276442307692317,1.3166509362436731
ncih460,cil56,0.92275,0.9063125,0.016437499999999994,0.19682255700046203
ncih460,cil70,0.9238571428571428,0.8750625,0.048794642857142856,0.5776000223416654
ncih460,clofarabine,0.72575,0.4682625,0.2574875,1.5288898088562994
ncih460,compound 1541a,0.9305625,0.9195,0.011062499999999975,0.06078421686267221
ncih460,compound 1b,0.923625,0.923375,0.0002500000000000835,0.001732765866099155
ncih460,compound 23 citrate,0.8999375,0.91575,0.015812500000000007,0.28570093948233843
ncih460,compound 7d-cis,0.923875,0.9174375,0.006437499999999985,0.06560733914385254
ncih460,cr-1-31b,0.7497333333333334,0.644125,0.10560833333333342,0.6062345751029031
ncih460,crizotinib,0.7794375,0.774125,0.005312500000000053,0.06256313427910216
ncih460,crizotinib:plx-4032 (2:1 mol/mol),1.1199166666666667,0.8221875,0.2977291666666667,1.6222554016406805
ncih460,cucurbitacin i,0.813375,0.7646875,0.048687499999999995,0.4144995314966954
ncih460,curcumin,0.8323125,0.870375,0.0380625,0.4071908789526787
ncih460,cyanoquinoline 11,0.89225,0.9175,0.025249999999999995,0.37836153844620507
ncih460,cyclophosphamide,0.890375,0.9285,0.038124999999999964,0.30680331717469755
ncih460,cytarabine hydrochloride,0.792625,0.60566875,0.18695625000000005,1.301462984166058
ncih460,cytochalasin b,1.1077692307692308,0.919,0.1887692307692308,1.2949120905879563
ncih460,dacarbazine,0.9994,0.9601875,0.039212499999999983,0.36987788381803277
ncih460,daporinad,0.9455833333333333,0.49565517241379314,0.4499281609195402,1.742225614025632
ncih460,darinaparsin,1.1538461538461537,0.9375,0.21634615384615374,1.8827232881366716
ncih460,dasatinib,0.8930625,0.8820625,0.01100000000000001,0.07075601405089649
ncih460,dbeq,0.837875,0.8265625,0.011312500000000059,0.14595073156074348
ncih460,decitabine,0.9165625,0.8734375,0.04312499999999997,0.33765796550961275
ncih460,decitabine:carboplatin (1:1 mol/mol),0.9854375,0.91175,0.07368750000000002,0.8669630537079258
ncih460,decitabine:navitoclax (2:1 mol/mol),1.0834000000000001,0.90575,0.17765000000000009,1.7084253314929143
ncih460,dexamethasone,0.915625,0.9634375,0.047812499999999925,0.5409613533712295
ncih460,docetaxel:tanespimycin (2:1 mol/mol),0.5544625,0.4667375,0.08772499999999994,0.4485124194133005
ncih460,doxorubicin,0.55760625,0.5047625,0.05284374999999997,0.43585884730292396
ncih460,doxorubicin:navitoclax (2:1 mol/mol),0.633375,0.57463125,0.058743749999999983,0.523330128628708
ncih460,elcpk,0.8995,0.880375,0.019124999999999948,0.24175659711005
ncih460,elocalcitol,0.909125,1.036875,0.12775000000000003,0.9389595876042527
ncih460,entinostat,1.0182307692307693,0.789125,0.2291057692307693,1.140968610600125
ncih460,epigallocatechin-3-monogallate,0.884375,0.8811875,0.0031875000000000098,0.049273776037491925
ncih460,erastin,0.898125,0.932,0.0338750000000001,0.25228355470413955
ncih460,erlotinib,0.795375,0.8569375,0.061562499999999964,0.5834255148977989
ncih460,erlotinib:plx-4032 (2:1 mol/mol),1.0714285714285714,0.8543125,0.21711607142857137,1.570292989999567
ncih460,etomoxir,0.847875,0.911125,0.06324999999999992,0.6800411427687126
ncih460,etoposide,0.8854375,0.7445,0.14093749999999994,1.3938917058750504
ncih460,ex-527,0.920125,0.807125,0.11299999999999999,0.7809311097791829
ncih460,fingolimod,0.8113125,0.80225,0.009062499999999973,0.12077746906459766
ncih460,fluorouracil,0.81525,0.79775,0.01750000000000007,0.11678790482083845
ncih460,fluvastatin,0.8805,0.9278125,0.04731250000000009,0.49070434643713934
ncih460,foretinib,0.931875,0.7946000000000001,0.13727499999999992,1.0541968678169624
ncih460,fqi-1,1.0835384615384616,0.865125,0.21841346153846153,2.4456728150067675
ncih460,fqi-2,1.0913076923076923,0.8675,0.22380769230769226,0.756402995849384
ncih460,fumonisin b1,0.9375,0.937,0.0004999999999999449,0.0070371772347160785
ncih460,gant-61,0.85875,0.9020625,0.043312499999999976,0.25349792535550963
ncih460,gdc-0879,0.912875,1.0029375,0.09006250000000005,0.5926648187752875
ncih460,gdc-0941,0.8679375,0.849875,0.01806249999999998,0.17119058839159634
ncih460,gefitinib,0.9085333333333333,0.893125,0.015408333333333357,0.11435900364090175
ncih460,gemcitabine,0.52618125,0.6771999999999999,0.15101874999999987,0.7671883925249968
ncih460,gmx-1778,0.9640625,0.9201875,0.043875,0.3526577628234953
ncih460,gossypol,0.8113125,0.8986666666666667,0.08735416666666673,1.2937605347685306
ncih460,gsk-3 inhibitor ix,0.985875,0.9329333333333333,0.052941666666666665,0.5991767990534085
ncih460,gsk4112,0.9805,0.904375,0.076125,1.4647019283742042
ncih460,gsk461364,0.60890625,0.55116875,0.0577375,0.23600066341544498
ncih460,gsk525762a,0.9375,0.952625,0.015125000000000055,0.1489826772867212
ncih460,gw-405833,0.90125,0.8925,0.008750000000000036,0.15263598635148937
ncih460,gw-843682x,0.8963125,0.956,0.059687500000000004,0.5301219698515909
ncih460,hc-067047,0.913,0.9175625,0.004562499999999914,0.07144287346080477
ncih460,hli 373,0.913875,0.9016875,0.012187500000000018,0.2489155518686211
ncih460,hyperforin,1.01275,0.82675,0.18600000000000005,1.5389947208303767
ncih460,i-bet151,0.9366875,0.9008125,0.03587499999999999,0.25747216590141564
ncih460,ic-87114,0.9398125,0.943375,0.003562499999999913,0.028925023688726802
ncih460,ifosfamide,1.1733333333333333,1.0,0.17333333333333334,0.5747733136631211
ncih460,imatinib,0.8770625,0.9319375,0.05487500000000001,0.5833785543846599
ncih460,importazole,0.8860625,0.9235625,0.03749999999999998,0.2888391235433313
ncih460,indisulam,1.0917999999999999,0.915875,0.1759249999999999,1.3467069916193932
ncih460,ipr-456,0.882,0.8965,0.014499999999999957,0.1521813885771007
ncih460,isoevodiamine,0.8798125,0.851625,0.028187500000000032,0.33454808669754266
ncih460,isox,0.8533125,0.9632142857142857,0.10990178571428566,1.5229835377989724
ncih460,isox:bortezomib (250:1 mol/mol),0.8443125,0.840125,0.004187500000000011,0.05609376647931082
ncih460,itraconazole,0.939375,0.937875,0.0014999999999999458,0.023322751441103625
ncih460,iu1,0.8805,0.9030625,0.02256250000000004,0.448074349003787
ncih460,jq-1,0.9635,0.9214375,0.0420625,0.22496842605801848
ncih460,jq-1:carboplatin (1:1 mol/mol),1.1811666666666667,0.8606875,0.32047916666666665,2.7013570764707784
ncih460,jq-1:mk-0752 (1:1 mol/mol),1.087357142857143,0.866375,0.2209821428571429,1.6241245549789478
ncih460,jq-1:navitoclax (2:1 mol/mol),1.1472857142857145,0.8931875,0.25409821428571444,2.1113094093423905
ncih460,jq-1:unc0638 (2:1 mol/mol),1.0009285714285714,0.9484666666666667,0.05246190476190471,0.36643285517533164
ncih460,jq-1:vorinostat (2:1 mol/mol),0.839375,0.812,0.027374999999999927,0.2539173511650973
ncih460,jw-480,0.8540625,0.93575,0.08168750000000002,0.5383837811218476
ncih460,khs101,0.766125,0.78825,0.02212500000000006,0.288669757840415
ncih460,ki8751,0.9369375,0.9578125,0.020874999999999977,0.12135933335676237
ncih460,ko-143,0.9143125,0.8671875,0.04712499999999997,0.7116045262800711
ncih460,ku 0060648,0.8541875,0.8693125,0.015125000000000055,0.07918840097469093
ncih460,ku-0063794,0.9133125,0.891625,0.02168749999999997,0.13581186271719406
ncih460,ku-55933,0.9011875,0.909375,0.008187500000000014,0.04873946996760026
ncih460,ku-60019,0.840125,0.930375,0.09024999999999994,0.618521200967594
ncih460,kw-2449,1.0764615384615384,0.8525,0.22396153846153832,2.2229322261711966
ncih460,kx2-391,0.8827692307692309,0.7035,0.17926923076923085,1.0010421173916924
ncih460,l-685458,1.1352307692307693,0.966625,0.1686057692307693,0.7792873891616277
ncih460,lapatinib,1.1907692307692308,1.0045,0.18626923076923085,1.2326721605216662
ncih460,lbh-589,0.53255,0.52305625,0.009493749999999967,0.06616384787255651
ncih460,le-135,1.0902142857142858,0.92925,0.16096428571428578,1.691238974211482
ncih460,lenvatinib,0.9375,0.982,0.044499999999999984,0.446257736550977
ncih460,leptomycin b,0.5058923076923076,0.32818125,0.17771105769230766,0.9788503218902522
ncih460,linifanib,0.804875,0.8803571428571428,0.07548214285714283,0.736188127479205
ncih460,linsitinib,0.8331875,0.896625,0.06343750000000004,0.6631951561793987
ncih460,lomeguatrib,0.9095,0.8743125,0.03518749999999993,0.3258442145821312
ncih460,lovastatin,0.8729375,0.7746875,0.09825000000000006,0.8462319473170912
ncih460,ly-2183240,0.8684375,0.8686875,0.00024999999999997247,0.0031698870888501748
ncih460,manumycin a,1.0400666666666667,0.926,0.11406666666666665,1.2446003229348175
ncih460,masitinib,0.9324666666666667,0.90425,0.028216666666666668,0.44441244071719255
ncih460,mdivi-1,0.9128125,0.91625,0.0034374999999999822,0.02345789243279745
ncih460,merck60,1.1272307692307693,0.927125,0.20010576923076928,1.5009811865219895
ncih460,methotrexate,0.5474066666666667,0.51548125,0.031925416666666706,0.15515154928658334
ncih460,mgcd-265,0.9128125,0.89425,0.018562500000000037,0.19127159668342747
ncih460,mi-1,1.1247692307692307,0.9315,0.19326923076923075,2.0424500594278046
ncih460,mitomycin,0.60830625,0.55149375,0.056812500000000044,0.28126342639650703
ncih460,mk-0752,1.1734615384615386,0.906,0.26746153846153853,2.620579822342452
ncih460,mk-1775,0.9963571428571428,0.8570625,0.13929464285714288,1.4098392722422772
ncih460,mk-2206,0.9749333333333333,0.86025,0.11468333333333336,1.2622072679061662
ncih460,ml006,0.93875,0.92175,0.017000000000000015,0.16526335718221222
ncih460,ml029,0.8969375,0.9260625,0.029124999999999956,0.26445109251851984
ncih460,ml031,0.8626875,0.90625,0.04356249999999995,0.22715554283381803
ncih460,ml050,0.96075,0.970625,0.009874999999999967,0.0796251130683013
ncih460,ml083,0.9235333333333333,0.914,0.009533333333333283,0.18279033708544193
ncih460,ml162,0.912875,0.897875,0.015000000000000013,0.09567317036111106
ncih460,ml203,1.0605714285714287,1.037125,0.023446428571428646,0.31778305004795554
ncih460,ml210,0.9375,0.937375,0.00012500000000004174,0.0006455365716862961
ncih460,ml239,0.7359375,0.9555,0.2195625,1.6761803028727555
ncih460,ml258,0.937625,0.9011875,0.03643750000000001,0.4412585442339199
ncih460,ml311,0.81275,0.7653125,0.04743750000000002,0.6093029854665067
ncih460,ml320,0.98325,0.929625,0.05362499999999992,0.6336628180918469
ncih460,mln2238,0.80125,0.795375,0.005874999999999964,0.047796294045190556
ncih460,momelotinib,0.9049375,0.830875,0.07406249999999992,0.9128242954327248
ncih460,mst-312,0.8405625,0.80625,0.03431249999999997,0.317985736745269
ncih460,myricetin,0.9265,0.819375,0.10712500000000003,1.3202077736339621
ncih460,n9-isopropylolomoucine,0.9917857142857143,0.843375,0.14841071428571428,2.5018319223325522
ncih460,nakiterpiosin,0.7750625,0.742625,0.03243750000000001,0.3406237867685799
ncih460,narciclasine,0.60568125,0.5945875,0.011093749999999902,0.06407328359520116
ncih460,navitoclax,0.916375,0.964875,0.04849999999999999,0.21727799509386145
ncih460,navitoclax:birinapant (1:1 mol/mol),0.9771875,0.9241875,0.052999999999999936,0.40083950813476654
ncih460,navitoclax:gemcitabine (1:1 mol/mol),0.5436,0.6066533333333334,0.0630533333333334,0.3381775564242003
ncih460,navitoclax:mst-312 (1:1 mol/mol),0.8610625,0.8188125,0.0422499999999999,0.4134100105476541
ncih460,navitoclax:piperlongumine (1:1 mol/mol),1.2275833333333332,0.8833125,0.3442708333333333,2.470775143497724
ncih460,navitoclax:pluripotin (1:1 mol/mol),0.7685333333333334,0.64025,0.12828333333333342,1.000255630238974
ncih460,navitoclax:plx-4032 (1:1 mol/mol),0.902875,0.9115,0.008624999999999994,0.0704992040735531
ncih460,navitoclax:sorafenib (1:1 mol/mol),0.8289375,0.9640666666666667,0.13512916666666674,1.1149971237859302
ncih460,necrostatin-1,0.9004375,0.8854375,0.015000000000000013,0.26550115057157186
ncih460,necrostatin-7,0.9010666666666667,0.8926875,0.008379166666666715,0.11023865055986115
ncih460,nelarabine,0.9381875,0.8288125,0.109375,1.5189298230060853
ncih460,neratinib,1.0022142857142857,0.8976875,0.10452678571428575,0.5776447932653126
ncih460,neuronal differentiation inducer iii,1.1715,0.83875,0.33275,2.9298849445225286
ncih460,nilotinib,0.903875,0.9556875,0.05181250000000004,0.5129867923396841
ncih460,nintedanib,1.1442307692307692,0.9561875,0.1880432692307692,1.4467672937940652
ncih460,npc-26,1.0478666666666667,0.966125,0.08174166666666671,0.9252929889561603
ncih460,nsc 74859,0.9019375,0.8065625,0.09537499999999999,1.5425803636462783
ncih460,nsc23766,0.8603125,0.9617857142857142,0.10147321428571421,1.2123722324432238
ncih460,nsc30930,0.8700625,0.9553125,0.08525000000000005,0.6564196625408477
ncih460,nsc48300,0.8939375,0.958375,0.06443749999999993,0.32979224758566417
ncih460,nsc632839,0.9100625,1.1725833333333333,0.2625208333333333,1.7651930722336238
ncih460,nsc95397,0.89925,0.8329375,0.0663125,1.1122978198366185
ncih460,nutlin-3,0.833875,0.81075,0.023125000000000062,0.15726292531451738
ncih460,nvp-adw742,0.858125,0.8631875,0.00506249999999997,0.052128404134806586
ncih460,nvp-bsk805,0.8453125,0.87125,0.025937499999999947,0.46468430483785594
ncih460,nvp-tae684,0.8674666666666667,0.861,0.006466666666666732,0.06658294210799401
ncih460,obatoclax,0.6828125,0.734625,0.05181249999999993,0.5784504308421644
ncih460,olaparib,0.91475,0.885375,0.02937499999999993,0.29971141626957004
ncih460,oligomycin a,0.2644,0.16220625,0.10219375000000003,0.4488155789673203
ncih460,osi-027,0.7556875,0.8561875,0.10050000000000003,1.1018563157506613
ncih460,osi-930,0.8125625,0.9761875,0.16362500000000002,1.7104462882533682
ncih460,ouabain,0.27455625,0.369525,0.09496874999999999,0.4528294722373369
ncih460,oxaliplatin,0.9649375,1.0141875,0.049250000000000016,0.22431016153348862
ncih460,pac-1,0.8984375,0.8929375,0.005499999999999949,0.0682654392726384
ncih460,paclitaxel,0.7961875,0.6470625,0.14912500000000006,0.606021900104941
ncih460,pandacostat,0.8744375,0.944375,0.06993749999999999,1.1642054108066453
ncih460,parbendazole,0.81325,0.765375,0.047875,0.28093154340895743
ncih460,parthenolide,1.0167857142857142,0.82675,0.1900357142857142,1.3380343371049592
ncih460,pazopanib,0.9269999999999999,0.903625,0.023374999999999924,0.19088106307102481
ncih460,pd318088,0.921375,0.8915625,0.02981250000000002,0.14714360499719153
ncih460,pdmp,0.8971875,1.1175,0.2203124999999999,4.0759667867847655
ncih460,pevonedistat,0.9745384615384616,0.7206875,0.25385096153846154,1.2520859106436921
ncih460,pf-184,0.809375,0.737,0.07237499999999997,0.4495049676291187
ncih460,pf-543,0.9044375,0.9241875,0.019750000000000045,0.21236600556078572
ncih460,pf-573228,0.9034,0.8069375,0.0964625,1.5532074598810839
ncih460,pf-750,0.773125,1.1425454545454545,0.3694204545454546,3.544962719414695
ncih460,pha-793887,0.7376875,0.732,0.0056875000000000675,0.05435668152396398
ncih460,phloretin,0.87775,0.892125,0.014374999999999916,0.275761865131647
ncih460,pi-103,0.9561875,0.9118125,0.04437499999999994,0.3562677085304405
ncih460,pifithrin-alpha,0.95125,0.860125,0.09112500000000001,0.7651613917297262
ncih460,pifithrin-mu,0.959,0.929875,0.029124999999999956,0.5374445376309304
ncih460,pik-93,0.9346,0.8993125,0.03528750000000003,0.4357578881512342
ncih460,piperlongumine,1.0515,0.9021875,0.14931250000000007,1.1408729835795475
ncih460,piperlongumine:mst-312 (1:1 mol/mol),1.4259,0.9438,0.4821,3.6565808814568728
ncih460,pl-di,0.907375,0.7995,0.10787500000000005,1.3243376493508288
ncih460,platin,0.81825,0.89725,0.07899999999999996,0.6972261582451241
ncih460,pluripotin,0.8355625,0.8988571428571428,0.06329464285714281,0.4463391239126507
ncih460,plx-4032,0.934,0.9539375,0.01993749999999994,0.22641663892619182
ncih460,plx-4720,0.9824,0.9375,0.04490000000000005,0.5150850124337052
ncih460,prima-1,0.9283125,0.9295625,0.0012499999999999734,0.009034121697878976
ncih460,prima-1-met,0.919625,0.91075,0.008875000000000077,0.06631478800824854
ncih460,prl-3 inhibitor i,0.9025,0.9697333333333333,0.06723333333333337,0.7074285025880664
ncih460,procarbazine,0.9105625,0.90525,0.005312500000000053,0.042438516242598784
ncih460,prochlorperazine,0.872375,0.9660666666666666,0.09369166666666662,0.6020288310416846
ncih460,purmorphamine,0.931125,1.2059166666666667,0.27479166666666677,2.656096241383076
ncih460,px-12,0.8996875,0.9295625,0.029874999999999985,0.5051472670242826
ncih460,pyr-41,0.9289375,0.968,0.0390625,0.17555192766239872
ncih460,pyrazolanthrone,1.133846153846154,0.9194375,0.21440865384615393,1.7175367825903107
ncih460,quizartinib,0.8956875,0.9765625,0.08087500000000003,0.5014446691484377
ncih460,raf265,1.0858333333333332,0.862125,0.22370833333333318,1.6043094164824023
ncih460,regorafenib,1.0771428571428572,0.9375,0.13964285714285718,0.7586193327095776
ncih460,repligen 136,1.2424615384615385,0.9685625,0.2738990384615385,3.5104569693923153
ncih460,rg-108,0.9308125,1.1849166666666666,0.2541041666666666,2.575474440004328
ncih460,rigosertib,0.7199375,0.6805625,0.03937500000000005,0.25115309752429854
ncih460,rita,0.861375,0.7999375,0.061437500000000034,0.4196079942060359
ncih460,ruxolitinib,1.144076923076923,0.9165,0.227576923076923,1.4626425473378872
ncih460,salermide:plx-4032 (12:1 mol/mol),0.9375,0.9351875,0.0023125000000000506,0.01929043504013149
ncih460,saracatinib,0.88225,0.98025,0.09799999999999998,0.7347014284361657
ncih460,sb-225002,0.8960625,0.82925,0.06681249999999994,0.866172969189603
ncih460,sb-431542,1.098923076923077,0.918375,0.18054807692307684,1.6352333193736388
ncih460,sb-525334,0.83425,0.9128125,0.07856249999999998,0.9449903865093333
ncih460,sb-743921,0.8204375,0.540825,0.27961250000000004,1.2438912332292447
ncih460,sch-79797,0.5777125,0.6159125,0.03820000000000001,0.4228370900960578
ncih460,selumetinib,0.8998125,0.897125,0.002687500000000065,0.015220611480666689
ncih460,selumetinib:brd-a02303741 (4:1 mol/mol),0.869875,0.8411875,0.028687499999999977,0.16146151740461828
ncih460,selumetinib:decitabine (4:1 mol/mol),0.8850625,0.7889375,0.09612500000000002,0.6853527003762513
ncih460,selumetinib:gdc-0941 (4:1 mol/mol),0.7525625,0.727375,0.02518750000000003,0.1725739829248923
ncih460,selumetinib:jq-1 (4:1 mol/mol),0.9273125,0.8019375,0.12537500000000001,0.8458348383504642
ncih460,selumetinib:mk-2206 (8:1 mol/mol),0.8111875,0.7424375,0.06874999999999998,0.49275788176188284
ncih460,selumetinib:navitoclax (8:1 mol/mol),0.921875,0.7841875,0.13768749999999996,0.7862208539419868
ncih460,selumetinib:piperlongumine (8:1 mol/mol),1.2436666666666667,0.820875,0.4227916666666667,2.008307933219715
ncih460,selumetinib:plx-4032 (8:1 mol/mol),0.87275,0.8291875,0.04356250000000006,0.2926162869378092
ncih460,selumetinib:tretinoin (2:1 mol/mol),1.005875,0.848125,0.15775000000000006,0.9047037033882999
ncih460,selumetinib:unc0638 (4:1 mol/mol),0.932,0.8270625,0.10493750000000002,0.6673091762873866
ncih460,selumetinib:vorinostat (8:1 mol/mol),0.9026875,0.773,0.12968749999999996,0.936626844945754
ncih460,semagacestat,0.9061875,0.9194375,0.013249999999999984,0.11228683993991664
ncih460,serdemetan,0.918,0.836625,0.08137500000000009,0.7850206937690165
ncih460,serdemetan:sch-529074 (1:1 mol/mol),1.2773636363636365,0.85875,0.41861363636363647,3.868639358703124
ncih460,sgx-523,0.923875,0.9495625,0.025687499999999974,0.20507834542315653
ncih460,sid 26681509,0.9080625,0.904625,0.0034374999999999822,0.027421728098459275
ncih460,sildenafil,0.853625,0.9220625,0.06843750000000004,1.019049220452764
ncih460,silmitasertib,0.9777857142857143,0.845875,0.13191071428571421,1.3410926960773109
ncih460,simvastatin,0.977375,0.852375,0.125,1.3593386308669009
ncih460,sirolimus,1.0500714285714285,0.9341875,0.1158839285714286,0.7966174604344628
ncih460,sirolimus:bortezomib (250:1 mol/mol),1.0353571428571429,0.894375,0.14098214285714283,1.0107189281313746
ncih460,sj-172550,0.892,0.9529375,0.06093749999999998,0.4607230207244172
ncih460,ski-ii,0.914,0.9275625,0.013562499999999922,0.10156494980980699
ncih460,smer-3,0.8615625,0.918,0.05643750000000003,0.3609240347683164
ncih460,sn-38,0.76375,0.74875,0.015000000000000013,0.11615169550236183
ncih460,sns-032,0.8741333333333333,0.6635625,0.21057083333333326,1.6138892758657573
ncih460,snx-2112,0.60103125,0.6750625,0.07403124999999999,0.5007155242566523
ncih460,snx-2112:bortezomib (250:1 mol/mol),0.6768125,0.60760625,0.06920625000000002,0.6006905633824723
ncih460,sorafenib,0.8738666666666667,0.8905333333333334,0.01666666666666672,0.15609288842332303
ncih460,spautin-1,0.707375,0.8963125,0.18893749999999998,2.338771829851054
ncih460,sr-ii-138a,0.710875,0.6866875,0.02418750000000003,0.1852063119651879
ncih460,sr1001,0.9936666666666666,0.93075,0.06291666666666662,1.2497629459936257
ncih460,srt-1720,1.0564285714285713,0.9581999999999999,0.09822857142857133,0.498506317761755
ncih460,stemregenin 1,0.8635625,0.87825,0.014687499999999964,0.31749910210713195
ncih460,stf-31,0.9669285714285715,0.8972142857142857,0.06971428571428573,0.5332756039660549
ncih460,su11274,1.0826923076923076,0.891625,0.19106730769230762,1.2602301481383755
ncih460,sunitinib,0.8425625,0.860875,0.018312499999999954,0.22551679037060646
ncih460,tacrolimus,1.00225,0.9839375,0.018312500000000065,0.07808138927755894
ncih460,tamatinib,1.0330714285714284,0.9649375,0.06813392857142841,0.6197304023728893
ncih460,tamoxifen,0.9040625,0.900875,0.0031875000000000098,0.02380548460815756
ncih460,tandutinib,0.9954,0.948875,0.04652499999999993,0.42667492295736803
ncih460,tanespimycin,0.954,0.6928125,0.2611874999999999,1.6043984782350054
ncih460,tanespimycin:bortezomib (250:1 mol/mol),0.6851875,0.72675,0.04156250000000006,0.3551088971397722
ncih460,tanespimycin:gemcitabine (1:1 mol/mol),0.66175,0.6616875,6.249999999996536e-05,0.0004435863117586871
ncih460,temozolomide,1.1090714285714285,0.924,0.18507142857142844,2.971782333181669
ncih460,temsirolimus,0.84825,0.910125,0.06187500000000001,0.44981716517728587
ncih460,teniposide,0.7503125,0.57705625,0.17325625,1.5588118174889374
ncih460,tg-100-115,0.8806875,0.9005625,0.019875000000000087,0.4086644640295634
ncih460,tg-101348,0.8315625,0.8193125,0.012249999999999983,0.17448386478003808
ncih460,tgx-221,0.864375,0.896125,0.031749999999999945,0.4007937530931131
ncih460,tigecycline,1.016375,0.90725,0.10912500000000003,1.4292706911022277
ncih460,tipifarnib-p1,0.8786875,0.8729375,0.005749999999999922,0.05975336293548878
ncih460,tipifarnib-p2,0.91575,0.8146875,0.10106249999999994,1.0704712720872638
ncih460,tivozanib,0.9444,0.886625,0.05777500000000002,0.573354584865154
ncih460,topotecan,0.655625,0.59125625,0.06436874999999997,0.3601722778342206
ncih460,tosedostat,0.8366875,0.8441875,0.007499999999999951,0.041086559036357904
ncih460,tpca-1,0.8538125,0.8413125,0.012499999999999956,0.1356933361641495
ncih460,tretinoin,0.9610625,0.90575,0.05531249999999999,0.7065103197909253
ncih460,tretinoin:carboplatin (2:1 mol/mol),0.9375,0.8761875,0.06131249999999999,0.581799502208346
ncih460,tretinoin:navitoclax (4:1 mol/mol),0.944,0.9098,0.0341999999999999,0.2336752018564988
ncih460,triazolothiadiazine,0.805625,0.7383333333333333,0.06729166666666675,0.4857755284549292
ncih460,trifluoperazine,0.9076875,0.9185625,0.010874999999999968,0.1221518902888712
ncih460,triptolide,0.9894999999999999,0.777125,0.21237499999999998,1.8545495938179282
ncih460,tubastatin a,0.9308125,0.9155,0.015312500000000062,0.07280122405385295
ncih460,tw-37,0.9255000000000001,0.771875,0.15362500000000012,1.0631686115436665
ncih460,unc0321,1.062857142857143,0.93375,0.12910714285714298,0.8711817619040988
ncih460,unc0638,1.118,0.9226875,0.1953125000000001,1.6571395076605848
ncih460,unc0638:navitoclax (1:1 mol/mol),1.1392307692307693,0.9110666666666667,0.22816410256410258,1.5283871525721338
ncih460,valdecoxib,0.723,0.84075,0.11775000000000002,2.1518845288027078
ncih460,vandetanib,0.881625,0.8631875,0.018437499999999996,0.1410202942463038
ncih460,veliparib,1.1653076923076922,0.9375,0.22780769230769216,1.6870551669436376
ncih460,ver-155008,0.8813125,0.89625,0.014937499999999937,0.15519004067857267
ncih460,vincristine,0.751875,0.7099375,0.04193749999999996,0.22014488514791283
ncih460,vorapaxar,0.9658125,0.912875,0.05293749999999997,0.8378635710116537
ncih460,vorinostat,0.81025,0.8305,0.02024999999999999,0.23360228977899195
ncih460,vorinostat:navitoclax (4:1 mol/mol),0.89325,0.8365,0.05674999999999997,0.254482575632352
ncih460,vu0155056,0.933,0.9035625,0.029437500000000005,0.3044415267793304
ncih460,way-362450,0.9425,0.882375,0.060124999999999984,0.5674748017848771
ncih460,wp1130,0.805375,0.83075,0.025375000000000036,0.2881540432893271
ncih460,wz8040,0.8850666666666667,0.8962,0.011133333333333328,0.05593926975690745
ncih460,xl765,0.9261875,0.8863125,0.039875000000000105,0.6081191300050649
ncih460,yk 4-279,0.900625,0.8904375,0.010187500000000016,0.13768166204355614
ncih460,yl54,0.9079375,0.9375,0.029562500000000047,0.43306743747280585
ncih460,ym-155,0.7251875,0.766,0.04081250000000003,0.20653704215732552
ncih460,zebularine,0.9113125,0.796375,0.11493749999999991,0.9251428718289623
ncih460,zstk474,0.903875,0.9311875,0.027312499999999962,0.2401708703715662
oaw28,16-beta-bromoandrosterone,0.9019375,0.8735,0.028437499999999893,0.5269267569733785
oaw28,"1s,3r-rsl-3",0.1737,0.50169375,0.3279937500000001,1.686510945154044
oaw28,3-cl-ahpc,1.0925384615384615,1.01975,0.07278846153846152,0.4933564330446116
oaw28,a-804598,1.0237333333333334,0.8760625,0.14767083333333342,2.144386692962181
oaw28,aa-cocf3,1.065923076923077,1.3162727272727273,0.2503496503496503,1.0445148058198688
oaw28,abt-199,1.0098666666666667,0.8705625,0.13930416666666667,1.4734120162794135
oaw28,abt-737,0.8756875,0.704375,0.17131249999999998,1.8306640482235734
oaw28,ac55649,0.955,0.8729375,0.08206249999999993,1.392749594215518
oaw28,afatinib,0.54353125,0.6753125,0.13178124999999996,0.8420208359241925
oaw28,agk-2,0.9313125,0.930375,0.0009375000000000355,0.004547236858991499
oaw28,alisertib,0.8444375,0.850125,0.0056875000000000675,0.04421194623858665
oaw28,alisertib:navitoclax (2:1 mol/mol),1.0672307692307692,0.5872,0.48003076923076915,3.078046481612572
oaw28,am-580,1.2476666666666667,1.0883076923076922,0.1593589743589745,0.9758046669384745
oaw28,apicidin,0.5868875,0.50418125,0.08270624999999998,0.7577662672134201
oaw28,at-406,0.90275,0.8846875,0.018062500000000092,0.18057807277798021
oaw28,at7867,0.8964375,0.8845,0.011937500000000045,0.09120714100012055
oaw28,austocystin d,0.7398666666666667,0.7752666666666667,0.03539999999999999,0.18700544215084122
oaw28,avrainvillamide,0.9255,1.0122142857142857,0.08671428571428574,0.9948423913394612
oaw28,axitinib,0.8626875,0.876375,0.013687499999999964,0.10074784992527877
oaw28,az-3146,0.92375,1.1108,0.18705000000000005,1.1688242299156841
oaw28,azacitidine,1.171,0.9056,0.2654000000000001,3.2165910877374704
oaw28,azd4547,0.780875,0.8035625,0.02268749999999997,0.151191528418412
oaw28,azd6482,0.736375,0.8700625,0.13368749999999996,0.7652065615212289
oaw28,azd7545,0.8658125,0.9344375,0.06862500000000005,0.801285944851617
oaw28,azd7762,0.53328125,0.5787125,0.04543124999999992,0.4200299796536858
oaw28,azd8055,0.4837,0.54085625,0.05715625000000002,0.3169263074218933
oaw28,b02,0.8822,0.8336875,0.04851249999999996,0.30198064496959065
oaw28,barasertib,0.7280625,0.92025,0.19218750000000007,1.6991213530380278
oaw28,bax channel blocker,0.9707142857142858,0.8753125,0.0954017857142857,0.7850870020177889
oaw28,bendamustine,1.0147333333333333,0.875375,0.13935833333333325,1.5780488230750784
oaw28,betulinic acid,1.0767333333333333,1.0881875,0.011454166666666765,0.09408347005651413
oaw28,bexarotene,1.0642142857142856,1.016625,0.04758928571428567,0.4437720279608625
oaw28,bi-2536,0.54601875,0.6680625,0.12204375,0.6883381190170405
oaw28,bibr-1532,0.9033125,0.9440000000000001,0.0406875000000001,0.42655676554973465
oaw28,birb-796,0.9226666666666666,0.864125,0.0585416666666666,0.4577841952426283
oaw28,birinapant,0.9055,0.92475,0.01924999999999999,0.11760756001298174
oaw28,bix-01294,0.9176,0.739875,0.17772500000000002,1.03795786765874
oaw28,bleomycin a2,0.7348125,0.872375,0.13756250000000003,1.124129388561142
oaw28,bms-195614,0.9184,0.9526875,0.034287500000000026,0.7631650041268726
oaw28,bms-270394,1.0202,0.861875,0.15832500000000005,1.369321401898336
oaw28,bms-345541,0.8175625,0.7454375,0.072125,0.5612257203794424
oaw28,bms-536924,0.7468125,0.85425,0.10743749999999996,0.6993030812346416
oaw28,bms-754807,0.622925,0.7168125,0.09388750000000001,0.6181040451638681
oaw28,brd-a02303741,1.0128666666666666,1.0149375,0.002070833333333466,0.031536253319920195
oaw28,brd-a02303741:carboplatin (1:1 mol/mol),1.0381428571428573,0.8788125,0.15933035714285726,0.92704591397567
oaw28,brd-a02303741:navitoclax (2:1 mol/mol),0.81275,0.6690625,0.14368749999999997,1.2818832544077645
oaw28,brd-a71883111,0.9046875,1.1311538461538462,0.2264663461538462,2.743968691993416
oaw28,brd-k02251932,0.881625,0.9059375,0.02431249999999996,0.27093318399947325
oaw28,brd-k02492147,0.8960625,0.87625,0.01981250000000001,0.382782410421344
oaw28,brd-k03536150,0.7898125,0.8523125,0.0625,0.7522891024851477
oaw28,brd-k04800985,0.941125,0.8965,0.044625000000000026,0.4105389390832683
oaw28,brd-k07442505,0.8840625,0.885625,0.0015625000000000222,0.018677924393721793
oaw28,brd-k09587429,0.92925,0.9135625,0.015687499999999965,0.342006263457732
oaw28,brd-k11533227,0.9134375,0.92425,0.010812500000000003,0.10865006089988989
oaw28,brd-k13999467,0.9949230769230769,0.9104375,0.0844855769230769,1.4988238973951131
oaw28,brd-k14844214,0.918125,0.8466875,0.07143749999999993,0.8154011014063557
oaw28,brd-k16147474,0.9860666666666666,0.9074375,0.07862916666666664,1.5134434193230457
oaw28,brd-k17060750,0.9483333333333334,0.9266875,0.021645833333333364,0.3763160354090661
oaw28,brd-k19103580,0.9188,0.9024375,0.016362499999999947,0.25463100041200953
oaw28,brd-k24690302,0.903,0.8443125,0.058687500000000004,0.5968167249102639
oaw28,brd-k26531177,0.7524666666666667,0.800625,0.0481583333333333,0.43755047734918245
oaw28,brd-k28456706,0.861625,0.937125,0.07550000000000001,0.9083586771831769
oaw28,brd-k29313308,0.861375,0.8335625,0.027812500000000018,0.4076828384584522
oaw28,brd-k33199242,0.9178125,0.9977333333333332,0.07992083333333322,0.9650221888379319
oaw28,brd-k34222889,0.741,0.7580625,0.01706249999999998,0.22241673776376733
oaw28,brd-k35604418,0.8610666666666666,0.8309375,0.03012916666666665,0.41657875884425277
oaw28,brd-k37390332,1.0,0.9225625,0.07743750000000005,1.0230472232485706
oaw28,brd-k41597374,0.8521875,0.897125,0.044937499999999964,0.9666584885431858
oaw28,brd-k45681478,0.801625,0.90375,0.10212500000000002,1.2010889112810752
oaw28,brd-k50799972,0.89675,1.0183571428571427,0.12160714285714269,1.2553368044480728
oaw28,brd-k51490254,1.06225,0.8300625,0.23218749999999988,2.2778877839357663
oaw28,brd-k52037352,0.9423999999999999,0.88925,0.05314999999999992,1.0471189750941718
oaw28,brd-k55473186,1.0378,0.8935625,0.14423750000000002,1.3197394199951937
oaw28,brd-k61166597,0.9603846153846154,0.7704375,0.1899471153846154,1.6841731752306117
oaw28,brd-k63431240,0.7413571428571428,0.645,0.09635714285714281,0.7857587861361361
oaw28,brd-k64610608,0.9840625,0.93325,0.05081249999999993,0.7069882892445682
oaw28,brd-k66453893,0.761875,0.8373125,0.07543750000000005,1.151523518279689
oaw28,brd-k66532283,0.8992142857142857,0.8033125,0.09590178571428576,1.1305595517448763
oaw28,brd-k70511574,0.68925,0.8429375,0.15368749999999998,1.0388571537601365
oaw28,brd-k71935468,0.9918666666666667,0.986,0.005866666666666687,0.0488169025171858
oaw28,brd-k80183349,0.8969333333333334,0.867,0.029933333333333367,0.3493739013681936
oaw28,brd-k85133207,0.8646875,0.8889375,0.024249999999999994,0.4168110229482231
oaw28,brd-k88742110,0.9029375,0.8709375,0.03199999999999992,0.2743189475618285
oaw28,brd-k92856060,0.8406666666666667,0.84625,0.0055833333333332735,0.022173389558661168
oaw28,brd-k94991378,0.9772,0.9426666666666667,0.034533333333333305,0.3160488711312615
oaw28,brd-k97651142,0.7280625,0.9114375,0.18337500000000007,1.0603432332684748
oaw28,brd-m00053801,1.2175,0.8845625,0.3329375,2.6519571609420987
oaw28,brd1812,0.9256428571428571,0.8264375,0.09920535714285705,1.2972132911778829
oaw28,brd1835,0.88,0.9698125,0.08981249999999996,1.3588686670272763
oaw28,brd4132,0.9755714285714285,0.9036666666666666,0.07190476190476192,0.4785828063094351
oaw28,brd6340,0.8811875,0.8665,0.014687499999999964,0.12569740545415453
oaw28,brd8899,0.883625,0.8704375,0.013187500000000019,0.20330823904463163
oaw28,brd8958,1.0714285714285714,1.043125,0.028303571428571317,0.353251695519323
oaw28,brd9647,0.89025,0.9306875,0.040437500000000015,0.3916285255282474
oaw28,brd9876,1.25,0.887875,0.36212500000000003,2.5867857968938877
oaw28,brefeldin a,0.48530625,0.58568125,0.10037500000000005,0.6624576914825746
oaw28,brivanib,0.908125,1.0510625,0.14293750000000005,1.7262115115612748
oaw28,byl-719,0.764625,0.7328125,0.03181250000000002,0.2849641849486167
oaw28,c6-ceramide,0.9539375,0.912625,0.041312499999999974,0.64625127509937
oaw28,cabozantinib,0.798375,0.7904375,0.00793749999999993,0.03994573036325896
oaw28,cal-101,0.788125,0.831125,0.04300000000000004,0.7234533097233978
oaw28,canertinib,0.864875,0.8539333333333333,0.010941666666666627,0.08161195272623263
oaw28,carboplatin,0.8613125,1.1745384615384615,0.3132259615384615,3.328679591416855
oaw28,carboplatin:etoposide (40:17 mol/mol),0.9025,0.9010625,0.0014374999999999805,0.017071412638308497
oaw28,carboplatin:unc0638 (2:1 mol/mol),1.2171666666666667,0.859375,0.35779166666666673,2.6769617467655245
oaw28,cay10576,1.0219285714285715,0.9375,0.08442857142857152,0.8520775777166592
oaw28,cay10594,0.9075625,0.8794666666666667,0.02809583333333332,0.5730365228775053
oaw28,cay10618,0.42405625,0.7083125,0.28425625,1.6007425821644323
oaw28,cct036477,1.0082857142857142,0.905625,0.10266071428571422,1.1092180181206974
oaw28,cd-1530,0.8251875,1.0177333333333334,0.19254583333333342,2.299591746554992
oaw28,cd-437,1.0847499999999999,0.8113125,0.2734374999999999,2.896282750125553
oaw28,ceranib-2,0.7295230769230769,0.8993125,0.16978942307692302,1.3729717584483063
oaw28,cerulenin,0.7905625,0.829125,0.038562500000000055,0.41115971991360695
oaw28,ch-55,0.8817333333333334,1.0386666666666666,0.15693333333333326,1.271116556628755
oaw28,chir-99021,0.9040625,0.9609375,0.05687500000000001,0.6653583443299975
oaw28,chlorambucil,0.889375,0.9334375,0.044062500000000004,0.3900365895547526
oaw28,chm-1,0.7923125,0.7910625,0.0012499999999999734,0.01339065076977355
oaw28,ci-976,0.9325625,0.8676875,0.06487500000000002,0.6012984092359179
oaw28,ciclopirox,1.3351000000000002,0.7945,0.5406000000000002,2.0353952682130068
oaw28,ciclosporin,1.0485714285714285,0.927,0.12157142857142844,1.0660344723324093
oaw28,cid-5951923,1.0096875,0.8750625,0.1346250000000001,1.2999499100495528
oaw28,clofarabine,0.8559375,1.0445384615384616,0.18860096153846162,1.1198605292942487
oaw28,col-3,0.855,1.1943636363636363,0.3393636363636363,2.1050854853058754
oaw28,compound 1541a,0.91775,0.8745625,0.043187499999999934,0.23729883532263576
oaw28,compound 1b,1.0344285714285715,0.8949375,0.13949107142857142,0.9668214687877876
oaw28,compound 23 citrate,0.7600625,0.8171875,0.05712499999999998,1.0321369908571427
oaw28,compound 7d-cis,0.8024,0.924875,0.122475,1.2481955513232403
oaw28,crizotinib,0.8696153846153846,0.7225,0.14711538461538454,1.7325175646520414
oaw28,crizotinib:plx-4032 (2:1 mol/mol),0.9254166666666667,0.7550625,0.1703541666666667,0.9282193281936774
oaw28,cucurbitacin i,0.5891533333333334,0.59249375,0.0033404166666666235,0.028438534394599608
oaw28,curcumin,0.747125,0.785625,0.03849999999999998,0.41187123388316904
oaw28,cytarabine hydrochloride,0.934375,0.954,0.019625000000000004,0.13661597868088865
oaw28,cytochalasin b,0.7165625,0.789,0.07243750000000004,0.4969040461717794
oaw28,dacarbazine,0.9249375,0.9901333333333333,0.06519583333333334,0.614969636393663
oaw28,dasatinib,0.41428125,0.5683125,0.15403125,0.9907852081161037
oaw28,decitabine,0.9265625,1.0068,0.08023749999999996,0.6282395595960013
oaw28,decitabine:carboplatin (1:1 mol/mol),0.914125,0.9331875,0.019062499999999982,0.22427797402961583
oaw28,decitabine:navitoclax (2:1 mol/mol),0.9770000000000001,0.7819375,0.19506250000000014,1.8758779410320106
oaw28,dexamethasone,0.918875,0.913625,0.005249999999999977,0.05939967801723288
oaw28,docetaxel:tanespimycin (2:1 mol/mol),0.43844375,0.6949333333333333,0.25648958333333327,1.3113566665732999
oaw28,doxorubicin,0.635875,0.6112,0.024675000000000002,0.20352107973411532
oaw28,elocalcitol,0.876875,1.4421666666666668,0.5652916666666669,4.154880862696314
oaw28,entinostat,0.632375,0.724375,0.09199999999999997,0.4581687860923318
oaw28,epigallocatechin-3-monogallate,0.849625,0.9224375,0.07281250000000006,1.1255676290917247
oaw28,erastin,0.6634375,0.7286875,0.06525000000000003,0.4859483968839871
oaw28,erismodegib,0.9375,0.9556875,0.018187500000000023,0.18766608588703743
oaw28,erlotinib,0.7375625,0.8754375,0.13787499999999997,1.3066362293041065
oaw28,erlotinib:plx-4032 (2:1 mol/mol),0.8662142857142857,1.1267692307692307,0.26055494505494503,1.8844648442531684
oaw28,etomoxir,0.9514,0.837,0.11440000000000006,1.229987458225152
oaw28,etoposide,0.8765625,0.8793125,0.00275000000000003,0.027197886943903734
oaw28,etp-46464,0.790625,0.9533333333333334,0.16270833333333334,1.2788924036000286
oaw28,ex-527,1.0695,0.8555625,0.2139374999999999,1.4784995513131316
oaw28,fingolimod,0.7833125,0.8123333333333334,0.029020833333333385,0.38676555036088583
oaw28,fluorouracil,0.8155625,0.9990666666666667,0.1835041666666667,1.2246324086225062
oaw28,fluvastatin,0.90625,0.833,0.07325000000000004,0.7597166367560456
oaw28,foretinib,0.6825,0.6828125,0.00031250000000004885,0.0023998289651637403
oaw28,fqi-2,0.919,0.8918125,0.02718750000000003,0.09188561053291529
oaw28,fumonisin b1,1.0163571428571427,1.0957857142857141,0.0794285714285714,1.1179058692864485
oaw28,gant-61,0.9076875,1.0422142857142858,0.13452678571428578,0.7873537912454067
oaw28,gdc-0879,0.94675,1.1279375,0.18118750000000006,1.1923215195208592
oaw28,gdc-0941,0.5678533333333333,0.761625,0.19377166666666668,1.8365057788394177
oaw28,gefitinib,0.8349333333333333,0.830625,0.0043083333333333584,0.031975989660544324
oaw28,gmx-1778,0.715875,0.799,0.083125,0.6681407757197276
oaw28,gossypol,0.9042142857142857,0.840625,0.06358928571428579,0.9417903167137214
oaw28,gsk-3 inhibitor ix,0.8709375,0.8421875,0.028750000000000053,0.3253832766778314
oaw28,gsk1059615,0.6839999999999999,0.69875,0.01475000000000004,0.201637487355733
oaw28,gsk2636771,0.8619375,0.8551875,0.006750000000000034,0.06155811974296393
oaw28,gsk4112,0.9814666666666666,1.0731333333333335,0.0916666666666669,1.7637352175277818
oaw28,gsk461364,0.84537,0.7766875,0.06868249999999998,0.28073809162210517
oaw28,gsk525762a,0.8461875,0.994,0.1478125,1.4559670734838612
oaw28,gw-405833,0.9263571428571428,0.8985625,0.027794642857142726,0.4848528831756962
oaw28,gw-843682x,0.805125,1.0592142857142857,0.2540892857142857,2.2567256571483276
oaw28,hbx-41108,0.8982,0.9450666666666667,0.04686666666666672,0.33551629609872713
oaw28,hc-067047,0.8010625,0.8625,0.061437500000000034,0.9620321179722254
oaw28,hli 373,0.904875,0.8825,0.022375000000000034,0.4569834234305967
oaw28,hyperforin,1.2477692307692307,0.9235625,0.3242067307692308,2.6825400382339852
oaw28,i-bet151,0.727,0.701125,0.02587499999999998,0.18570292105084674
oaw28,ibrutinib,0.764,0.85475,0.09075,0.6224015257390156
oaw28,ic-87114,1.0846923076923078,0.998875,0.08581730769230789,0.6967768864288626
oaw28,imatinib,0.9073333333333333,0.9535333333333333,0.04620000000000002,0.4911542453315953
oaw28,importazole,0.89575,0.7139375,0.18181250000000004,1.4003883506459192
oaw28,indisulam,0.8718125,0.912,0.04018750000000004,0.30763556757541255
oaw28,ipr-456,0.894625,0.9706875,0.07606250000000003,0.7982963357686732
oaw28,isoevodiamine,0.858,0.810875,0.04712499999999997,0.5593109919511013
oaw28,isonicotinohydroxamic acid,0.9375,1.0279375,0.09043749999999995,0.9552470029215776
oaw28,isox,0.7344666666666666,0.6505625,0.08390416666666656,1.1627169090616902
oaw28,isox:bortezomib (250:1 mol/mol),0.7822666666666667,0.6909375,0.09132916666666668,1.2234022561791156
oaw28,itraconazole,0.88575,0.8966875,0.010937499999999933,0.17006172925805238
oaw28,iu1,0.9001875,0.923875,0.023687499999999972,0.47041600629483316
oaw28,jq-1,0.6575625,0.9298461538461538,0.2722836538461537,1.4562906400498195
oaw28,jq-1:carboplatin (1:1 mol/mol),0.7458125,0.7705625,0.02475000000000005,0.20862069861842888
oaw28,jq-1:mk-0752 (1:1 mol/mol),0.759875,0.73225,0.02762500000000001,0.20303197467090364
oaw28,jq-1:navitoclax (2:1 mol/mol),0.7999999999999999,0.640875,0.15912499999999996,1.3221742258441989
oaw28,jq-1:unc0638 (2:1 mol/mol),1.0021538461538462,0.6505666666666666,0.35158717948717955,2.4557456426187816
oaw28,jq-1:vorinostat (2:1 mol/mol),0.65475,0.6057933333333333,0.04895666666666676,0.4540985249999148
oaw28,jw-480,1.2844545454545455,0.8631875,0.4212670454545455,2.77647552922843
oaw28,jw-74,1.0317692307692308,0.86975,0.16201923076923075,2.168035114528494
oaw28,kh-cb19,0.9368125,0.8675625,0.06925000000000003,0.6799933647048799
oaw28,khs101,0.8608571428571429,0.84,0.020857142857142907,0.2721277458899149
oaw28,ki8751,1.0963333333333334,0.9214375,0.17489583333333336,1.016778047435151
oaw28,ko-143,0.88,0.9286666666666666,0.048666666666666636,0.7348842499514793
oaw28,kpt185,0.6545625,0.8932,0.23863749999999995,1.7023135173509767
oaw28,ku 0060648,1.1141999999999999,0.7506875,0.3635124999999999,1.9032048667313868
oaw28,ku-0063794,0.8269285714285715,0.852,0.025071428571428522,0.15700276266359847
oaw28,ku-55933,0.7956875,0.9140625,0.11837500000000001,0.7046760009056087
oaw28,ku-60019,0.952,0.922625,0.02937499999999993,0.20131922746175115
oaw28,kw-2449,0.8533125,0.892,0.038687499999999986,0.38399312261719953
oaw28,kx2-391,0.640625,0.7211875,0.08056249999999998,0.4498622280930213
oaw28,l-685458,1.0382,0.90925,0.12895,0.5960004173691903
oaw28,lapatinib,0.9155833333333333,0.8330625,0.08252083333333327,0.5460973532395732
oaw28,lbh-589,0.33003125,0.1536625,0.17636875,1.2291491923078857
oaw28,le-135,0.895375,0.8911333333333334,0.004241666666666588,0.04456685500418161
oaw28,lenvatinib,0.89675,0.87275,0.02400000000000002,0.24067832982524634
oaw28,leptomycin b,0.2888,0.38366875,0.09486875,0.5225465859058104
oaw28,linifanib,0.9344615384615385,0.8303125,0.10414903846153845,1.0157804574900744
oaw28,linsitinib,0.87575,0.88425,0.008499999999999952,0.08886161698561346
oaw28,lomeguatrib,0.847125,0.8476875,0.0005625000000000213,0.0052088773201408485
oaw28,lovastatin,0.72625,0.8534375,0.1271875,1.095472018314427
oaw28,lrrk2-in-1,0.8391875,0.8416875,0.0025000000000000577,0.021311680129374087
oaw28,ly-2183240,0.76225,0.8695,0.10725000000000007,1.3598815611168755
oaw28,manumycin a,0.9252,0.932125,0.006924999999999959,0.07555982381347366
oaw28,marinopyrrole a,0.7415333333333333,0.8228000000000001,0.08126666666666682,1.118890368624271
oaw28,masitinib,0.79625,0.8204375,0.02418750000000003,0.3809530741824137
oaw28,mdivi-1,0.7966875,0.958,0.16131249999999997,1.1008149158009186
oaw28,merck60,0.8193125,0.8815714285714286,0.06225892857142856,0.46700043101186794
oaw28,methotrexate,0.9060625,0.8715625,0.034499999999999975,0.1676635423830161
oaw28,methylstat,0.7725,0.803375,0.030874999999999986,0.49935752538461897
oaw28,mgcd-265,0.788625,1.0703846153846153,0.28175961538461525,2.903305670869962
oaw28,mi-1,0.9268125,0.929875,0.003062499999999968,0.0323641962153109
oaw28,mitomycin,1.2375833333333335,0.8100625,0.42752083333333346,2.116540804210751
oaw28,mk-0752,0.8819375,0.86425,0.017687500000000078,0.1733015740292983
oaw28,mk-1775,0.63825,0.6385,0.00024999999999997247,0.002530318545143222
oaw28,mk-2206,0.739125,0.7326875,0.006437499999999985,0.07085126540165027
oaw28,ml006,0.9475333333333332,0.8034375,0.1440958333333332,1.4008094807432439
oaw28,ml029,0.8933125,0.8989375,0.005624999999999991,0.05107424533619482
oaw28,ml031,0.928,0.8755625,0.052437500000000026,0.27343400349723623
oaw28,ml050,0.9755333333333333,0.7956875,0.17984583333333326,1.4501513735726157
oaw28,ml083,0.9190625,0.88775,0.031312499999999965,0.6003799751735586
oaw28,ml162,0.417725,0.6177875,0.20006250000000003,1.276040909691318
oaw28,ml203,0.927875,0.901625,0.026249999999999996,0.35578148025170836
oaw28,ml210,0.4850066666666667,0.774125,0.28911833333333326,1.4930916616927474
oaw28,ml239,0.7074375,0.7951875,0.08775,0.6698995574248076
oaw28,ml258,1.047,0.8284375,0.21856249999999988,2.6467943896844197
oaw28,ml311,0.6962941176470588,0.8253125,0.12901838235294116,1.6571548995563905
oaw28,ml320,0.8244,0.9837333333333333,0.15933333333333333,1.88277126370103
oaw28,ml334 diastereomer,0.9375,0.947375,0.009874999999999967,0.17727200373402738
oaw28,mln2238,0.47474375,0.62291875,0.14817499999999995,1.2054835523653025
oaw28,momelotinib,0.9563571428571428,0.7986875,0.1576696428571428,1.9432868273714887
oaw28,mst-312,0.7595,0.814125,0.054625000000000035,0.506228659226531
oaw28,myricetin,1.031,1.149,0.1180000000000001,1.4542311998955204
oaw28,n9-isopropylolomoucine,0.8095,0.9166000000000001,0.10710000000000008,1.805437027720097
oaw28,navitoclax,0.5935125,0.8186666666666667,0.22515416666666666,1.0086813591827315
oaw28,navitoclax:birinapant (1:1 mol/mol),0.661875,0.60348125,0.05839375000000002,0.4416324910970672
oaw28,navitoclax:gemcitabine (1:1 mol/mol),0.7765384615384616,0.6255625,0.1509759615384616,0.809738027361032
oaw28,navitoclax:mst-312 (1:1 mol/mol),0.7055,0.7384000000000001,0.03290000000000004,0.3219216413495353
oaw28,navitoclax:piperlongumine (1:1 mol/mol),0.7579285714285715,0.6934375,0.06449107142857147,0.4628418118387916
oaw28,navitoclax:pluripotin (1:1 mol/mol),0.5791125,0.6186875,0.039574999999999916,0.3085756780567023
oaw28,navitoclax:plx-4032 (1:1 mol/mol),0.6938125,0.738875,0.045062499999999894,0.36833279809443265
oaw28,navitoclax:sorafenib (1:1 mol/mol),0.77125,0.7528125,0.018437499999999996,0.15213413933436334
oaw28,necrostatin-1,0.812625,0.9545625,0.14193749999999994,2.512304637283495
oaw28,necrostatin-7,0.8844375,0.9149375,0.03049999999999997,0.4012664953248027
oaw28,nelarabine,1.0951875,0.9375,0.15768749999999998,2.1898628248253442
oaw28,neratinib,0.6701875,0.8135625,0.14337499999999992,0.7923310916762946
oaw28,neuronal differentiation inducer iii,0.88725,0.75975,0.12749999999999995,1.1226456211168212
oaw28,niclosamide,0.8224,0.7860625,0.03633750000000002,0.2937401169139551
oaw28,nilotinib,0.9204375,1.05375,0.13331249999999994,1.3199044970573521
oaw28,nintedanib,0.833,0.887125,0.05412500000000009,0.41642692182991886
oaw28,npc-26,0.9862,0.9375,0.048699999999999966,0.5512704890875516
oaw28,nsc 74859,0.8615625,1.1071875,0.24562499999999998,3.972700412273836
oaw28,nsc19630,0.8789333333333332,0.9317142857142857,0.052780952380952484,0.3091674199355083
oaw28,nsc23766,0.86,0.8836428571428572,0.023642857142857188,0.2824779297412816
oaw28,nsc30930,0.863125,0.88725,0.024124999999999952,0.18576098954601655
oaw28,nsc48300,0.8865625,0.913,0.026437500000000003,0.13530758557588374
oaw28,nsc632839,0.9986428571428572,0.82475,0.17389285714285718,1.1692575512653893
oaw28,nsc95397,0.8858666666666667,0.9314375,0.04557083333333334,0.7643858784513413
oaw28,nutlin-3,0.7884375,0.8290625,0.04062500000000002,0.27627270663361103
oaw28,nvp-231,0.8477857142857143,1.1280909090909093,0.280305194805195,1.8699103950465077
oaw28,nvp-adw742,0.7319333333333333,0.78625,0.05431666666666668,0.5592970175319694
oaw28,nvp-bez235,0.61146875,0.5814625,0.030006250000000012,0.238079919877897
oaw28,nvp-bsk805,0.7163125,0.8020625,0.08574999999999999,1.5362575090061195
oaw28,obatoclax,0.5097,0.40831875,0.10138125000000003,1.131850957622529
oaw28,olaparib,0.8886875,0.8683125,0.02037499999999992,0.2078849397954887
oaw28,oligomycin a,0.60223125,0.7981875,0.19595625000000005,0.8606027060951865
oaw28,omacetaxine mepesuccinate,0.5516,0.3855875,0.16601249999999995,1.206178413595121
oaw28,osi-027,0.7021875,0.732,0.02981250000000002,0.32685663097827466
oaw28,osi-930,0.9462142857142857,0.8511875,0.09502678571428569,0.9933580620910504
oaw28,ouabain,0.5386272727272727,0.45219375,0.08643352272727273,0.4121318484259799
oaw28,oxaliplatin,0.9834375,0.897625,0.08581249999999996,0.3908348372912178
oaw28,pac-1,0.7485,0.71075,0.03775000000000006,0.46854915137129594
oaw28,paclitaxel,0.56355625,0.6681333333333334,0.10457708333333338,0.42498576864442195
oaw28,palmostatin b,1.1109285714285715,1.0904375,0.02049107142857154,0.15082095102790932
oaw28,pandacostat,0.9716,0.8631875,0.10841250000000002,1.8046744464568434
oaw28,parbendazole,0.657,0.8305,0.1735,1.018101781335856
oaw28,parthenolide,1.0,0.833,0.16700000000000004,1.1758407367605326
oaw28,pazopanib,0.7944375,0.852875,0.05843750000000003,0.47720265767756387
oaw28,pd 153035,0.8955,0.874375,0.02112499999999995,0.19468520782859325
oaw28,pd318088,0.7255,0.854125,0.128625,0.6348459938872536
oaw28,pdmp,0.9445,0.8368,0.10770000000000002,1.9925406998546136
oaw28,pevonedistat,0.8745,1.1178125,0.24331250000000004,1.200106358814542
oaw28,pf-543,0.8194375,0.84425,0.024812499999999904,0.26680159559377026
oaw28,pf-573228,0.8288,0.8645,0.035700000000000065,0.5748296624880632
oaw28,pf-750,0.8208125,0.8274375,0.006625000000000103,0.06357357240821923
oaw28,pha-793887,0.8024666666666668,0.8025625,9.5833333333184e-05,0.0009159001282411785
oaw28,phloretin,0.8619285714285715,0.90525,0.04332142857142851,0.8310537699495387
oaw28,pi-103,0.7355625,0.6597799999999999,0.07578250000000009,0.6084249604891983
oaw28,pifithrin-alpha,0.90625,0.89725,0.009000000000000008,0.0755714954794792
oaw28,pifithrin-mu,0.8435625,0.967875,0.12431250000000005,2.29394245782816
oaw28,pik-93,0.7010625,0.8226666666666667,0.12160416666666662,1.5016641829842667
oaw28,piperlongumine,0.7855625,0.8760625,0.09049999999999991,0.6914960570210056
oaw28,piperlongumine:mst-312 (1:1 mol/mol),0.842875,0.8654375,0.02256249999999993,0.17112965388481732
oaw28,pitstop2,0.9539375,1.0760625,0.12212499999999993,1.7923459739308372
oaw28,pl-di,0.6830625,0.695375,0.012312499999999948,0.15115557179728392
oaw28,platin,0.932625,1.084153846153846,0.151528846153846,1.337340193255222
oaw28,pluripotin,0.60615625,0.6991875,0.09303125000000001,0.6560347724090658
oaw28,plx-4032,0.9375,1.2,0.26249999999999996,2.981034117523537
oaw28,plx-4720,0.8810625,0.880375,0.000687499999999952,0.007886880758310628
oaw28,prima-1,0.7485625,0.914125,0.16556249999999995,1.1965694188840956
oaw28,prl-3 inhibitor i,1.1012142857142857,0.9,0.20121428571428568,2.11717482660661
oaw28,procarbazine,0.9038125,1.4331666666666667,0.5293541666666667,4.228706898855615
oaw28,purmorphamine,1.0278,0.9576428571428571,0.07015714285714292,0.6781287282451534
oaw28,px-12,0.809375,0.894375,0.08500000000000008,1.437239086094195
oaw28,pyr-41,0.9269375,0.8775,0.04943750000000002,0.22217851964953192
oaw28,pyrazolanthrone,0.84925,0.95075,0.10150000000000003,0.8130734478562827
oaw28,quizartinib,0.8865,0.90125,0.01475000000000004,0.09145358726354835
oaw28,r428,1.00325,0.7615625,0.24168749999999994,1.680533387331203
oaw28,raf265,0.697,0.8360666666666667,0.13906666666666678,0.9973073399984492
oaw28,regorafenib,0.9375,0.9190625,0.018437499999999996,0.10016297455532461
oaw28,repligen 136,1.0118571428571428,0.9164375,0.09541964285714277,1.2229562840609214
oaw28,rg-108,0.91025,0.9160625,0.005812499999999998,0.05891263169313827
oaw28,rigosertib,0.55005625,0.7905,0.24044374999999996,1.5336683833106788
oaw28,rita,0.93225,0.823,0.10925000000000007,0.7461594851191767
oaw28,ruxolitinib,0.9340625,0.9389375,0.004874999999999963,0.031331746303038
oaw28,salermide,0.9239375,0.930375,0.006437499999999985,0.04942210501728079
oaw28,salermide:plx-4032 (12:1 mol/mol),0.9059333333333334,0.90825,0.0023166666666666336,0.019325192580743642
oaw28,saracatinib,0.7030625,0.79375,0.09068749999999992,0.67987995705413
oaw28,sb-225002,0.775375,0.8459375,0.07056249999999997,0.9147888514640432
oaw28,sb-431542,1.092142857142857,0.9254375,0.16670535714285706,1.509859086642198
oaw28,sb-525334,0.8385333333333332,0.911,0.07246666666666679,0.8716665501018487
oaw28,sb-743921,0.4003333333333333,0.7485333333333333,0.34819999999999995,1.5490113189160815
oaw28,sch-529074,0.7793125,0.8088125,0.02950000000000008,0.24753641956269512
oaw28,sch-79797,0.62975,0.7379375,0.10818749999999999,1.1975310912242734
oaw28,selumetinib,0.8345714285714285,0.799625,0.03494642857142849,0.19791851606421212
oaw28,selumetinib:brd-a02303741 (4:1 mol/mol),0.6940625,0.7350625,0.040999999999999925,0.23075981572424725
oaw28,selumetinib:decitabine (4:1 mol/mol),0.8080666666666667,0.8836875,0.07562083333333325,0.5391619488135487
oaw28,selumetinib:gdc-0941 (4:1 mol/mol),0.6268125,0.7242,0.09738749999999996,0.6672575190907364
oaw28,selumetinib:jq-1 (4:1 mol/mol),0.7571923076923077,0.55833125,0.19886105769230777,1.341604072481559
oaw28,selumetinib:mk-2206 (8:1 mol/mol),0.72,0.8586153846153847,0.1386153846153847,0.9935101571299734
oaw28,selumetinib:navitoclax (8:1 mol/mol),0.7616923076923077,0.8309333333333334,0.06924102564102574,0.39537894367539744
oaw28,selumetinib:piperlongumine (8:1 mol/mol),0.8386666666666667,0.7663125,0.07235416666666672,0.34369042337991895
oaw28,selumetinib:plx-4032 (8:1 mol/mol),0.8400666666666667,0.8353125,0.004754166666666726,0.031934498650984605
oaw28,selumetinib:tretinoin (2:1 mol/mol),0.8979999999999999,0.7166666666666667,0.18133333333333324,1.0399552343227358
oaw28,selumetinib:unc0638 (4:1 mol/mol),0.7869285714285714,0.74275,0.0441785714285714,0.28093642510592925
oaw28,selumetinib:vorinostat (8:1 mol/mol),0.7676923076923077,0.8941538461538462,0.12646153846153851,0.9133283606840827
oaw28,semagacestat,0.986,0.810875,0.17512499999999998,1.4840930448662584
oaw28,serdemetan,0.8665,0.843375,0.023125000000000062,0.2230857578299052
oaw28,serdemetan:sch-529074 (1:1 mol/mol),0.802375,0.817,0.014624999999999999,0.13515768648273302
oaw28,sgx-523,0.9256875,0.9435,0.01781250000000001,0.14220761178978028
oaw28,sid 26681509,0.7765625,0.8878125,0.11124999999999996,0.8874668366410499
oaw28,sildenafil,0.9161333333333334,0.9950625,0.0789291666666666,1.1752724129702696
oaw28,silmitasertib,0.88725,0.876,0.011249999999999982,0.11437503702838837
oaw28,simvastatin,0.8696,0.9378125,0.06821250000000001,0.7417910908640679
oaw28,sirolimus,0.5890125,0.764875,0.17586249999999992,1.2089263788576492
oaw28,sirolimus:bortezomib (250:1 mol/mol),0.53054375,0.726625,0.19608124999999998,1.4057314409490775
oaw28,sj-172550,0.8819375,0.922875,0.04093749999999996,0.3095113626405057
oaw28,ski-ii,1.09375,0.9255625,0.16818750000000005,1.259498985890287
oaw28,sn-38,0.755875,0.8130625,0.05718750000000006,0.44282833910275454
oaw28,sns-032,0.6366875,0.56195625,0.07473124999999992,0.5727667077050531
oaw28,snx-2112,0.70225,0.91575,0.2134999999999999,1.4440221450913666
oaw28,snx-2112:bortezomib (250:1 mol/mol),0.6798125,0.7250625,0.04525000000000001,0.3927571280492278
oaw28,sorafenib,0.9255625,0.869125,0.05643749999999992,0.5285695434234752
oaw28,sotrastaurin,0.8573125,0.8510625,0.006249999999999978,0.06609451899917294
oaw28,spautin-1,0.956,0.89575,0.060249999999999915,0.7458074905644767
oaw28,sr-ii-138a,0.46991875,0.4752625,0.0053437499999999805,0.04091767357370411
oaw28,sr1001,0.9033125,0.9308125,0.02750000000000008,0.5462540028846331
oaw28,stemregenin 1,1.0339166666666666,0.8969375,0.13697916666666654,2.9610731863182918
oaw28,stf-31,0.6441666666666667,0.7688125,0.12464583333333334,0.9534714638704893
oaw28,su11274,1.2936363636363637,0.891625,0.4020113636363637,2.651562145653041
oaw28,sunitinib,0.7305,0.736875,0.0063749999999999085,0.07850755159659244
oaw28,tacedinaline,0.842,0.8194375,0.02256249999999993,0.2203587851292465
oaw28,tacrolimus,1.7885,0.9279375,0.8605625,3.669292317278857
oaw28,tamatinib,0.7268125,0.9996875,0.272875,2.4820076736103114
oaw28,tamoxifen,0.9115625,0.8960625,0.01550000000000007,0.11576000358476635
oaw28,tandutinib,0.9551875,0.8999285714285714,0.055258928571428556,0.5067726833083508
oaw28,tanespimycin,0.8425,0.882125,0.03962500000000002,0.2434047942572372
oaw28,tanespimycin:bortezomib (250:1 mol/mol),0.9452,0.853125,0.09207500000000002,0.7866863567914463
oaw28,tanespimycin:gemcitabine (1:1 mol/mol),0.8744375,0.8459375,0.02849999999999997,0.2022753581620732
oaw28,temozolomide,0.98325,1.0777142857142856,0.09446428571428567,1.5168591800975524
oaw28,tg-100-115,0.82125,0.89625,0.07499999999999996,1.542130052941741
oaw28,tg-101348,0.8225,0.774875,0.04762500000000003,0.6783505355223942
oaw28,tgx-221,0.7738125,0.894875,0.12106249999999996,1.5282234246877189
oaw28,tipifarnib-p1,1.02125,1.0525,0.03125,0.3247465376928782
oaw28,tivozanib,0.85625,0.8191875,0.0370625,0.3678053535536956
oaw28,topotecan,0.9416923076923077,0.6494375,0.2922548076923077,1.6352978703880472
oaw28,tosedostat,0.7963125,1.3786,0.5822875000000001,3.189891965984455
oaw28,tpca-1,0.7284,0.8885625,0.16016249999999999,1.7386387162712535
oaw28,tretinoin,0.9188,0.9460666666666667,0.027266666666666772,0.34827898551501574
oaw28,tretinoin:carboplatin (2:1 mol/mol),0.9754615384615384,0.880125,0.09533653846153833,0.9046564830856652
oaw28,tretinoin:navitoclax (4:1 mol/mol),0.7792,0.6354375,0.14376250000000002,0.9822728423068717
oaw28,triazolothiadiazine,0.6414375,0.7676875,0.12624999999999997,0.9113930967296802
oaw28,trifluoperazine,0.851375,0.9244375,0.07306250000000003,0.8206641364809822
oaw28,triptolide,0.7295625,0.773875,0.04431249999999998,0.3869557569208094
oaw28,tw-37,0.8584375,0.7694375,0.08899999999999997,0.6159284389089419
oaw28,unc0321,0.931875,0.97025,0.03837499999999994,0.25894462051616923
oaw28,unc0638,0.9476,0.749625,0.197975,1.679729633429013
oaw28,unc0638:navitoclax (1:1 mol/mol),1.1874285714285713,0.6960666666666667,0.49136190476190456,3.291452134940801
oaw28,vaf-347,1.0650666666666668,0.916375,0.14869166666666678,0.7901808262051238
oaw28,valdecoxib,0.7546875,0.89775,0.1430625000000001,2.6144711711408704
oaw28,vandetanib,0.7651333333333333,0.9430833333333334,0.17795000000000005,1.36106095517992
oaw28,veliparib,0.8848125,0.8695625,0.015249999999999986,0.11293556874778865
oaw28,ver-155008,0.8606875,0.9819375,0.12124999999999997,1.2597015854244025
oaw28,vincristine,0.55615,0.754625,0.19847499999999996,1.0418660168043405
oaw28,vorapaxar,0.9315,0.8818125,0.049687499999999996,0.7864244851880341
oaw28,vorinostat,0.703,0.7099375,0.006937500000000041,0.08003041409095146
oaw28,vorinostat:carboplatin (1:1 mol/mol),0.9259285714285713,0.7203125,0.2056160714285713,1.5329882932066188
oaw28,vu0155056,0.90475,1.0264666666666666,0.12171666666666658,1.258789225800112
oaw28,way-362450,0.9734666666666667,0.9375,0.0359666666666667,0.33946240395059357
oaw28,wp1130,0.8544,0.709625,0.1447750000000001,1.6440394725994993
oaw28,wz4002,0.8520714285714286,0.8453999999999999,0.006671428571428661,0.06774835392791542
oaw28,wz8040,0.8170000000000001,0.8317333333333334,0.014733333333333376,0.07402741686393166
oaw28,xl765,0.9734666666666667,0.9243125,0.04915416666666672,0.7496323277606834
oaw28,yk 4-279,0.7889375,0.8470625,0.05812500000000009,0.785545679144216
oaw28,yl54,0.9734375,0.8935,0.0799375,1.171021675534287
oaw28,ym-155,0.7032666666666666,0.6885625,0.01470416666666663,0.0744123758829198
oaw28,zebularine,1.02125,0.897375,0.12387499999999996,0.9970816595785775
oaw28,zstk474,0.7364666666666667,0.738125,0.0016583333333333172,0.014582457117907332
